#2026-07-25 17:15:08 LSVZM60T8N2105404
#Time	01/进气温度/---	01/废气温度1，气缸列1/---	01/微粒过滤器之前的废气温度/---	01/颗粒过滤器中的废气温度，计算所得/---	01/气缸列1颗粒过滤器入口，温度传感器1，原始值/---	01/气缸列1颗粒过滤器出口，温度传感器1，原始值/---	01/颗粒过滤器，颗粒过滤器上游的相对压力/---	01/颗粒过滤器，油灰质量（克）/---	01/颗粒过滤器，负荷级/---	01/发动机转速/---	01/车速/---	01/微粒过滤器，压差/---	01/颗粒过滤器，测得的机油灰分负荷/---	01/颗粒过滤器，测得的积碳负荷/---	01/颗粒过滤器，计算出的积碳负荷/---	01/颗粒过滤器，水分负荷/---	01/相对负荷值/---	01/微粒过滤器，计算的碳微粒质量/---	01/颗粒过滤器，积灰量比例/---	01/颗粒过滤器，炭灰量比例/---	01/催化转化器温度，模型/---	01/催化转换器后的气缸列 1 氧传感器，计算所得废气温度/---	01/增压压力，实际值/---	
#Time	01----	01----	01----	01----	01----	01----	01----	01----	01----	01----	01----	01----	01----	01----	01----	01----	01----	01----	01----	01----	01----	01----	01----	
#ms	℃	℃	℃	℃	℃	℃	hPa	g	-	rpm	km/h	hPa	%	%	%	%	%	mg	-	-	℃	℃	hPa	
135	51	186.2	85.5	68.8	85.5	51.8	1.44	4.58	0	872	0	0.31	5.5	19.6	0.0	4.7	20.53	0	1.2758	1.9922	115	119.33	954.14	
678	51	186.6	85.5	68.5	85.5	51.5	1.44	4.58	0	877	0	0.00	5.5	19.6	0.0	4.7	21.00	0	1.2758	1.9922	115	119.85	954.30	
1245	51	186.9	85.8	68.6	85.8	52.2	1.56	4.58	0	880	0	0.31	5.5	19.6	0.0	4.7	20.72	0	1.2758	1.9922	120	120.34	954.22	
1774	51	187.5	86.2	69.1	86.2	52.2	1.44	4.58	0	876	0	0.31	5.5	19.6	0.0	4.7	20.41	0	1.2758	1.9922	120	120.83	954.38	
2404	51	187.9	86.5	69.2	86.2	52.8	1.44	4.58	0	878	0	0.31	5.5	19.6	0.0	4.7	20.98	0	1.2758	1.9922	120	121.35	954.69	
2960	51	188.3	86.5	69.5	86.5	52.5	1.44	4.58	0	878	0	0.31	5.5	19.6	0.0	4.7	20.93	0	1.2758	1.9922	120	121.75	954.53	
3493	51	188.7	86.5	69.5	86.8	52.5	1.44	4.58	0	882	0	0.31	5.5	19.6	0.0	4.7	20.70	0	1.2758	1.9922	120	122.33	954.22	
4033	51	189.1	86.8	69.5	86.8	52.5	1.56	4.58	0	942	0	0.31	5.5	19.6	0.0	4.7	24.63	0	1.2758	1.9922	120	122.73	954.69	
4599	51	189.5	86.8	69.5	87.2	52.5	1.56	4.58	0	887	0	0.31	5.5	19.6	0.0	4.7	39.63	0	1.2758	1.9922	120	123.34	954.45	
5139	51	190.0	86.8	70.2	86.8	52.8	1.75	4.58	0	970	1	0.31	5.5	19.6	0.0	4.7	39.87	0	1.2758	1.9922	120	123.83	960.62	
5642	51	190.5	87.2	69.8	87.2	53.2	1.56	4.58	0	1,009	2	0.81	5.5	19.6	0.0	4.7	38.91	0	1.2758	1.9922	120	124.44	966.64	
6258	51	191.1	87.5	70.1	87.5	53.2	1.56	4.58	0	965	3	0.31	5.5	19.6	0.0	4.7	39.91	0	1.2758	1.9922	125	125.15	971.56	
6850	51	191.7	87.5	70.3	87.5	53.2	1.94	4.58	0	898	3	0.56	5.5	19.6	0.0	4.7	36.02	0	1.2758	1.9922	125	125.85	971.64	
7442	51	192.3	87.8	70.5	87.5	53.2	1.75	4.58	0	931	3	0.31	5.5	19.6	0.0	4.7	33.49	0	1.2758	1.9922	125	126.65	966.80	
8015	51	192.9	88.8	70.8	88.5	52.8	1.44	4.58	0	1,000	3	0.56	5.5	19.6	0.0	4.7	32.58	0	1.2758	1.9922	125	127.35	964.14	
8589	51	193.5	88.5	71.0	88.5	53.5	1.44	4.58	0	999	4	0.31	5.5	19.6	0.0	4.7	33.21	0	1.2758	1.9922	125	128.15	965.23	
9201	51	194.2	88.8	71.1	89.2	53.5	1.56	4.58	0	973	4	0.56	5.5	19.6	0.0	5.1	33.84	0	1.2758	1.9922	125	128.94	966.09	
9848	51	194.9	89.2	71.5	89.5	53.5	1.56	4.58	0	944	4	0.31	5.5	19.6	0.0	5.1	33.35	0	1.2758	1.9922	125	129.74	966.72	
10452	51	195.6	89.5	71.5	89.5	53.5	1.56	4.58	0	975	4	0.56	5.5	19.6	0.0	5.1	30.96	0	1.2758	1.9922	130	130.54	965.55	
11003	51	196.4	90.2	71.8	89.8	53.5	1.44	4.58	0	985	4	0.56	5.5	19.6	0.0	5.1	29.44	0	1.2758	1.9922	130	131.43	963.52	
11556	51	197.1	90.5	72.1	90.5	53.8	1.25	4.58	0	1,087	5	0.81	5.5	19.6	0.0	5.1	23.32	0	1.2758	1.9922	130	132.04	960.86	
12103	51	197.7	90.5	72.5	90.5	53.8	1.25	4.58	0	1,028	5	0.56	5.5	19.6	0.0	5.1	25.34	0	1.2758	1.9922	130	132.83	958.75	
12684	51	198.5	90.8	72.3	90.8	53.8	1.25	4.58	0	1,135	5	0.81	5.5	19.6	0.0	5.1	23.39	0	1.2758	1.9922	130	133.63	958.28	
13261	51	199.2	91.5	72.6	91.5	53.8	1.25	4.58	0	1,126	6	0.81	5.5	19.6	0.0	5.1	24.14	0	1.2758	1.9922	130	134.33	957.27	
13860	51	200.0	91.5	72.8	91.5	54.2	1.25	4.58	0	1,140	6	0.81	5.5	19.6	0.0	5.1	25.78	0	1.2758	1.9922	135	135.25	956.95	
14506	51	200.8	92.5	73.2	92.5	54.2	1.25	4.58	0	1,213	7	1.12	5.5	19.6	0.0	5.1	25.29	0	1.2758	1.9922	135	136.05	957.89	
15041	51	201.6	92.5	73.3	92.8	54.2	1.25	4.58	0	1,116	7	1.12	5.5	19.6	0.0	5.1	22.78	0	1.2758	1.9922	135	136.63	959.38	
15680	50	202.3	92.5	73.3	92.8	54.5	1.44	4.58	0	946	7	0.31	5.5	19.6	0.0	5.1	21.16	0	1.2758	1.9922	135	137.55	956.80	
16277	50	203.2	93.5	74.0	93.8	54.5	1.25	4.58	0	950	7	0.31	5.5	19.6	0.0	5.1	21.70	0	1.2758	1.9922	135	138.25	955.94	
16857	50	203.9	93.8	74.3	93.8	54.8	1.44	4.58	0	908	6	0.31	5.5	19.6	0.0	5.1	23.48	0	1.2758	1.9922	135	138.93	954.84	
17427	50	204.6	94.5	74.5	94.2	54.8	1.56	4.58	0	978	6	0.56	5.5	19.6	0.0	5.1	25.41	0	1.2758	1.9922	135	139.63	956.25	
17972	50	205.3	94.5	74.8	94.8	54.5	1.25	4.58	0	952	6	0.31	5.5	19.6	0.0	5.1	22.90	0	1.2758	1.9922	140	140.33	955.78	
18602	50	206.0	95.2	75.3	95.5	54.8	1.44	4.58	0	929	6	0.31	5.5	19.6	0.0	5.1	23.91	0	1.2758	1.9922	140	140.85	955.23	
19170	50	206.6	95.5	75.1	95.2	55.2	1.44	4.58	0	941	6	0.56	5.5	19.6	0.0	5.1	24.45	0	1.2758	1.9922	140	141.74	955.16	
19739	50	207.4	96.2	75.8	95.8	55.2	1.44	4.58	0	967	6	0.56	5.5	19.6	0.0	5.5	24.05	0	1.2758	1.9922	140	142.23	955.78	
20356	51	208.2	96.8	75.7	96.8	55.5	1.44	4.58	0	977	6	0.31	5.5	19.6	0.0	5.5	23.51	0	1.2758	1.9922	140	142.94	955.86	
20890	51	208.9	96.8	75.8	97.2	55.8	1.44	4.58	0	958	6	0.56	5.5	19.6	0.0	5.5	23.37	0	1.2758	1.9922	140	143.64	955.62	
21424	51	209.6	97.2	76.3	97.5	55.2	1.44	4.58	0	943	6	0.56	5.5	19.6	0.0	5.5	23.65	0	1.2758	1.9922	140	144.25	955.55	
22000	51	210.3	97.5	76.5	97.5	55.8	1.44	4.58	0	948	6	0.31	5.5	19.6	0.0	5.5	23.37	0	1.2758	1.9922	140	144.83	955.55	
22547	51	210.9	98.2	76.6	98.2	55.5	1.44	4.58	0	949	6	0.56	5.5	19.6	0.0	5.5	23.60	0	1.2758	1.9922	145	145.44	955.39	
23060	51	211.6	98.2	77.1	98.2	55.5	1.44	4.58	0	951	6	0.56	5.5	19.6	0.0	5.5	23.30	0	1.2758	1.9922	145	146.03	955.78	
23619	51	212.2	98.8	77.5	98.8	55.5	1.44	4.58	0	953	6	0.56	5.5	19.6	0.0	5.5	23.44	0	1.2758	1.9922	145	146.64	955.39	
24190	51	212.9	99.2	77.5	99.5	55.8	1.44	4.58	0	956	6	0.31	5.5	19.6	0.0	5.5	23.39	0	1.2758	1.9922	145	147.25	955.55	
24797	51	213.6	99.5	77.8	99.8	55.8	1.44	4.58	0	959	6	0.56	5.5	19.6	0.0	5.5	23.11	0	1.2758	1.9922	145	147.93	955.47	
25403	51	214.3	100.2	78.0	100.5	55.8	1.44	4.58	0	957	7	0.31	5.5	19.6	0.0	5.5	22.99	0	1.2758	1.9922	145	148.54	955.55	
25987	51	215.0	100.5	78.3	100.2	56.5	1.44	4.58	0	964	7	0.31	5.5	19.6	0.0	5.5	22.64	0	1.2758	1.9922	145	149.15	955.55	
26532	51	215.7	101.2	78.6	101.2	56.2	1.25	4.58	0	965	7	0.56	5.5	19.6	0.0	5.5	22.50	0	1.2758	1.9922	145	149.73	955.55	
27091	51	216.3	101.5	79.0	101.5	56.2	1.44	4.58	0	961	7	0.31	5.5	19.6	0.0	5.5	21.91	0	1.2758	1.9922	150	150.34	955.62	
27792	51	217.0	101.5	79.0	101.8	56.2	1.25	4.58	0	957	7	0.31	5.5	19.6	0.0	5.5	22.08	0	1.2758	1.9922	150	151.05	955.39	
28362	51	217.7	102.2	79.3	102.2	56.2	1.44	4.58	0	967	7	0.31	5.5	19.6	0.0	5.5	21.70	0	1.2758	1.9922	150	151.63	955.23	
28898	51	218.4	102.5	79.5	102.8	56.5	1.44	4.58	0	975	7	0.31	5.5	19.6	0.0	5.5	21.38	0	1.2758	1.9922	150	152.15	955.39	
29543	51	219.1	102.8	80.0	102.8	56.5	1.25	4.58	0	969	7	0.56	5.5	19.6	0.0	5.5	21.26	0	1.2758	1.9922	150	152.73	955.23	
30146	51	219.7	103.8	80.1	103.5	56.8	1.25	4.58	0	975	7	0.31	5.5	19.6	0.0	5.5	20.81	0	1.2758	1.9922	150	153.34	955.39	
30733	51	220.4	103.8	80.1	103.8	56.8	1.25	4.58	0	964	7	0.31	5.5	19.6	0.0	5.5	20.95	0	1.2758	1.9922	150	153.93	955.31	
31292	51	221.0	104.5	80.5	104.5	57.5	1.25	4.58	0	965	7	0.31	5.5	19.6	0.0	5.5	20.74	0	1.2758	1.9922	150	154.54	955.23	
31826	51	221.6	104.8	80.8	104.5	56.8	1.25	4.58	0	970	7	0.31	5.5	19.6	0.0	5.5	20.72	0	1.2758	1.9922	155	155.03	955.16	
32381	51	222.2	105.2	81.3	105.2	57.5	1.44	4.58	0	969	7	0.56	5.5	19.6	0.0	5.5	20.34	0	1.2758	1.9922	155	155.64	955.16	
32902	51	222.8	105.5	81.1	105.8	57.2	1.25	4.58	0	970	7	0.56	5.5	19.6	0.0	5.5	20.25	0	1.2758	1.9922	155	156.13	955.16	
33504	51	223.4	106.2	81.3	106.2	56.8	1.25	4.58	0	964	7	0.31	5.5	19.6	0.0	5.5	20.41	0	1.2758	1.9922	155	156.74	955.00	
34159	51	224.0	106.2	82.0	106.5	57.5	1.25	4.58	0	969	7	0.31	5.5	19.6	0.0	5.5	20.18	0	1.2758	1.9922	155	157.35	954.92	
34701	51	224.6	106.8	82.2	107.2	57.8	1.25	4.58	0	955	7	0.56	5.5	19.6	0.0	5.5	20.34	0	1.2758	1.9922	155	157.84	954.77	
35238	51	225.1	107.2	82.3	107.5	57.5	1.25	4.58	0	952	7	0.31	5.5	19.6	0.0	5.5	20.20	0	1.2758	1.9922	155	158.24	954.92	
35807	51	225.7	107.5	82.6	107.8	57.2	1.44	4.58	0	956	7	0.31	5.5	19.6	0.0	5.5	20.02	0	1.2758	1.9922	155	158.85	954.92	
36358	51	226.2	108.2	82.8	108.2	57.8	1.44	4.58	0	949	7	0.31	5.5	19.6	0.0	5.5	20.23	0	1.2758	1.9922	155	159.34	954.92	
37028	51	226.8	108.5	82.8	108.8	57.8	1.44	4.58	0	954	7	0.56	5.5	19.6	0.0	5.5	19.88	0	1.2758	1.9922	160	159.93	954.92	
37566	51	227.3	108.8	83.3	108.5	57.8	1.44	4.58	0	949	7	0.31	5.5	19.6	0.0	5.5	19.80	0	1.2758	1.9922	160	160.44	954.84	
38161	51	228.0	109.5	83.3	109.2	57.5	1.44	4.58	0	952	7	0.31	5.5	19.6	0.0	5.5	19.95	0	1.2758	1.9922	160	161.03	954.92	
38751	51	228.6	109.5	83.8	109.8	57.8	1.44	4.58	0	941	7	0.31	5.5	19.6	0.0	5.5	20.18	0	1.2758	1.9922	160	161.43	955.23	
39288	51	229.1	110.2	84.0	110.2	58.2	1.44	4.58	0	928	7	0.31	5.5	19.6	0.0	5.5	21.09	0	1.2758	1.9922	160	161.94	954.69	
39851	51	229.6	110.5	84.3	110.5	57.8	1.44	4.58	0	927	7	0.31	5.5	19.6	0.0	5.5	21.49	0	1.2758	1.9922	160	162.44	954.92	
40378	51	230.1	110.8	84.5	110.8	58.8	1.44	4.58	0	945	6	0.31	5.5	19.6	0.0	5.5	22.15	0	1.2758	1.9922	160	162.93	955.39	
40927	51	230.6	110.8	84.5	111.2	58.2	1.44	4.58	0	964	7	0.31	5.5	19.6	0.0	5.5	21.70	0	1.2758	1.9922	160	163.44	955.55	
41526	51	231.2	111.8	85.1	111.2	58.2	1.44	4.58	0	977	6	0.31	5.5	19.6	0.0	5.5	21.05	0	1.2758	1.9922	160	163.94	955.55	
42133	51	231.8	112.2	85.3	112.2	58.5	1.44	4.58	0	950	6	0.31	5.5	19.6	0.0	5.5	21.80	0	1.2758	1.9922	160	164.55	955.62	
42647	51	232.3	112.2	85.5	112.5	58.5	1.44	4.58	0	939	5	0.31	5.5	19.6	0.0	5.5	22.29	0	1.2758	1.9922	165	164.94	955.86	
43187	51	232.8	113.2	85.8	112.8	58.5	1.44	4.58	0	945	4	0.56	5.5	19.6	0.0	5.5	22.95	0	1.2758	1.9922	165	165.44	955.62	
43718	51	233.3	113.2	86.0	113.2	58.5	1.44	4.58	0	968	4	0.56	5.5	19.6	0.0	5.5	25.59	0	1.2758	1.9922	165	165.93	956.48	
44277	51	233.8	113.5	86.1	113.8	58.8	1.44	4.58	0	1,011	4	0.81	5.5	19.6	0.0	5.5	26.72	0	1.2758	1.9922	165	166.54	956.48	
44818	51	234.4	114.2	86.1	114.5	58.5	1.44	4.58	0	970	5	0.31	5.5	19.6	0.0	5.1	28.27	0	1.2758	1.9922	165	167.03	958.05	
45468	51	235.0	114.2	86.5	114.5	59.2	1.56	4.58	0	934	5	0.31	5.5	19.6	0.0	5.1	27.68	0	1.2758	1.9922	165	167.64	959.61	
45971	51	235.5	114.8	87.0	114.8	58.5	1.56	4.58	0	955	5	0.00	5.5	19.6	0.0	5.1	26.34	0	1.2758	1.9922	165	168.25	959.69	
46558	51	236.1	115.2	87.2	115.5	58.8	1.44	4.58	0	974	5	0.56	5.5	19.6	0.0	5.1	24.94	0	1.2758	1.9922	165	168.74	959.92	
47139	51	236.8	115.8	87.5	115.8	59.5	1.44	4.58	0	976	5	0.56	5.5	19.6	0.0	5.1	23.39	0	1.2758	1.9922	165	169.44	959.30	
47685	51	237.4	116.5	87.8	116.2	59.2	1.44	4.58	0	945	5	0.31	5.5	19.6	0.0	5.1	22.31	0	1.2758	1.9922	170	170.03	958.12	
48259	51	238.0	116.8	88.0	117.2	59.2	1.44	4.58	0	932	5	0.00	5.5	19.6	0.0	5.1	21.66	0	1.2758	1.9922	170	170.55	957.27	
48863	51	238.6	117.5	88.3	117.5	59.2	1.44	4.58	0	930	5	0.31	5.5	19.6	0.0	5.1	22.85	0	1.2758	1.9922	170	171.25	956.64	
49521	51	239.2	117.8	88.6	117.8	59.8	1.44	4.58	0	966	5	0.56	5.5	19.6	0.0	5.1	22.36	0	1.2758	1.9922	170	171.83	956.48	
50066	51	239.8	118.8	88.8	118.5	59.8	1.44	4.58	0	974	5	0.56	5.5	19.6	0.0	5.1	22.01	0	1.2758	1.9922	170	172.44	956.33	
50621	51	240.4	118.8	89.1	118.8	59.5	1.44	4.58	0	970	5	0.56	5.5	19.6	0.0	5.1	22.01	0	1.2758	1.9922	170	172.94	956.25	
51147	51	240.9	119.5	89.3	119.8	59.8	1.44	4.58	0	963	5	0.31	5.5	19.6	0.0	5.1	22.03	0	1.2758	1.9922	170	173.43	956.33	
51673	51	241.4	119.8	89.8	119.5	59.8	1.44	4.58	0	959	5	0.56	5.5	19.6	0.0	5.1	22.24	0	1.2758	1.9922	170	174.04	956.33	
52226	51	242.0	120.5	90.1	120.5	59.5	1.44	4.58	0	938	5	0.31	5.5	19.6	0.0	4.7	22.17	0	1.2758	1.9922	170	174.53	956.17	
52790	51	242.5	121.2	90.1	121.2	59.8	1.44	4.58	0	928	5	0.31	5.5	19.6	0.0	4.7	22.71	0	1.2758	1.9922	175	175.05	955.62	
53400	51	243.1	121.2	90.8	121.2	59.8	1.44	4.58	0	955	6	0.31	5.5	19.6	0.0	4.7	21.98	0	1.2758	1.9922	175	175.63	956.17	
53946	51	243.6	122.2	91.1	122.2	60.2	1.44	4.58	0	958	6	0.31	5.5	19.6	0.0	4.7	21.98	0	1.2758	1.9922	175	176.15	956.33	
54623	51	244.2	122.5	91.5	122.8	59.8	1.44	4.58	0	960	6	0.31	5.5	19.6	0.0	4.7	21.87	0	1.2758	1.9922	175	176.85	956.33	
55145	51	244.6	123.2	91.6	123.5	60.5	1.44	4.58	0	971	6	0.56	5.5	19.6	0.0	4.7	21.63	0	1.2758	1.9922	175	177.34	956.33	
55661	51	245.2	123.5	92.0	123.8	60.2	1.44	4.58	0	970	6	0.56	5.5	19.6	0.0	4.7	21.28	0	1.2758	1.9922	175	177.74	956.33	
56184	51	245.7	124.2	92.3	124.2	60.8	1.44	4.58	0	959	6	0.31	5.5	19.6	0.0	4.7	21.02	0	1.2758	1.9922	175	178.35	956.33	
56706	51	246.2	124.5	92.8	124.5	60.8	1.44	4.58	0	949	7	0.31	5.5	19.6	0.0	4.7	21.14	0	1.2758	1.9922	175	178.84	956.09	
57302	51	246.7	124.8	92.6	124.8	60.5	1.44	4.58	0	951	7	0.31	5.5	19.6	0.0	4.3	21.23	0	1.2758	1.9922	175	179.43	956.25	
57844	51	247.2	125.5	93.0	125.8	60.8	1.44	4.58	0	950	7	0.31	5.5	19.6	0.0	4.3	21.00	0	1.2758	1.9922	175	179.85	956.09	
58398	51	247.7	125.8	93.1	126.2	61.2	1.44	4.58	0	952	7	0.31	5.5	19.6	0.0	4.3	21.02	0	1.2758	1.9922	180	180.44	955.62	
58974	51	248.2	126.8	93.8	126.5	61.2	1.44	4.58	0	953	7	0.31	5.5	19.6	0.0	4.3	20.86	0	1.2758	1.9922	180	180.93	956.02	
59494	51	248.7	126.8	94.0	126.8	60.8	1.44	4.58	0	960	7	0.56	5.5	19.6	0.0	4.3	20.48	0	1.2758	1.9922	180	181.44	955.94	
60056	51	249.2	127.5	94.2	127.8	60.8	1.44	4.58	0	956	7	0.31	5.5	19.6	0.0	4.3	20.62	0	1.2758	1.9922	180	181.94	955.94	
60573	51	249.6	127.8	94.3	128.2	61.2	1.44	4.58	0	953	7	0.31	5.5	19.6	0.0	4.3	20.72	0	1.2758	1.9922	180	182.43	955.94	
61146	51	250.1	128.8	94.8	128.8	61.2	1.44	4.58	0	950	7	0.31	5.5	19.6	0.0	3.9	20.77	0	1.2758	1.9922	180	182.85	955.55	
61739	51	250.6	128.8	95.0	128.8	61.5	1.44	4.58	0	953	7	0.31	5.5	19.6	0.0	3.9	20.70	1	1.2758	1.9922	180	183.44	955.78	
62193	51	251.0	129.5	95.3	129.5	61.5	1.44	4.58	0	950	7	0.31	5.5	19.6	0.0	3.9	20.95	1	1.2758	1.9922	180	183.83	955.78	
62733	51	251.5	129.8	95.5	129.8	61.5	1.44	4.58	0	925	6	0.31	5.5	19.6	0.0	3.9	21.56	1	1.2758	1.9922	180	184.35	955.62	
63413	51	251.9	130.5	95.8	130.5	61.5	1.56	4.58	0	913	4	0.31	5.5	19.6	0.0	3.9	22.76	1	1.2758	1.9922	185	184.94	956.25	
63984	51	252.4	131.2	96.1	131.2	61.5	1.56	4.58	0	898	2	0.31	5.5	19.6	0.0	3.9	23.48	1	1.2758	1.9922	185	185.55	955.78	
64494	51	252.9	131.5	96.6	131.2	61.8	1.56	4.58	0	901	1	0.31	5.5	19.6	0.0	3.5	23.20	1	1.2758	1.9922	185	185.94	956.09	
65058	51	253.4	131.5	96.5	131.8	62.2	1.56	4.58	0	913	0	0.31	5.5	19.6	0.0	3.5	22.76	1	1.2758	1.9922	185	186.44	956.09	
65597	51	253.9	132.2	97.5	132.5	61.8	1.44	4.58	0	906	0	0.31	5.5	19.6	0.0	3.5	22.71	1	1.2758	1.9922	185	186.93	955.78	
66157	51	254.3	132.8	97.1	132.5	62.2	1.44	4.58	0	909	0	0.31	5.5	19.6	0.0	3.5	22.29	1	1.2758	1.9922	185	187.44	955.78	
66676	51	254.8	133.2	97.6	133.5	61.8	1.44	4.58	0	909	0	0.31	5.5	19.6	0.0	3.1	22.03	1	1.2758	1.9922	185	187.94	955.94	
67248	51	255.2	133.8	97.8	133.8	62.2	1.44	4.58	0	898	0	0.31	5.5	19.6	0.0	3.1	22.22	1	1.2758	1.9922	185	188.33	955.78	
67827	51	255.7	134.2	98.0	134.5	62.5	1.56	4.58	0	901	0	0.31	5.5	19.6	0.0	3.1	22.01	1	1.2758	1.9922	185	188.85	955.62	
68357	51	256.1	134.5	98.5	134.5	61.8	1.56	4.58	0	893	0	0.31	5.5	19.6	0.0	2.7	21.75	1	1.2758	1.9922	185	189.44	955.78	
68924	51	256.6	135.2	98.7	135.2	62.8	1.56	4.58	0	889	0	0.31	5.5	19.6	0.0	2.7	21.91	1	1.2758	1.9922	185	189.83	955.55	
69478	51	257.0	135.8	99.1	135.8	62.2	1.56	4.58	0	892	0	0.31	5.5	19.6	0.0	2.7	21.80	1	1.2758	1.9922	190	190.35	955.39	
70016	51	257.4	135.8	99.3	136.2	62.8	1.44	4.58	0	890	0	0.31	5.5	19.6	0.0	2.7	21.77	1	1.2758	1.9922	190	190.75	955.47	
70567	51	257.9	136.5	99.5	136.5	63.2	1.56	4.58	0	881	0	0.31	5.5	19.6	0.0	2.4	21.75	1	1.2758	1.9922	190	191.33	955.39	
71100	51	258.3	137.2	99.6	136.8	62.8	1.56	4.58	0	881	0	0.31	5.5	19.6	0.0	2.4	21.94	1	1.2758	1.9922	190	191.73	955.23	
71729	51	258.7	137.5	100.0	137.5	62.8	1.56	4.58	0	887	0	0.31	5.5	19.6	0.0	2.4	21.91	1	1.2758	1.9922	190	192.13	955.39	
72245	51	259.1	137.8	100.3	137.8	63.2	1.44	4.58	0	884	0	0.31	5.5	19.6	0.0	2.0	22.12	1	1.2758	1.9922	190	192.65	955.39	
72793	51	259.5	138.5	100.7	138.5	63.2	1.44	4.58	0	883	0	0.31	5.5	19.6	0.0	2.0	21.91	1	1.2758	1.9922	190	193.14	955.55	
73351	51	259.9	138.8	100.8	138.8	63.2	1.44	4.58	0	880	0	0.31	5.5	19.6	0.0	1.6	22.01	1	1.2758	1.9922	190	193.63	955.23	
73910	51	260.4	139.5	101.3	139.2	63.2	1.56	4.58	0	883	0	0.31	5.5	19.6	0.0	1.6	21.84	1	1.2758	1.9922	190	194.15	955.39	
74480	51	260.8	139.8	101.3	139.8	63.2	1.44	4.58	0	883	0	0.31	5.5	19.6	0.0	1.6	21.87	1	1.2758	1.9922	190	194.64	955.08	
75034	51	261.2	140.2	101.7	140.2	63.5	1.44	4.58	0	878	0	0.31	5.5	19.6	0.0	1.2	22.01	1	1.2758	1.9922	195	195.04	955.47	
75602	51	261.6	140.5	102.3	140.5	63.5	1.44	4.58	0	880	0	0.31	5.5	19.6	0.0	1.2	21.98	1	1.2758	1.9922	195	195.53	955.23	
76113	51	262.0	141.5	102.3	141.5	64.2	1.56	4.58	0	889	0	0.31	5.5	19.6	0.0	0.8	21.73	1	1.2758	1.9922	195	195.93	955.39	
76638	51	262.3	141.8	102.6	142.2	64.2	1.56	4.58	0	880	0	0.31	5.5	19.6	0.0	0.8	21.77	1	1.2758	1.9922	195	196.35	955.55	
77189	51	262.7	142.2	103.0	142.2	63.8	1.44	4.58	0	878	0	0.31	5.5	19.6	0.0	0.4	21.98	1	1.2758	1.9922	195	196.84	955.31	
77787	51	263.1	142.5	103.5	142.8	64.2	1.44	4.58	0	877	0	0.31	5.5	19.6	0.0	0.4	21.98	1	1.2758	1.9922	195	197.33	955.39	
78347	51	263.5	143.2	103.7	143.5	64.2	1.44	4.58	0	878	0	0.31	5.5	19.6	0.0	0.0	22.03	1	1.2758	1.9922	195	197.73	955.31	
78862	51	263.9	143.5	103.8	143.5	64.2	1.44	4.58	0	872	0	0.31	5.5	19.6	0.0	0.0	22.05	1	1.2758	1.9922	195	198.25	955.23	
79424	51	264.3	144.2	104.0	143.8	64.2	1.44	4.58	0	877	0	0.31	5.5	19.6	0.0	0.0	22.20	1	1.2758	1.9922	195	198.65	955.23	
79980	51	264.6	144.5	104.2	144.5	64.5	1.56	4.58	0	886	0	0.31	5.5	19.6	0.0	0.0	21.82	1	1.2758	1.9922	195	199.14	955.39	
80619	51	265.0	144.8	104.6	144.5	64.5	1.44	4.58	0	880	0	0.31	5.5	19.6	0.0	0.0	21.89	1	1.2758	1.9922	195	199.63	955.23	
81174	51	265.4	145.5	104.8	145.5	64.8	1.44	4.58	0	878	0	0.31	5.5	19.6	0.0	0.0	21.91	1	1.2758	1.9922	200	200.15	955.31	
81746	51	265.9	146.5	105.1	146.2	64.5	1.44	4.58	0	876	0	0.31	5.5	19.6	0.0	0.0	22.03	1	1.2758	1.9922	200	200.55	955.23	
82261	51	266.2	146.2	105.3	146.2	64.8	1.44	4.58	0	875	0	0.31	5.5	19.6	0.0	0.0	22.17	1	1.2758	1.9922	200	201.04	955.23	
82806	51	266.5	146.8	105.6	146.8	64.8	1.44	4.58	0	881	0	0.31	5.5	19.6	0.0	0.0	22.05	1	1.2758	1.9922	200	201.44	955.31	
83328	51	266.9	146.8	106.0	147.2	64.8	1.44	4.58	0	881	0	0.31	5.5	19.6	0.0	0.0	22.03	1	1.2758	1.9922	200	201.83	955.47	
83844	51	267.2	147.8	106.1	147.5	64.8	1.44	4.58	0	873	0	0.31	5.5	19.6	0.0	0.0	22.27	1	1.2758	1.9922	200	202.23	954.38	
84380	51	267.6	148.2	106.7	147.8	65.2	1.56	4.58	0	861	0	0.31	5.5	19.6	0.0	0.0	27.66	1	1.2758	1.9922	200	202.63	955.47	
84891	51	267.9	148.5	106.7	148.2	65.2	1.56	4.58	0	879	0	0.31	5.5	19.6	0.0	0.0	32.46	1	1.2758	1.9922	200	203.15	953.44	
85401	51	268.4	148.5	106.6	149.2	65.5	1.44	4.58	0	1,221	0	1.38	5.5	19.6	0.0	0.0	32.27	1	1.2758	1.9922	200	203.55	957.50	
85925	51	268.8	148.8	107.1	149.2	65.2	1.44	4.58	0	1,113	2	1.12	5.5	19.6	0.0	0.0	33.84	1	1.2758	1.9922	200	204.04	959.61	
86456	51	269.2	149.8	107.2	149.8	65.8	1.44	4.58	0	1,185	4	1.38	5.5	19.6	0.0	0.0	34.05	1	1.2758	1.9922	200	204.65	962.42	
86992	51	269.7	149.8	107.6	149.8	65.5	1.44	4.58	0	1,219	6	1.38	5.5	19.6	0.0	0.0	33.12	1	1.2758	1.9922	205	205.35	964.38	
87530	51	270.2	150.5	108.1	150.5	65.2	1.44	4.58	0	1,261	8	1.38	5.5	19.6	0.0	0.0	32.13	1	1.2758	1.9922	205	205.94	965.08	
88067	51	270.8	151.2	108.1	151.2	65.8	1.44	4.58	0	1,307	9	1.38	5.5	19.6	0.0	0.0	32.11	1	1.2758	1.9922	205	206.73	966.17	
88583	51	271.4	151.8	109.0	151.8	66.2	1.56	4.58	0	1,354	11	1.38	5.5	19.6	0.0	0.0	35.65	1	1.2758	1.9922	205	207.44	968.67	
89191	51	272.0	152.5	109.2	152.2	66.5	1.56	4.58	0	1,348	12	1.38	5.5	19.6	0.0	0.0	36.05	1	1.2758	1.9922	205	208.23	972.03	
89705	51	272.7	153.2	109.7	152.8	66.5	1.25	4.58	0	1,312	13	1.94	5.5	19.6	0.0	0.0	25.78	1	1.2758	1.9922	205	208.94	971.56	
90268	50	273.5	153.8	110.3	153.5	66.5	0.88	4.58	0	1,068	13	0.56	5.5	19.6	0.0	0.0	17.46	1	1.2758	1.9922	205	209.73	962.81	
90782	50	274.0	154.8	110.6	154.8	66.5	1.06	4.58	0	994	12	0.31	5.5	19.6	0.0	0.0	19.97	1	1.2758	1.9922	210	210.34	954.22	
91306	50	274.6	155.5	111.0	155.8	66.5	1.25	4.58	0	1,154	13	1.12	5.5	19.6	0.0	0.0	33.87	1	1.2758	1.9922	210	211.05	953.05	
91878	50	275.3	156.5	111.3	156.5	66.8	2.25	4.58	0	1,506	14	2.75	5.5	19.6	0.0	0.0	54.59	1	1.2758	1.9922	210	212.15	982.73	
92440	50	276.3	157.2	112.0	157.5	66.8	2.25	4.58	0	1,448	14	3.25	5.5	19.6	0.0	0.0	53.58	1	1.2758	1.9922	210	213.13	988.98	
92966	50	277.4	157.8	112.5	157.8	66.8	2.62	4.58	0	1,536	14	3.00	5.5	19.6	0.0	0.0	54.87	1	1.2758	1.9922	210	214.44	1,036.88	
93546	50	278.7	158.8	112.8	158.8	67.2	3.31	4.58	0	1,603	15	3.50	5.5	19.6	0.0	0.0	62.06	1	1.2758	1.9922	215	215.73	1,036.33	
94090	50	280.3	159.5	113.2	159.2	67.2	3.81	4.58	0	1,639	15	3.50	5.5	19.6	0.0	0.0	60.73	1	1.2758	1.9922	215	217.35	1,021.33	
94653	50	282.1	160.8	114.0	160.8	67.5	3.81	4.58	0	1,653	16	3.25	5.5	19.6	0.0	0.0	60.89	1	1.2758	1.9922	215	218.94	1,051.56	
95181	50	284.3	161.5	114.5	161.8	67.5	4.38	4.58	0	1,697	16	3.25	5.5	19.6	0.0	0.0	59.25	1	1.2758	1.9922	220	220.84	1,047.58	
95773	49	287.0	163.2	115.1	163.2	67.8	3.50	4.58	0	1,632	17	3.50	5.5	19.6	0.0	0.0	57.73	1	1.2758	1.9922	220	222.83	1,014.45	
96349	49	289.6	164.2	116.0	164.2	68.2	3.12	4.58	0	1,620	18	3.50	5.5	19.6	0.0	0.0	54.94	1	1.2758	1.9922	220	224.55	988.36	
96886	49	292.5	165.8	116.6	166.2	67.8	2.62	4.58	0	1,561	18	3.81	5.5	19.6	0.0	0.0	51.84	1	1.2758	1.9922	225	226.75	984.14	
97506	49	295.5	167.2	117.3	167.2	68.2	2.62	4.58	0	1,554	18	3.00	5.5	19.6	0.0	0.0	53.55	1	1.2758	1.9922	225	228.53	1,027.19	
98074	49	298.6	169.2	118.5	168.8	68.5	2.62	4.58	0	1,563	18	2.75	5.5	19.6	0.0	0.0	50.93	1	1.2758	1.9922	230	231.13	1,048.28	
98551	49	301.8	170.2	119.3	170.2	68.5	2.12	4.58	0	1,523	18	2.75	5.5	19.6	0.0	0.0	47.04	1	1.2758	1.9922	230	232.54	1,042.03	
99058	49	305.0	171.5	120.1	171.8	68.5	1.94	4.58	0	1,458	18	2.44	5.5	19.6	0.0	0.0	38.95	1	1.2758	1.9922	230	234.44	1,033.36	
99596	49	308.0	173.5	121.3	173.8	68.8	1.25	4.58	0	1,319	17	1.62	5.5	19.6	0.0	0.0	18.14	1	1.2758	1.9922	235	236.33	984.38	
100120	49	310.2	174.8	121.6	174.8	68.8	0.69	4.58	0	1,210	15	0.81	5.5	19.6	0.0	0.0	14.02	1	1.2758	1.9922	235	237.74	967.19	
100680	49	312.3	176.5	123.0	176.5	69.5	1.06	4.58	0	1,062	14	0.56	5.5	19.6	0.0	0.0	14.74	1	1.2758	1.9922	235	239.33	959.77	
101204	49	314.3	178.2	123.6	178.2	69.5	1.06	4.58	0	1,044	14	0.31	5.5	19.6	0.0	0.0	13.50	1	1.2758	1.9922	240	240.65	956.95	
101728	49	316.0	179.2	124.3	179.5	69.8	1.25	4.58	0	1,023	13	0.31	5.5	19.6	0.0	0.0	13.97	1	1.2758	1.9922	240	241.84	957.19	
102249	49	317.5	180.5	125.1	180.5	69.8	1.44	4.58	0	993	12	0.31	5.5	19.6	0.0	0.0	15.05	1	1.2758	1.9922	240	243.04	956.02	
102789	49	319.1	181.8	125.8	181.8	70.2	1.25	4.58	0	998	13	0.31	5.5	19.6	0.0	0.0	16.97	1	1.2758	1.9922	240	244.44	954.38	
103318	49	320.6	182.8	126.5	182.8	70.5	1.44	4.58	0	1,034	13	0.56	5.5	19.6	0.0	0.0	22.64	1	1.2758	1.9922	245	245.64	952.50	
103838	49	322.1	183.5	126.8	183.5	70.5	1.44	4.58	0	1,187	13	1.12	5.5	19.6	0.0	0.0	25.57	1	1.2758	1.9922	245	246.83	955.08	
104413	50	323.8	184.8	127.6	184.5	70.8	1.44	4.58	0	1,306	14	1.12	5.5	19.6	0.0	0.0	32.77	1	1.2758	1.9922	245	248.33	957.50	
104935	50	325.3	185.2	128.0	185.2	70.8	1.56	4.58	0	1,388	16	1.12	5.5	19.6	0.0	0.0	33.80	1	1.2758	1.9922	245	249.74	963.05	
105478	50	327.1	185.8	128.6	185.8	71.2	1.56	4.58	0	1,381	17	1.62	5.5	19.6	0.0	0.0	35.37	1	1.2758	1.9922	250	251.33	967.89	
106113	50	328.9	186.5	129.0	186.8	71.5	1.75	4.58	0	1,423	18	1.62	5.5	19.6	0.0	0.0	36.35	1	1.2758	1.9922	250	253.05	974.38	
106642	50	330.6	187.5	129.3	187.5	71.5	1.94	4.58	0	1,535	20	1.38	5.5	19.6	0.0	0.0	38.11	1	1.2758	1.9922	250	254.55	980.08	
107229	50	333.1	188.5	130.0	188.8	71.5	1.94	4.58	0	1,654	21	1.38	5.5	19.6	0.0	0.0	36.61	1	1.2758	1.9922	255	256.44	988.20	
107751	50	335.0	189.2	130.7	189.5	72.2	2.12	4.58	0	1,745	23	1.38	5.5	19.6	0.0	0.0	35.88	1	1.2758	1.9922	255	258.04	996.33	
108262	50	337.1	190.5	131.0	190.8	72.5	1.75	4.58	0	1,835	24	1.12	5.5	19.6	0.0	0.0	27.38	1	1.2758	1.9922	255	259.94	995.70	
108769	49	338.8	191.2	131.7	191.2	72.5	1.75	4.58	0	1,875	24	0.31	5.5	19.6	0.0	0.0	14.09	1	1.2758	1.9922	260	261.34	975.70	
109281	49	340.4	192.2	132.3	192.5	72.5	2.44	4.58	0	1,844	24	-0.19	5.5	19.6	0.0	0.0	12.23	1	1.2758	1.9922	260	262.63	967.66	
109844	49	341.9	193.5	132.8	193.5	72.8	2.62	4.58	0	1,358	23	0.56	5.5	19.6	0.0	0.0	14.79	1	1.2758	1.9922	260	263.85	961.95	
110346	49	343.2	194.5	133.3	194.5	72.8	0.56	4.58	0	1,249	22	0.81	5.5	19.6	0.0	0.0	17.77	1	1.2758	1.9922	265	265.05	961.56	
110869	49	344.4	195.5	134.2	195.8	73.2	0.56	4.58	0	1,077	21	0.56	5.5	19.6	0.0	0.0	17.34	1	1.2758	1.9922	265	266.33	963.83	
111454	49	345.8	196.5	134.8	196.2	73.5	0.88	4.58	0	855	21	0.31	5.5	19.6	0.0	0.0	16.45	1	1.2758	1.9922	265	267.34	961.33	
111986	49	346.8	196.8	135.3	196.5	73.5	1.44	4.58	0	1,043	20	0.56	5.5	19.6	0.0	0.0	16.17	1	1.2758	1.9922	265	268.63	960.47	
112516	49	347.9	197.5	135.6	197.8	73.8	1.06	4.58	0	1,045	18	0.56	5.5	19.6	0.0	0.0	14.65	1	1.2758	1.9922	265	269.64	958.20	
113035	49	348.9	198.2	136.0	198.2	73.8	1.44	4.58	0	961	16	0.31	5.5	19.6	0.0	0.0	16.48	1	1.2758	1.9922	270	270.65	957.03	
113570	49	349.9	198.5	136.3	198.5	74.5	1.44	4.58	0	956	15	0.31	5.5	19.6	0.0	0.0	17.09	1	1.2758	1.9922	270	271.75	955.86	
114025	50	350.6	198.8	136.5	198.8	74.5	1.25	4.58	0	940	15	0.31	5.5	19.6	0.0	0.0	17.04	1	1.2758	1.9922	270	272.43	955.47	
114672	50	351.5	198.8	136.5	198.8	74.8	1.44	4.58	0	933	15	0.31	5.5	19.6	0.0	0.0	17.70	1	1.2758	1.9922	270	273.74	955.23	
115188	50	352.3	198.8	136.6	199.2	74.8	1.44	4.58	0	939	14	0.31	5.5	19.6	0.0	0.0	18.47	1	1.2758	1.9922	270	274.63	954.84	
115774	50	353.3	199.8	137.3	199.2	74.8	1.44	4.58	0	953	12	0.31	5.5	19.6	0.0	0.0	18.16	1	1.2758	1.9922	275	275.64	954.77	
116311	50	354.0	199.8	137.3	199.8	74.8	1.44	4.58	0	927	11	0.31	5.5	19.6	0.0	0.0	18.66	1	1.2758	1.9922	275	276.44	954.69	
116840	50	354.7	199.8	137.3	200.2	75.2	1.44	4.58	0	919	11	0.31	5.5	19.6	0.0	0.0	21.30	1	1.2758	1.9922	275	277.23	954.69	
117350	50	355.4	200.2	137.8	200.2	75.5	1.44	4.58	0	947	9	0.31	5.5	19.6	0.0	0.0	21.87	1	1.2758	1.9922	275	278.03	954.69	
117947	50	356.1	200.2	138.1	200.2	75.5	1.44	4.58	0	989	8	0.56	5.5	19.6	0.0	0.0	19.85	1	1.2758	1.9922	275	278.94	955.94	
118509	50	356.8	200.5	138.1	200.5	75.8	1.44	4.58	0	933	6	0.31	5.5	19.6	0.0	0.0	18.68	1	1.2758	1.9922	275	279.83	955.62	
119048	50	357.4	200.5	138.3	200.5	75.8	1.44	4.58	0	862	5	0.31	5.5	19.6	0.0	0.0	25.10	1	1.2758	1.9922	280	280.54	953.98	
119621	50	358.0	200.5	138.3	200.5	76.2	1.56	4.58	0	919	4	0.56	5.5	19.6	0.0	0.0	26.60	1	1.2758	1.9922	280	281.43	956.80	
120211	50	358.7	200.8	138.6	201.2	76.5	1.25	4.58	0	942	4	0.56	5.5	19.6	0.0	0.0	26.67	1	1.2758	1.9922	280	282.34	956.17	
120794	50	359.3	201.5	139.0	201.8	76.5	1.44	4.58	0	945	5	0.56	5.5	19.6	0.0	0.0	28.12	1	1.2758	1.9922	280	283.23	957.19	
121316	50	360.0	201.5	139.0	201.8	76.8	1.44	4.58	0	933	6	0.56	5.5	19.6	0.0	0.0	28.12	1	1.2758	1.9922	280	283.94	958.59	
121834	50	360.5	201.5	138.8	201.5	76.5	1.44	4.58	0	947	8	0.56	5.5	19.6	0.0	0.0	27.12	1	1.2758	1.9922	280	284.73	959.38	
122390	50	361.1	202.2	139.6	202.2	77.2	1.44	4.58	0	963	9	0.56	5.5	19.6	0.0	0.0	26.46	1	1.2758	1.9922	285	285.65	959.92	
123053	50	361.7	202.5	139.7	202.5	77.2	1.44	4.58	0	969	9	0.56	5.5	19.6	0.0	0.0	25.41	1	1.2758	1.9922	285	286.54	960.16	
123627	50	362.3	202.2	140.1	202.5	77.5	1.25	4.58	0	953	9	0.31	5.5	19.6	0.0	0.0	22.95	1	1.2758	1.9922	285	287.43	959.45	
124147	50	362.8	202.8	140.1	202.8	77.5	1.56	4.58	0	888	8	0.31	5.5	19.6	0.0	0.0	27.21	1	1.2758	1.9922	285	288.13	957.03	
124651	50	363.4	203.2	140.1	203.2	77.8	1.25	4.58	0	957	9	0.56	5.5	19.6	0.0	0.0	22.95	1	1.2758	1.9922	285	288.83	958.52	
125176	50	363.9	203.5	140.3	203.5	77.5	1.25	4.58	0	936	10	0.56	5.5	19.6	0.0	0.0	22.36	1	1.2758	1.9922	285	289.75	957.66	
125731	50	364.3	203.5	140.6	203.5	77.8	1.44	4.58	0	929	9	0.31	5.5	19.6	0.0	0.0	22.17	1	1.2758	1.9922	290	290.43	957.03	
126272	50	364.8	203.8	141.2	203.8	78.2	1.44	4.58	0	902	9	0.31	5.5	19.6	0.0	0.0	22.55	1	1.2758	1.9922	290	291.25	956.25	
126869	50	365.3	204.5	141.5	204.2	78.5	1.44	4.58	0	942	8	0.56	5.5	19.6	0.0	0.0	23.46	1	1.2758	1.9922	290	291.93	956.09	
127453	50	365.8	205.2	141.5	205.2	78.8	1.44	4.58	0	986	8	0.56	5.5	19.6	0.0	0.0	25.38	1	1.2758	1.9922	290	292.75	955.78	
128034	50	366.2	205.2	141.6	205.2	78.5	1.44	4.58	0	1,027	9	0.31	5.5	19.6	0.0	0.0	21.14	1	1.2758	1.9922	290	293.55	957.73	
128559	50	366.6	205.2	141.8	205.2	78.5	1.25	4.58	0	976	9	0.31	5.5	19.6	0.0	0.0	22.73	1	1.2758	1.9922	290	294.25	957.11	
129117	50	367.1	205.5	142.1	205.8	78.8	1.25	4.58	0	968	9	0.56	5.5	19.6	0.0	0.0	24.77	1	1.2758	1.9922	295	295.05	955.16	
129631	50	367.4	205.8	142.3	206.2	78.5	1.56	4.58	0	1,160	10	0.81	5.5	19.6	0.0	0.0	30.19	1	1.2758	1.9922	295	295.75	955.39	
130149	50	367.9	205.8	142.7	206.2	79.2	1.44	4.58	0	1,293	11	1.62	5.5	19.6	0.0	0.0	46.15	1	1.2758	1.9922	295	296.55	958.05	
130681	51	368.4	206.5	143.0	206.8	79.5	2.25	4.58	0	1,495	12	3.00	5.5	19.6	0.0	0.0	52.24	1	1.2758	1.9922	295	297.74	992.73	
131127	51	368.9	206.8	143.0	206.8	79.5	2.44	4.58	0	1,526	14	3.25	5.5	19.6	0.0	0.0	53.23	1	1.2758	1.9922	295	298.63	1,020.00	
131793	50	369.6	207.2	143.3	207.5	79.5	2.62	4.58	0	1,575	16	3.00	5.5	19.6	0.0	0.0	53.98	1	1.2758	1.9922	300	300.25	1,043.44	
132337	50	370.4	208.2	143.6	208.5	79.5	2.62	4.58	0	1,578	19	2.75	5.5	19.6	0.0	0.0	48.30	1	1.2758	1.9922	300	301.54	1,048.75	
132863	50	371.3	208.8	144.5	209.2	79.8	2.12	4.58	0	1,566	21	1.94	5.5	19.6	0.0	0.0	36.68	1	1.2758	1.9922	300	302.85	1,033.28	
133408	50	372.2	210.2	145.0	210.2	80.5	1.94	4.58	0	1,674	22	1.38	5.5	19.6	0.0	0.0	29.02	1	1.2758	1.9922	300	304.23	1,004.14	
133929	50	372.9	210.5	145.1	210.8	80.2	1.94	4.58	0	1,741	22	1.38	5.5	19.6	0.0	0.0	32.37	1	1.2758	1.9922	305	305.55	994.77	
134547	50	373.9	211.5	146.0	211.8	79.8	1.56	4.58	0	1,810	23	1.12	5.5	19.6	0.0	0.0	17.06	1	1.2758	1.9922	305	307.05	980.16	
135112	49	374.8	213.2	146.8	212.8	80.5	2.12	4.58	0	1,793	23	0.00	5.5	19.6	0.0	0.0	12.23	1	1.2758	1.9922	305	308.24	967.66	
135649	49	375.4	213.8	147.0	214.2	80.5	1.56	4.58	0	1,676	22	-0.19	5.5	19.6	0.0	0.0	16.17	1	1.2758	1.9922	305	309.25	965.94	
136186	49	376.1	215.2	147.8	215.2	80.8	1.94	4.58	0	1,650	21	0.00	5.5	19.6	0.0	0.0	19.03	1	1.2758	1.9922	310	310.44	966.95	
136715	49	376.7	215.5	148.7	215.8	81.2	1.56	4.58	0	1,576	20	0.31	5.5	19.6	0.0	0.0	18.84	1	1.2758	1.9922	310	311.33	973.20	
137239	49	377.4	216.5	148.8	216.8	81.2	4.00	4.58	0	1,490	19	1.38	5.5	19.6	0.0	0.0	13.55	1	1.2758	1.9922	310	312.25	969.22	
137766	49	378.1	217.8	149.3	217.8	81.5	1.94	4.58	0	1,537	19	1.12	5.5	19.6	0.0	0.0	30.38	1	1.2758	1.9922	310	313.44	967.81	
138285	50	378.7	218.2	150.0	218.2	81.5	1.56	4.58	0	1,480	19	1.12	5.5	19.6	0.0	0.0	20.53	1	1.2758	1.9922	310	314.33	962.81	
138803	49	379.3	218.8	150.0	218.8	81.5	1.06	4.58	0	1,472	19	0.56	5.5	19.6	0.0	0.0	12.42	1	1.2758	1.9922	315	315.25	960.31	
139362	49	380.0	219.5	150.7	219.5	81.5	1.25	4.58	0	1,393	18	0.81	5.5	19.6	0.0	0.0	12.16	1	1.2758	1.9922	315	316.23	958.44	
139880	49	380.5	219.8	151.2	219.8	81.8	0.00	4.58	0	1,219	16	0.31	5.5	19.6	0.0	0.0	18.94	1	1.2758	1.9922	315	317.03	959.45	
140515	49	381.1	220.5	151.3	220.8	82.5	1.25	4.58	0	1,018	13	0.31	5.5	19.6	0.0	0.0	14.37	1	1.2758	1.9922	315	317.94	959.06	
141037	49	381.5	221.2	151.5	220.8	82.2	1.44	4.58	0	931	11	0.31	5.5	19.6	0.0	0.0	17.04	1	1.2758	1.9922	315	318.65	957.19	
141599	50	382.1	221.2	151.7	221.2	82.2	1.44	4.58	0	977	8	0.31	5.5	19.6	0.0	0.0	16.71	1	1.2758	1.9922	315	319.44	956.41	
142158	50	382.6	221.5	152.1	221.5	82.8	1.25	4.58	0	976	5	0.31	5.5	19.6	0.0	0.0	16.01	1	1.2758	1.9922	320	320.15	956.25	
142672	50	383.0	221.5	152.1	221.8	82.5	1.06	4.58	0	903	3	0.31	5.5	19.6	0.0	0.0	15.75	1	1.2758	1.9922	320	320.85	955.39	
143223	50	383.4	221.8	152.5	222.2	83.2	1.44	4.58	0	863	1	0.31	5.5	19.6	0.0	0.0	17.46	1	1.2758	1.9922	320	321.44	954.61	
143759	50	383.7	222.2	152.5	221.8	83.5	1.44	4.58	0	864	0	0.31	5.5	19.6	0.0	0.0	17.77	1	1.2758	1.9922	320	322.05	954.61	
144293	50	384.0	222.5	152.8	222.5	83.5	1.25	4.58	0	873	0	0.31	5.5	19.6	0.0	0.0	17.98	1	1.2758	1.9922	320	322.63	954.61	
144848	50	384.4	222.5	153.0	222.2	83.5	1.44	4.58	0	887	0	0.31	5.5	19.6	0.0	0.0	17.65	1	1.2758	1.9922	320	323.24	954.45	
145426	50	384.7	222.5	153.1	222.2	83.8	1.25	4.58	0	877	0	0.31	5.5	19.6	0.0	0.0	17.44	1	1.2758	1.9922	320	323.73	954.38	
145957	50	385.0	222.8	153.0	222.5	83.8	1.25	4.58	0	881	0	0.31	5.5	19.6	0.0	0.0	17.84	1	1.2758	1.9922	320	324.25	953.98	
146491	50	385.2	222.8	153.0	222.8	84.5	1.44	4.58	0	881	0	0.31	5.5	19.6	0.0	0.0	17.55	1	1.2758	1.9922	320	324.83	954.22	
147003	50	385.5	222.8	153.6	222.8	84.2	1.44	4.58	0	879	0	0.31	5.5	19.6	0.0	0.0	17.79	1	1.2758	1.9922	325	325.23	954.14	
147573	50	385.7	222.5	153.3	222.8	84.2	1.44	4.58	0	874	0	0.31	5.5	19.6	0.0	0.0	17.79	1	1.2758	1.9922	325	325.75	953.91	
148160	50	386.0	222.8	153.5	222.8	84.5	1.44	4.58	0	867	0	0.31	5.5	19.6	0.0	0.0	17.55	1	1.2758	1.9922	325	326.15	954.22	
148703	50	386.2	222.8	153.8	222.8	84.5	1.25	4.58	0	835	0	0.31	5.5	19.6	0.0	0.0	17.55	1	1.2758	1.9922	325	326.64	954.06	
149320	50	386.4	222.5	153.8	222.5	84.8	1.44	4.58	0	802	0	0.31	5.5	19.6	0.0	0.0	18.19	1	1.2758	1.9922	325	327.04	954.14	
149877	50	386.6	222.8	154.0	223.2	85.2	1.25	4.58	0	803	0	0.31	5.5	19.6	0.0	0.0	19.15	1	1.2758	1.9922	325	327.53	953.98	
150398	50	386.8	223.2	154.3	222.8	85.2	1.44	4.58	0	803	0	0.31	5.5	19.6	0.0	0.0	19.15	1	1.2758	1.9922	325	327.83	953.83	
150979	50	387.0	223.2	154.2	223.5	85.5	1.25	4.58	0	808	0	0.31	5.5	19.6	0.0	0.0	18.70	1	1.2758	1.9922	325	328.35	953.83	
151486	50	387.2	223.5	154.2	223.5	85.5	1.25	4.58	0	812	0	0.31	5.5	19.6	0.0	0.0	18.68	1	1.2758	1.9922	325	328.63	953.98	
152008	50	387.3	223.2	154.3	223.2	85.5	1.25	4.58	0	803	0	0.31	5.5	19.6	0.0	0.0	18.63	1	1.2758	1.9922	325	328.94	954.14	
152582	50	387.5	223.2	154.5	223.5	85.5	1.44	4.58	0	809	0	0.31	5.5	19.6	0.0	0.0	18.70	1	1.2758	1.9922	325	329.33	953.91	
153138	50	387.6	223.2	154.6	223.5	85.8	1.25	4.58	0	797	0	0.31	5.5	19.6	0.0	0.0	18.40	1	1.2758	1.9922	325	329.64	953.98	
153659	50	387.7	223.2	154.3	223.5	85.5	1.25	4.58	0	801	0	0.31	5.5	19.6	0.0	0.0	18.87	1	1.2758	1.9922	330	330.04	953.98	
154257	50	387.9	223.5	154.6	223.2	85.8	1.44	4.58	0	799	0	0.31	5.5	19.6	0.0	0.0	18.73	1	1.2758	1.9922	330	330.34	953.98	
154855	50	388.0	223.5	154.8	223.5	86.2	1.25	4.58	0	798	0	0.31	5.5	19.6	0.0	0.0	18.66	1	1.2758	1.9922	330	330.74	953.83	
155387	50	388.1	223.5	154.7	223.8	86.2	1.25	4.58	0	800	0	0.31	5.5	19.6	0.0	0.0	18.94	1	1.2758	1.9922	330	331.05	953.98	
155873	50	388.2	223.5	154.8	223.5	86.2	1.44	4.58	0	799	0	0.31	5.5	19.6	0.0	0.0	18.89	1	1.2758	1.9922	330	331.35	953.98	
156447	50	388.3	223.5	154.5	223.5	86.5	1.44	4.58	0	796	0	0.31	5.5	19.6	0.0	0.0	18.94	1	1.2758	1.9922	330	331.63	953.91	
157025	50	388.4	223.5	155.0	223.2	86.5	1.44	4.58	0	801	0	0.31	5.5	19.6	0.0	0.0	18.84	1	1.2758	1.9922	330	332.03	953.98	
157682	51	388.5	223.2	154.8	223.5	86.2	1.44	4.58	0	792	0	0.00	5.5	19.6	0.0	0.0	18.89	1	1.2758	1.9922	330	332.43	954.22	
158224	51	388.6	223.5	155.0	223.5	86.8	1.25	4.58	0	797	0	0.31	5.5	19.6	0.0	0.0	18.75	1	1.2758	1.9922	330	332.64	953.91	
158740	51	388.7	223.5	155.3	223.5	87.2	1.25	4.58	0	791	0	0.31	5.5	19.6	0.0	0.0	19.01	1	1.2758	1.9922	330	332.94	953.67	
159258	51	388.8	223.5	155.3	223.5	86.8	1.25	4.58	0	794	0	0.31	5.5	19.6	0.0	0.0	18.84	1	1.2758	1.9922	330	333.25	953.98	
159774	51	388.8	223.5	155.5	223.2	86.8	1.25	4.58	0	793	0	0.31	5.5	19.6	0.0	0.0	18.91	1	1.2758	1.9922	330	333.53	953.83	
160291	51	388.9	223.2	155.1	223.2	87.2	1.25	4.58	0	794	0	0.31	5.5	19.6	0.0	0.0	18.94	1	1.2758	1.9922	330	333.83	953.83	
160836	51	389.0	223.8	155.5	223.5	87.2	1.25	4.58	0	790	0	0.31	5.5	19.6	0.0	0.0	19.20	1	1.2758	1.9922	330	334.05	953.91	
161324	51	389.0	223.5	155.2	223.2	87.5	1.25	4.58	0	790	0	0.31	5.5	19.6	0.0	0.0	19.03	1	1.2758	1.9922	330	334.35	953.91	
161904	51	389.1	223.5	155.5	223.5	87.5	1.44	4.58	0	790	0	0.31	5.5	19.6	0.0	0.0	19.08	1	1.2758	1.9922	330	334.63	953.83	
162408	51	389.1	223.8	155.5	223.5	87.5	1.25	4.58	0	787	0	0.31	5.5	19.6	0.0	0.0	19.08	1	1.2758	1.9922	335	334.94	953.83	
162893	51	389.2	223.5	155.5	223.5	87.8	1.44	4.58	0	786	0	0.31	5.5	19.6	0.0	0.0	19.43	1	1.2758	1.9922	335	335.15	953.98	
163412	51	389.2	223.5	155.7	223.5	88.2	1.44	4.58	0	796	0	0.31	5.5	19.6	0.0	0.0	19.45	1	1.2758	1.9922	335	335.43	953.98	
163965	51	389.3	223.5	155.6	223.5	87.8	1.44	4.58	0	805	0	0.31	5.5	19.6	0.0	0.0	19.17	1	1.2758	1.9922	335	335.73	954.06	
164532	51	389.3	223.8	155.6	223.5	87.8	1.25	4.58	0	795	0	0.31	5.5	19.6	0.0	0.0	19.10	1	1.2758	1.9922	335	335.94	954.14	
165051	51	389.3	223.8	155.8	223.5	88.2	1.44	4.58	0	797	0	0.31	5.5	19.6	0.0	0.0	19.24	1	1.2758	1.9922	335	336.13	953.98	
165607	51	389.3	223.5	156.1	223.8	88.5	1.25	4.58	0	796	0	0.31	5.5	19.6	0.0	0.0	19.15	1	1.2758	1.9922	335	336.44	953.91	
166228	51	389.4	223.8	156.3	223.8	88.5	1.25	4.58	0	785	0	0.31	5.5	19.6	0.0	0.0	19.15	1	1.2758	1.9922	335	336.74	954.06	
166814	51	389.4	224.2	156.1	224.2	88.5	1.44	4.58	0	808	0	0.31	5.5	19.6	0.0	0.0	19.90	1	1.2758	1.9922	335	337.05	954.22	
167339	51	389.4	223.8	156.0	223.8	88.8	1.44	4.58	0	816	0	0.31	5.5	19.6	0.0	0.0	19.03	1	1.2758	1.9922	335	337.35	954.14	
167860	51	389.4	223.5	156.1	223.5	88.8	1.44	4.58	0	800	0	0.31	5.5	19.6	0.0	0.0	18.66	1	1.2758	1.9922	335	337.54	953.98	
168458	51	389.4	223.8	156.5	223.8	88.5	1.44	4.58	0	790	0	0.31	5.5	19.6	0.0	0.0	19.62	1	1.2758	1.9922	335	337.84	953.83	
169042	51	389.5	223.8	156.3	223.8	88.8	1.44	4.58	0	809	0	0.31	5.5	19.6	0.0	0.0	19.59	1	1.2758	1.9922	335	338.15	953.98	
169553	51	389.5	224.2	156.5	224.2	89.2	1.44	4.58	0	811	0	0.31	5.5	19.6	0.0	0.0	19.17	1	1.2758	1.9922	335	338.33	954.22	
170147	51	389.5	224.2	156.7	224.2	88.8	1.44	4.58	0	799	0	0.31	5.5	19.6	0.0	0.0	18.82	1	1.2758	1.9922	335	338.64	953.98	
170731	51	389.5	224.2	156.8	224.2	89.5	1.44	4.58	0	791	0	0.31	5.5	19.6	0.0	0.0	19.52	1	1.2758	1.9922	335	338.94	953.98	
171258	51	389.4	224.5	157.0	224.2	89.5	1.44	4.58	0	803	0	0.31	5.5	19.6	0.0	0.0	19.66	1	1.2758	1.9922	335	339.13	953.83	
171788	51	389.4	224.2	157.0	224.5	89.5	1.44	4.58	0	799	0	0.31	5.5	19.6	0.0	0.0	19.10	1	1.2758	1.9922	335	339.44	954.14	
172338	51	389.4	224.5	157.1	224.5	89.5	1.44	4.58	0	791	0	0.31	5.5	19.6	0.0	0.0	19.73	1	1.2758	1.9922	335	339.65	953.98	
172917	51	389.4	224.5	157.3	224.5	89.5	1.44	4.58	0	806	0	0.31	5.5	19.6	0.0	0.0	19.38	1	1.2758	1.9922	340	339.93	953.98	
173445	51	389.4	224.8	157.5	224.2	89.8	1.44	4.58	0	792	0	0.31	5.5	19.6	0.0	0.0	19.20	1	1.2758	1.9922	340	340.14	954.14	
174004	51	389.4	224.5	157.3	224.5	90.2	1.25	4.58	0	796	0	0.31	5.5	19.6	0.0	0.0	19.24	1	1.2758	1.9922	340	340.44	953.91	
174569	51	389.3	225.2	157.3	224.8	90.5	1.44	4.58	0	803	0	0.31	5.5	19.6	0.0	0.0	19.17	1	1.2758	1.9922	340	340.75	953.83	
175203	51	389.3	225.2	157.7	225.2	90.2	1.44	4.58	0	791	0	0.31	5.5	19.6	0.0	0.0	19.27	1	1.2758	1.9922	340	340.94	953.83	
175727	51	389.3	224.5	157.5	225.2	90.5	1.44	4.58	0	799	0	0.31	5.5	19.6	0.0	0.0	19.66	1	1.2758	1.9922	340	341.24	953.83	
176252	51	389.2	224.8	158.0	225.2	90.2	1.44	4.58	0	799	0	0.31	5.5	19.6	0.0	0.0	19.29	1	1.2758	1.9922	340	341.43	953.98	
176833	51	389.2	225.5	158.0	225.2	90.8	1.44	4.58	0	792	0	0.31	5.5	19.6	0.0	0.0	19.66	1	1.2758	1.9922	340	341.73	953.83	
177343	51	389.2	225.5	157.6	225.5	91.2	1.44	4.58	0	800	0	0.31	5.5	19.6	0.0	0.0	19.88	1	1.2758	1.9922	340	341.94	953.91	
177864	51	389.1	225.5	158.1	225.5	90.8	1.44	4.58	0	805	0	0.31	5.5	19.6	0.0	0.0	19.38	1	1.2758	1.9922	340	342.13	954.14	
178400	51	389.1	225.2	158.3	225.5	90.8	1.44	4.58	0	790	0	0.31	5.5	19.6	0.0	0.0	19.20	1	1.2758	1.9922	340	342.44	954.14	
178918	51	389.0	226.2	158.3	225.8	90.8	1.44	4.58	0	800	0	0.31	5.5	19.6	0.0	0.0	19.64	1	1.2758	1.9922	340	342.65	954.22	
179433	51	389.0	226.2	158.5	225.8	91.2	1.44	4.58	0	804	0	0.31	5.5	19.6	0.0	0.0	19.64	1	1.2758	1.9922	340	342.83	954.22	
180004	51	388.9	225.8	158.5	225.8	90.8	1.44	4.58	0	797	0	0.31	5.5	19.6	0.0	0.0	19.52	1	1.2758	1.9922	340	343.05	954.14	
180529	51	388.9	226.2	158.8	226.2	91.5	1.44	4.58	0	799	0	0.31	5.5	19.6	0.0	0.0	19.57	1	1.2758	1.9922	340	343.35	954.38	
181078	51	388.8	226.2	159.0	226.2	91.5	1.44	4.58	0	807	0	0.31	5.5	19.6	0.0	0.0	19.78	1	1.2758	1.9922	340	343.54	954.22	
181629	51	388.8	226.5	158.6	226.5	91.8	1.44	4.58	0	793	0	0.31	5.5	19.6	0.0	0.0	19.24	1	1.2758	1.9922	340	343.75	954.14	
182163	51	388.7	226.5	159.0	226.5	91.5	1.44	4.58	0	796	0	0.31	5.5	19.6	0.0	0.0	19.90	1	1.2758	1.9922	340	343.94	953.98	
182690	51	388.7	226.5	159.1	226.8	91.8	1.44	4.58	0	805	0	0.31	5.5	19.6	0.0	0.0	20.37	1	1.2758	1.9922	340	344.24	954.14	
183289	51	388.6	226.5	159.3	226.8	91.5	1.44	4.58	0	802	0	0.31	5.5	19.6	0.0	0.0	21.16	1	1.2758	1.9922	340	344.55	953.59	
183808	51	388.5	227.2	159.5	226.8	91.8	1.44	4.58	0	845	0	0.31	5.5	19.6	0.0	0.0	28.20	1	1.2758	1.9922	340	344.73	954.22	
184313	51	388.4	227.2	159.7	227.2	91.8	1.56	4.58	0	834	0	0.56	5.5	19.6	0.0	0.0	27.98	1	1.2758	1.9922	345	344.94	955.00	
184822	51	388.4	227.5	159.6	227.5	92.5	1.56	4.58	0	987	0	0.81	5.5	19.6	0.0	0.0	42.14	1	1.2758	1.9922	345	345.25	953.83	
185418	51	388.2	227.5	160.1	227.5	92.2	1.56	4.58	0	1,226	2	2.44	5.5	19.6	0.0	0.0	45.09	1	1.2758	1.9922	345	345.65	971.41	
185961	51	388.1	227.8	159.8	227.8	92.8	1.56	4.58	0	1,249	5	3.00	5.5	19.6	0.0	0.0	47.20	1	1.2758	1.9922	345	346.14	986.80	
186494	51	387.9	227.8	160.3	228.2	92.5	1.75	4.58	0	1,375	8	3.00	5.5	19.6	0.0	0.0	45.98	1	1.2758	1.9922	345	346.75	997.81	
187033	51	387.8	228.5	160.3	228.5	92.8	1.75	4.58	0	1,453	11	2.75	5.5	19.6	0.0	0.0	40.34	1	1.2758	1.9922	345	347.24	1,004.22	
187542	51	387.6	229.2	160.8	229.5	92.8	1.56	4.58	0	1,508	12	1.62	5.5	19.6	0.0	0.0	34.41	1	1.2758	1.9922	345	347.85	995.70	
188062	51	387.4	229.8	161.1	229.8	93.2	1.75	4.58	0	1,404	14	1.94	5.5	19.6	0.0	0.0	38.37	1	1.2758	1.9922	345	348.34	991.02	
188606	50	387.3	230.5	161.8	230.8	93.2	1.56	4.58	0	1,386	15	1.94	5.5	19.6	0.0	0.0	38.55	1	1.2758	1.9922	345	349.05	989.92	
189137	50	387.2	231.8	162.3	231.8	93.5	1.44	4.58	0	1,345	17	2.19	5.5	19.6	0.0	0.0	37.20	1	1.2758	1.9922	345	349.63	989.77	
189669	50	387.1	232.5	163.0	232.5	93.5	1.56	4.58	0	1,391	18	1.94	5.5	19.6	0.0	0.0	31.80	1	1.2758	1.9922	350	350.33	989.69	
190178	50	387.1	233.8	163.5	233.8	93.8	0.88	4.58	0	1,421	18	1.38	5.5	19.6	0.0	0.0	16.78	1	1.2758	1.9922	350	350.85	970.23	
190707	50	387.0	234.8	164.1	234.8	93.5	1.25	4.58	0	1,446	18	0.81	5.5	19.6	0.0	0.0	12.96	1	1.2758	1.9922	350	351.34	962.58	
191226	50	387.0	235.8	164.6	235.8	93.8	0.88	4.58	0	1,380	18	1.12	5.5	19.6	0.0	0.0	12.23	1	1.2758	1.9922	350	351.83	959.61	
191905	50	387.0	237.2	165.1	237.2	93.8	1.06	4.58	0	1,363	17	1.12	5.5	19.6	0.0	0.0	23.09	1	1.2758	1.9922	350	352.54	955.47	
192471	50	387.0	238.5	166.3	238.5	94.2	1.75	4.58	0	1,400	18	1.62	5.5	19.6	0.0	0.0	39.73	1	1.2758	1.9922	350	353.15	960.78	
193002	50	387.1	239.5	167.0	239.2	94.5	2.25	4.58	0	1,536	20	2.44	5.5	19.6	0.0	0.0	49.52	1	1.2758	1.9922	350	353.85	986.80	
193560	50	387.2	240.2	167.3	240.5	94.8	3.00	4.58	0	1,641	22	2.75	5.5	19.6	0.0	0.0	51.16	1	1.2758	1.9922	350	354.53	1,027.81	
194129	50	387.4	242.2	168.1	241.8	94.5	3.12	4.58	0	1,796	24	2.44	5.5	19.6	0.0	0.0	49.29	1	1.2758	1.9922	355	355.23	1,055.00	
194691	50	387.6	242.8	168.6	242.8	94.8	3.12	4.58	0	1,947	25	3.50	5.5	19.6	0.0	0.0	51.45	1	1.2758	1.9922	355	356.03	1,090.86	
195199	50	388.0	244.5	169.8	244.5	95.2	2.44	4.58	0	1,454	26	4.31	5.5	19.6	0.0	0.0	46.62	1	1.2758	1.9922	355	356.73	1,081.95	
195796	50	388.4	245.8	170.7	245.8	95.2	0.88	4.58	0	1,349	27	1.38	5.5	19.6	0.0	0.0	19.15	1	1.2758	1.9922	355	357.44	993.67	
196305	50	388.7	247.2	171.3	247.8	95.5	1.25	4.58	0	1,357	27	1.12	5.5	19.6	0.0	0.0	30.75	1	1.2758	1.9922	355	357.93	972.73	
196845	49	389.2	249.2	172.3	249.2	95.8	1.94	4.58	0	1,420	27	2.19	5.5	19.6	0.0	0.0	44.91	1	1.2758	1.9922	355	358.54	979.45	
197371	50	389.7	251.2	173.5	251.5	96.2	1.94	4.58	0	1,420	28	2.44	5.5	19.6	0.0	0.0	22.85	1	1.2758	1.9922	355	359.33	982.42	
197905	50	390.2	252.5	174.1	253.2	96.5	1.06	4.58	0	1,447	28	0.81	5.5	19.6	0.0	0.0	15.82	1	1.2758	1.9922	355	359.85	968.52	
198437	49	390.6	254.5	175.0	254.5	96.5	0.69	4.58	0	1,384	28	0.81	5.5	19.6	0.0	0.0	18.12	1	1.2758	1.9922	360	360.34	957.66	
198979	49	391.1	255.8	175.8	255.8	96.5	1.75	4.58	0	1,514	28	1.38	5.5	19.6	0.0	0.0	35.51	1	1.2758	1.9922	360	361.05	960.00	
199495	50	391.6	257.2	176.8	257.8	96.5	2.12	4.58	0	1,508	29	2.44	5.5	19.6	0.0	0.0	38.95	1	1.2758	1.9922	360	361.63	990.47	
200009	50	392.3	258.8	177.6	259.2	97.2	1.25	4.58	0	1,469	29	1.12	5.5	19.6	0.0	0.0	17.02	1	1.2758	1.9922	360	362.24	970.08	
200660	49	392.8	260.5	178.8	260.5	97.2	1.06	4.58	0	1,459	29	0.81	5.5	19.6	0.0	0.0	13.10	1	1.2758	1.9922	360	362.85	961.80	
201230	49	393.3	261.8	179.6	262.5	97.5	-0.62	4.58	0	1,294	28	0.56	5.5	19.6	0.0	0.0	16.69	1	1.2758	1.9922	360	363.34	960.70	
201809	49	393.9	263.8	180.8	263.8	97.8	0.38	4.58	0	1,369	27	1.12	5.5	19.6	0.0	0.0	18.12	1	1.2758	1.9922	360	363.93	961.17	
202383	49	394.5	265.2	181.5	265.5	98.2	0.19	4.58	0	1,304	26	1.12	5.5	19.6	0.0	0.0	18.00	1	1.2758	1.9922	360	364.44	966.17	
202936	49	395.0	266.5	182.1	266.5	97.8	0.19	4.58	0	1,270	25	0.81	5.5	19.6	0.0	0.0	18.02	1	1.2758	1.9922	360	364.84	966.88	
203447	49	395.4	267.5	182.8	267.5	98.5	0.19	4.58	0	1,210	24	0.81	5.5	19.6	0.0	0.0	17.27	1	1.2758	1.9922	365	365.24	967.34	
203963	50	395.9	267.5	183.1	267.8	98.5	0.38	4.58	0	1,171	23	0.56	5.5	19.6	0.0	0.0	17.44	1	1.2758	1.9922	365	365.64	967.42	
204484	50	396.4	268.5	183.6	268.5	98.8	1.56	4.58	0	1,125	23	0.81	5.5	19.6	0.0	0.0	11.98	1	1.2758	1.9922	365	366.13	965.62	
205010	50	396.9	268.5	183.8	268.5	99.2	2.12	4.58	0	1,229	22	1.38	5.5	19.6	0.0	0.0	42.63	1	1.2758	1.9922	365	366.53	957.66	
205543	50	397.4	269.2	184.2	268.5	99.2	1.75	4.58	0	1,249	23	3.50	5.5	19.6	0.0	0.0	58.17	1	1.2758	1.9922	365	367.05	988.36	
206141	50	398.2	269.5	184.3	269.5	99.5	1.56	4.58	0	1,205	24	4.06	5.5	19.6	0.0	0.0	57.70	1	1.2758	1.9922	365	367.63	1,020.78	
206701	50	399.2	269.8	184.5	269.8	99.8	1.75	4.58	0	1,284	26	4.62	5.5	19.6	0.0	0.0	59.58	1	1.2758	1.9922	365	368.33	1,025.39	
207223	50	400.1	270.2	184.8	270.5	100.2	2.12	4.58	0	1,367	27	6.25	5.5	19.6	0.0	0.0	65.48	1	1.2758	1.9922	365	368.94	1,015.00	
207740	50	401.1	271.2	185.7	271.2	100.2	2.81	4.58	0	1,393	28	7.06	5.5	19.6	0.0	0.0	69.33	1	1.2758	1.9922	365	369.53	1,062.50	
208270	50	402.6	271.5	185.8	271.8	100.5	3.69	4.58	0	1,523	30	6.50	5.5	19.6	0.0	0.0	72.47	1	1.2758	1.9922	370	370.23	1,122.81	
208873	50	404.4	272.8	186.5	273.2	100.8	5.06	4.58	0	1,642	32	6.50	5.5	19.6	0.0	0.0	77.18	1	1.2758	1.9922	370	371.33	1,210.00	
209373	50	406.7	274.2	187.1	274.2	100.8	5.75	4.58	0	1,686	35	6.75	5.5	19.6	0.0	0.0	79.57	1	1.2758	1.9922	370	372.25	1,268.52	
209952	50	410.4	275.8	188.3	275.8	101.2	6.62	4.58	0	1,803	37	8.12	5.5	19.6	0.0	0.0	82.64	1	1.2758	1.9922	370	373.14	1,341.25	
210551	50	414.7	277.8	189.3	277.8	101.5	7.31	4.58	0	1,937	40	10.81	5.5	19.6	0.0	0.0	88.03	1	1.2758	1.9922	370	374.55	1,409.38	
211163	50	420.4	279.8	190.5	280.2	101.8	4.38	4.58	0	2,071	42	6.75	5.5	19.6	0.0	0.0	33.12	1	1.2758	1.9922	375	376.05	1,047.97	
211654	49	424.1	282.5	191.8	282.8	101.8	-2.19	4.58	0	1,661	42	0.56	5.5	19.6	0.0	0.0	16.66	1	1.2758	1.9922	375	377.03	990.39	
212184	48	427.0	285.2	193.3	285.2	102.5	0.00	4.58	0	1,330	42	0.31	5.5	19.6	0.0	0.0	16.95	1	1.2758	1.9922	375	378.13	971.41	
212728	48	429.4	287.5	194.8	287.8	102.8	0.19	4.58	0	1,296	41	0.81	5.5	19.6	0.0	0.0	17.65	1	1.2758	1.9922	375	379.05	966.02	
213250	48	431.9	290.2	196.1	290.5	102.8	2.25	4.58	0	1,146	40	0.81	5.5	19.6	0.0	0.0	30.30	1	1.2758	1.9922	375	379.84	956.95	
213762	49	434.5	292.5	197.7	292.2	103.2	2.12	4.58	0	1,157	40	3.00	5.5	19.6	0.0	0.0	68.79	1	1.2758	1.9922	380	381.25	987.27	
214321	49	437.5	294.5	198.7	294.5	103.2	2.44	4.58	0	1,049	41	4.31	5.5	19.6	0.0	0.0	82.22	1	1.2758	1.9922	380	382.44	1,061.95	
214910	49	440.6	296.2	199.8	296.2	103.8	2.25	4.58	0	1,132	42	6.75	5.5	19.6	0.0	0.0	90.91	1	1.2758	1.9922	380	384.04	1,157.81	
215518	49	444.5	297.8	200.8	298.2	104.2	2.62	4.58	0	1,155	43	8.12	5.5	19.6	0.0	0.0	96.66	1	1.2758	1.9922	385	385.75	1,215.86	
216065	49	448.8	299.8	202.0	299.8	104.2	3.31	4.58	0	1,228	44	11.06	5.5	19.6	0.0	0.0	85.29	1	1.2758	1.9922	385	387.65	1,086.33	
216609	49	452.9	301.8	203.0	301.8	104.5	1.75	4.58	0	1,168	45	8.12	5.5	19.6	0.0	0.0	76.80	1	1.2758	1.9922	385	389.24	1,090.08	
217122	49	456.6	303.2	204.2	303.5	105.2	1.75	4.58	0	1,200	46	4.88	5.5	19.6	0.0	0.0	57.80	1	1.2758	1.9922	390	390.83	1,091.80	
217735	49	460.1	304.8	205.0	305.2	105.5	1.44	4.58	0	1,198	46	3.25	5.5	19.6	0.0	0.0	41.77	1	1.2758	1.9922	390	392.73	1,029.30	
218263	49	463.3	307.2	206.0	307.2	105.5	1.06	4.58	0	1,186	46	0.81	5.5	19.6	0.0	0.0	14.74	1	1.2758	1.9922	390	394.23	980.47	
218775	48	466.0	309.2	207.7	309.2	106.5	1.06	4.58	0	1,117	45	0.31	5.5	19.6	0.0	0.0	11.44	1	1.2758	1.9922	395	395.43	966.25	
219346	48	468.1	310.5	208.5	310.8	106.5	0.38	4.58	0	1,163	45	0.56	5.5	19.6	0.0	0.0	17.91	1	1.2758	1.9922	395	396.53	962.73	
219874	48	470.2	312.5	209.3	312.5	106.8	1.25	4.58	0	1,156	44	0.81	5.5	19.6	0.0	0.0	42.80	1	1.2758	1.9922	395	398.03	956.33	
220439	49	472.5	313.5	210.1	313.8	106.8	2.12	4.58	0	1,233	45	4.62	5.5	19.6	0.0	0.0	69.14	1	1.2758	1.9922	395	399.65	1,005.23	
220949	49	474.8	314.5	210.8	314.5	107.5	2.25	4.58	0	1,176	45	6.75	5.5	19.6	0.0	0.0	85.66	1	1.2758	1.9922	400	401.24	1,105.70	
221515	49	478.1	315.8	211.5	315.8	107.8	2.81	4.58	0	1,242	46	9.50	5.5	19.6	0.0	0.0	96.59	1	1.2758	1.9922	400	403.44	1,217.66	
222091	49	481.5	316.8	212.3	316.8	108.2	1.25	4.58	0	1,173	47	7.88	5.5	19.6	0.0	0.0	45.63	1	1.2758	1.9922	405	405.65	1,081.41	
222650	49	484.2	318.2	213.1	318.2	108.5	0.56	4.58	0	1,179	47	1.12	5.5	19.6	0.0	0.0	18.59	1	1.2758	1.9922	405	407.15	995.00	
223209	48	486.3	319.2	213.8	319.5	108.5	-0.06	4.58	0	1,127	46	0.31	5.5	19.6	0.0	0.0	35.60	1	1.2758	1.9922	405	408.74	968.52	
223714	49	488.5	320.5	214.6	320.5	109.2	1.56	4.58	0	1,253	46	3.00	5.5	19.6	0.0	0.0	61.05	1	1.2758	1.9922	410	410.43	987.11	
224287	49	490.8	322.2	215.8	322.2	109.5	2.12	4.58	0	1,228	47	5.44	5.5	19.6	0.0	0.0	72.14	1	1.2758	1.9922	410	412.63	1,062.73	
224870	49	493.6	322.8	216.0	323.2	109.5	1.56	4.58	0	1,246	47	6.25	5.5	19.6	0.0	0.0	42.87	1	1.2758	1.9922	410	414.83	1,050.78	
225383	49	495.6	323.8	217.0	323.8	110.2	0.88	4.58	0	1,202	47	1.12	5.5	19.6	0.0	0.0	18.16	1	1.2758	1.9922	415	416.24	990.23	
225900	48	497.1	324.8	217.5	325.2	110.5	-0.44	4.58	0	1,148	47	0.31	5.5	19.6	0.0	0.0	12.82	1	1.2758	1.9922	415	417.65	970.16	
226428	48	498.3	325.8	218.0	325.8	110.8	0.88	4.58	0	1,194	46	0.31	5.5	19.6	0.0	0.0	16.48	1	1.2758	1.9922	415	418.84	964.22	
226940	48	499.6	326.8	218.8	327.2	111.2	0.56	4.58	0	1,176	45	0.56	5.5	19.6	0.0	0.0	16.90	1	1.2758	1.9922	420	420.13	966.33	
227512	49	501.2	328.2	219.5	327.8	111.8	0.56	4.58	0	1,154	45	0.56	5.5	19.6	0.0	0.0	16.71	1	1.2758	1.9922	420	421.54	967.11	
228037	49	502.3	328.5	220.0	328.5	111.5	0.56	4.58	0	1,133	44	0.56	5.5	19.6	0.0	0.0	16.78	1	1.2758	1.9922	420	422.73	967.19	
228566	49	503.4	328.8	220.5	328.8	111.5	0.69	4.58	0	1,122	43	0.56	5.5	19.6	0.0	0.0	16.95	1	1.2758	1.9922	420	424.14	967.19	
229081	49	504.3	329.2	220.5	329.2	112.2	0.69	4.58	0	1,103	43	0.56	5.5	19.6	0.0	0.0	14.95	1	1.2758	1.9922	425	425.24	964.22	
229621	49	505.4	329.2	220.8	329.2	112.5	1.94	4.58	0	1,197	43	2.19	5.5	19.6	0.0	0.0	60.05	1	1.2758	1.9922	425	426.53	966.41	
230187	50	506.7	329.2	220.8	329.2	112.5	2.12	4.58	0	1,187	44	4.88	5.5	19.6	0.0	0.0	73.45	1	1.2758	1.9922	425	428.33	1,032.34	
230766	50	508.0	329.2	220.8	329.2	112.8	2.25	4.58	0	1,139	44	7.06	5.5	19.6	0.0	0.0	88.92	1	1.2758	1.9922	430	430.35	1,137.11	
231313	50	509.6	328.8	220.8	329.2	113.2	2.81	4.58	0	1,212	46	9.19	5.5	19.6	0.0	0.0	98.23	1	1.2758	1.9922	430	432.04	1,224.69	
231902	49	511.8	329.2	221.3	329.2	113.5	3.31	4.58	0	1,241	47	11.38	5.5	19.6	0.0	0.0	104.32	1	1.2758	1.9922	430	434.43	1,303.20	
232437	49	514.1	329.5	221.6	329.8	114.2	3.69	4.58	0	1,269	48	15.69	5.5	19.6	0.0	0.0	62.37	1	1.2758	1.9922	435	436.35	1,106.17	
232956	49	516.3	330.2	222.2	330.5	113.8	0.88	4.58	0	1,246	48	2.75	5.5	19.6	0.0	0.0	22.15	1	1.2758	1.9922	435	437.94	1,015.31	
233503	48	517.8	331.2	222.6	331.2	114.5	1.06	4.58	0	1,233	48	0.81	5.5	19.6	0.0	0.0	12.87	1	1.2758	1.9922	435	439.63	977.97	
234027	48	519.1	332.2	223.1	332.2	114.5	1.75	4.58	0	1,185	47	0.31	5.5	19.6	0.0	0.0	16.27	1	1.2758	1.9922	440	440.85	967.03	
234726	48	520.3	332.8	223.8	333.2	114.8	0.38	4.58	0	1,206	47	0.56	5.5	19.6	0.0	0.0	17.18	1	1.2758	1.9922	440	442.54	965.55	
235294	48	521.6	333.8	224.6	333.8	115.5	0.56	4.58	0	1,186	46	0.56	5.5	19.6	0.0	0.0	17.25	1	1.2758	1.9922	440	444.04	967.97	
235823	49	522.8	334.8	225.3	334.8	115.8	0.56	4.58	0	1,162	45	0.56	5.5	19.6	0.0	0.0	16.95	1	1.2758	1.9922	445	445.14	967.66	
236346	49	523.8	335.2	225.3	335.2	116.5	0.56	4.58	0	1,153	45	0.56	5.5	19.6	0.0	0.0	16.52	1	1.2758	1.9922	445	446.24	967.50	
236935	49	524.8	335.5	225.8	335.2	116.2	0.69	4.58	0	1,135	44	0.56	5.5	19.6	0.0	0.0	16.64	1	1.2758	1.9922	445	447.53	967.34	
237451	49	525.7	335.8	225.8	335.5	116.2	0.69	4.58	0	1,115	43	0.56	5.5	19.6	0.0	0.0	16.71	1	1.2758	1.9922	445	448.54	967.03	
237977	49	526.5	335.5	226.0	335.5	116.5	0.69	4.58	0	1,104	43	0.31	5.5	19.6	0.0	0.0	16.62	1	1.2758	1.9922	445	449.73	967.27	
238495	49	527.3	335.2	226.1	335.5	117.2	0.88	4.58	0	1,087	42	0.31	5.5	19.6	0.0	0.0	17.02	1	1.2758	1.9922	450	450.74	966.64	
239044	49	528.1	335.2	225.8	334.8	117.2	0.88	4.58	0	1,063	41	0.56	5.5	19.6	0.0	0.0	16.90	1	1.2758	1.9922	450	451.63	965.94	
239593	49	528.8	334.5	226.3	334.5	117.5	0.88	4.58	0	1,048	41	0.31	5.5	19.6	0.0	0.0	16.97	1	1.2758	1.9922	450	452.64	966.02	
240126	49	529.5	334.2	225.8	334.2	117.8	0.88	4.58	0	1,039	40	0.56	5.5	19.6	0.0	0.0	17.13	1	1.2758	1.9922	450	453.53	965.08	
240703	50	530.1	333.5	225.8	333.8	117.8	1.06	4.58	0	1,017	39	0.31	5.5	19.6	0.0	0.0	16.78	1	1.2758	1.9922	450	454.44	964.92	
241221	50	530.7	333.5	225.8	333.5	118.2	1.06	4.58	0	1,003	39	0.56	5.5	19.6	0.0	0.0	17.06	1	1.2758	1.9922	455	455.24	964.38	
241769	50	531.3	332.5	225.3	332.8	118.2	1.25	4.58	0	983	38	0.00	5.5	19.6	0.0	0.0	16.95	1	1.2758	1.9922	455	456.13	963.98	
242298	50	531.8	332.2	225.5	332.2	118.2	1.25	4.58	0	970	38	0.00	5.5	19.6	0.0	0.0	17.20	1	1.2758	1.9922	455	456.83	963.67	
242808	50	532.3	331.2	225.1	331.5	118.8	1.25	4.58	0	959	37	0.31	5.5	19.6	0.0	0.0	17.34	1	1.2758	1.9922	455	457.54	963.28	
243302	50	532.7	330.8	224.6	330.8	118.8	1.94	4.58	0	989	36	0.56	5.5	19.6	0.0	0.0	14.44	1	1.2758	1.9922	455	458.24	962.11	
243869	50	533.1	330.2	224.8	330.5	118.8	0.69	4.58	0	1,197	35	0.31	5.5	19.6	0.0	0.0	16.57	1	1.2758	1.9922	455	458.94	963.52	
244411	50	533.6	329.5	224.3	329.5	119.2	0.56	4.58	0	1,122	34	0.56	5.5	19.6	0.0	0.0	18.14	1	1.2758	1.9922	455	459.65	964.84	
244936	50	534.1	328.8	224.0	328.5	119.2	0.56	4.58	0	1,136	33	0.56	5.5	19.6	0.0	0.0	18.00	1	1.2758	1.9922	460	460.14	965.94	
245471	50	534.5	327.8	224.0	328.2	119.5	-0.06	4.58	0	1,300	32	0.81	5.5	19.6	0.0	0.0	19.71	1	1.2758	1.9922	460	460.84	960.16	
246009	50	534.9	327.5	223.5	327.2	120.2	2.25	4.58	0	1,615	32	1.94	5.5	19.6	0.0	0.0	40.64	1	1.2758	1.9922	460	461.64	967.34	
246593	51	535.3	326.8	223.1	326.5	119.8	3.00	4.58	0	1,678	34	3.25	5.5	19.6	0.0	0.0	53.88	1	1.2758	1.9922	460	462.74	1,013.05	
247123	51	535.5	326.2	223.3	326.2	120.2	3.50	4.58	0	1,732	35	3.50	5.5	19.6	0.0	0.0	53.65	1	1.2758	1.9922	460	463.75	1,055.94	
247642	51	535.5	326.2	223.1	326.2	120.2	3.50	4.58	0	1,813	36	3.25	5.5	19.6	0.0	0.0	52.12	1	1.2758	1.9922	460	464.85	1,078.12	
248181	50	535.4	326.2	223.0	326.2	120.5	1.75	4.58	0	1,831	37	1.62	5.5	19.6	0.0	0.0	22.83	1	1.2758	1.9922	465	466.14	1,016.02	
248728	50	535.3	326.5	223.5	326.5	120.5	1.94	4.58	0	1,853	37	0.31	5.5	19.6	0.0	0.0	13.57	1	1.2758	1.9922	465	467.03	978.75	
249272	50	535.1	327.5	223.8	327.2	120.8	2.12	4.58	0	1,819	37	-0.19	5.5	19.6	0.0	0.0	11.84	1	1.2758	1.9922	465	468.13	968.20	
249822	50	534.9	328.2	224.8	328.2	120.8	3.81	4.58	0	1,703	36	-0.19	5.5	19.6	0.0	0.0	18.02	1	1.2758	1.9922	465	468.93	966.33	
250364	50	534.8	329.5	225.2	329.5	121.2	1.25	4.58	0	1,622	35	0.56	5.5	19.6	0.0	0.0	19.17	1	1.2758	1.9922	465	469.84	972.58	
250893	50	534.8	329.5	225.5	329.8	121.5	0.38	4.58	0	1,341	34	1.12	5.5	19.6	0.0	0.0	18.33	1	1.2758	1.9922	470	470.64	970.86	
251405	50	534.8	330.8	226.3	330.8	121.5	0.38	4.58	0	1,204	33	0.81	5.5	19.6	0.0	0.0	18.07	1	1.2758	1.9922	470	471.34	969.30	
252018	50	534.8	331.2	226.5	331.2	121.8	0.56	4.58	0	1,136	33	0.56	5.5	19.6	0.0	0.0	17.65	1	1.2758	1.9922	470	472.14	968.59	
252516	50	534.9	331.8	227.0	331.8	121.8	0.69	4.58	0	1,083	32	0.31	5.5	19.6	0.0	0.0	17.91	1	1.2758	1.9922	470	472.75	967.50	
253094	50	535.0	332.5	227.5	332.5	121.8	0.88	4.58	0	1,057	31	0.56	5.5	19.6	0.0	0.0	17.58	1	1.2758	1.9922	470	473.55	966.64	
253605	50	535.2	332.8	227.3	332.5	122.5	0.88	4.58	0	1,019	30	0.56	5.5	19.6	0.0	0.0	17.79	1	1.2758	1.9922	470	474.04	965.62	
254185	50	535.3	332.8	227.8	332.8	122.5	1.06	4.58	0	993	29	0.56	5.5	19.6	0.0	0.0	17.41	1	1.2758	1.9922	470	474.74	964.84	
254713	50	535.4	333.2	227.8	333.2	122.5	1.25	4.58	0	967	28	0.31	5.5	19.6	0.0	0.0	17.86	1	1.2758	1.9922	475	475.14	963.98	
255248	51	535.5	333.2	227.6	333.2	122.8	1.25	4.58	0	947	28	0.00	5.5	19.6	0.0	0.0	17.86	1	1.2758	1.9922	475	475.63	962.81	
255795	51	535.7	332.8	227.8	332.8	122.8	1.25	4.58	0	900	27	0.00	5.5	19.6	0.0	0.0	12.61	1	1.2758	1.9922	475	476.15	961.09	
256339	51	535.8	332.8	227.8	332.8	123.5	1.94	4.58	0	1,126	27	1.38	5.5	19.6	0.0	0.0	50.04	1	1.2758	1.9922	475	476.64	953.67	
256860	51	535.8	332.5	227.8	332.2	123.5	2.25	4.58	0	1,367	27	5.94	5.5	19.6	0.0	0.0	65.67	1	1.2758	1.9922	475	477.25	997.66	
257427	51	535.7	332.2	228.0	332.2	123.5	2.81	4.58	0	1,449	29	7.88	5.5	19.6	0.0	0.0	64.36	1	1.2758	1.9922	475	478.23	1,028.67	
257999	51	535.6	332.5	227.8	332.2	123.5	3.50	4.58	0	1,623	31	7.06	5.5	19.6	0.0	0.0	56.95	1	1.2758	1.9922	475	479.24	993.67	
258522	51	535.3	332.5	228.1	332.5	123.8	3.69	4.58	0	1,625	33	6.25	5.5	19.6	0.0	0.0	58.73	1	1.2758	1.9922	480	480.13	980.00	
259099	50	534.8	333.5	228.8	333.5	123.8	4.88	4.58	0	1,718	34	7.88	5.5	19.6	0.0	0.0	66.30	1	1.2758	1.9922	480	481.35	1,016.09	
259664	50	534.2	334.2	229.0	334.2	124.2	2.25	4.58	0	1,267	36	6.50	5.5	19.6	0.0	0.0	73.66	1	1.2758	1.9922	480	482.24	1,088.20	
260307	50	533.9	335.5	229.7	335.2	124.5	2.62	4.58	0	1,314	37	8.12	5.5	19.6	0.0	0.0	76.17	1	1.2758	1.9922	480	483.53	1,143.44	
260840	50	533.8	336.8	230.6	336.8	124.8	2.62	4.58	0	1,350	38	10.56	5.5	19.6	0.0	0.0	66.59	1	1.2758	1.9922	480	484.44	1,084.14	
261387	50	534.1	338.8	231.5	338.5	124.8	1.06	4.58	0	1,315	39	2.75	5.5	19.6	0.0	0.0	20.06	1	1.2758	1.9922	485	485.43	1,008.28	
261966	49	534.2	340.8	232.5	341.2	125.2	0.88	4.58	0	1,322	39	1.12	5.5	19.6	0.0	0.0	18.68	1	1.2758	1.9922	485	486.04	967.66	
262488	49	534.3	342.5	234.1	342.5	125.5	1.94	4.58	0	1,389	39	1.94	5.5	19.6	0.0	0.0	49.03	1	1.2758	1.9922	485	487.05	975.78	
262992	49	534.3	344.8	235.1	344.8	125.5	2.25	4.58	0	1,416	39	4.88	5.5	19.6	0.0	0.0	61.97	1	1.2758	1.9922	485	487.84	1,001.17	
263528	49	534.3	346.5	236.0	346.8	125.8	2.44	4.58	0	1,422	41	7.06	5.5	19.6	0.0	0.0	64.55	1	1.2758	1.9922	485	488.73	1,020.78	
264120	49	534.2	348.8	237.3	349.2	126.2	3.00	4.58	0	1,436	42	7.88	5.5	19.6	0.0	0.0	77.02	1	1.2758	1.9922	485	489.74	1,118.12	
264692	49	534.5	351.5	238.8	351.2	126.5	4.00	4.58	0	1,523	43	9.50	5.5	19.6	0.0	0.0	83.32	1	1.2758	1.9922	490	490.84	1,198.52	
265217	49	535.2	353.5	239.6	353.8	126.8	4.56	4.58	0	1,562	45	10.56	5.5	19.6	0.0	0.0	83.18	1	1.2758	1.9922	490	491.73	1,252.42	
265783	49	536.4	356.2	241.5	356.5	127.2	5.06	4.58	0	1,590	46	10.81	5.5	19.6	0.0	0.0	83.53	1	1.2758	1.9922	490	492.74	1,245.23	
266365	49	538.0	358.8	243.3	359.5	127.2	5.25	4.58	0	1,645	48	10.00	5.5	19.6	0.0	0.0	81.35	1	1.2758	1.9922	490	493.63	1,252.89	
266936	49	540.2	362.8	245.0	363.2	128.2	5.94	4.58	0	1,678	49	10.00	5.5	19.6	0.0	0.0	80.98	1	1.2758	1.9922	490	494.73	1,242.11	
267468	49	542.5	366.2	246.6	366.2	128.2	6.12	4.58	0	1,737	51	10.00	5.5	19.6	0.0	0.0	79.80	1	1.2758	1.9922	495	495.93	1,228.75	
267997	49	545.4	369.5	249.0	369.5	128.5	6.62	4.58	0	1,797	52	9.75	5.5	19.6	0.0	0.0	77.32	1	1.2758	1.9922	495	497.03	1,185.00	
268525	49	548.7	373.5	251.0	373.8	128.8	5.38	4.58	0	1,796	53	6.50	5.5	19.6	0.0	0.0	58.55	1	1.2758	1.9922	495	498.25	1,055.47	
269134	48	551.7	377.5	253.1	377.8	129.5	4.88	4.58	0	1,847	54	7.56	5.5	19.6	0.0	0.0	71.86	1	1.2758	1.9922	495	499.75	1,218.28	
269645	48	555.0	381.8	255.1	381.8	129.2	4.56	4.58	0	1,532	55	11.06	5.5	19.6	0.0	0.0	87.42	1	1.2758	1.9922	500	501.13	1,263.59	
270191	49	559.6	386.5	258.3	387.2	130.2	4.19	4.58	0	1,456	56	13.25	5.5	19.6	0.0	0.0	104.93	1	1.2758	1.9922	500	502.94	1,363.98	
270770	49	564.2	391.2	260.6	391.8	130.8	7.50	4.58	0	1,506	58	20.56	5.5	19.6	0.0	0.0	118.36	1	1.2758	1.9922	500	505.05	1,550.62	
271295	49	568.7	395.8	263.6	396.2	131.2	7.69	4.58	0	1,549	59	20.25	5.5	19.6	0.0	0.0	116.98	1	1.2758	1.9922	505	506.94	1,541.02	
271817	49	574.2	400.5	265.8	400.8	131.8	9.06	4.58	0	1,680	61	20.00	5.5	19.6	0.0	0.0	120.94	1	1.2758	1.9922	505	509.15	1,634.06	
272399	49	580.4	405.5	269.0	406.2	132.5	9.38	4.58	0	1,625	63	22.19	5.5	19.6	0.0	0.0	121.03	1	1.2758	1.9922	510	512.15	1,599.06	
272941	49	587.2	410.2	271.5	411.2	132.8	10.25	4.58	0	1,690	64	21.38	5.5	19.6	0.0	0.0	124.99	1	1.2758	1.9922	515	514.94	1,682.97	
273528	49	595.2	416.2	274.5	416.5	133.8	10.81	4.58	0	1,705	66	23.00	5.5	19.6	0.0	0.0	121.97	1	1.2758	1.9922	515	518.73	1,627.27	
274068	49	602.3	421.2	277.3	421.8	134.5	11.31	4.58	0	1,828	68	23.00	5.5	19.6	0.0	0.0	127.80	1	1.2758	1.9922	520	522.13	1,664.06	
274585	49	610.4	426.5	280.8	427.2	135.2	11.12	4.58	0	1,803	70	23.00	5.5	19.6	0.0	0.0	117.56	1	1.2758	1.9922	525	526.75	1,545.00	
275141	49	618.7	431.8	283.1	432.5	136.2	11.12	4.58	0	1,861	71	20.56	5.5	19.6	0.0	0.0	103.52	1	1.2758	1.9922	530	530.73	1,366.80	
275688	48	627.1	437.5	286.3	437.5	136.5	9.75	4.58	0	1,876	72	16.25	5.5	19.6	0.0	0.0	93.87	1	1.2758	1.9922	535	535.63	1,264.61	
276208	48	635.4	442.8	289.7	443.2	137.8	9.25	4.58	0	1,902	73	14.31	5.5	19.6	0.0	0.0	78.82	1	1.2758	1.9922	535	539.85	1,183.28	
276736	48	642.6	447.8	292.7	448.5	138.2	3.12	4.58	0	1,943	74	5.12	5.5	19.6	0.0	0.0	35.93	1	1.2758	1.9922	540	543.74	1,082.27	
277281	48	648.3	453.2	296.0	454.2	138.8	0.00	4.58	0	1,530	73	0.81	5.5	20.0	0.0	0.0	12.94	1	1.2758	2.0070	545	547.14	995.39	
277943	47	652.5	458.5	299.2	458.5	140.2	0.38	4.58	0	1,511	72	0.81	5.5	19.6	0.0	0.0	30.40	1	1.2758	1.9922	550	550.35	967.50	
278442	47	656.6	462.5	301.3	463.8	141.2	2.81	4.58	0	1,602	72	4.62	5.5	19.6	0.0	0.0	55.24	1	1.2758	1.9922	550	553.44	1,013.83	
279016	48	661.4	467.2	304.5	467.8	142.2	3.69	4.58	0	1,543	72	7.56	5.5	19.6	0.0	0.0	73.80	1	1.2758	1.9922	555	557.55	1,116.09	
279597	48	666.1	471.2	306.8	471.5	142.5	4.19	4.58	0	1,570	73	9.75	5.5	20.0	0.0	0.0	81.07	1	1.2758	2.0070	560	561.74	1,201.72	
280116	48	670.0	474.2	308.5	474.8	143.2	4.56	4.58	0	1,579	73	10.56	5.5	20.0	0.0	0.0	84.47	1	1.2758	2.0070	565	565.23	1,250.94	
280714	48	674.6	477.2	310.8	477.2	144.2	4.88	4.58	0	1,578	74	11.88	5.5	20.0	0.0	0.0	83.81	1	1.2758	2.0000	565	569.55	1,146.17	
281222	48	678.3	480.5	312.5	480.8	144.8	2.12	4.58	0	1,553	74	3.81	5.5	19.6	0.0	0.0	27.28	1	1.2758	2.0141	570	572.64	1,048.28	
281794	48	680.9	483.5	314.5	483.8	145.5	1.06	4.58	0	1,517	73	1.12	5.5	20.0	0.0	0.0	12.75	1	1.2758	2.0070	575	575.43	983.44	
282321	47	682.8	486.2	316.3	486.5	146.5	1.56	4.58	0	1,310	73	0.31	5.5	20.0	0.0	0.0	15.12	1	1.2758	2.0070	575	577.54	968.05	
282853	47	684.4	488.5	317.7	488.8	147.5	0.88	4.58	0	1,285	72	1.12	5.5	20.0	0.0	0.0	46.10	1	1.2758	2.0070	575	579.74	959.22	
283373	48	686.3	490.5	319.0	490.8	148.2	3.00	4.58	0	1,534	72	6.25	5.5	20.0	0.0	0.0	65.18	1	1.2758	2.0070	580	582.83	1,028.28	
283906	48	687.8	491.8	320.0	492.2	148.8	4.69	4.58	0	1,557	72	11.88	5.5	20.0	0.0	0.0	98.55	1	1.2758	2.0070	585	585.74	1,239.14	
284428	48	689.6	493.8	321.6	493.8	149.5	7.12	4.58	0	1,589	72	18.12	5.5	20.0	0.0	0.0	108.30	1	1.2758	2.0148	585	588.74	1,399.53	
284962	49	691.3	494.8	322.5	495.2	150.2	9.75	4.58	0	1,933	73	20.81	5.5	20.0	0.0	0.0	109.08	1	1.2758	2.0148	590	591.93	1,444.92	
285467	49	693.1	496.8	323.8	496.8	150.8	10.62	4.58	0	1,920	74	21.62	5.5	20.0	0.0	0.0	106.36	1	1.2758	2.0148	595	595.84	1,424.14	
286081	48	694.7	498.5	324.8	498.5	151.8	10.25	4.58	0	1,956	76	22.44	5.5	20.0	0.0	0.0	77.88	1	1.2758	2.0148	595	599.73	1,155.78	
286592	48	696.3	500.2	326.3	500.5	152.5	2.12	4.58	0	1,999	75	1.12	5.5	20.0	0.0	0.0	18.47	1	1.2758	2.0148	600	602.24	1,005.55	
287139	47	697.3	503.5	328.3	503.5	153.5	-2.19	4.58	0	1,860	75	0.00	5.5	20.0	0.0	0.0	17.62	1	1.2758	2.0070	600	604.35	975.08	
287590	47	698.0	505.2	329.5	505.5	154.2	0.19	4.58	0	1,442	74	1.12	5.5	20.0	0.0	0.0	16.55	1	1.2758	2.0070	605	606.13	968.52	
288184	47	698.7	507.5	331.0	507.8	154.8	0.56	4.58	0	1,518	73	0.81	5.5	20.0	0.0	0.0	17.04	1	1.2758	2.0000	605	608.15	964.84	
288707	48	699.3	509.5	332.3	509.5	155.5	0.56	4.58	0	1,523	72	0.81	5.5	19.6	0.0	0.0	17.13	1	1.2758	2.0000	605	609.74	969.84	
289244	48	699.9	510.8	333.5	510.8	156.2	0.38	4.58	0	1,270	72	0.81	5.5	19.6	0.0	0.0	16.62	1	1.2758	2.0000	610	611.15	969.92	
289768	48	700.4	511.8	334.1	511.8	157.2	0.56	4.58	0	1,257	71	0.81	5.5	20.0	0.0	0.0	16.85	1	1.2758	2.0148	610	612.83	969.06	
290288	48	700.9	512.5	334.7	512.5	157.8	0.56	4.58	0	1,239	70	0.56	5.5	20.0	0.0	0.0	16.66	1	1.2758	2.0148	610	614.15	969.06	
290826	48	701.3	512.2	335.3	512.2	158.2	0.56	4.58	0	1,215	69	0.56	5.5	20.0	0.0	0.0	16.92	1	1.2758	2.0148	615	615.44	968.52	
291377	49	701.8	512.5	335.6	512.2	158.5	0.56	4.58	0	1,204	68	0.56	5.5	20.0	0.0	0.0	17.06	1	1.2758	2.0148	615	616.84	968.05	
291942	49	702.1	511.8	335.6	511.8	159.2	0.56	4.58	0	1,190	68	0.56	5.5	20.0	0.0	0.0	17.09	1	1.2758	2.0070	615	617.94	967.66	
292468	49	702.5	511.2	335.5	511.2	159.8	0.56	4.58	0	1,179	67	0.56	5.5	20.0	0.0	0.0	16.92	1	1.2758	2.0070	615	619.23	967.50	
292996	49	702.8	510.5	335.5	510.5	160.5	0.56	4.58	0	1,166	66	0.56	5.5	19.6	0.0	0.0	17.18	1	1.2758	2.0000	620	620.33	967.11	
293557	49	703.1	509.2	335.3	508.8	160.8	0.69	4.58	0	1,153	65	0.56	5.5	20.0	0.0	0.0	17.18	1	1.2758	2.0148	620	621.34	966.88	
294092	49	703.3	507.8	334.7	507.8	161.5	0.69	4.58	0	1,152	65	0.56	5.5	20.0	0.0	0.0	17.84	1	1.2758	2.0070	620	622.54	966.17	
294733	49	703.5	506.5	334.5	506.5	162.2	0.38	4.58	0	1,353	64	0.00	5.5	20.0	0.0	0.0	15.52	1	1.2758	2.0000	620	623.85	965.00	
295259	49	703.8	505.2	334.0	505.2	162.5	0.38	4.58	0	1,303	63	0.81	5.5	20.0	0.0	0.0	17.46	1	1.2758	2.0148	620	624.83	966.72	
295794	49	704.0	503.5	333.2	503.2	163.2	0.38	4.58	0	1,315	63	0.81	5.5	20.0	0.0	0.0	17.93	1	1.2758	2.0148	625	625.94	967.34	
296318	50	704.2	501.8	332.8	501.5	163.5	0.38	4.58	0	1,297	62	1.12	5.5	20.0	0.0	0.0	18.00	1	1.2758	2.0148	625	626.94	968.05	
296852	50	704.3	500.5	332.2	500.5	163.8	0.38	4.58	0	1,281	61	0.81	5.5	20.0	0.0	0.0	17.91	1	1.2758	2.0148	625	627.93	968.52	
297387	50	704.5	498.8	332.0	498.5	164.2	0.38	4.58	0	1,263	60	0.81	5.5	20.0	0.0	0.0	18.05	1	1.2758	2.0148	625	629.03	968.52	
297822	50	704.6	497.2	331.3	497.2	164.8	0.38	4.58	0	1,252	60	0.81	5.5	20.0	0.0	0.0	17.95	1	1.2758	2.0148	625	629.73	968.36	
298348	50	704.8	495.8	330.5	495.8	165.5	0.38	4.58	0	1,247	59	0.81	5.5	20.0	0.0	0.0	18.16	1	1.2758	2.0148	630	630.65	968.12	
298909	50	704.9	494.2	330.0	494.2	165.5	0.38	4.58	0	1,226	58	0.81	5.5	20.0	0.0	0.0	18.23	1	1.2758	2.0148	630	631.63	967.81	
299427	50	705.0	492.5	329.3	492.5	165.8	0.56	4.58	0	1,212	58	0.56	5.5	20.0	0.0	0.0	18.26	1	1.2758	2.0148	630	632.43	968.20	
299977	50	705.2	490.8	328.5	490.8	166.2	0.56	4.58	0	1,194	57	0.81	5.5	20.0	0.0	0.0	18.30	1	1.2758	2.0148	630	633.34	967.89	
300520	50	705.3	488.8	328.1	488.8	166.8	0.56	4.58	0	1,185	57	0.56	5.5	20.0	0.0	0.0	18.42	1	1.2758	2.0148	630	634.05	967.42	
301134	50	705.3	487.2	327.3	486.8	166.8	0.69	4.58	0	1,170	56	0.56	5.5	20.0	0.0	0.0	18.28	1	1.2758	2.0148	635	634.94	967.34	
301675	50	705.4	485.5	326.6	485.5	167.5	0.69	4.58	0	1,155	55	0.56	5.5	20.0	0.0	0.0	18.35	1	1.2758	2.0148	635	635.73	966.80	
302201	50	705.4	483.8	326.0	483.8	167.5	0.69	4.58	0	1,140	54	0.56	5.5	20.0	0.0	0.0	18.38	1	1.2758	2.0148	635	636.34	966.48	
302766	50	705.5	482.2	325.3	482.5	167.8	0.69	4.58	0	1,125	54	0.56	5.5	20.0	0.0	0.0	18.38	1	1.2758	2.0148	635	637.05	966.25	
303401	51	705.5	480.8	324.3	480.5	167.8	0.88	4.58	0	1,116	53	0.56	5.5	20.0	0.0	0.0	18.28	1	1.2758	2.0148	635	637.75	966.02	
303904	51	705.5	479.2	324.0	478.8	168.8	0.88	4.58	0	1,098	52	0.31	5.5	20.0	0.0	0.0	18.47	1	1.2758	2.0148	635	638.33	965.62	
304467	51	705.5	477.2	323.1	477.2	168.8	0.88	4.58	0	1,074	51	0.56	5.5	20.0	0.0	0.0	14.58	1	1.2758	2.0148	635	638.94	964.45	
305028	51	705.4	475.5	322.3	475.2	169.5	-0.81	4.58	0	1,268	50	0.00	5.5	20.0	0.0	0.0	16.76	1	1.2758	2.0148	635	639.44	963.44	
305545	51	705.4	473.8	321.8	473.8	169.5	0.56	4.58	0	1,239	48	0.81	5.5	20.0	0.0	0.0	18.68	1	1.2758	2.0148	640	639.93	965.23	
306130	51	705.3	472.5	321.3	472.5	169.5	0.56	4.58	0	1,206	46	0.81	5.5	20.0	0.0	0.0	18.94	1	1.2758	2.0148	640	640.44	966.09	
306702	51	705.3	470.8	320.7	470.8	170.2	0.69	4.58	0	1,151	44	0.56	5.5	20.0	0.0	0.0	18.80	1	1.2758	2.0148	640	640.94	965.94	
307233	51	705.2	469.5	319.6	469.2	170.2	0.88	4.58	0	1,106	43	0.56	5.5	20.0	0.0	0.0	19.41	1	1.2758	2.0148	640	641.33	965.62	
307801	51	705.2	467.8	319.3	467.8	170.8	1.44	4.58	0	1,362	41	0.81	5.5	20.0	0.0	0.0	10.43	1	1.2758	2.0148	640	641.73	962.19	
308325	51	705.1	466.5	318.8	466.5	170.5	0.56	4.58	0	1,352	41	0.81	5.5	20.0	0.0	0.0	18.77	1	1.2758	2.0148	640	642.04	964.53	
308872	51	705.0	465.2	318.0	465.5	171.2	0.38	4.58	0	1,394	41	1.12	5.5	20.0	0.0	0.0	19.78	1	1.2758	2.0148	640	642.34	966.88	
309408	51	705.0	463.8	317.5	463.8	171.2	0.38	4.58	0	1,373	41	1.12	5.5	20.0	0.0	0.0	19.85	1	1.2758	2.0148	640	642.65	968.05	
309955	51	704.9	463.2	317.0	463.2	170.8	0.38	4.58	0	1,360	40	1.12	5.5	20.0	0.0	0.0	19.83	1	1.2758	2.0148	640	642.83	969.06	
310497	51	704.9	461.8	316.6	461.8	171.2	0.38	4.58	0	1,351	40	1.12	5.5	20.0	0.0	0.0	19.76	1	1.2758	2.0148	640	643.14	969.61	
311018	51	704.8	460.8	315.8	460.8	171.2	0.38	4.58	0	1,340	40	1.12	5.5	20.0	0.0	0.0	19.71	1	1.2758	2.0148	640	643.35	969.69	
311642	51	704.8	459.8	315.6	459.5	171.5	0.38	4.58	0	1,331	39	1.12	5.5	20.0	0.0	0.0	19.73	1	1.2758	2.0148	640	643.54	969.45	
312153	51	704.7	458.8	315.7	458.5	171.5	0.19	4.58	0	1,325	39	1.12	5.5	20.0	0.0	0.0	19.78	1	1.2758	2.0148	640	643.63	969.92	
312692	52	704.6	457.5	314.8	457.5	172.2	0.38	4.58	0	1,320	39	0.81	5.5	20.0	0.0	0.0	19.85	1	1.2758	2.0148	640	643.84	969.45	
313200	52	704.6	456.8	314.3	456.8	172.2	0.38	4.58	0	1,313	39	1.12	5.5	20.0	0.0	0.0	19.88	1	1.2758	2.0148	640	643.94	969.22	
313771	52	704.5	455.8	314.1	455.5	172.2	0.38	4.58	0	1,316	39	0.81	5.5	20.0	0.0	0.0	19.76	1	1.2758	2.0148	640	644.15	969.69	
314285	52	704.4	455.2	313.6	455.2	172.5	0.19	4.58	0	1,314	39	0.81	5.5	20.0	0.0	0.0	19.95	1	1.2758	2.0148	640	644.24	969.45	
314873	52	704.2	454.2	313.6	453.8	172.5	0.38	4.58	0	1,316	39	1.12	5.5	20.0	0.0	0.0	19.83	1	1.2758	2.0148	640	644.33	969.45	
315446	52	704.1	453.2	312.8	452.8	172.5	0.19	4.58	0	1,322	39	0.81	5.5	20.0	0.0	0.0	19.88	1	1.2758	2.0148	640	644.33	969.45	
315966	52	704.0	452.2	312.6	452.5	172.5	0.19	4.58	0	1,322	39	1.12	5.5	20.0	0.0	0.0	19.95	1	1.2758	2.0148	640	644.43	969.92	
316511	52	703.8	451.8	312.5	451.8	172.8	0.38	4.58	0	1,327	40	1.12	5.5	20.0	0.0	0.0	20.09	1	1.2758	2.0148	640	644.55	969.38	
317071	52	703.6	451.5	312.3	450.8	173.2	0.38	4.58	0	1,341	39	0.81	5.5	20.0	0.0	0.0	20.25	1	1.2758	2.0148	640	644.55	970.16	
317604	52	703.4	450.5	311.8	450.5	173.2	0.19	4.58	0	1,339	40	1.12	5.5	20.0	0.0	0.0	20.20	1	1.2758	2.0148	640	644.55	969.92	
318153	52	703.2	449.8	311.5	449.8	173.5	0.19	4.58	0	1,339	40	1.12	5.5	20.0	0.0	0.0	20.32	1	1.2758	2.0148	640	644.64	970.00	
318730	52	703.0	449.2	311.5	449.2	173.8	0.19	4.58	0	1,342	40	1.12	5.5	20.0	0.0	0.0	20.20	1	1.2758	2.0148	640	644.64	969.84	
319245	52	702.7	448.5	311.1	448.5	173.5	0.38	4.58	0	1,339	40	1.12	5.5	20.0	0.0	0.0	20.25	1	1.2758	2.0148	640	644.64	969.69	
319826	52	702.4	448.2	311.0	448.2	173.8	0.19	4.58	0	1,333	39	1.12	5.5	20.0	0.0	0.0	20.32	1	1.2758	2.0148	640	644.64	969.84	
320452	52	702.2	447.2	310.8	447.5	173.5	0.19	4.58	0	1,327	39	1.12	5.5	20.0	0.0	0.0	20.41	1	1.2758	2.0148	640	644.64	969.84	
320989	52	701.9	447.2	310.3	447.2	173.8	0.19	4.58	0	1,317	39	1.12	5.5	20.0	0.0	0.0	20.37	1	1.2758	2.0148	640	644.64	969.61	
321569	52	701.5	446.5	310.1	446.5	174.2	0.19	4.58	0	1,309	39	0.81	5.5	20.0	0.0	0.0	20.20	1	1.2758	2.0148	640	644.64	969.30	
322098	52	701.1	445.8	309.8	445.5	174.2	0.19	4.58	0	1,294	38	0.81	5.5	20.0	0.0	0.0	20.20	1	1.2758	2.0148	640	644.64	969.38	
322627	52	700.8	445.5	309.8	445.5	174.5	0.19	4.58	0	1,281	38	0.81	5.5	20.0	0.0	0.0	20.32	1	1.2758	2.0148	640	644.55	969.45	
323150	52	700.4	445.5	309.5	445.2	174.2	0.19	4.58	0	1,271	38	0.81	5.5	20.0	0.0	0.0	20.23	1	1.2758	2.0148	640	644.55	969.14	
323689	52	700.0	444.5	309.3	444.5	174.5	0.38	4.58	0	1,255	37	0.81	5.5	20.0	0.0	0.0	20.25	1	1.2758	2.0148	640	644.55	969.22	
324287	52	699.6	444.2	309.3	444.2	174.5	0.38	4.58	0	1,237	36	0.81	5.5	20.0	0.0	0.0	20.25	1	1.2758	2.0148	640	644.43	969.06	
324838	52	699.2	443.5	309.0	443.2	174.5	0.56	4.58	0	1,217	36	0.81	5.5	20.0	0.0	0.0	20.02	1	1.2758	2.0148	640	644.43	968.98	
325355	52	698.8	443.2	308.8	443.2	174.8	0.56	4.58	0	1,198	35	0.56	5.5	20.0	0.0	0.0	20.02	1	1.2758	2.0148	640	644.33	968.83	
325882	52	698.3	442.5	308.8	442.5	174.8	0.56	4.58	0	1,153	34	0.56	5.5	20.0	0.0	0.0	19.83	1	1.2758	2.0148	640	644.24	968.44	
326422	52	697.9	442.5	308.3	442.2	175.2	0.88	4.58	0	1,081	32	0.56	5.5	20.0	0.0	0.0	19.45	1	1.2758	2.0148	640	644.24	967.50	
326964	52	697.4	441.8	308.8	441.5	175.2	0.56	4.58	0	1,169	29	0.56	5.5	20.0	0.0	0.0	20.13	1	1.2758	2.0148	640	644.15	967.73	
327478	52	697.0	441.5	308.3	441.5	175.2	0.38	4.58	0	1,236	27	0.81	5.5	20.0	0.0	0.0	20.46	1	1.2758	2.0148	640	644.03	967.97	
328053	52	696.5	441.2	308.1	441.2	175.5	0.38	4.58	0	1,295	26	0.81	5.5	20.0	0.0	0.0	21.07	1	1.2758	2.0148	640	643.94	969.22	
328608	52	695.9	440.8	308.0	440.5	175.2	1.56	4.58	0	1,281	25	1.12	5.5	20.0	0.0	0.0	36.42	1	1.2758	2.0148	640	643.84	958.98	
329271	53	695.1	440.2	307.7	440.5	175.5	2.12	4.58	0	1,395	26	3.50	5.5	20.0	0.0	0.0	57.00	1	1.2758	2.0148	640	643.84	989.84	
329810	53	694.0	439.8	307.8	439.8	175.5	2.25	4.58	0	1,402	28	5.44	5.5	20.0	0.0	0.0	59.39	1	1.2758	2.0148	640	643.94	1,037.34	
330376	52	691.7	439.8	307.8	439.8	175.5	1.94	4.58	0	1,494	29	4.31	5.5	20.0	0.0	0.0	43.97	1	1.2758	2.0148	640	644.24	1,039.22	
330918	52	689.7	440.2	308.1	440.2	175.8	2.12	4.58	0	1,508	30	3.25	5.5	20.0	0.0	0.0	42.63	1	1.2758	2.0148	640	644.43	1,023.28	
331489	52	687.4	441.2	308.3	441.5	175.8	2.62	4.58	0	1,615	32	5.12	5.5	20.0	0.0	0.0	56.23	1	1.2758	2.0148	640	644.73	1,048.20	
332076	51	684.4	442.5	309.2	442.8	176.5	2.62	4.58	0	1,653	33	4.31	5.5	20.0	0.0	0.0	48.35	1	1.2758	2.0148	645	645.04	1,057.11	
332615	51	681.4	444.5	310.2	444.5	176.5	3.31	4.58	0	1,768	35	5.12	5.5	20.0	0.0	0.0	55.88	1	1.2758	2.0148	645	645.13	1,075.39	
333198	51	678.0	446.5	311.5	446.8	176.8	1.75	4.58	0	1,335	36	6.75	5.5	20.0	0.0	0.0	64.76	1	1.2758	2.0148	645	645.34	1,060.47	
333733	51	674.8	449.2	312.8	449.5	177.2	1.94	4.58	0	1,301	37	6.50	5.5	20.0	0.0	0.0	67.08	1	1.2758	2.0148	645	645.44	1,037.03	
334243	50	672.1	451.2	314.3	451.5	177.2	2.25	4.58	0	1,325	38	8.12	5.5	20.0	0.0	0.0	69.96	1	1.2758	2.0148	645	645.34	1,051.33	
334777	50	669.2	454.2	315.6	454.5	177.5	1.56	4.58	0	1,341	39	5.44	5.5	20.0	0.0	0.0	44.39	1	1.2758	2.0148	645	645.25	1,042.58	
335323	50	667.0	456.8	317.3	457.5	177.5	0.88	4.58	0	1,342	40	1.38	5.5	20.0	0.0	0.0	23.88	1	1.2758	2.0148	645	645.25	981.80	
335888	49	664.9	460.5	319.0	460.8	178.2	1.94	4.58	0	1,437	40	3.50	5.5	20.0	0.0	0.0	58.78	1	1.2758	2.0148	645	645.13	1,002.89	
336422	50	662.1	463.8	320.7	463.8	178.2	2.81	4.58	0	1,463	41	8.38	5.5	20.0	0.0	0.0	75.07	1	1.2758	2.0148	645	644.94	1,093.52	
336927	50	659.6	466.5	322.2	466.5	178.2	3.12	4.58	0	1,442	42	10.25	5.5	20.0	0.0	0.0	93.80	1	1.2758	2.0148	640	644.73	1,181.25	
337547	50	657.1	469.5	323.8	469.5	178.2	5.25	4.58	0	1,488	44	17.81	5.5	20.0	0.0	0.0	115.69	1	1.2758	2.0148	640	644.24	1,452.03	
338098	50	655.0	472.5	325.7	472.8	179.2	8.38	4.58	0	1,651	46	21.88	5.5	20.0	0.0	0.0	104.02	1	1.2758	2.0148	640	643.35	1,348.05	
338611	50	652.9	476.5	328.1	476.8	179.5	6.94	4.58	0	1,630	48	19.44	5.5	20.0	0.0	0.0	104.74	1	1.2758	2.0148	640	642.53	1,393.67	
339123	49	651.9	480.8	329.6	481.2	180.2	8.69	4.58	0	1,693	50	20.25	5.5	20.0	0.0	0.0	104.32	1	1.2758	2.0148	640	641.73	1,415.70	
339647	49	651.4	484.5	332.0	485.2	180.5	8.69	4.58	0	1,740	52	21.06	5.5	20.0	0.0	0.0	107.58	1	1.2758	2.0148	640	640.94	1,408.05	
340181	49	651.6	489.5	334.3	489.8	180.5	9.25	4.58	0	1,873	54	19.75	5.5	20.4	0.0	0.0	103.62	1	1.2758	2.0227	640	639.93	1,438.05	
340717	49	652.5	493.8	337.5	494.2	181.5	10.25	4.58	0	1,896	56	23.50	5.5	20.4	0.0	0.0	111.23	1	1.2758	2.0227	635	639.25	1,468.36	
341254	49	653.8	499.2	340.0	499.5	181.8	10.44	4.58	0	1,950	58	25.94	5.5	20.4	0.0	0.0	109.15	1	1.2758	2.0227	635	638.64	1,466.25	
341758	49	655.7	504.5	343.0	504.8	182.5	10.06	4.58	0	2,028	60	27.56	5.5	20.4	0.0	0.0	109.22	1	1.2758	2.0227	635	638.15	1,453.91	
342288	49	658.3	509.8	346.3	510.5	183.5	9.94	4.58	0	2,107	62	28.94	5.5	20.4	0.0	0.0	108.91	1	1.2758	2.0227	635	637.84	1,464.38	
342861	49	661.4	515.8	349.2	516.2	184.2	10.25	4.58	0	2,182	65	31.31	5.5	20.4	0.0	0.0	108.12	1	1.2758	2.0305	635	637.75	1,493.75	
343426	49	665.3	522.2	353.1	522.5	184.8	11.62	4.58	0	2,273	67	36.19	5.5	20.4	0.0	0.0	115.83	1	1.2758	2.0305	635	637.94	1,532.58	
343947	49	669.0	527.8	356.1	528.2	185.5	12.00	4.58	0	2,332	69	37.00	5.5	20.4	0.0	0.0	110.55	1	1.2758	2.0305	635	638.43	1,508.83	
344529	49	673.7	534.5	360.0	534.8	186.5	12.88	4.58	0	2,429	72	39.44	5.5	20.4	0.0	0.0	112.15	1	1.2758	2.0375	635	639.34	1,477.81	
345061	49	677.9	539.8	363.0	540.5	187.5	11.62	4.58	0	2,499	74	35.12	5.5	20.4	0.0	0.0	98.09	1	1.2758	2.0375	640	640.35	1,348.52	
345595	49	682.8	545.5	366.5	545.8	188.5	10.81	4.58	0	2,561	76	32.12	5.5	20.8	0.0	0.0	93.09	1	1.2758	2.0453	640	641.73	1,291.25	
346276	48	688.4	551.5	370.6	552.2	190.2	8.00	4.58	0	2,209	77	27.31	5.5	20.8	0.0	0.0	95.79	1	1.2758	2.0453	640	643.84	1,273.05	
346810	49	693.7	556.8	373.6	557.2	190.5	8.19	4.58	0	2,074	79	20.56	5.5	20.4	0.0	0.0	88.71	1	1.2758	2.0375	645	645.44	1,237.97	
347375	48	700.3	563.2	377.0	563.8	192.2	7.81	4.58	0	2,082	80	19.75	5.5	20.4	0.0	0.0	87.66	1	1.2758	2.0375	645	647.64	1,296.09	
347884	48	705.4	568.5	380.3	568.8	193.2	9.75	4.58	0	2,072	81	27.56	5.5	20.8	0.0	0.0	114.66	1	1.2758	2.0461	645	649.63	1,567.50	
348424	49	711.0	572.2	383.0	572.5	193.8	8.00	4.58	0	2,125	82	22.69	5.5	20.8	0.0	0.0	88.97	1	1.2758	2.0461	650	651.74	1,426.41	
348997	49	716.4	577.2	385.8	577.5	195.2	7.69	4.58	0	2,157	83	20.00	5.5	20.8	0.0	0.0	85.95	1	1.2758	2.0461	650	654.44	1,405.86	
349538	49	721.8	580.8	388.5	581.5	196.5	7.69	4.58	0	2,183	84	21.06	5.5	20.8	0.0	0.0	84.98	1	1.2758	2.0461	655	656.85	1,355.70	
350081	49	727.0	585.2	391.3	585.5	197.8	7.12	4.58	0	2,197	85	19.44	5.5	20.8	0.0	0.0	82.38	1	1.2758	2.0461	655	659.85	1,324.92	
350649	48	731.9	588.8	393.2	588.8	199.2	6.81	4.58	0	2,005	86	17.81	5.5	20.8	0.0	0.0	85.73	1	1.2758	2.0461	660	662.43	1,311.09	
351193	48	736.4	592.5	396.0	592.5	199.8	7.12	4.58	0	1,883	87	14.62	5.5	20.8	0.0	0.0	81.19	1	1.2758	2.0461	665	665.55	1,263.52	
351719	48	740.2	595.8	398.3	596.2	201.2	6.44	4.58	0	1,853	87	13.00	5.5	20.8	0.0	0.0	79.80	1	1.2758	2.0461	665	668.03	1,286.25	
352257	48	744.0	599.2	400.5	599.5	202.2	6.94	4.58	0	1,867	88	14.06	5.5	20.8	0.0	0.0	83.13	1	1.2758	2.0461	670	670.63	1,283.36	
352803	48	747.5	602.2	402.6	602.5	203.2	6.81	4.58	0	1,883	89	14.06	5.5	20.8	0.0	0.0	77.37	1	1.2758	2.0461	670	673.75	1,186.56	
353362	48	750.9	605.5	404.6	605.5	204.5	6.25	4.58	0	1,897	89	11.62	5.5	20.8	0.0	0.0	69.98	1	1.2758	2.0461	675	676.23	1,184.14	
353920	48	753.6	608.5	406.8	608.8	206.2	6.25	4.58	0	1,952	90	13.50	5.5	20.8	0.0	0.0	80.32	1	1.2758	2.0461	675	679.23	1,312.66	
354511	48	756.0	611.5	409.3	611.5	207.2	7.12	4.58	0	1,915	91	16.25	5.5	20.8	0.0	0.0	86.32	1	1.2758	2.0461	680	682.23	1,401.17	
355135	48	758.1	614.2	410.6	614.2	208.2	7.69	4.58	0	1,932	92	17.81	5.5	20.8	0.0	0.0	86.48	1	1.2758	2.0461	685	685.14	1,312.58	
355727	48	759.9	616.8	412.7	617.2	209.8	6.81	4.58	0	1,950	93	14.62	5.5	20.8	0.0	0.0	76.20	1	1.2758	2.0461	685	688.05	1,275.23	
356236	47	761.6	620.2	415.1	620.2	210.8	6.25	4.58	0	1,978	93	15.94	5.5	20.8	0.0	0.0	86.27	1	1.2758	2.0461	690	690.34	1,219.45	
356745	47	762.6	622.5	416.7	622.8	211.8	3.31	4.58	0	1,951	93	3.00	5.5	20.8	0.0	0.0	24.56	1	1.2758	2.0461	690	692.33	1,016.95	
357272	47	763.2	625.2	418.6	625.2	212.8	1.25	4.58	0	1,961	93	1.38	5.5	20.8	0.0	0.0	12.59	1	1.2758	2.0461	690	693.83	972.58	
357780	47	763.5	627.5	420.5	627.8	213.8	2.44	4.58	0	1,617	92	1.12	5.5	20.8	0.0	0.0	20.70	1	1.2758	2.0461	695	695.55	953.83	
358307	47	763.7	629.8	422.3	630.2	215.2	3.50	4.58	0	1,802	92	5.12	5.5	20.8	0.0	0.0	61.80	1	1.2758	2.0461	695	697.14	1,009.77	
358842	47	763.7	631.5	423.3	631.8	215.8	3.81	4.58	0	1,642	92	9.19	5.5	20.8	0.0	0.0	72.94	1	1.2758	2.0461	695	698.85	1,117.81	
359419	48	763.4	633.2	424.8	633.2	216.8	5.25	4.58	0	1,633	93	12.69	5.5	20.8	0.0	0.0	45.33	1	1.2758	2.0461	700	700.75	1,122.66	
359961	47	763.0	634.8	426.0	634.8	218.2	1.06	4.58	0	1,627	92	1.62	5.5	20.8	0.0	0.0	15.21	1	1.2758	2.0461	700	701.94	1,007.81	
360528	47	762.5	635.8	427.5	636.2	219.5	0.38	4.58	0	1,565	92	0.56	5.5	20.4	0.0	0.0	11.74	1	1.2758	2.0383	700	703.05	975.23	
361068	47	762.1	637.2	428.3	637.2	220.2	0.38	4.58	0	1,605	91	0.81	5.5	20.4	0.0	0.0	16.83	1	1.2758	2.0383	700	703.94	967.34	
361585	47	761.7	638.2	429.3	638.2	220.8	0.38	4.58	0	1,590	90	0.81	5.5	20.4	0.0	0.0	17.16	1	1.2758	2.0383	705	704.94	965.08	
362114	48	761.3	638.5	430.1	638.5	221.8	0.19	4.58	0	1,578	89	1.12	5.5	20.4	0.0	0.0	17.16	1	1.2758	2.0383	705	705.74	971.17	
362687	48	761.0	638.8	430.3	638.5	222.8	2.12	4.58	0	1,586	89	1.38	5.5	20.4	0.0	0.0	33.26	1	1.2758	2.0383	705	706.63	960.39	
363284	48	760.5	638.2	430.7	638.2	223.5	2.62	4.58	0	1,662	89	5.12	5.5	20.4	0.0	0.0	57.87	1	1.2758	2.0383	705	707.55	1,018.20	
363811	49	759.6	637.5	430.6	637.5	224.2	3.69	4.58	0	1,642	89	8.69	5.5	20.8	0.0	0.0	73.22	1	1.2758	2.0461	705	708.65	1,118.98	
364404	49	758.3	636.8	430.8	636.8	224.8	4.38	4.58	0	1,604	89	11.06	5.5	20.4	0.0	0.0	81.33	1	1.2758	2.0383	705	709.54	1,211.56	
364977	49	756.7	636.5	431.0	636.5	225.5	6.25	4.58	0	1,710	90	16.75	5.5	20.4	0.0	0.0	105.61	1	1.2758	2.0383	710	710.55	1,418.20	
365578	49	755.2	636.5	431.5	636.5	226.5	11.81	4.58	0	1,909	91	32.69	5.5	20.4	0.0	0.0	131.51	1	1.2758	2.0383	710	711.34	1,693.75	
366088	49	753.1	637.5	432.5	637.5	227.5	13.06	4.58	0	1,927	92	35.94	5.5	20.4	0.0	0.0	128.55	1	1.2758	2.0461	710	711.83	1,691.88	
366623	48	750.6	638.8	433.3	639.2	228.2	12.88	4.58	0	1,962	93	35.94	5.5	20.4	0.0	0.0	122.51	1	1.2758	2.0383	710	712.23	1,604.53	
367173	48	748.3	640.5	434.5	641.2	229.2	12.50	4.58	0	1,985	95	36.75	5.5	20.8	0.0	0.0	119.53	1	1.2758	2.0461	710	712.54	1,582.89	
367723	48	746.0	643.5	436.3	643.5	230.5	11.50	4.58	0	1,992	96	33.25	5.5	20.8	0.0	0.0	111.68	1	1.2758	2.0609	710	712.63	1,450.78	
368300	48	743.8	646.8	439.1	646.8	231.5	9.56	4.58	0	2,044	96	27.56	5.5	20.8	0.0	0.0	77.91	1	1.2758	2.0531	710	712.44	1,169.61	
368815	47	741.9	650.2	441.1	650.5	232.5	1.94	4.58	0	2,117	96	3.50	5.5	20.8	0.0	0.0	18.45	1	1.2758	2.0531	710	712.35	1,006.33	
369350	47	740.7	653.8	443.6	654.2	233.5	1.25	4.58	0	1,995	96	0.00	5.5	21.2	0.0	0.0	12.19	1	1.2758	2.0609	710	712.14	970.08	
369897	46	739.5	657.5	446.0	657.8	234.8	1.44	4.58	0	1,695	95	1.12	5.5	21.2	0.0	0.0	17.04	1	1.2758	2.0609	710	711.93	966.09	
370444	47	738.6	660.5	448.1	661.5	235.5	0.56	4.58	0	1,663	94	0.81	5.5	20.8	0.0	0.0	17.02	1	1.2758	2.0531	710	711.83	965.00	
370988	47	737.8	663.5	450.0	663.5	236.8	0.56	4.58	0	1,642	93	1.12	5.5	21.2	0.0	0.0	16.38	1	1.2758	2.0609	710	711.65	971.56	
371531	47	737.1	665.2	451.1	665.5	237.5	0.38	4.58	0	1,630	93	0.81	5.5	21.2	0.0	0.0	16.83	1	1.2758	2.0609	710	711.53	972.66	
372148	48	736.6	666.5	452.3	666.5	238.2	0.38	4.58	0	1,617	92	1.12	5.5	21.2	0.0	0.0	17.20	1	1.2758	2.0680	710	711.34	973.75	
372662	48	736.2	667.2	453.1	667.2	238.8	0.38	4.58	0	1,599	91	1.12	5.5	20.8	0.0	0.0	17.11	1	1.2758	2.0523	710	711.25	973.98	
373188	48	735.8	667.5	453.5	667.5	239.8	0.38	4.58	0	1,587	90	1.12	5.5	20.8	0.0	0.0	17.23	1	1.2758	2.0602	710	711.04	973.75	
373767	49	735.5	666.8	453.7	666.8	240.8	0.38	4.58	0	1,583	90	1.12	5.5	21.2	0.0	0.0	17.44	1	1.2758	2.0602	710	710.94	974.14	
374315	49	735.2	666.5	454.0	666.2	241.2	0.38	4.58	0	1,564	89	1.12	5.5	21.2	0.0	0.0	17.39	1	1.2758	2.0602	710	710.73	973.36	
374853	49	735.0	665.2	453.8	665.2	242.2	0.38	4.58	0	1,549	88	1.12	5.5	21.2	0.0	0.0	17.51	1	1.2758	2.0523	710	710.64	973.59	
375370	49	734.8	664.5	453.5	664.5	242.5	0.38	4.58	0	1,544	88	1.12	5.5	20.8	0.0	0.0	17.58	1	1.2758	2.0680	710	710.55	973.12	
375888	49	734.7	662.8	453.0	662.8	243.2	0.38	4.58	0	1,530	87	1.12	5.5	21.2	0.0	0.0	17.60	1	1.2758	2.0680	710	710.43	972.50	
376416	49	734.6	662.2	452.8	661.8	243.8	0.38	4.58	0	1,516	86	1.12	5.5	21.2	0.0	0.0	17.81	1	1.2758	2.0609	710	710.43	972.81	
376942	49	734.6	659.8	452.3	659.8	244.2	0.19	4.58	0	1,505	85	1.38	5.5	21.2	0.0	0.0	17.98	1	1.2758	2.0609	710	710.33	972.73	
377474	50	734.5	658.5	451.5	658.2	244.8	0.19	4.58	0	1,493	85	1.38	5.5	21.2	0.0	0.0	18.02	1	1.2758	2.0531	710	710.24	972.66	
377997	50	734.5	656.5	451.0	656.2	245.2	0.38	4.58	0	1,472	84	1.12	5.5	21.2	0.0	0.0	18.21	1	1.2758	2.0687	710	710.24	972.81	
378517	50	734.4	654.5	450.1	654.5	245.2	0.19	4.58	0	1,451	82	1.38	5.5	21.2	0.0	0.0	18.28	1	1.2758	2.0609	710	710.33	972.03	
379064	50	734.4	652.5	449.3	652.5	245.8	0.38	4.58	0	1,414	80	1.12	5.5	21.2	0.0	0.0	18.38	1	1.2758	2.0609	710	710.33	971.72	
379571	50	734.4	650.2	448.7	650.2	246.2	0.38	4.58	0	1,376	78	1.12	5.5	21.2	0.0	0.0	18.52	1	1.2758	2.0609	710	710.43	971.48	
380103	50	734.3	648.5	447.6	648.5	246.5	0.38	4.58	0	1,363	78	1.12	5.5	21.2	0.0	0.0	18.47	1	1.2758	2.0609	710	710.55	971.33	
380750	50	734.3	646.2	446.6	645.8	247.5	0.38	4.58	0	1,356	77	0.81	5.5	21.2	0.0	0.0	18.66	1	1.2758	2.0609	710	710.73	971.41	
381308	51	734.3	643.8	445.8	643.5	247.5	0.38	4.58	0	1,341	76	1.12	5.5	21.2	0.0	0.0	18.70	1	1.2758	2.0609	710	710.94	970.39	
381822	51	734.2	641.2	445.0	641.2	248.2	0.38	4.58	0	1,332	76	1.12	5.5	21.2	0.0	0.0	18.73	1	1.2758	2.0609	710	711.13	970.31	
382349	51	734.2	639.2	444.0	638.8	248.5	0.38	4.58	0	1,328	75	1.12	5.5	21.2	0.0	0.0	19.05	1	1.2758	2.0609	710	711.25	970.86	
382926	51	734.2	637.2	443.0	636.5	248.8	-2.00	4.58	0	1,345	75	0.81	5.5	21.2	0.0	0.0	18.66	1	1.2758	2.0609	710	711.44	964.38	
383491	51	734.1	634.5	441.6	634.5	248.8	1.44	4.58	0	1,384	75	1.94	5.5	21.2	0.0	0.0	39.75	1	1.2758	2.0609	710	711.65	960.31	
384052	51	733.8	632.2	441.1	631.8	249.2	2.25	4.58	0	1,398	75	5.94	5.5	21.2	0.0	0.0	63.61	1	1.2758	2.0609	710	711.83	1,005.39	
384621	51	733.2	629.8	440.0	629.8	249.8	2.81	4.58	0	1,353	75	7.88	5.5	21.2	0.0	0.0	72.59	1	1.2758	2.0609	710	711.93	1,087.73	
385156	51	732.6	628.5	439.0	628.5	250.2	1.25	4.58	0	1,317	76	4.06	5.5	21.2	0.0	0.0	25.50	1	1.2758	2.0609	710	711.93	1,020.08	
385670	50	731.9	627.5	438.8	627.5	250.5	1.06	4.58	0	1,336	76	1.12	5.5	21.2	0.0	0.0	14.79	1	1.2758	2.0609	710	711.93	979.77	
386186	50	731.4	626.8	438.8	626.5	250.5	-0.06	4.58	0	1,290	75	0.56	5.5	21.2	0.0	0.0	18.05	1	1.2758	2.0609	710	711.93	958.20	
386720	50	730.7	626.5	438.8	626.2	250.8	1.94	4.58	0	1,360	75	3.25	5.5	21.2	0.0	0.0	57.42	1	1.2758	2.0609	710	711.93	976.41	
387281	50	729.8	625.8	438.5	625.8	251.5	2.62	4.58	0	1,348	76	7.31	5.5	21.2	0.0	0.0	82.62	1	1.2758	2.0609	710	711.93	1,074.77	
387799	50	728.8	625.5	438.6	625.5	252.2	3.81	4.58	0	1,372	76	13.50	5.5	21.2	0.0	0.0	101.98	1	1.2758	2.0609	710	711.83	1,253.52	
388305	50	727.7	625.2	438.7	625.2	252.2	5.06	4.58	0	1,389	77	17.81	5.5	21.2	0.0	0.0	113.30	1	1.2758	2.0609	710	711.53	1,411.64	
388964	50	726.5	625.8	439.0	625.8	252.8	8.69	4.58	0	1,656	78	25.38	5.5	21.2	0.0	0.0	110.37	1	1.2758	2.0609	710	711.04	1,404.84	
389511	50	725.4	626.5	439.5	626.5	252.5	7.81	4.58	0	1,668	79	21.88	5.5	21.2	0.0	0.0	108.77	1	1.2758	2.0687	710	710.24	1,452.97	
390069	50	724.6	628.2	440.8	628.5	253.8	9.38	4.58	0	1,754	80	24.31	5.5	21.2	0.0	0.0	112.73	1	1.2758	2.0687	705	709.54	1,520.55	
390659	49	723.9	630.8	442.0	631.2	254.2	9.56	4.58	0	1,740	82	26.19	5.5	21.2	0.0	0.0	113.51	1	1.2758	2.0609	705	708.65	1,519.30	
391171	49	723.6	633.5	443.6	633.5	254.8	10.44	4.58	0	1,813	84	28.38	5.5	21.2	0.0	0.0	111.70	2	1.2758	2.0680	705	707.73	1,388.52	
391763	49	723.3	636.8	446.0	637.2	255.8	8.19	4.58	0	1,782	85	19.75	5.5	21.2	0.0	0.0	55.38	2	1.2758	2.0680	705	706.94	1,130.23	
392316	48	722.9	641.2	448.5	641.2	256.5	1.44	4.58	0	1,813	85	1.94	5.5	21.2	0.0	0.0	16.01	2	1.2758	2.0680	705	706.23	1,019.92	
392827	48	722.6	644.5	450.7	645.2	257.2	1.06	4.58	0	1,708	84	0.31	5.5	21.2	0.0	0.0	11.88	2	1.2758	2.0609	705	705.83	979.77	
393332	48	722.3	648.2	452.5	648.5	257.5	0.88	4.58	0	1,476	84	1.12	5.5	21.2	0.0	0.0	17.02	2	1.2758	2.0609	705	705.44	969.53	
393855	48	722.1	651.2	454.6	651.5	258.2	0.19	4.58	0	1,470	83	0.81	5.5	21.2	0.0	0.0	17.18	2	1.2758	2.0609	705	705.13	966.09	
394439	48	721.9	654.2	456.1	653.8	258.8	0.38	4.58	0	1,456	83	0.81	5.5	21.2	0.0	0.0	16.92	2	1.2758	2.0680	700	704.73	971.41	
394961	48	721.7	655.5	457.6	655.8	259.8	0.38	4.58	0	1,445	82	1.12	5.5	21.2	0.0	0.0	17.25	2	1.2758	2.0680	700	704.43	972.03	
395527	49	721.5	656.8	458.1	657.2	260.2	0.38	4.58	0	1,437	82	1.12	5.5	21.2	0.0	0.0	17.37	2	1.2758	2.0680	700	704.15	972.11	
396049	49	721.4	657.5	459.0	657.5	260.5	0.19	4.58	0	1,429	81	1.12	5.5	21.2	0.0	0.0	17.34	2	1.2758	2.0680	700	703.84	971.88	
396565	49	721.3	657.8	459.5	657.8	260.8	-0.25	4.58	0	1,437	81	1.12	5.5	21.2	0.0	0.0	14.81	2	1.2758	2.0680	700	703.63	968.67	
397085	49	721.2	657.8	459.6	657.8	261.2	1.25	4.58	0	1,449	81	1.38	5.5	21.2	0.0	0.0	22.62	2	1.2758	2.0680	700	703.44	963.28	
397728	49	721.0	657.5	459.6	657.5	261.8	1.25	4.58	0	1,444	81	1.62	5.5	21.2	0.0	0.0	34.85	2	1.2758	2.0680	700	703.35	959.14	
398250	50	720.7	657.2	459.8	657.2	262.5	2.44	4.58	0	1,461	81	6.25	5.5	21.2	0.0	0.0	62.20	2	1.2758	2.0680	700	703.14	1,014.30	
398758	50	720.1	656.2	459.6	656.2	262.8	3.12	4.58	0	1,467	82	8.12	5.5	21.2	0.0	0.0	72.82	2	1.2758	2.0766	700	702.93	1,084.84	
399312	50	719.4	656.5	459.8	656.2	263.5	3.69	4.58	0	1,487	82	10.25	5.5	21.2	0.0	0.0	93.21	2	1.2758	2.0687	700	702.65	1,192.34	
399835	50	718.7	655.8	459.8	656.2	264.2	5.38	4.58	0	1,495	83	18.94	5.5	21.2	0.0	0.0	107.18	2	1.2758	2.0687	700	702.25	1,465.94	
400382	50	718.0	656.5	460.3	656.5	264.5	10.81	4.58	0	1,754	84	28.94	5.5	21.2	0.0	0.0	113.32	2	1.2758	2.0687	700	701.73	1,454.06	
400901	50	717.4	657.2	461.1	657.2	265.2	9.75	4.58	0	1,813	86	25.38	5.5	21.2	0.0	0.0	111.40	2	1.2758	2.0766	700	701.24	1,523.44	
401426	50	717.0	658.2	461.8	658.2	265.8	10.81	4.58	0	1,819	87	28.94	5.5	21.2	0.0	0.0	117.52	2	1.2758	2.0609	700	700.75	1,572.97	
402024	49	716.7	660.5	463.3	660.5	266.5	11.50	4.58	0	1,853	88	32.69	5.5	21.2	0.0	0.0	126.94	2	1.2758	2.0680	700	700.05	1,642.81	
402541	49	716.5	662.8	464.7	662.8	267.2	12.00	4.58	0	1,884	90	32.94	5.5	21.2	0.0	0.0	124.22	2	1.2758	2.0602	695	699.53	1,637.27	
403084	49	716.2	665.2	466.5	665.5	268.2	12.19	4.58	0	1,924	91	34.56	5.5	21.2	0.0	0.0	126.30	2	1.2758	2.0680	695	698.85	1,642.66	
403631	49	715.8	668.5	468.5	668.5	269.2	12.88	4.58	0	1,988	93	38.38	5.5	21.2	0.0	0.0	116.79	2	1.2758	2.0750	695	698.24	1,488.98	
404160	49	715.5	672.2	470.5	672.2	269.8	11.31	4.58	0	1,955	94	30.50	5.5	21.6	0.0	0.0	65.65	2	1.2758	2.0828	695	697.63	1,142.34	
404687	49	715.2	675.8	473.0	675.8	270.8	2.62	4.58	0	2,034	94	2.19	5.5	21.6	0.0	0.0	18.49	2	1.2758	2.0828	695	697.05	1,002.73	
405262	48	714.9	679.8	475.3	679.5	271.5	0.38	4.58	0	1,916	93	-0.44	5.5	21.2	0.0	0.0	16.45	2	1.2758	2.0750	695	696.74	971.41	
405805	48	714.8	682.8	477.6	683.5	272.2	0.19	4.58	0	1,521	93	1.12	5.5	21.6	0.0	0.0	16.55	2	1.2758	2.0828	695	696.34	966.88	
406406	48	714.7	686.2	479.5	686.2	273.5	0.19	4.58	0	1,561	92	1.12	5.5	21.6	0.0	0.0	17.02	2	1.2758	2.0672	695	696.04	972.73	
406908	48	714.6	687.8	481.0	687.8	274.2	0.38	4.58	0	1,581	92	0.81	5.5	21.2	0.0	0.0	16.85	2	1.2758	2.0750	695	695.73	972.42	
407498	49	714.6	689.5	482.3	689.5	275.5	0.38	4.58	0	1,575	91	1.12	5.5	21.6	0.0	0.0	17.02	2	1.2758	2.0820	695	695.43	973.20	
408084	49	714.7	690.5	483.1	690.2	275.5	1.75	4.58	0	1,611	90	1.38	5.5	21.6	0.0	0.0	35.79	2	1.2758	2.0742	695	695.03	961.88	
408597	49	714.7	690.5	483.5	690.5	276.2	2.81	4.58	0	1,675	90	5.94	5.5	21.2	0.0	0.0	59.23	2	1.2758	2.0742	690	694.75	1,013.59	
409121	50	714.7	689.8	483.7	689.8	277.2	3.50	4.58	0	1,649	91	8.12	5.5	21.2	0.0	0.0	84.70	2	1.2758	2.0742	690	694.54	1,121.25	
409695	50	714.6	689.8	483.8	690.2	277.5	8.50	4.58	0	1,799	91	21.06	5.5	21.6	0.0	0.0	109.64	2	1.2758	2.0898	690	694.14	1,497.89	
410297	50	714.8	690.2	484.3	689.8	278.5	11.50	4.58	0	1,920	92	31.06	5.5	21.6	0.0	0.0	115.50	2	1.2758	2.0820	690	693.83	1,567.42	
410823	50	715.2	690.5	485.0	690.8	279.5	12.50	4.58	0	1,983	93	35.12	5.5	21.6	0.0	0.0	119.20	2	1.2758	2.0898	690	693.65	1,593.59	
411355	50	715.5	691.8	485.6	691.8	280.2	12.19	4.58	0	1,993	95	35.69	5.5	21.2	0.0	0.0	118.66	2	1.2758	2.0742	690	693.53	1,596.48	
411879	50	716.1	693.2	487.0	693.5	281.2	12.50	4.58	0	2,038	96	37.25	5.5	21.6	0.0	0.0	122.37	2	1.2758	2.0820	690	693.44	1,597.97	
412399	50	716.8	695.5	488.5	695.5	281.8	12.38	4.58	0	2,048	97	37.25	5.5	21.6	0.0	0.0	106.41	2	1.2758	2.0891	690	693.44	1,387.89	
412957	49	717.5	698.2	490.1	697.8	282.8	3.69	4.58	0	2,006	97	5.69	5.5	21.6	0.0	0.0	26.84	2	1.2758	2.0812	690	693.44	1,025.31	
413495	48	718.0	700.8	492.1	700.8	283.8	1.06	4.58	0	2,013	97	1.62	5.5	21.6	0.0	0.0	15.02	2	1.2758	2.0969	690	693.34	977.11	
414029	48	718.3	703.8	493.8	704.2	284.8	0.38	4.58	0	1,511	96	1.12	5.5	21.6	0.0	0.0	16.62	2	1.2758	2.0891	690	693.34	969.84	
414669	48	718.7	706.2	495.5	706.2	285.5	0.56	4.58	0	1,648	96	1.12	5.5	21.6	0.0	0.0	17.04	2	1.2758	2.0969	690	693.34	966.64	
415231	49	719.0	708.2	497.2	708.5	286.5	0.56	4.58	0	1,669	95	1.12	5.5	21.6	0.0	0.0	16.73	2	1.2758	2.0812	690	693.34	973.28	
415760	49	719.3	709.5	498.3	709.5	287.2	0.56	4.58	0	1,651	94	1.38	5.5	21.6	0.0	0.0	16.99	2	1.2758	2.0883	690	693.34	974.53	
416272	49	719.6	710.2	498.8	710.2	287.8	0.56	4.58	0	1,639	93	1.38	5.5	21.6	0.0	0.0	17.18	2	1.2758	2.0961	690	693.34	974.38	
416787	49	719.9	710.2	499.3	710.5	288.5	0.38	4.58	0	1,622	92	1.38	5.5	21.6	0.0	0.0	17.16	2	1.2758	2.0961	690	693.25	974.92	
417342	50	720.2	709.8	499.6	710.2	289.2	-0.62	4.58	0	1,613	92	1.62	5.5	21.6	0.0	0.0	26.04	2	1.2758	2.0805	690	693.25	957.73	
417850	50	720.5	709.5	499.3	709.2	289.8	4.00	4.58	0	1,817	91	6.25	5.5	21.6	0.0	0.0	59.09	2	1.2758	2.0805	690	693.25	1,021.02	
418405	50	720.7	708.5	499.3	708.5	290.5	4.88	4.58	0	1,929	92	9.75	5.5	21.6	0.0	0.0	69.63	2	1.2758	2.0961	690	693.34	1,083.28	
418990	50	720.7	707.8	499.5	707.5	291.2	1.44	4.58	0	1,913	91	2.19	5.5	21.6	0.0	0.0	18.66	2	1.2758	2.0883	690	693.34	1,016.88	
419542	50	720.7	707.2	499.5	706.8	292.2	1.44	4.58	0	1,808	91	0.31	5.5	21.6	0.0	0.0	17.86	2	1.2758	2.1039	690	693.44	979.92	
420163	50	720.7	706.8	499.6	706.8	292.5	0.19	4.58	0	1,448	90	1.12	5.5	21.6	0.0	0.0	16.78	2	1.2758	2.0969	690	693.53	968.83	
420680	50	720.7	706.5	499.6	706.2	292.8	0.19	4.58	0	1,580	89	1.12	5.5	21.6	0.0	0.0	17.55	2	1.2758	2.0969	690	693.65	966.25	
421228	50	720.8	705.8	499.6	705.5	293.5	0.19	4.58	0	1,564	88	1.12	5.5	21.6	0.0	0.0	17.67	2	1.2758	2.0969	690	693.74	972.42	
421762	50	720.8	704.5	499.0	704.5	293.8	0.19	4.58	0	1,545	88	1.38	5.5	21.6	0.0	0.0	17.77	2	1.2758	2.0969	690	693.74	972.81	
422276	50	720.9	703.5	498.6	703.5	294.5	0.19	4.58	0	1,532	87	1.12	5.5	21.6	0.0	0.0	19.27	2	1.2758	2.0969	690	693.83	973.59	
422808	50	720.9	702.2	498.3	702.2	294.5	1.56	4.58	0	1,570	86	1.94	5.5	21.6	0.0	0.0	43.95	2	1.2758	2.0969	690	694.05	964.84	
423386	51	720.9	700.5	497.6	700.5	294.8	3.69	4.58	0	1,616	86	7.56	5.5	21.6	0.0	0.0	60.52	2	1.2758	2.0969	690	694.14	1,047.34	
423877	51	720.7	699.2	497.3	699.2	295.5	7.12	4.58	0	1,828	87	18.38	5.5	21.6	0.0	0.0	105.02	2	1.2758	2.0969	690	694.23	1,346.56	
424385	51	720.5	697.8	497.0	697.8	296.2	9.94	4.58	0	1,838	87	26.50	5.5	21.6	0.0	0.0	122.93	2	1.2758	2.0969	690	694.44	1,581.25	
424890	51	720.4	697.2	496.8	696.8	296.5	11.81	4.58	0	1,907	88	32.44	5.5	21.6	0.0	0.0	118.20	2	1.2758	2.0883	690	694.54	1,553.98	
425418	51	720.3	696.8	496.8	696.8	297.2	11.81	4.58	0	1,888	89	32.44	5.5	21.6	0.0	0.0	120.82	2	1.2758	2.0961	690	694.63	1,612.50	
425980	51	720.2	697.5	497.5	697.5	297.8	12.50	4.58	0	1,910	91	35.12	5.5	21.6	0.0	0.0	123.19	2	1.2758	2.0875	690	694.75	1,617.89	
426488	50	720.4	698.8	498.3	698.8	298.5	12.69	4.58	0	1,957	91	34.31	5.5	21.6	0.0	0.0	87.61	2	1.2758	2.0953	690	694.84	1,209.53	
427014	50	720.7	700.2	499.8	700.8	299.2	2.12	4.58	0	1,964	91	4.31	5.5	22.0	0.0	0.0	24.42	2	1.2758	2.1023	695	694.94	1,061.56	
427575	49	721.0	702.8	501.1	703.2	299.8	0.88	4.58	0	1,909	91	0.56	5.5	22.0	0.0	0.0	12.26	2	1.2758	2.1023	695	695.15	987.34	
428094	49	721.2	704.8	502.6	704.8	300.2	1.06	4.58	0	1,857	90	0.81	5.5	21.6	0.0	0.0	16.85	2	1.2758	2.0953	695	695.24	975.00	
428627	49	721.4	707.5	504.2	707.5	301.2	1.25	4.58	0	1,882	89	0.56	5.5	21.6	0.0	0.0	17.58	2	1.2758	2.0953	695	695.24	970.78	
429187	49	721.6	709.2	505.0	709.5	301.2	0.56	4.58	0	1,751	88	1.38	5.5	22.0	0.0	0.0	17.55	2	1.2758	2.1023	695	695.33	967.66	
429769	49	721.8	710.2	506.2	710.5	302.5	0.19	4.58	0	1,554	88	1.38	5.5	22.0	0.0	0.0	16.69	2	1.2758	2.1023	695	695.43	974.53	
430322	49	722.1	711.5	506.8	711.2	302.5	0.19	4.58	0	1,532	87	1.38	5.5	21.6	0.0	0.0	17.37	2	1.2758	2.0875	695	695.55	973.59	
430833	50	722.3	711.2	507.0	711.2	303.2	0.19	4.58	0	1,521	86	1.12	5.5	21.6	0.0	0.0	17.20	2	1.2758	2.0875	695	695.64	973.98	
431405	50	722.5	710.5	507.3	710.2	303.5	0.38	4.58	0	1,502	85	1.12	5.5	21.6	0.0	0.0	17.34	2	1.2758	2.0875	695	695.85	973.12	
432010	50	722.7	710.2	507.1	710.2	304.2	0.38	4.58	0	1,493	85	1.12	5.5	21.6	0.0	0.0	17.58	2	1.2758	2.0875	695	695.94	972.97	
432587	50	722.9	709.2	507.0	709.5	304.5	0.38	4.58	0	1,477	84	1.12	5.5	21.6	0.0	0.0	17.44	2	1.2758	2.0875	695	696.04	972.81	
433172	50	723.1	707.5	506.1	707.5	305.2	0.38	4.58	0	1,467	83	1.12	5.5	21.6	0.0	0.0	17.74	2	1.2758	2.0875	695	696.25	972.58	
433691	51	723.3	705.8	505.5	705.8	305.5	0.38	4.58	0	1,451	82	1.12	5.5	21.6	0.0	0.0	17.72	2	1.2758	2.0953	695	696.34	972.27	
434222	51	723.5	704.5	505.1	704.5	305.8	0.38	4.58	0	1,445	82	1.12	5.5	21.6	0.0	0.0	18.00	2	1.2758	2.0953	695	696.53	972.03	
434749	51	723.7	702.5	504.3	702.5	305.5	0.38	4.58	0	1,429	81	1.38	5.5	21.6	0.0	0.0	17.98	2	1.2758	2.0875	695	696.74	972.27	
435275	51	723.8	701.2	503.7	700.8	305.8	0.19	4.58	0	1,415	81	1.12	5.5	21.6	0.0	0.0	18.77	2	1.2758	2.0875	695	696.93	972.03	
435809	51	724.0	699.2	502.7	698.5	306.5	1.75	4.58	0	1,429	80	1.12	5.5	21.6	0.0	0.0	40.36	2	1.2758	2.0961	695	697.14	959.45	
436354	51	724.0	696.5	502.1	696.8	306.8	2.81	4.58	0	1,519	80	6.75	5.5	21.6	0.0	0.0	61.15	2	1.2758	2.0883	695	697.44	1,016.33	
436862	52	723.9	695.2	501.1	694.8	307.2	3.31	4.58	0	1,488	80	8.69	5.5	21.6	0.0	0.0	74.25	2	1.2758	2.0883	695	697.75	1,085.86	
437382	52	723.8	693.5	500.5	693.5	307.2	4.56	4.58	0	1,446	81	15.44	5.5	21.6	0.0	0.0	103.34	2	1.2758	2.0812	695	698.03	1,293.05	
437898	52	723.8	692.5	499.8	692.2	307.2	6.81	4.58	0	1,517	81	22.69	5.5	21.6	0.0	0.0	111.66	2	1.2758	2.0812	695	698.15	1,349.84	
438486	51	723.9	691.8	499.8	691.5	307.8	6.81	4.58	0	1,528	82	22.19	5.5	21.6	0.0	0.0	109.05	2	1.2758	2.0883	695	698.24	1,366.95	
438999	51	724.2	691.2	499.7	691.2	308.8	7.12	4.58	0	1,550	83	23.00	5.5	21.6	0.0	0.0	109.76	2	1.2758	2.0883	695	698.33	1,374.84	
439526	51	724.6	691.5	500.3	691.5	308.5	6.62	4.58	0	1,490	84	22.19	5.5	21.6	0.0	0.0	109.88	2	1.2758	2.0961	695	698.55	1,411.17	
440150	51	725.3	692.8	501.0	692.8	308.8	6.62	4.58	0	1,510	84	21.88	5.5	21.6	0.0	0.0	109.73	2	1.2758	2.0805	695	698.73	1,486.48	
440720	50	726.2	694.5	502.0	694.5	309.8	11.31	4.58	0	1,776	85	31.62	5.5	21.6	0.0	0.0	120.21	2	1.2758	2.0875	695	698.94	1,569.61	
441280	50	726.8	697.2	503.5	697.2	310.5	11.12	4.58	0	1,815	86	30.81	5.5	21.6	0.0	0.0	122.39	2	1.2758	2.0875	695	699.25	1,622.03	
441790	50	727.2	699.2	505.2	699.5	311.2	12.38	4.58	0	1,874	88	33.75	5.5	21.6	0.0	0.0	123.89	2	1.2758	2.0953	695	699.44	1,621.64	
442293	50	727.2	702.2	506.8	702.5	311.8	11.50	4.58	0	1,834	88	29.75	5.5	21.6	0.0	0.0	53.79	2	1.2758	2.0875	695	699.53	1,170.62	
442805	49	727.2	705.2	508.6	705.5	312.8	1.94	4.58	0	1,860	88	3.00	5.5	22.0	0.0	0.0	18.45	2	1.2758	2.0953	695	699.74	1,031.09	
443348	49	727.1	708.2	510.5	708.5	313.2	1.06	4.58	0	1,837	88	0.81	5.5	21.6	0.0	0.0	14.34	2	1.2758	2.0953	695	699.83	982.73	
443871	48	727.0	711.8	512.5	712.2	314.2	0.38	4.58	0	1,330	87	1.12	5.5	21.6	0.0	0.0	16.38	2	1.2758	2.0953	700	699.93	970.78	
444424	49	727.0	714.8	514.3	715.2	314.8	0.19	4.58	0	1,474	86	1.12	5.5	21.6	0.0	0.0	17.18	2	1.2758	2.0953	700	700.05	966.64	
444931	49	727.0	717.2	515.8	717.2	315.2	0.19	4.58	0	1,483	86	1.12	5.5	21.6	0.0	0.0	19.10	2	1.2758	2.0875	700	700.14	969.53	
445447	49	727.0	718.5	517.0	718.2	315.8	2.81	4.58	0	1,584	85	3.00	5.5	21.6	0.0	0.0	49.15	2	1.2758	2.0875	700	700.23	960.31	
445944	50	726.9	719.5	517.7	719.2	316.5	5.38	4.58	0	1,819	85	12.44	5.5	21.6	0.0	0.0	84.68	2	1.2758	2.0945	700	700.35	1,138.12	
446457	50	726.9	719.8	518.1	720.2	316.8	8.69	4.58	0	1,796	86	21.62	5.5	21.6	0.0	0.0	112.17	2	1.2758	2.0875	700	700.54	1,477.89	
447005	50	727.1	720.5	519.1	720.8	317.5	11.62	4.58	0	1,826	87	33.50	5.5	21.6	0.0	0.0	130.27	2	1.2758	2.0875	700	700.75	1,672.19	
447510	50	727.4	721.8	520.0	721.8	318.5	12.50	4.58	0	1,910	88	35.38	5.5	21.6	0.0	0.0	121.52	2	1.2758	2.0875	700	700.94	1,640.16	
448015	50	727.7	723.2	520.8	723.2	319.2	13.06	4.58	0	1,891	89	36.75	5.5	21.6	0.0	0.0	128.37	2	1.2758	2.0945	700	701.24	1,686.64	
448625	50	728.2	724.5	522.0	724.8	319.5	13.56	4.58	0	1,897	90	38.38	5.5	21.6	0.0	0.0	126.84	2	1.2758	2.1016	700	701.55	1,697.66	
449170	50	728.9	726.8	523.6	726.8	320.5	14.06	4.58	0	1,927	92	35.38	5.5	21.6	0.0	0.0	93.82	2	1.2758	2.0938	700	702.04	1,351.02	
449673	50	729.9	730.2	525.3	730.5	321.5	6.44	4.58	0	1,963	93	12.69	5.5	21.6	0.0	0.0	43.01	2	1.2758	2.0938	700	702.34	1,116.64	
450195	49	730.5	732.8	527.5	733.2	322.2	1.06	4.58	0	1,932	92	1.94	5.5	21.6	0.0	0.0	15.23	2	1.2758	2.0938	700	702.65	1,010.39	
450699	48	731.0	736.2	529.3	736.2	323.2	0.19	4.58	0	1,815	92	0.56	5.5	22.0	0.0	0.0	17.18	2	1.2758	2.1016	700	702.83	979.69	
451251	48	731.4	738.8	531.1	738.8	324.2	0.38	4.58	0	1,599	91	1.12	5.5	21.6	0.0	0.0	16.85	2	1.2758	2.0938	700	703.05	969.92	
451760	49	731.7	741.2	532.6	741.5	324.5	0.19	4.58	0	1,595	90	1.12	5.5	21.6	0.0	0.0	15.19	2	1.2758	2.0938	700	703.14	966.80	
452273	49	732.1	742.8	533.8	743.2	325.5	0.19	4.58	0	1,576	89	1.38	5.5	22.0	0.0	0.0	16.64	2	1.2758	2.1008	700	703.35	973.12	
452795	49	732.4	743.8	534.8	743.8	325.8	0.38	4.58	0	1,553	88	1.38	5.5	22.0	0.0	0.0	17.18	2	1.2758	2.0859	700	703.54	973.83	
453315	49	732.8	744.2	535.3	744.5	326.5	0.19	4.58	0	1,551	88	1.38	5.5	21.6	0.0	0.0	16.97	2	1.2758	2.0930	700	703.63	973.05	
453854	50	733.1	744.2	535.5	744.2	327.2	0.19	4.58	0	1,536	87	1.38	5.5	21.6	0.0	0.0	17.11	2	1.2758	2.0930	700	703.75	973.44	
454398	50	733.4	743.2	535.3	743.2	327.5	0.19	4.58	0	1,521	87	1.38	5.5	22.0	0.0	0.0	17.09	2	1.2758	2.1000	700	703.94	973.05	
454946	50	733.7	742.5	535.0	742.5	328.2	0.38	4.58	0	1,512	86	1.38	5.5	22.0	0.0	0.0	12.89	2	1.2758	2.1000	700	704.03	971.64	
455375	50	733.9	741.5	534.8	741.2	328.2	1.06	4.58	0	1,561	85	1.62	5.5	22.0	0.0	0.0	35.65	2	1.2758	2.1000	700	704.24	959.61	
455895	51	734.1	739.8	534.3	740.2	328.5	2.81	4.58	0	1,598	85	5.94	5.5	21.6	0.0	0.0	59.18	2	1.2758	2.0930	700	704.43	1,000.70	
456454	51	734.3	738.5	533.8	738.5	329.2	3.12	4.58	0	1,546	86	8.12	5.5	21.6	0.0	0.0	66.28	2	1.2758	2.0930	700	704.64	1,074.92	
457068	51	734.3	737.5	533.5	737.2	329.8	4.19	4.58	0	1,561	86	11.06	5.5	22.0	0.0	0.0	78.30	2	1.2758	2.1008	705	704.94	1,162.73	
457595	51	734.5	736.2	533.3	735.8	330.2	4.00	4.58	0	1,558	87	13.00	5.5	21.6	0.0	0.0	76.80	2	1.2758	2.0938	705	705.25	1,142.03	
458121	51	735.0	735.8	533.1	735.8	330.5	3.31	4.58	0	1,560	87	11.62	5.5	21.6	0.0	0.0	65.37	2	1.2758	2.0938	705	705.53	1,061.17	
458651	50	735.4	734.8	533.3	735.2	331.2	3.31	4.58	0	1,600	87	10.25	5.5	21.6	0.0	0.0	61.05	2	1.2758	2.0867	705	705.83	1,031.95	
459174	50	735.9	735.5	533.3	735.5	331.5	3.69	4.58	0	1,577	88	9.75	5.5	21.6	0.0	0.0	71.27	2	1.2758	2.0867	705	706.23	1,125.86	
459736	50	736.4	735.5	533.6	735.8	332.2	4.56	4.58	0	1,585	88	11.88	5.5	21.6	0.0	0.0	77.95	2	1.2758	2.0797	705	706.54	1,205.70	
460296	50	736.9	736.2	534.3	736.5	332.5	6.12	4.58	0	1,588	89	18.94	5.5	21.6	0.0	0.0	103.66	2	1.2758	2.0945	705	707.03	1,363.12	
460877	50	737.5	736.8	534.8	736.8	333.2	6.44	4.58	0	1,583	89	24.31	5.5	21.6	0.0	0.0	54.87	2	1.2758	2.0945	705	707.43	1,119.14	
461449	49	737.9	738.5	535.8	738.5	333.8	0.88	4.58	0	1,613	89	2.19	5.5	21.6	0.0	0.0	16.55	2	1.2758	2.0945	705	707.73	1,011.48	
461986	49	738.1	739.5	536.8	739.5	334.5	0.00	4.58	0	1,527	89	0.56	5.5	21.6	0.0	0.0	12.30	2	1.2758	2.0875	705	708.13	976.95	
462520	49	738.2	740.5	537.5	740.8	334.5	0.00	4.58	0	1,525	88	0.81	5.5	21.6	0.0	0.0	16.55	2	1.2758	2.0797	705	708.34	967.42	
463062	49	738.3	741.5	538.2	741.2	335.2	0.00	4.58	0	1,546	87	1.12	5.5	21.6	0.0	0.0	18.35	2	1.2758	2.0797	705	708.65	966.09	
463597	49	738.4	742.2	538.5	741.8	335.5	1.56	4.58	0	1,598	87	1.94	5.5	21.6	0.0	0.0	43.27	2	1.2758	2.0797	705	708.93	961.64	
464126	50	738.3	741.8	538.6	741.5	335.8	4.38	4.58	0	1,745	87	8.69	5.5	21.6	0.0	0.0	68.44	2	1.2758	2.0953	705	709.35	1,053.83	
464644	50	738.1	741.2	538.8	741.2	336.5	7.81	4.58	0	1,844	88	20.00	5.5	21.6	0.0	0.0	108.26	2	1.2758	2.0875	705	709.63	1,403.75	
465274	50	737.8	740.8	538.8	740.5	336.8	11.50	4.58	0	1,857	89	32.44	5.5	21.6	0.0	0.0	120.45	2	1.2758	2.0875	710	710.03	1,522.89	
465792	50	737.6	740.8	539.0	741.2	337.2	12.00	4.58	0	1,916	90	33.25	5.5	21.6	0.0	0.0	119.91	2	1.2758	2.0875	710	710.43	1,584.38	
466392	50	737.4	741.8	539.6	741.8	337.5	12.50	4.58	0	1,923	92	34.56	5.5	21.6	0.0	0.0	118.34	2	1.2758	2.0797	710	710.73	1,585.70	
466981	50	737.4	743.5	541.0	743.8	338.5	12.88	4.58	0	1,961	93	36.75	5.5	21.6	0.0	0.0	122.20	2	1.2758	2.0875	710	711.13	1,621.64	
467527	50	737.7	745.2	542.2	745.8	339.2	14.06	4.58	0	2,022	95	42.12	5.5	21.6	0.0	0.0	124.15	2	1.2758	2.0867	710	711.44	1,701.02	
468085	50	737.8	747.5	543.5	747.8	340.2	14.75	4.58	0	2,022	96	45.12	5.5	21.6	0.0	0.0	133.29	2	1.2758	2.0938	710	711.74	1,792.50	
468657	50	737.9	750.5	545.6	750.8	341.2	17.88	4.58	0	2,174	98	57.25	5.5	21.6	0.0	0.0	139.66	2	1.2758	2.0859	710	711.93	1,826.56	
469230	50	737.6	753.8	547.6	754.5	342.2	17.06	4.58	0	2,095	100	52.94	5.5	22.0	0.0	0.0	132.68	2	1.2758	2.1000	710	712.14	1,788.59	
469773	50	737.2	757.2	549.8	757.8	343.2	16.19	4.58	0	2,112	101	50.00	5.5	21.6	0.0	0.0	133.55	2	1.2758	2.1000	710	712.23	1,813.83	
470353	50	736.8	761.2	552.3	761.2	343.8	17.19	4.58	0	2,189	103	55.38	5.5	22.0	0.0	0.0	135.09	2	1.2758	2.1070	710	712.23	1,842.19	
470908	50	736.3	764.8	555.1	765.5	345.5	18.06	4.58	0	2,188	105	57.81	5.5	22.0	0.0	0.0	135.47	2	1.2758	2.1141	710	712.14	1,827.19	
471462	50	735.9	769.2	557.5	769.5	346.8	18.62	4.58	0	2,251	106	59.69	5.5	22.0	0.0	0.0	135.75	2	1.2758	2.1063	710	712.14	1,696.33	
472045	49	736.0	773.8	560.8	774.5	348.2	14.25	4.58	0	2,261	108	45.94	5.5	22.0	0.0	0.0	97.59	2	1.2758	2.1133	710	712.14	1,356.09	
472570	49	736.9	777.8	563.2	777.8	349.5	5.75	4.58	0	2,290	108	15.94	5.5	22.0	0.0	0.0	47.88	2	1.2758	2.1133	710	712.23	1,037.42	
473113	49	738.0	781.8	566.1	782.2	350.8	1.75	4.58	0	2,087	108	1.38	5.5	22.4	0.0	0.0	17.02	2	1.2758	2.1133	710	712.35	983.91	
473638	48	738.9	785.8	568.5	786.2	351.8	1.06	4.58	0	1,894	107	1.12	5.5	22.4	0.0	0.0	17.11	2	1.2758	2.1203	710	712.44	973.44	
474303	48	739.6	789.2	570.5	789.5	352.8	-0.62	4.58	0	1,889	106	0.56	5.5	22.4	0.0	0.0	24.07	1	1.2758	2.1266	710	712.54	960.86	
474902	49	740.6	791.5	572.5	791.5	354.2	4.69	4.58	0	1,884	107	8.38	5.5	22.4	0.0	0.0	65.37	1	1.2758	2.1258	710	712.75	1,068.36	
475482	49	741.7	793.5	574.3	793.5	355.5	5.56	4.58	0	1,897	107	12.69	5.5	22.7	0.0	0.0	74.34	1	1.2758	2.1398	710	712.94	1,216.80	
475998	50	743.1	794.8	575.5	794.8	356.5	6.81	4.58	0	1,915	107	16.50	5.5	22.7	0.0	0.0	74.98	1	1.2758	2.1461	710	713.24	1,133.67	
476507	50	744.4	795.8	576.6	795.8	357.8	2.25	4.58	0	1,890	107	3.00	5.5	22.7	0.0	0.0	20.46	1	1.2758	2.1531	710	713.43	1,002.89	
477023	49	745.4	796.8	577.3	796.5	358.2	0.56	4.58	0	1,865	107	0.56	5.5	22.7	0.0	0.0	11.88	1	1.2758	2.1453	710	713.64	968.83	
477559	49	746.1	797.5	578.0	797.8	359.2	1.44	4.58	0	1,792	106	0.81	5.5	22.7	0.0	0.0	21.07	1	1.2758	2.1523	710	713.94	953.36	
478113	49	746.8	797.8	578.5	797.8	359.8	3.50	4.58	0	1,880	106	5.94	5.5	22.7	0.0	0.0	60.75	1	1.2758	2.1523	710	714.25	1,024.69	
478661	49	747.5	797.8	579.0	797.5	361.2	5.38	4.58	0	1,878	106	11.88	5.5	23.1	0.0	0.0	71.77	1	1.2758	2.1594	710	714.65	1,175.78	
479196	50	748.2	797.5	579.6	797.5	361.5	6.44	4.58	0	1,877	106	18.12	5.5	22.7	0.0	0.0	97.52	1	1.2758	2.1523	715	715.14	1,398.20	
479724	50	749.2	797.2	579.8	797.2	362.5	11.31	4.58	0	1,928	107	30.25	5.5	22.7	0.0	0.0	111.66	1	1.2758	2.1523	715	715.63	1,459.84	
480288	50	750.3	797.5	580.1	797.5	363.2	11.81	4.58	0	1,918	108	30.81	5.5	23.1	0.0	0.0	104.74	1	1.2758	2.1602	715	716.33	1,390.47	
480717	50	751.3	797.5	580.5	797.5	363.8	11.12	4.58	0	1,927	108	27.81	5.5	22.7	0.0	0.0	102.49	1	1.2758	2.1453	715	716.85	1,343.05	
481239	49	752.7	798.2	581.3	798.5	364.5	10.25	4.58	0	1,932	109	25.38	5.5	22.7	0.0	0.0	75.07	1	1.2758	2.1523	715	717.53	1,119.61	
481789	49	754.1	799.2	582.0	799.2	365.5	1.94	4.58	0	1,921	108	2.75	5.5	22.7	0.0	0.0	17.32	1	1.2758	2.1602	715	718.23	1,031.33	
482361	48	755.1	800.5	583.3	800.5	366.5	0.88	4.58	0	1,893	108	1.12	5.5	23.1	0.0	0.0	11.81	1	1.2758	2.1602	715	718.75	980.23	
483006	48	755.8	801.2	584.0	801.5	367.2	1.44	4.58	0	1,839	107	0.81	5.5	23.1	0.0	0.0	17.09	1	1.2758	2.1602	715	719.33	969.92	
483510	48	756.4	802.5	584.8	802.2	367.5	1.06	4.58	0	1,879	106	1.12	5.5	23.1	0.0	0.0	17.25	1	1.2758	2.1602	715	719.73	967.97	
484039	49	757.1	801.8	585.2	802.2	368.2	0.88	4.58	0	1,861	106	0.81	5.5	22.7	0.0	0.0	17.18	1	1.2758	2.1453	720	720.04	975.94	
484582	49	757.6	801.5	585.1	801.5	368.8	0.69	4.58	0	1,838	105	0.81	5.5	22.7	0.0	0.0	17.30	1	1.2758	2.1453	720	720.53	977.11	
485105	49	758.0	800.5	584.8	800.5	369.2	0.69	4.58	0	1,834	104	0.81	5.5	22.7	0.0	0.0	17.34	1	1.2758	2.1453	720	720.83	976.95	
485680	50	758.4	799.2	584.3	798.8	369.8	0.69	4.58	0	1,817	103	1.38	5.5	22.7	0.0	0.0	17.39	1	1.2758	2.1453	720	721.14	976.88	
486206	50	758.7	797.2	583.5	796.8	369.8	0.69	4.58	0	1,803	102	1.12	5.5	22.7	0.0	0.0	17.53	1	1.2758	2.1453	720	721.44	976.41	
486733	50	759.0	795.8	582.8	795.5	370.2	0.56	4.58	0	1,792	101	1.12	5.5	22.7	0.0	0.0	17.60	1	1.2758	2.1453	720	721.63	976.17	
487281	51	759.2	792.8	582.0	793.2	370.2	0.56	4.58	0	1,778	101	1.12	5.5	22.7	0.0	0.0	17.67	1	1.2758	2.1453	720	721.94	975.62	
487827	51	759.5	790.8	580.8	790.5	370.5	0.56	4.58	0	1,758	100	1.38	5.5	22.7	0.0	0.0	17.72	1	1.2758	2.1383	720	722.24	975.78	
488333	51	759.6	788.2	579.6	788.2	370.8	0.56	4.58	0	1,750	99	1.12	5.5	22.7	0.0	0.0	17.91	1	1.2758	2.1383	720	722.43	975.55	
488862	51	759.8	785.8	578.5	785.5	370.8	0.56	4.58	0	1,735	98	1.38	5.5	22.7	0.0	0.0	17.88	1	1.2758	2.1461	720	722.73	975.16	
489383	51	759.9	783.2	576.8	782.8	370.8	0.56	4.58	0	1,721	98	1.38	5.5	22.7	0.0	0.0	18.00	1	1.2758	2.1398	720	722.94	974.69	
489922	52	760.0	780.5	576.2	780.5	371.2	0.38	4.58	0	1,709	97	1.38	5.5	22.7	0.0	0.0	18.12	1	1.2758	2.1398	720	723.25	974.69	
490467	52	760.0	777.8	574.7	777.5	370.8	0.38	4.58	0	1,693	96	1.38	5.5	22.4	0.0	0.0	18.28	1	1.2758	2.1328	720	723.44	973.98	
491048	52	760.0	774.5	573.1	774.5	371.5	0.38	4.58	0	1,679	95	1.38	5.5	22.7	0.0	0.0	18.59	1	1.2758	2.1406	720	723.65	973.67	
491651	52	760.1	772.2	571.8	771.5	371.5	1.44	4.58	0	1,669	95	1.94	5.5	22.4	0.0	0.0	22.92	0	1.2758	2.1336	720	724.05	956.64	
492211	52	760.0	769.5	570.0	768.8	371.5	3.50	4.58	0	1,735	94	6.25	5.5	22.4	0.0	0.0	60.54	0	1.2758	2.1336	720	724.44	1,011.33	
492743	53	759.6	766.2	568.8	766.2	371.5	4.00	4.58	0	1,676	95	11.06	5.5	22.4	0.0	0.0	89.34	0	1.2758	2.1336	720	724.75	1,174.30	
493299	53	759.0	763.8	567.6	763.8	371.5	7.69	4.58	0	1,678	95	22.19	5.5	22.4	0.0	0.0	112.92	0	1.2758	2.1336	725	725.15	1,443.59	
493826	52	758.6	761.8	566.8	761.8	371.8	10.06	4.58	0	1,755	96	28.12	5.5	22.4	0.0	0.0	112.08	0	1.2758	2.1336	725	725.43	1,465.39	
494342	52	758.1	761.5	566.5	761.2	371.8	9.25	4.58	0	1,711	97	26.50	5.5	22.4	0.0	0.0	107.06	0	1.2758	2.1258	725	725.85	1,516.25	
494868	52	757.7	760.8	566.3	760.8	372.2	14.25	4.58	0	2,081	97	43.25	5.5	22.4	0.0	0.0	122.09	0	1.2758	2.1328	725	726.13	1,554.53	
495403	51	757.2	761.5	566.8	761.5	372.5	7.69	4.58	0	2,059	98	18.62	5.5	22.4	0.0	0.0	48.63	0	1.2758	2.1250	725	726.53	1,065.86	
495940	50	756.7	762.8	567.5	762.8	372.8	0.69	4.58	0	2,056	98	1.62	5.5	22.4	0.0	0.0	14.98	0	1.2758	2.1312	725	726.74	984.92	
496503	49	756.3	764.5	568.6	764.5	373.2	1.06	4.58	0	1,722	97	1.12	5.5	22.7	0.0	0.0	18.23	0	1.2758	2.1398	725	727.05	969.77	
496961	49	756.0	766.2	569.3	765.8	373.2	0.00	4.58	0	1,597	96	1.38	5.5	22.7	0.0	0.0	17.55	0	1.2758	2.1398	725	727.14	966.25	
497514	50	755.8	767.8	570.3	767.8	373.8	0.38	4.58	0	1,647	96	1.38	5.5	22.4	0.0	0.0	16.55	0	1.2758	2.1328	725	727.44	971.64	
498078	50	755.5	768.2	571.0	768.2	373.8	0.00	4.58	0	1,651	95	1.38	5.5	22.4	0.0	0.0	17.65	0	1.2758	2.1328	725	727.54	972.97	
498637	51	755.3	768.8	571.3	768.5	373.8	-1.12	4.58	0	1,693	94	1.38	5.5	22.4	0.0	0.0	20.51	0	1.2758	2.1328	725	727.84	958.36	
499161	51	755.0	768.5	571.3	768.5	374.2	3.00	4.58	0	1,740	94	5.44	5.5	22.4	0.0	0.0	58.01	0	1.2758	2.1328	725	728.03	995.94	
499788	51	754.5	768.2	571.0	768.2	374.2	3.69	4.58	0	1,663	94	9.50	5.5	22.4	0.0	0.0	80.95	0	1.2758	2.1328	725	728.33	1,174.22	
500300	51	754.0	767.8	571.3	767.8	374.5	6.44	4.58	0	1,688	94	19.75	5.5	22.4	0.0	0.0	104.79	0	1.2758	2.1258	725	728.55	1,385.78	
500854	51	753.6	767.5	571.0	767.5	374.5	8.38	4.58	0	1,695	95	25.69	5.5	22.4	0.0	0.0	106.17	0	1.2758	2.1258	725	728.73	1,368.20	
501366	51	753.6	768.2	571.3	768.2	375.2	7.81	4.58	0	1,691	95	24.56	5.5	22.4	0.0	0.0	65.44	0	1.2758	2.1258	725	728.85	1,129.84	
501901	51	753.7	768.2	571.7	768.5	375.5	1.56	4.58	0	1,746	95	3.00	5.5	22.4	0.0	0.0	16.78	0	1.2758	2.1258	725	729.04	1,023.52	
502445	50	753.7	769.5	572.3	769.8	375.8	0.69	4.58	0	1,629	95	0.56	5.5	22.4	0.0	0.0	11.77	0	1.2758	2.1336	725	729.13	979.45	
502991	50	753.6	770.8	573.1	770.5	376.2	0.38	4.58	0	1,651	94	1.38	5.5	22.4	0.0	0.0	16.85	0	1.2758	2.1266	725	729.34	969.06	
503507	50	753.6	771.5	573.5	771.5	376.2	0.19	4.58	0	1,644	93	1.12	5.5	22.4	0.0	0.0	17.62	0	1.2758	2.1266	725	729.44	966.41	
504046	50	753.5	771.5	573.8	771.5	376.2	1.06	4.58	0	1,666	92	1.94	5.5	22.4	0.0	0.0	44.65	0	1.2758	2.1266	725	729.65	957.73	
504613	51	753.3	771.5	574.1	771.5	376.5	5.06	4.58	0	1,942	92	11.38	5.5	22.4	0.0	0.0	82.15	0	1.2758	2.1266	725	729.83	1,145.78	
505177	51	752.8	771.5	573.8	771.5	376.8	10.44	4.58	0	1,944	93	28.12	5.5	22.4	0.0	0.0	117.33	0	1.2758	2.1195	730	729.93	1,586.80	
505742	51	752.4	771.2	574.0	771.2	376.8	13.94	4.58	0	1,961	94	38.88	5.5	22.4	0.0	0.0	119.30	0	1.2758	2.1195	730	730.05	1,625.62	
506318	51	751.7	771.8	574.5	771.5	377.8	14.44	4.58	0	2,005	95	42.12	5.5	22.4	0.0	0.0	122.95	0	1.2758	2.1266	730	730.05	1,626.56	
506872	51	751.2	772.5	575.1	773.2	377.8	14.44	4.58	0	2,049	96	43.50	5.5	22.4	0.0	0.0	125.30	0	1.2758	2.1188	730	730.05	1,667.58	
507422	50	750.7	773.8	576.2	774.5	378.5	15.12	4.58	0	2,063	98	45.12	5.5	22.4	0.0	0.0	124.76	0	1.2758	2.1328	730	730.05	1,682.58	
507981	50	750.5	776.8	577.7	776.8	379.2	16.69	4.58	0	2,079	99	49.69	5.5	22.4	0.0	0.0	131.39	0	1.2758	2.1250	730	729.93	1,728.36	
508606	50	750.2	778.8	579.3	779.2	379.8	16.00	4.58	0	2,127	100	48.62	5.5	22.7	0.0	0.0	129.28	0	1.2758	2.1234	725	729.83	1,755.08	
509132	50	749.9	781.5	581.0	781.8	380.8	20.31	4.58	0	2,288	102	63.50	5.5	22.4	0.0	0.0	138.00	0	1.2758	2.1375	725	729.65	1,788.67	
509645	50	749.4	785.5	583.3	785.8	382.2	17.38	4.58	0	2,160	103	53.19	5.5	22.4	0.0	0.0	130.10	0	1.2758	2.1297	725	729.34	1,778.20	
510157	50	749.1	788.5	585.3	788.8	382.5	18.44	4.58	0	2,197	104	57.25	5.5	22.4	0.0	0.0	132.54	0	1.2758	2.1367	725	729.25	1,796.56	
510676	50	749.1	791.8	587.2	792.2	383.8	19.44	4.58	0	2,224	106	58.88	5.5	22.7	0.0	0.0	132.35	0	1.2758	2.1500	725	729.04	1,797.42	
511193	50	749.6	795.8	590.1	795.8	384.8	20.00	4.58	0	2,260	107	60.75	5.5	23.1	0.0	0.0	133.78	0	1.2758	2.1422	725	728.94	1,807.27	
511742	50	750.5	800.2	592.1	800.2	385.8	20.50	4.58	0	2,285	109	61.56	5.5	22.7	0.0	0.0	133.64	0	1.2758	2.1492	725	728.94	1,759.69	
512267	50	751.9	802.8	594.5	803.5	387.2	18.94	4.58	0	2,308	110	56.44	5.5	22.7	0.0	0.0	122.34	0	1.2758	2.1562	725	729.04	1,694.06	
512837	50	754.0	807.8	597.7	807.8	388.5	13.56	4.58	0	2,327	111	40.00	5.5	22.7	0.0	0.0	81.35	0	1.2758	2.1562	725	729.25	1,290.86	
513351	50	756.4	811.2	600.1	811.5	389.8	5.94	4.58	0	2,345	111	16.75	5.5	22.7	0.0	0.0	59.65	0	1.2758	2.1492	725	729.65	1,075.00	
513907	49	759.1	814.8	602.8	815.2	390.8	4.00	4.58	0	2,347	112	8.94	5.5	22.7	0.0	0.0	30.66	0	1.2758	2.1562	730	730.05	995.00	
514441	49	761.1	818.5	604.6	818.5	391.8	0.69	4.58	0	1,950	111	0.81	5.5	23.1	0.0	0.0	12.14	0	1.2758	2.1625	730	730.44	966.72	
515023	49	762.7	821.8	607.5	822.2	393.5	0.38	4.58	0	1,799	110	1.12	5.5	23.1	0.0	0.0	16.64	0	1.2758	2.1688	730	730.75	962.03	
515537	49	763.8	823.8	608.8	823.8	394.2	0.88	4.58	0	1,936	109	0.56	5.5	23.1	0.0	0.0	17.13	0	1.2758	2.1672	730	731.03	964.14	
516097	49	765.0	825.2	610.0	825.5	395.2	1.06	4.58	0	1,919	109	1.12	5.5	23.1	0.0	0.0	17.20	0	1.2758	2.1664	730	731.33	966.56	
516656	50	766.0	825.8	610.6	826.2	395.8	0.69	4.58	0	1,895	108	1.38	5.5	23.1	0.0	0.0	17.02	0	1.2758	2.1719	730	731.55	975.08	
517259	50	766.9	825.8	611.0	825.8	396.5	0.88	4.58	0	1,882	107	1.62	5.5	23.5	0.0	0.0	17.18	0	1.2758	2.1703	730	731.85	976.64	
517791	50	767.7	825.2	611.0	825.2	397.2	0.69	4.58	0	1,861	106	1.38	5.5	23.5	0.0	0.0	17.34	0	1.2758	2.1773	730	732.04	977.19	
518287	51	768.5	823.5	610.6	823.5	397.8	0.56	4.58	0	1,854	105	0.81	5.5	23.1	0.0	0.0	17.44	0	1.2758	2.1695	730	732.25	976.80	
518828	51	769.2	822.2	610.1	821.8	398.5	0.69	4.58	0	1,835	104	1.12	5.5	23.1	0.0	0.0	17.41	0	1.2758	2.1758	730	732.44	976.48	
519349	51	769.8	820.2	609.5	819.8	398.8	0.69	4.58	0	1,824	104	1.38	5.5	23.1	0.0	0.0	17.55	0	1.2758	2.1758	730	732.53	976.64	
519863	51	770.3	817.8	608.6	817.8	398.8	0.69	4.58	0	1,808	103	1.38	5.5	23.5	0.0	0.0	17.62	0	1.2758	2.1828	730	732.74	976.02	
520412	52	770.8	815.8	607.5	815.5	399.5	0.56	4.58	0	1,794	102	1.62	5.5	23.5	0.0	0.0	17.84	0	1.2758	2.1828	730	732.83	975.70	
520994	52	771.3	812.8	606.5	812.5	399.8	0.56	4.58	0	1,779	101	1.38	5.5	23.1	0.0	0.0	17.84	0	1.2758	2.1758	730	733.05	975.62	
521544	52	771.7	810.2	605.1	809.8	399.5	0.69	4.58	0	1,770	100	1.12	5.5	23.1	0.0	0.0	18.21	0	1.2758	2.1758	730	733.14	975.00	
522078	52	772.0	807.2	603.7	806.8	400.2	0.38	4.58	0	1,760	100	1.38	5.5	23.1	0.0	0.0	18.28	0	1.2758	2.1758	730	733.35	974.61	
522625	53	772.3	804.5	602.3	803.8	399.8	0.19	4.58	0	1,741	99	1.38	5.5	23.1	0.0	0.0	18.42	0	1.2758	2.1695	730	733.44	974.45	
523156	53	772.6	801.5	601.1	801.5	400.5	0.38	4.58	0	1,735	98	1.38	5.5	23.5	0.0	0.0	18.61	0	1.2758	2.1836	730	733.63	974.53	
523713	53	772.8	798.8	599.3	798.5	400.5	0.38	4.58	0	1,716	97	1.38	5.5	23.5	0.0	0.0	18.61	0	1.2758	2.1773	730	733.75	974.53	
524240	53	773.0	795.2	598.0	795.2	400.5	0.38	4.58	0	1,700	97	1.38	5.5	23.1	0.0	0.0	18.52	0	1.2758	2.1703	730	733.94	974.14	
524819	53	773.2	792.2	596.5	792.2	400.5	0.38	4.58	0	1,687	96	1.38	5.5	23.5	0.0	0.0	13.43	0	1.2758	2.1781	730	734.15	970.00	
525428	53	773.3	789.5	595.1	789.5	400.5	3.00	4.58	0	1,745	95	3.81	5.5	23.5	0.0	0.0	52.73	0	1.2758	2.1781	730	734.33	993.28	
525968	53	773.3	786.8	593.8	786.5	400.5	7.50	4.58	0	1,884	96	18.38	5.5	23.5	0.0	0.0	97.10	0	1.2758	2.1781	730	734.64	1,285.00	
526582	53	773.3	783.5	592.0	782.8	400.5	12.69	4.58	0	2,049	96	35.94	5.5	23.5	0.0	0.0	127.24	0	1.2758	2.1781	735	735.25	1,784.30	
527098	53	773.1	781.5	591.0	781.5	400.5	22.44	4.58	0	2,310	98	74.00	5.5	23.1	0.0	0.0	143.79	0	1.2758	2.1703	735	735.74	2,036.33	
527641	53	771.9	780.2	590.8	780.5	400.8	30.38	4.58	0	2,573	100	92.62	5.5	23.1	0.0	0.0	142.36	0	1.2758	2.1758	735	736.35	1,897.19	
528194	53	770.2	780.5	591.5	780.5	401.5	29.69	4.58	0	2,667	102	91.81	5.5	23.1	0.0	0.0	144.45	0	1.2758	2.1805	735	736.94	1,860.70	
528717	52	768.6	781.8	591.8	782.2	402.2	25.00	4.58	0	2,662	104	75.06	5.5	23.5	0.0	0.0	115.64	0	1.2758	2.1922	735	737.43	1,546.09	
529225	51	767.6	784.2	593.1	784.5	402.8	20.69	4.58	0	2,792	105	62.12	5.5	23.9	0.0	0.0	111.98	0	1.2758	2.1898	735	737.85	1,502.66	
529768	51	766.9	787.5	595.1	787.5	403.8	17.06	4.58	0	2,737	107	50.75	5.5	23.9	0.0	0.0	93.52	0	1.2758	2.1945	735	738.25	1,274.45	
530297	51	766.9	790.8	597.6	791.5	404.5	8.38	4.58	0	2,756	107	21.06	5.5	23.9	0.0	0.0	35.02	0	1.2758	2.2008	735	738.74	1,049.61	
530827	50	767.2	795.2	599.7	795.5	405.2	2.62	4.58	0	2,236	107	1.62	5.5	23.9	0.0	0.0	13.24	0	1.2758	2.2008	735	739.05	980.00	
531353	49	767.5	799.2	602.1	799.5	406.2	0.38	4.58	0	2,185	106	1.12	5.5	23.9	0.0	0.0	16.95	0	1.2758	2.2008	735	739.23	964.77	
531868	50	767.7	802.8	604.5	802.8	406.8	1.06	4.58	0	2,194	105	0.56	5.5	23.9	0.0	0.0	17.48	0	1.2758	2.2133	735	739.54	967.58	
532408	50	767.9	805.5	606.3	805.5	407.5	1.25	4.58	0	2,118	104	0.81	5.5	23.9	0.0	0.0	17.93	0	1.2758	2.2125	735	739.63	968.28	
532918	50	768.2	807.8	607.8	807.8	407.8	0.88	4.58	0	1,882	103	1.62	5.5	23.9	0.0	0.0	17.32	0	1.2758	2.2109	735	739.84	977.27	
533455	51	768.4	809.5	608.7	809.8	408.2	0.56	4.58	0	1,799	102	1.38	5.5	24.3	0.0	0.0	17.32	0	1.2758	2.2094	740	740.03	976.64	
534147	51	768.7	810.2	609.7	810.5	408.5	0.69	4.58	0	1,791	101	1.38	5.5	23.9	0.0	0.0	17.62	0	1.2758	2.2219	740	740.24	975.70	
534678	51	769.0	810.5	609.7	810.2	409.2	0.56	4.58	0	1,766	100	1.38	5.5	23.9	0.0	0.0	17.46	0	1.2758	2.2141	740	740.33	975.47	
535184	52	769.3	809.8	609.8	809.8	409.5	0.56	4.58	0	1,751	100	1.38	5.5	24.3	0.0	0.0	17.62	0	1.2758	2.2203	740	740.43	975.16	
535749	52	769.5	808.8	609.1	808.5	409.8	0.38	4.58	0	1,759	99	1.62	5.5	24.3	0.0	0.0	27.35	0	1.2758	2.2266	740	740.55	959.53	
536302	52	769.9	807.2	608.6	807.2	410.2	4.19	4.58	0	1,812	99	7.56	5.5	24.3	0.0	0.0	61.27	0	1.2758	2.2266	740	740.73	1,031.17	
536815	53	770.3	805.8	608.1	805.5	410.5	5.75	4.58	0	1,760	99	14.88	5.5	24.3	0.0	0.0	91.24	0	1.2758	2.2266	740	740.94	1,219.92	
537338	53	771.0	804.5	607.5	804.8	410.8	6.12	4.58	0	1,731	99	16.75	5.5	24.3	0.0	0.0	47.25	0	1.2758	2.2203	740	741.13	1,117.11	
537927	52	771.7	803.8	607.3	803.5	410.8	0.38	4.58	0	1,739	98	1.38	5.5	24.3	0.0	0.0	14.34	0	1.2758	2.2281	740	741.44	1,001.64	
538560	51	772.2	802.8	606.8	802.5	411.2	0.19	4.58	0	1,662	98	0.31	5.5	24.3	0.0	0.0	16.88	0	1.2758	2.2219	740	741.65	972.11	
539153	52	772.6	802.5	606.8	802.5	411.2	0.19	4.58	0	1,709	96	1.12	5.5	24.3	0.0	0.0	17.67	0	1.2758	2.2219	740	741.83	966.48	
539676	52	773.0	801.5	606.6	801.5	411.5	0.19	4.58	0	1,693	96	1.62	5.5	24.3	0.0	0.0	17.46	0	1.2758	2.2219	740	742.05	972.97	
540216	52	773.2	800.5	606.0	800.5	411.5	0.00	4.58	0	1,662	95	1.62	5.5	24.3	0.0	0.0	17.72	0	1.2758	2.2219	740	742.23	972.73	
540763	52	773.5	799.2	605.3	799.2	411.5	0.19	4.58	0	1,656	94	1.38	5.5	24.3	0.0	0.0	17.55	0	1.2758	2.2219	740	742.44	973.44	
541292	52	773.7	797.5	604.5	797.2	411.5	0.00	4.58	0	1,634	93	1.62	5.5	24.3	0.0	0.0	17.79	0	1.2758	2.2219	740	742.63	973.20	
541832	53	773.9	795.5	603.3	795.5	411.8	0.19	4.58	0	1,618	92	1.62	5.5	24.3	0.0	0.0	17.58	0	1.2758	2.2219	740	742.84	973.28	
542346	53	774.1	793.8	603.0	793.8	411.8	2.81	4.58	0	1,605	91	1.38	5.5	24.3	0.0	0.0	16.03	0	1.2758	2.2219	740	742.94	965.23	
543010	53	774.2	791.8	601.6	791.2	411.5	2.62	4.58	0	1,677	91	3.50	5.5	24.3	0.0	0.0	57.30	0	1.2758	2.2219	740	743.33	988.75	
543539	53	774.3	789.2	600.5	788.8	411.5	3.81	4.58	0	1,632	91	8.94	5.5	24.3	0.0	0.0	64.76	0	1.2758	2.2219	740	743.55	1,075.31	
544101	53	774.0	787.2	599.5	787.2	411.5	4.88	4.58	0	1,643	91	11.88	5.5	24.3	0.0	0.0	75.40	0	1.2758	2.2219	740	743.85	1,162.42	
544632	53	773.9	785.5	598.5	785.5	411.5	6.81	4.58	0	1,621	91	19.44	5.5	24.3	0.0	0.0	106.66	0	1.2758	2.2219	740	744.13	1,408.98	
545184	53	773.9	784.5	598.0	784.5	411.8	13.38	4.58	0	1,959	92	36.75	5.5	24.3	0.0	0.0	129.30	0	1.2758	2.2219	740	744.53	1,788.98	
545732	53	773.7	783.8	597.8	784.2	411.8	17.56	4.58	0	1,949	93	47.81	5.5	24.3	0.0	0.0	134.77	0	1.2758	2.2141	740	744.83	1,770.94	
546311	52	773.1	784.5	598.0	784.5	412.2	17.38	4.58	0	1,988	94	48.62	5.5	24.3	0.0	0.0	131.34	0	1.2758	2.2266	745	745.14	1,886.09	
546897	52	772.4	785.5	598.6	785.8	412.5	28.12	4.58	0	2,486	96	94.00	5.5	24.3	0.0	0.0	165.94	0	1.2758	2.2250	745	745.54	2,271.25	
547424	52	771.6	787.5	600.5	787.5	412.8	37.19	4.58	0	2,627	98	123.69	5.5	24.3	0.0	0.0	168.00	0	1.2758	2.2289	745	745.84	2,442.66	
547995	52	771.4	790.5	602.0	790.8	413.5	73.25	4.58	0	3,390	101	209.81	5.5	24.7	0.0	0.0	173.02	0	1.2758	2.2500	745	746.33	2,394.77	
548508	52	772.4	793.8	604.1	794.5	414.8	74.00	4.58	0	3,525	104	223.06	5.5	25.1	0.0	0.0	178.55	1	1.2758	2.2742	745	746.85	2,421.56	
549084	52	775.5	798.8	607.1	799.2	415.8	77.25	4.58	0	3,621	107	229.00	5.5	25.9	0.0	0.0	175.78	1	1.2758	2.3219	745	747.93	2,438.05	
549603	52	779.6	803.8	610.5	804.5	417.2	84.75	4.58	0	3,739	110	250.56	5.5	27.1	0.0	0.0	136.48	1	1.2758	2.3656	745	749.33	1,651.80	
550180	52	784.5	810.5	613.5	810.8	418.8	21.88	4.58	0	3,756	112	49.69	5.5	28.2	0.0	0.0	39.21	1	1.2758	2.4242	750	750.83	1,084.30	
550720	50	788.4	816.5	618.2	817.2	420.2	2.12	4.58	0	3,477	111	2.44	5.5	28.2	0.0	0.0	19.12	0	1.2758	2.4219	750	751.94	1,008.36	
551376	50	791.2	822.8	621.6	823.5	421.8	1.25	4.58	0	2,823	110	3.00	5.5	28.6	0.0	0.0	17.70	0	1.2758	2.4250	750	753.13	986.17	
551903	50	793.2	828.2	625.1	828.8	422.5	1.25	4.58	0	2,724	109	2.75	5.5	28.6	0.0	0.0	17.65	0	1.2758	2.4414	750	753.83	980.31	
552442	51	795.5	833.5	628.5	834.2	423.5	0.88	4.58	0	2,684	108	2.75	5.5	29.0	0.0	0.0	18.56	0	1.2758	2.4578	750	754.63	991.88	
552956	52	797.2	836.5	630.5	837.2	424.8	2.81	4.58	0	2,532	107	3.81	5.5	29.0	0.0	0.0	47.51	0	1.2758	2.4688	755	755.43	999.45	
553525	52	799.4	839.2	632.1	839.5	425.8	6.62	4.58	0	2,374	107	16.75	5.5	29.4	0.0	0.0	78.56	0	1.2758	2.4742	755	756.65	1,121.41	
554049	53	801.4	840.8	633.5	841.2	426.5	8.38	4.58	0	2,249	107	22.69	5.5	29.8	0.0	0.0	39.61	0	1.2758	2.4867	755	757.63	1,036.64	
554663	52	803.4	842.5	635.0	842.5	428.2	1.94	4.58	0	2,108	107	2.75	5.5	29.8	0.0	0.0	47.46	0	1.2758	2.4945	755	758.73	960.23	
555273	52	805.1	843.8	635.8	843.8	428.8	6.12	4.58	0	1,935	106	13.00	5.5	29.8	0.0	0.0	83.32	0	1.2758	2.5148	760	760.05	1,134.92	
555801	52	806.7	844.8	637.0	844.8	429.5	10.44	4.58	0	1,902	107	25.94	5.5	30.2	0.0	0.0	113.13	0	1.2758	2.5250	760	761.33	1,509.84	
556389	52	808.6	845.8	638.1	846.2	430.2	14.25	4.58	0	1,913	108	36.75	5.5	30.6	0.0	0.0	116.41	0	1.2758	2.5297	760	762.83	1,564.14	
556946	52	810.3	847.2	638.8	847.2	431.2	14.25	4.58	0	1,932	108	37.00	5.5	30.6	0.0	0.0	119.88	0	1.2758	2.5297	760	764.24	1,602.73	
557516	52	811.9	848.5	640.5	848.5	432.5	14.94	4.58	0	1,931	109	38.06	5.5	30.6	0.0	0.0	109.48	0	1.2758	2.5375	765	765.83	1,448.44	
558119	52	813.5	849.8	641.3	849.8	433.2	4.56	4.58	0	2,069	109	7.88	5.5	30.6	0.0	0.0	30.98	0	1.2758	2.5328	765	767.33	1,029.92	
558687	51	814.5	851.5	642.6	851.5	433.8	1.25	4.58	0	1,992	109	1.62	5.5	30.2	0.0	0.0	12.59	0	1.2758	2.5273	765	768.53	972.58	
559227	50	815.2	853.2	644.0	853.5	434.8	-1.81	4.58	0	1,827	108	0.56	5.5	30.2	0.0	0.0	15.77	0	1.2758	2.5328	765	769.35	963.05	
559767	50	815.7	854.2	644.8	854.5	435.8	0.69	4.58	0	1,889	107	1.12	5.5	30.6	0.0	0.0	17.13	0	1.2758	2.5328	770	770.03	963.52	
560394	51	816.1	854.8	645.3	854.8	436.2	0.69	4.58	0	1,871	106	1.12	5.5	30.6	0.0	0.0	17.23	0	1.2758	2.5375	770	771.04	972.11	
560922	51	816.5	854.5	645.5	854.5	436.5	0.38	4.58	0	1,845	105	1.62	5.5	30.2	0.0	0.0	17.06	0	1.2758	2.5250	770	771.65	973.36	
561444	51	816.8	853.8	645.5	853.5	436.8	1.94	4.58	0	1,845	104	1.62	5.5	30.2	0.0	0.0	41.84	0	1.2758	2.5297	770	772.35	959.69	
562029	52	817.0	852.5	644.8	852.2	437.5	5.56	4.58	0	2,059	104	12.69	5.5	30.6	0.0	0.0	80.62	0	1.2758	2.5250	770	773.24	1,156.72	
562589	52	817.1	851.2	644.1	851.2	437.8	13.06	4.58	0	2,208	105	38.38	5.5	30.6	0.0	0.0	120.38	0	1.2758	2.5328	770	774.34	1,715.78	
563126	52	816.8	849.5	644.1	849.2	438.5	19.31	4.58	0	2,216	106	54.81	5.5	30.6	0.0	0.0	123.68	0	1.2758	2.5328	775	775.23	1,723.44	
563650	52	816.0	848.8	644.0	848.8	438.8	20.31	4.58	0	2,253	107	59.12	5.5	30.2	0.0	0.0	128.81	0	1.2758	2.5250	775	776.15	1,713.98	
564184	52	814.7	849.2	644.0	849.2	439.5	19.31	4.58	0	2,282	108	57.81	5.5	30.6	0.0	0.0	126.49	0	1.2758	2.5172	775	777.13	1,736.02	
564739	51	813.2	849.8	645.2	850.2	440.5	20.88	4.58	0	2,310	109	61.06	5.5	30.2	0.0	0.0	128.37	0	1.2758	2.5273	775	777.83	1,724.53	
565339	51	811.5	851.8	646.3	851.8	441.8	21.00	4.58	0	2,327	110	65.06	5.5	30.2	0.0	0.0	125.18	0	1.2758	2.5250	775	778.54	1,593.75	
565918	51	809.8	854.5	648.3	854.5	442.5	12.19	4.58	0	2,338	111	34.88	5.5	30.2	0.0	0.0	94.55	0	1.2758	2.5172	775	779.03	1,318.67	
566433	50	808.9	857.2	650.1	857.2	443.5	3.31	4.58	0	2,339	111	9.19	5.5	30.2	0.0	0.0	27.28	0	1.2758	2.5219	775	779.33	1,026.33	
566955	49	808.5	860.2	651.8	860.2	444.5	0.88	4.58	0	2,322	111	1.62	5.5	30.6	0.0	0.0	14.74	0	1.2758	2.5297	775	779.55	975.00	
567478	49	808.1	863.5	653.6	863.5	444.8	0.38	4.58	0	1,757	110	1.38	5.5	30.2	0.0	0.0	16.83	0	1.2758	2.5297	775	779.73	968.91	
568015	49	807.7	865.5	655.5	865.8	446.2	0.56	4.58	0	1,886	109	0.81	5.5	30.2	0.0	0.0	17.16	0	1.2758	2.5172	775	779.85	966.56	
568606	50	807.4	867.2	656.8	867.2	446.5	0.69	4.58	0	1,902	108	1.38	5.5	30.2	0.0	0.0	16.50	0	1.2758	2.5219	780	780.04	973.59	
569272	50	807.1	868.2	657.5	868.2	446.8	0.56	4.58	0	1,874	106	1.38	5.5	30.2	0.0	0.0	17.46	0	1.2758	2.5195	780	780.13	975.08	
569853	51	806.8	868.2	658.1	868.2	447.8	0.56	4.58	0	1,824	103	1.62	5.5	30.2	0.0	0.0	17.44	0	1.2758	2.5195	780	780.25	975.39	
570377	51	806.5	867.2	657.8	867.2	447.8	0.56	4.58	0	1,779	101	1.38	5.5	30.2	0.0	0.0	17.41	0	1.2758	2.5117	780	780.34	974.53	
570900	51	806.3	866.2	657.3	865.8	448.5	0.38	4.58	0	1,748	99	1.62	5.5	30.2	0.0	0.0	17.39	0	1.2758	2.5117	780	780.34	974.53	
571454	52	806.1	864.2	656.5	864.2	448.5	0.38	4.58	0	1,725	98	1.38	5.5	30.2	0.0	0.0	17.46	0	1.2758	2.5117	780	780.44	973.67	
572045	52	805.9	862.2	655.3	862.2	449.2	0.19	4.58	0	1,709	97	1.38	5.5	30.2	0.0	0.0	17.55	0	1.2758	2.5117	780	780.44	973.28	
572576	52	805.7	859.5	654.3	859.2	448.5	0.38	4.58	0	1,698	96	1.62	5.5	30.2	0.0	0.0	17.53	0	1.2758	2.5117	780	780.44	973.05	
573142	53	805.6	856.8	653.0	856.8	448.8	0.19	4.58	0	1,682	95	1.62	5.5	29.8	0.0	0.0	17.91	0	1.2758	2.5070	780	780.44	973.67	
573658	53	805.4	854.2	651.8	854.2	448.8	0.19	4.58	0	1,671	95	1.38	5.5	29.8	0.0	0.0	17.70	0	1.2758	2.5070	780	780.44	973.20	
574235	53	805.3	851.2	650.1	850.8	448.8	0.19	4.58	0	1,653	94	1.62	5.5	30.2	0.0	0.0	18.07	0	1.2758	2.5148	780	780.44	973.28	
574802	53	805.2	848.2	648.6	847.5	448.5	0.38	4.58	0	1,628	93	1.38	5.5	29.8	0.0	0.0	17.98	0	1.2758	2.5094	780	780.44	972.50	
575367	53	805.0	844.8	647.1	844.5	448.8	0.19	4.58	0	1,594	90	1.38	5.5	29.8	0.0	0.0	18.09	0	1.2758	2.5000	780	780.44	972.42	
575888	53	804.9	841.5	645.3	841.5	448.5	0.19	4.58	0	1,551	88	1.38	5.5	29.8	0.0	0.0	18.21	0	1.2758	2.5070	780	780.44	972.66	
576483	54	804.8	838.8	643.5	838.5	448.5	0.19	4.58	0	1,517	86	1.38	5.5	29.8	0.0	0.0	18.14	0	1.2758	2.5023	780	780.44	972.11	
577067	54	804.7	834.8	641.5	834.5	448.2	0.19	4.58	0	1,504	85	1.38	5.5	29.8	0.0	0.0	18.35	0	1.2758	2.5094	780	780.44	971.33	
577665	54	804.5	831.8	640.1	831.5	447.8	0.38	4.58	0	1,491	85	1.38	5.5	29.8	0.0	0.0	18.49	0	1.2758	2.5000	780	780.44	971.25	
578187	54	804.4	829.2	638.3	828.8	447.5	0.38	4.58	0	1,479	84	1.38	5.5	30.2	0.0	0.0	18.54	0	1.2758	2.5125	780	780.53	971.33	
578799	54	804.3	824.8	636.1	824.5	447.2	0.38	4.58	0	1,462	83	1.12	5.5	30.2	0.0	0.0	14.06	0	1.2758	2.5125	780	780.53	969.06	
579315	54	804.2	821.8	634.5	821.5	446.8	2.62	4.58	0	1,491	83	2.75	5.5	30.2	0.0	0.0	50.48	0	1.2758	2.5125	780	780.65	967.03	
579837	55	803.9	818.8	633.0	818.5	446.5	4.56	4.58	0	1,725	83	8.94	5.5	30.2	0.0	0.0	79.41	0	1.2758	2.5125	780	780.83	1,050.39	
580363	55	803.5	816.2	631.3	815.8	446.5	8.19	4.58	0	1,767	83	20.81	5.5	29.8	0.0	0.0	105.63	0	1.2758	2.5070	780	780.83	1,357.89	
580911	54	803.3	813.5	630.1	813.5	446.2	11.62	4.58	0	1,773	84	31.06	5.5	29.8	0.0	0.0	114.40	0	1.2758	2.5023	780	780.74	1,477.66	
581432	54	803.0	812.2	629.3	811.8	446.5	11.81	4.58	0	1,774	85	32.94	5.5	29.8	0.0	0.0	64.36	0	1.2758	2.4945	780	780.74	1,166.64	
581964	53	802.7	811.5	628.8	811.5	446.2	2.25	4.58	0	1,911	85	3.25	5.5	29.8	0.0	0.0	39.66	0	1.2758	2.4945	780	780.65	1,004.45	
582488	52	802.2	811.8	629.0	811.5	446.5	5.38	4.58	0	1,836	85	10.81	5.5	29.4	0.0	0.0	70.27	0	1.2758	2.4898	780	780.65	1,134.53	
583009	52	801.6	812.2	629.2	812.5	446.2	8.19	4.58	0	1,822	86	20.81	5.5	29.4	0.0	0.0	105.33	0	1.2758	2.4844	780	780.65	1,412.03	
583542	52	801.0	813.2	629.6	813.2	446.2	12.69	4.58	0	1,841	87	33.75	5.5	29.4	0.0	0.0	111.28	0	1.2758	2.4797	780	780.53	1,438.44	
584075	52	800.6	814.5	630.3	814.5	446.8	11.81	4.58	0	1,854	87	31.06	5.5	29.4	0.0	0.0	107.30	0	1.2758	2.4797	780	780.34	1,449.84	
584599	52	800.3	816.5	631.3	816.8	446.8	11.81	4.58	0	1,860	88	31.06	5.5	29.4	0.0	0.0	101.46	0	1.2758	2.4797	780	780.25	1,226.56	
585117	51	800.2	818.5	632.6	818.8	446.8	3.12	4.58	0	1,863	89	5.44	5.5	29.4	0.0	0.0	24.54	0	1.2758	2.4797	780	780.13	1,066.17	
585674	51	800.1	821.2	633.6	821.2	446.8	1.06	4.58	0	1,834	88	1.12	5.5	29.4	0.0	0.0	10.69	0	1.2758	2.4867	780	780.04	987.66	
586332	50	799.9	823.5	635.5	823.5	447.5	0.19	4.58	0	1,515	87	1.62	5.5	29.4	0.0	0.0	16.83	0	1.2758	2.4820	780	779.94	953.52	
586839	51	799.7	825.5	636.3	825.8	447.5	2.62	4.58	0	1,565	87	5.44	5.5	29.4	0.0	0.0	65.34	0	1.2758	2.4773	780	779.94	996.41	
587368	51	799.3	827.2	637.3	827.5	447.5	5.56	4.58	0	1,660	88	14.31	5.5	29.4	0.0	0.0	85.36	0	1.2758	2.4773	775	779.85	1,197.34	
587925	52	798.9	828.8	638.0	828.8	447.5	9.38	4.58	0	1,883	88	24.06	5.5	29.4	0.0	0.0	106.27	0	1.2758	2.4797	775	779.64	1,437.11	
588461	52	798.7	829.5	638.8	829.5	448.2	12.00	4.58	0	1,867	89	31.88	5.5	29.4	0.0	0.0	58.08	0	1.2758	2.4742	775	779.55	1,153.67	
588988	51	798.5	831.2	639.3	831.5	448.2	2.12	4.58	0	1,863	89	3.25	5.5	29.0	0.0	0.0	17.55	0	1.2758	2.4820	775	779.43	1,025.55	
589562	50	798.1	832.8	640.2	833.2	448.2	0.88	4.58	0	1,861	88	1.12	5.5	29.4	0.0	0.0	38.86	0	1.2758	2.4766	775	779.43	992.03	
590113	51	797.7	833.8	641.5	834.2	448.8	4.56	4.58	0	1,872	89	8.69	5.5	29.4	0.0	0.0	65.84	0	1.2758	2.4719	775	779.33	1,086.17	
590639	51	796.9	835.2	642.0	835.5	449.2	9.06	4.58	0	1,897	89	21.88	5.5	29.4	0.0	0.0	105.82	0	1.2758	2.4789	775	779.24	1,371.33	
591195	51	796.4	836.5	642.5	836.5	448.8	12.19	4.58	0	1,879	90	30.50	5.5	29.4	0.0	0.0	104.88	0	1.2758	2.4742	775	779.03	1,414.45	
591769	51	795.9	837.8	643.6	837.8	449.2	12.69	4.58	0	1,935	91	31.62	5.5	29.4	0.0	0.0	106.08	0	1.2758	2.4742	775	778.94	1,429.22	
592301	51	795.7	838.8	644.5	839.2	449.5	12.50	4.58	0	1,960	93	32.44	5.5	29.4	0.0	0.0	106.29	0	1.2758	2.4742	775	778.75	1,449.77	
592866	51	795.7	840.8	645.2	841.2	450.2	13.19	4.58	0	1,975	93	34.56	5.5	29.0	0.0	0.0	64.55	0	1.2758	2.4688	775	778.54	1,180.47	
593408	51	795.7	843.2	646.5	842.8	450.5	2.62	4.58	0	2,007	94	2.75	5.5	29.0	0.0	0.0	18.49	0	1.2758	2.4688	775	778.44	1,006.64	
593945	50	795.7	844.8	647.6	844.8	450.5	0.69	4.58	0	1,957	93	0.81	5.5	29.4	0.0	0.0	10.20	0	1.2758	2.4766	775	778.35	968.44	
594522	50	795.6	847.2	648.8	847.2	451.2	1.25	4.58	0	1,940	93	0.81	5.5	29.4	0.0	0.0	17.09	0	1.2758	2.4711	775	778.23	965.62	
595132	50	795.5	847.5	649.5	847.8	451.5	0.88	4.58	0	1,872	92	1.12	5.5	29.4	0.0	0.0	20.48	0	1.2758	2.4711	775	778.14	973.12	
595684	50	795.4	848.8	650.0	848.5	451.2	2.44	4.58	0	1,776	92	2.44	5.5	29.4	0.0	0.0	42.35	0	1.2758	2.4711	775	777.93	965.39	
596214	51	795.1	848.5	650.1	848.5	451.5	4.56	4.58	0	1,693	92	9.50	5.5	29.0	0.0	0.0	67.78	0	1.2758	2.4664	775	777.83	1,066.41	
596784	51	794.7	847.8	649.8	847.5	451.8	4.88	4.58	0	1,635	92	11.38	5.5	29.0	0.0	0.0	88.48	0	1.2758	2.4664	775	777.65	1,219.69	
597325	51	794.4	847.5	649.5	847.5	452.2	8.38	4.58	0	1,694	93	22.69	5.5	29.0	0.0	0.0	92.23	0	1.2758	2.4688	775	777.53	1,163.12	
597889	51	794.2	847.5	649.5	847.2	452.5	2.81	4.58	0	1,734	93	5.12	5.5	29.0	0.0	0.0	28.83	0	1.2758	2.4633	775	777.34	1,041.09	
598423	51	794.0	846.8	649.5	847.2	452.8	0.88	4.58	0	1,643	93	1.38	5.5	29.0	0.0	0.0	10.85	0	1.2758	2.4586	775	777.25	983.36	
599006	50	793.7	846.5	649.6	846.8	452.8	-1.81	4.58	0	1,607	92	0.31	5.5	29.0	0.0	0.0	15.75	0	1.2758	2.4656	775	777.13	968.20	
599559	51	793.5	846.2	649.3	846.2	452.8	0.19	4.58	0	1,627	92	1.12	5.5	29.0	0.0	0.0	17.04	0	1.2758	2.4609	775	777.04	964.69	
600094	51	793.2	845.2	648.8	845.2	452.8	0.38	4.58	0	1,614	91	1.38	5.5	29.0	0.0	0.0	16.95	0	1.2758	2.4609	775	776.94	971.56	
600638	51	793.0	844.2	648.5	843.8	452.8	0.38	4.58	0	1,596	91	1.38	5.5	29.0	0.0	0.0	17.18	0	1.2758	2.4555	775	776.94	972.34	
601157	52	792.8	842.2	647.8	842.2	452.8	0.38	4.58	0	1,595	90	1.38	5.5	28.6	0.0	0.0	17.13	0	1.2758	2.4500	775	776.85	972.81	
601716	52	792.5	840.5	646.6	839.8	452.5	0.38	4.58	0	1,580	90	1.38	5.5	28.6	0.0	0.0	17.23	0	1.2758	2.4453	775	776.73	972.34	
602234	52	792.3	837.8	645.6	838.2	452.5	0.38	4.58	0	1,570	89	1.38	5.5	29.0	0.0	0.0	17.48	0	1.2758	2.4531	775	776.73	972.34	
602803	52	792.1	835.5	644.1	835.5	452.5	0.38	4.58	0	1,566	89	1.38	5.5	28.6	0.0	0.0	17.32	0	1.2758	2.4477	775	776.64	972.03	
603421	53	791.9	833.2	642.6	832.8	452.2	0.38	4.58	0	1,555	88	1.38	5.5	28.6	0.0	0.0	17.44	0	1.2758	2.4422	775	776.64	972.42	
603931	53	791.7	830.5	641.7	830.5	452.5	0.38	4.58	0	1,548	88	1.38	5.5	28.6	0.0	0.0	17.48	0	1.2758	2.4500	775	776.64	971.88	
604467	53	791.4	826.8	639.5	826.8	452.2	0.38	4.58	0	1,538	88	1.12	5.5	28.6	0.0	0.0	17.60	0	1.2758	2.4445	775	776.64	971.88	
605010	53	791.2	824.2	637.8	823.8	451.8	0.38	4.58	0	1,527	87	1.38	5.5	28.6	0.0	0.0	20.11	0	1.2758	2.4523	775	776.64	972.11	
605565	53	791.0	820.8	636.5	821.2	451.2	0.88	4.58	0	1,540	87	1.38	5.5	28.6	0.0	0.0	24.75	0	1.2758	2.4414	775	776.73	963.59	
606077	54	790.6	818.5	635.2	818.2	451.2	1.94	4.58	0	1,560	87	2.19	5.5	28.6	0.0	0.0	36.94	0	1.2758	2.4367	775	776.85	962.42	
606591	54	790.2	815.8	633.5	815.8	451.2	3.12	4.58	0	1,564	87	6.75	5.5	28.6	0.0	0.0	60.56	0	1.2758	2.4437	775	776.85	1,008.36	
607102	54	789.5	813.5	632.1	813.2	450.5	4.00	4.58	0	1,548	87	9.19	5.5	28.6	0.0	0.0	82.24	0	1.2758	2.4391	775	776.85	1,093.67	
607666	54	788.5	810.5	630.8	810.8	450.8	9.25	4.58	0	1,795	88	23.50	5.5	28.6	0.0	0.0	108.07	0	1.2758	2.4336	775	776.73	1,455.39	
608246	54	787.3	808.8	629.8	808.8	450.5	14.25	4.58	0	1,870	89	37.56	5.5	28.6	0.0	0.0	129.63	0	1.2758	2.4336	775	776.33	1,668.75	
608776	54	785.9	807.8	629.5	807.8	450.5	15.12	4.58	0	1,904	91	39.69	5.5	28.2	0.0	0.0	123.02	0	1.2758	2.4258	775	775.75	1,661.56	
609346	53	784.3	807.8	629.1	807.8	450.5	16.69	4.58	0	1,949	92	45.94	5.5	28.2	0.0	0.0	112.69	0	1.2758	2.4313	775	775.14	1,354.06	
609906	52	782.9	808.2	629.5	808.2	450.8	3.69	4.58	0	1,969	93	6.25	5.5	28.2	0.0	0.0	29.91	0	1.2758	2.4234	770	774.44	1,050.94	
610435	51	781.8	809.2	630.0	809.5	450.8	1.25	4.58	0	1,932	92	0.81	5.5	28.2	0.0	0.0	12.96	0	1.2758	2.4234	770	773.94	979.45	
610962	51	780.9	810.8	630.6	810.5	450.8	-0.81	4.58	0	1,878	92	-0.19	5.5	28.2	0.0	0.0	16.03	0	1.2758	2.4313	770	773.64	962.73	
611489	51	780.2	811.5	631.3	811.5	451.2	3.00	4.58	0	1,932	92	3.81	5.5	28.2	0.0	0.0	48.82	0	1.2758	2.4258	770	773.15	969.45	
612128	51	779.1	812.8	632.0	812.5	451.2	5.56	4.58	0	1,938	92	11.88	5.5	28.2	0.0	0.0	83.55	0	1.2758	2.4203	770	772.54	1,057.50	
612665	52	777.9	813.5	632.3	813.5	451.2	2.44	4.58	0	1,618	92	3.25	5.5	28.2	0.0	0.0	21.16	0	1.2758	2.4281	770	772.14	1,011.09	
613217	51	776.9	814.5	632.8	814.2	451.5	0.88	4.58	0	1,612	91	1.12	5.5	28.2	0.0	0.0	12.05	0	1.2758	2.4281	770	771.74	975.70	
613771	51	776.2	814.8	633.1	814.5	451.5	0.56	4.58	0	1,500	91	1.12	5.5	28.2	0.0	0.0	15.87	0	1.2758	2.4227	770	771.44	966.80	
614306	51	775.6	815.2	633.3	815.2	451.5	0.19	4.58	0	1,593	90	1.12	5.5	28.2	0.0	0.0	17.25	0	1.2758	2.4227	770	771.13	964.22	
614819	52	775.0	814.8	633.0	814.8	451.8	0.38	4.58	0	1,579	89	1.38	5.5	28.2	0.0	0.0	17.30	0	1.2758	2.4180	770	770.85	971.56	
615398	52	774.5	814.2	632.8	814.2	451.5	0.19	4.58	0	1,593	89	1.38	5.5	28.2	0.0	0.0	30.59	0	1.2758	2.4180	770	770.55	958.28	
615930	52	773.8	813.2	632.2	812.5	451.2	3.69	4.58	0	1,671	89	7.31	5.5	28.2	0.0	0.0	62.84	0	1.2758	2.4250	770	770.24	1,018.12	
616488	53	772.8	811.5	631.3	811.5	451.2	5.94	4.58	0	1,569	89	14.06	5.5	28.2	0.0	0.0	89.04	0	1.2758	2.4195	765	769.75	1,187.50	
616992	53	772.0	810.5	630.6	810.5	451.2	6.62	4.58	0	1,581	89	19.75	5.5	28.2	0.0	0.0	103.24	0	1.2758	2.4148	765	769.23	1,348.12	
617530	53	771.5	809.8	630.3	809.5	451.5	8.00	4.58	0	1,616	90	24.56	5.5	28.2	0.0	0.0	104.48	0	1.2758	2.4219	765	768.65	1,316.95	
618066	53	771.0	809.2	630.5	809.2	451.5	7.69	4.58	0	1,634	91	24.06	5.5	28.2	0.0	0.0	92.95	0	1.2758	2.4219	765	768.04	1,219.53	
618582	52	770.8	809.2	630.5	809.5	451.5	3.12	4.58	0	1,604	91	6.75	5.5	28.2	0.0	0.0	28.66	0	1.2758	2.4164	765	767.43	1,061.80	
619116	51	770.6	809.5	630.8	809.8	451.8	0.69	4.58	0	1,579	90	1.38	5.5	28.2	0.0	0.0	12.49	0	1.2758	2.4164	765	767.03	988.36	
619637	51	770.4	810.5	630.7	810.5	451.5	1.44	4.58	0	1,512	90	1.12	5.5	27.8	0.0	0.0	14.58	0	1.2758	2.4062	765	766.75	970.08	
620211	51	770.2	810.5	631.3	810.5	451.5	0.19	4.58	0	1,568	89	1.38	5.5	28.2	0.0	0.0	17.13	0	1.2758	2.4133	765	766.44	965.23	
620820	51	770.0	810.5	631.1	810.8	451.8	0.38	4.58	0	1,565	88	1.38	5.5	28.2	0.0	0.0	17.13	0	1.2758	2.4133	765	766.05	970.78	
621334	52	769.8	810.2	631.0	809.8	451.2	0.19	4.58	0	1,540	87	1.38	5.5	27.8	0.0	0.0	17.06	0	1.2758	2.4086	765	765.83	971.33	
621840	52	769.6	809.5	630.5	809.8	451.5	0.38	4.58	0	1,531	87	1.38	5.5	27.8	0.0	0.0	17.20	0	1.2758	2.4031	765	765.53	971.56	
622389	52	769.5	808.5	629.8	808.5	450.8	0.38	4.58	0	1,518	86	1.38	5.5	27.8	0.0	0.0	13.29	0	1.2758	2.4031	765	765.34	969.22	
622903	53	769.3	806.8	628.8	806.5	450.8	2.25	4.58	0	1,548	86	2.75	5.5	27.8	0.0	0.0	44.04	0	1.2758	2.3977	765	765.13	965.47	
623430	53	768.9	805.5	628.1	804.8	450.5	3.69	4.58	0	1,579	86	7.88	5.5	27.8	0.0	0.0	61.31	0	1.2758	2.4047	760	764.85	1,033.20	
623951	53	768.4	803.8	627.5	803.5	450.8	4.69	4.58	0	1,530	86	13.50	5.5	27.8	0.0	0.0	89.91	0	1.2758	2.4000	760	764.55	1,189.38	
624476	53	767.7	802.5	626.6	802.2	450.8	10.44	4.58	0	1,827	87	25.69	5.5	27.8	0.0	0.0	115.48	0	1.2758	2.4070	760	764.03	1,522.58	
624992	53	767.2	801.2	626.0	801.2	450.5	14.06	4.58	0	1,850	88	37.00	5.5	27.8	0.0	0.0	125.34	0	1.2758	2.3945	760	763.44	1,597.97	
625513	53	766.6	800.8	625.6	800.8	450.5	13.94	4.58	0	1,861	89	36.50	5.5	27.8	0.0	0.0	119.53	0	1.2758	2.3945	760	762.83	1,607.42	
626024	53	766.0	801.5	626.1	801.5	450.5	14.75	4.58	0	1,901	90	39.19	5.5	27.8	0.0	0.0	122.55	0	1.2758	2.3867	760	762.13	1,609.14	
626560	52	765.6	802.5	626.7	802.2	451.2	14.62	4.58	0	1,924	91	38.88	5.5	27.5	0.0	0.0	122.34	0	1.2758	2.3922	760	761.33	1,632.50	
627105	52	765.3	803.5	627.6	803.8	451.5	16.19	4.58	0	1,973	93	42.69	5.5	27.8	0.0	0.0	123.00	0	1.2758	2.3844	760	760.54	1,608.59	
627625	51	765.0	805.5	628.6	805.8	451.8	14.75	4.58	0	1,979	94	39.44	5.5	27.5	0.0	0.0	123.02	0	1.2758	2.3898	755	759.74	1,596.95	
628148	51	764.7	807.8	629.8	808.2	452.2	14.44	4.58	0	1,983	95	39.19	5.5	27.8	0.0	0.0	110.98	0	1.2758	2.3953	755	758.94	1,441.64	
628763	51	764.2	810.5	631.3	810.8	452.8	13.06	4.58	0	1,986	96	26.75	5.5	27.8	0.0	0.0	41.70	0	1.2758	2.3953	755	758.03	1,055.00	
629262	50	763.9	813.2	633.0	813.5	453.5	1.56	4.58	0	1,995	95	1.62	5.5	27.5	0.0	0.0	14.53	0	1.2758	2.3898	755	757.54	983.52	
629778	50	763.5	816.2	634.3	816.5	453.5	3.31	4.58	0	1,936	95	1.12	5.5	27.5	0.0	0.0	9.73	0	1.2758	2.3898	755	756.93	963.52	
630352	50	763.2	819.5	636.5	819.2	454.5	1.25	4.58	0	1,964	94	1.12	5.5	27.5	0.0	0.0	17.30	0	1.2758	2.3898	755	756.53	964.77	
630935	50	762.9	821.2	637.5	821.5	454.5	0.56	4.58	0	1,851	93	1.38	5.5	27.5	0.0	0.0	17.55	0	1.2758	2.3773	755	756.04	972.42	
631512	51	762.7	822.2	638.3	822.2	454.5	0.38	4.58	0	1,661	92	1.38	5.5	27.5	0.0	0.0	17.20	0	1.2758	2.3828	755	755.64	973.67	
632085	51	762.5	822.8	638.5	822.8	454.8	0.19	4.58	0	1,623	91	1.38	5.5	27.5	0.0	0.0	16.97	0	1.2758	2.3828	755	755.15	973.59	
632636	51	762.4	822.5	638.6	822.5	455.2	0.19	4.58	0	1,600	91	1.38	5.5	27.5	0.0	0.0	17.16	0	1.2758	2.3750	750	754.84	972.81	
633220	52	762.3	821.8	638.5	821.8	455.5	0.38	4.58	0	1,585	90	1.38	5.5	27.5	0.0	0.0	17.27	0	1.2758	2.3750	750	754.44	972.42	
633738	52	762.3	820.8	638.3	820.8	454.8	0.19	4.58	0	1,573	89	1.38	5.5	27.5	0.0	0.0	17.53	0	1.2758	2.3750	750	754.14	972.81	
634250	52	762.2	820.2	637.5	819.8	455.2	0.19	4.58	0	1,563	89	1.38	5.5	27.1	0.0	0.0	17.55	0	1.2758	2.3703	750	753.93	972.66	
634771	52	762.2	818.2	637.0	817.8	455.2	0.19	4.58	0	1,551	88	1.38	5.5	27.1	0.0	0.0	17.62	0	1.2758	2.3703	750	753.65	972.27	
635316	53	762.2	816.2	635.8	816.2	454.5	0.38	4.58	0	1,539	87	1.38	5.5	27.1	0.0	0.0	17.77	0	1.2758	2.3648	750	753.34	972.03	
635825	53	762.2	814.5	635.0	814.5	455.5	0.38	4.58	0	1,527	87	1.38	5.5	27.5	0.0	0.0	18.00	0	1.2758	2.3773	750	753.13	971.80	
636353	53	762.2	812.5	634.0	812.5	455.2	0.38	4.58	0	1,513	86	1.38	5.5	27.1	0.0	0.0	17.79	0	1.2758	2.3719	750	752.94	971.56	
636891	53	762.2	809.8	632.8	810.2	454.8	3.69	4.58	0	1,507	86	1.38	5.5	27.1	0.0	0.0	18.56	0	1.2758	2.3664	750	752.73	962.11	
637564	54	762.1	807.5	631.6	807.5	454.5	2.81	4.58	0	1,583	85	5.12	5.5	27.5	0.0	0.0	55.80	0	1.2758	2.3742	750	752.55	1,000.62	
638091	54	762.0	804.8	630.0	805.2	454.5	4.00	4.58	0	1,579	85	8.94	5.5	27.1	0.0	0.0	70.24	0	1.2758	2.3688	750	752.33	1,081.41	
638606	54	761.8	803.2	628.8	802.8	454.5	5.94	4.58	0	1,533	86	16.75	5.5	27.5	0.0	0.0	101.53	0	1.2758	2.3758	750	752.03	1,271.48	
639130	54	761.9	801.2	627.8	801.2	454.5	8.19	4.58	0	1,561	86	24.88	5.5	27.1	0.0	0.0	112.36	0	1.2758	2.3703	750	751.84	1,352.89	
639703	54	762.2	800.2	627.2	799.8	454.5	2.25	4.58	0	1,564	87	6.75	5.5	27.1	0.0	0.0	32.55	0	1.2758	2.3578	750	751.54	1,062.50	
640210	53	762.4	799.8	627.2	799.2	454.2	0.69	4.58	0	1,502	86	1.38	5.5	27.1	0.0	0.0	13.80	0	1.2758	2.3648	750	751.44	991.17	
640727	52	762.5	799.5	626.8	799.2	454.5	1.75	4.58	0	1,441	86	1.12	5.5	27.1	0.0	0.0	18.80	0	1.2758	2.3602	750	751.35	955.94	
641249	52	762.5	799.5	626.8	799.5	454.5	2.62	4.58	0	1,569	86	4.62	5.5	27.1	0.0	0.0	57.45	0	1.2758	2.3672	750	751.23	989.53	
641852	53	762.3	799.2	626.5	799.2	454.5	7.50	4.58	0	1,813	86	16.75	5.5	27.1	0.0	0.0	95.46	0	1.2758	2.3617	750	751.05	1,241.56	
642371	53	762.2	798.5	626.3	798.8	454.2	10.94	4.58	0	1,837	87	28.12	5.5	27.1	0.0	0.0	117.05	0	1.2758	2.3563	750	750.93	1,563.20	
642939	53	762.3	798.8	626.5	798.8	454.5	14.25	4.58	0	1,854	88	37.81	5.5	27.1	0.0	0.0	119.72	0	1.2758	2.3563	750	750.74	1,568.36	
643457	53	762.4	799.5	627.0	799.2	454.5	13.94	4.58	0	1,890	90	36.19	5.5	27.1	0.0	0.0	119.67	0	1.2758	2.3563	750	750.53	1,586.17	
643979	52	762.6	800.2	627.6	800.8	454.5	14.62	4.58	0	1,903	90	38.06	5.5	27.1	0.0	0.0	100.71	0	1.2758	2.3492	750	750.34	1,217.11	
644509	52	763.1	802.2	628.3	801.8	454.8	4.19	4.58	0	1,908	90	7.56	5.5	26.7	0.0	0.0	30.66	0	1.2758	2.3492	750	750.34	1,081.02	
645025	51	763.5	803.5	629.2	804.2	455.5	1.56	4.58	0	1,874	90	1.38	5.5	27.1	0.0	0.0	12.70	0	1.2758	2.3563	750	750.25	993.98	
645589	50	763.7	805.8	630.5	806.2	455.5	0.19	4.58	0	1,561	90	1.38	5.5	27.1	0.0	0.0	19.12	0	1.2758	2.3508	750	750.13	971.56	
646222	51	763.9	808.2	631.6	808.2	455.5	2.62	4.58	0	1,591	89	2.75	5.5	26.7	0.0	0.0	53.91	0	1.2758	2.3508	750	750.13	983.59	
646795	51	764.1	809.5	632.6	809.5	455.5	3.81	4.58	0	1,577	89	9.50	5.5	26.7	0.0	0.0	71.02	0	1.2758	2.3453	750	750.04	1,091.48	
647384	52	764.2	810.8	633.5	810.8	456.5	6.44	4.58	0	1,619	90	18.94	5.5	27.1	0.0	0.0	97.55	0	1.2758	2.3586	750	749.94	1,266.80	
647925	52	764.8	811.8	634.0	812.2	456.2	2.81	4.58	0	1,598	90	7.31	5.5	27.1	0.0	0.0	33.84	0	1.2758	2.3531	750	749.94	1,051.64	
648475	51	765.0	812.8	634.5	812.8	456.5	0.88	4.58	0	1,567	90	1.38	5.5	27.1	0.0	0.0	12.89	0	1.2758	2.3602	750	749.94	989.22	
649027	51	765.2	814.2	635.0	814.2	456.5	1.44	4.58	0	1,488	89	1.38	5.5	27.1	0.0	0.0	13.12	0	1.2758	2.3547	750	750.04	969.06	
649559	51	765.3	814.5	635.6	814.5	456.5	0.38	4.58	0	1,564	88	2.19	5.5	27.1	0.0	0.0	17.72	0	1.2758	2.3547	750	750.04	956.72	
650085	51	765.4	815.2	635.8	815.2	456.5	2.81	4.58	0	1,595	88	4.31	5.5	26.7	0.0	0.0	55.78	0	1.2758	2.3492	750	750.04	981.33	
650621	52	765.3	814.8	635.8	815.2	456.5	5.38	4.58	0	1,865	88	10.81	5.5	26.7	0.0	0.0	82.73	0	1.2758	2.3438	750	750.13	1,146.72	
651137	52	765.1	814.8	635.8	814.8	456.5	10.81	4.58	0	1,865	89	26.50	5.5	27.1	0.0	0.0	108.96	0	1.2758	2.3516	750	750.13	1,384.92	
651670	52	765.1	814.8	635.6	814.8	456.5	12.00	4.58	0	1,884	90	30.00	5.5	26.7	0.0	0.0	105.35	0	1.2758	2.3516	750	750.13	1,374.84	
652201	52	765.3	815.2	636.0	815.2	456.8	4.38	4.58	0	2,086	90	7.31	5.5	26.7	0.0	0.0	30.12	0	1.2758	2.3516	750	750.25	1,032.58	
652721	51	765.3	816.5	636.1	816.2	456.8	1.44	4.58	0	1,950	90	1.12	5.5	26.7	0.0	0.0	13.01	0	1.2758	2.3461	750	750.25	976.95	
653297	51	765.2	817.2	637.0	817.5	457.2	-2.38	4.58	0	1,834	89	1.38	5.5	26.7	0.0	0.0	16.03	0	1.2758	2.3406	750	750.25	961.02	
653832	51	765.1	817.8	637.5	817.8	457.2	2.44	4.58	0	1,890	89	3.00	5.5	26.7	0.0	0.0	46.57	0	1.2758	2.3477	750	750.34	964.53	
654502	52	764.9	818.5	637.8	818.5	457.5	5.56	4.58	0	1,885	89	10.81	5.5	26.7	0.0	0.0	81.07	0	1.2758	2.3422	750	750.44	1,201.02	
655018	52	764.4	818.8	637.8	818.5	457.2	7.81	4.58	0	1,609	90	23.00	5.5	26.7	0.0	0.0	115.48	0	1.2758	2.3422	750	750.44	1,454.22	
655587	52	764.2	819.2	638.1	819.2	457.5	13.19	4.58	0	1,929	90	32.94	5.5	26.7	0.0	0.0	112.73	0	1.2758	2.3367	750	750.44	1,419.14	
656103	52	764.4	819.5	638.5	819.8	457.5	9.75	4.58	0	1,897	91	22.44	5.5	26.7	0.0	0.0	81.45	0	1.2758	2.3367	750	750.44	1,147.97	
656640	52	764.8	820.5	639.1	820.5	457.8	2.81	4.58	0	2,050	91	5.12	5.5	26.7	0.0	0.0	23.23	0	1.2758	2.3367	750	750.44	1,027.97	
657210	51	765.0	821.8	639.8	822.2	457.8	0.88	4.58	0	1,847	90	0.81	5.5	26.7	0.0	0.0	12.05	0	1.2758	2.3438	750	750.53	973.20	
657728	51	765.1	822.8	640.6	823.2	458.2	-0.62	4.58	0	1,874	90	0.81	5.5	26.7	0.0	0.0	16.48	0	1.2758	2.3383	750	750.53	963.52	
658265	51	765.2	824.2	641.2	823.8	458.2	0.88	4.58	0	1,871	89	0.81	5.5	26.7	0.0	0.0	17.67	0	1.2758	2.3383	750	750.53	964.06	
658829	51	765.3	824.2	641.2	824.2	458.5	0.38	4.58	0	1,629	88	1.38	5.5	26.3	0.0	0.0	17.04	0	1.2758	2.3328	750	750.53	971.25	
659367	52	765.4	824.2	641.3	824.2	458.2	0.38	4.58	0	1,570	87	1.38	5.5	26.3	0.0	0.0	16.95	0	1.2758	2.3328	750	750.65	971.72	
659904	52	765.4	823.5	640.6	823.5	458.5	1.56	4.58	0	1,536	87	1.94	5.5	26.3	0.0	0.0	16.97	0	1.2758	2.3273	750	750.65	966.95	
660433	52	765.5	822.5	640.6	822.2	458.2	2.44	4.58	0	1,609	86	4.06	5.5	26.3	0.0	0.0	52.34	0	1.2758	2.3273	750	750.65	974.38	
660965	53	765.4	821.2	639.8	821.2	458.2	4.00	4.58	0	1,623	87	8.94	5.5	26.3	0.0	0.0	50.41	0	1.2758	2.3219	750	750.74	1,035.55	
661483	53	765.1	819.8	639.0	819.5	457.8	0.88	4.58	0	1,528	86	1.94	5.5	26.3	0.0	0.0	18.49	0	1.2758	2.3289	750	750.74	991.17	
662020	52	764.8	818.5	638.5	818.5	457.8	0.69	4.58	0	1,490	86	0.81	5.5	26.3	0.0	0.0	12.05	0	1.2758	2.3234	750	750.83	969.06	
662546	52	764.5	817.5	638.0	817.5	457.5	0.69	4.58	0	1,466	85	1.12	5.5	26.3	0.0	0.0	16.64	0	1.2758	2.3367	750	750.83	963.67	
663179	53	764.2	816.5	637.0	816.5	457.5	0.19	4.58	0	1,497	85	1.12	5.5	26.3	0.0	0.0	17.39	0	1.2758	2.3312	750	750.83	962.42	
663683	53	764.0	815.2	636.5	815.2	457.5	0.38	4.58	0	1,476	84	1.38	5.5	26.3	0.0	0.0	17.30	0	1.2758	2.3312	750	750.93	969.30	
664216	53	763.8	812.8	635.5	812.8	456.8	-0.06	4.58	0	1,494	83	1.12	5.5	26.3	0.0	0.0	17.79	0	1.2758	2.3312	750	751.05	959.14	
664769	53	763.5	811.2	634.5	811.2	457.2	2.44	4.58	0	1,515	83	3.50	5.5	26.3	0.0	0.0	51.94	0	1.2758	2.3312	750	751.05	972.81	
665300	54	763.1	809.2	633.3	808.8	456.8	3.50	4.58	0	1,518	83	7.88	5.5	26.3	0.0	0.0	63.54	0	1.2758	2.3312	750	751.14	1,041.09	
665886	54	762.3	806.8	632.3	806.8	456.8	3.69	4.58	0	1,474	83	8.12	5.5	26.3	0.0	0.0	40.52	0	1.2758	2.3312	750	751.23	1,042.89	
666440	53	761.7	805.5	631.3	805.2	456.5	1.06	4.58	0	1,473	83	1.62	5.5	26.3	0.0	0.0	17.06	0	1.2758	2.3312	750	751.23	986.72	
666963	53	761.1	804.5	630.6	804.5	456.8	-0.44	4.58	0	1,435	82	0.56	5.5	26.3	0.0	0.0	12.49	0	1.2758	2.3312	750	751.23	968.36	
667509	53	760.6	803.5	630.0	803.2	456.8	0.69	4.58	0	1,425	80	1.12	5.5	26.3	0.0	0.0	17.27	0	1.2758	2.3312	750	751.35	963.12	
668055	53	760.1	802.5	629.3	802.2	456.2	0.56	4.58	0	1,372	77	1.12	5.5	26.3	0.0	0.0	17.53	0	1.2758	2.3312	750	751.44	967.50	
668588	53	759.7	801.2	628.7	800.8	455.8	0.88	4.58	0	1,300	74	0.81	5.5	26.3	0.0	0.0	17.46	0	1.2758	2.3312	750	751.54	967.89	
669108	53	759.3	799.2	627.6	799.2	455.8	0.88	4.58	0	1,242	69	0.81	5.5	26.3	0.0	0.0	17.51	0	1.2758	2.3312	750	751.63	967.34	
669641	54	758.9	797.8	626.5	797.2	455.8	0.88	4.58	0	1,244	62	0.81	5.5	26.3	0.0	0.0	12.73	0	1.2758	2.3312	750	751.75	963.59	
670197	54	758.6	795.5	625.3	795.2	455.2	1.06	4.58	0	1,198	57	0.56	5.5	26.3	0.0	0.0	12.19	0	1.2758	2.3312	750	751.84	960.31	
670768	54	758.2	793.2	624.3	793.2	454.8	1.56	4.58	0	1,183	56	0.56	5.5	26.3	0.0	0.0	12.91	0	1.2758	2.3312	750	751.84	957.19	
671282	54	757.8	790.8	623.0	790.8	454.8	1.25	4.58	0	1,266	56	0.56	5.5	26.3	0.0	0.0	12.35	0	1.2758	2.3312	750	751.94	957.19	
671910	54	757.5	788.5	621.7	788.5	453.8	0.88	4.58	0	1,398	55	0.81	5.5	26.3	0.0	0.0	17.37	0	1.2758	2.3312	750	752.03	961.02	
672464	54	757.2	786.5	620.7	786.2	454.2	0.56	4.58	0	1,397	54	1.12	5.5	26.3	0.0	0.0	18.14	0	1.2758	2.3312	750	752.15	964.38	
673035	54	756.9	783.5	618.8	783.2	453.2	0.56	4.58	0	1,372	53	1.12	5.5	26.3	0.0	0.0	18.02	0	1.2758	2.3312	750	752.24	966.64	
673551	54	756.7	781.2	617.0	780.5	452.8	0.56	4.58	0	1,360	53	1.38	5.5	26.3	0.0	0.0	17.93	0	1.2758	2.3312	750	752.24	967.73	
674082	55	756.6	778.5	616.0	778.5	452.5	0.69	4.58	0	1,343	52	1.12	5.5	26.3	0.0	0.0	18.21	0	1.2758	2.3312	750	752.33	967.89	
674598	55	756.5	776.2	614.2	776.2	451.8	0.88	4.58	0	1,322	51	1.12	5.5	26.3	0.0	0.0	18.05	0	1.2758	2.3312	750	752.33	967.81	
675122	55	756.4	774.2	613.2	773.8	451.5	0.69	4.58	0	1,308	51	0.81	5.5	26.3	0.0	0.0	18.05	0	1.2758	2.3312	750	752.33	967.89	
675659	55	756.3	771.5	611.8	771.5	451.5	0.69	4.58	0	1,293	50	0.81	5.5	26.3	0.0	0.0	17.95	0	1.2758	2.3312	750	752.43	967.50	
676211	55	756.3	768.8	609.8	768.8	450.5	1.06	4.58	0	1,278	50	0.81	5.5	26.3	0.0	0.0	17.93	0	1.2758	2.3312	750	752.43	967.66	
676754	55	756.2	766.5	609.0	766.5	450.5	0.88	4.58	0	1,260	49	0.81	5.5	26.3	0.0	0.0	18.00	0	1.2758	2.3312	750	752.43	966.95	
677291	55	756.2	764.2	607.5	764.5	449.8	0.88	4.58	0	1,249	48	0.81	5.5	26.3	0.0	0.0	18.21	0	1.2758	2.3312	750	752.43	966.80	
677811	55	756.2	761.8	606.0	762.2	449.5	1.75	4.58	0	1,252	48	0.81	5.5	26.3	0.0	0.0	42.14	0	1.2758	2.3312	750	752.43	956.48	
678363	56	756.1	759.8	604.6	759.8	449.2	2.81	4.58	0	1,316	48	5.12	5.5	26.3	0.0	0.0	64.90	0	1.2758	2.3312	750	752.43	992.11	
678880	56	755.8	757.8	603.5	757.8	449.2	3.31	4.58	0	1,275	49	7.31	5.5	26.3	0.0	0.0	72.02	0	1.2758	2.3312	750	752.33	1,056.17	
679471	55	755.6	755.8	602.1	755.5	448.2	4.19	4.58	0	1,294	50	11.88	5.5	26.3	0.0	0.0	94.99	0	1.2758	2.3258	750	752.24	1,189.30	
680081	55	755.5	754.5	601.5	754.5	448.2	4.38	4.58	0	1,318	51	15.69	5.5	26.3	0.0	0.0	93.59	0	1.2758	2.3258	750	752.15	1,182.27	
680642	55	755.4	754.2	600.8	754.2	447.8	4.56	4.58	0	1,386	51	16.25	5.5	26.3	0.0	0.0	89.51	0	1.2758	2.3258	750	751.84	1,166.80	
681211	54	755.4	753.8	600.5	753.8	447.5	5.25	4.58	0	1,396	53	15.69	5.5	26.3	0.0	0.0	95.88	0	1.2758	2.3195	750	751.54	1,235.31	
681744	54	755.5	754.5	600.7	754.5	447.2	5.94	4.58	0	1,426	54	17.81	5.5	26.3	0.0	0.0	100.24	0	1.2758	2.3195	750	751.23	1,323.12	
682252	54	755.6	755.5	601.1	755.2	447.2	7.12	4.58	0	1,466	55	21.62	5.5	26.3	0.0	0.0	107.09	0	1.2758	2.3195	750	750.93	1,359.92	
682781	53	755.9	756.5	601.7	756.8	447.2	7.31	4.58	0	1,477	57	22.19	5.5	26.3	0.0	0.0	103.76	0	1.2758	2.3195	750	750.44	1,346.64	
683333	53	756.1	758.2	602.5	758.5	447.2	7.12	4.58	0	1,495	58	21.88	5.5	26.3	0.0	0.0	106.03	0	1.2758	2.3195	750	750.04	1,393.75	
683859	53	756.1	760.2	603.7	760.5	446.8	8.38	4.58	0	1,565	59	24.56	5.5	26.3	0.0	0.0	110.02	0	1.2758	2.3195	745	749.55	1,426.17	
684389	53	755.8	762.8	604.7	763.2	447.2	9.06	4.58	0	1,594	61	25.38	5.5	26.3	0.0	0.0	109.59	0	1.2758	2.3141	745	748.94	1,451.64	
684924	53	755.5	765.5	606.2	766.2	447.2	9.94	4.58	0	1,649	62	28.12	5.5	26.3	0.0	0.0	110.77	0	1.2758	2.3141	745	748.44	1,457.58	
685451	52	755.0	768.5	607.8	768.5	447.5	10.25	4.58	0	1,669	64	27.81	5.5	26.3	0.0	0.0	111.35	0	1.2758	2.3141	745	747.93	1,464.61	
685973	52	754.4	771.8	609.3	771.8	447.8	10.44	4.58	0	1,694	65	28.62	5.5	26.3	0.0	0.0	108.75	0	1.2758	2.3141	745	747.25	1,480.70	
686487	52	753.8	775.2	611.5	775.5	447.8	10.06	4.58	0	1,724	67	27.00	5.5	26.3	0.0	0.0	109.38	0	1.2758	2.3141	745	746.64	1,484.38	
687063	52	753.0	779.2	613.5	779.5	448.5	4.69	4.58	0	1,778	68	11.06	5.5	25.9	0.0	0.0	38.30	0	1.2758	2.3086	745	746.15	1,105.31	
687593	52	752.4	782.8	615.6	783.5	448.8	0.69	4.58	0	1,770	68	1.94	5.5	26.3	0.0	0.0	42.42	0	1.2758	2.3156	745	745.54	1,018.83	
688116	51	751.6	786.5	617.5	786.8	449.2	5.75	4.58	0	1,837	68	12.44	5.5	26.3	0.0	0.0	70.24	0	1.2758	2.3156	745	745.14	1,127.66	
688713	52	750.9	790.2	619.5	790.5	449.5	5.94	4.58	0	1,789	69	13.25	5.5	25.9	0.0	0.0	75.68	0	1.2758	2.3102	740	744.53	1,121.33	
689244	52	750.4	793.5	621.5	793.8	450.2	3.50	4.58	0	1,843	69	3.50	5.5	25.9	0.0	0.0	20.58	0	1.2758	2.3102	740	744.13	1,033.52	
689816	51	750.0	797.2	623.7	797.5	449.8	3.31	4.58	0	1,398	69	1.38	5.5	25.9	0.0	0.0	12.66	0	1.2758	2.3102	740	743.85	982.58	
690342	51	749.7	800.5	625.3	800.5	450.5	0.88	4.58	0	1,294	69	0.81	5.5	25.9	0.0	0.0	16.31	0	1.2758	2.3102	740	743.64	968.28	
690886	51	749.4	803.2	626.6	803.5	450.8	0.69	4.58	0	1,332	68	0.81	5.5	25.9	0.0	0.0	16.78	0	1.2758	2.3102	740	743.33	963.59	
691422	52	749.2	804.5	627.8	804.8	451.2	1.94	4.58	0	1,219	67	0.81	5.5	25.9	0.0	0.0	26.02	0	1.2758	2.3102	740	743.15	953.12	
691949	52	748.9	805.5	628.3	806.2	451.5	2.81	4.58	0	1,256	67	3.81	5.5	25.9	0.0	0.0	65.48	0	1.2758	2.3102	740	742.84	982.58	
692481	53	748.6	805.8	628.6	805.8	451.5	3.31	4.58	0	1,227	68	7.06	5.5	25.9	0.0	0.0	82.48	0	1.2758	2.3102	740	742.54	1,070.94	
693030	53	748.2	806.2	628.6	806.2	451.2	5.56	4.58	0	1,441	68	15.69	5.5	25.9	0.0	0.0	101.34	0	1.2758	2.3180	740	742.23	1,279.61	
693550	53	748.1	806.2	629.0	806.2	451.8	7.50	4.58	0	1,465	69	22.19	5.5	25.9	0.0	0.0	112.80	0	1.2758	2.3125	740	741.93	1,454.77	
694117	53	748.1	806.5	629.3	806.5	451.8	11.31	4.58	0	1,803	70	29.75	5.5	25.9	0.0	0.0	103.92	0	1.2758	2.3063	740	741.53	1,418.44	
694665	53	748.3	807.2	629.8	807.5	452.2	11.50	4.58	0	1,827	71	29.44	5.5	25.9	0.0	0.0	101.53	0	1.2758	2.3063	740	741.25	1,218.28	
695202	53	748.8	808.5	630.5	808.5	453.2	3.12	4.58	0	1,948	71	5.12	5.5	25.9	0.0	0.0	25.17	0	1.2758	2.3063	740	741.04	1,054.45	
695720	52	748.9	809.8	631.5	810.2	453.5	1.44	4.58	0	1,831	71	1.12	5.5	25.9	0.0	0.0	16.62	0	1.2758	2.3008	740	740.94	990.94	
696251	52	749.0	811.5	632.5	811.8	453.8	0.69	4.58	0	1,405	71	0.31	5.5	26.3	0.0	0.0	15.56	0	1.2758	2.3141	740	740.73	969.84	
696819	52	749.1	813.2	633.7	813.5	454.2	0.69	4.58	0	1,357	70	1.12	5.5	25.9	0.0	0.0	16.88	0	1.2758	2.3078	740	740.64	963.75	
697446	52	749.2	814.2	633.8	814.2	454.2	0.56	4.58	0	1,371	69	0.81	5.5	25.9	0.0	0.0	17.93	0	1.2758	2.3078	740	740.55	968.59	
697966	52	749.3	814.5	634.3	814.5	454.2	0.56	4.58	0	1,384	69	1.12	5.5	25.9	0.0	0.0	17.16	0	1.2758	2.3023	740	740.43	968.67	
698503	53	749.4	814.5	634.6	814.5	454.5	0.56	4.58	0	1,399	68	1.12	5.5	25.9	0.0	0.0	16.66	0	1.2758	2.3023	740	740.33	968.44	
699057	53	749.5	813.5	634.1	813.5	454.5	0.69	4.58	0	1,226	67	0.81	5.5	25.9	0.0	0.0	16.45	0	1.2758	2.2969	740	740.24	967.89	
699579	53	749.6	812.5	633.5	812.2	454.8	1.06	4.58	0	1,176	67	0.56	5.5	25.9	0.0	0.0	16.62	0	1.2758	2.2969	740	740.15	966.25	
700161	53	749.6	811.2	632.8	811.2	454.5	1.06	4.58	0	1,172	66	0.56	5.5	25.5	0.0	0.0	16.78	0	1.2758	2.2914	740	740.15	964.69	
700692	54	749.7	809.5	631.8	809.5	454.2	1.06	4.58	0	1,141	65	0.56	5.5	25.5	0.0	0.0	16.59	0	1.2758	2.2914	740	740.03	964.06	
701219	54	749.7	807.5	631.0	807.5	454.5	1.06	4.58	0	1,143	65	0.56	5.5	25.5	0.0	0.0	13.22	0	1.2758	2.2852	740	740.03	962.11	
701744	54	749.8	805.8	630.1	805.8	454.5	1.56	4.58	0	1,381	64	1.38	5.5	25.5	0.0	0.0	32.72	0	1.2758	2.2930	740	740.03	957.66	
702343	54	749.7	802.8	629.0	803.2	454.2	1.56	4.58	0	1,353	64	1.38	5.5	25.5	0.0	0.0	15.77	0	1.2758	2.2867	740	740.03	958.75	
702928	54	749.6	800.8	627.7	800.8	454.5	1.25	4.58	0	1,345	64	0.81	5.5	25.9	0.0	0.0	11.53	0	1.2758	2.2945	740	740.15	955.62	
703508	54	749.6	798.5	626.5	798.5	454.5	2.12	4.58	0	1,307	63	1.38	5.5	25.5	0.0	0.0	16.64	0	1.2758	2.2883	740	740.15	947.66	
704073	54	749.5	796.5	625.1	796.5	454.2	3.00	4.58	0	1,407	63	4.62	5.5	25.5	0.0	0.0	59.44	0	1.2758	2.2883	740	740.24	973.83	
704602	55	749.2	794.8	624.1	794.5	454.2	4.00	4.58	0	1,420	64	9.50	5.5	25.5	0.0	0.0	86.11	0	1.2758	2.2883	740	740.24	1,089.06	
705172	55	748.8	792.5	623.3	792.5	453.8	5.25	4.58	0	1,360	64	14.88	5.5	25.5	0.0	0.0	101.95	0	1.2758	2.2828	740	740.24	1,269.84	
705812	55	748.6	791.2	622.3	790.8	453.5	7.31	4.58	0	1,457	65	21.06	5.5	25.5	0.0	0.0	112.05	0	1.2758	2.2828	740	740.24	1,383.59	
706349	55	748.6	790.5	622.0	790.5	453.8	7.69	4.58	0	1,468	67	23.50	5.5	25.5	0.0	0.0	104.09	0	1.2758	2.2828	740	740.03	1,311.02	
706930	54	748.8	790.5	622.1	790.2	453.8	6.44	4.58	0	1,428	68	19.19	5.5	25.5	0.0	0.0	101.37	0	1.2758	2.2828	740	739.94	1,339.06	
707436	54	749.2	790.8	622.5	790.8	454.2	7.12	4.58	0	1,463	69	22.19	5.5	25.5	0.0	0.0	102.94	0	1.2758	2.2828	735	739.75	1,334.38	
707997	54	749.7	791.8	622.8	791.8	453.8	6.94	4.58	0	1,482	70	21.88	5.5	25.5	0.0	0.0	102.09	0	1.2758	2.2828	735	739.75	1,332.81	
708543	53	750.4	792.8	623.5	792.8	454.5	7.81	4.58	0	1,543	71	23.00	5.5	25.5	0.0	0.0	101.18	0	1.2758	2.2828	735	739.63	1,321.56	
709065	53	750.9	794.5	624.3	794.5	454.8	7.31	4.58	0	1,526	72	21.62	5.5	25.5	0.0	0.0	104.95	0	1.2758	2.2828	735	739.54	1,360.78	
709609	53	751.3	796.5	625.5	796.8	454.8	7.50	4.58	0	1,535	73	22.44	5.5	25.5	0.0	0.0	103.05	0	1.2758	2.2773	735	739.44	1,350.16	
710127	53	751.4	798.2	626.7	798.5	454.8	9.06	4.58	0	1,674	73	26.19	5.5	25.5	0.0	0.0	94.88	0	1.2758	2.2773	735	739.35	1,244.45	
710721	53	751.4	800.8	628.0	800.5	455.2	3.31	4.58	0	1,558	74	8.69	5.5	25.5	0.0	0.0	36.63	0	1.2758	2.2773	735	739.23	1,070.78	
711271	52	751.3	803.2	629.0	803.2	455.5	0.88	4.58	0	1,540	74	1.38	5.5	25.5	0.0	0.0	13.64	0	1.2758	2.2844	735	739.14	991.25	
711811	52	751.2	805.5	630.5	805.5	455.8	1.56	4.58	0	1,289	73	0.31	5.5	25.5	0.0	0.0	15.47	0	1.2758	2.2789	735	739.05	970.31	
712353	52	751.1	807.2	631.3	807.2	456.5	0.69	4.58	0	1,286	73	0.81	5.5	25.5	0.0	0.0	16.22	0	1.2758	2.2789	735	739.05	963.83	
712882	52	751.0	808.2	632.3	808.5	456.5	0.69	4.58	0	1,275	72	0.56	5.5	25.5	0.0	0.0	16.59	0	1.2758	2.2789	735	738.93	967.50	
713473	52	750.9	808.8	632.8	808.8	456.5	1.56	4.58	0	1,277	72	0.81	5.5	25.1	0.0	0.0	45.54	0	1.2758	2.2656	735	738.93	955.23	
714048	53	750.7	808.8	633.0	809.2	456.5	3.50	4.58	0	1,517	72	7.31	5.5	25.1	0.0	0.0	61.90	0	1.2758	2.2656	735	738.93	1,027.34	
714697	53	750.3	808.2	632.5	808.2	456.8	3.50	4.58	0	1,495	72	7.88	5.5	25.5	0.0	0.0	34.83	0	1.2758	2.2727	735	738.83	1,019.61	
715270	53	749.8	807.8	632.3	808.2	457.2	1.06	4.58	0	1,508	72	1.12	5.5	25.1	0.0	0.0	12.49	0	1.2758	2.2727	735	738.83	977.19	
715814	53	749.3	807.5	632.1	807.5	456.8	1.94	4.58	0	1,486	71	0.31	5.5	25.1	0.0	0.0	15.47	0	1.2758	2.2672	735	738.83	964.84	
716382	53	748.9	806.8	632.2	806.8	457.2	0.38	4.58	0	1,481	71	1.12	5.5	25.1	0.0	0.0	17.44	0	1.2758	2.2672	735	738.83	963.05	
716948	53	748.6	806.2	631.8	805.8	456.8	0.88	4.58	0	1,302	70	0.81	5.5	25.1	0.0	0.0	16.55	0	1.2758	2.2742	735	738.74	967.50	
717470	53	748.4	805.2	631.3	805.2	457.5	0.88	4.58	0	1,238	70	0.56	5.5	25.1	0.0	0.0	16.99	0	1.2758	2.2687	735	738.83	966.80	
718004	54	748.2	803.8	630.5	803.8	456.8	0.88	4.58	0	1,218	69	0.56	5.5	25.1	0.0	0.0	17.37	0	1.2758	2.2687	735	738.83	966.25	
718554	54	748.0	801.5	629.5	801.5	457.2	1.06	4.58	0	1,200	68	0.56	5.5	25.1	0.0	0.0	17.02	0	1.2758	2.2625	735	738.83	965.62	
719122	54	747.8	799.5	628.6	799.5	457.2	0.88	4.58	0	1,195	68	0.56	5.5	25.1	0.0	0.0	17.74	0	1.2758	2.2703	735	738.93	964.84	
719665	54	747.7	797.5	627.5	797.2	457.5	1.56	4.58	0	1,210	67	0.81	5.5	25.1	0.0	0.0	44.70	0	1.2758	2.2641	735	738.93	953.44	
720227	55	747.5	795.5	626.6	795.5	457.2	3.50	4.58	0	1,462	67	7.06	5.5	25.1	0.0	0.0	62.48	0	1.2758	2.2586	735	739.05	1,011.80	
720750	55	747.1	792.8	625.1	793.2	456.5	3.81	4.58	0	1,435	68	8.69	5.5	25.1	0.0	0.0	74.58	0	1.2758	2.2656	735	739.05	1,089.61	
721344	55	746.6	791.2	624.0	790.8	456.8	4.38	4.58	0	1,450	69	13.00	5.5	25.1	0.0	0.0	92.91	0	1.2758	2.2602	735	739.05	1,224.06	
721918	55	746.4	789.8	623.1	789.5	456.8	7.31	4.58	0	1,530	69	22.44	5.5	25.1	0.0	0.0	101.37	0	1.2758	2.2602	735	738.93	1,286.88	
722425	55	746.3	788.5	622.6	788.8	456.5	6.81	4.58	0	1,494	70	20.00	5.5	25.1	0.0	0.0	100.15	0	1.2758	2.2602	735	738.83	1,296.17	
722950	54	746.3	788.2	622.3	788.2	456.5	6.94	4.58	0	1,570	71	21.38	5.5	25.1	0.0	0.0	97.55	0	1.2758	2.2602	735	738.74	1,268.05	
723602	54	746.5	788.2	622.5	788.2	456.5	7.31	4.58	0	1,566	72	21.06	5.5	25.1	0.0	0.0	99.56	0	1.2758	2.2602	735	738.53	1,248.91	
724116	54	746.9	788.5	622.8	788.5	457.2	5.38	4.58	0	1,536	73	18.94	5.5	24.7	0.0	0.0	73.43	0	1.2758	2.2469	735	738.44	1,116.64	
724672	53	747.5	789.8	623.5	789.8	457.2	4.38	4.58	0	1,705	73	10.00	5.5	25.1	0.0	0.0	58.24	0	1.2758	2.2602	735	738.34	1,063.05	
725209	53	747.7	790.8	623.8	791.2	457.2	3.50	4.58	0	1,553	74	8.94	5.5	24.7	0.0	0.0	48.56	0	1.2758	2.2539	735	738.25	1,066.17	
725722	53	747.6	792.2	624.8	792.5	457.5	1.56	4.58	0	1,533	73	3.25	5.5	24.7	0.0	0.0	19.27	0	1.2758	2.2484	735	738.25	1,006.64	
726260	53	747.5	794.2	625.3	793.8	457.5	1.75	4.58	0	1,182	73	0.81	5.5	25.1	0.0	0.0	13.27	0	1.2758	2.2555	735	738.25	975.78	
726840	53	747.3	794.5	626.1	794.8	457.5	1.06	4.58	0	1,152	73	0.31	5.5	25.1	0.0	0.0	12.59	0	1.2758	2.2555	735	738.13	959.61	
727405	53	747.2	795.8	626.6	795.8	457.5	1.94	4.58	0	1,411	72	2.19	5.5	25.1	0.0	0.0	44.91	1	1.2758	2.2555	735	738.13	961.88	
728000	53	746.8	795.8	626.8	796.2	457.8	3.00	4.58	0	1,342	72	5.94	5.5	24.7	0.0	0.0	49.73	1	1.2758	2.2500	735	738.13	1,003.83	
728533	54	746.4	795.8	626.6	796.2	457.8	1.56	4.58	0	1,265	72	1.38	5.5	24.7	0.0	0.0	19.01	1	1.2758	2.2500	735	738.13	978.20	
729093	53	746.0	796.2	626.8	796.2	457.5	1.25	4.58	0	1,252	72	0.56	5.5	24.7	0.0	0.0	14.37	1	1.2758	2.2438	735	738.13	959.06	
729613	53	745.6	796.2	627.0	795.8	457.8	2.25	4.58	0	1,349	72	2.19	5.5	25.1	0.0	0.0	51.89	1	1.2758	2.2570	735	738.25	961.41	
730143	54	745.0	795.5	626.8	795.5	457.8	3.69	4.58	0	1,498	72	7.56	5.5	24.7	0.0	0.0	61.57	1	1.2758	2.2508	735	738.25	1,036.95	
730660	54	744.2	795.2	626.3	795.5	457.5	4.19	4.58	0	1,524	72	8.94	5.5	24.7	0.0	0.0	72.19	1	1.2758	2.2453	735	738.25	1,104.22	
731189	54	743.4	794.8	626.1	794.8	457.5	6.44	4.58	0	1,537	73	15.44	5.5	24.7	0.0	0.0	93.47	1	1.2758	2.2523	735	738.13	1,219.22	
731816	54	742.8	794.8	626.3	794.8	458.2	3.31	4.58	0	1,536	73	8.94	5.5	24.7	0.0	0.0	35.37	1	1.2758	2.2523	735	738.04	1,057.81	
732335	54	742.1	795.2	626.3	794.8	458.2	0.88	4.58	0	1,504	73	1.12	5.5	24.7	0.0	0.0	13.17	1	1.2758	2.2469	735	738.04	987.50	
732834	53	741.6	795.5	626.5	795.5	457.8	1.06	4.58	0	1,473	72	1.62	5.5	24.7	0.0	0.0	13.50	1	1.2758	2.2469	735	737.94	969.69	
733415	53	741.1	795.5	626.8	795.5	457.8	0.38	4.58	0	1,496	71	1.12	5.5	24.7	0.0	0.0	14.06	1	1.2758	2.2469	735	737.94	962.11	
733938	54	740.6	796.2	626.8	795.8	458.2	2.12	4.58	0	1,411	71	1.62	5.5	24.7	0.0	0.0	48.33	0	1.2758	2.2469	735	737.94	963.52	
734469	54	740.0	795.2	626.6	795.2	457.8	3.31	4.58	0	1,325	71	6.50	5.5	24.7	0.0	0.0	68.62	0	1.2758	2.2469	735	737.85	1,027.34	
734986	54	739.2	794.8	626.3	794.8	457.8	4.19	4.58	0	1,311	71	10.25	5.5	24.7	0.0	0.0	90.26	0	1.2758	2.2469	735	737.73	1,143.28	
735553	54	738.5	794.5	626.0	794.2	457.8	6.94	4.58	0	1,481	72	19.75	5.5	24.7	0.0	0.0	104.32	0	1.2758	2.2469	735	737.43	1,287.73	
736064	54	738.0	794.2	626.0	794.2	458.2	6.81	4.58	0	1,527	73	21.06	5.5	24.7	0.0	0.0	99.14	0	1.2758	2.2469	735	737.24	1,291.02	
736574	54	737.8	794.5	626.0	794.5	458.5	7.31	4.58	0	1,554	73	21.88	5.5	24.7	0.0	0.0	98.44	0	1.2758	2.2469	735	736.94	1,300.70	
737111	54	737.7	794.8	626.3	794.8	458.2	5.94	4.58	0	1,567	74	19.19	5.5	24.7	0.0	0.0	38.81	0	1.2758	2.2469	735	736.54	1,090.78	
737628	54	737.7	795.5	626.8	795.5	458.2	0.69	4.58	0	1,533	74	1.62	5.5	24.7	0.0	0.0	15.30	1	1.2758	2.2406	735	736.35	1,002.34	
738218	53	737.7	796.5	627.5	796.8	458.5	1.75	4.58	0	1,510	73	0.81	5.5	24.7	0.0	0.0	13.73	1	1.2758	2.2484	735	736.14	971.17	
738742	53	737.6	798.2	628.0	797.8	458.5	0.56	4.58	0	1,531	73	1.12	5.5	24.7	0.0	0.0	16.95	1	1.2758	2.2484	735	735.93	965.39	
739260	53	737.5	798.5	628.5	798.2	458.5	3.12	4.58	0	1,473	72	1.12	5.5	24.7	0.0	0.0	21.05	0	1.2758	2.2422	735	735.83	948.67	
739784	54	737.4	798.5	628.5	798.5	458.5	4.00	4.58	0	1,403	72	5.12	5.5	24.7	0.0	0.0	64.05	0	1.2758	2.2422	735	735.53	990.23	
740480	54	737.1	798.2	628.6	798.5	458.8	3.81	4.58	0	1,291	72	9.19	5.5	24.7	0.0	0.0	87.21	0	1.2758	2.2500	735	735.34	1,137.34	
740994	54	736.8	798.2	628.3	798.2	458.5	6.25	4.58	0	1,537	73	18.94	5.5	24.7	0.0	0.0	106.05	0	1.2758	2.2438	735	734.94	1,341.41	
741503	54	736.7	797.8	628.1	797.8	458.5	8.00	4.58	0	1,550	74	24.31	5.5	24.7	0.0	0.0	102.56	0	1.2758	2.2375	730	734.64	1,314.45	
742073	54	736.9	798.2	628.7	798.2	459.2	6.12	4.58	0	1,568	75	20.25	5.5	24.7	0.0	0.0	59.02	0	1.2758	2.2375	730	734.43	1,083.20	
742598	54	737.1	798.5	628.8	798.8	458.8	3.69	4.58	0	1,533	74	2.75	5.5	24.7	0.0	0.0	17.41	0	1.2758	2.2375	730	734.15	1,015.55	
743132	53	737.2	799.5	629.3	799.5	459.5	1.25	4.58	0	1,509	74	1.12	5.5	24.7	0.0	0.0	13.64	0	1.2758	2.2453	730	733.94	973.20	
743680	53	737.3	800.2	630.0	800.2	459.5	2.62	4.58	0	1,331	74	3.00	5.5	24.7	0.0	0.0	60.84	0	1.2758	2.2391	730	733.84	979.45	
744233	54	737.2	800.8	630.1	800.8	459.5	4.00	4.58	0	1,317	74	9.50	5.5	24.3	0.0	0.0	87.70	0	1.2758	2.2328	730	733.63	1,115.62	
744769	54	737.3	801.5	630.5	801.5	459.2	5.25	4.58	0	1,363	75	14.31	5.5	24.7	0.0	0.0	101.11	0	1.2758	2.2469	730	733.44	1,278.75	
745321	54	737.6	801.5	630.5	801.8	459.5	6.81	4.58	0	1,380	75	21.38	5.5	24.7	0.0	0.0	70.22	0	1.2758	2.2469	730	733.23	1,119.38	
745834	54	737.9	802.5	631.5	802.5	459.8	1.94	4.58	0	1,312	75	3.50	5.5	24.7	0.0	0.0	24.77	0	1.2758	2.2469	730	733.14	1,022.73	
746403	53	738.1	803.2	631.6	803.2	460.5	1.25	4.58	0	1,284	75	0.56	5.5	24.7	0.0	0.0	12.75	0	1.2758	2.2469	730	733.05	976.95	
746931	53	738.2	803.8	631.6	803.8	460.2	1.56	4.58	0	1,220	74	0.56	5.5	24.7	0.0	0.0	15.07	0	1.2758	2.2406	730	732.93	965.23	
747441	53	738.3	803.8	632.0	804.2	460.2	0.69	4.58	0	1,301	74	0.81	5.5	24.7	0.0	0.0	16.78	0	1.2758	2.2406	730	732.83	961.88	
748020	54	738.4	804.2	632.0	804.2	460.2	0.88	4.58	0	1,288	73	0.81	5.5	24.7	0.0	0.0	16.43	0	1.2758	2.2406	730	732.83	967.27	
748545	54	738.5	803.5	631.8	803.5	460.5	0.88	4.58	0	1,276	72	0.56	5.5	24.3	0.0	0.0	16.83	0	1.2758	2.2344	730	732.74	966.72	
749188	54	738.5	802.5	631.6	802.5	460.5	1.06	4.58	0	1,263	72	0.56	5.5	24.3	0.0	0.0	16.66	0	1.2758	2.2344	730	732.74	966.25	
749688	54	738.6	801.2	630.8	801.2	460.2	0.88	4.58	0	1,247	71	0.81	5.5	24.3	0.0	0.0	16.92	0	1.2758	2.2281	730	732.74	966.09	
750242	54	738.7	799.2	629.8	799.2	460.2	0.88	4.58	0	1,239	70	0.81	5.5	24.3	0.0	0.0	16.97	0	1.2758	2.2219	730	732.74	965.62	
750789	55	738.8	797.5	629.2	797.2	460.2	0.88	4.58	0	1,227	70	0.81	5.5	24.7	0.0	0.0	16.64	0	1.2758	2.2359	730	732.74	965.16	
751313	55	738.9	795.8	628.2	795.8	459.8	0.88	4.58	0	1,218	69	0.56	5.5	24.3	0.0	0.0	17.09	0	1.2758	2.2297	730	732.74	965.00	
751822	55	738.9	793.8	626.8	793.5	459.5	1.06	4.58	0	1,201	68	0.56	5.5	24.3	0.0	0.0	16.97	0	1.2758	2.2234	730	732.83	964.77	
752385	55	739.0	791.5	625.8	791.5	459.5	1.06	4.58	0	1,196	68	0.56	5.5	24.3	0.0	0.0	19.05	0	1.2758	2.2172	730	732.83	962.89	
752910	55	739.0	789.5	624.5	789.2	459.5	2.44	4.58	0	1,243	68	1.94	5.5	24.3	0.0	0.0	52.97	0	1.2758	2.2313	730	732.93	957.27	
753431	56	738.9	787.2	623.3	786.8	459.5	3.12	4.58	0	1,260	68	5.94	5.5	24.3	0.0	0.0	67.36	0	1.2758	2.2250	730	732.93	1,015.94	
753989	56	738.8	784.5	621.6	784.5	458.8	3.50	4.58	0	1,214	68	8.69	5.5	24.3	0.0	0.0	81.28	0	1.2758	2.2188	730	732.93	1,063.20	
754515	56	738.8	782.8	620.8	782.8	459.2	2.12	4.58	0	1,242	68	4.31	5.5	24.3	0.0	0.0	27.61	0	1.2758	2.2258	730	732.93	1,024.30	
755061	55	738.6	781.5	620.0	781.5	458.8	1.06	4.58	0	1,177	68	0.56	5.5	24.3	0.0	0.0	13.99	0	1.2758	2.2258	730	732.93	976.72	
755615	55	738.4	780.5	619.5	780.2	458.5	0.56	4.58	0	1,159	67	0.31	5.5	24.3	0.0	0.0	15.33	0	1.2758	2.2258	730	733.05	961.25	
756121	55	738.2	779.2	619.0	779.5	458.2	2.25	4.58	0	1,214	67	1.94	5.5	24.3	0.0	0.0	52.88	0	1.2758	2.2258	730	733.05	958.98	
756708	56	737.9	777.8	618.2	777.8	458.2	3.50	4.58	0	1,404	67	7.06	5.5	24.3	0.0	0.0	37.73	0	1.2758	2.2258	730	733.05	1,003.75	
757259	56	737.4	777.2	617.6	776.8	457.5	1.25	4.58	0	1,376	67	1.62	5.5	24.3	0.0	0.0	16.95	0	1.2758	2.2258	730	733.05	978.83	
757728	55	736.9	776.2	617.1	776.2	457.5	0.69	4.58	0	1,383	66	0.56	5.5	24.3	0.0	0.0	11.98	0	1.2758	2.2258	730	733.14	964.22	
758306	55	736.5	775.5	616.6	775.2	457.5	0.88	4.58	0	1,383	66	1.12	5.5	24.3	0.0	0.0	17.11	0	1.2758	2.2258	730	733.14	961.17	
758820	55	736.0	774.5	616.1	774.5	457.2	0.69	4.58	0	1,366	65	0.81	5.5	24.3	0.0	0.0	20.84	0	1.2758	2.2258	730	733.14	962.66	
759384	55	735.6	773.2	615.3	773.2	457.5	2.12	4.58	0	1,364	65	1.62	5.5	24.3	0.0	0.0	45.77	0	1.2758	2.2258	730	733.14	959.77	
759921	56	735.0	771.8	614.7	771.8	456.8	3.50	4.58	0	1,472	65	7.06	5.5	24.3	0.0	0.0	62.16	0	1.2758	2.2258	730	733.14	1,019.61	
760425	56	734.2	770.8	613.6	770.5	456.8	3.69	4.58	0	1,409	65	8.38	5.5	24.3	0.0	0.0	71.84	0	1.2758	2.2258	730	733.05	1,084.53	
761001	56	733.3	769.8	613.5	769.8	456.5	4.56	4.58	0	1,384	66	14.62	5.5	24.3	0.0	0.0	79.01	0	1.2758	2.2258	730	732.83	1,124.61	
761592	56	732.4	769.2	613.0	769.2	456.8	4.00	4.58	0	1,488	66	10.00	5.5	24.3	0.0	0.0	70.48	0	1.2758	2.2195	730	732.65	1,082.19	
762128	56	731.5	769.2	612.8	769.2	456.2	3.31	4.58	0	1,396	67	7.88	5.5	24.3	0.0	0.0	68.13	0	1.2758	2.2195	730	732.44	1,077.89	
762655	55	730.6	769.8	612.8	769.5	456.5	3.00	4.58	0	1,486	67	7.56	5.5	23.9	0.0	0.0	64.03	0	1.2758	2.2133	730	732.13	1,062.81	
763211	55	729.4	769.8	613.3	769.8	456.2	4.19	4.58	0	1,468	67	10.00	5.5	23.9	0.0	0.0	75.80	0	1.2758	2.2070	730	731.73	1,133.83	
763774	55	728.4	770.8	613.3	770.8	456.5	4.69	4.58	0	1,499	68	12.69	5.5	23.9	0.0	0.0	58.76	0	1.2758	2.2070	730	731.33	1,093.36	
764301	55	727.7	771.5	613.8	771.5	456.2	1.44	4.58	0	1,198	68	2.44	5.5	23.9	0.0	0.0	22.05	0	1.2758	2.2148	730	731.03	1,014.53	
764861	55	727.0	772.5	614.5	772.8	456.5	1.25	4.58	0	1,190	67	0.56	5.5	23.9	0.0	0.0	13.29	0	1.2758	2.2086	730	730.84	974.14	
765393	54	726.5	773.8	615.0	773.8	456.2	0.88	4.58	0	1,159	67	0.31	5.5	23.9	0.0	0.0	15.05	0	1.2758	2.2023	730	730.63	962.89	
766000	54	726.0	774.8	615.1	774.8	455.8	0.88	4.58	0	1,172	66	0.56	5.5	24.3	0.0	0.0	17.86	0	1.2758	2.2164	730	730.44	949.45	
766518	55	725.5	775.2	615.7	775.2	455.8	2.62	4.58	0	1,265	66	3.50	5.5	23.9	0.0	0.0	60.96	0	1.2758	2.2102	730	730.23	970.08	
767024	55	724.7	775.2	615.5	774.8	455.5	3.81	4.58	0	1,396	66	8.38	5.5	23.9	0.0	0.0	83.84	0	1.2758	2.2031	730	729.93	1,076.02	
767546	55	723.9	775.2	615.3	774.8	455.8	5.75	4.58	0	1,453	67	15.69	5.5	23.9	0.0	0.0	101.41	0	1.2758	2.2109	725	729.53	1,279.45	
768119	55	723.2	774.8	615.5	775.2	456.2	7.81	4.58	0	1,461	68	22.69	5.5	23.9	0.0	0.0	112.69	0	1.2758	2.2109	725	729.04	1,356.41	
768707	55	722.8	775.5	615.5	775.5	456.2	7.12	4.58	0	1,510	69	21.06	5.5	23.9	0.0	0.0	101.27	0	1.2758	2.2109	725	728.33	1,326.95	
769247	55	722.7	776.2	615.8	776.2	456.2	7.69	4.58	0	1,497	70	21.88	5.5	23.9	0.0	0.0	104.60	0	1.2758	2.1969	725	727.75	1,313.67	
769772	55	722.8	776.8	616.7	776.8	456.5	3.00	4.58	0	1,466	70	9.19	5.5	23.9	0.0	0.0	35.88	0	1.2758	2.1969	725	727.23	1,072.34	
770327	54	722.9	778.5	617.6	778.5	456.2	1.06	4.58	0	1,465	70	1.38	5.5	23.9	0.0	0.0	15.14	0	1.2758	2.2109	725	726.83	990.78	
770837	54	722.9	780.2	618.3	780.2	456.8	0.56	4.58	0	1,439	70	0.31	5.5	23.9	0.0	0.0	10.80	0	1.2758	2.2047	725	726.53	970.00	
771433	54	722.9	781.8	619.0	782.2	456.5	0.56	4.58	0	1,447	69	1.12	5.5	23.9	0.0	0.0	17.18	0	1.2758	2.1984	725	726.25	963.52	
771957	54	722.9	782.5	619.5	782.5	456.5	0.88	4.58	0	1,280	68	0.56	5.5	23.9	0.0	0.0	16.85	0	1.2758	2.1984	725	725.94	961.17	
772519	55	722.9	783.2	619.8	782.8	456.5	2.12	4.58	0	1,201	67	1.12	5.5	23.9	0.0	0.0	21.05	0	1.2758	2.1922	725	725.73	949.77	
773037	55	722.9	782.8	619.8	783.2	456.5	2.81	4.58	0	1,342	67	4.31	5.5	23.5	0.0	0.0	59.55	0	1.2758	2.1922	725	725.43	975.16	
773611	55	722.7	782.8	619.6	782.8	456.5	4.38	4.58	0	1,441	67	11.62	5.5	23.9	0.0	0.0	90.26	0	1.2758	2.2062	725	725.03	1,126.80	
774189	55	722.6	782.8	619.6	782.5	456.8	6.12	4.58	0	1,434	68	17.00	5.5	23.9	0.0	0.0	104.46	0	1.2758	2.2000	720	724.63	1,313.83	
774800	55	722.7	782.2	619.5	782.2	456.5	8.19	4.58	0	1,512	69	23.75	5.5	23.5	0.0	0.0	103.55	0	1.2758	2.1930	720	724.14	1,298.28	
775324	55	723.1	782.5	619.6	782.5	456.5	7.12	4.58	0	1,492	70	22.19	5.5	23.5	0.0	0.0	99.00	0	1.2758	2.1930	720	723.74	1,266.17	
775902	55	723.7	783.2	620.0	783.5	457.2	1.94	4.58	0	1,495	70	4.88	5.5	23.5	0.0	0.0	27.63	0	1.2758	2.1930	720	723.44	1,046.09	
776407	54	724.1	784.2	620.7	784.2	457.5	1.25	4.58	0	1,475	70	1.12	5.5	23.5	0.0	0.0	13.41	0	1.2758	2.1867	720	723.25	985.00	
776930	54	724.4	785.2	621.5	785.5	457.2	0.38	4.58	0	1,438	69	1.12	5.5	23.5	0.0	0.0	13.52	0	1.2758	2.1945	720	723.04	967.81	
777460	54	724.6	786.2	621.6	785.8	457.2	1.25	4.58	0	1,474	69	1.12	5.5	23.5	0.0	0.0	22.85	0	1.2758	2.1945	720	722.85	950.55	
777974	55	724.8	786.8	622.0	786.8	457.8	3.00	4.58	0	1,486	69	5.12	5.5	23.5	0.0	0.0	59.98	0	1.2758	2.1883	720	722.64	985.78	
778491	55	724.8	787.2	622.3	787.2	457.8	3.81	4.58	0	1,512	69	8.94	5.5	23.5	0.0	0.0	84.49	0	1.2758	2.1883	720	722.43	1,089.45	
779040	55	724.7	787.5	622.5	787.2	457.5	4.56	4.58	0	1,244	70	11.38	5.5	23.5	0.0	0.0	97.45	0	1.2758	2.1953	720	722.24	1,216.41	
779640	55	724.8	787.8	622.6	787.5	457.8	7.31	4.58	0	1,521	70	20.56	5.5	23.5	0.0	0.0	112.10	0	1.2758	2.1891	720	721.94	1,394.06	
780259	55	725.3	788.2	623.0	788.5	458.2	8.00	4.58	0	1,494	71	24.31	5.5	23.5	0.0	0.0	108.56	0	1.2758	2.1891	720	721.75	1,402.50	
780784	55	726.2	789.2	623.7	789.5	458.5	7.81	4.58	0	1,543	72	24.06	5.5	23.5	0.0	0.0	105.38	0	1.2758	2.1891	720	721.54	1,392.34	
781329	55	727.3	790.5	624.5	790.5	458.5	8.19	4.58	0	1,569	73	24.06	5.5	23.5	0.0	0.0	106.22	0	1.2758	2.1891	720	721.44	1,389.14	
781845	55	728.6	791.8	625.1	792.2	458.8	8.50	4.58	0	1,609	74	24.56	5.5	23.5	0.0	0.0	107.20	0	1.2758	2.1891	720	721.35	1,386.33	
782388	55	730.1	793.8	626.3	793.8	459.5	8.50	4.58	0	1,599	75	25.12	5.5	23.5	0.0	0.0	102.56	0	1.2758	2.1891	720	721.35	1,363.05	
783088	54	732.1	795.8	627.8	796.5	460.2	7.69	4.58	0	1,602	76	24.06	5.5	23.5	0.0	0.0	99.42	0	1.2758	2.1891	720	721.44	1,264.06	
783705	54	733.5	798.8	629.5	798.8	460.2	4.00	4.58	0	1,689	76	8.94	5.5	23.5	0.0	0.0	36.07	0	1.2758	2.1891	720	721.54	1,066.17	
784282	54	734.6	801.8	631.0	801.5	460.5	1.06	4.58	0	1,586	76	1.38	5.5	23.9	0.0	0.0	13.20	0	1.2758	2.1969	720	721.63	987.34	
784815	53	735.3	804.2	632.5	804.2	460.8	0.56	4.58	0	1,320	75	0.31	5.5	23.9	0.0	0.0	15.59	0	1.2758	2.1969	720	721.75	968.44	
785386	53	735.8	806.2	633.5	806.2	461.5	0.69	4.58	0	1,313	74	0.81	5.5	23.5	0.0	0.0	18.52	0	1.2758	2.1828	720	721.84	962.34	
785963	54	736.2	807.2	634.6	807.2	461.8	2.81	4.58	0	1,344	74	2.75	5.5	23.5	0.0	0.0	53.34	0	1.2758	2.1828	720	721.84	960.70	
786486	54	736.7	808.2	635.2	807.8	461.8	4.56	4.58	0	1,614	74	11.38	5.5	23.5	0.0	0.0	84.82	0	1.2758	2.1828	720	722.03	1,103.75	
787007	55	736.9	808.2	635.2	808.5	462.2	6.81	4.58	0	1,566	75	18.62	5.5	23.5	0.0	0.0	104.72	0	1.2758	2.1758	720	722.15	1,341.88	
787523	55	737.5	808.5	635.5	808.5	462.5	9.25	4.58	0	1,574	75	25.69	5.5	23.5	0.0	0.0	117.23	0	1.2758	2.1906	720	722.33	1,528.36	
788047	55	738.2	808.8	635.8	808.8	463.2	12.50	4.58	0	1,729	77	32.69	5.5	23.5	0.0	0.0	121.34	0	1.2758	2.1836	720	722.55	1,531.72	
788592	55	739.1	809.5	636.1	809.5	463.5	9.94	4.58	0	1,657	78	27.31	5.5	23.5	0.0	0.0	111.77	0	1.2758	2.1836	720	722.94	1,563.98	
789129	55	740.3	810.5	637.1	810.5	463.5	12.50	4.58	0	1,777	79	32.44	5.5	23.5	0.0	0.0	124.97	0	1.2758	2.1758	720	723.34	1,599.38	
789652	55	741.8	811.8	637.6	811.8	464.2	11.12	4.58	0	1,694	80	30.00	5.5	23.1	0.0	0.0	113.67	0	1.2758	2.1758	720	723.83	1,598.67	
790172	54	743.4	813.5	638.8	813.8	464.8	14.44	4.58	0	1,856	82	37.00	5.5	23.1	0.0	0.0	124.66	0	1.2758	2.1758	720	724.35	1,532.34	
790737	54	745.1	815.5	640.0	815.5	465.2	9.75	4.58	0	1,733	83	26.50	5.5	23.5	0.0	0.0	100.57	0	1.2758	2.1828	725	725.03	1,362.58	
791246	54	746.3	817.5	641.5	817.8	465.8	9.94	4.58	0	1,806	83	25.69	5.5	23.5	0.0	0.0	97.50	0	1.2758	2.1828	725	725.64	1,281.25	
791890	53	747.5	819.5	643.1	819.8	466.2	4.00	4.58	0	1,849	84	7.31	5.5	23.1	0.0	0.0	30.80	0	1.2758	2.1758	725	726.34	1,049.14	
792459	53	748.2	822.5	644.0	822.5	467.2	0.88	4.58	0	1,736	83	1.38	5.5	23.1	0.0	0.0	12.09	0	1.2758	2.1758	725	726.65	982.27	
792978	53	748.7	824.5	645.7	824.5	467.2	0.56	4.58	0	1,483	82	1.12	5.5	23.1	0.0	0.0	16.43	0	1.2758	2.1758	725	727.05	968.75	
793498	53	749.0	825.8	646.6	826.2	468.2	0.38	4.58	0	1,442	81	0.81	5.5	23.1	0.0	0.0	16.66	0	1.2758	2.1758	725	727.35	963.52	
794034	53	749.4	826.8	647.6	827.2	468.5	0.56	4.58	0	1,420	81	1.12	5.5	23.5	0.0	0.0	16.48	0	1.2758	2.1828	725	727.63	968.59	
794559	54	749.7	827.2	648.0	827.2	468.5	0.38	4.58	0	1,409	80	1.12	5.5	23.1	0.0	0.0	17.04	0	1.2758	2.1688	725	727.94	968.59	
795120	54	750.0	826.8	648.0	826.8	469.2	0.56	4.58	0	1,391	79	1.12	5.5	23.1	0.0	0.0	17.04	0	1.2758	2.1750	725	728.24	968.36	
795709	54	750.3	825.8	647.5	825.5	469.2	0.56	4.58	0	1,376	78	1.12	5.5	23.1	0.0	0.0	16.99	0	1.2758	2.1750	725	728.43	968.28	
796259	54	750.5	824.8	647.1	824.5	469.5	0.56	4.58	0	1,361	77	0.81	5.5	23.1	0.0	0.0	16.99	0	1.2758	2.1609	725	728.64	968.36	
796790	55	750.7	822.8	646.3	822.8	469.5	0.69	4.58	0	1,322	75	0.81	5.5	23.1	0.0	0.0	17.39	0	1.2758	2.1609	725	728.94	968.20	
797346	55	750.9	820.8	645.5	820.5	469.5	0.69	4.58	0	1,298	73	0.81	5.5	23.1	0.0	0.0	17.34	0	1.2758	2.1609	725	729.13	967.11	
797906	55	751.0	818.8	644.3	818.2	469.8	0.69	4.58	0	1,258	71	0.81	5.5	23.1	0.0	0.0	17.20	0	1.2758	2.1609	725	729.34	966.17	
798435	55	751.2	816.5	643.1	816.5	469.8	0.88	4.58	0	1,248	70	0.81	5.5	23.1	0.0	0.0	13.76	0	1.2758	2.1688	725	729.53	964.92	
798990	56	751.3	813.8	641.6	813.5	469.5	0.38	4.58	0	1,437	70	0.31	5.5	23.1	0.0	0.0	16.08	0	1.2758	2.1688	725	729.74	963.44	
799505	56	751.3	811.8	640.5	811.2	469.5	0.56	4.58	0	1,409	69	1.62	5.5	23.1	0.0	0.0	13.03	0	1.2758	2.1617	730	729.93	962.97	
800020	56	751.4	808.5	639.0	808.5	469.5	2.12	4.58	0	1,462	69	2.19	5.5	23.1	0.0	0.0	42.70	0	1.2758	2.1617	730	730.14	959.45	
800630	56	751.4	806.5	638.1	806.5	469.5	3.31	4.58	0	1,502	69	6.50	5.5	23.1	0.0	0.0	61.55	0	1.2758	2.1695	730	730.44	1,020.00	
801075	57	751.2	804.2	636.8	803.5	469.2	3.69	4.58	0	1,470	69	8.12	5.5	23.1	0.0	0.0	67.20	0	1.2758	2.1633	730	730.75	1,074.14	
801572	56	750.8	801.8	635.5	801.5	469.2	4.19	4.58	0	1,480	70	10.25	5.5	22.7	0.0	0.0	76.10	0	1.2758	2.1562	730	730.94	1,138.28	
802116	56	750.6	799.5	634.5	799.5	469.2	4.56	4.58	0	1,486	70	11.62	5.5	22.7	0.0	0.0	78.12	0	1.2758	2.1562	730	731.24	1,180.39	
802640	56	750.4	799.2	634.0	798.5	469.5	4.88	4.58	0	1,551	71	13.00	5.5	22.7	0.0	0.0	76.45	0	1.2758	2.1500	730	731.55	1,152.58	
803205	56	750.4	798.2	633.8	797.8	469.2	4.56	4.58	0	1,542	71	12.19	5.5	22.7	0.0	0.0	70.66	0	1.2758	2.1500	730	731.85	1,135.23	
803721	55	750.3	797.8	633.3	797.8	469.2	1.56	4.58	0	1,473	71	3.50	5.5	22.7	0.0	0.0	22.08	0	1.2758	2.1500	730	732.13	1,021.02	
804273	55	750.1	797.5	633.5	797.5	469.2	1.06	4.58	0	1,467	71	1.12	5.5	23.1	0.0	0.0	12.49	0	1.2758	2.1578	730	732.34	975.23	
804840	55	749.9	797.8	633.3	797.8	468.8	-0.62	4.58	0	1,470	70	0.81	5.5	22.7	0.0	0.0	16.22	0	1.2758	2.1508	730	732.53	964.45	
805369	55	749.7	797.8	633.3	797.5	469.2	1.56	4.58	0	1,489	70	1.12	5.5	22.7	0.0	0.0	33.28	0	1.2758	2.1445	730	732.74	955.47	
805885	55	749.4	797.5	633.3	797.2	468.8	3.00	4.58	0	1,505	69	5.69	5.5	22.7	0.0	0.0	61.73	0	1.2758	2.1445	730	733.05	994.38	
806406	56	748.9	796.8	632.8	796.5	468.5	3.12	4.58	0	1,347	70	8.69	5.5	22.7	0.0	0.0	77.30	0	1.2758	2.1445	730	733.23	1,093.20	
806920	56	748.0	796.2	632.5	796.2	468.8	3.69	4.58	0	1,257	70	8.69	5.5	22.7	0.0	0.0	77.98	0	1.2758	2.1445	730	733.44	1,141.95	
807507	55	747.3	796.2	632.1	795.8	468.5	5.25	4.58	0	1,557	71	13.00	5.5	22.7	0.0	0.0	78.33	0	1.2758	2.1445	730	733.63	1,230.08	
808071	55	746.7	795.5	632.3	795.5	468.8	7.81	4.58	0	1,899	71	16.75	5.5	22.7	0.0	0.0	80.13	0	1.2758	2.1516	730	733.84	1,320.16	
808505	55	746.2	795.8	632.1	795.8	468.5	8.38	4.58	0	1,870	72	18.12	5.5	22.7	0.0	0.0	83.81	0	1.2758	2.1516	730	733.94	1,363.44	
809143	55	745.8	796.8	632.5	796.5	468.2	11.62	4.58	0	1,880	73	28.38	5.5	22.7	0.0	0.0	117.82	0	1.2758	2.1375	730	734.03	1,554.38	
809693	55	745.4	797.5	633.5	797.8	469.2	14.44	4.58	0	1,924	75	35.12	5.5	22.7	0.0	0.0	110.60	0	1.2758	2.1445	730	734.15	1,495.31	
810213	54	745.0	799.2	634.0	799.5	469.2	14.06	4.58	0	1,962	76	34.88	5.5	22.7	0.0	0.0	113.48	0	1.2758	2.1508	730	734.15	1,498.59	
810739	54	744.9	801.5	635.0	801.2	469.2	14.44	4.58	0	1,998	77	36.19	5.5	22.4	0.0	0.0	109.22	0	1.2758	2.1367	730	734.24	1,481.80	
811238	54	744.9	803.2	636.3	803.2	469.5	13.38	4.58	0	2,033	78	35.12	5.5	22.7	0.0	0.0	110.91	0	1.2758	2.1437	730	734.24	1,502.50	
811745	54	744.8	805.5	637.6	805.8	469.5	13.94	4.58	0	2,054	79	35.69	5.5	22.7	0.0	0.0	110.04	0	1.2758	2.1500	730	734.15	1,490.55	
812299	54	744.7	808.5	639.3	808.8	470.5	14.44	4.58	0	2,080	81	37.00	5.5	22.7	0.0	0.0	101.27	0	1.2758	2.1422	730	734.03	1,393.98	
812893	53	744.4	812.5	641.0	812.2	470.8	13.56	4.58	0	2,131	82	36.50	5.5	22.7	0.0	0.0	102.52	0	1.2758	2.1422	730	733.94	1,406.41	
813404	53	744.2	815.2	643.0	815.2	471.2	12.69	4.58	0	2,149	83	33.25	5.5	22.7	0.0	0.0	100.92	0	1.2758	2.1492	730	733.75	1,391.80	
814007	53	743.9	818.5	645.0	818.8	471.8	13.06	4.58	0	2,235	85	35.38	5.5	22.7	0.0	0.0	102.21	0	1.2758	2.1422	730	733.54	1,380.23	
814565	53	743.5	821.8	647.1	822.2	472.5	10.81	4.58	0	2,208	86	25.94	5.5	22.7	0.0	0.0	69.82	0	1.2758	2.1422	730	733.35	1,157.19	
815083	53	743.3	825.2	648.6	825.8	473.8	6.94	4.58	0	2,233	86	16.50	5.5	22.7	0.0	0.0	67.95	0	1.2758	2.1500	730	733.14	1,102.97	
815603	53	743.5	828.2	650.8	828.5	473.5	7.81	4.58	0	1,898	87	20.00	5.5	22.7	0.0	0.0	88.69	0	1.2758	2.1500	730	732.93	1,226.56	
816115	53	744.1	831.2	652.8	831.2	474.5	9.56	4.58	0	1,847	88	22.19	5.5	22.7	0.0	0.0	95.20	0	1.2758	2.1500	730	732.83	1,343.83	
816669	53	745.0	833.8	654.1	833.8	474.8	6.81	4.58	0	1,862	88	15.12	5.5	23.1	0.0	0.0	38.81	0	1.2758	2.1578	730	732.83	1,050.62	
817291	53	745.8	836.8	656.0	837.2	475.5	1.06	4.58	0	1,846	88	1.38	5.5	23.1	0.0	0.0	14.51	0	1.2758	2.1437	730	732.93	972.73	
817841	52	746.2	839.2	657.3	839.2	476.2	2.81	4.58	0	1,813	87	0.56	5.5	22.7	0.0	0.0	15.87	0	1.2758	2.1500	730	732.93	961.72	
818351	53	746.7	840.8	658.6	840.8	476.2	0.56	4.58	0	1,815	87	1.12	5.5	22.7	0.0	0.0	17.11	0	1.2758	2.1422	730	732.93	961.48	
818857	53	747.0	841.8	659.0	841.8	476.8	0.38	4.58	0	1,628	86	1.12	5.5	22.7	0.0	0.0	17.25	0	1.2758	2.1492	730	732.93	966.80	
819369	53	747.3	842.2	659.5	841.8	476.8	0.56	4.58	0	1,523	85	1.12	5.5	22.7	0.0	0.0	16.88	0	1.2758	2.1414	730	732.93	968.52	
819896	54	747.6	841.8	659.3	841.2	477.5	0.56	4.58	0	1,500	85	1.12	5.5	22.7	0.0	0.0	16.69	0	1.2758	2.1414	730	733.05	969.06	
820442	54	747.8	840.8	659.1	841.2	477.5	0.56	4.58	0	1,466	83	1.12	5.5	22.7	0.0	0.0	17.20	0	1.2758	2.1477	730	733.05	969.22	
820983	54	748.1	839.8	658.6	839.5	477.8	0.56	4.58	0	1,422	81	1.12	5.5	22.4	0.0	0.0	17.39	0	1.2758	2.1344	730	733.05	968.91	
821567	55	748.3	837.5	657.8	837.5	477.5	0.56	4.58	0	1,378	78	0.81	5.5	22.4	0.0	0.0	17.11	0	1.2758	2.1344	730	732.93	967.97	
822127	55	748.5	835.8	657.2	835.5	477.8	0.69	4.58	0	1,326	75	0.81	5.5	22.4	0.0	0.0	17.04	0	1.2758	2.1344	730	732.93	967.19	
822644	55	748.6	833.5	655.5	833.2	477.8	0.88	4.58	0	1,263	71	0.56	5.5	22.4	0.0	0.0	17.11	0	1.2758	2.1344	730	732.93	966.48	
823174	55	748.8	830.8	654.5	830.8	477.8	0.88	4.58	0	1,228	68	0.56	5.5	22.4	0.0	0.0	14.11	0	1.2758	2.1344	730	732.93	964.45	
823686	56	748.9	828.8	653.0	828.5	477.5	0.00	4.58	0	1,331	62	0.31	5.5	22.4	0.0	0.0	16.17	0	1.2758	2.1281	730	732.93	962.66	
824250	56	749.0	825.8	652.1	825.5	478.2	1.06	4.58	0	1,235	59	0.56	5.5	22.7	0.0	0.0	17.13	0	1.2758	2.1414	730	733.05	963.59	
824806	56	749.1	822.8	650.2	822.2	477.5	0.88	4.58	0	1,217	58	0.56	5.5	22.4	0.0	0.0	17.48	0	1.2758	2.1352	730	733.05	963.52	
825369	56	749.2	819.8	649.0	819.5	477.5	1.06	4.58	0	1,208	57	0.56	5.5	22.4	0.0	0.0	17.55	0	1.2758	2.1289	730	733.05	963.28	
826044	56	749.3	816.8	647.5	816.8	477.2	1.06	4.58	0	1,192	57	0.56	5.5	22.4	0.0	0.0	17.46	0	1.2758	2.1422	730	733.05	963.05	
826609	56	749.3	813.8	645.5	813.5	476.8	1.06	4.58	0	1,178	56	0.56	5.5	22.4	0.0	0.0	17.62	0	1.2758	2.1359	730	733.14	963.05	
827175	57	749.4	810.2	643.5	809.8	476.2	1.06	4.58	0	1,153	54	0.56	5.5	22.4	0.0	0.0	17.65	0	1.2758	2.1297	730	733.23	962.66	
827699	57	749.4	807.2	641.8	806.8	475.8	1.25	4.58	0	1,096	51	0.31	5.5	22.4	0.0	0.0	17.98	0	1.2758	2.1367	730	733.35	961.56	
828254	57	749.5	803.8	640.0	803.8	475.5	1.75	4.58	0	1,191	47	0.56	5.5	22.4	0.0	0.0	12.42	0	1.2758	2.1367	730	733.44	958.91	
828807	57	749.5	800.5	638.6	800.5	475.5	1.25	4.58	0	1,160	45	0.56	5.5	22.4	0.0	0.0	12.54	0	1.2758	2.1367	730	733.54	956.33	
829334	57	749.5	798.2	637.0	798.2	474.8	1.56	4.58	0	1,158	44	0.31	5.5	22.4	0.0	0.0	12.26	0	1.2758	2.1367	730	733.63	954.77	
829856	57	749.5	795.5	635.5	794.8	474.8	1.44	4.58	0	1,406	44	1.12	5.5	22.4	0.0	0.0	11.74	0	1.2758	2.1367	730	733.75	954.69	
830396	57	749.4	792.8	633.8	792.5	474.5	0.56	4.58	0	1,452	44	1.12	5.5	22.4	0.0	0.0	17.86	0	1.2758	2.1367	730	733.94	959.06	
830928	57	749.4	789.8	632.2	789.5	473.8	0.69	4.58	0	1,465	43	1.12	5.5	22.4	0.0	0.0	18.59	0	1.2758	2.1367	730	734.03	962.97	
831471	58	749.4	786.8	630.5	786.8	473.5	0.69	4.58	0	1,438	42	1.38	5.5	22.4	0.0	0.0	18.82	0	1.2758	2.1367	730	734.15	965.86	
831991	58	749.4	784.8	629.2	784.5	473.2	0.69	4.58	0	1,419	42	1.12	5.5	22.4	0.0	0.0	18.73	0	1.2758	2.1367	730	734.24	967.19	
832524	58	749.5	782.2	627.3	781.8	472.5	0.69	4.58	0	1,402	41	1.12	5.5	22.4	0.0	0.0	18.87	0	1.2758	2.1367	730	734.33	967.66	
833091	58	749.5	778.8	625.8	778.8	472.2	0.69	4.58	0	1,376	41	1.12	5.5	22.4	0.0	0.0	18.94	0	1.2758	2.1367	730	734.55	967.81	
833675	58	749.6	776.2	624.5	776.2	471.5	0.88	4.58	0	1,344	40	0.81	5.5	22.4	0.0	0.0	18.73	0	1.2758	2.1367	730	734.64	967.34	
834254	58	749.7	773.8	622.5	773.8	471.2	0.88	4.58	0	1,288	38	0.81	5.5	22.4	0.0	0.0	18.75	0	1.2758	2.1367	730	734.73	966.80	
834875	58	749.8	771.5	621.7	771.2	470.8	1.06	4.58	0	1,151	34	0.56	5.5	22.4	0.0	0.0	18.33	0	1.2758	2.1367	730	734.85	964.69	
835413	58	749.9	769.2	619.6	768.8	470.5	1.44	4.58	0	1,035	30	0.31	5.5	22.4	0.0	0.0	18.42	0	1.2758	2.1367	735	734.94	962.73	
835977	58	750.0	766.5	618.5	766.5	469.8	1.44	4.58	0	1,067	29	0.31	5.5	22.4	0.0	0.0	18.19	0	1.2758	2.1367	735	735.04	961.72	
836495	59	750.1	764.2	617.1	764.5	469.5	1.25	4.58	0	1,204	28	0.56	5.5	22.4	0.0	0.0	18.84	0	1.2758	2.1367	735	735.13	962.42	
837026	59	750.2	761.8	615.7	762.2	468.8	0.88	4.58	0	1,328	27	0.81	5.5	22.4	0.0	0.0	19.31	0	1.2758	2.1367	735	735.13	963.98	
837606	59	750.3	760.5	614.6	760.2	468.2	1.44	4.58	0	1,330	27	0.56	5.5	22.4	0.0	0.0	25.08	0	1.2758	2.1367	735	735.25	953.91	
838124	59	750.4	757.8	613.0	757.8	467.8	2.62	4.58	0	1,465	27	3.00	5.5	22.4	0.0	0.0	46.45	0	1.2758	2.1367	735	735.34	965.00	
838628	59	750.3	756.2	611.6	755.8	467.2	3.12	4.58	0	1,485	29	5.44	5.5	22.4	0.0	0.0	55.64	0	1.2758	2.1367	735	735.44	1,003.52	
839191	59	750.0	754.2	610.6	754.2	466.8	3.31	4.58	0	1,539	31	5.94	5.5	22.4	0.0	0.0	57.21	0	1.2758	2.1367	735	735.53	1,038.52	
839712	59	749.6	753.5	609.8	753.5	466.5	3.81	4.58	0	1,632	32	8.94	5.5	22.4	0.0	0.0	60.68	0	1.2758	2.1305	735	735.74	1,022.50	
840243	59	748.8	752.5	609.3	752.5	466.2	4.38	4.58	0	1,715	34	9.50	5.5	22.4	0.0	0.0	58.66	0	1.2758	2.1305	735	735.74	1,044.77	
840803	58	747.7	752.2	609.0	752.2	465.8	5.38	4.58	0	1,809	36	11.06	5.5	22.4	0.0	0.0	65.65	0	1.2758	2.1234	735	735.83	1,100.39	
841311	58	746.6	752.2	609.0	752.5	465.8	6.94	4.58	0	1,874	38	14.06	5.5	22.4	0.0	0.0	68.93	0	1.2758	2.1234	735	735.83	1,136.80	
841863	57	745.5	753.2	609.1	752.8	465.5	5.06	4.58	0	1,567	40	13.25	5.5	22.4	0.0	0.0	80.27	0	1.2758	2.1234	735	735.83	1,225.47	
842409	57	744.6	754.5	609.8	754.5	465.2	5.56	4.58	0	1,472	41	14.06	5.5	22.4	0.0	0.0	87.21	0	1.2758	2.1234	735	735.74	1,259.69	
843038	57	743.8	755.5	610.3	756.5	465.2	5.38	4.58	0	1,495	43	14.31	5.5	22.0	0.0	0.0	96.80	0	1.2758	2.1172	735	735.65	1,332.58	
843562	56	743.3	757.5	611.2	757.8	465.2	8.00	4.58	0	1,549	45	24.06	5.5	22.0	0.0	0.0	109.57	0	1.2758	2.1172	735	735.53	1,430.31	
844141	56	743.0	760.5	612.7	760.8	465.2	9.25	4.58	0	1,627	47	25.69	5.5	22.0	0.0	0.0	106.59	0	1.2758	2.1172	735	735.25	1,418.05	
844677	56	743.0	762.5	613.5	762.8	465.2	9.75	4.58	0	1,689	49	26.75	5.5	22.4	0.0	0.0	105.52	0	1.2758	2.1234	735	735.04	1,452.89	
845193	56	743.4	765.5	615.3	765.5	465.2	10.81	4.58	0	1,739	51	28.38	5.5	22.0	0.0	0.0	108.00	0	1.2758	2.1102	735	734.94	1,444.53	
845725	55	744.1	768.5	616.7	768.8	465.2	4.00	4.58	0	1,794	52	8.38	5.5	22.0	0.0	0.0	34.29	0	1.2758	2.1102	730	734.85	1,077.27	
846268	55	744.6	771.2	618.3	771.5	465.5	1.44	4.58	0	1,780	53	1.62	5.5	22.4	0.0	0.0	14.95	0	1.2758	2.1234	730	734.85	995.23	
846812	54	745.0	774.8	620.1	774.8	466.2	0.56	4.58	0	1,732	52	1.62	5.5	22.0	0.0	0.0	10.17	0	1.2758	2.1172	730	734.85	969.84	
847350	54	745.2	777.8	621.5	777.8	465.8	0.56	4.58	0	1,637	52	1.12	5.5	22.0	0.0	0.0	17.58	0	1.2758	2.1172	730	734.85	964.77	
847888	55	745.5	780.2	623.0	780.5	466.2	0.69	4.58	0	1,362	51	0.81	5.5	22.0	0.0	0.0	17.93	0	1.2758	2.1172	730	734.85	968.98	
848439	55	745.7	782.2	624.0	782.5	466.2	0.88	4.58	0	1,303	51	0.81	5.5	22.0	0.0	0.0	16.90	0	1.2758	2.1172	730	734.85	967.73	
848998	55	745.9	783.5	624.7	783.2	466.2	0.88	4.58	0	1,216	50	0.81	5.5	22.0	0.0	0.0	17.16	0	1.2758	2.1031	730	734.85	966.64	
849515	56	746.1	783.8	625.0	783.8	466.2	1.25	4.58	0	1,045	49	0.31	5.5	22.0	0.0	0.0	16.52	0	1.2758	2.1031	730	734.85	963.44	
850037	56	746.2	784.2	625.3	784.2	466.5	1.25	4.58	0	1,032	49	0.31	5.5	22.0	0.0	0.0	16.66	0	1.2758	2.1031	735	734.94	961.33	
850558	56	746.3	783.8	624.8	783.8	465.8	2.62	4.58	0	1,022	48	0.56	5.5	22.0	0.0	0.0	35.04	0	1.2758	2.1031	735	734.94	946.95	
851080	56	746.5	783.5	624.5	783.5	466.2	3.12	4.58	0	1,300	49	5.12	5.5	22.0	0.0	0.0	63.00	0	1.2758	2.1031	735	735.04	984.14	
851703	57	746.5	782.5	624.3	782.2	465.8	3.50	4.58	0	1,274	49	7.06	5.5	22.0	0.0	0.0	72.82	0	1.2758	2.1109	735	735.04	1,065.00	
852226	57	746.6	782.2	624.2	781.8	466.2	3.69	4.58	0	1,303	50	8.69	5.5	22.0	0.0	0.0	85.90	0	1.2758	2.1109	735	735.13	1,115.31	
852738	57	746.7	781.2	623.6	781.5	465.8	4.88	4.58	0	1,328	51	13.25	5.5	22.0	0.0	0.0	96.77	0	1.2758	2.1039	735	735.25	1,259.69	
853302	57	747.0	780.5	623.5	780.5	466.2	6.44	4.58	0	1,457	52	19.75	5.5	21.6	0.0	0.0	98.62	0	1.2758	2.0977	735	735.25	1,245.62	
853896	56	747.3	781.5	623.8	781.5	466.2	6.25	4.58	0	1,435	54	18.62	5.5	21.6	0.0	0.0	97.03	0	1.2758	2.0977	735	735.34	1,242.81	
854474	56	747.7	781.8	624.0	781.8	466.8	5.94	4.58	0	1,445	55	18.38	5.5	21.6	0.0	0.0	93.63	0	1.2758	2.0977	735	735.44	1,212.89	
855013	56	748.1	783.2	624.6	783.2	466.5	4.69	4.58	0	1,450	56	15.69	5.5	21.6	0.0	0.0	62.32	0	1.2758	2.0977	735	735.53	1,080.31	
855532	56	748.5	784.5	625.8	784.5	466.5	0.69	4.58	0	1,394	56	1.94	5.5	22.0	0.0	0.0	20.37	0	1.2758	2.1117	735	735.65	1,014.14	
856101	55	748.7	785.5	626.0	785.8	467.2	1.44	4.58	0	1,298	56	0.56	5.5	22.0	0.0	0.0	11.53	0	1.2758	2.1047	735	735.74	973.83	
856635	55	748.8	786.8	627.2	787.2	467.2	1.25	4.58	0	1,169	55	0.56	5.5	22.0	0.0	0.0	16.45	0	1.2758	2.0984	735	735.83	963.52	
857163	55	748.9	787.8	627.5	788.2	467.5	0.69	4.58	0	1,163	55	0.56	5.5	22.0	0.0	0.0	39.14	0	1.2758	2.0984	735	735.93	954.22	
857688	56	748.9	788.5	628.0	788.5	467.2	3.81	4.58	0	1,325	55	6.75	5.5	22.0	0.0	0.0	76.59	0	1.2758	2.0984	735	736.05	1,016.09	
858245	56	748.8	789.2	628.3	789.2	467.5	3.81	4.58	0	1,195	56	8.94	5.5	22.0	0.0	0.0	87.16	0	1.2758	2.1055	735	736.14	1,127.11	
858774	56	748.6	789.2	628.1	789.2	467.5	5.06	4.58	0	1,247	57	13.00	5.5	22.0	0.0	0.0	93.59	0	1.2758	2.0992	735	736.23	1,232.42	
859288	56	748.5	789.8	628.6	789.8	467.8	6.94	4.58	0	1,498	57	18.38	5.5	22.0	0.0	0.0	103.43	0	1.2758	2.0992	735	736.44	1,360.55	
859854	56	748.6	790.2	629.2	790.2	467.8	8.00	4.58	0	1,511	59	21.88	5.5	21.6	0.0	0.0	109.83	0	1.2758	2.0922	735	736.54	1,449.61	
860514	56	748.8	790.8	629.8	791.2	468.8	9.38	4.58	0	1,598	60	25.94	5.5	21.6	0.0	0.0	108.49	0	1.2758	2.0922	735	736.63	1,432.66	
861162	56	749.2	791.8	630.7	792.5	468.8	9.56	4.58	0	1,661	62	25.94	5.5	21.6	0.0	0.0	108.47	0	1.2758	2.0992	735	736.84	1,481.41	
861691	56	750.1	793.8	631.6	793.8	469.2	9.94	4.58	0	1,646	64	26.75	5.5	22.0	0.0	0.0	109.69	0	1.2758	2.0992	735	737.03	1,447.27	
862208	55	750.9	795.5	632.3	795.5	469.8	3.69	4.58	0	1,748	65	8.38	5.5	22.0	0.0	0.0	35.02	0	1.2758	2.0992	735	737.24	1,083.52	
862817	55	751.6	797.5	633.8	797.8	470.2	1.06	4.58	0	1,666	65	1.38	5.5	21.6	0.0	0.0	13.45	0	1.2758	2.0922	735	737.43	990.08	
863345	54	751.9	799.8	634.8	799.5	470.5	1.56	4.58	0	1,649	65	1.62	5.5	21.6	0.0	0.0	30.94	0	1.2758	2.0922	735	737.55	966.33	
863921	55	752.2	801.5	636.1	801.5	471.2	4.00	4.58	0	1,716	65	7.56	5.5	21.6	0.0	0.0	63.61	0	1.2758	2.1063	735	737.85	1,039.38	
864450	55	752.4	802.8	636.8	802.8	471.5	7.12	4.58	0	1,711	66	15.69	5.5	22.0	0.0	0.0	93.73	0	1.2758	2.1000	735	738.04	1,256.02	
864965	55	752.6	803.8	637.6	803.8	471.8	6.25	4.58	0	1,702	67	15.94	5.5	22.0	0.0	0.0	43.08	0	1.2758	2.1000	735	738.34	1,104.45	
865558	55	752.7	804.5	638.1	804.5	471.5	0.88	4.58	0	1,747	67	1.38	5.5	21.6	0.0	0.0	17.58	0	1.2758	2.0930	735	738.53	998.59	
866120	55	752.7	805.8	638.8	805.8	472.5	1.25	4.58	0	1,321	66	0.56	5.5	22.0	0.0	0.0	10.45	0	1.2758	2.1070	735	738.74	969.14	
866676	55	752.7	806.8	639.5	806.8	472.5	1.06	4.58	0	1,296	66	0.81	5.5	22.0	0.0	0.0	16.83	0	1.2758	2.1000	735	738.83	962.11	
867198	55	752.7	807.2	639.8	806.8	472.8	0.88	4.58	0	1,282	65	0.56	5.5	21.6	0.0	0.0	16.50	0	1.2758	2.0859	735	739.05	965.62	
867780	55	752.8	806.8	639.6	806.8	473.2	0.88	4.58	0	1,300	64	0.81	5.5	21.6	0.0	0.0	16.45	0	1.2758	2.0859	735	739.23	966.17	
868337	56	752.8	806.2	639.3	805.8	473.2	0.88	4.58	0	1,301	64	0.81	5.5	21.6	0.0	0.0	16.80	0	1.2758	2.0859	735	739.35	965.62	
868933	56	752.8	805.2	639.3	804.8	473.2	0.88	4.58	0	1,293	63	0.81	5.5	21.6	0.0	0.0	16.73	0	1.2758	2.0859	735	739.44	965.78	
869467	56	752.8	803.8	638.8	803.5	473.2	0.88	4.58	0	1,283	62	1.12	5.5	21.6	0.0	0.0	20.58	0	1.2758	2.0859	735	739.63	952.58	
870050	56	752.7	801.5	637.1	801.2	473.2	3.00	4.58	0	1,406	62	4.88	5.5	21.6	0.0	0.0	60.00	0	1.2758	2.0938	735	739.84	984.69	
870615	57	752.5	799.8	636.8	799.5	473.5	3.69	4.58	0	1,400	63	7.31	5.5	21.6	0.0	0.0	64.64	0	1.2758	2.0867	740	739.94	1,050.39	
871152	57	752.0	798.2	636.0	798.2	473.5	3.00	4.58	0	1,340	64	5.94	5.5	21.6	0.0	0.0	53.62	0	1.2758	2.0805	740	740.15	1,069.92	
871670	57	751.6	797.2	635.5	796.8	473.8	1.75	4.58	0	1,332	64	1.94	5.5	21.6	0.0	0.0	54.84	0	1.2758	2.0945	740	740.24	1,023.12	
872200	57	751.0	795.8	634.6	795.5	473.8	3.50	4.58	0	1,573	64	7.06	5.5	21.6	0.0	0.0	61.71	0	1.2758	2.0875	740	740.43	1,048.83	
872760	57	750.2	794.8	634.3	794.5	473.8	1.75	4.58	0	1,303	64	3.25	5.5	21.6	0.0	0.0	22.64	0	1.2758	2.0875	740	740.55	999.84	
873299	57	749.4	794.2	634.1	793.8	473.8	1.06	4.58	0	1,347	64	1.12	5.5	21.6	0.0	0.0	13.24	0	1.2758	2.0875	740	740.64	970.94	
873848	56	748.8	793.5	633.6	793.2	474.2	0.19	4.58	0	1,323	63	0.56	5.5	21.6	0.0	0.0	15.47	0	1.2758	2.0875	740	740.73	961.80	
874378	57	748.1	792.8	633.3	792.5	473.5	1.56	4.58	0	1,318	63	1.12	5.5	21.6	0.0	0.0	34.50	0	1.2758	2.0875	740	740.85	955.23	
874967	57	747.4	792.2	632.8	791.8	473.8	3.00	4.58	0	1,387	63	4.88	5.5	21.6	0.0	0.0	61.80	0	1.2758	2.0875	740	741.04	989.22	
875508	57	746.4	791.2	632.5	790.8	473.8	3.69	4.58	0	1,358	63	7.56	5.5	21.6	0.0	0.0	70.43	0	1.2758	2.0875	740	741.13	1,063.36	
876029	57	745.7	789.8	631.8	789.5	473.5	4.19	4.58	0	1,369	64	10.81	5.5	21.6	0.0	0.0	90.56	0	1.2758	2.0875	740	741.13	1,169.61	
876569	57	744.9	788.8	631.1	788.8	473.8	6.12	4.58	0	1,371	64	17.00	5.5	21.6	0.0	0.0	105.70	0	1.2758	2.0875	740	741.13	1,345.23	
877095	57	744.2	788.5	631.0	788.5	474.2	8.50	4.58	0	1,478	65	24.56	5.5	21.6	0.0	0.0	109.62	0	1.2758	2.0875	740	740.94	1,372.97	
877703	57	743.7	788.5	631.1	788.2	473.8	7.69	4.58	0	1,466	67	21.88	5.5	21.6	0.0	0.0	105.19	0	1.2758	2.0875	740	740.73	1,479.69	
878263	57	743.4	788.5	631.3	788.5	474.2	11.31	4.58	0	1,775	68	30.81	5.5	21.2	0.0	0.0	118.66	0	1.2758	2.0805	740	740.43	1,586.02	
878820	56	743.3	789.5	631.8	789.2	474.5	12.69	4.58	0	1,816	70	32.12	5.5	21.6	0.0	0.0	116.13	0	1.2758	2.0805	740	740.15	1,580.23	
879348	56	743.6	789.8	632.0	790.5	474.8	13.56	4.58	0	1,844	71	34.88	5.5	21.6	0.0	0.0	115.36	0	1.2758	2.0867	740	739.94	1,558.75	
879869	56	744.0	791.8	633.1	791.5	474.8	14.25	4.58	0	1,885	73	35.38	5.5	21.6	0.0	0.0	117.42	0	1.2758	2.0797	735	739.63	1,567.03	
880470	55	744.9	793.8	634.3	793.5	475.5	14.75	4.58	0	1,949	74	36.50	5.5	21.6	0.0	0.0	117.30	0	1.2758	2.0859	735	739.44	1,582.34	
880997	55	746.1	796.2	635.8	796.2	475.8	15.31	4.58	0	1,974	76	38.06	5.5	21.6	0.0	0.0	118.85	0	1.2758	2.0789	735	739.23	1,578.98	
881530	55	747.5	798.2	637.3	798.5	476.5	15.50	4.58	0	1,998	77	38.88	5.5	21.6	0.0	0.0	116.06	0	1.2758	2.0859	735	739.23	1,574.53	
882061	55	749.1	800.8	638.6	801.2	477.2	16.00	4.58	0	2,048	79	40.00	5.5	21.6	0.0	0.0	117.12	0	1.2758	2.0859	735	739.35	1,584.61	
882644	55	751.3	803.8	640.5	804.2	477.5	16.19	4.58	0	2,090	80	41.88	5.5	21.6	0.0	0.0	115.95	0	1.2758	2.0922	735	739.54	1,473.91	
883173	54	753.4	807.2	642.6	807.2	478.5	13.75	4.58	0	2,115	82	33.50	5.5	21.6	0.0	0.0	100.20	0	1.2758	2.0922	735	739.84	1,413.91	
883751	54	756.2	810.5	644.5	810.5	479.2	14.06	4.58	0	2,145	83	35.94	5.5	21.6	0.0	0.0	103.59	0	1.2758	2.0922	740	740.33	1,427.42	
884277	54	759.0	813.8	646.1	813.8	480.2	14.44	4.58	0	2,200	84	37.56	5.5	21.6	0.0	0.0	106.36	0	1.2758	2.0922	740	740.94	1,475.31	
884889	54	762.0	816.8	648.3	817.2	480.5	15.31	4.58	0	2,223	86	40.50	5.5	21.6	0.0	0.0	107.11	0	1.2758	2.0859	740	741.93	1,474.77	
885431	54	765.1	820.2	650.8	820.5	481.5	15.62	4.58	0	2,250	87	41.06	5.5	21.6	0.0	0.0	106.12	0	1.2758	2.0859	740	742.84	1,461.88	
885981	54	768.1	823.2	652.5	823.5	482.5	15.62	4.58	0	2,291	88	41.62	5.5	22.0	0.0	0.0	106.10	0	1.2758	2.1000	740	743.73	1,447.50	
886588	54	771.2	826.5	655.0	826.5	483.5	10.94	4.58	0	2,298	89	27.00	5.5	21.6	0.0	0.0	60.12	0	1.2758	2.0930	745	745.35	1,071.41	
887098	54	773.8	829.2	657.0	829.5	484.2	4.56	4.58	0	2,076	89	6.75	5.5	21.6	0.0	0.0	27.73	0	1.2758	2.0930	745	746.24	996.48	
887616	53	776.0	831.8	658.1	832.5	484.8	0.69	4.58	0	1,861	88	1.12	5.5	21.6	0.0	0.0	11.58	0	1.2758	2.0930	745	746.94	964.22	
888185	53	777.6	834.8	659.5	834.8	485.5	1.06	4.58	0	1,751	88	1.38	5.5	21.6	0.0	0.0	15.26	0	1.2758	2.0922	745	747.74	959.45	
888738	54	778.8	836.2	660.8	836.2	486.2	0.56	4.58	0	1,824	86	1.38	5.5	21.6	0.0	0.0	16.92	0	1.2758	2.0852	745	748.35	960.31	
889287	54	779.9	837.2	661.8	837.5	486.2	0.56	4.58	0	1,768	85	1.38	5.5	21.6	0.0	0.0	16.97	0	1.2758	2.0984	745	749.03	968.05	
889837	55	780.9	837.5	662.1	837.8	487.2	0.38	4.58	0	1,523	85	1.38	5.5	21.6	0.0	0.0	16.83	0	1.2758	2.0914	745	749.55	968.91	
890379	55	781.6	837.2	662.3	837.2	487.2	0.56	4.58	0	1,476	83	1.38	5.5	21.6	0.0	0.0	16.57	0	1.2758	2.0844	750	750.04	968.59	
890899	55	782.4	836.5	662.1	836.5	488.2	1.44	4.58	0	1,479	83	1.12	5.5	21.6	0.0	0.0	24.68	0	1.2758	2.0906	750	750.65	950.47	
891441	56	783.1	834.8	661.3	834.8	487.8	3.31	4.58	0	1,598	82	5.94	5.5	21.6	0.0	0.0	57.09	0	1.2758	2.0836	750	751.23	1,000.70	
891997	56	783.8	833.5	661.0	833.8	488.2	6.81	4.58	0	1,759	82	14.88	5.5	21.6	0.0	0.0	90.82	0	1.2758	2.0969	750	752.03	1,207.34	
892579	56	784.5	832.2	660.5	832.2	488.5	5.25	4.58	0	1,711	82	14.31	5.5	21.6	0.0	0.0	43.66	0	1.2758	2.0906	750	752.73	1,080.39	
893129	56	785.0	830.8	660.0	830.8	488.8	0.38	4.58	0	1,692	82	1.38	5.5	21.6	0.0	0.0	13.97	0	1.2758	2.0844	750	753.34	993.44	
893658	56	785.2	829.8	659.5	829.8	489.2	1.06	4.58	0	1,636	81	1.94	5.5	21.6	0.0	0.0	15.54	0	1.2758	2.0977	750	753.83	970.86	
894173	56	785.4	829.2	659.3	829.2	489.2	0.38	4.58	0	1,627	80	1.38	5.5	21.6	0.0	0.0	17.30	0	1.2758	2.0977	750	754.23	964.14	
894898	56	785.5	827.8	658.7	827.8	489.2	0.56	4.58	0	1,447	79	1.12	5.5	21.6	0.0	0.0	17.77	0	1.2758	2.0914	750	754.84	968.36	
895417	56	785.7	826.8	658.3	826.5	489.5	0.56	4.58	0	1,387	78	1.12	5.5	21.6	0.0	0.0	16.95	0	1.2758	2.0914	755	755.24	968.05	
895928	57	785.8	824.8	657.2	824.8	489.2	0.56	4.58	0	1,368	77	1.12	5.5	21.6	0.0	0.0	17.06	0	1.2758	2.0914	755	755.55	967.66	
896498	57	785.8	822.8	656.3	822.8	489.5	0.69	4.58	0	1,334	76	0.81	5.5	21.6	0.0	0.0	16.95	0	1.2758	2.0844	755	755.94	966.80	
897027	57	785.8	821.2	655.2	820.5	489.2	0.69	4.58	0	1,318	75	0.81	5.5	21.6	0.0	0.0	17.39	0	1.2758	2.0844	755	756.25	966.09	
897562	57	785.9	818.5	654.3	818.2	489.2	0.69	4.58	0	1,303	74	0.81	5.5	21.2	0.0	0.0	17.44	0	1.2758	2.0781	755	756.53	965.62	
898077	57	785.9	816.5	652.8	816.5	488.8	0.69	4.58	0	1,284	73	1.12	5.5	21.6	0.0	0.0	17.93	0	1.2758	2.0914	755	756.83	954.77	
898613	58	785.8	813.8	651.6	813.8	488.5	2.81	4.58	0	1,564	73	5.12	5.5	21.6	0.0	0.0	57.05	0	1.2758	2.0852	755	757.35	973.98	
899170	58	785.5	811.5	650.1	810.8	488.5	7.12	4.58	0	1,715	73	15.69	5.5	21.6	0.0	0.0	88.34	0	1.2758	2.0789	755	757.75	1,216.72	
899698	58	785.1	808.8	649.3	808.5	488.2	12.00	4.58	0	1,901	73	28.38	5.5	21.6	0.0	0.0	117.52	0	1.2758	2.0789	755	758.24	1,599.22	
900266	58	784.5	807.2	648.0	807.2	488.5	16.88	4.58	0	1,911	74	42.69	5.5	21.6	0.0	0.0	135.21	0	1.2758	2.0789	755	758.73	1,791.48	
900813	57	783.4	806.2	647.6	806.5	488.5	19.31	4.58	0	1,972	76	49.44	5.5	21.2	0.0	0.0	134.65	0	1.2758	2.0781	755	759.34	1,793.12	
901392	57	781.7	806.2	647.1	806.2	488.5	19.62	4.58	0	2,016	78	50.00	5.5	21.2	0.0	0.0	134.11	0	1.2758	2.0773	755	759.74	1,774.69	
901965	56	780.1	806.8	647.6	807.2	488.8	20.00	4.58	0	2,059	80	52.12	5.5	21.2	0.0	0.0	132.09	0	1.2758	2.0836	760	760.05	1,780.08	
902549	56	778.3	808.2	648.8	808.2	489.5	20.00	4.58	0	2,080	81	53.75	5.5	21.6	0.0	0.0	133.03	0	1.2758	2.0828	760	760.35	1,817.34	
903122	55	776.8	810.5	650.0	810.8	490.2	21.38	4.58	0	2,138	83	57.81	5.5	21.6	0.0	0.0	133.24	0	1.2758	2.0820	760	760.54	1,817.81	
903789	55	775.7	813.8	651.5	813.8	490.2	21.88	4.58	0	2,187	85	59.69	5.5	21.6	0.0	0.0	128.09	0	1.2758	2.0883	760	760.75	1,575.00	
904332	55	775.0	816.5	653.3	817.2	490.8	15.12	4.58	0	2,205	86	21.88	5.5	21.6	0.0	0.0	36.14	0	1.2758	2.0945	760	760.84	1,073.75	
904884	54	774.9	820.5	655.3	820.8	491.5	-2.00	4.58	0	2,114	85	0.81	5.5	21.6	0.0	0.0	19.50	0	1.2758	2.0945	760	760.84	986.80	
905401	53	774.9	824.2	657.8	824.5	492.2	0.38	4.58	0	1,652	84	1.38	5.5	21.6	0.0	0.0	16.83	0	1.2758	2.0945	760	760.84	970.70	
905972	54	774.9	827.8	660.0	827.8	492.2	0.56	4.58	0	1,687	83	1.38	5.5	21.6	0.0	0.0	16.95	0	1.2758	2.0875	760	760.94	963.75	
906503	54	774.9	830.2	661.3	830.5	492.5	0.38	4.58	0	1,621	82	1.38	5.5	21.6	0.0	0.0	17.27	0	1.2758	2.0875	760	760.94	961.17	
907017	55	774.9	832.2	662.5	832.2	492.8	0.56	4.58	0	1,437	81	1.12	5.5	21.6	0.0	0.0	16.57	0	1.2758	2.0938	760	760.94	967.11	
907535	55	775.0	832.8	663.0	833.2	493.5	0.56	4.58	0	1,426	80	1.12	5.5	21.6	0.0	0.0	16.99	0	1.2758	2.0930	760	760.94	967.19	
908103	55	775.0	833.5	663.3	833.5	493.5	0.69	4.58	0	1,395	79	1.12	5.5	22.0	0.0	0.0	16.90	0	1.2758	2.0859	760	760.94	966.25	
908656	55	775.1	833.5	663.5	833.2	493.8	0.69	4.58	0	1,375	78	1.12	5.5	21.6	0.0	0.0	15.54	0	1.2758	2.0922	760	760.94	963.20	
909114	56	775.2	832.8	663.1	832.8	493.5	2.44	4.58	0	1,422	78	2.19	5.5	22.0	0.0	0.0	46.85	0	1.2758	2.0984	760	760.84	962.97	
909625	56	775.3	831.8	662.8	831.5	493.5	3.50	4.58	0	1,439	77	7.06	5.5	22.0	0.0	0.0	62.65	0	1.2758	2.0984	760	760.84	1,018.28	
910139	57	775.3	830.8	662.3	830.5	493.5	3.81	4.58	0	1,397	77	8.12	5.5	22.0	0.0	0.0	83.18	0	1.2758	2.0984	760	760.84	1,090.94	
910718	57	775.6	829.8	661.8	829.5	493.8	5.56	4.58	0	1,392	77	15.69	5.5	22.0	0.0	0.0	101.91	0	1.2758	2.0984	760	760.84	1,291.25	
911235	56	776.3	829.2	661.3	829.2	493.8	7.50	4.58	0	1,459	78	21.88	5.5	21.6	0.0	0.0	104.98	0	1.2758	2.0922	760	760.94	1,315.86	
911755	56	777.2	828.8	661.5	828.8	494.2	6.81	4.58	0	1,364	78	19.19	5.5	22.0	0.0	0.0	106.36	0	1.2758	2.0992	760	761.03	1,390.31	
912385	56	778.3	829.2	661.8	829.2	493.8	9.06	4.58	0	1,562	79	24.31	5.5	22.0	0.0	0.0	110.13	0	1.2758	2.0992	760	761.33	1,533.98	
912918	56	779.5	829.5	662.0	829.8	494.5	11.62	4.58	0	1,701	79	30.50	5.5	21.6	0.0	0.0	118.83	0	1.2758	2.0859	760	761.64	1,596.72	
913521	56	781.2	830.5	662.1	830.5	494.5	12.19	4.58	0	1,705	80	31.88	5.5	21.6	0.0	0.0	115.83	0	1.2758	2.0859	760	762.04	1,634.06	
914088	55	783.0	832.2	663.7	832.5	494.8	12.88	4.58	0	1,715	81	33.75	5.5	21.6	0.0	0.0	116.32	0	1.2758	2.0922	760	762.53	1,545.55	
914622	55	784.5	834.2	664.6	834.5	495.5	12.69	4.58	0	1,806	82	32.94	5.5	21.6	0.0	0.0	107.09	0	1.2758	2.0922	760	763.05	1,396.64	
915237	54	786.1	836.2	666.0	836.5	496.2	3.12	4.58	0	1,689	82	6.50	5.5	21.6	0.0	0.0	28.48	0	1.2758	2.0922	760	763.63	1,063.83	
915773	54	787.1	839.2	667.3	839.2	496.2	1.25	4.58	0	1,756	81	1.38	5.5	21.6	0.0	0.0	12.40	0	1.2758	2.0922	760	764.03	985.70	
916333	53	787.9	841.5	668.8	841.5	496.5	-0.06	4.58	0	1,652	80	1.12	5.5	21.6	0.0	0.0	16.36	0	1.2758	2.0859	760	764.43	967.50	
916906	54	788.5	843.5	670.0	843.5	496.5	0.38	4.58	0	1,661	79	1.38	5.5	21.6	0.0	0.0	17.09	0	1.2758	2.0922	760	764.85	962.27	
917462	54	789.1	844.5	670.8	844.5	496.8	0.56	4.58	0	1,423	78	1.38	5.5	21.6	0.0	0.0	17.09	0	1.2758	2.0922	765	765.13	959.84	
917992	54	789.5	844.8	671.0	844.8	497.2	0.69	4.58	0	1,363	77	1.12	5.5	21.6	0.0	0.0	18.91	0	1.2758	2.0797	765	765.44	965.86	
918506	55	789.9	844.5	671.0	844.8	497.2	1.94	4.58	0	1,352	76	1.62	5.5	21.6	0.0	0.0	46.92	0	1.2758	2.0852	765	765.65	957.50	
919032	55	790.2	844.2	670.7	843.8	497.2	3.69	4.58	0	1,443	76	7.06	5.5	21.6	0.0	0.0	64.78	0	1.2758	2.0852	765	765.93	1,019.06	
919579	56	790.3	843.2	670.3	843.5	497.5	4.69	4.58	0	1,347	76	10.25	5.5	21.6	0.0	0.0	82.62	0	1.2758	2.0797	765	766.44	1,078.75	
920106	56	790.3	842.5	669.8	842.5	496.8	2.25	4.58	0	1,359	76	5.12	5.5	21.6	0.0	0.0	30.84	0	1.2758	2.0922	765	766.75	1,034.69	
920767	55	790.3	841.8	669.5	842.2	497.5	1.25	4.58	0	1,324	75	0.81	5.5	21.6	0.0	0.0	13.38	0	1.2758	2.0859	765	767.03	972.58	
921287	55	790.2	840.8	669.2	841.2	497.2	0.69	4.58	0	1,271	74	0.31	5.5	21.6	0.0	0.0	14.77	0	1.2758	2.0859	765	767.24	961.09	
921794	55	790.0	840.5	668.8	840.5	497.2	2.25	4.58	0	1,307	73	0.81	5.5	21.6	0.0	0.0	25.45	0	1.2758	2.0859	765	767.55	948.05	
922320	56	789.8	839.5	668.1	839.2	497.2	3.50	4.58	0	1,477	73	5.69	5.5	21.6	0.0	0.0	59.98	0	1.2758	2.0797	765	767.85	982.27	
922900	56	789.3	838.2	667.3	837.8	497.2	4.56	4.58	0	1,526	72	10.25	5.5	21.6	0.0	0.0	87.16	0	1.2758	2.0867	765	768.25	1,136.95	
923416	56	788.8	836.8	666.6	836.8	496.5	7.69	4.58	0	1,613	73	20.56	5.5	21.6	0.0	0.0	108.87	0	1.2758	2.0867	765	768.53	1,355.23	
923987	56	788.2	835.8	666.0	835.8	496.8	8.50	4.58	0	1,557	73	25.12	5.5	21.6	0.0	0.0	106.59	0	1.2758	2.0805	765	768.83	1,380.70	
924529	56	787.8	835.5	666.1	835.5	496.8	9.25	4.58	0	1,620	74	25.12	5.5	21.6	0.0	0.0	105.98	0	1.2758	2.0805	765	769.14	1,407.19	
925051	56	787.6	835.5	666.1	835.5	497.2	8.69	4.58	0	1,566	74	24.56	5.5	21.6	0.0	0.0	106.15	0	1.2758	2.0867	765	769.35	1,419.53	
925628	55	787.4	835.8	666.1	835.8	496.5	9.06	4.58	0	1,606	75	25.94	5.5	21.6	0.0	0.0	108.80	0	1.2758	2.0867	765	769.63	1,428.83	
926156	55	787.4	836.5	666.6	836.5	496.8	9.38	4.58	0	1,616	76	25.69	5.5	21.2	0.0	0.0	105.87	0	1.2758	2.0734	765	769.84	1,436.25	
926722	55	787.6	838.2	667.3	838.2	497.2	9.56	4.58	0	1,620	76	26.50	5.5	21.6	0.0	0.0	108.35	0	1.2758	2.0797	770	770.15	1,408.12	
927258	55	787.9	839.5	668.3	839.5	497.5	3.69	4.58	0	1,689	76	9.75	5.5	21.6	0.0	0.0	32.95	0	1.2758	2.0797	770	770.33	1,081.17	
927788	54	788.0	841.2	669.3	841.2	496.8	1.06	4.58	0	1,584	76	1.38	5.5	21.6	0.0	0.0	14.13	0	1.2758	2.0867	770	770.55	993.05	
928355	54	788.0	843.5	670.5	843.5	497.5	0.00	4.58	0	1,561	75	1.12	5.5	21.6	0.0	0.0	13.78	0	1.2758	2.0867	770	770.73	967.50	
928872	54	788.0	844.8	670.8	844.8	497.8	0.38	4.58	0	1,551	74	1.12	5.5	21.6	0.0	0.0	16.78	0	1.2758	2.0867	770	770.85	961.41	
929492	54	788.0	845.8	671.5	845.5	497.8	0.88	4.58	0	1,452	73	1.12	5.5	21.6	0.0	0.0	22.27	0	1.2758	2.0734	770	771.04	955.78	
930027	55	787.9	845.5	672.0	845.5	497.5	3.31	4.58	0	1,385	72	6.50	5.5	21.2	0.0	0.0	67.69	0	1.2758	2.0734	770	771.13	1,009.92	
930535	55	787.5	845.5	671.6	845.2	497.8	3.81	4.58	0	1,282	73	8.94	5.5	21.6	0.0	0.0	86.11	0	1.2758	2.0867	770	771.34	1,110.39	
931091	55	787.2	844.8	671.3	844.8	497.5	6.94	4.58	0	1,568	73	17.56	5.5	21.6	0.0	0.0	101.72	0	1.2758	2.0805	770	771.44	1,318.75	
931615	55	786.9	844.8	671.0	844.8	498.2	12.88	4.58	0	1,959	73	32.69	5.5	21.6	0.0	0.0	114.91	0	1.2758	2.0742	770	771.53	1,478.59	
932133	55	786.7	844.5	671.0	844.2	497.8	13.19	4.58	0	1,910	74	31.62	5.5	21.2	0.0	0.0	104.11	0	1.2758	2.0742	770	771.65	1,433.75	
932704	55	786.4	844.5	671.1	844.5	497.8	13.38	4.58	0	1,948	75	31.88	5.5	21.6	0.0	0.0	106.10	0	1.2758	2.0805	770	771.74	1,446.33	
933228	55	786.3	845.2	671.6	845.5	498.2	13.56	4.58	0	1,969	76	32.94	5.5	21.6	0.0	0.0	102.75	0	1.2758	2.0805	770	771.83	1,355.00	
933758	54	786.4	846.5	672.2	846.8	498.5	12.00	4.58	0	1,996	77	27.56	5.5	21.2	0.0	0.0	89.39	0	1.2758	2.0734	770	771.93	1,219.45	
934318	54	786.6	848.2	673.3	848.2	498.8	3.81	4.58	0	1,950	77	3.50	5.5	21.2	0.0	0.0	25.38	0	1.2758	2.0734	770	772.05	1,009.61	
934830	53	786.7	849.8	674.1	850.2	498.5	0.56	4.58	0	1,592	77	1.12	5.5	21.6	0.0	0.0	12.38	0	1.2758	2.0805	770	772.14	972.19	
935373	53	786.8	851.5	675.5	851.8	499.2	0.69	4.58	0	1,554	76	0.81	5.5	21.6	0.0	0.0	16.52	0	1.2758	2.0805	770	772.14	961.72	
935920	53	786.8	852.8	675.8	852.8	499.2	0.56	4.58	0	1,578	75	1.12	5.5	21.6	0.0	0.0	16.90	0	1.2758	2.0805	770	772.23	958.91	
936473	54	786.8	853.5	676.2	853.5	499.5	0.69	4.58	0	1,381	74	1.12	5.5	21.2	0.0	0.0	16.57	0	1.2758	2.0672	770	772.23	964.38	
936983	54	786.8	853.5	676.3	853.2	499.2	0.88	4.58	0	1,298	74	0.81	5.5	21.2	0.0	0.0	16.69	0	1.2758	2.0672	770	772.23	963.52	
937521	55	786.8	852.8	675.8	853.2	498.8	0.88	4.58	0	1,288	72	0.56	5.5	21.2	0.0	0.0	16.55	0	1.2758	2.0672	770	772.35	963.12	
938187	55	786.7	851.8	675.1	851.5	498.8	0.88	4.58	0	1,260	72	0.81	5.5	21.2	0.0	0.0	16.71	0	1.2758	2.0734	770	772.35	962.19	
938696	55	786.7	849.8	674.5	849.5	498.5	0.88	4.58	0	1,247	71	0.56	5.5	21.2	0.0	0.0	16.88	0	1.2758	2.0734	770	772.35	961.88	
939260	55	786.6	847.5	673.3	847.5	498.5	1.06	4.58	0	1,228	70	0.56	5.5	21.2	0.0	0.0	16.83	0	1.2758	2.0609	770	772.35	961.88	
939808	56	786.6	845.5	672.0	845.5	498.2	1.06	4.58	0	1,209	69	0.56	5.5	21.2	0.0	0.0	17.18	0	1.2758	2.0672	770	772.44	961.09	
940337	56	786.5	843.5	670.8	843.2	498.2	1.06	4.58	0	1,180	66	0.56	5.5	21.2	0.0	0.0	16.80	0	1.2758	2.0672	770	772.44	960.31	
940869	56	786.4	840.8	669.7	840.5	498.2	1.25	4.58	0	1,288	62	0.56	5.5	21.2	0.0	0.0	13.24	0	1.2758	2.0617	770	772.44	957.73	
941409	56	786.3	838.5	668.0	838.2	497.5	1.25	4.58	0	1,207	58	0.56	5.5	21.2	0.0	0.0	16.80	0	1.2758	2.0617	770	772.54	958.75	
942000	57	786.2	835.2	666.2	835.2	496.8	1.25	4.58	0	1,135	54	0.56	5.5	20.8	0.0	0.0	17.09	0	1.2758	2.0555	770	772.63	958.12	
942528	57	786.1	832.5	665.0	832.5	497.2	1.44	4.58	0	1,044	49	0.56	5.5	21.2	0.0	0.0	13.12	0	1.2758	2.0680	770	772.63	956.95	
943058	57	786.0	829.8	663.3	829.5	496.5	1.44	4.58	0	1,141	44	0.31	5.5	21.2	0.0	0.0	11.84	0	1.2758	2.0617	770	772.75	954.06	
943578	57	785.9	826.8	662.0	826.5	496.2	1.25	4.58	0	1,077	40	0.31	5.5	20.8	0.0	0.0	12.80	0	1.2758	2.0555	770	772.84	952.27	
944122	57	785.7	824.2	659.6	823.5	495.8	1.06	4.58	0	984	36	0.00	5.5	21.2	0.0	0.0	13.50	0	1.2758	2.0625	770	773.03	950.39	
944634	58	785.6	821.5	658.5	820.8	495.2	1.44	4.58	0	1,191	35	0.31	5.5	21.2	0.0	0.0	12.42	0	1.2758	2.0625	770	773.15	950.00	
945170	58	785.4	818.2	656.8	818.2	494.8	1.44	4.58	0	1,184	35	0.00	5.5	20.8	0.0	0.0	16.76	0	1.2758	2.0563	770	773.24	951.41	
945730	58	785.2	815.2	655.0	815.2	494.2	1.25	4.58	0	1,141	33	0.31	5.5	20.8	0.0	0.0	17.37	0	1.2758	2.0563	770	773.43	953.44	
946342	58	785.1	812.2	653.3	812.2	493.8	1.75	4.58	0	1,140	32	0.56	5.5	20.8	0.0	0.0	14.04	0	1.2758	2.0563	770	773.55	950.31	
946884	58	785.0	809.2	651.6	808.8	493.5	2.12	4.58	0	1,493	31	2.19	5.5	20.8	0.0	0.0	34.24	0	1.2758	2.0563	770	773.73	950.47	
947395	58	784.6	805.8	649.3	805.8	492.5	3.00	4.58	0	1,571	31	4.31	5.5	20.8	0.0	0.0	54.84	0	1.2758	2.0563	770	773.85	971.64	
947913	59	784.2	803.5	648.0	803.5	492.5	3.50	4.58	0	1,614	32	8.69	5.5	20.8	0.0	0.0	52.24	0	1.2758	2.0563	770	773.94	986.48	
948464	59	783.4	801.5	647.0	801.5	492.2	3.50	4.58	0	1,673	33	5.94	5.5	20.8	0.0	0.0	50.18	0	1.2758	2.0563	770	773.94	1,028.83	
948977	58	782.4	799.8	646.0	799.5	491.2	3.50	4.58	0	1,716	34	5.69	5.5	20.8	0.0	0.0	43.55	0	1.2758	2.0500	770	774.04	1,042.73	
949507	58	781.3	798.5	644.8	798.5	491.2	2.44	4.58	0	1,752	35	3.25	5.5	21.2	0.0	0.0	33.42	0	1.2758	2.0625	770	774.04	1,024.30	
950048	58	780.1	797.8	644.5	798.2	491.2	0.19	4.58	0	1,671	35	2.19	5.5	20.8	0.0	0.0	14.04	0	1.2758	2.0563	770	774.04	979.38	
950569	58	779.2	797.5	644.0	797.5	490.2	1.25	4.58	0	1,715	35	1.38	5.5	20.8	0.0	0.0	11.98	0	1.2758	2.0500	770	774.04	963.12	
951160	58	778.1	797.5	643.7	797.5	490.2	0.69	4.58	0	1,662	34	0.00	5.5	20.8	0.0	0.0	16.85	0	1.2758	2.0563	770	774.04	956.95	
951715	58	777.3	797.2	643.3	796.8	489.2	0.56	4.58	0	1,544	33	1.38	5.5	20.8	0.0	0.0	18.91	0	1.2758	2.0500	770	774.04	956.95	
952243	58	776.5	796.8	643.0	796.5	489.2	1.06	4.58	0	1,170	32	0.81	5.5	20.8	0.0	0.0	18.21	0	1.2758	2.0438	770	773.94	960.62	
952798	58	775.8	795.5	642.5	795.5	488.5	1.44	4.58	0	1,065	31	0.31	5.5	20.8	0.0	0.0	17.41	0	1.2758	2.0438	770	773.94	958.91	
953350	58	775.1	794.8	641.5	794.5	488.2	1.44	4.58	0	1,048	30	0.00	5.5	20.8	0.0	0.0	17.70	0	1.2758	2.0438	770	773.94	957.50	
953903	58	774.6	793.5	640.6	793.5	487.5	1.44	4.58	0	1,016	29	0.56	5.5	20.8	0.0	0.0	17.48	0	1.2758	2.0438	770	773.94	956.09	
954421	58	774.1	792.5	640.0	792.2	487.2	1.44	4.58	0	973	28	0.56	5.5	20.8	0.0	0.0	12.98	0	1.2758	2.0438	770	773.94	953.98	
955037	58	773.6	790.8	639.0	790.5	487.2	1.25	4.58	0	1,015	25	0.31	5.5	20.8	0.0	0.0	11.70	0	1.2758	2.0438	770	773.85	951.64	
955560	59	773.1	789.2	637.8	789.2	486.5	1.56	4.58	0	1,147	23	0.31	5.5	20.8	0.0	0.0	13.17	0	1.2758	2.0438	770	773.85	950.70	
956097	59	772.5	787.2	636.8	786.8	485.8	1.44	4.58	0	926	20	0.31	5.5	20.8	0.0	0.0	15.84	0	1.2758	2.0438	770	773.85	948.91	
956610	59	772.1	785.5	635.8	785.5	485.5	1.56	4.58	0	947	19	0.56	5.5	20.8	0.0	0.0	18.30	0	1.2758	2.0438	770	773.73	948.36	
957172	59	771.5	783.5	634.5	783.2	484.8	1.44	4.58	0	954	19	0.31	5.5	20.8	0.0	0.0	17.84	0	1.2758	2.0438	770	773.73	947.34	
957679	59	771.0	781.5	633.3	781.5	484.5	1.44	4.58	0	936	18	0.31	5.5	20.8	0.0	0.0	17.41	0	1.2758	2.0438	770	773.73	947.50	
958205	59	770.6	779.8	632.0	779.5	484.2	1.44	4.58	0	921	18	0.31	5.5	20.8	0.0	0.0	17.98	0	1.2758	2.0438	770	773.64	945.39	
958739	59	770.0	777.8	630.8	777.8	483.5	2.12	4.58	0	1,049	17	1.12	5.5	20.8	0.0	0.0	31.66	0	1.2758	2.0438	770	773.64	945.70	
959281	60	769.3	775.8	629.8	775.8	483.2	2.12	4.58	0	1,404	18	1.94	5.5	20.8	0.0	0.0	33.98	0	1.2758	2.0438	770	773.55	952.66	
959796	60	768.5	774.2	628.6	774.2	482.5	2.44	4.58	0	1,484	19	2.75	5.5	20.8	0.0	0.0	38.98	0	1.2758	2.0438	770	773.43	964.38	
960311	60	767.6	772.8	627.7	772.8	482.5	2.44	4.58	0	1,550	20	3.00	5.5	20.8	0.0	0.0	38.79	0	1.2758	2.0438	770	773.33	976.02	
960843	60	766.5	772.2	627.3	771.5	482.2	2.81	4.58	0	1,674	22	4.06	5.5	20.8	0.0	0.0	42.19	0	1.2758	2.0438	770	773.15	991.17	
961363	59	765.0	771.2	626.5	771.5	481.8	3.12	4.58	0	1,773	23	4.62	5.5	20.8	0.0	0.0	42.68	0	1.2758	2.0438	770	772.84	1,009.53	
961937	59	763.1	770.8	626.0	770.8	481.5	3.69	4.58	0	1,884	25	5.12	5.5	20.8	0.0	0.0	43.45	0	1.2758	2.0438	770	772.54	1,024.84	
962455	59	761.3	771.2	626.1	771.2	481.2	4.69	4.58	0	1,883	26	6.75	5.5	20.8	0.0	0.0	46.52	0	1.2758	2.0438	770	772.14	1,056.17	
962998	59	759.2	772.2	626.3	772.2	481.2	2.62	4.58	0	1,487	27	4.31	5.5	20.8	0.0	0.0	42.91	0	1.2758	2.0438	770	771.65	1,040.62	
963621	59	757.1	772.8	626.8	773.2	480.5	2.62	4.58	0	1,445	28	3.81	5.5	20.8	0.0	0.0	43.03	0	1.2758	2.0438	770	771.13	1,020.62	
964182	59	755.2	773.8	627.0	774.2	480.5	2.81	4.58	0	1,491	29	4.06	5.5	20.8	0.0	0.0	44.32	0	1.2758	2.0438	770	770.64	1,014.30	
964726	59	752.3	775.5	627.7	775.5	480.5	3.00	4.58	0	1,548	30	4.62	5.5	20.8	0.0	0.0	45.47	0	1.2758	2.0438	770	770.03	1,017.34	
965236	58	750.3	776.5	628.3	776.5	480.2	2.81	4.58	0	1,552	31	4.31	5.5	20.8	0.0	0.0	43.48	0	1.2758	2.0438	765	769.44	1,020.86	
965765	58	748.2	778.2	628.5	778.2	479.8	2.44	4.58	0	1,580	32	3.50	5.5	20.8	0.0	0.0	37.76	0	1.2758	2.0438	765	768.83	1,015.16	
966287	58	745.9	779.5	629.5	779.5	479.8	2.44	4.58	0	1,287	33	3.50	5.5	20.8	0.0	0.0	47.95	0	1.2758	2.0438	765	768.25	1,020.23	
966803	58	743.9	780.5	630.1	780.8	479.8	2.44	4.58	0	1,250	33	3.50	5.5	20.8	0.0	0.0	47.18	0	1.2758	2.0438	765	767.55	1,019.06	
967317	58	741.9	782.8	631.1	782.5	479.2	2.25	4.58	0	1,223	34	3.25	5.5	20.8	0.0	0.0	47.34	0	1.2758	2.0438	765	766.94	1,011.33	
967836	58	739.7	783.5	631.6	783.8	479.2	2.44	4.58	0	1,231	35	3.25	5.5	20.8	0.0	0.0	47.32	0	1.2758	2.0438	765	766.23	1,008.83	
968395	58	737.6	784.8	632.0	785.2	479.2	2.25	4.58	0	1,217	35	2.75	5.5	20.8	0.0	0.0	43.90	0	1.2758	2.0438	765	765.44	1,001.17	
968949	58	735.7	785.8	632.7	786.5	479.5	2.12	4.58	0	1,238	36	2.44	5.5	20.8	0.0	0.0	39.56	0	1.2758	2.0438	760	764.85	990.78	
969490	58	733.6	787.5	633.2	787.2	479.2	2.25	4.58	0	1,291	36	2.44	5.5	20.8	0.0	0.0	38.20	0	1.2758	2.0438	760	764.03	985.94	
970065	58	731.7	788.2	633.7	788.5	479.2	2.12	4.58	0	1,274	37	2.19	5.5	20.8	0.0	0.0	37.71	0	1.2758	2.0438	760	763.35	980.31	
970591	58	729.8	788.8	634.2	789.2	479.5	1.94	4.58	0	1,264	37	2.19	5.5	20.8	0.0	0.0	25.55	0	1.2758	2.0438	760	762.65	970.31	
971032	58	728.4	790.2	634.7	790.5	478.8	1.44	4.58	0	1,279	37	1.12	5.5	20.8	0.0	0.0	15.28	0	1.2758	2.0438	760	762.13	960.31	
971656	58	727.1	790.5	635.0	791.2	479.2	1.44	4.58	0	1,245	37	0.81	5.5	20.8	0.0	0.0	11.55	0	1.2758	2.0438	760	761.55	953.52	
972162	58	725.8	791.5	635.2	791.5	479.2	1.06	4.58	0	1,224	36	0.56	5.5	20.8	0.0	0.0	17.11	0	1.2758	2.0438	760	761.03	953.12	
972690	58	724.6	791.2	635.1	791.5	478.5	1.06	4.58	0	1,207	35	0.56	5.5	20.8	0.0	0.0	17.34	0	1.2758	2.0438	760	760.44	952.89	
973200	58	723.6	791.5	635.1	791.5	478.8	1.06	4.58	0	1,175	35	0.56	5.5	20.8	0.0	0.0	17.72	0	1.2758	2.0438	760	760.05	957.66	
973741	58	722.7	790.8	634.8	790.8	478.8	1.06	4.58	0	1,151	34	0.56	5.5	20.8	0.0	0.0	17.34	0	1.2758	2.0438	755	759.53	957.66	
974272	58	722.0	789.8	634.5	789.8	478.8	1.25	4.58	0	1,131	33	0.56	5.5	20.8	0.0	0.0	17.16	0	1.2758	2.0438	755	759.13	957.66	
974793	58	721.2	788.8	633.7	788.5	478.5	1.25	4.58	0	1,102	33	0.31	5.5	20.8	0.0	0.0	16.97	0	1.2758	2.0438	755	758.64	957.19	
975351	59	720.5	787.5	633.0	787.5	478.5	1.44	4.58	0	1,082	32	0.31	5.5	20.8	0.0	0.0	17.20	0	1.2758	2.0438	755	758.24	956.72	
975937	59	719.8	785.8	632.0	785.2	477.8	1.25	4.58	0	1,060	31	0.31	5.5	20.8	0.0	0.0	17.06	0	1.2758	2.0438	755	757.75	956.25	
976494	59	719.3	783.8	630.5	783.8	477.5	1.44	4.58	0	1,029	30	0.31	5.5	20.8	0.0	0.0	17.27	0	1.2758	2.0438	755	757.23	955.31	
977082	59	718.7	782.2	629.7	781.8	477.2	1.44	4.58	0	1,007	29	-0.19	5.5	20.8	0.0	0.0	17.04	0	1.2758	2.0438	755	756.93	955.00	
977599	59	718.3	780.2	629.0	780.2	477.2	1.44	4.58	0	974	29	0.31	5.5	20.8	0.0	0.0	17.04	0	1.2758	2.0438	755	756.44	954.53	
978131	59	717.8	778.2	627.5	778.2	476.5	1.44	4.58	0	960	28	0.31	5.5	20.8	0.0	0.0	17.25	0	1.2758	2.0438	755	756.13	953.67	
978707	59	717.4	776.5	626.2	775.8	476.2	1.56	4.58	0	930	27	0.81	5.5	20.8	0.0	0.0	12.28	0	1.2758	2.0438	755	755.73	952.58	
979240	59	717.0	774.2	625.3	774.2	475.8	1.44	4.58	0	1,061	27	0.31	5.5	20.8	0.0	0.0	11.48	0	1.2758	2.0438	755	755.33	950.39	
979769	59	716.5	772.5	624.1	772.2	475.5	1.25	4.58	0	1,186	26	0.56	5.5	20.8	0.0	0.0	12.21	0	1.2758	2.0438	755	754.94	949.61	
980429	60	716.1	770.2	623.0	770.2	475.5	0.38	4.58	0	1,267	25	0.31	5.5	20.8	0.0	0.0	16.62	0	1.2758	2.0438	750	754.44	951.56	
980946	60	715.8	767.5	621.6	767.8	474.8	1.06	4.58	0	1,153	24	0.56	5.5	20.8	0.0	0.0	17.74	0	1.2758	2.0438	750	754.14	953.83	
981464	60	715.5	765.8	620.3	765.5	474.2	1.06	4.58	0	1,168	23	0.56	5.5	20.8	0.0	0.0	18.26	0	1.2758	2.0438	750	753.74	955.31	
981978	60	715.3	763.8	619.3	763.8	473.8	1.25	4.58	0	1,136	23	1.12	5.5	20.8	0.0	0.0	11.95	0	1.2758	2.0438	750	753.34	955.39	
982541	60	715.0	761.5	618.0	761.8	474.2	1.56	4.58	0	1,135	22	0.81	5.5	20.8	0.0	0.0	25.78	0	1.2758	2.0438	750	752.94	949.53	
983053	60	714.7	759.8	616.5	759.5	473.2	1.75	4.58	0	1,201	23	1.12	5.5	20.8	0.0	0.0	28.52	0	1.2758	2.0438	750	752.43	952.42	
983662	61	714.2	757.8	615.7	757.8	473.2	1.75	4.58	0	1,195	23	1.38	5.5	20.8	0.0	0.0	28.73	0	1.2758	2.0438	750	751.94	953.83	
984186	61	713.7	756.2	614.6	756.2	472.5	1.75	4.58	0	1,195	23	1.12	5.5	20.8	0.0	0.0	23.46	0	1.2758	2.0438	750	751.44	952.73	
984736	60	713.2	754.8	613.6	755.2	472.8	1.44	4.58	0	1,194	23	0.81	5.5	20.8	0.0	0.0	16.27	0	1.2758	2.0438	750	750.93	950.31	
985276	60	712.6	753.8	613.1	753.8	472.5	1.25	4.58	0	1,151	23	0.56	5.5	20.8	0.0	0.0	14.58	0	1.2758	2.0438	750	750.53	948.91	
985814	60	712.0	752.5	612.3	752.5	471.8	1.44	4.58	0	1,141	23	0.56	5.5	20.8	0.0	0.0	13.29	0	1.2758	2.0438	750	750.04	948.05	
986384	60	711.4	751.5	611.6	751.2	472.2	0.88	4.58	0	1,038	22	0.31	5.5	20.8	0.0	0.0	15.96	0	1.2758	2.0438	745	749.55	949.30	
986898	60	711.0	750.2	611.0	750.5	471.2	1.44	4.58	0	1,052	21	0.00	5.5	20.8	0.0	0.0	15.05	0	1.2758	2.0438	745	749.15	951.41	
987421	60	710.6	749.5	610.3	749.2	470.8	1.75	4.58	0	1,086	21	0.56	5.5	20.8	0.0	0.0	30.70	0	1.2758	2.0438	745	748.63	945.94	
987967	61	710.0	747.8	609.6	747.8	470.8	2.12	4.58	0	1,421	21	2.19	5.5	20.8	0.0	0.0	30.14	0	1.2758	2.0438	745	748.14	952.50	
988509	61	709.3	746.8	608.6	746.8	470.5	2.25	4.58	0	1,651	21	2.75	5.5	20.8	0.0	0.0	35.53	0	1.2758	2.0438	745	747.44	964.84	
989121	61	708.3	746.2	608.0	745.5	470.2	2.44	4.58	0	1,730	22	3.25	5.5	20.8	0.0	0.0	34.85	0	1.2758	2.0438	745	746.73	979.77	
989657	61	707.2	744.8	607.7	744.8	470.5	2.44	4.58	0	1,850	23	3.25	5.5	20.8	0.0	0.0	28.20	0	1.2758	2.0438	745	746.03	989.06	
990156	60	705.8	744.8	607.3	744.8	470.2	2.12	4.58	0	1,851	24	2.19	5.5	20.8	0.0	0.0	23.95	0	1.2758	2.0438	745	745.44	981.48	
990587	60	704.8	744.8	607.7	745.2	469.5	4.56	4.58	0	1,550	24	2.75	5.5	20.8	0.0	0.0	26.70	0	1.2758	2.0438	740	744.74	981.72	
991097	60	703.6	745.5	607.5	745.5	469.8	1.56	4.58	0	1,341	24	1.94	5.5	20.8	0.0	0.0	19.45	0	1.2758	2.0438	740	744.13	964.77	
991674	60	702.4	746.5	608.0	746.5	469.8	1.25	4.58	0	1,227	24	0.81	5.5	20.8	0.0	0.0	15.61	0	1.2758	2.0438	740	743.55	955.08	
992188	60	701.3	747.2	608.1	747.2	469.5	1.25	4.58	0	1,194	24	0.56	5.5	20.8	0.0	0.0	14.46	0	1.2758	2.0438	740	742.84	951.41	
992701	60	700.3	747.5	608.2	747.5	469.5	1.25	4.58	0	1,182	24	0.56	5.5	20.8	0.0	0.0	13.22	0	1.2758	2.0438	740	742.35	949.45	
993285	60	699.3	748.2	608.7	747.8	469.2	0.69	4.58	0	1,111	23	0.00	5.5	20.8	0.0	0.0	16.73	0	1.2758	2.0438	740	741.74	951.56	
993793	60	698.4	747.8	608.5	747.8	468.8	1.44	4.58	0	1,136	23	0.56	5.5	20.8	0.0	0.0	17.48	0	1.2758	2.0438	740	741.13	950.00	
994374	60	697.5	748.2	608.3	748.2	469.2	1.56	4.58	0	1,146	23	0.81	5.5	20.8	0.0	0.0	24.47	0	1.2758	2.0438	740	740.55	950.78	
994927	60	696.6	747.5	608.0	747.5	468.8	1.56	4.58	0	1,139	23	0.81	5.5	20.8	0.0	0.0	17.65	0	1.2758	2.0438	740	739.94	948.36	
995497	60	695.6	747.5	608.1	747.5	468.8	1.44	4.58	0	1,137	22	0.56	5.5	20.8	0.0	0.0	15.80	0	1.2758	2.0438	735	739.23	948.36	
996022	60	694.8	747.2	607.8	746.8	468.5	1.44	4.58	0	977	20	0.31	5.5	20.8	0.0	0.0	13.97	0	1.2758	2.0438	735	738.74	946.88	
996566	60	694.0	746.5	607.5	746.5	468.5	1.56	4.58	0	883	19	0.31	5.5	20.8	0.0	0.0	18.07	0	1.2758	2.0438	735	738.25	947.81	
997187	60	693.1	746.2	607.0	745.8	468.2	1.56	4.58	0	968	18	0.56	5.5	20.8	0.0	0.0	18.09	0	1.2758	2.0438	735	737.64	947.03	
997745	60	692.4	745.5	606.8	745.5	467.8	1.56	4.58	0	1,058	18	0.81	5.5	20.8	0.0	0.0	29.58	0	1.2758	2.0438	735	737.03	945.47	
998262	61	691.4	744.5	606.1	744.2	467.8	1.94	4.58	0	1,388	18	1.62	5.5	20.8	0.0	0.0	30.33	0	1.2758	2.0438	735	736.44	948.59	
998775	61	690.4	743.8	605.8	743.8	467.8	2.12	4.58	0	1,431	18	1.94	5.5	20.8	0.0	0.0	35.20	0	1.2758	2.0438	735	735.83	955.55	
999287	61	689.2	743.2	605.5	743.2	467.8	2.12	4.58	0	1,555	20	2.44	5.5	20.8	0.0	0.0	34.69	0	1.2758	2.0438	735	735.04	964.92	
999878	61	687.9	742.8	605.3	742.8	467.5	2.25	4.58	0	1,613	21	2.44	5.5	20.8	0.0	0.0	33.42	0	1.2758	2.0438	730	734.33	972.03	
1000440	61	686.3	743.2	605.1	742.8	467.5	2.44	4.58	0	1,735	22	3.25	5.5	20.8	0.0	0.0	37.99	0	1.2758	2.0438	730	733.44	977.58	
1000965	60	684.8	742.8	605.2	743.2	467.5	3.00	4.58	0	1,785	23	3.81	5.5	20.8	0.0	0.0	39.59	0	1.2758	2.0438	730	732.65	993.91	
1001517	60	683.0	744.2	605.8	744.2	467.2	3.00	4.58	0	1,878	25	3.81	5.5	20.8	0.0	0.0	36.52	0	1.2758	2.0438	730	731.55	1,004.53	
1002041	60	681.1	744.8	606.1	745.2	467.5	3.12	4.58	0	1,977	25	3.81	5.5	20.8	0.0	0.0	38.48	0	1.2758	2.0438	730	730.54	1,023.59	
1002545	60	679.3	745.8	606.6	746.2	467.5	2.25	4.58	0	1,488	26	3.81	5.5	20.8	0.0	0.0	38.32	0	1.2758	2.0438	725	729.53	1,018.67	
1003065	60	677.5	747.5	607.2	747.5	467.2	2.12	4.58	0	1,416	27	2.75	5.5	20.8	0.0	0.0	37.62	0	1.2758	2.0438	725	728.64	1,000.78	
1003583	60	675.6	749.5	608.0	749.5	467.5	1.94	4.58	0	1,434	28	2.19	5.5	20.8	0.0	0.0	31.90	0	1.2758	2.0438	725	727.63	985.78	
1004110	59	674.0	750.8	609.0	750.8	467.2	2.44	4.58	0	1,464	28	3.00	5.5	20.8	0.0	0.0	41.16	0	1.2758	2.0438	725	726.44	984.69	
1004656	59	672.1	752.8	610.0	752.8	467.2	2.25	4.58	0	1,465	29	2.75	5.5	20.8	0.0	0.0	30.00	0	1.2758	2.0438	725	725.43	976.95	
1005183	59	670.4	754.5	610.8	754.5	467.5	1.06	4.58	0	1,438	29	1.38	5.5	20.8	0.0	0.0	15.84	0	1.2758	2.0438	720	724.54	963.67	
1005793	59	669.1	755.8	611.8	756.5	467.5	1.06	4.58	0	1,445	29	1.12	5.5	20.8	0.0	0.0	12.26	0	1.2758	2.0438	720	723.34	955.55	
1006302	59	667.9	757.8	612.5	757.8	467.8	0.19	4.58	0	1,336	29	0.56	5.5	20.8	0.0	0.0	16.59	0	1.2758	2.0438	720	722.64	953.83	
1006816	59	666.7	759.5	613.3	759.5	467.5	0.56	4.58	0	1,372	28	0.81	5.5	20.8	0.0	0.0	17.98	0	1.2758	2.0438	720	721.94	953.83	
1007372	59	665.7	759.8	613.5	759.5	467.5	0.69	4.58	0	1,345	27	0.81	5.5	20.8	0.0	0.0	17.39	0	1.2758	2.0438	720	721.23	960.00	
1007886	59	664.8	760.2	613.8	759.8	467.5	1.06	4.58	0	1,283	26	0.81	5.5	20.8	0.0	0.0	17.67	0	1.2758	2.0438	720	720.44	960.86	
1008402	59	664.1	760.5	613.8	760.2	467.5	1.06	4.58	0	1,234	25	0.81	5.5	20.8	0.0	0.0	17.51	0	1.2758	2.0438	715	719.85	960.70	
1008931	60	663.4	759.5	613.5	759.5	467.2	1.06	4.58	0	1,205	24	0.56	5.5	20.8	0.0	0.0	17.77	0	1.2758	2.0438	715	719.15	960.00	
1009452	60	662.9	759.2	613.5	759.2	467.5	1.06	4.58	0	1,153	23	0.56	5.5	20.8	0.0	0.0	17.46	0	1.2758	2.0438	715	718.54	959.38	
1010007	60	662.3	758.5	613.1	758.8	467.5	1.25	4.58	0	1,103	22	0.31	5.5	20.8	0.0	0.0	17.53	0	1.2758	2.0438	715	717.83	958.20	
1010530	60	661.8	756.8	612.3	757.2	467.2	1.44	4.58	0	1,072	21	0.31	5.5	20.8	0.0	0.0	14.18	0	1.2758	2.0438	715	717.34	957.03	
1011045	60	661.4	756.2	611.8	755.8	467.5	1.25	4.58	0	886	21	0.31	5.5	20.8	0.0	0.0	15.59	0	1.2758	2.0438	715	716.73	952.97	
1011616	60	660.9	754.8	611.2	754.8	467.2	1.56	4.58	0	980	19	0.31	5.5	20.8	0.0	0.0	16.17	0	1.2758	2.0438	715	716.03	951.48	
1012127	60	660.4	753.8	610.5	753.8	466.8	1.56	4.58	0	939	18	0.31	5.5	20.8	0.0	0.0	15.84	0	1.2758	2.0438	715	715.54	949.22	
1012663	60	660.0	752.5	609.8	752.5	466.8	1.44	4.58	0	932	15	0.31	5.5	20.8	0.0	0.0	17.98	0	1.2758	2.0438	715	714.93	948.36	
1013202	60	659.5	751.2	609.0	750.8	466.5	1.56	4.58	0	968	12	0.31	5.5	20.8	0.0	0.0	18.19	0	1.2758	2.0438	710	714.34	948.28	
1013780	61	659.0	749.5	608.0	749.2	466.5	1.56	4.58	0	931	14	0.31	5.5	20.8	0.0	0.0	18.98	0	1.2758	2.0438	710	713.73	947.19	
1014393	61	658.5	748.2	607.3	748.2	466.5	1.44	4.58	0	915	11	0.31	5.5	20.8	0.0	0.0	20.58	0	1.2758	2.0438	710	713.03	946.80	
1014937	61	658.0	746.5	606.7	746.8	466.2	1.44	4.58	0	936	11	0.56	5.5	20.8	0.0	0.0	24.21	0	1.2758	2.0438	710	712.54	946.64	
1015461	61	657.4	745.5	605.8	745.2	466.2	1.56	4.58	0	1,033	11	0.81	5.5	20.8	0.0	0.0	27.05	0	1.2758	2.0438	710	711.93	947.03	
1015986	61	656.8	744.2	605.2	743.8	465.8	1.56	4.58	0	1,146	12	1.12	5.5	20.8	0.0	0.0	26.74	0	1.2758	2.0438	710	711.34	949.22	
1016515	61	656.2	742.8	604.7	742.5	465.5	1.56	4.58	0	1,175	12	1.12	5.5	20.8	0.0	0.0	24.87	0	1.2758	2.0438	710	710.64	950.70	
1017055	61	655.5	741.5	603.6	741.5	465.5	1.56	4.58	0	1,208	13	1.12	5.5	20.8	0.0	0.0	25.03	0	1.2758	2.0438	710	710.03	950.86	
1017616	61	654.8	740.5	603.1	740.8	465.5	1.44	4.58	0	1,022	13	0.56	5.5	20.8	0.0	0.0	17.91	0	1.2758	2.0438	705	709.35	948.91	
1018206	61	654.0	739.5	602.5	739.8	465.2	1.44	4.58	0	999	13	0.31	5.5	20.8	0.0	0.0	16.29	0	1.2758	2.0438	705	708.65	947.73	
1018727	61	653.4	738.8	602.3	739.2	465.2	1.44	4.58	0	998	13	0.31	5.5	20.8	0.0	0.0	15.19	0	1.2758	2.0438	705	708.13	946.64	
1019249	61	652.8	738.5	601.6	738.2	464.8	1.44	4.58	0	969	12	0.31	5.5	20.8	0.0	0.0	15.94	0	1.2758	2.0438	705	707.64	945.94	
1019772	61	652.2	737.8	601.3	738.2	464.8	1.56	4.58	0	951	12	0.31	5.5	20.8	0.0	0.0	16.76	0	1.2758	2.0438	705	707.03	947.19	
1020297	61	651.6	737.2	601.0	736.8	464.5	1.44	4.58	0	913	12	0.31	5.5	20.8	0.0	0.0	17.25	0	1.2758	2.0438	705	706.44	946.95	
1020818	61	651.1	735.8	600.2	736.2	464.5	1.44	4.58	0	904	11	0.31	5.5	20.8	0.0	0.0	18.94	0	1.2758	2.0438	705	705.93	946.48	
1021376	61	650.5	735.2	599.7	735.2	464.5	1.56	4.58	0	900	11	0.31	5.5	20.8	0.0	0.0	20.67	0	1.2758	2.0438	705	705.44	946.48	
1021956	61	649.8	733.8	599.2	733.5	464.2	1.56	4.58	0	941	11	0.31	5.5	20.8	0.0	0.0	20.09	0	1.2758	2.0438	700	704.85	946.56	
1022571	62	649.2	732.8	598.5	732.8	464.2	1.44	4.58	0	949	11	0.31	5.5	20.8	0.0	0.0	19.73	0	1.2758	2.0438	700	704.24	946.80	
1023084	62	648.6	731.8	597.6	731.8	463.2	1.56	4.58	0	949	11	0.31	5.5	20.8	0.0	0.0	19.71	0	1.2758	2.0438	700	703.75	946.95	
1023600	62	647.9	730.8	597.0	730.8	463.5	1.56	4.58	0	951	11	0.31	5.5	20.8	0.0	0.0	19.59	0	1.2758	2.0438	700	703.14	946.95	
1024172	62	647.3	730.2	596.7	730.2	463.5	1.56	4.58	0	950	11	0.56	5.5	20.8	0.0	0.0	19.50	0	1.2758	2.0438	700	702.65	947.19	
1024769	62	646.6	729.2	596.2	729.2	462.8	1.56	4.58	0	957	11	0.56	5.5	20.8	0.0	0.0	19.69	0	1.2758	2.0438	700	702.04	947.19	
1025290	62	645.9	728.5	595.8	728.2	463.2	1.56	4.58	0	925	10	0.31	5.5	20.8	0.0	0.0	20.55	0	1.2758	2.0438	700	701.55	946.80	
1025815	62	645.4	727.5	594.8	727.2	462.2	1.56	4.58	0	924	9	0.31	5.5	20.8	0.0	0.0	20.44	0	1.2758	2.0438	700	701.03	947.11	
1026401	62	644.7	726.8	595.0	726.8	462.5	1.44	4.58	0	838	8	0.31	5.5	20.8	0.0	0.0	21.75	0	1.2758	2.0438	700	700.44	946.64	
1026911	62	644.1	726.2	594.3	725.8	462.5	1.56	4.58	0	851	8	0.56	5.5	20.8	0.0	0.0	28.55	0	1.2758	2.0438	700	699.93	946.80	
1027463	62	643.4	725.5	594.0	725.5	462.5	1.56	4.58	0	990	8	0.81	5.5	20.8	0.0	0.0	22.50	0	1.2758	2.0438	695	699.44	948.52	
1027980	62	642.7	724.2	593.6	724.2	461.8	1.56	4.58	0	980	7	0.56	5.5	20.8	0.0	0.0	22.31	0	1.2758	2.0438	695	699.04	948.36	
1028516	62	642.1	724.2	593.0	724.2	461.5	1.56	4.58	0	965	6	0.56	5.5	20.8	0.0	0.0	22.78	0	1.2758	2.0438	695	698.43	948.36	
1029042	62	641.4	723.2	592.3	723.2	461.5	1.56	4.58	0	946	6	0.56	5.5	20.8	0.0	0.0	23.27	0	1.2758	2.0438	695	697.94	948.36	
1029640	62	640.7	722.8	592.2	722.5	461.5	1.56	4.58	0	962	6	0.56	5.5	20.8	0.0	0.0	22.99	0	1.2758	2.0438	695	697.35	948.52	
1030181	62	639.9	722.2	591.8	722.2	460.8	1.56	4.58	0	964	5	0.56	5.5	20.8	0.0	0.0	24.87	0	1.2758	2.0438	695	696.83	947.73	
1030730	62	639.3	721.8	591.3	721.5	460.8	1.75	4.58	0	962	5	0.56	5.5	20.8	0.0	0.0	25.38	0	1.2758	2.0438	695	696.25	949.30	
1031348	62	638.5	721.2	591.1	721.2	460.8	1.56	4.58	0	952	5	0.81	5.5	20.8	0.0	0.0	23.84	0	1.2758	2.0438	695	695.64	949.30	
1031913	62	637.8	720.8	590.6	720.5	460.5	1.56	4.58	0	955	4	0.56	5.5	20.8	0.0	0.0	26.09	0	1.2758	2.0438	695	695.03	949.53	
1032479	62	636.9	720.8	590.3	720.8	460.2	1.56	4.58	0	979	3	0.56	5.5	20.8	0.0	0.0	23.51	0	1.2758	2.0438	690	694.54	949.84	
1033049	62	636.0	719.8	590.0	720.2	460.2	1.56	4.58	0	943	2	0.81	5.5	20.8	0.0	0.0	23.84	0	1.2758	2.0438	690	693.93	949.77	
1033595	62	635.3	719.8	590.0	719.8	459.5	1.56	4.58	0	912	0	0.56	5.5	20.8	0.0	0.0	19.24	0	1.2758	2.0438	690	693.44	949.77	
1034130	62	634.6	719.8	589.6	719.5	459.8	1.44	4.58	0	820	0	0.31	5.5	20.8	0.0	0.0	22.50	0	1.2758	2.0438	690	692.94	947.89	
1034672	62	633.9	719.2	589.5	719.2	459.2	1.56	4.58	0	794	0	0.56	5.5	20.8	0.0	0.0	22.88	0	1.2758	2.0438	690	692.43	948.44	
1035188	62	633.2	718.8	589.1	718.8	459.5	1.44	4.58	0	809	0	0.56	5.5	20.8	0.0	0.0	20.23	0	1.2758	2.0438	690	691.94	947.50	
1035731	62	632.5	718.2	588.8	718.5	459.5	1.44	4.58	0	797	0	0.31	5.5	20.8	0.0	0.0	21.28	0	1.2758	2.0438	690	691.44	947.19	
1036269	62	631.9	718.2	588.7	718.2	458.8	1.56	4.58	0	773	0	0.56	5.5	20.8	0.0	0.0	10.27	0	1.2758	2.0438	690	691.05	947.03	
1036813	62	631.4	717.5	588.7	717.2	458.8	1.06	4.58	0	270	0	0.00	5.5	20.8	0.0	0.0	7.36	0	1.2758	2.0438	690	690.65	946.64	
1037338	62	630.9	716.8	588.7	717.2	458.8	1.25	4.58	0	0	0	0.31	5.5	20.8	0.0	0.0	48.87	0	1.2758	2.0438	690	690.25	946.48	
1037891	62	630.5	716.2	588.7	715.8	458.8	1.44	4.58	0	0	0	0.00	5.5	20.8	0.0	0.0	61.10	0	1.2758	2.0438	690	689.85	945.47	
1038448	63	630.1	715.2	588.7	714.8	458.5	1.44	4.58	0	0	0	0.00	5.5	20.8	0.0	0.0	61.12	0	1.2758	2.0438	685	689.55	945.47	
1038987	63	629.8	713.8	588.7	713.5	458.5	1.44	4.58	0	0	0	0.00	5.5	20.8	0.0	0.0	61.10	0	1.2758	2.0438	685	689.24	944.92	
1039567	63	629.5	712.5	588.7	712.2	458.5	1.44	4.58	0	0	0	0.00	5.5	20.8	0.0	0.0	61.10	0	1.2758	2.0438	685	688.94	944.77	
1040267	63	629.2	710.5	588.7	710.5	458.2	1.44	4.58	0	0	0	0.00	5.5	20.8	0.0	0.0	61.10	0	1.2758	2.0438	685	688.63	944.61	
1040808	63	628.9	708.2	588.7	707.8	458.5	1.44	4.58	0	0	0	0.00	5.5	20.8	0.0	0.0	61.10	0	1.2758	2.0438	685	688.35	944.38	
1041382	63	628.7	705.5	588.7	704.8	458.5	1.44	4.58	0	0	0	0.00	5.5	20.8	0.0	0.0	60.98	0	1.2758	2.0438	685	688.14	944.30	
1041903	63	628.5	703.2	588.7	703.2	458.2	1.56	4.58	0	0	0	0.31	5.5	20.8	0.0	0.0	61.12	0	1.2758	2.0438	685	687.83	944.69	
1042465	63	628.3	700.8	588.7	700.8	458.5	1.44	4.58	0	0	0	0.00	5.5	20.8	0.0	0.0	61.10	0	1.2758	2.0438	685	687.65	944.45	
1042984	63	628.1	698.5	588.7	698.5	458.2	1.44	4.58	0	0	0	0.00	5.5	20.8	0.0	0.0	61.10	0	1.2758	2.0438	685	687.44	944.77	
1043511	63	628.0	696.5	588.7	696.5	458.2	1.25	4.58	0	0	0	0.31	5.5	20.8	0.0	0.0	61.10	0	1.2758	2.0438	685	687.34	944.38	
1044021	63	627.9	694.2	588.7	693.8	458.2	1.44	4.58	0	0	0	0.00	5.5	20.8	0.0	0.0	61.10	0	1.2758	2.0438	685	687.13	944.38	
1044532	63	627.8	692.2	588.7	691.8	457.8	1.44	4.58	0	0	0	0.31	5.5	20.8	0.0	0.0	61.10	0	1.2758	2.0438	685	687.04	944.14	
1045052	63	627.7	689.5	588.7	689.2	458.2	1.44	4.58	0	0	0	0.00	5.5	20.8	0.0	0.0	61.10	0	1.2758	2.0438	685	686.85	944.30	
1045635	63	627.6	686.8	588.7	686.8	458.2	1.44	4.58	0	0	0	0.00	5.5	20.8	0.0	0.0	61.10	0	1.2758	2.0438	685	686.73	943.98	
1046212	63	627.5	684.2	588.7	683.8	458.2	1.44	4.58	0	0	0	0.31	5.5	20.8	0.0	0.0	61.10	0	1.2758	2.0438	685	686.55	943.91	
1046759	63	627.4	681.5	588.7	681.8	458.5	1.44	4.58	0	0	0	0.31	5.5	20.8	0.0	0.0	61.10	0	1.2758	2.0438	685	686.43	943.83	
1047327	63	627.3	678.8	588.7	678.8	458.5	1.44	4.58	0	0	0	0.00	5.5	20.8	0.0	0.0	61.10	0	1.2758	2.0438	685	686.24	943.83	
1047866	63	627.2	676.5	588.7	676.5	458.5	1.44	4.58	0	0	0	0.00	5.5	20.8	0.0	0.0	61.10	0	1.2758	2.0438	685	686.15	944.22	
1048592	63	627.2	673.8	588.7	673.5	458.2	1.44	4.58	0	0	0	0.31	5.5	20.8	0.0	0.0	61.10	0	1.2758	2.0438	685	686.03	944.22	
1049157	63	627.1	670.8	588.7	670.8	458.5	1.44	4.58	0	0	0	0.00	5.5	20.8	0.0	0.0	61.10	0	1.2758	2.0438	685	685.94	944.06	
1049679	63	627.1	667.8	588.7	667.8	458.2	1.44	4.58	0	0	0	0.00	5.5	20.8	0.0	0.0	61.12	0	1.2758	2.0438	685	685.84	944.06	
1050181	63	627.0	665.8	588.7	665.5	458.5	1.44	4.58	0	0	0	0.00	5.5	20.8	0.0	0.0	61.10	0	1.2758	2.0438	685	685.75	944.14	
1050721	63	627.0	663.2	588.7	663.2	458.5	1.44	4.58	0	0	0	0.00	5.5	20.8	0.0	0.0	61.12	0	1.2758	2.0438	685	685.63	944.30	
1051323	63	627.0	661.2	588.7	660.8	458.2	1.44	4.58	0	0	0	0.31	5.5	20.8	0.0	0.0	61.10	0	1.2758	2.0438	685	685.63	943.98	
1051842	63	626.9	658.8	588.7	658.5	458.2	1.44	4.58	0	0	0	0.00	5.5	20.8	0.0	0.0	61.10	0	1.2758	2.0438	685	685.54	944.06	
1052358	63	626.9	656.2	588.7	655.8	458.5	1.56	4.58	0	0	0	0.00	5.5	20.8	0.0	0.0	61.10	0	1.2758	2.0438	685	685.44	944.06	
1052903	63	626.9	654.2	588.7	653.5	458.5	1.56	4.58	0	0	0	0.00	5.5	20.8	0.0	0.0	61.10	0	1.2758	2.0438	685	685.44	944.06	
1053482	63	626.9	651.2	588.7	651.2	458.2	1.44	4.58	0	0	0	0.00	5.5	20.8	0.0	0.0	61.12	0	1.2758	2.0438	685	685.35	944.14	
1054051	63	626.8	648.8	588.7	648.5	458.2	1.44	4.58	0	0	0	0.00	5.5	20.8	0.0	0.0	61.10	0	1.2758	2.0438	685	685.23	944.30	
1054575	63	626.8	647.2	588.7	646.5	458.2	1.44	4.58	0	0	0	0.00	5.5	20.8	0.0	0.0	61.12	0	1.2758	2.0438	685	685.23	944.14	
1055092	63	626.8	644.8	588.7	644.5	458.5	1.44	4.58	0	0	0	0.00	5.5	20.8	0.0	0.0	61.10	0	1.2758	2.0438	685	685.14	944.22	
1055693	63	626.8	642.8	588.7	642.5	458.5	1.44	4.58	0	0	0	0.00	5.5	20.8	0.0	0.0	61.12	0	1.2758	2.0438	685	685.14	944.22	
1056275	63	626.8	639.8	588.7	639.5	458.8	1.44	4.58	0	0	0	0.00	5.5	20.8	0.0	0.0	61.12	0	1.2758	2.0438	685	685.05	944.38	
1056795	63	626.8	638.2	588.7	637.8	458.5	1.56	4.58	0	0	0	0.00	5.5	20.8	0.0	0.0	61.12	0	1.2758	2.0438	685	685.05	944.38	
1057414	63	626.8	636.2	588.7	635.8	458.8	1.44	4.58	0	0	0	0.31	5.5	20.8	0.0	0.0	61.12	0	1.2758	2.0438	685	685.05	944.22	
1057942	63	626.7	633.8	588.7	633.5	458.5	1.56	4.58	0	0	0	0.00	5.5	20.8	0.0	0.0	61.12	0	1.2758	2.0438	685	684.93	944.30	
1058461	63	626.7	631.5	588.7	631.5	458.5	1.44	4.58	0	0	0	0.00	5.5	20.8	0.0	0.0	61.15	0	1.2758	2.0438	685	684.93	944.30	
1058982	63	626.7	629.5	588.7	629.8	458.5	1.44	4.58	0	0	0	0.00	5.5	20.8	0.0	0.0	61.12	0	1.2758	2.0438	685	684.93	944.06	
1059501	63	626.7	627.8	588.7	627.5	458.5	1.44	4.58	0	0	0	0.31	5.5	20.8	0.0	0.0	61.10	0	1.2758	2.0438	680	684.83	944.22	
1060080	63	626.7	625.8	588.7	625.5	458.5	1.44	4.58	0	0	0	0.00	5.5	20.8	0.0	0.0	61.10	0	1.2758	2.0438	680	684.83	944.06	
1060606	63	626.7	623.8	588.7	623.5	458.8	1.44	4.58	0	0	0	0.00	5.5	20.8	0.0	0.0	61.12	0	1.2758	2.0438	680	684.83	944.22	
1061157	63	626.7	621.5	588.7	621.8	458.5	1.44	4.58	0	0	0	0.00	5.5	20.8	0.0	0.0	61.15	0	1.2758	2.0438	680	684.83	944.30	
1061705	63	626.7	620.2	588.7	620.2	458.8	1.44	4.58	0	0	0	0.00	5.5	20.8	0.0	0.0	61.15	0	1.2758	2.0438	680	684.74	944.22	
1062269	63	626.7	617.8	588.7	618.2	458.5	1.44	4.58	0	0	0	0.00	5.5	20.8	0.0	0.0	61.12	0	1.2758	2.0438	680	684.74	944.30	
1062820	63	626.7	616.2	588.7	615.8	458.5	1.44	4.58	0	0	0	0.00	5.5	20.8	0.0	0.0	61.10	0	1.2758	2.0438	680	684.74	944.22	
1063339	63	626.7	614.5	588.7	614.2	458.8	1.56	4.58	0	0	0	0.00	5.5	20.8	0.0	0.0	61.12	0	1.2758	2.0438	680	684.74	944.30	
1063877	63	626.7	613.2	588.7	612.8	458.8	1.44	4.58	0	0	0	0.00	5.5	20.8	0.0	0.0	61.10	0	1.2758	2.0438	680	684.65	944.30	
1064392	63	626.7	611.2	588.7	611.2	458.8	1.44	4.58	0	0	0	0.00	5.5	20.8	0.0	0.0	61.12	0	1.2758	2.0438	680	684.65	944.53	
1064956	63	626.7	609.5	588.7	609.2	458.8	1.44	4.58	0	0	0	0.00	5.5	20.8	0.0	0.0	61.10	0	1.2758	2.0438	680	684.65	944.38	
1065548	63	626.7	607.5	588.7	607.5	459.2	1.44	4.58	0	0	0	0.00	5.5	20.8	0.0	0.0	61.10	0	1.2758	2.0438	680	684.65	944.30	
1066137	63	626.7	606.2	588.7	605.8	458.8	1.44	4.58	0	0	0	0.00	5.5	20.8	0.0	0.0	61.12	0	1.2758	2.0438	680	684.65	944.53	
1066642	63	626.7	604.5	588.7	604.5	458.8	1.44	4.58	0	0	0	0.00	5.5	20.8	0.0	0.0	61.12	0	1.2758	2.0438	680	684.65	944.53	
1067222	63	626.7	602.5	588.7	602.5	458.8	1.44	4.58	0	0	0	0.00	5.5	20.8	0.0	0.0	61.12	0	1.2758	2.0438	680	684.65	944.38	
1067728	63	626.7	600.8	588.7	600.8	458.8	1.44	4.58	0	0	0	0.00	5.5	20.8	0.0	0.0	61.12	0	1.2758	2.0438	680	684.53	944.30	
1068258	63	626.7	599.5	588.7	599.5	458.8	1.44	4.58	0	0	0	0.00	5.5	20.8	0.0	0.0	61.10	0	1.2758	2.0438	680	684.53	944.38	
1068832	63	626.7	598.2	588.7	597.8	458.8	1.44	4.58	0	0	0	0.00	5.5	20.8	0.0	0.0	61.10	0	1.2758	2.0438	680	684.53	944.38	
1069344	63	626.7	596.8	588.7	596.5	458.8	1.44	4.58	0	0	0	0.00	5.5	20.8	0.0	0.0	61.12	0	1.2758	2.0438	680	684.53	944.30	
1069848	63	626.7	594.8	588.7	594.8	458.8	1.44	4.58	0	0	0	0.00	5.5	20.8	0.0	0.0	61.12	0	1.2758	2.0438	680	684.53	944.30	
1070365	63	626.7	593.8	588.7	593.5	458.5	1.44	4.58	0	0	0	0.00	5.5	20.8	0.0	0.0	61.12	0	1.2758	2.0438	680	684.53	944.30	
1070910	63	626.7	592.2	588.7	592.2	458.8	1.44	4.58	0	0	0	0.00	5.5	20.8	0.0	0.0	61.15	0	1.2758	2.0438	680	684.53	944.06	
1071425	63	626.7	590.8	588.7	590.5	458.8	1.44	4.58	0	0	0	0.00	5.5	20.8	0.0	0.0	61.12	0	1.2758	2.0438	680	684.53	944.30	
1071985	63	626.7	589.5	588.7	589.5	459.2	1.44	4.58	0	0	0	0.00	5.5	20.8	0.0	0.0	61.15	0	1.2758	2.0438	680	684.53	944.22	
1072544	63	626.7	588.2	588.7	587.8	459.2	1.44	4.58	0	0	0	0.00	5.5	20.8	0.0	0.0	61.12	0	1.2758	2.0438	680	684.53	944.30	
1073071	63	626.7	586.8	588.7	586.8	459.2	1.44	4.58	0	0	0	0.00	5.5	20.8	0.0	0.0	61.17	0	1.2758	2.0438	680	684.53	944.53	
1073614	63	626.7	585.5	588.7	585.2	459.2	1.44	4.58	0	0	0	0.00	5.5	20.8	0.0	0.0	61.12	0	1.2758	2.0438	680	684.44	944.38	
1074217	63	626.7	583.8	588.7	583.8	458.8	1.44	4.58	0	0	0	0.00	5.5	20.8	0.0	0.0	61.12	0	1.2758	2.0438	680	684.44	944.30	
1074791	63	626.7	582.5	588.7	582.5	459.2	1.56	4.58	0	0	0	0.00	5.5	20.8	0.0	0.0	61.12	0	1.2758	2.0438	680	684.44	944.30	
1075297	63	626.7	581.2	588.7	580.8	458.8	1.44	4.58	0	0	0	0.00	5.5	20.8	0.0	0.0	61.12	0	1.2758	2.0438	680	684.44	944.22	
1075834	63	626.7	579.8	588.7	579.8	458.8	1.44	4.58	0	0	0	0.00	5.5	20.8	0.0	0.0	61.15	0	1.2758	2.0438	680	684.44	944.22	
1076373	63	626.7	578.8	588.7	578.5	459.2	1.44	4.58	0	0	0	0.00	5.5	20.8	0.0	0.0	61.10	0	1.2758	2.0438	680	684.44	944.38	
1076882	63	626.7	577.5	588.7	577.5	458.8	1.44	4.58	0	0	0	0.00	5.5	20.8	0.0	0.0	61.12	0	1.2758	2.0438	680	684.44	944.61	
1077425	63	626.7	576.2	588.7	575.8	458.8	1.44	4.58	0	0	0	0.00	5.5	20.8	0.0	0.0	61.15	0	1.2758	2.0438	680	684.44	944.38	
1077952	63	626.7	575.2	588.7	574.8	458.8	1.44	4.58	0	0	0	0.00	5.5	20.8	0.0	0.0	61.15	0	1.2758	2.0438	680	684.44	944.38	
1078502	63	626.7	573.8	588.7	573.8	459.2	1.44	4.58	0	0	0	0.00	5.5	20.8	0.0	0.0	61.15	0	1.2758	2.0438	680	684.44	944.22	
1079071	63	626.7	572.5	588.7	572.5	458.8	1.44	4.58	0	0	0	0.00	5.5	20.8	0.0	0.0	61.17	0	1.2758	2.0438	680	684.44	944.22	
1079594	63	626.7	571.2	588.7	571.2	458.8	1.44	4.58	0	0	0	0.00	5.5	20.8	0.0	0.0	61.12	0	1.2758	2.0438	680	684.44	944.38	
1080125	63	626.7	570.5	588.7	570.2	458.8	1.44	4.58	0	0	0	0.00	5.5	20.8	0.0	0.0	61.15	0	1.2758	2.0438	680	684.44	944.38	
1080650	63	626.7	569.5	588.7	569.2	459.2	1.44	4.58	0	0	0	0.31	5.5	20.8	0.0	0.0	61.10	0	1.2758	2.0438	680	684.44	944.22	
1081199	63	626.7	568.2	588.7	567.8	458.5	1.44	4.58	0	0	0	0.00	5.5	20.8	0.0	0.0	61.12	0	1.2758	2.0438	680	684.44	944.38	
1081716	63	626.7	567.2	588.7	566.8	458.8	1.44	4.58	0	0	0	0.00	5.5	20.8	0.0	0.0	61.12	0	1.2758	2.0438	680	684.44	944.38	
1082231	63	626.7	565.8	588.7	565.8	458.8	1.44	4.58	0	0	0	0.00	5.5	20.8	0.0	0.0	61.12	0	1.2758	2.0438	680	684.44	944.45	
1082838	63	626.7	565.2	588.7	565.2	458.8	1.44	4.58	0	0	0	0.00	5.5	20.8	0.0	0.0	61.12	0	1.2758	2.0438	680	684.44	944.38	
1083392	63	626.7	564.2	588.7	563.8	458.8	1.44	4.58	0	0	0	0.00	5.5	20.8	0.0	0.0	61.12	0	1.2758	2.0438	680	684.44	944.45	
1083909	63	626.7	562.5	588.7	562.5	458.8	1.44	4.58	0	0	0	0.00	5.5	20.8	0.0	0.0	61.15	0	1.2758	2.0438	680	684.44	944.53	
1084467	63	626.7	561.5	588.7	561.5	458.5	1.44	4.58	0	0	0	0.00	5.5	20.8	0.0	0.0	61.12	0	1.2758	2.0438	680	684.44	944.38	
1084986	63	626.7	560.5	588.7	560.2	458.8	1.44	4.58	0	0	0	0.00	5.5	20.8	0.0	0.0	61.12	0	1.2758	2.0438	680	684.44	944.53	
1085501	63	626.7	559.5	588.7	559.5	458.8	1.44	4.58	0	0	0	0.00	5.5	20.8	0.0	0.0	61.12	0	1.2758	2.0438	680	684.44	944.30	
1086028	63	626.7	558.5	588.7	558.5	458.5	1.44	4.58	0	0	0	0.00	5.5	20.8	0.0	0.0	61.12	0	1.2758	2.0438	680	684.44	944.30	
1086590	63	626.7	557.5	588.7	557.2	458.5	1.25	4.58	0	0	0	0.31	5.5	20.8	0.0	0.0	61.12	0	1.2758	2.0438	680	684.44	944.30	
1087160	63	626.7	556.5	588.7	556.5	458.5	1.44	4.58	0	0	0	0.00	5.5	20.8	0.0	0.0	61.15	0	1.2758	2.0438	680	684.44	944.06	
1087666	63	626.7	555.8	588.7	555.8	458.8	1.44	4.58	0	0	0	0.31	5.5	20.8	0.0	0.0	61.12	0	1.2758	2.0438	680	684.44	944.38	
1088189	63	626.7	554.5	588.7	554.8	458.8	1.44	4.58	0	0	0	0.00	5.5	20.8	0.0	0.0	61.10	0	1.2758	2.0438	680	684.44	944.30	
1088740	63	626.7	553.5	588.7	553.5	458.5	1.44	4.58	0	0	0	0.00	5.5	20.8	0.0	0.0	61.10	0	1.2758	2.0438	680	684.44	944.38	
1089301	63	626.7	552.5	588.7	552.5	458.5	1.44	4.58	0	0	0	0.00	5.5	20.8	0.0	0.0	61.12	0	1.2758	2.0438	680	684.44	944.30	
1089857	63	626.7	551.8	588.7	552.2	458.5	1.44	4.58	0	0	0	0.00	5.5	20.8	0.0	0.0	61.12	0	1.2758	2.0438	680	684.44	944.30	
1090395	63	626.7	550.8	588.7	550.8	458.5	1.44	4.58	0	0	0	0.00	5.5	20.8	0.0	0.0	61.15	0	1.2758	2.0438	680	684.44	944.30	
1090903	63	626.7	550.2	588.7	550.2	458.5	1.44	4.58	0	0	0	0.00	5.5	20.8	0.0	0.0	61.12	0	1.2758	2.0438	680	684.44	944.22	
1091518	63	626.7	548.8	588.7	548.8	458.5	1.44	4.58	0	0	0	0.00	5.5	20.8	0.0	0.0	61.10	0	1.2758	2.0438	680	684.44	944.22	
1092027	63	626.7	548.2	588.7	548.5	458.5	1.44	4.58	0	0	0	0.00	5.5	20.8	0.0	0.0	61.15	0	1.2758	2.0438	680	684.44	944.22	
1092575	63	626.7	547.2	588.7	547.2	458.5	1.25	4.58	0	0	0	0.00	5.5	20.8	0.0	0.0	61.12	0	1.2758	2.0438	680	684.44	944.06	
1093085	63	626.7	546.2	588.7	546.2	458.5	1.44	4.58	0	0	0	0.00	5.5	20.8	0.0	0.0	61.12	0	1.2758	2.0438	680	684.44	944.38	
1093641	63	626.7	545.8	588.7	545.2	458.8	1.44	4.58	0	0	0	0.00	5.5	20.8	0.0	0.0	61.15	0	1.2758	2.0438	680	684.44	944.38	
1094153	63	626.7	544.8	588.7	544.5	458.5	1.44	4.58	0	0	0	0.00	5.5	20.8	0.0	0.0	61.12	0	1.2758	2.0438	680	684.44	944.38	
1094711	63	626.7	543.8	588.7	543.5	458.2	1.44	4.58	0	0	0	0.00	5.5	20.8	0.0	0.0	61.12	0	1.2758	2.0438	680	684.44	944.22	
1095290	63	626.7	542.8	588.7	542.8	458.5	1.44	4.58	0	0	0	0.00	5.5	20.8	0.0	0.0	61.15	0	1.2758	2.0438	680	684.44	944.38	
1095800	63	626.7	542.2	588.7	542.2	457.8	1.25	4.58	0	0	0	0.00	5.5	20.8	0.0	0.0	61.15	0	1.2758	2.0438	680	684.44	944.53	
1096303	63	626.7	541.2	588.7	540.8	458.2	1.44	4.58	0	0	0	0.00	5.5	20.8	0.0	0.0	61.12	0	1.2758	2.0438	680	684.44	944.30	
1096804	63	626.7	540.5	588.7	540.5	458.2	1.44	4.58	0	0	0	0.00	5.5	20.8	0.0	0.0	61.15	0	1.2758	2.0438	680	684.44	944.38	
1097378	63	626.7	539.8	588.7	539.5	458.2	1.44	4.58	0	0	0	0.31	5.5	20.8	0.0	0.0	61.12	0	1.2758	2.0438	680	684.44	944.61	
1097941	63	626.7	538.8	588.7	539.2	457.8	1.44	4.58	0	0	0	0.00	5.5	20.8	0.0	0.0	61.15	0	1.2758	2.0438	680	684.44	944.22	
1098526	63	626.7	538.2	588.7	538.2	458.2	1.44	4.58	0	0	0	0.00	5.5	20.8	0.0	0.0	61.12	0	1.2758	2.0438	680	684.44	944.14	
1099053	63	626.7	537.2	588.7	537.2	458.2	1.44	4.58	0	0	0	0.00	5.5	20.8	0.0	0.0	61.15	0	1.2758	2.0438	680	684.44	944.22	
1099658	63	626.7	536.8	588.7	536.5	457.8	1.44	4.58	0	0	0	0.00	5.5	20.8	0.0	0.0	61.15	0	1.2758	2.0438	680	684.44	944.22	
1100216	63	626.7	535.8	588.7	535.8	458.2	1.44	4.58	0	0	0	0.00	5.5	20.8	0.0	0.0	61.17	0	1.2758	2.0438	680	684.44	944.22	
1100795	63	626.7	534.8	588.7	534.8	457.8	1.44	4.58	0	0	0	0.00	5.5	20.8	0.0	0.0	61.15	0	1.2758	2.0438	680	684.44	944.30	
1101306	63	626.7	534.5	588.7	533.8	457.8	1.44	4.58	0	0	0	0.00	5.5	20.8	0.0	0.0	61.17	0	1.2758	2.0438	680	684.44	944.38	
1101886	63	626.7	533.5	588.7	533.2	457.8	1.44	4.58	0	0	0	0.00	5.5	20.8	0.0	0.0	61.12	0	1.2758	2.0438	680	684.44	944.38	
1102429	63	626.7	532.8	588.7	532.5	457.8	1.44	4.58	0	0	0	0.00	5.5	20.8	0.0	0.0	61.15	0	1.2758	2.0438	680	684.44	944.22	
1102964	63	626.7	532.2	588.7	531.8	457.8	1.44	4.58	0	0	0	0.00	5.5	20.8	0.0	0.0	61.15	0	1.2758	2.0438	680	684.44	944.22	
1103535	63	626.7	530.8	588.7	531.2	457.5	1.44	4.58	0	0	0	0.00	5.5	20.8	0.0	0.0	61.12	0	1.2758	2.0438	680	684.44	943.98	
1104077	63	626.7	530.5	588.7	530.2	457.2	1.44	4.58	0	0	0	0.00	5.5	20.8	0.0	0.0	61.15	0	1.2758	2.0438	680	684.44	944.30	
1104677	63	626.7	529.8	588.7	529.5	457.5	1.44	4.58	0	0	0	0.00	5.5	20.8	0.0	0.0	61.12	0	1.2758	2.0438	680	684.44	944.22	
1105250	63	626.7	528.8	588.7	528.8	457.2	1.44	4.58	0	0	0	0.00	5.5	20.8	0.0	0.0	61.15	0	1.2758	2.0438	680	684.44	944.22	
1105807	63	626.7	528.5	588.7	528.2	457.2	1.44	4.58	0	0	0	0.00	5.5	20.8	0.0	0.0	61.12	0	1.2758	2.0438	680	684.44	944.45	
1106330	63	626.7	527.5	588.7	527.5	457.5	1.44	4.58	0	0	0	0.31	5.5	20.8	0.0	0.0	61.12	0	1.2758	2.0438	680	684.44	944.30	
1106873	63	626.7	526.8	588.7	526.5	457.2	1.44	4.58	0	0	0	0.00	5.5	20.8	0.0	0.0	61.15	0	1.2758	2.0438	680	684.44	944.38	
1107422	63	626.7	526.2	588.7	526.2	457.2	1.44	4.58	0	0	0	0.00	5.5	20.8	0.0	0.0	61.15	0	1.2758	2.0438	680	684.44	944.38	
1107959	63	626.7	525.5	588.7	525.2	456.8	1.44	4.58	0	0	0	0.00	5.5	20.8	0.0	0.0	61.17	0	1.2758	2.0438	680	684.44	944.22	
1108611	63	626.7	524.5	588.7	524.8	457.5	1.44	4.58	0	0	0	0.00	5.5	20.8	0.0	0.0	61.15	0	1.2758	2.0438	680	684.44	944.22	
1109119	63	626.7	524.2	588.7	524.2	457.2	1.44	4.58	0	0	0	0.00	5.5	20.8	0.0	0.0	61.15	0	1.2758	2.0438	680	684.44	944.30	
1109707	63	626.7	523.5	588.7	523.5	456.8	1.44	4.58	0	0	0	0.00	5.5	20.8	0.0	0.0	61.15	0	1.2758	2.0438	680	684.44	944.14	
1110242	63	626.7	522.8	588.7	522.8	456.8	1.44	4.58	0	0	0	0.00	5.5	20.8	0.0	0.0	61.15	0	1.2758	2.0438	680	684.44	944.30	
1110755	63	626.7	521.5	588.7	521.8	456.5	1.44	4.58	0	0	0	0.00	5.5	20.8	0.0	0.0	61.17	0	1.2758	2.0438	680	684.44	944.38	
1111283	63	626.7	521.5	588.7	521.2	456.8	1.44	4.58	0	0	0	0.00	5.5	20.8	0.0	0.0	61.17	0	1.2758	2.0438	680	684.44	944.30	
1111840	63	626.7	520.8	588.7	520.8	456.2	1.44	4.58	0	0	0	0.00	5.5	20.8	0.0	0.0	61.15	0	1.2758	2.0438	680	684.44	944.22	
1112367	63	626.7	520.2	588.7	520.2	456.5	1.44	4.58	0	0	0	0.00	5.5	20.8	0.0	0.0	61.15	0	1.2758	2.0438	680	684.44	944.30	
1112901	63	626.7	519.8	588.7	519.5	456.5	1.44	4.58	0	0	0	0.00	5.5	20.8	0.0	0.0	61.17	0	1.2758	2.0438	680	684.44	944.14	
1113487	63	626.7	519.2	588.7	518.8	456.5	1.44	4.58	0	0	0	0.00	5.5	20.8	0.0	0.0	61.17	0	1.2758	2.0438	680	684.44	944.38	
1114013	63	626.7	518.5	588.7	518.5	456.2	1.44	4.58	0	0	0	0.00	5.5	20.8	0.0	0.0	61.17	0	1.2758	2.0438	680	684.44	944.53	
1114536	63	626.7	517.5	588.7	517.5	456.2	1.44	4.58	0	0	0	0.00	5.5	20.8	0.0	0.0	61.17	0	1.2758	2.0438	680	684.44	944.30	
1115099	63	626.7	517.2	588.7	517.2	456.2	1.44	4.58	0	0	0	0.00	5.5	20.8	0.0	0.0	61.17	0	1.2758	2.0438	680	684.44	944.22	
1115665	63	626.7	516.8	588.7	516.5	456.5	1.44	4.58	0	0	0	0.00	5.5	20.8	0.0	0.0	61.17	0	1.2758	2.0438	680	684.44	944.38	
1116225	63	626.7	516.2	588.7	515.8	456.5	1.44	4.58	0	0	0	0.00	5.5	20.8	0.0	0.0	61.15	0	1.2758	2.0438	680	684.44	944.30	
1116747	63	626.7	515.5	588.7	515.2	456.2	1.44	4.58	0	0	0	0.00	5.5	20.8	0.0	0.0	61.15	0	1.2758	2.0438	680	684.44	944.22	
1117398	63	626.7	514.8	588.7	515.2	456.2	1.44	4.58	0	0	0	0.00	5.5	20.8	0.0	0.0	61.17	0	1.2758	2.0438	680	684.44	944.53	
1117910	63	626.7	514.2	588.7	514.2	456.2	1.44	4.58	0	0	0	0.00	5.5	20.8	0.0	0.0	61.15	0	1.2758	2.0438	680	684.44	944.30	
1118481	63	626.7	513.8	588.7	513.5	455.8	1.44	4.58	0	0	0	0.00	5.5	20.8	0.0	0.0	61.15	0	1.2758	2.0438	680	684.44	944.22	
1119037	63	626.7	512.8	588.7	512.8	455.8	1.44	4.58	0	0	0	0.00	5.5	20.8	0.0	0.0	61.17	0	1.2758	2.0438	680	684.44	944.22	
1119567	63	626.7	512.8	588.7	512.5	455.8	1.44	4.58	0	0	0	0.00	5.5	20.8	0.0	0.0	61.15	0	1.2758	2.0438	680	684.44	944.38	
1120089	63	626.7	512.2	588.7	512.2	456.2	1.44	4.58	0	0	0	0.00	5.5	20.8	0.0	0.0	61.17	0	1.2758	2.0438	680	684.44	944.22	
1120611	63	626.7	511.2	588.7	511.2	456.2	1.44	4.58	0	0	0	0.00	5.5	20.8	0.0	0.0	61.17	0	1.2758	2.0438	680	684.44	944.22	
1121144	63	626.7	511.2	588.7	510.8	455.8	1.44	4.58	0	0	0	0.00	5.5	20.8	0.0	0.0	61.15	0	1.2758	2.0438	680	684.44	944.30	
1121663	63	626.7	510.5	588.7	510.5	455.5	1.44	4.58	0	0	0	0.00	5.5	20.8	0.0	0.0	61.12	0	1.2758	2.0438	680	684.44	944.38	
1122187	63	626.7	509.8	588.7	509.5	455.5	1.44	4.58	0	0	0	0.00	5.5	20.8	0.0	0.0	61.15	0	1.2758	2.0438	680	684.44	944.38	
1122750	63	626.7	509.5	588.7	509.2	455.5	1.44	4.58	0	0	0	0.00	5.5	20.8	0.0	0.0	61.15	0	1.2758	2.0438	680	684.44	944.22	
1123313	64	626.7	508.8	588.7	508.5	455.5	1.44	4.58	0	0	0	0.00	5.5	20.8	0.0	0.0	61.15	0	1.2758	2.0438	680	684.44	944.38	
1123852	64	626.7	508.2	588.7	508.2	455.5	1.44	4.58	0	0	0	0.00	5.5	20.8	0.0	0.0	61.15	0	1.2758	2.0438	680	684.44	944.30	
1124367	64	626.7	507.5	588.7	507.8	455.5	1.44	4.58	0	0	0	0.00	5.5	20.8	0.0	0.0	61.15	0	1.2758	2.0438	680	684.44	944.22	
1124903	64	626.7	507.2	588.7	507.2	455.8	1.44	4.58	0	0	0	0.00	5.5	20.8	0.0	0.0	61.17	0	1.2758	2.0438	680	684.44	944.22	
1125529	64	626.7	506.5	588.7	506.5	455.5	1.44	4.58	0	0	0	0.00	5.5	20.8	0.0	0.0	61.15	0	1.2758	2.0438	680	684.44	944.38	
1126052	64	626.7	505.8	588.7	506.2	455.5	1.44	4.58	0	0	0	0.31	5.5	20.8	0.0	0.0	61.17	0	1.2758	2.0438	680	684.44	944.53	
1126627	64	626.7	505.5	588.7	505.2	455.2	1.44	4.58	0	0	0	0.00	5.5	20.8	0.0	0.0	61.15	0	1.2758	2.0438	680	684.44	944.45	
1127164	64	626.7	504.8	588.7	504.8	455.2	1.44	4.58	0	0	0	0.00	5.5	20.8	0.0	0.0	61.17	0	1.2758	2.0438	680	684.44	944.69	
1127710	64	626.7	504.5	588.7	504.5	455.2	1.44	4.58	0	0	0	0.00	5.5	20.8	0.0	0.0	61.12	0	1.2758	2.0438	680	684.44	944.69	
1128246	64	626.7	504.2	588.7	504.2	454.8	1.44	4.58	0	0	0	0.00	5.5	20.8	0.0	0.0	61.17	0	1.2758	2.0438	680	684.44	944.53	
1128781	64	626.7	503.5	588.7	503.2	455.2	1.44	4.58	0	0	0	0.00	5.5	20.8	0.0	0.0	61.17	0	1.2758	2.0438	680	684.44	944.53	
1129301	64	626.7	503.2	588.7	502.8	454.8	1.44	4.58	0	0	0	0.00	5.5	20.8	0.0	0.0	61.15	0	1.2758	2.0438	680	684.44	944.38	
1129872	64	626.7	502.5	588.7	502.5	454.8	1.44	4.58	0	0	0	0.00	5.5	20.8	0.0	0.0	61.17	0	1.2758	2.0438	680	684.44	944.30	
1130390	64	626.7	502.2	588.7	502.2	454.8	1.44	4.58	0	0	0	0.00	5.5	20.8	0.0	0.0	61.17	0	1.2758	2.0438	680	684.44	944.38	
1130901	64	626.7	501.5	588.7	501.5	454.8	1.44	4.58	0	0	0	0.00	5.5	20.8	0.0	0.0	61.15	0	1.2758	2.0438	680	684.44	944.38	
1131461	64	626.7	501.2	588.7	501.2	454.8	1.44	4.58	0	0	0	0.00	5.5	20.8	0.0	0.0	61.17	0	1.2758	2.0438	680	684.44	944.38	
1132005	64	626.7	500.8	588.7	500.8	454.5	1.44	4.58	0	0	0	0.00	5.5	20.8	0.0	0.0	61.15	0	1.2758	2.0438	680	684.44	944.53	
1132530	64	626.7	500.2	588.7	500.2	455.2	1.56	4.58	0	0	0	0.00	5.5	20.8	0.0	0.0	61.15	0	1.2758	2.0438	680	684.44	944.30	
1133107	64	626.7	499.5	588.7	499.8	454.5	1.44	4.58	0	0	0	0.00	5.5	20.8	0.0	0.0	61.15	0	1.2758	2.0438	680	684.44	944.22	
1133660	64	626.7	499.5	588.7	498.8	454.5	1.44	4.58	0	0	0	0.31	5.5	20.8	0.0	0.0	61.15	0	1.2758	2.0438	680	684.44	944.22	
1134366	64	626.7	498.8	588.7	498.8	454.5	1.44	4.58	0	0	0	0.00	5.5	20.8	0.0	0.0	61.17	0	1.2758	2.0438	680	684.44	944.45	
1134936	64	626.7	498.2	588.7	498.2	454.8	1.44	4.58	0	0	0	0.00	5.5	20.8	0.0	0.0	61.15	0	1.2758	2.0438	680	684.44	944.84	
1135441	64	626.7	497.5	588.7	497.5	454.2	1.44	4.58	0	0	0	0.00	5.5	20.8	0.0	0.0	61.12	0	1.2758	2.0438	680	684.44	944.45	
1135996	64	626.7	497.2	588.7	497.2	454.5	1.44	4.58	0	0	0	0.00	5.5	20.8	0.0	0.0	61.15	0	1.2758	2.0438	680	684.44	944.38	
1136514	64	626.7	496.8	588.7	496.8	454.2	1.44	4.58	0	0	0	0.00	5.5	20.8	0.0	0.0	61.15	0	1.2758	2.0438	680	684.44	944.45	
1137060	64	626.7	496.2	588.7	496.2	454.2	1.44	4.58	0	0	0	0.00	5.5	20.8	0.0	0.0	61.12	0	1.2758	2.0438	680	684.44	944.30	
1137598	64	626.7	495.5	588.7	495.5	454.2	1.44	4.58	0	0	0	0.00	5.5	20.8	0.0	0.0	61.15	0	1.2758	2.0438	680	684.44	944.38	
1138126	64	626.7	495.5	588.7	495.2	454.2	1.44	4.58	0	0	0	0.00	5.5	20.8	0.0	0.0	61.12	0	1.2758	2.0438	680	684.44	944.30	
1138713	64	626.7	495.2	588.7	494.8	454.2	1.44	4.58	0	0	0	0.00	5.5	20.8	0.0	0.0	61.15	0	1.2758	2.0438	680	684.44	944.45	
1139311	64	626.7	494.5	588.7	494.2	454.2	1.44	4.58	0	0	0	0.31	5.5	20.8	0.0	0.0	61.15	0	1.2758	2.0438	680	684.44	944.53	
1139845	64	626.7	494.2	588.7	493.8	453.8	1.44	4.58	0	0	0	0.00	5.5	20.8	0.0	0.0	61.12	0	1.2758	2.0438	680	684.44	944.38	
1140403	64	626.7	493.5	588.7	493.5	453.8	1.44	4.58	0	0	0	0.00	5.5	20.8	0.0	0.0	61.15	0	1.2758	2.0438	680	684.44	944.38	
1140959	64	626.7	492.8	588.7	492.8	453.8	1.44	4.58	0	0	0	0.00	5.5	20.8	0.0	0.0	61.12	0	1.2758	2.0438	680	684.44	944.45	
1141495	64	626.7	492.5	588.7	492.2	453.8	1.44	4.58	0	0	0	0.00	5.5	20.8	0.0	0.0	61.12	0	1.2758	2.0438	680	684.44	944.38	
1142033	64	626.7	492.5	588.7	492.2	453.5	1.44	4.58	0	0	0	0.00	5.5	20.8	0.0	0.0	61.12	0	1.2758	2.0438	680	684.44	944.38	
1142557	64	626.7	491.8	588.7	491.8	453.5	1.44	4.58	0	0	0	0.00	5.5	20.8	0.0	0.0	61.15	0	1.2758	2.0438	680	684.44	944.38	
1143189	64	626.7	491.5	588.7	491.5	453.2	1.44	4.58	0	0	0	0.00	5.5	20.8	0.0	0.0	61.12	0	1.2758	2.0438	680	684.44	944.22	
1143766	64	626.7	490.8	588.7	490.8	453.5	1.44	4.58	0	0	0	0.00	5.5	20.8	0.0	0.0	61.17	0	1.2758	2.0438	680	684.44	944.22	
1144277	64	626.7	490.5	588.7	490.5	453.5	1.44	4.58	0	0	0	0.00	5.5	20.8	0.0	0.0	61.12	0	1.2758	2.0438	680	684.44	944.45	
1144856	64	626.7	489.8	588.7	489.8	453.5	1.44	4.58	0	0	0	0.00	5.5	20.8	0.0	0.0	61.12	0	1.2758	2.0438	680	684.44	944.38	
1145404	64	626.7	489.8	588.7	489.5	453.2	1.44	4.58	0	0	0	0.00	5.5	20.8	0.0	0.0	61.10	0	1.2758	2.0438	680	684.44	944.30	
1145926	64	626.7	489.2	588.7	489.2	453.2	1.44	4.58	0	0	0	0.00	5.5	20.8	0.0	0.0	61.12	0	1.2758	2.0438	680	684.44	944.61	
1146524	64	626.7	488.8	588.7	488.8	453.2	1.44	4.58	0	0	0	0.00	5.5	20.8	0.0	0.0	61.17	0	1.2758	2.0438	680	684.44	944.45	
1147050	64	626.7	488.5	588.7	488.5	453.2	1.44	4.58	0	0	0	0.31	5.5	20.8	0.0	0.0	61.12	0	1.2758	2.0438	680	684.44	944.53	
1147597	64	626.7	487.8	588.7	487.8	452.8	1.44	4.58	0	0	0	0.00	5.5	20.8	0.0	0.0	61.15	0	1.2758	2.0438	680	684.44	944.38	
1148207	64	626.7	487.8	588.7	487.5	452.8	1.44	4.58	0	0	0	0.00	5.5	20.8	0.0	0.0	61.15	0	1.2758	2.0438	680	684.44	944.69	
1148750	64	626.7	487.2	588.7	487.5	452.8	1.44	4.58	0	0	0	0.00	5.5	20.8	0.0	0.0	61.12	0	1.2758	2.0438	680	684.44	944.38	
1149312	64	626.7	486.8	588.7	486.5	453.2	1.44	4.58	0	0	0	0.00	5.5	20.8	0.0	0.0	61.12	0	1.2758	2.0438	680	684.44	944.30	
1149870	64	626.7	486.2	588.7	485.8	452.8	1.44	4.58	0	0	0	0.00	5.5	20.8	0.0	0.0	61.12	0	1.2758	2.0438	680	684.44	944.30	
1150405	64	626.7	485.8	588.7	485.8	452.8	1.44	4.58	0	0	0	0.00	5.5	20.8	0.0	0.0	61.15	0	1.2758	2.0438	680	684.44	944.22	
1150888	64	626.7	485.5	588.7	485.5	452.5	1.44	4.58	0	0	0	0.00	5.5	20.8	0.0	0.0	61.15	0	1.2758	2.0438	680	684.44	944.38	
1151409	64	626.7	485.2	588.7	485.2	452.5	1.44	4.58	0	0	0	0.00	5.5	20.8	0.0	0.0	61.17	0	1.2758	2.0438	680	684.44	944.30	
1152071	64	626.7	484.8	588.7	484.8	452.5	1.44	4.58	0	0	0	0.00	5.5	20.8	0.0	0.0	61.12	0	1.2758	2.0438	680	684.44	944.61	
1152590	64	626.7	484.5	588.7	484.2	452.5	1.44	4.58	0	0	0	0.00	5.5	20.8	0.0	0.0	61.15	0	1.2758	2.0438	680	684.44	944.38	
1153115	64	626.7	483.8	588.7	483.5	452.5	1.44	4.58	0	0	0	0.00	5.5	20.8	0.0	0.0	61.17	0	1.2758	2.0438	680	684.44	944.38	
1153648	64	626.7	483.5	588.7	483.5	452.2	1.44	4.58	0	0	0	0.00	5.5	20.8	0.0	0.0	61.10	0	1.2758	2.0438	680	684.44	944.38	
1154178	64	626.7	483.2	588.7	483.2	452.5	1.44	4.58	0	0	0	0.00	5.5	20.8	0.0	0.0	61.10	0	1.2758	2.0438	680	684.44	944.38	
1154758	64	626.7	482.8	588.7	482.8	452.2	1.44	4.58	0	0	0	0.00	5.5	20.8	0.0	0.0	61.15	0	1.2758	2.0438	680	684.44	944.38	
1155268	64	626.7	482.2	588.7	482.2	451.8	1.44	4.58	0	0	0	0.00	5.5	20.8	0.0	0.0	61.17	0	1.2758	2.0438	680	684.44	944.30	
1155808	64	626.7	482.2	588.7	482.2	451.5	1.44	4.58	0	0	0	0.00	5.5	20.8	0.0	0.0	61.17	0	1.2758	2.0438	680	684.44	944.61	
1156401	64	626.7	481.8	588.7	481.5	451.8	1.44	4.58	0	0	0	0.31	5.5	20.8	0.0	0.0	61.12	0	1.2758	2.0438	680	684.44	944.45	
1156969	64	626.7	481.2	588.7	481.2	452.2	1.44	4.58	0	0	0	0.00	5.5	20.8	0.0	0.0	61.15	0	1.2758	2.0438	680	684.44	944.30	
1157578	64	626.7	480.5	588.7	480.8	451.5	1.44	4.58	0	0	0	0.00	5.5	20.8	0.0	0.0	61.15	0	1.2758	2.0438	680	684.44	944.53	
1158168	64	626.7	480.5	588.7	480.2	451.5	1.44	4.58	0	0	0	0.00	5.5	20.8	0.0	0.0	61.12	0	1.2758	2.0438	680	684.44	944.45	
1158728	64	626.7	479.8	588.7	480.2	451.2	1.44	4.58	0	0	0	0.31	5.5	20.8	0.0	0.0	61.15	0	1.2758	2.0438	680	684.44	944.38	
1159307	64	626.7	479.5	588.7	479.2	451.2	1.44	4.58	0	0	0	0.00	5.5	20.8	0.0	0.0	61.15	0	1.2758	2.0438	680	684.44	944.38	
1159835	64	626.7	479.2	588.7	479.2	451.2	1.56	4.58	0	0	0	0.00	5.5	20.8	0.0	0.0	61.15	0	1.2758	2.0438	680	684.44	944.69	
1160363	64	626.7	478.8	588.7	479.2	450.8	1.44	4.58	0	0	0	0.00	5.5	20.8	0.0	0.0	61.17	0	1.2758	2.0438	680	684.44	944.69	
1160929	64	626.7	478.5	588.7	478.5	451.2	1.44	4.58	0	0	0	0.00	5.5	20.8	0.0	0.0	61.17	0	1.2758	2.0438	680	684.44	944.53	
1161508	64	626.7	477.8	588.7	478.2	450.8	1.44	4.58	0	0	0	0.00	5.5	20.8	0.0	0.0	61.15	0	1.2758	2.0438	680	684.44	944.53	
1162090	64	626.7	477.5	588.7	477.5	450.8	1.44	4.58	0	0	0	0.00	5.5	20.8	0.0	0.0	61.15	0	1.2758	2.0438	680	684.44	944.45	
1162657	64	626.7	477.2	588.7	477.2	451.2	1.44	4.58	0	0	0	0.00	5.5	20.8	0.0	0.0	61.17	0	1.2758	2.0438	680	684.44	944.38	
1163176	64	626.7	476.8	588.7	476.8	450.5	1.44	4.58	0	0	0	0.00	5.5	20.8	0.0	0.0	61.17	0	1.2758	2.0438	680	684.44	944.45	
1163732	64	626.7	476.5	588.7	476.2	450.5	1.44	4.58	0	0	0	0.00	5.5	20.8	0.0	0.0	61.17	0	1.2758	2.0438	680	684.44	944.61	
1164265	64	626.7	475.8	588.7	475.8	450.5	1.44	4.58	0	0	0	0.00	5.5	20.8	0.0	0.0	61.17	0	1.2758	2.0438	680	684.44	944.38	
1164856	64	626.7	475.8	588.7	475.8	450.5	1.44	4.58	0	0	0	0.00	5.5	20.8	0.0	0.0	61.17	0	1.2758	2.0438	680	684.44	944.22	
1165378	64	626.7	475.5	588.7	475.5	450.2	1.44	4.58	0	0	0	0.00	5.5	20.8	0.0	0.0	61.15	0	1.2758	2.0438	680	684.44	944.30	
1165918	64	626.7	474.8	588.7	474.8	449.8	1.44	4.58	0	0	0	0.31	5.5	20.8	0.0	0.0	61.15	0	1.2758	2.0438	680	684.44	944.06	
1166479	64	626.7	474.8	588.7	474.5	450.2	1.44	4.58	0	0	0	0.00	5.5	20.8	0.0	0.0	61.15	0	1.2758	2.0438	680	684.44	944.22	
1167057	64	626.7	473.8	588.7	473.8	449.5	1.44	4.58	0	0	0	0.31	5.5	20.8	0.0	0.0	61.15	0	1.2758	2.0438	680	684.44	944.22	
1167637	64	626.7	473.5	588.7	473.8	449.8	1.44	4.58	0	0	0	0.00	5.5	20.8	0.0	0.0	61.15	0	1.2758	2.0438	680	684.44	944.38	
1168177	64	626.7	473.2	588.7	473.2	449.8	1.44	4.58	0	0	0	0.00	5.5	20.8	0.0	0.0	61.15	0	1.2758	2.0438	680	684.44	944.30	
1168745	64	626.7	472.8	588.7	473.2	449.5	1.44	4.58	0	0	0	0.00	5.5	20.8	0.0	0.0	61.15	0	1.2758	2.0438	680	684.44	944.53	
1169372	64	626.7	472.8	588.7	472.5	449.2	1.44	4.58	0	0	0	0.00	5.5	20.8	0.0	0.0	61.17	0	1.2758	2.0438	680	684.44	944.30	
1169880	64	626.7	472.2	588.7	472.2	449.5	1.44	4.58	0	0	0	0.00	5.5	20.8	0.0	0.0	61.17	0	1.2758	2.0438	680	684.44	944.38	
1170415	64	626.7	471.8	588.7	471.8	448.8	1.44	4.58	0	0	0	0.31	5.5	20.8	0.0	0.0	61.17	0	1.2758	2.0438	680	684.44	944.30	
1170951	64	626.7	471.5	588.7	471.8	448.8	1.44	4.58	0	0	0	0.00	5.5	20.8	0.0	0.0	61.15	0	1.2758	2.0438	680	684.44	944.22	
1171511	64	626.7	471.2	588.7	471.2	448.5	1.44	4.58	0	0	0	0.00	5.5	20.8	0.0	0.0	61.15	0	1.2758	2.0438	680	684.44	944.22	
1172092	64	626.7	470.8	588.7	470.5	448.8	1.44	4.58	0	0	0	0.00	5.5	20.8	0.0	0.0	61.12	0	1.2758	2.0438	680	684.44	944.14	
1172616	64	626.7	470.5	588.7	470.5	448.5	1.44	4.58	0	0	0	0.00	5.5	20.8	0.0	0.0	61.15	0	1.2758	2.0438	680	684.44	944.38	
1173138	64	626.7	470.2	588.7	469.5	448.5	1.25	4.58	0	0	0	0.00	5.5	20.8	0.0	0.0	61.15	0	1.2758	2.0438	680	684.44	944.45	
1173680	64	626.7	469.5	588.7	469.5	448.2	1.44	4.58	0	0	0	0.00	5.5	20.8	0.0	0.0	61.17	0	1.2758	2.0438	680	684.44	944.30	
1174204	64	626.7	469.5	588.7	469.5	448.5	1.44	4.58	0	0	0	0.00	5.5	20.8	0.0	0.0	61.15	0	1.2758	2.0438	680	684.44	944.38	
1174774	64	626.7	468.5	588.7	468.8	447.8	1.44	4.58	0	0	0	0.00	5.5	20.8	0.0	0.0	61.17	0	1.2758	2.0438	680	684.44	944.38	
1175353	64	626.7	468.5	588.7	468.8	447.8	1.44	4.58	0	0	0	0.31	5.5	20.8	0.0	0.0	61.15	0	1.2758	2.0438	680	684.44	944.92	
1175877	64	626.7	468.2	588.7	468.2	447.8	1.44	4.58	0	0	0	0.00	5.5	20.8	0.0	0.0	61.15	0	1.2758	2.0438	680	684.44	944.22	
1176432	64	626.7	467.5	588.7	467.8	447.5	1.44	4.58	0	0	0	0.00	5.5	20.8	0.0	0.0	61.17	0	1.2758	2.0438	680	684.44	944.61	
1176946	64	626.7	467.8	588.7	467.5	447.5	1.44	4.58	0	0	0	0.00	5.5	20.8	0.0	0.0	61.15	0	1.2758	2.0438	680	684.44	944.53	
1177509	64	626.7	466.8	588.7	467.2	447.2	1.44	4.58	0	0	0	0.31	5.5	20.8	0.0	0.0	61.15	0	1.2758	2.0438	680	684.44	944.53	
1178148	64	626.7	466.8	588.7	466.8	447.2	1.44	4.58	0	0	0	0.00	5.5	20.8	0.0	0.0	61.12	0	1.2758	2.0438	680	684.44	944.30	
1178661	64	626.7	466.5	588.7	466.2	447.2	1.44	4.58	0	0	0	0.00	5.5	20.8	0.0	0.0	61.15	0	1.2758	2.0438	680	684.44	944.38	
1179156	64	626.7	465.8	588.7	465.8	446.8	1.44	4.58	0	0	0	0.31	5.5	20.8	0.0	0.0	61.12	0	1.2758	2.0438	680	684.44	944.14	
1179674	64	626.7	465.5	588.7	465.5	446.8	1.44	4.58	0	0	0	0.00	5.5	20.8	0.0	0.0	61.15	0	1.2758	2.0438	680	684.44	944.30	
1180243	64	626.7	465.2	588.7	465.2	446.5	1.56	4.58	0	0	0	0.00	5.5	20.8	0.0	0.0	61.17	0	1.2758	2.0438	680	684.44	944.38	
1180812	64	626.7	464.8	588.7	464.8	446.5	1.44	4.58	0	0	0	0.00	5.5	20.8	0.0	0.0	61.15	0	1.2758	2.0438	680	684.44	944.30	
1181342	64	626.7	464.5	588.7	464.2	446.5	1.44	4.58	0	0	0	0.00	5.5	20.8	0.0	0.0	61.15	0	1.2758	2.0438	680	684.44	944.38	
1181883	64	626.7	464.2	588.7	464.2	446.2	1.44	4.58	0	0	0	0.00	5.5	20.8	0.0	0.0	61.15	0	1.2758	2.0438	680	684.44	944.45	
1182459	64	626.7	463.5	588.7	463.5	446.5	1.44	4.58	0	0	0	0.00	5.5	20.8	0.0	0.0	61.15	0	1.2758	2.0438	680	684.44	944.38	
1183005	64	626.7	463.5	588.7	463.2	446.2	1.44	4.58	0	0	0	0.00	5.5	20.8	0.0	0.0	61.15	0	1.2758	2.0438	680	684.44	944.38	
1183597	64	626.7	463.2	588.7	463.2	446.2	1.44	4.58	0	0	0	0.31	5.5	20.8	0.0	0.0	61.15	0	1.2758	2.0438	680	684.44	944.38	
1184117	64	626.7	462.5	588.7	462.8	445.8	1.44	4.58	0	0	0	0.00	5.5	20.8	0.0	0.0	61.15	0	1.2758	2.0438	680	684.44	944.38	
1184637	64	626.7	462.5	588.7	462.5	445.5	1.56	4.58	0	0	0	0.00	5.5	20.8	0.0	0.0	61.15	0	1.2758	2.0438	680	684.44	944.69	
1185199	64	626.7	461.8	588.7	461.8	445.5	1.44	4.58	0	0	0	0.00	5.5	20.8	0.0	0.0	61.17	0	1.2758	2.0438	680	684.44	944.92	
1185792	64	626.7	461.5	588.7	461.2	445.5	1.25	4.58	0	0	0	0.31	5.5	20.8	0.0	0.0	61.15	0	1.2758	2.0438	680	684.44	944.92	
1186586	64	624.4	461.2	453.2	460.8	445.2	1.25	4.58	0	0	0	0.00	5.5	20.8	0.0	0.0	66.94	0	1.2758	2.0438	680	681.93	943.83	
1187110	64	624.4	460.8	453.0	460.8	445.2	0.00	4.58	0	169	0	0.56	5.5	20.8	0.0	0.0	58.69	0	1.2758	2.0438	680	681.93	942.97	
1187672	64	624.3	459.8	452.5	460.5	444.5	1.56	4.58	0	1,073	0	1.38	5.5	20.8	0.0	0.0	16.73	0	1.2758	2.0438	680	681.83	949.84	
1188198	64	624.1	460.2	452.5	460.2	444.5	1.44	4.58	0	955	0	0.31	5.5	20.8	0.0	0.0	12.38	0	1.2758	2.0438	680	681.74	948.98	
1188746	64	624.0	460.2	452.1	460.2	444.5	1.44	4.58	0	941	0	0.00	5.5	20.8	0.0	0.0	11.88	0	1.2758	2.0438	680	681.65	947.89	
1189273	64	623.8	460.5	452.2	460.5	444.2	1.44	4.58	0	900	0	0.31	5.5	20.8	0.0	0.0	12.47	0	1.2758	2.0438	680	681.53	947.34	
1189821	64	623.5	461.2	452.5	460.8	444.2	1.75	4.58	0	846	0	0.31	5.5	20.8	0.0	0.0	16.76	0	1.2758	2.0438	680	681.34	946.48	
1190329	64	623.3	461.5	452.6	461.5	444.2	1.44	4.58	0	881	0	0.31	5.5	20.8	0.0	0.0	19.69	0	1.2758	2.0438	680	681.25	945.94	
1190872	64	623.0	462.2	453.2	462.2	443.8	1.44	4.58	0	859	0	0.31	5.5	20.8	0.0	0.0	23.62	0	1.2758	2.0438	680	681.04	945.78	
1191421	64	622.7	463.2	453.1	463.2	443.5	1.56	4.58	0	843	0	0.56	5.5	20.8	0.0	0.0	27.68	0	1.2758	2.0438	680	680.85	945.94	
1191938	64	622.3	464.2	454.0	463.8	443.5	1.56	4.58	0	836	0	0.56	5.5	20.8	0.0	0.0	29.27	0	1.2758	2.0438	680	680.55	946.80	
1192462	64	621.8	465.2	454.3	465.2	443.5	1.56	4.58	0	858	0	0.81	5.5	20.8	0.0	0.0	30.49	0	1.2758	2.0438	680	680.33	947.89	
1193001	64	621.4	466.2	454.8	466.5	443.5	1.75	4.58	0	887	0	0.81	5.5	20.8	0.0	0.0	29.74	0	1.2758	2.0438	680	680.03	949.69	
1193628	64	620.7	468.2	455.5	468.2	443.2	1.56	4.58	0	898	0	0.81	5.5	20.8	0.0	0.0	28.29	0	1.2758	2.0438	675	679.75	950.55	
1194201	64	620.1	469.8	456.3	469.8	442.8	1.56	4.58	0	873	0	0.81	5.5	20.8	0.0	0.0	28.66	0	1.2758	2.0438	675	679.35	951.02	
1194746	64	619.4	471.5	457.2	471.5	442.8	1.56	4.58	0	843	0	0.81	5.5	20.8	0.0	0.0	29.55	0	1.2758	2.0438	675	678.93	951.02	
1195354	64	618.8	473.2	458.0	473.5	442.5	1.56	4.58	0	822	0	0.81	5.5	20.8	0.0	0.0	28.73	0	1.2758	2.0438	675	678.44	950.47	
1195929	64	618.1	475.2	458.8	475.2	442.2	1.56	4.58	0	819	0	0.56	5.5	20.8	0.0	0.0	28.50	0	1.2758	2.0438	675	678.04	949.84	
1196452	64	617.3	477.8	460.0	478.2	442.2	1.56	4.58	0	814	0	0.56	5.5	20.8	0.0	0.0	28.43	0	1.2758	2.0438	675	677.64	949.84	
1196957	64	616.7	479.2	460.6	479.2	442.5	1.56	4.58	0	813	0	0.56	5.5	20.8	0.0	0.0	28.15	0	1.2758	2.0438	675	677.24	949.38	
1197555	64	615.9	481.5	461.8	481.8	442.2	1.56	4.58	0	825	0	0.56	5.5	20.8	0.0	0.0	26.72	0	1.2758	2.0438	675	676.84	949.30	
1198109	64	615.1	483.8	462.8	483.8	441.8	1.56	4.58	0	828	0	0.56	5.5	20.8	0.0	0.0	25.12	0	1.2758	2.0438	675	676.44	949.53	
1198641	64	614.5	485.8	463.5	485.8	441.8	1.44	4.58	0	861	0	0.56	5.5	20.8	0.0	0.0	20.16	0	1.2758	2.0438	675	675.93	948.91	
1199224	64	613.7	487.8	464.5	487.8	441.8	1.44	4.58	0	778	0	0.31	5.5	20.8	0.0	0.0	22.31	0	1.2758	2.0438	675	675.44	947.66	
1199774	64	613.0	489.8	465.6	490.2	441.8	1.56	4.58	0	766	0	0.31	5.5	20.8	0.0	0.0	23.46	0	1.2758	2.0438	675	675.04	947.11	
1200310	64	612.3	492.2	466.3	492.5	441.5	1.56	4.58	0	800	0	0.31	5.5	20.8	0.0	0.0	23.48	0	1.2758	2.0438	670	674.64	946.80	
1200848	64	611.7	493.8	467.6	494.2	441.5	1.44	4.58	0	815	0	0.56	5.5	20.8	0.0	0.0	23.04	0	1.2758	2.0438	670	674.15	946.72	
1201416	64	611.0	495.8	468.6	496.2	441.5	1.56	4.58	0	815	0	0.56	5.5	20.8	0.0	0.0	22.99	0	1.2758	2.0438	670	673.75	946.72	
1202030	64	610.2	498.2	469.6	498.2	441.2	1.56	4.58	0	815	0	0.31	5.5	20.8	0.0	0.0	22.97	0	1.2758	2.0438	670	673.14	946.88	
1202582	64	609.6	500.2	470.5	500.2	441.2	1.44	4.58	0	816	0	0.31	5.5	20.8	0.0	0.0	22.57	0	1.2758	2.0438	670	672.74	946.72	
1203164	65	608.9	501.8	471.5	502.2	441.2	1.44	4.58	0	814	0	0.56	5.5	20.8	0.0	0.0	23.06	0	1.2758	2.0438	670	672.25	946.64	
1203709	65	608.1	503.8	472.5	504.2	440.5	1.56	4.58	0	814	0	0.56	5.5	20.8	0.0	0.0	23.16	0	1.2758	2.0438	670	671.85	946.64	
1204345	65	607.5	505.8	473.3	505.8	440.8	1.56	4.58	0	815	0	0.31	5.5	20.8	0.0	0.0	22.85	0	1.2758	2.0438	670	671.24	946.80	
1204863	65	606.9	507.5	474.1	508.2	441.2	1.56	4.58	0	808	0	0.31	5.5	20.8	0.0	0.0	23.09	0	1.2758	2.0438	670	670.75	946.72	
1205422	65	606.1	509.8	475.1	509.8	440.8	1.56	4.58	0	810	0	0.56	5.5	20.8	0.0	0.0	23.25	0	1.2758	2.0438	670	670.23	946.64	
1205953	65	605.5	511.2	475.6	511.5	440.5	1.44	4.58	0	856	0	0.56	5.5	20.8	0.0	0.0	19.22	0	1.2758	2.0438	665	669.83	947.27	
1206480	65	604.8	513.2	476.8	513.2	440.5	1.44	4.58	0	800	0	0.31	5.5	20.8	0.0	0.0	20.23	0	1.2758	2.0438	665	669.44	946.72	
1206990	65	604.2	514.5	477.3	514.8	440.5	1.44	4.58	0	773	0	0.31	5.5	20.8	0.0	0.0	21.33	0	1.2758	2.0438	665	669.04	946.25	
1207515	65	603.6	516.2	478.1	516.5	440.5	1.44	4.58	0	775	0	0.31	5.5	20.8	0.0	0.0	22.20	0	1.2758	2.0438	665	668.55	946.09	
1208035	65	603.0	517.8	479.1	517.8	440.2	1.44	4.58	0	803	0	0.31	5.5	20.8	0.0	0.0	21.98	0	1.2758	2.0438	665	668.03	946.48	
1208560	65	602.4	519.2	479.8	519.2	440.5	1.44	4.58	0	813	0	0.31	5.5	20.8	0.0	0.0	21.63	0	1.2758	2.0438	665	667.63	946.56	
1209158	65	601.7	520.5	480.6	520.8	440.5	1.44	4.58	0	806	0	0.31	5.5	20.8	0.0	0.0	21.59	0	1.2758	2.0438	665	667.14	946.64	
1209692	65	601.1	522.2	481.0	522.2	440.5	1.56	4.58	0	800	0	0.31	5.5	20.8	0.0	0.0	21.98	0	1.2758	2.0438	665	666.74	946.41	
1210225	65	600.5	523.8	481.8	523.8	440.5	1.44	4.58	0	807	0	0.31	5.5	20.8	0.0	0.0	22.10	0	1.2758	2.0438	665	666.25	946.48	
1210820	65	599.8	524.8	482.5	525.2	440.2	1.44	4.58	0	806	0	0.31	5.5	20.8	0.0	0.0	22.48	0	1.2758	2.0438	665	665.73	946.17	
1211341	65	599.2	526.5	483.3	526.5	439.8	1.56	4.58	0	823	0	0.31	5.5	20.8	0.0	0.0	22.03	0	1.2758	2.0438	665	665.24	946.56	
1211864	65	598.6	527.8	484.0	528.2	439.8	1.44	4.58	0	817	0	0.31	5.5	20.8	0.0	0.0	21.91	0	1.2758	2.0438	660	664.84	946.48	
1212494	65	598.0	529.2	484.7	529.2	439.8	1.56	4.58	0	812	0	0.31	5.5	20.8	0.0	0.0	22.22	0	1.2758	2.0438	660	664.35	946.64	
1213023	65	597.3	530.2	485.0	530.5	440.2	1.44	4.58	0	812	0	0.31	5.5	20.8	0.0	0.0	22.24	0	1.2758	2.0438	660	663.83	946.72	
1213551	65	596.6	531.8	485.8	532.2	439.5	1.44	4.58	0	801	0	0.31	5.5	20.8	0.0	0.0	22.57	0	1.2758	2.0438	660	663.34	947.03	
1214069	65	596.0	533.2	486.5	533.2	439.8	1.56	4.58	0	804	0	0.31	5.5	20.8	0.0	0.0	24.56	0	1.2758	2.0438	660	662.94	946.64	
1214576	65	595.3	534.5	487.0	534.2	439.8	1.56	4.58	0	804	0	0.31	5.5	20.8	0.0	0.0	26.44	0	1.2758	2.0438	660	662.43	947.34	
1215102	65	594.7	535.8	487.6	535.5	439.8	1.56	4.58	0	827	0	0.56	5.5	20.8	0.0	0.0	25.38	0	1.2758	2.0438	660	662.03	946.80	
1215653	65	594.0	536.8	488.0	537.2	439.8	2.12	4.58	0	914	0	1.62	5.5	20.8	0.0	0.0	39.68	0	1.2758	2.0438	660	661.44	951.64	
1216176	65	593.2	537.5	488.5	537.5	439.5	1.75	4.58	0	921	1	1.38	5.5	20.8	0.0	0.0	39.16	0	1.2758	2.0438	660	660.83	955.70	
1216693	65	592.4	538.8	489.3	538.8	439.8	1.94	4.58	0	913	2	1.38	5.5	20.8	0.0	0.0	40.66	0	1.2758	2.0438	660	660.34	960.55	
1217210	65	591.6	539.8	489.6	539.8	439.8	1.94	4.58	0	888	3	1.38	5.5	20.8	0.0	0.0	40.64	0	1.2758	2.0438	655	659.73	964.69	
1217739	65	590.6	541.5	490.5	541.5	439.8	1.75	4.58	0	907	4	1.38	5.5	20.8	0.0	0.0	36.02	0	1.2758	2.0438	655	659.03	966.09	
1218245	65	589.7	542.8	491.0	542.5	439.5	1.75	4.58	0	1,022	5	0.81	5.5	20.8	0.0	0.0	25.88	0	1.2758	2.0438	655	658.44	961.72	
1218802	65	588.8	544.2	491.5	544.2	439.2	1.56	4.58	0	930	6	0.56	5.5	20.8	0.0	0.0	27.00	0	1.2758	2.0438	655	657.83	955.70	
1219366	65	587.7	545.5	492.3	545.5	439.8	1.75	4.58	0	1,076	6	0.81	5.5	20.8	0.0	0.0	27.30	0	1.2758	2.0438	655	657.04	953.67	
1219891	65	586.8	547.2	492.8	547.2	439.2	1.56	4.58	0	1,190	8	1.12	5.5	20.8	0.0	0.0	27.28	0	1.2758	2.0438	655	656.43	953.44	
1220421	65	585.9	548.2	493.7	548.5	439.5	1.56	4.58	0	1,195	9	1.12	5.5	20.8	0.0	0.0	27.84	0	1.2758	2.0438	655	655.84	953.36	
1221018	65	584.9	549.5	494.5	550.2	439.2	1.75	4.58	0	1,255	10	1.12	5.5	20.8	0.0	0.0	27.12	0	1.2758	2.0438	655	655.05	953.28	
1221543	65	583.9	551.2	495.1	551.2	439.5	1.75	4.58	0	1,371	11	1.38	5.5	20.8	0.0	0.0	27.96	0	1.2758	2.0438	650	654.13	954.84	
1222059	65	582.8	552.5	495.8	552.8	438.8	1.56	4.58	0	1,241	12	1.38	5.5	20.8	0.0	0.0	23.67	0	1.2758	2.0438	650	653.43	953.98	
1222652	65	581.7	554.5	497.0	554.8	439.2	1.44	4.58	0	967	12	0.56	5.5	20.8	0.0	0.0	19.31	0	1.2758	2.0438	650	652.75	949.84	
1223187	65	580.7	556.5	497.7	556.5	439.2	1.56	4.58	0	973	12	0.31	5.5	20.8	0.0	0.0	18.77	0	1.2758	2.0438	650	652.05	948.36	
1223703	65	579.9	558.2	498.3	558.2	439.2	1.56	4.58	0	977	13	0.56	5.5	20.8	0.0	0.0	18.07	0	1.2758	2.0438	650	651.44	947.50	
1224283	65	579.0	559.8	499.0	559.8	439.2	1.44	4.58	0	976	12	0.31	5.5	20.8	0.0	0.0	18.23	0	1.2758	2.0438	650	650.73	948.44	
1224824	65	578.2	561.2	499.6	560.5	439.2	1.44	4.58	0	928	12	0.31	5.5	20.8	0.0	0.0	20.25	0	1.2758	2.0438	650	650.03	948.20	
1225339	65	577.4	562.2	500.5	561.5	438.8	1.44	4.58	0	909	12	0.31	5.5	20.8	0.0	0.0	25.22	0	1.2758	2.0438	645	649.44	947.50	
1225893	65	576.6	563.5	500.8	563.2	438.8	1.44	4.58	0	931	12	0.56	5.5	20.8	0.0	0.0	22.95	0	1.2758	2.0438	645	648.83	948.36	
1226409	65	575.9	563.8	501.5	564.2	438.8	1.44	4.58	0	929	12	0.31	5.5	20.8	0.0	0.0	22.24	0	1.2758	2.0438	645	648.25	948.36	
1226982	65	575.1	564.8	502.0	564.8	438.8	1.56	4.58	0	967	12	0.56	5.5	20.8	0.0	0.0	21.19	0	1.2758	2.0438	645	647.55	948.36	
1227560	65	574.3	565.5	502.1	565.5	438.8	1.56	4.58	0	992	13	0.31	5.5	20.8	0.0	0.0	19.41	0	1.2758	2.0438	645	646.84	948.36	
1228073	65	573.6	566.2	502.3	566.5	438.5	1.56	4.58	0	1,006	13	0.31	5.5	20.8	0.0	0.0	17.95	0	1.2758	2.0438	645	646.23	947.66	
1228592	65	573.0	566.8	502.6	567.2	438.8	1.56	4.58	0	1,035	13	0.56	5.5	20.8	0.0	0.0	21.49	0	1.2758	2.0438	645	645.74	945.47	
1229108	65	572.2	567.5	503.1	567.5	438.5	1.75	4.58	0	1,119	14	0.81	5.5	20.8	0.0	0.0	28.05	0	1.2758	2.0438	645	645.13	948.12	
1229750	65	571.4	567.8	503.3	567.8	438.5	1.44	4.58	0	1,226	15	0.81	5.5	20.8	0.0	0.0	28.29	0	1.2758	2.0438	640	644.24	950.31	
1230274	65	570.6	568.8	503.5	568.5	438.5	1.94	4.58	0	1,246	16	1.38	5.5	20.8	0.0	0.0	36.33	0	1.2758	2.0438	640	643.54	949.92	
1230801	65	569.6	569.5	503.8	569.5	438.8	2.25	4.58	0	1,341	17	3.25	5.5	20.8	0.0	0.0	48.09	0	1.2758	2.0438	640	642.74	964.30	
1231317	65	568.4	570.5	504.0	570.2	438.5	2.62	4.58	0	1,519	19	4.88	5.5	20.8	0.0	0.0	51.45	0	1.2758	2.0438	640	641.85	995.86	
1231850	65	567.1	570.8	504.3	570.8	438.2	2.81	4.58	0	1,600	21	5.44	5.5	20.8	0.0	0.0	51.26	0	1.2758	2.0438	640	640.54	1,020.94	
1232409	65	565.6	572.5	505.2	572.5	438.2	3.50	4.58	0	1,740	23	7.88	5.5	20.8	0.0	0.0	58.88	0	1.2758	2.0438	635	639.34	1,023.75	
1232946	65	563.8	574.2	506.1	573.8	438.2	5.75	4.58	0	1,964	25	10.00	5.5	20.8	0.0	0.0	65.98	0	1.2758	2.0508	635	637.54	1,133.98	
1233466	64	561.9	575.8	506.8	575.8	438.2	7.50	4.58	0	2,167	28	15.44	5.5	20.8	0.0	0.0	72.00	0	1.2758	2.0508	635	635.85	1,249.53	
1233992	64	560.6	577.5	507.7	577.5	438.2	9.06	4.58	0	2,337	30	20.25	5.5	20.8	0.0	0.0	92.34	0	1.2758	2.0508	630	633.83	1,438.52	
1234568	64	559.8	580.5	509.0	580.2	438.5	6.94	4.58	0	1,744	33	17.31	5.5	20.4	0.0	0.0	92.67	0	1.2758	2.0375	630	631.23	1,389.77	
1235113	64	559.7	582.8	510.3	582.8	438.5	9.06	4.58	0	1,759	35	22.69	5.5	20.4	0.0	0.0	105.61	0	1.2758	2.0375	625	628.94	1,489.61	
1235654	63	560.5	585.8	512.1	586.5	438.5	11.50	4.58	0	1,860	38	27.81	5.5	20.4	0.0	0.0	103.43	0	1.2758	2.0375	625	626.15	1,375.00	
1236177	63	562.3	588.8	513.6	589.2	438.8	10.81	4.58	0	1,974	40	23.50	5.5	20.8	0.0	0.0	93.47	0	1.2758	2.0438	620	623.94	1,280.39	
1236700	62	564.8	591.8	515.0	591.8	438.5	10.25	4.58	0	2,079	42	20.56	5.5	20.8	0.0	0.0	83.77	0	1.2758	2.0438	620	621.74	1,193.52	
1237242	62	568.4	595.2	516.8	595.5	439.2	9.75	4.58	0	1,893	44	18.38	5.5	20.8	0.0	0.0	83.74	0	1.2758	2.0438	615	619.44	1,142.81	
1237885	61	572.5	598.5	518.5	598.5	439.2	4.69	4.58	0	1,552	45	14.88	5.5	20.8	0.0	0.0	82.62	0	1.2758	2.0438	615	617.43	1,160.94	
1238429	61	577.0	601.2	519.8	601.8	439.2	5.56	4.58	0	1,590	46	16.50	5.5	20.4	0.0	0.0	92.04	0	1.2758	2.0375	615	615.74	1,247.81	
1238945	61	582.3	604.5	522.0	604.5	439.5	6.81	4.58	0	1,657	48	18.38	5.5	20.8	0.0	0.0	93.66	0	1.2758	2.0508	610	614.55	1,269.77	
1239454	61	587.1	607.2	523.1	607.5	439.8	7.69	4.58	0	1,707	49	18.94	5.5	20.8	0.0	0.0	94.05	0	1.2758	2.0445	610	613.54	1,272.27	
1239974	61	592.7	609.8	524.6	609.8	440.2	8.00	4.58	0	1,751	51	19.44	5.5	20.8	0.0	0.0	92.53	0	1.2758	2.0508	610	612.93	1,273.91	
1240537	61	598.7	612.2	526.2	612.5	440.2	8.38	4.58	0	1,787	53	19.44	5.5	20.8	0.0	0.0	91.17	0	1.2758	2.0508	610	612.44	1,253.52	
1241065	61	604.9	614.2	527.0	614.5	440.2	8.88	4.58	0	1,859	54	19.19	5.5	20.8	0.0	0.0	88.73	0	1.2758	2.0508	610	612.34	1,231.25	
1241589	60	610.8	615.8	528.1	616.2	440.5	9.06	4.58	0	1,877	56	18.94	5.5	20.8	0.0	0.0	83.95	0	1.2758	2.0508	610	612.53	1,160.70	
1242115	60	617.3	618.5	529.1	618.5	440.8	8.19	4.58	0	1,923	57	15.69	5.5	20.8	0.0	0.0	76.78	0	1.2758	2.0508	610	613.05	1,102.11	
1242707	60	623.8	620.2	530.7	620.2	441.2	8.50	4.58	0	1,920	58	14.62	5.5	20.8	0.0	0.0	84.23	0	1.2758	2.0508	610	613.84	1,140.94	
1243199	60	629.5	621.5	531.2	621.5	441.2	5.25	4.58	0	1,642	58	15.94	5.5	20.8	0.0	0.0	87.23	0	1.2758	2.0508	610	614.85	1,182.11	
1243728	60	635.6	623.2	532.2	623.5	441.2	6.44	4.58	0	1,625	60	16.50	5.5	20.8	0.0	0.0	96.19	0	1.2758	2.0508	615	616.23	1,297.27	
1244335	60	642.3	624.5	533.0	624.5	441.5	6.81	4.58	0	1,582	61	18.94	5.5	20.8	0.0	0.0	98.51	0	1.2758	2.0508	615	617.94	1,365.39	
1244860	60	647.9	625.5	533.6	625.8	441.8	8.50	4.58	0	1,654	62	21.06	5.5	20.8	0.0	0.0	108.19	0	1.2758	2.0508	615	619.54	1,415.94	
1245384	60	654.0	626.5	534.0	626.5	441.5	8.19	4.58	0	1,638	63	22.44	5.5	20.8	0.0	0.0	103.05	0	1.2758	2.0508	620	621.44	1,451.48	
1245938	60	660.2	627.5	534.6	627.5	441.8	9.56	4.58	0	1,704	65	24.06	5.5	20.8	0.0	0.0	109.34	0	1.2758	2.0508	620	624.04	1,462.58	
1246581	60	666.4	628.5	535.3	628.2	442.5	9.38	4.58	0	1,752	66	22.19	5.5	20.8	0.0	0.0	104.30	0	1.2758	2.0508	625	626.94	1,470.23	
1247083	60	672.1	629.2	535.8	629.2	442.2	10.06	4.58	0	1,763	68	23.75	5.5	20.8	0.0	0.0	106.99	0	1.2758	2.0508	625	629.64	1,463.75	
1247646	59	679.4	630.5	536.5	630.2	443.2	10.62	4.58	0	1,815	69	24.88	5.5	20.8	0.0	0.0	108.52	0	1.2758	2.0508	630	633.04	1,481.64	
1248152	59	684.9	631.2	536.8	631.2	442.8	10.81	4.58	0	1,833	71	25.38	5.5	20.8	0.0	0.0	106.43	0	1.2758	2.0508	635	636.04	1,472.97	
1248706	59	691.0	631.5	537.6	631.8	443.5	10.44	4.58	0	1,855	72	24.06	5.5	20.8	0.0	0.0	81.38	0	1.2758	2.0508	635	639.25	1,249.14	
1249255	59	696.8	632.5	538.0	632.5	443.5	6.94	4.58	0	1,904	73	12.19	5.5	20.8	0.0	0.0	73.38	0	1.2758	2.0508	640	643.14	1,157.11	
1249773	59	702.2	633.8	538.5	634.2	443.5	8.19	4.58	0	1,930	74	17.00	5.5	20.8	0.0	0.0	89.55	0	1.2758	2.0508	645	646.35	1,310.86	
1250295	59	707.0	634.8	539.5	634.8	444.2	6.94	4.58	0	1,563	74	19.19	5.5	20.8	0.0	0.0	104.79	0	1.2758	2.0508	645	649.63	1,419.77	
1250868	59	712.5	636.2	540.0	636.2	444.8	8.69	4.58	0	1,624	75	23.00	5.5	20.8	0.0	0.0	111.54	0	1.2758	2.0508	650	653.64	1,494.92	
1251436	59	717.5	637.2	541.0	637.2	444.5	9.25	4.58	0	1,644	77	24.88	5.5	20.8	0.0	0.0	113.60	0	1.2758	2.0508	655	657.83	1,491.02	
1251999	59	722.1	638.5	541.5	638.5	444.8	2.62	4.58	0	1,594	77	7.56	5.5	20.8	0.0	0.0	34.05	0	1.2758	2.0508	660	661.05	1,072.73	
1252522	58	725.3	639.8	542.3	640.2	445.2	0.69	4.58	0	1,611	77	1.62	5.5	20.8	0.0	0.0	37.50	0	1.2758	2.0508	660	663.53	993.52	
1253118	58	728.5	641.5	543.1	641.5	445.5	5.06	4.58	0	1,780	77	8.12	5.5	20.8	0.0	0.0	66.02	0	1.2758	2.0508	665	666.93	1,068.75	
1253644	58	730.9	642.5	544.1	642.8	445.5	6.12	4.58	0	1,639	77	15.69	5.5	20.8	0.0	0.0	98.39	0	1.2758	2.0508	670	670.63	1,287.89	
1254172	59	733.5	643.8	544.6	643.8	445.8	8.38	4.58	0	1,654	78	23.25	5.5	20.8	0.0	0.0	114.73	0	1.2758	2.0508	670	673.84	1,505.78	
1254689	59	736.3	645.2	545.5	645.5	445.8	11.81	4.58	0	1,762	79	29.75	5.5	20.8	0.0	0.0	125.88	0	1.2758	2.0445	675	677.03	1,586.33	
1255350	59	739.2	646.5	546.3	647.2	446.5	10.94	4.58	0	1,739	81	29.19	5.5	20.8	0.0	0.0	117.14	0	1.2758	2.0516	680	681.65	1,649.38	
1255860	58	742.0	648.2	547.1	648.5	446.5	11.81	4.58	0	1,726	82	31.06	5.5	20.8	0.0	0.0	123.02	1	1.2758	2.0516	685	685.05	1,690.86	
1256406	58	745.1	650.2	548.3	650.2	446.8	12.88	4.58	0	1,763	84	33.50	5.5	20.8	0.0	0.0	126.00	1	1.2758	2.0516	685	688.35	1,753.83	
1256973	58	748.2	652.8	550.0	653.2	447.2	14.25	4.58	0	1,792	85	37.00	5.5	20.8	0.0	0.0	127.78	1	1.2758	2.0516	690	692.43	1,746.72	
1257488	58	750.8	655.2	551.1	655.2	447.2	14.25	4.58	0	1,838	86	38.38	5.5	20.8	0.0	0.0	130.59	1	1.2758	2.0578	695	695.85	1,794.45	
1258072	58	753.9	658.2	552.8	658.5	447.8	14.62	4.58	0	1,859	88	38.38	5.5	20.8	0.0	0.0	129.02	1	1.2758	2.0578	700	699.93	1,761.72	
1258579	57	756.5	661.5	554.6	661.5	448.5	15.12	4.58	0	1,888	89	38.88	5.5	20.8	0.0	0.0	131.86	1	1.2758	2.0578	700	703.35	1,805.00	
1259095	57	759.1	664.5	556.3	664.5	448.8	16.50	4.58	0	1,932	90	43.25	5.5	21.2	0.0	0.0	136.90	1	1.2758	2.0641	705	706.75	1,853.83	
1259641	57	762.0	668.5	558.3	668.5	449.2	18.06	4.58	0	1,928	92	46.44	5.5	21.2	0.0	0.0	137.74	1	1.2758	2.0641	710	710.85	1,865.62	
1260164	57	764.7	672.5	560.6	672.5	450.2	17.88	4.58	0	1,963	93	46.75	5.5	21.2	0.0	0.0	136.12	1	1.2758	2.0703	710	714.25	1,829.69	
1260694	57	767.7	676.5	562.8	676.8	450.5	17.38	4.58	0	1,997	94	44.00	5.5	21.2	0.0	0.0	127.80	1	1.2758	2.0703	715	717.53	1,666.33	
1261212	57	770.5	680.5	565.3	680.8	451.2	14.75	4.58	0	2,001	95	36.75	5.5	21.2	0.0	0.0	115.78	1	1.2758	2.0703	720	720.83	1,582.73	
1261725	56	773.8	685.2	567.6	685.5	451.5	14.06	4.58	0	2,034	96	35.38	5.5	21.2	0.0	0.0	114.09	1	1.2758	2.0703	720	724.05	1,541.64	
1262240	56	777.0	689.8	570.8	689.5	452.5	13.75	4.58	0	2,080	97	34.56	5.5	21.2	0.0	0.0	111.05	1	1.2758	2.0641	725	727.75	1,524.14	
1262804	56	780.5	694.2	573.1	694.5	452.8	5.75	4.58	0	2,039	98	8.38	5.5	21.2	0.0	0.0	31.52	1	1.2758	2.0711	730	730.54	1,043.44	
1263424	56	783.0	698.8	576.1	699.2	453.5	1.06	4.58	0	2,029	97	0.56	5.5	21.2	0.0	0.0	12.00	1	1.2758	2.0641	730	733.35	967.89	
1263937	55	784.7	703.2	578.7	703.8	453.8	-3.38	4.58	0	1,806	97	0.81	5.5	21.2	0.0	0.0	17.02	1	1.2758	2.0703	730	735.04	960.31	
1264446	56	786.3	707.5	580.8	707.5	454.5	0.19	4.58	0	1,691	96	1.38	5.5	21.2	0.0	0.0	16.71	1	1.2758	2.0641	735	736.63	958.44	
1264955	56	787.6	710.2	582.1	710.5	454.5	0.19	4.58	0	1,676	95	1.12	5.5	21.2	0.0	0.0	16.92	1	1.2758	2.0766	735	738.13	964.14	
1265467	56	788.7	712.8	583.8	713.2	455.2	0.38	4.58	0	1,656	94	1.12	5.5	21.2	0.0	0.0	16.83	1	1.2758	2.0695	735	739.54	966.09	
1266004	57	789.7	714.2	584.5	714.2	455.5	4.00	4.58	0	1,646	94	1.38	5.5	21.2	0.0	0.0	17.70	0	1.2758	2.0695	740	740.85	952.03	
1266540	57	790.7	715.8	585.5	715.8	455.5	3.12	4.58	0	1,730	93	4.88	5.5	21.2	0.0	0.0	56.11	0	1.2758	2.0758	740	742.75	982.34	
1267053	58	791.6	716.5	585.8	716.2	455.5	3.81	4.58	0	1,670	94	8.38	5.5	21.2	0.0	0.0	62.20	0	1.2758	2.0758	740	744.44	1,065.00	
1267598	58	792.2	716.2	586.0	716.2	455.8	4.38	4.58	0	1,677	94	10.00	5.5	21.2	0.0	0.0	71.48	0	1.2758	2.0758	745	746.03	1,135.39	
1268158	58	792.7	716.8	586.3	716.5	455.8	5.25	4.58	0	1,677	94	12.19	5.5	21.2	0.0	0.0	75.89	0	1.2758	2.0758	745	747.93	1,182.58	
1268687	58	793.1	717.5	586.8	717.5	455.8	2.62	4.58	0	1,581	94	7.31	5.5	21.6	0.0	0.0	20.91	0	1.2758	2.0891	745	749.33	1,028.75	
1269284	57	793.2	718.8	587.5	718.8	456.5	0.69	4.58	0	1,633	94	1.12	5.5	21.6	0.0	0.0	12.02	0	1.2758	2.0820	750	750.53	973.52	
1269800	57	793.2	720.2	588.0	720.5	456.5	1.06	4.58	0	1,617	93	1.12	5.5	21.6	0.0	0.0	16.92	0	1.2758	2.0820	750	751.54	963.36	
1270308	57	793.2	720.8	588.3	720.8	456.2	1.25	4.58	0	1,640	93	1.12	5.5	21.6	0.0	0.0	29.58	0	1.2758	2.0820	750	752.43	955.55	
1270817	58	793.0	721.5	588.6	721.5	456.5	3.12	4.58	0	1,689	93	5.44	5.5	21.2	0.0	0.0	55.22	0	1.2758	2.0758	750	753.44	1,001.41	
1271361	58	792.6	721.5	589.0	721.8	456.2	1.44	4.58	0	1,633	92	2.19	5.5	21.6	0.0	0.0	19.66	0	1.2758	2.0891	750	754.63	981.56	
1271940	58	792.2	722.2	589.2	721.8	456.5	0.38	4.58	0	1,593	92	1.12	5.5	21.6	0.0	0.0	11.79	0	1.2758	2.0828	755	755.55	962.19	
1272375	58	791.7	721.8	588.8	722.2	455.5	1.44	4.58	0	1,591	91	0.56	5.5	21.6	0.0	0.0	16.80	0	1.2758	2.0828	755	756.04	958.28	
1272882	58	791.3	721.8	588.6	721.8	455.5	0.19	4.58	0	1,602	91	1.12	5.5	21.2	0.0	0.0	17.58	0	1.2758	2.0766	755	756.74	957.19	
1273437	58	790.8	721.5	588.5	721.5	455.5	0.19	4.58	0	1,585	90	1.12	5.5	21.2	0.0	0.0	17.37	0	1.2758	2.0766	755	757.44	963.20	
1274017	59	790.4	720.8	588.0	721.2	455.2	0.19	4.58	0	1,574	89	1.94	5.5	21.6	0.0	0.0	15.80	0	1.2758	2.0836	755	758.03	961.88	
1274597	59	789.8	719.8	587.3	719.5	455.2	2.25	4.58	0	1,603	89	3.25	5.5	21.2	0.0	0.0	53.65	0	1.2758	2.0773	755	758.73	968.59	
1275123	59	789.0	718.5	586.8	718.5	454.8	3.69	4.58	0	1,637	89	7.88	5.5	21.2	0.0	0.0	63.70	0	1.2758	2.0703	755	759.53	1,048.28	
1275629	59	787.8	717.5	586.0	717.5	454.5	4.88	4.58	0	1,613	89	14.06	5.5	21.6	0.0	0.0	89.41	0	1.2758	2.0844	760	760.23	1,207.58	
1276200	59	786.2	716.5	585.5	716.5	453.8	6.44	4.58	0	1,596	90	19.44	5.5	21.2	0.0	0.0	99.00	0	1.2758	2.0773	760	760.84	1,291.72	
1276724	59	784.7	716.5	585.1	716.5	453.8	7.50	4.58	0	1,667	90	21.38	5.5	21.2	0.0	0.0	97.59	0	1.2758	2.0773	760	761.43	1,313.28	
1277250	58	783.2	717.2	585.3	717.2	453.8	7.31	4.58	0	1,594	91	23.50	5.5	21.2	0.0	0.0	55.48	0	1.2758	2.0703	760	761.94	1,113.12	
1277770	58	781.6	717.5	585.3	717.5	453.5	1.56	4.58	0	1,663	90	2.75	5.5	21.2	0.0	0.0	18.63	0	1.2758	2.0703	760	762.25	1,009.61	
1278294	57	780.5	718.5	585.7	718.5	453.2	0.56	4.58	0	1,579	90	1.12	5.5	21.2	0.0	0.0	10.88	0	1.2758	2.0773	760	762.53	970.47	
1278845	57	779.4	719.8	586.5	719.8	453.2	0.69	4.58	0	1,515	89	1.12	5.5	21.2	0.0	0.0	16.85	0	1.2758	2.0711	760	762.74	961.25	
1279359	57	778.4	721.2	587.0	720.8	452.5	0.00	4.58	0	1,568	88	1.12	5.5	21.2	0.0	0.0	17.44	0	1.2758	2.0711	760	763.05	958.44	
1279886	58	777.5	721.8	587.0	721.5	452.5	0.19	4.58	0	1,553	88	1.12	5.5	21.2	0.0	0.0	17.25	0	1.2758	2.0648	760	763.14	964.22	
1280510	58	776.7	721.5	586.8	721.5	451.8	0.38	4.58	0	1,531	87	1.38	5.5	21.2	0.0	0.0	13.55	0	1.2758	2.0648	760	763.44	961.56	
1281018	58	775.9	721.5	586.6	721.2	451.8	2.12	4.58	0	1,593	87	3.00	5.5	21.2	0.0	0.0	52.88	0	1.2758	2.0719	760	763.63	963.05	
1281596	59	774.3	720.8	586.3	720.8	450.8	3.31	4.58	0	1,621	87	7.88	5.5	21.2	0.0	0.0	77.81	0	1.2758	2.0719	760	763.84	1,084.30	
1282135	59	772.5	720.5	585.6	720.5	450.5	8.69	4.58	0	1,844	88	21.38	5.5	21.2	0.0	0.0	108.40	0	1.2758	2.0648	760	763.84	1,395.08	
1282696	58	770.5	720.2	585.5	720.2	450.8	11.12	4.58	0	1,846	88	28.38	5.5	21.2	0.0	0.0	106.83	0	1.2758	2.0648	760	763.84	1,408.91	
1283206	58	768.6	720.5	585.5	720.5	450.5	10.94	4.58	0	1,877	89	27.31	5.5	21.2	0.0	0.0	103.92	0	1.2758	2.0648	760	763.54	1,414.45	
1283761	57	766.3	721.5	585.8	721.5	450.5	12.69	4.58	0	1,986	90	30.25	5.5	21.2	0.0	0.0	103.36	0	1.2758	2.0719	760	763.14	1,388.83	
1284286	57	764.5	723.2	586.5	723.2	449.8	10.81	4.58	0	1,904	91	26.19	5.5	20.8	0.0	0.0	95.44	0	1.2758	2.0578	760	762.74	1,179.53	
1284833	56	762.9	725.5	587.5	725.5	449.8	3.00	4.58	0	1,910	91	4.06	5.5	21.2	0.0	0.0	22.88	0	1.2758	2.0648	760	762.25	1,040.08	
1285395	55	761.7	728.5	588.8	728.8	449.8	1.06	4.58	0	1,909	90	0.81	5.5	20.8	0.0	0.0	10.80	0	1.2758	2.0578	760	761.94	977.50	
1285951	55	760.6	731.2	590.1	731.5	449.5	0.19	4.58	0	1,579	90	1.38	5.5	21.2	0.0	0.0	16.97	0	1.2758	2.0648	760	761.55	964.77	
1286466	56	759.8	733.5	591.3	733.8	449.5	0.19	4.58	0	1,572	89	1.12	5.5	21.2	0.0	0.0	17.18	0	1.2758	2.0648	760	761.24	959.92	
1286994	56	759.0	735.5	591.8	735.5	449.2	0.19	4.58	0	1,560	88	1.12	5.5	21.2	0.0	0.0	16.45	0	1.2758	2.0648	760	761.03	966.09	
1287520	57	758.4	736.8	592.6	736.8	449.2	0.19	4.58	0	1,547	88	1.38	5.5	20.8	0.0	0.0	17.02	0	1.2758	2.0516	760	760.75	966.17	
1288053	57	757.7	737.8	593.3	737.8	448.8	0.19	4.58	0	1,531	87	1.38	5.5	20.8	0.0	0.0	16.97	0	1.2758	2.0516	760	760.44	966.33	
1288685	58	757.1	738.2	593.3	737.8	448.5	0.19	4.58	0	1,523	86	1.38	5.5	20.8	0.0	0.0	17.06	0	1.2758	2.0516	760	760.14	965.78	
1289220	58	756.6	737.5	592.8	737.5	447.8	0.19	4.58	0	1,514	86	1.38	5.5	20.8	0.0	0.0	17.32	0	1.2758	2.0516	760	759.93	966.09	
1289747	58	756.0	737.2	592.5	736.8	447.2	0.19	4.58	0	1,500	85	1.38	5.5	20.8	0.0	0.0	17.46	0	1.2758	2.0516	755	759.65	966.02	
1290344	59	755.5	736.5	591.8	736.5	447.2	0.19	4.58	0	1,483	84	1.38	5.5	20.8	0.0	0.0	17.44	0	1.2758	2.0453	755	759.44	965.78	
1290908	59	755.1	734.8	591.0	734.8	446.2	0.19	4.58	0	1,471	84	1.12	5.5	20.8	0.0	0.0	17.23	0	1.2758	2.0586	755	759.25	965.23	
1291415	59	754.7	733.8	590.3	733.5	445.8	0.19	4.58	0	1,458	83	1.12	5.5	20.8	0.0	0.0	17.67	0	1.2758	2.0516	755	759.13	965.23	
1291925	59	754.4	732.2	589.6	732.5	445.8	0.19	4.58	0	1,450	82	1.38	5.5	20.8	0.0	0.0	17.86	0	1.2758	2.0516	755	758.94	964.84	
1292453	60	754.1	730.5	588.1	730.5	445.2	0.19	4.58	0	1,432	82	1.12	5.5	20.8	0.0	0.0	17.86	0	1.2758	2.0453	755	758.85	965.00	
1292982	60	753.8	729.5	587.1	729.5	444.8	0.38	4.58	0	1,422	81	1.12	5.5	20.8	0.0	0.0	18.00	0	1.2758	2.0586	755	758.73	964.53	
1293556	60	753.4	727.2	585.8	727.2	444.2	0.38	4.58	0	1,406	80	0.81	5.5	20.8	0.0	0.0	17.98	0	1.2758	2.0523	755	758.64	964.14	
1294075	60	753.1	725.8	585.0	725.8	444.2	0.38	4.58	0	1,393	79	0.81	5.5	20.8	0.0	0.0	18.23	0	1.2758	2.0453	755	758.55	964.22	
1294602	60	752.9	723.8	584.0	723.5	443.2	0.38	4.58	0	1,382	78	0.81	5.5	20.8	0.0	0.0	18.02	0	1.2758	2.0523	755	758.43	963.75	
1295125	61	752.6	722.2	582.5	721.8	442.8	0.38	4.58	0	1,374	78	0.81	5.5	20.8	0.0	0.0	18.16	0	1.2758	2.0523	755	758.33	963.67	
1295710	61	752.3	719.8	581.3	719.8	442.2	0.38	4.58	0	1,359	77	1.12	5.5	20.8	0.0	0.0	18.23	0	1.2758	2.0523	755	758.24	963.44	
1296257	61	752.0	717.8	580.1	717.8	441.5	0.56	4.58	0	1,347	76	0.81	5.5	20.8	0.0	0.0	18.33	0	1.2758	2.0523	755	758.15	963.28	
1296800	61	751.7	715.5	578.6	715.5	440.8	0.56	4.58	0	1,338	76	0.81	5.5	20.8	0.0	0.0	18.59	0	1.2758	2.0523	755	758.03	962.66	
1297414	61	751.4	713.8	577.3	713.5	440.5	0.56	4.58	0	1,325	75	0.81	5.5	20.8	0.0	0.0	18.56	0	1.2758	2.0523	755	757.94	962.73	
1297950	62	751.2	712.2	575.8	711.8	440.2	0.56	4.58	0	1,311	75	0.81	5.5	20.8	0.0	0.0	18.68	0	1.2758	2.0523	755	757.84	962.27	
1298483	62	750.8	709.5	574.5	709.5	439.5	0.38	4.58	0	1,301	74	0.81	5.5	20.8	0.0	0.0	18.61	0	1.2758	2.0523	755	757.75	961.56	
1299025	62	750.6	707.5	573.1	707.5	438.5	0.56	4.58	0	1,292	73	0.81	5.5	20.8	0.0	0.0	18.80	0	1.2758	2.0523	755	757.63	961.56	
1299598	62	750.2	705.5	572.1	705.2	437.5	0.38	4.58	0	1,281	72	0.81	5.5	20.8	0.0	0.0	18.68	0	1.2758	2.0523	755	757.54	961.33	
1300138	62	749.9	703.2	570.5	703.2	437.2	0.56	4.58	0	1,265	72	0.81	5.5	20.8	0.0	0.0	18.80	0	1.2758	2.0523	755	757.44	961.33	
1300671	62	749.6	701.2	569.3	701.2	436.5	0.69	4.58	0	1,249	71	0.56	5.5	20.8	0.0	0.0	18.75	0	1.2758	2.0523	755	757.35	960.94	
1301186	62	749.3	699.5	568.0	699.2	436.2	0.69	4.58	0	1,248	70	0.56	5.5	20.8	0.0	0.0	19.05	0	1.2758	2.0523	755	757.23	961.17	
1301729	63	749.0	697.5	566.6	697.5	435.5	0.69	4.58	0	1,234	70	0.56	5.5	20.8	0.0	0.0	18.87	0	1.2758	2.0523	755	757.05	960.47	
1302304	63	748.7	695.5	565.5	695.5	434.8	0.69	4.58	0	1,219	69	0.56	5.5	20.8	0.0	0.0	19.15	0	1.2758	2.0523	755	756.93	960.23	
1302834	63	748.4	693.8	564.3	693.8	434.2	0.88	4.58	0	1,212	69	0.56	5.5	20.8	0.0	0.0	18.89	0	1.2758	2.0523	755	756.83	959.61	
1303384	63	748.0	691.2	562.6	691.5	433.5	0.88	4.58	0	1,200	68	0.56	5.5	20.8	0.0	0.0	19.03	0	1.2758	2.0523	755	756.74	959.77	
1303888	63	747.7	689.8	561.5	689.5	433.2	0.88	4.58	0	1,189	68	0.56	5.5	20.8	0.0	0.0	19.01	0	1.2758	2.0523	755	756.53	959.30	
1304475	63	747.3	687.8	560.3	687.8	432.2	0.88	4.58	0	1,181	67	0.56	5.5	20.8	0.0	0.0	19.90	0	1.2758	2.0523	755	756.34	959.77	
1305009	63	747.0	686.5	559.0	685.8	431.2	1.94	4.58	0	1,151	67	1.38	5.5	20.8	0.0	0.0	49.20	0	1.2758	2.0523	755	756.25	951.33	
1305572	63	746.4	684.8	557.6	684.5	430.2	3.12	4.58	0	1,436	67	6.75	5.5	20.8	0.0	0.0	64.83	0	1.2758	2.0523	755	755.94	1,011.09	
1306183	63	745.2	682.8	556.8	682.5	429.8	4.56	4.58	0	1,433	68	12.19	5.5	20.8	0.0	0.0	96.87	0	1.2758	2.0523	755	755.55	1,191.72	
1306704	63	744.0	681.8	555.8	682.2	429.8	6.12	4.58	0	1,434	68	18.38	5.5	20.8	0.0	0.0	109.52	0	1.2758	2.0523	755	755.03	1,352.27	
1307323	62	742.0	681.5	555.3	681.2	428.8	6.25	4.58	0	1,476	70	20.00	5.5	20.8	0.0	0.0	103.90	0	1.2758	2.0523	750	754.23	1,335.08	
1307890	60	740.1	682.5	555.3	682.2	428.2	6.25	4.58	0	1,483	71	20.56	5.5	20.4	0.0	0.0	100.24	0	1.2758	2.0391	750	753.25	1,327.81	
1308467	59	738.3	683.5	555.8	683.5	427.8	6.62	4.58	0	1,526	72	21.88	5.5	20.8	0.0	0.0	96.35	0	1.2758	2.0453	750	752.15	1,183.83	
1308978	59	737.0	685.5	556.5	685.5	427.5	2.12	4.58	0	1,576	72	4.88	5.5	20.8	0.0	0.0	27.91	0	1.2758	2.0453	750	751.35	1,038.98	
1309528	58	735.9	688.8	557.5	688.8	427.5	1.06	4.58	0	1,475	71	1.12	5.5	20.8	0.0	0.0	12.42	0	1.2758	2.0453	750	750.53	977.81	
1310061	58	735.0	691.8	559.1	692.2	426.8	0.38	4.58	0	1,458	71	0.81	5.5	20.8	0.0	0.0	16.55	0	1.2758	2.0523	750	750.04	962.81	
1310574	58	734.1	694.5	560.1	694.8	426.5	0.19	4.58	0	1,480	70	1.12	5.5	20.8	0.0	0.0	18.07	0	1.2758	2.0461	745	749.55	958.83	
1311087	58	733.4	696.5	561.5	696.8	426.2	0.69	4.58	0	1,254	70	0.56	5.5	20.8	0.0	0.0	17.44	0	1.2758	2.0461	745	749.03	962.11	
1311643	58	732.7	698.5	562.1	698.5	426.2	0.88	4.58	0	1,226	69	1.12	5.5	20.8	0.0	0.0	21.56	0	1.2758	2.0461	745	748.54	946.56	
1312192	59	731.9	700.2	562.6	700.2	425.5	2.81	4.58	0	1,316	69	4.62	5.5	20.8	0.0	0.0	58.38	0	1.2758	2.0461	745	748.05	976.95	
1312714	59	730.8	700.8	563.0	701.2	424.8	3.69	4.58	0	1,471	70	10.25	5.5	20.4	0.0	0.0	85.59	0	1.2758	2.0391	745	747.34	1,096.72	
1313245	59	729.5	701.8	563.1	702.2	424.5	5.38	4.58	0	1,473	70	16.75	5.5	20.8	0.0	0.0	102.61	0	1.2758	2.0461	745	746.33	1,278.44	
1313774	59	728.1	703.5	563.8	703.2	424.5	6.25	4.58	0	1,490	71	21.38	5.5	20.8	0.0	0.0	101.81	0	1.2758	2.0461	745	745.44	1,271.25	
1314309	58	727.0	704.8	564.3	704.8	424.5	6.12	4.58	0	1,550	72	20.00	5.5	20.8	0.0	0.0	96.84	0	1.2758	2.0461	740	744.44	1,276.17	
1314813	58	726.2	706.5	565.0	706.8	423.8	7.12	4.58	0	1,620	73	21.06	5.5	20.8	0.0	0.0	95.88	0	1.2758	2.0461	740	743.33	1,233.91	
1315361	58	725.2	709.2	566.7	709.5	424.2	6.12	4.58	0	1,559	73	20.00	5.5	20.8	0.0	0.0	92.32	0	1.2758	2.0461	740	742.05	1,202.58	
1315860	57	724.6	712.5	568.2	712.5	423.8	4.00	4.58	0	1,585	74	14.62	5.5	20.8	0.0	0.0	65.44	0	1.2758	2.0461	740	740.94	1,066.80	
1316380	57	724.3	715.8	569.3	715.8	423.8	4.19	4.58	0	1,692	74	11.06	5.5	20.8	0.0	0.0	63.61	0	1.2758	2.0461	740	739.94	1,012.03	
1316899	57	723.9	718.8	570.8	719.2	423.5	4.56	4.58	0	1,573	75	13.25	5.5	20.8	0.0	0.0	63.23	0	1.2758	2.0398	735	738.93	1,076.33	
1317464	57	723.3	722.8	573.0	723.2	423.5	3.31	4.58	0	1,589	75	8.94	5.5	20.8	0.0	0.0	37.12	0	1.2758	2.0469	735	737.94	1,041.64	
1317988	57	722.7	726.5	574.6	726.5	423.2	0.69	4.58	0	1,590	75	1.38	5.5	20.8	0.0	0.0	15.56	0	1.2758	2.0398	735	737.24	985.00	
1318548	56	722.1	729.8	576.3	730.2	423.5	0.56	4.58	0	1,541	74	0.31	5.5	20.8	0.0	0.0	10.83	0	1.2758	2.0398	735	736.54	963.75	
1319067	56	721.6	732.5	577.8	732.8	423.2	0.56	4.58	0	1,548	74	1.12	5.5	20.8	0.0	0.0	17.02	0	1.2758	2.0398	735	736.05	958.75	
1319612	57	721.2	735.2	579.0	734.8	423.5	0.38	4.58	0	1,459	73	0.81	5.5	20.8	0.0	0.0	17.55	0	1.2758	2.0398	735	735.53	956.95	
1320173	57	720.8	736.8	579.8	737.2	422.8	0.88	4.58	0	1,287	72	0.81	5.5	20.8	0.0	0.0	16.83	0	1.2758	2.0398	735	734.94	961.72	
1320692	57	720.5	737.5	580.3	737.8	422.5	0.88	4.58	0	1,273	72	0.56	5.5	20.8	0.0	0.0	17.11	0	1.2758	2.0398	730	734.55	961.72	
1321233	58	720.2	738.5	580.5	738.5	422.8	0.88	4.58	0	1,248	71	0.56	5.5	20.8	0.0	0.0	17.04	0	1.2758	2.0398	730	734.15	961.41	
1321802	58	720.0	738.5	580.5	738.2	422.5	0.88	4.58	0	1,247	71	0.56	5.5	20.4	0.0	0.0	17.27	0	1.2758	2.0328	730	733.75	961.17	
1322322	58	719.7	738.2	580.3	738.2	422.2	0.69	4.58	0	1,233	70	0.56	5.5	20.4	0.0	0.0	17.20	0	1.2758	2.0328	730	733.35	960.86	
1322940	58	719.6	737.5	579.5	737.2	422.2	0.69	4.58	0	1,217	69	0.56	5.5	20.4	0.0	0.0	17.25	0	1.2758	2.0469	730	733.05	960.62	
1323479	59	719.4	736.2	579.0	736.2	421.8	0.88	4.58	0	1,210	69	0.56	5.5	20.8	0.0	0.0	17.09	0	1.2758	2.0398	730	732.74	960.23	
1323995	59	719.2	734.8	578.3	735.2	421.5	0.88	4.58	0	1,205	68	0.56	5.5	20.8	0.0	0.0	17.32	0	1.2758	2.0398	730	732.44	960.08	
1324495	59	719.1	733.5	577.3	733.5	421.2	0.88	4.58	0	1,188	68	0.56	5.5	20.4	0.0	0.0	17.32	0	1.2758	2.0336	730	732.25	959.61	
1325057	59	718.9	732.2	576.5	731.8	420.8	0.88	4.58	0	1,181	67	0.56	5.5	20.4	0.0	0.0	17.27	0	1.2758	2.0406	730	731.94	959.53	
1325592	60	718.8	730.2	575.6	730.2	420.2	1.06	4.58	0	1,170	67	0.56	5.5	20.8	0.0	0.0	17.44	0	1.2758	2.0406	730	731.73	959.22	
1326121	60	718.7	727.8	574.3	728.2	420.2	1.06	4.58	0	1,161	66	0.56	5.5	20.4	0.0	0.0	17.37	0	1.2758	2.0336	730	731.55	958.83	
1326642	60	718.6	726.2	572.8	726.2	419.8	1.06	4.58	0	1,150	65	0.56	5.5	20.4	0.0	0.0	17.46	0	1.2758	2.0406	730	731.33	958.67	
1327165	60	718.4	724.5	571.8	724.2	419.2	3.00	4.58	0	1,152	65	0.81	5.5	20.8	0.0	0.0	21.30	0	1.2758	2.0406	730	731.15	946.56	
1327690	60	718.3	722.5	571.2	722.2	418.8	2.81	4.58	0	1,379	65	4.31	5.5	20.8	0.0	0.0	60.40	0	1.2758	2.0406	730	730.84	967.03	
1328251	61	717.8	720.5	569.6	720.2	418.5	3.31	4.58	0	1,374	65	7.56	5.5	20.8	0.0	0.0	69.80	0	1.2758	2.0406	730	730.44	1,048.75	
1328784	60	717.3	718.5	568.3	718.5	418.2	4.69	4.58	0	1,372	66	11.62	5.5	20.8	0.0	0.0	89.37	0	1.2758	2.0406	730	730.05	1,166.41	
1329347	60	716.8	717.2	567.5	717.2	417.8	5.25	4.58	0	1,435	66	17.31	5.5	20.4	0.0	0.0	98.67	0	1.2758	2.0336	725	729.44	1,164.92	
1329889	60	716.2	716.5	567.3	716.5	417.5	4.38	4.58	0	1,391	66	8.94	5.5	20.4	0.0	0.0	25.73	0	1.2758	2.0336	725	728.94	1,036.48	
1330439	59	715.6	716.8	567.0	716.8	417.5	0.88	4.58	0	1,338	66	0.81	5.5	20.4	0.0	0.0	13.24	0	1.2758	2.0336	725	728.55	976.09	
1330998	59	715.0	717.2	567.0	717.2	417.2	3.00	4.58	0	1,335	65	0.81	5.5	20.4	0.0	0.0	21.16	0	1.2758	2.0273	725	728.24	950.70	
1331530	59	714.5	717.2	567.0	717.2	417.2	2.25	4.58	0	1,389	65	3.00	5.5	20.8	0.0	0.0	56.86	0	1.2758	2.0344	725	727.75	972.11	
1332062	59	713.7	717.5	567.0	717.8	416.2	3.31	4.58	0	1,422	66	7.56	5.5	20.4	0.0	0.0	68.60	0	1.2758	2.0344	725	727.35	1,047.97	
1332568	59	712.4	718.2	567.3	718.2	416.2	3.50	4.58	0	1,404	66	10.25	5.5	20.4	0.0	0.0	86.34	0	1.2758	2.0273	725	726.83	1,129.45	
1333125	59	711.4	718.8	567.5	718.5	416.2	5.25	4.58	0	1,470	67	16.75	5.5	20.4	0.0	0.0	95.60	0	1.2758	2.0273	725	726.25	1,193.05	
1333632	59	710.6	719.5	567.6	719.5	415.8	5.25	4.58	0	1,470	68	17.81	5.5	20.4	0.0	0.0	96.02	0	1.2758	2.0273	725	725.43	1,217.89	
1334156	59	710.0	720.8	568.5	721.2	415.8	5.25	4.58	0	1,458	68	18.12	5.5	20.4	0.0	0.0	93.63	0	1.2758	2.0273	720	724.75	1,207.34	
1334692	58	709.5	722.5	569.2	722.5	416.2	5.56	4.58	0	1,501	69	18.62	5.5	20.4	0.0	0.0	91.45	0	1.2758	2.0273	720	723.93	1,176.25	
1335213	58	709.3	723.8	570.0	724.2	415.8	1.94	4.58	0	1,461	69	5.12	5.5	20.4	0.0	0.0	29.77	0	1.2758	2.0273	720	723.25	1,041.02	
1335795	57	709.0	726.5	570.6	726.5	415.8	0.88	4.58	0	1,414	68	0.81	5.5	20.4	0.0	0.0	12.77	0	1.2758	2.0344	720	722.64	977.34	
1336329	57	708.7	728.5	571.6	728.5	415.5	0.56	4.58	0	1,394	67	0.56	5.5	20.4	0.0	0.0	15.28	0	1.2758	2.0273	720	722.24	961.95	
1336843	57	708.5	730.5	573.0	730.5	415.8	0.56	4.58	0	1,375	66	0.81	5.5	20.4	0.0	0.0	17.46	0	1.2758	2.0273	720	721.84	957.89	
1337422	58	708.3	731.8	573.5	731.8	415.5	1.06	4.58	0	1,175	65	0.31	5.5	20.4	0.0	0.0	16.41	0	1.2758	2.0273	720	721.44	961.17	
1337992	58	708.1	732.8	574.1	732.5	415.8	1.06	4.58	0	1,142	64	0.31	5.5	20.4	0.0	0.0	16.34	0	1.2758	2.0203	720	721.05	959.45	
1338547	58	708.0	732.8	574.0	732.8	415.5	1.06	4.58	0	1,115	63	0.31	5.5	20.4	0.0	0.0	16.78	0	1.2758	2.0203	720	720.74	958.36	
1339117	58	707.8	732.5	573.8	732.5	414.8	1.06	4.58	0	1,097	62	0.00	5.5	20.4	0.0	0.0	17.09	0	1.2758	2.0203	720	720.44	956.41	
1339746	59	707.7	732.2	573.3	731.8	414.5	2.44	4.58	0	1,269	61	2.44	5.5	20.4	0.0	0.0	52.31	0	1.2758	2.0203	720	720.13	959.61	
1340284	59	707.5	731.2	573.1	731.2	414.8	3.12	4.58	0	1,295	60	6.25	5.5	20.4	0.0	0.0	76.38	0	1.2758	2.0273	715	719.64	1,022.50	
1340792	59	707.1	729.8	572.5	729.8	414.5	2.25	4.58	0	1,252	60	6.50	5.5	20.4	0.0	0.0	40.62	0	1.2758	2.0203	715	719.24	1,032.50	
1341366	59	706.7	729.5	572.0	729.5	414.2	1.25	4.58	0	1,245	59	0.81	5.5	20.4	0.0	0.0	15.70	0	1.2758	2.0281	715	718.94	977.19	
1341870	59	706.3	728.8	571.6	729.2	414.2	0.56	4.58	0	1,173	58	0.00	5.5	20.4	0.0	0.0	11.58	0	1.2758	2.0281	715	718.63	960.23	
1342405	59	706.0	728.8	571.7	728.8	414.2	1.06	4.58	0	1,209	57	0.56	5.5	20.4	0.0	0.0	16.88	0	1.2758	2.0281	715	718.44	955.62	
1342967	59	705.7	728.5	571.1	728.2	414.2	0.88	4.58	0	1,174	56	0.56	5.5	20.4	0.0	0.0	16.95	0	1.2758	2.0281	715	718.23	958.98	
1343466	59	705.4	727.8	570.6	727.8	413.8	1.06	4.58	0	1,148	55	0.31	5.5	20.4	0.0	0.0	16.95	0	1.2758	2.0281	715	718.05	958.44	
1343990	59	705.2	726.5	570.1	726.5	413.2	1.06	4.58	0	1,127	54	0.31	5.5	20.4	0.0	0.0	17.02	0	1.2758	2.0281	715	717.83	957.19	
1344518	59	705.1	725.8	569.5	725.8	413.2	1.25	4.58	0	1,100	52	0.31	5.5	20.4	0.0	0.0	16.95	0	1.2758	2.0281	715	717.65	957.03	
1345125	59	704.9	723.8	568.8	723.8	412.8	1.06	4.58	0	1,072	51	0.31	5.5	20.4	0.0	0.0	16.78	0	1.2758	2.0281	715	717.34	956.48	
1345659	60	704.8	722.5	567.6	722.5	412.5	1.25	4.58	0	1,046	50	0.00	5.5	20.4	0.0	0.0	17.02	0	1.2758	2.0281	715	717.25	955.55	
1346181	60	704.6	721.2	566.8	720.5	412.5	1.44	4.58	0	1,027	48	0.00	5.5	20.4	0.0	0.0	16.66	0	1.2758	2.0281	715	717.04	955.23	
1346700	60	704.5	719.2	565.5	719.2	412.2	1.44	4.58	0	998	47	0.31	5.5	20.4	0.0	0.0	16.90	0	1.2758	2.0281	715	716.94	954.38	
1347266	60	704.4	717.2	564.5	717.2	411.5	1.44	4.58	0	973	46	0.00	5.5	20.4	0.0	0.0	16.73	0	1.2758	2.0281	715	716.73	953.75	
1347809	60	704.4	715.5	563.6	715.2	411.5	1.44	4.58	0	960	45	0.31	5.5	20.4	0.0	0.0	14.53	0	1.2758	2.0281	715	716.64	953.12	
1348440	60	704.3	713.2	562.3	713.2	410.8	0.88	4.58	0	1,139	44	0.31	5.5	20.4	0.0	0.0	18.09	0	1.2758	2.0281	715	716.33	946.72	
1348970	61	704.1	711.8	561.1	711.5	410.5	2.12	4.58	0	1,172	43	1.62	5.5	20.4	0.0	0.0	50.09	0	1.2758	2.0281	715	716.24	948.28	
1349520	61	703.7	709.5	560.3	709.2	410.2	2.81	4.58	0	1,135	43	4.62	5.5	20.4	0.0	0.0	67.22	0	1.2758	2.0281	715	715.94	988.05	
1350047	61	703.2	707.8	559.0	707.8	409.8	3.50	4.58	0	1,142	44	6.50	5.5	20.4	0.0	0.0	79.52	0	1.2758	2.0281	715	715.63	1,055.70	
1350597	61	702.6	706.8	558.3	706.8	409.8	3.69	4.58	0	1,176	44	8.94	5.5	20.4	0.0	0.0	88.36	0	1.2758	2.0211	715	715.35	1,140.55	
1351159	60	701.9	706.2	557.5	706.2	409.5	4.00	4.58	0	1,184	44	10.25	5.5	20.4	0.0	0.0	92.25	0	1.2758	2.0211	710	714.83	1,192.81	
1351693	60	701.2	705.8	557.5	706.2	409.2	4.38	4.58	0	1,197	45	11.88	5.5	20.4	0.0	0.0	95.37	0	1.2758	2.0211	710	714.34	1,226.56	
1352200	59	700.6	706.2	557.7	706.2	409.2	5.25	4.58	0	1,252	46	14.06	5.5	20.4	0.0	0.0	97.64	0	1.2758	2.0211	710	713.85	1,254.77	
1352754	59	700.1	706.8	558.0	707.2	408.8	4.69	4.58	0	1,218	47	13.00	5.5	20.4	0.0	0.0	97.31	0	1.2758	2.0211	710	713.15	1,265.16	
1353310	59	699.7	708.5	558.5	708.5	408.8	5.25	4.58	0	1,291	48	14.88	5.5	20.4	0.0	0.0	100.97	0	1.2758	2.0211	710	712.54	1,293.05	
1353870	58	699.5	710.2	559.3	710.2	408.8	5.75	4.58	0	1,332	49	16.25	5.5	20.4	0.0	0.0	102.66	0	1.2758	2.0211	710	711.74	1,322.50	
1354415	58	699.6	712.8	560.3	712.5	408.8	5.75	4.58	0	1,311	51	16.75	5.5	20.4	0.0	0.0	102.45	0	1.2758	2.0141	710	711.04	1,343.36	
1354951	58	699.8	714.8	561.8	714.8	409.2	5.94	4.58	0	1,357	52	17.56	5.5	20.0	0.0	0.0	106.03	0	1.2758	2.0141	710	710.33	1,364.30	
1355500	58	700.4	717.5	563.0	717.8	409.2	6.81	4.58	0	1,447	54	20.81	5.5	20.0	0.0	0.0	106.27	0	1.2758	2.0141	705	709.63	1,294.38	
1356010	57	701.2	720.5	564.5	720.5	409.5	5.06	4.58	0	1,409	55	17.81	5.5	20.0	0.0	0.0	89.09	0	1.2758	2.0141	705	709.14	1,173.36	
1356511	57	702.3	723.2	566.0	723.5	409.5	3.81	4.58	0	1,492	56	13.81	5.5	20.0	0.0	0.0	60.73	0	1.2758	2.0141	705	708.65	1,128.20	
1357117	57	703.2	725.8	567.5	726.2	409.5	2.44	4.58	0	1,559	57	4.62	5.5	20.0	0.0	0.0	21.94	0	1.2758	2.0281	705	708.25	1,011.17	
1357656	56	703.8	729.2	569.3	729.5	410.2	1.25	4.58	0	1,184	57	0.56	5.5	20.4	0.0	0.0	14.25	0	1.2758	2.0211	705	707.94	970.86	
1358194	56	704.4	732.2	571.3	732.5	410.5	0.69	4.58	0	1,132	57	0.31	5.5	20.4	0.0	0.0	25.24	0	1.2758	2.0211	705	707.64	946.48	
1358753	57	704.8	734.8	572.5	734.8	410.5	1.94	4.58	0	1,284	58	3.81	5.5	20.4	0.0	0.0	65.86	0	1.2758	2.0211	705	707.33	978.98	
1359270	57	705.2	736.5	573.5	736.5	410.5	2.81	4.58	0	1,246	59	5.94	5.5	20.4	0.0	0.0	68.16	0	1.2758	2.0211	705	707.15	1,039.30	
1359790	58	705.8	737.8	574.1	738.2	410.5	3.50	4.58	0	1,296	60	9.75	5.5	20.0	0.0	0.0	84.30	0	1.2758	2.0141	705	706.94	1,107.97	
1360347	57	706.4	739.2	574.8	739.5	410.8	2.81	4.58	0	1,261	61	7.56	5.5	20.0	0.0	0.0	42.54	0	1.2758	2.0141	705	706.63	1,051.56	
1360886	57	706.8	740.8	575.8	741.2	410.8	0.88	4.58	0	1,291	62	1.12	5.5	20.4	0.0	0.0	16.41	0	1.2758	2.0211	705	706.54	982.34	
1361418	57	707.0	741.5	576.3	741.8	411.2	2.12	4.58	0	1,218	62	0.56	5.5	20.4	0.0	0.0	10.90	0	1.2758	2.0211	705	706.44	962.03	
1361936	57	707.1	742.5	577.1	742.8	411.5	0.69	4.58	0	1,306	62	0.81	5.5	20.4	0.0	0.0	16.64	0	1.2758	2.0211	705	706.35	957.11	
1362432	57	707.3	743.2	577.0	743.2	411.5	0.69	4.58	0	1,301	62	0.56	5.5	20.0	0.0	0.0	20.30	0	1.2758	2.0141	705	706.35	959.84	
1362916	58	707.4	743.2	577.3	743.2	411.5	1.56	4.58	0	1,328	62	1.12	5.5	20.0	0.0	0.0	45.45	0	1.2758	2.0141	705	706.23	951.41	
1363404	58	707.5	742.5	577.3	742.8	411.2	2.81	4.58	0	1,443	63	5.69	5.5	20.0	0.0	0.0	34.66	0	1.2758	2.0141	705	706.23	978.67	
1363905	58	707.5	742.8	577.3	742.5	411.8	1.44	4.58	0	1,339	64	1.38	5.5	20.0	0.0	0.0	15.98	0	1.2758	2.0070	705	706.14	964.38	
1364390	58	707.3	741.8	576.6	741.8	411.8	1.25	4.58	0	1,337	64	0.56	5.5	20.4	0.0	0.0	12.09	0	1.2758	2.0211	705	706.14	955.94	
1365003	58	707.2	741.5	576.5	741.5	411.8	0.56	4.58	0	1,350	64	0.81	5.5	20.0	0.0	0.0	16.80	0	1.2758	2.0141	705	706.14	954.14	
1365522	58	707.2	740.8	576.0	740.8	411.5	0.56	4.58	0	1,354	65	0.81	5.5	20.0	0.0	0.0	17.27	0	1.2758	2.0141	705	706.14	953.98	
1366048	59	707.1	739.5	575.6	739.5	411.5	0.56	4.58	0	1,356	65	0.81	5.5	20.0	0.0	0.0	17.16	0	1.2758	2.0070	705	706.14	960.62	
1366573	59	707.1	738.2	575.1	738.5	411.5	0.56	4.58	0	1,357	65	0.81	5.5	20.0	0.0	0.0	17.20	0	1.2758	2.0070	705	706.14	961.80	
1367134	59	707.2	736.8	574.3	736.5	411.8	0.56	4.58	0	1,357	65	0.81	5.5	20.0	0.0	0.0	17.27	0	1.2758	2.0141	705	706.14	962.11	
1367675	59	707.2	735.2	573.3	734.8	411.5	0.56	4.58	0	1,359	65	1.12	5.5	20.0	0.0	0.0	17.46	0	1.2758	2.0070	705	706.14	962.50	
1368175	60	707.3	733.2	572.3	732.8	411.8	0.56	4.58	0	1,360	65	0.81	5.5	20.0	0.0	0.0	17.37	0	1.2758	2.0070	705	706.14	962.73	
1368655	60	707.4	731.2	571.5	731.2	411.8	0.56	4.58	0	1,355	65	0.81	5.5	20.0	0.0	0.0	17.60	0	1.2758	2.0141	705	706.23	962.97	
1369162	60	707.5	730.2	570.8	729.8	412.2	0.38	4.58	0	1,355	65	0.81	5.5	20.0	0.0	0.0	17.51	0	1.2758	2.0070	705	706.23	963.36	
1369647	60	707.6	727.5	569.5	727.5	411.5	0.56	4.58	0	1,356	65	0.81	5.5	20.0	0.0	0.0	14.20	0	1.2758	2.0070	705	706.23	962.42	
1370151	60	707.7	725.5	568.5	725.5	411.2	1.06	4.58	0	1,585	65	0.81	5.5	20.0	0.0	0.0	10.43	0	1.2758	2.0070	705	706.23	958.75	
1370679	60	707.7	723.8	567.5	723.5	411.2	0.56	4.58	0	1,637	64	1.38	5.5	20.0	0.0	0.0	18.40	0	1.2758	2.0070	705	706.23	961.25	
1371190	61	707.8	721.5	566.5	721.5	410.8	0.38	4.58	0	1,644	64	1.62	5.5	20.0	0.0	0.0	18.45	0	1.2758	2.0070	705	706.23	963.75	
1371686	61	707.9	719.8	565.3	719.2	410.5	0.38	4.58	0	1,636	64	1.38	5.5	20.0	0.0	0.0	18.38	0	1.2758	2.0070	705	706.35	965.16	
1372183	61	708.0	717.8	564.3	717.5	410.8	0.38	4.58	0	1,629	63	1.38	5.5	20.0	0.0	0.0	18.45	0	1.2758	2.0070	705	706.35	965.62	
1372718	61	708.0	715.8	563.3	715.5	410.5	0.38	4.58	0	1,618	63	1.38	5.5	20.0	0.0	0.0	18.66	0	1.2758	2.0070	705	706.35	966.09	
1373323	61	708.1	713.5	562.0	713.8	409.8	0.19	4.58	0	1,608	62	1.38	5.5	20.0	0.0	0.0	18.52	0	1.2758	2.0070	705	706.35	966.64	
1373818	62	708.2	712.5	561.1	712.2	409.8	0.38	4.58	0	1,595	62	1.94	5.5	20.0	0.0	0.0	16.50	0	1.2758	2.0070	705	706.35	962.97	
1374337	62	708.2	710.2	560.3	709.8	409.8	2.44	4.58	0	1,656	62	4.06	5.5	20.0	0.0	0.0	55.05	0	1.2758	2.0070	705	706.35	971.41	
1374889	62	708.0	708.5	559.1	708.5	409.5	4.88	4.58	0	1,647	63	11.88	5.5	20.0	0.0	0.0	86.23	0	1.2758	2.0000	705	706.35	1,125.94	
1375430	62	707.6	707.2	558.6	707.2	409.8	7.50	4.58	0	1,674	64	20.25	5.5	19.6	0.0	0.0	107.30	0	1.2758	2.0000	705	706.23	1,387.97	
1375929	61	707.3	706.5	558.0	706.8	409.5	10.44	4.58	0	1,756	66	27.31	5.5	19.6	0.0	0.0	122.02	0	1.2758	2.0070	705	706.14	1,326.64	
1376416	61	706.9	706.2	558.1	706.5	409.5	3.50	4.58	0	1,715	66	11.06	5.5	20.0	0.0	0.0	39.30	0	1.2758	1.9922	705	706.05	1,067.34	
1376937	60	706.6	706.8	558.1	706.8	409.8	1.25	4.58	0	1,746	67	1.38	5.5	19.6	0.0	0.0	15.28	0	1.2758	1.9922	705	705.93	993.28	
1377453	59	706.3	708.2	558.5	707.8	409.5	0.19	4.58	0	1,632	66	0.56	5.5	20.0	0.0	0.0	11.44	0	1.2758	2.0070	705	705.83	968.20	
1378002	59	705.9	709.2	559.5	709.2	409.5	0.38	4.58	0	1,643	66	1.12	5.5	19.6	0.0	0.0	17.93	0	1.2758	2.0000	705	705.83	961.25	
1378492	59	705.7	709.8	559.5	710.2	409.5	0.56	4.58	0	1,692	65	1.12	5.5	19.6	0.0	0.0	18.05	0	1.2758	2.0000	705	705.74	966.33	
1379065	59	705.4	710.5	560.0	710.8	409.8	0.38	4.58	0	1,677	65	1.38	5.5	19.6	0.0	0.0	18.23	0	1.2758	1.9922	705	705.74	967.34	
1379574	60	705.2	711.2	560.5	711.2	409.5	0.38	4.58	0	1,660	65	1.38	5.5	19.6	0.0	0.0	18.05	0	1.2758	1.9922	705	705.65	967.03	
1380057	60	705.1	711.2	560.5	711.2	409.5	0.38	4.58	0	1,655	64	1.38	5.5	19.6	0.0	0.0	17.91	0	1.2758	1.9922	705	705.65	967.66	
1380557	60	704.9	711.2	560.3	711.2	409.2	0.38	4.58	0	1,653	64	1.38	5.5	19.6	0.0	0.0	17.79	0	1.2758	1.9922	705	705.53	967.34	
1381076	60	704.8	710.8	560.2	710.5	409.2	0.38	4.58	0	1,644	64	1.38	5.5	19.6	0.0	0.0	18.23	0	1.2758	1.9922	705	705.53	967.34	
1381673	60	704.7	710.5	559.7	710.5	408.8	0.19	4.58	0	1,641	64	1.38	5.5	19.6	0.0	0.0	18.14	0	1.2758	1.9922	705	705.44	967.27	
1382169	61	704.6	709.8	559.5	709.8	408.8	0.19	4.58	0	1,625	64	1.38	5.5	19.6	0.0	0.0	18.23	0	1.2758	1.9922	705	705.44	967.03	
1382662	61	704.4	708.8	559.0	709.2	409.2	0.19	4.58	0	1,635	63	1.38	5.5	19.6	0.0	0.0	18.23	0	1.2758	1.9922	705	705.44	967.11	
1383172	61	704.3	708.2	558.5	707.8	408.8	0.19	4.58	0	1,619	63	1.38	5.5	19.6	0.0	0.0	18.42	0	1.2758	1.9922	705	705.34	967.19	
1383698	61	704.2	707.5	558.1	707.2	408.5	0.19	4.58	0	1,620	63	1.38	5.5	19.6	0.0	0.0	18.26	0	1.2758	1.9922	705	705.34	967.50	
1384206	61	704.1	706.2	557.5	706.2	408.5	0.19	4.58	0	1,608	63	1.38	5.5	19.6	0.0	0.0	18.52	0	1.2758	1.9922	705	705.34	966.88	
1384725	62	704.0	705.5	557.0	705.2	407.8	0.19	4.58	0	1,609	62	1.38	5.5	19.6	0.0	0.0	18.68	0	1.2758	1.9922	705	705.25	966.80	
1385206	62	703.9	704.5	556.1	704.5	407.8	0.38	4.58	0	1,598	62	1.38	5.5	19.6	0.0	0.0	18.73	0	1.2758	1.9922	705	705.25	967.42	
1385698	62	703.8	703.5	555.6	703.5	407.8	0.19	4.58	0	1,561	61	1.38	5.5	19.6	0.0	0.0	18.68	0	1.2758	1.9922	705	705.13	966.95	
1386224	62	703.6	702.2	555.1	702.2	407.5	0.19	4.58	0	1,523	59	1.38	5.5	19.6	0.0	0.0	18.84	0	1.2758	1.9922	705	705.13	966.88	
1386749	62	703.5	701.2	554.5	701.2	407.8	0.38	4.58	0	1,487	57	1.38	5.5	19.6	0.0	0.0	18.59	0	1.2758	1.9922	705	705.04	966.48	
1387251	62	703.3	700.5	554.0	699.8	407.5	0.38	4.58	0	1,433	56	1.12	5.5	19.6	0.0	0.0	18.77	0	1.2758	1.9922	705	705.04	966.25	
1387741	62	703.2	698.8	553.0	698.8	407.2	0.38	4.58	0	1,400	55	1.12	5.5	19.6	0.0	0.0	19.10	0	1.2758	1.9922	705	705.04	965.55	
1388300	62	703.0	698.2	552.3	697.8	406.8	0.38	4.58	0	1,403	54	1.12	5.5	19.6	0.0	0.0	19.24	0	1.2758	1.9922	705	704.94	965.08	
1388856	62	702.8	696.5	551.6	696.2	406.5	0.38	4.58	0	1,392	54	1.12	5.5	19.6	0.0	0.0	19.24	0	1.2758	1.9922	700	704.85	964.61	
1389356	62	702.6	694.8	550.5	694.8	406.5	0.38	4.58	0	1,389	54	1.12	5.5	19.6	0.0	0.0	19.45	0	1.2758	1.9922	700	704.73	964.92	
1389840	63	702.4	694.2	550.2	693.8	406.5	0.38	4.58	0	1,381	54	1.12	5.5	19.6	0.0	0.0	19.36	0	1.2758	1.9922	700	704.73	964.38	
1390341	63	702.2	692.5	549.5	692.5	405.8	0.38	4.58	0	1,369	53	1.12	5.5	19.6	0.0	0.0	19.34	0	1.2758	1.9922	700	704.64	965.08	
1390821	63	701.9	691.2	549.0	691.2	406.2	0.56	4.58	0	1,365	53	0.81	5.5	19.6	0.0	0.0	19.34	0	1.2758	1.9922	700	704.55	964.38	
1391365	63	701.7	689.8	548.0	689.8	405.5	0.56	4.58	0	1,330	51	1.12	5.5	19.6	0.0	0.0	19.41	0	1.2758	1.9922	700	704.43	964.06	
1391883	63	701.4	688.8	547.1	688.8	405.2	0.69	4.58	0	1,282	50	0.81	5.5	19.6	0.0	0.0	19.15	0	1.2758	1.9922	700	704.33	963.52	
1392400	63	701.2	687.5	546.3	687.2	405.2	0.69	4.58	0	1,252	48	0.56	5.5	19.6	0.0	0.0	19.34	0	1.2758	1.9922	700	704.24	962.81	
1392897	63	700.9	686.2	545.7	686.2	404.8	0.88	4.58	0	1,189	46	0.56	5.5	19.6	0.0	0.0	19.27	0	1.2758	1.9922	700	704.15	961.64	
1393382	63	700.7	684.8	544.6	684.5	404.8	1.06	4.58	0	1,144	43	0.31	5.5	19.6	0.0	0.0	18.84	0	1.2758	1.9922	700	703.94	960.70	
1393872	63	700.4	683.5	544.0	683.5	404.5	1.06	4.58	0	1,070	41	0.56	5.5	19.6	0.0	0.0	15.00	0	1.2758	1.9922	700	703.84	958.36	
1394352	63	700.1	682.2	543.2	682.5	404.2	1.06	4.58	0	1,323	38	0.31	5.5	19.6	0.0	0.0	15.80	0	1.2758	1.9922	700	703.75	957.03	
1394843	63	699.9	680.5	542.3	680.5	403.8	0.88	4.58	0	1,182	35	0.56	5.5	19.6	0.0	0.0	18.40	0	1.2758	1.9922	700	703.63	958.59	
1395334	63	699.6	679.5	541.5	679.8	403.5	1.06	4.58	0	1,086	31	0.56	5.5	19.6	0.0	0.0	19.24	0	1.2758	1.9922	700	703.54	957.81	
1395822	63	699.4	678.2	540.8	677.8	403.2	2.81	4.58	0	1,033	28	0.81	5.5	19.6	0.0	0.0	11.32	0	1.2758	1.9922	700	703.44	956.41	
1396355	63	699.1	676.8	539.8	676.8	402.8	0.88	4.58	0	1,141	27	0.31	5.5	19.6	0.0	0.0	12.42	0	1.2758	1.9922	700	703.23	953.20	
1396837	63	698.8	675.5	539.0	675.5	402.5	1.06	4.58	0	1,276	27	0.56	5.5	19.6	0.0	0.0	12.14	0	1.2758	1.9922	700	703.14	952.42	
1397407	63	698.5	674.2	538.5	673.8	402.2	0.38	4.58	0	1,276	26	0.56	5.5	19.6	0.0	0.0	18.05	0	1.2758	1.9922	700	702.93	954.77	
1397953	63	698.3	672.8	537.5	672.5	401.8	1.06	4.58	0	1,182	24	0.56	5.5	19.6	0.0	0.0	19.29	0	1.2758	1.9922	700	702.83	957.03	
1398436	63	698.1	671.5	536.6	671.2	401.8	1.06	4.58	0	1,149	23	0.56	5.5	19.6	0.0	0.0	19.41	0	1.2758	1.9922	700	702.74	957.81	
1398988	63	698.0	669.8	535.6	669.8	401.2	1.25	4.58	0	1,123	22	0.31	5.5	19.6	0.0	0.0	18.84	0	1.2758	1.9922	700	702.53	957.66	
1399470	64	697.9	668.8	535.0	668.8	400.5	1.25	4.58	0	1,110	22	0.31	5.5	19.6	0.0	0.0	12.89	0	1.2758	1.9922	700	702.44	957.03	
1399997	64	697.8	667.2	534.1	667.2	400.5	2.12	4.58	0	1,103	22	1.12	5.5	19.6	0.0	0.0	42.75	0	1.2758	1.9922	700	702.34	950.62	
1400543	64	697.5	665.8	533.2	665.5	400.2	2.25	4.58	0	1,247	23	3.25	5.5	19.6	0.0	0.0	51.33	0	1.2758	1.9922	700	702.13	972.97	
1401088	64	696.8	665.2	532.7	664.5	399.5	2.25	4.58	0	1,270	25	3.50	5.5	19.6	0.0	0.0	53.62	0	1.2758	1.9922	700	702.04	991.09	
1401586	63	696.0	663.8	531.8	663.8	399.5	2.81	4.58	0	1,330	27	4.62	5.5	19.6	0.0	0.0	53.74	0	1.2758	1.9922	700	701.85	1,012.19	
1402121	63	694.8	663.2	531.1	663.5	399.2	2.81	4.58	0	1,458	28	5.44	5.5	19.6	0.0	0.0	53.77	0	1.2758	1.9922	700	701.73	1,026.72	
1402620	63	693.6	663.5	531.1	663.5	398.8	3.12	4.58	0	1,502	30	6.25	5.5	19.6	0.0	0.0	55.20	0	1.2758	1.9922	700	701.55	1,046.56	
1403234	62	691.7	663.5	531.0	663.8	398.5	3.31	4.58	0	1,602	32	6.25	5.5	19.6	0.0	0.0	52.50	0	1.2758	1.9922	700	701.24	1,053.28	
1403878	62	689.3	664.5	531.5	664.8	398.5	3.31	4.58	0	1,718	34	5.94	5.5	19.6	0.0	0.0	51.66	0	1.2758	1.9922	700	700.84	1,060.78	
1404488	61	686.8	666.2	532.3	666.5	398.2	1.75	4.58	0	1,299	36	5.44	5.5	19.6	0.0	0.0	61.27	0	1.2758	1.9922	700	700.44	1,060.31	
1405037	61	684.6	667.8	532.8	667.8	398.2	3.12	4.58	0	1,390	37	6.75	5.5	19.6	0.0	0.0	68.48	0	1.2758	1.9922	700	700.05	1,067.66	
1405621	60	682.3	669.5	533.8	669.8	397.8	3.81	4.58	0	1,382	39	9.50	5.5	19.6	0.0	0.0	75.02	0	1.2758	1.9922	695	699.44	1,127.58	
1406232	60	680.5	671.8	534.6	671.8	398.2	3.81	4.58	0	1,383	41	10.25	5.5	19.6	0.0	0.0	89.72	0	1.2758	1.9922	695	698.64	1,202.03	
1406747	59	678.9	673.5	535.8	674.2	397.8	5.75	4.58	0	1,458	43	18.12	5.5	19.6	0.0	0.0	101.44	0	1.2758	1.9922	695	697.94	1,298.75	
1407275	59	677.3	676.2	536.8	676.2	397.8	5.94	4.58	0	1,519	45	20.56	5.5	19.6	0.0	0.0	96.38	0	1.2758	1.9922	695	697.14	1,254.77	
1407842	59	676.1	679.5	538.3	679.5	397.8	6.62	4.58	0	1,609	47	20.56	5.5	19.6	0.0	0.0	92.58	0	1.2758	1.9922	695	696.13	1,218.36	
1408387	58	675.5	681.8	540.0	682.2	397.8	6.81	4.58	0	1,673	48	19.75	5.5	19.6	0.0	0.0	88.20	0	1.2758	2.0000	695	695.15	1,226.02	
1408923	58	675.3	684.8	541.5	685.2	398.2	7.12	4.58	0	1,695	51	20.25	5.5	19.6	0.0	0.0	91.10	0	1.2758	2.0000	690	694.23	1,231.02	
1409522	57	675.6	688.5	543.1	688.8	398.5	8.69	4.58	0	1,828	53	20.25	5.5	19.6	0.0	0.0	90.05	0	1.2758	2.0000	690	693.25	1,246.88	
1410080	57	676.4	692.2	545.0	692.5	398.5	9.06	4.58	0	1,868	55	21.62	5.5	19.6	0.0	0.0	63.77	0	1.2758	2.0000	690	692.24	1,116.64	
1410652	56	677.4	695.8	546.8	695.8	398.8	1.75	4.58	0	1,557	56	2.44	5.5	20.0	0.0	0.0	24.42	0	1.2758	2.0141	690	691.44	1,021.09	
1411200	56	678.1	699.2	548.8	699.5	399.2	-0.94	4.58	0	1,381	56	0.31	5.5	20.0	0.0	0.0	16.45	0	1.2758	2.0070	690	691.05	975.08	
1411758	56	678.6	702.8	551.0	703.2	399.2	0.38	4.58	0	1,430	55	1.12	5.5	20.0	0.0	0.0	17.60	0	1.2758	2.0070	690	690.53	963.67	
1412297	56	679.2	705.5	552.3	706.2	399.2	0.69	4.58	0	1,213	55	0.56	5.5	20.0	0.0	0.0	17.16	0	1.2758	2.0070	690	690.13	958.91	
1412832	57	679.6	707.8	553.3	707.8	399.5	0.88	4.58	0	1,159	55	0.31	5.5	20.0	0.0	0.0	16.99	0	1.2758	2.0070	685	689.73	962.11	
1413375	57	680.1	709.2	554.5	709.5	399.5	1.06	4.58	0	1,156	55	0.31	5.5	20.0	0.0	0.0	16.50	0	1.2758	2.0070	685	689.43	961.09	
1413889	57	680.5	710.5	555.3	710.8	399.8	1.06	4.58	0	1,143	55	0.31	5.5	19.6	0.0	0.0	16.59	0	1.2758	2.0000	685	689.15	960.31	
1414510	58	680.9	711.2	555.0	711.2	399.8	1.06	4.58	0	1,140	54	0.31	5.5	19.6	0.0	0.0	16.55	0	1.2758	2.0000	685	688.84	960.47	
1414954	58	681.3	710.5	555.1	710.8	399.8	0.88	4.58	0	1,130	54	0.56	5.5	19.6	0.0	0.0	16.90	0	1.2758	2.0000	685	688.54	959.77	
1415475	58	681.6	710.8	555.1	710.5	399.8	1.06	4.58	0	1,118	53	0.56	5.5	19.6	0.0	0.0	16.78	0	1.2758	1.9922	685	688.35	959.92	
1416009	58	681.9	710.2	555.1	710.2	400.2	1.44	4.58	0	1,214	51	0.81	5.5	19.6	0.0	0.0	11.30	0	1.2758	1.9922	685	688.14	957.58	
1416528	58	682.2	709.5	554.8	709.2	400.2	1.06	4.58	0	1,227	48	0.56	5.5	20.0	0.0	0.0	17.02	0	1.2758	2.0070	685	687.83	959.22	
1417086	59	682.5	708.5	554.1	708.5	399.8	1.06	4.58	0	1,163	45	0.31	5.5	20.0	0.0	0.0	17.25	0	1.2758	2.0000	685	687.74	959.77	
1417648	59	682.8	707.5	553.6	707.2	399.5	1.25	4.58	0	1,096	41	0.31	5.5	19.6	0.0	0.0	17.74	0	1.2758	2.0000	685	687.53	958.75	
1418226	59	683.1	705.8	553.1	705.8	399.5	1.06	4.58	0	1,249	37	0.56	5.5	19.6	0.0	0.0	11.95	0	1.2758	1.9922	685	687.34	955.94	
1418827	59	683.3	704.2	552.0	704.2	399.2	1.06	4.58	0	1,164	33	0.31	5.5	20.0	0.0	0.0	12.28	0	1.2758	2.0070	685	687.25	953.52	
1419403	59	683.5	703.2	551.3	702.8	399.5	1.44	4.58	0	1,109	32	0.31	5.5	19.6	0.0	0.0	12.28	0	1.2758	2.0000	685	687.13	952.19	
1419961	59	683.6	701.2	550.2	701.2	399.5	0.88	4.58	0	1,257	32	0.56	5.5	19.6	0.0	0.0	13.92	0	1.2758	1.9922	685	686.94	951.56	
1420488	60	683.7	699.5	549.7	699.5	399.5	0.56	4.58	0	1,311	29	0.81	5.5	19.6	0.0	0.0	17.55	0	1.2758	1.9922	685	686.85	955.62	
1421044	60	683.9	698.2	548.7	697.8	399.2	0.56	4.58	0	1,390	28	0.81	5.5	19.6	0.0	0.0	18.33	0	1.2758	1.9922	685	686.85	959.61	
1421619	60	684.1	696.2	547.5	695.8	399.2	3.69	4.58	0	1,360	27	1.12	5.5	19.6	0.0	0.0	17.20	0	1.2758	1.9922	685	686.73	958.75	
1422203	60	684.3	694.2	547.0	694.5	399.2	2.25	4.58	0	1,428	28	2.75	5.5	19.6	0.0	0.0	53.02	0	1.2758	1.9922	685	686.64	958.20	
1422832	61	684.4	692.8	545.8	692.5	398.5	3.50	4.58	0	1,505	30	8.12	5.5	19.6	0.0	0.0	80.30	0	1.2758	1.9922	685	686.43	1,059.22	
1423440	60	684.3	691.5	545.0	691.2	398.5	6.12	4.58	0	1,593	32	17.31	5.5	19.6	0.0	0.0	99.19	0	1.2758	1.9922	685	686.33	1,267.42	
1424004	60	684.4	690.5	544.3	690.5	398.5	8.19	4.58	0	1,742	36	22.69	5.5	19.6	0.0	0.0	95.20	0	1.2758	1.9922	685	686.15	1,298.12	
1424515	59	684.7	690.5	544.5	690.2	398.2	10.06	4.58	0	1,923	39	23.25	5.5	19.6	0.0	0.0	93.59	0	1.2758	2.0000	685	686.03	1,284.77	
1425045	59	685.2	690.5	544.5	690.8	398.5	10.25	4.58	0	2,071	42	24.06	5.5	19.6	0.0	0.0	87.94	0	1.2758	1.9922	685	685.84	1,248.44	
1425590	58	685.9	691.8	545.1	691.5	398.8	9.56	4.58	0	2,164	44	24.88	5.5	19.6	0.0	0.0	81.96	0	1.2758	1.9922	685	685.75	1,167.34	
1426117	57	686.7	693.5	545.6	693.5	398.8	8.69	4.58	0	2,326	47	23.00	5.5	19.6	0.0	0.0	80.88	0	1.2758	2.0000	685	685.63	1,152.81	
1426639	57	687.8	695.5	547.0	695.5	399.2	6.25	4.58	0	1,735	48	16.50	5.5	19.6	0.0	0.0	79.45	0	1.2758	1.9922	685	685.63	1,115.86	
1427208	56	688.9	697.8	548.5	698.2	399.5	6.12	4.58	0	1,697	50	16.75	5.5	19.6	0.0	0.0	83.86	0	1.2758	1.9852	685	685.63	1,182.73	
1427738	56	690.4	700.5	549.7	700.8	399.5	7.50	4.58	0	1,779	52	18.62	5.5	19.6	0.0	0.0	89.09	0	1.2758	2.0000	685	685.84	1,237.58	
1428263	56	691.8	703.5	551.3	703.2	399.5	3.31	4.58	0	1,849	54	6.25	5.5	19.6	0.0	0.0	32.09	0	1.2758	2.0000	685	685.94	1,063.59	
1428859	56	692.9	706.5	553.1	706.5	399.8	1.25	4.58	0	1,819	54	1.12	5.5	19.6	0.0	0.0	12.84	0	1.2758	1.9922	685	686.15	981.72	
1429415	55	693.6	708.8	554.1	709.2	400.2	-0.06	4.58	0	1,754	54	1.38	5.5	19.6	0.0	0.0	14.77	0	1.2758	1.9922	685	686.24	965.23	
1429987	56	694.3	711.2	555.5	711.5	400.5	0.69	4.58	0	1,784	52	1.12	5.5	19.6	0.0	0.0	17.67	0	1.2758	1.9922	685	686.43	961.72	
1430519	56	694.8	713.2	556.5	712.8	400.5	0.56	4.58	0	1,744	51	1.12	5.5	19.6	0.0	0.0	17.25	0	1.2758	2.0000	685	686.55	968.52	
1431077	56	695.4	714.5	557.5	714.5	400.5	0.56	4.58	0	1,670	49	1.38	5.5	19.6	0.0	0.0	17.58	0	1.2758	2.0000	685	686.64	969.06	
1431601	57	695.8	715.2	558.1	714.8	400.8	0.38	4.58	0	1,603	46	1.38	5.5	19.6	0.0	0.0	17.67	0	1.2758	1.9852	685	686.73	969.22	
1432265	57	696.2	715.5	558.1	715.5	400.5	0.56	4.58	0	1,492	44	1.38	5.5	19.6	0.0	0.0	17.23	0	1.2758	1.9852	685	686.94	969.14	
1432806	57	696.7	715.5	558.1	715.5	400.8	0.56	4.58	0	1,425	41	1.12	5.5	19.6	0.0	0.0	17.51	0	1.2758	1.9852	685	687.04	968.44	
1433362	58	697.1	714.8	558.2	714.8	401.2	0.88	4.58	0	1,301	38	0.81	5.5	19.6	0.0	0.0	17.39	0	1.2758	1.9852	685	687.25	967.03	
1433874	58	697.4	714.2	557.6	714.2	400.5	1.06	4.58	0	1,176	34	0.56	5.5	19.6	0.0	0.0	17.16	0	1.2758	1.9773	685	687.34	965.00	
1434390	58	697.7	713.5	557.3	713.5	400.8	1.25	4.58	0	1,106	32	0.56	5.5	19.6	0.0	0.0	17.06	0	1.2758	1.9922	685	687.44	962.58	
1435020	58	698.0	711.8	556.5	712.2	400.8	1.06	4.58	0	1,206	31	0.56	5.5	19.6	0.0	0.0	17.70	0	1.2758	1.9922	685	687.65	962.27	
1435550	58	698.2	711.5	556.3	711.2	400.8	0.69	4.58	0	1,346	30	0.81	5.5	19.6	0.0	0.0	17.84	0	1.2758	1.9852	685	687.83	963.75	
1436114	59	698.5	709.2	555.1	709.2	400.8	0.56	4.58	0	1,440	29	1.12	5.5	19.6	0.0	0.0	18.33	0	1.2758	1.9852	685	687.93	965.39	
1436694	59	698.6	707.8	554.3	707.8	400.8	0.69	4.58	0	1,366	27	1.12	5.5	19.6	0.0	0.0	18.38	0	1.2758	1.9922	685	688.05	966.09	
1437200	59	698.8	706.5	553.5	705.8	400.8	0.88	4.58	0	1,285	25	0.81	5.5	19.6	0.0	0.0	18.09	0	1.2758	1.9922	685	688.23	965.39	
1437719	59	698.9	704.5	552.3	704.5	400.2	1.06	4.58	0	1,155	23	0.56	5.5	19.6	0.0	0.0	17.65	0	1.2758	1.9852	685	688.35	963.44	
1438257	59	699.1	702.8	551.8	702.8	400.5	1.25	4.58	0	889	20	0.56	5.5	19.2	0.0	0.0	13.17	0	1.2758	1.9773	685	688.44	960.00	
1438843	59	699.1	701.2	550.8	700.8	400.5	1.56	4.58	0	918	17	0.31	5.5	19.2	0.0	0.0	19.38	0	1.2758	1.9773	685	688.54	955.16	
1439375	60	699.2	698.8	550.0	698.8	400.2	1.44	4.58	0	970	15	0.31	5.5	19.2	0.0	0.0	16.43	0	1.2758	1.9773	685	688.63	953.12	
1439940	60	699.2	697.5	548.8	697.5	400.2	1.44	4.58	0	930	14	0.31	5.5	19.2	0.0	0.0	17.86	0	1.2758	1.9773	685	688.84	950.86	
1440570	60	699.1	695.2	547.8	695.2	400.2	1.44	4.58	0	968	14	0.56	5.5	19.2	0.0	0.0	18.16	0	1.2758	1.9773	685	688.94	950.16	
1441091	60	699.1	693.8	546.6	693.5	399.8	1.44	4.58	0	969	13	0.56	5.5	19.2	0.0	0.0	17.98	0	1.2758	1.9773	685	689.03	949.45	
1441655	60	698.9	691.2	545.5	691.2	399.5	1.44	4.58	0	934	12	0.31	5.5	19.2	0.0	0.0	18.45	0	1.2758	1.9773	685	689.15	949.14	
1442165	60	698.8	689.5	544.6	689.5	399.5	1.56	4.58	0	908	11	0.31	5.5	19.2	0.0	0.0	20.27	0	1.2758	1.9773	685	689.33	949.06	
1442696	60	698.6	688.2	543.8	687.8	399.2	1.56	4.58	0	926	10	0.31	5.5	19.2	0.0	0.0	20.98	0	1.2758	1.9773	685	689.43	948.91	
1443268	60	698.4	686.2	542.8	685.8	398.8	1.44	4.58	0	945	11	0.31	5.5	19.2	0.0	0.0	21.14	0	1.2758	1.9773	685	689.55	948.98	
1443815	60	698.1	684.2	542.0	684.5	398.5	1.44	4.58	0	940	11	0.56	5.5	19.2	0.0	0.0	21.00	0	1.2758	1.9773	685	689.64	949.06	
1444338	60	697.9	683.2	540.8	683.2	398.8	1.56	4.58	0	930	11	0.31	5.5	19.2	0.0	0.0	21.70	0	1.2758	1.9773	685	689.73	949.22	
1444931	61	697.6	681.2	539.8	680.8	398.2	1.56	4.58	0	939	10	0.31	5.5	19.2	0.0	0.0	22.38	0	1.2758	1.9773	685	689.85	949.53	
1445479	61	697.2	679.5	538.8	679.5	398.5	1.44	4.58	0	930	10	0.56	5.5	19.2	0.0	0.0	22.73	0	1.2758	1.9773	690	689.94	949.45	
1446063	61	696.8	678.2	537.8	677.5	398.2	1.44	4.58	0	959	10	0.56	5.5	19.2	0.0	0.0	24.89	0	1.2758	1.9773	690	690.13	948.75	
1446653	61	696.4	676.5	537.3	676.2	397.8	1.56	4.58	0	991	11	1.12	5.5	19.2	0.0	0.0	23.20	0	1.2758	1.9773	690	690.25	950.86	
1447238	61	695.9	674.8	536.5	674.8	397.8	1.56	4.58	0	957	11	0.31	5.5	19.2	0.0	0.0	23.37	0	1.2758	1.9773	690	690.34	950.70	
1447786	61	695.4	673.5	535.6	673.5	397.2	1.56	4.58	0	979	12	0.56	5.5	19.2	0.0	0.0	21.87	0	1.2758	1.9773	690	690.34	950.70	
1448309	61	694.9	672.5	535.0	672.5	397.5	1.44	4.58	0	979	12	0.56	5.5	19.2	0.0	0.0	21.87	0	1.2758	1.9773	690	690.44	950.70	
1448821	61	694.4	671.2	534.1	671.5	396.8	1.44	4.58	0	987	13	0.31	5.5	19.2	0.0	0.0	28.52	0	1.2758	1.9773	690	690.53	943.36	
1449447	61	693.9	670.5	533.6	670.2	396.8	2.25	4.58	0	1,237	13	2.19	5.5	19.2	0.0	0.0	42.68	0	1.2758	1.9773	690	690.65	957.73	
1450003	61	693.1	669.8	533.3	669.5	396.5	2.25	4.58	0	1,399	16	3.50	5.5	19.2	0.0	0.0	49.20	0	1.2758	1.9773	690	690.65	980.86	
1450611	61	691.7	668.5	532.3	668.8	396.5	2.44	4.58	0	1,392	18	4.06	5.5	19.2	0.0	0.0	46.90	0	1.2758	1.9773	690	690.74	1,000.47	
1451192	61	690.3	668.2	532.3	668.2	396.2	2.25	4.58	0	1,554	20	3.25	5.5	19.2	0.0	0.0	43.50	0	1.2758	1.9773	690	690.83	998.98	
1451724	60	688.8	668.2	532.0	668.2	395.8	3.31	4.58	0	1,692	22	5.44	5.5	19.2	0.0	0.0	53.60	0	1.2758	1.9773	690	690.83	1,026.41	
1452255	60	687.2	668.2	532.2	668.2	395.8	4.38	4.58	0	1,863	24	7.06	5.5	19.2	0.0	0.0	53.98	0	1.2758	1.9773	690	690.83	1,076.72	
1452791	60	685.2	668.8	532.3	668.8	396.2	5.75	4.58	0	1,759	26	3.81	5.5	19.2	0.0	0.0	21.59	0	1.2758	1.9773	690	690.74	1,010.31	
1453300	60	683.8	669.5	532.7	669.8	395.8	0.38	4.58	0	1,374	25	1.38	5.5	19.2	0.0	0.0	19.17	0	1.2758	1.9773	690	690.74	976.72	
1453830	59	682.5	670.2	533.2	670.5	396.2	0.88	4.58	0	1,193	24	0.56	5.5	19.2	0.0	0.0	17.86	0	1.2758	1.9773	690	690.65	964.30	
1454391	59	681.5	671.5	533.6	671.5	395.8	1.25	4.58	0	1,053	23	0.31	5.5	19.2	0.0	0.0	17.70	0	1.2758	1.9773	690	690.53	957.89	
1454918	59	680.6	672.2	534.0	671.8	396.2	1.25	4.58	0	1,109	22	0.31	5.5	19.2	0.0	0.0	17.79	0	1.2758	1.9773	690	690.44	959.53	
1455526	59	679.6	672.5	534.3	672.2	395.8	1.06	4.58	0	877	20	0.31	5.5	19.2	0.0	0.0	19.31	0	1.2758	1.9773	690	690.44	954.77	
1456118	60	678.7	672.5	534.3	672.5	395.5	1.56	4.58	0	997	17	0.56	5.5	19.2	0.0	0.0	18.45	0	1.2758	1.9773	690	690.34	953.83	
1456652	60	677.9	672.2	534.0	672.2	395.5	1.44	4.58	0	988	15	0.31	5.5	19.2	0.0	0.0	15.91	0	1.2758	1.9773	690	690.25	951.95	
1457174	60	677.1	671.8	533.6	671.5	395.5	1.56	4.58	0	934	12	0.31	5.5	19.2	0.0	0.0	18.02	0	1.2758	1.9773	690	690.13	950.70	
1457682	60	676.4	671.2	533.5	671.2	395.5	1.44	4.58	0	880	9	0.31	5.5	19.2	0.0	0.0	21.05	0	1.2758	1.9773	690	690.04	949.69	
1458352	60	675.8	670.8	533.3	670.8	395.2	1.56	4.58	0	898	5	0.56	5.5	19.2	0.0	0.0	19.38	0	1.2758	1.9773	690	689.94	949.45	
1458866	60	675.0	670.2	532.8	669.8	395.5	1.44	4.58	0	836	2	0.31	5.5	19.2	0.0	0.0	21.38	0	1.2758	1.9773	685	689.85	949.06	
1459377	60	674.2	669.2	532.3	668.8	395.5	1.44	4.58	0	836	0	0.56	5.5	19.2	0.0	0.0	22.66	0	1.2758	1.9773	685	689.73	948.83	
1459935	60	673.5	668.5	531.8	668.2	395.2	1.44	4.58	0	835	0	0.56	5.5	19.2	0.0	0.0	22.80	0	1.2758	1.9773	685	689.55	948.44	
1460501	60	672.8	667.5	531.1	667.2	394.8	1.44	4.58	0	844	0	0.56	5.5	19.2	0.0	0.0	22.64	0	1.2758	1.9773	685	689.43	948.98	
1461026	60	672.1	666.8	530.6	666.5	394.8	1.44	4.58	0	856	0	0.56	5.5	19.2	0.0	0.0	21.26	0	1.2758	1.9773	685	689.33	949.06	
1461543	60	671.4	665.5	530.1	665.2	394.8	1.44	4.58	0	840	0	0.31	5.5	19.2	0.0	0.0	20.95	0	1.2758	1.9773	685	689.24	948.98	
1462055	61	670.7	664.8	529.6	664.5	394.2	1.44	4.58	0	830	0	0.31	5.5	19.2	0.0	0.0	21.30	0	1.2758	1.9773	685	689.03	948.83	
1462467	61	670.2	664.2	529.2	664.2	394.2	1.44	4.58	0	826	0	0.31	5.5	19.2	0.0	0.0	21.14	0	1.2758	1.9773	685	688.94	948.44	
1462890	61	669.7	663.5	529.0	663.5	394.5	1.44	4.58	0	825	0	0.31	5.5	19.2	0.0	0.0	21.21	0	1.2758	1.9773	685	688.84	948.59	
1463422	61	669.1	662.2	528.6	662.2	394.2	1.44	4.58	0	822	0	0.31	5.5	19.2	0.0	0.0	21.47	0	1.2758	1.9773	685	688.75	948.28	
1463825	61	668.5	662.2	527.8	661.8	394.2	1.44	4.58	0	813	0	0.31	5.5	19.2	0.0	0.0	21.68	0	1.2758	1.9773	685	688.54	948.36	
1464228	61	668.0	661.5	527.7	661.2	394.5	1.44	4.58	0	829	0	0.31	5.5	19.2	0.0	0.0	21.09	0	1.2758	1.9773	685	688.44	948.44	
1464731	61	667.5	660.5	527.5	660.5	393.8	1.44	4.58	0	822	0	0.31	5.5	19.2	0.0	0.0	21.09	0	1.2758	1.9773	685	688.23	948.36	
1465185	61	666.9	659.5	526.8	659.8	393.8	1.44	4.58	0	824	0	0.31	5.5	19.2	0.0	0.0	21.12	0	1.2758	1.9773	685	688.14	948.36	
1465727	61	666.3	658.8	526.3	659.2	393.8	1.44	4.58	0	813	0	0.31	5.5	19.2	0.0	0.0	21.35	0	1.2758	1.9773	685	688.05	948.20	
1466133	61	665.8	658.2	526.1	658.2	393.8	1.44	4.58	0	805	0	0.31	5.5	19.2	0.0	0.0	21.49	0	1.2758	1.9773	685	687.83	948.36	
1466580	61	665.2	657.5	525.6	657.5	393.5	1.44	4.58	0	816	0	0.31	5.5	19.2	0.0	0.0	21.28	0	1.2758	1.9773	685	687.74	948.36	
1467010	61	664.7	656.8	525.3	656.8	393.8	1.44	4.58	0	822	0	0.31	5.5	19.2	0.0	0.0	20.74	0	1.2758	1.9773	685	687.53	948.36	
1467491	61	664.1	656.5	525.1	656.2	393.5	1.44	4.58	0	817	0	0.31	5.5	19.2	0.0	0.0	20.98	0	1.2758	1.9773	685	687.44	948.20	
1467984	61	663.5	655.5	524.3	655.5	392.8	1.44	4.58	0	808	0	0.31	5.5	19.2	0.0	0.0	21.09	0	1.2758	1.9773	685	687.25	948.20	
1468537	61	662.9	654.8	524.1	654.8	393.2	1.44	4.58	0	806	0	0.31	5.5	19.2	0.0	0.0	21.19	0	1.2758	1.9773	685	687.04	948.28	
1469062	61	662.3	654.2	523.7	654.2	393.2	1.44	4.58	0	803	0	0.31	5.5	19.2	0.0	0.0	21.23	0	1.2758	1.9773	685	686.85	948.05	
1469657	61	661.5	653.2	523.5	653.2	393.2	1.44	4.58	0	795	0	0.31	5.5	19.2	0.0	0.0	21.26	0	1.2758	1.9773	685	686.64	948.28	
1470178	61	660.9	652.8	523.0	652.5	393.2	1.44	4.58	0	793	0	0.31	5.5	19.2	0.0	0.0	21.40	0	1.2758	1.9773	685	686.43	948.20	
1470703	61	660.3	652.2	522.3	651.8	392.8	1.44	4.58	0	794	0	0.31	5.5	19.2	0.0	0.0	21.66	0	1.2758	1.9773	685	686.33	947.89	
1471252	61	659.6	651.5	522.1	651.2	392.5	1.44	4.58	0	783	0	0.31	5.5	19.2	0.0	0.0	21.87	0	1.2758	1.9773	685	686.15	947.97	
1471755	61	659.0	650.8	521.8	650.5	392.8	1.44	4.58	0	788	0	0.31	5.5	19.2	0.0	0.0	22.29	0	1.2758	1.9773	685	685.94	948.12	
1472290	61	658.3	649.8	521.3	649.8	392.8	1.44	4.58	0	799	0	0.31	5.5	19.2	0.0	0.0	22.01	0	1.2758	1.9773	685	685.75	948.36	
1472817	61	657.7	649.2	521.0	649.2	392.5	1.44	4.58	0	808	0	0.31	5.5	19.2	0.0	0.0	21.91	0	1.2758	1.9773	685	685.54	948.36	
1473371	61	657.0	648.8	520.8	648.5	392.2	1.44	4.58	0	797	0	0.31	5.5	19.2	0.0	0.0	21.68	0	1.2758	1.9773	685	685.35	948.36	
1474041	62	656.3	647.8	520.3	647.8	392.5	1.44	4.58	0	795	0	0.31	5.5	19.2	0.0	0.0	21.59	0	1.2758	1.9773	685	685.05	948.36	
1474562	62	655.6	647.2	519.8	647.2	392.5	1.44	4.58	0	805	0	0.31	5.5	19.2	0.0	0.0	21.77	0	1.2758	1.9773	680	684.83	948.28	
1475089	62	654.8	646.5	519.5	646.5	392.2	1.44	4.58	0	792	0	0.31	5.5	19.2	0.0	0.0	21.77	0	1.2758	1.9773	680	684.65	948.28	
1475608	62	654.2	646.5	519.6	646.2	392.2	1.44	4.58	0	802	0	0.31	5.5	19.2	0.0	0.0	22.01	0	1.2758	1.9773	680	684.44	948.28	
1476135	62	653.5	645.8	519.0	645.8	392.5	1.44	4.58	0	805	0	0.31	5.5	19.2	0.0	0.0	22.03	0	1.2758	1.9773	680	684.25	948.36	
1476651	62	652.9	645.5	519.0	645.2	392.2	1.56	4.58	0	798	0	0.31	5.5	19.2	0.0	0.0	21.61	0	1.2758	1.9773	680	684.04	948.20	
1477182	62	652.2	644.5	518.1	644.5	392.2	1.44	4.58	0	793	0	0.31	5.5	19.2	0.0	0.0	21.91	0	1.2758	1.9773	680	683.85	948.20	
1477743	62	651.5	644.2	518.0	644.2	392.5	1.44	4.58	0	802	0	0.31	5.5	19.2	0.0	0.0	22.03	0	1.2758	1.9773	680	683.55	948.36	
1478337	62	650.7	643.5	517.8	643.5	392.2	1.44	4.58	0	789	0	0.31	5.5	19.2	0.0	0.0	26.11	0	1.2758	1.9773	680	683.33	947.50	
1478864	62	650.1	643.2	517.7	643.2	391.8	1.44	4.58	0	771	0	0.56	5.5	19.2	0.0	0.0	28.27	0	1.2758	1.9773	680	683.03	945.94	
1479387	62	649.3	642.5	517.5	642.5	392.2	1.94	4.58	0	817	0	1.12	5.5	19.2	0.0	0.0	38.91	0	1.2758	1.9773	680	682.84	949.77	
1479927	62	648.4	642.2	517.0	642.5	391.8	1.56	4.58	0	1,024	2	1.12	5.5	19.2	0.0	0.0	34.24	0	1.2758	1.9773	680	682.54	952.58	
1480454	62	647.5	641.8	517.2	641.5	392.5	1.56	4.58	0	1,082	3	1.12	5.5	19.2	0.0	0.0	31.66	0	1.2758	1.9773	680	682.23	954.53	
1480975	62	646.5	641.8	517.0	641.8	392.2	1.56	4.58	0	1,038	5	0.81	5.5	19.2	0.0	0.0	27.21	0	1.2758	1.9773	680	681.93	956.48	
1481507	62	645.6	641.8	517.1	641.8	392.2	1.56	4.58	0	868	5	0.81	5.5	19.2	0.0	0.0	29.27	0	1.2758	1.9773	680	681.65	956.02	
1482033	62	644.6	641.5	517.0	641.8	392.2	1.44	4.58	0	834	6	0.81	5.5	19.2	0.0	0.0	27.23	0	1.2758	1.9773	680	681.34	954.84	
1482661	62	643.6	641.5	517.0	641.8	392.2	1.44	4.58	0	876	5	0.56	5.5	19.2	0.0	0.0	24.52	0	1.2758	1.9773	680	680.94	953.12	
1483183	62	642.7	641.5	517.0	641.8	392.2	1.44	4.58	0	893	4	0.56	5.5	19.2	0.0	0.0	24.30	0	1.2758	1.9773	680	680.64	951.95	
1483712	62	641.7	641.5	516.7	641.5	392.2	1.44	4.58	0	839	3	0.56	5.5	19.2	0.0	0.0	20.72	0	1.2758	1.9773	680	680.33	951.25	
1484269	61	640.7	641.5	517.0	641.8	392.2	1.44	4.58	0	783	1	0.31	5.5	19.2	0.0	0.0	23.91	0	1.2758	1.9773	680	680.03	949.77	
1484850	61	639.8	641.8	517.0	641.8	392.2	1.44	4.58	0	843	0	0.56	5.5	19.2	0.0	0.0	22.38	0	1.2758	1.9773	675	679.63	949.92	
1485373	62	638.9	641.5	516.8	641.8	392.2	1.44	4.58	0	833	0	0.56	5.5	19.2	0.0	0.0	22.34	0	1.2758	1.9773	675	679.44	949.38	
1485893	62	638.1	641.5	517.0	641.2	392.2	1.44	4.58	0	836	0	0.56	5.5	19.2	0.0	0.0	22.12	0	1.2758	1.9773	675	679.14	949.22	
1486432	62	637.2	641.2	516.8	641.5	392.5	1.44	4.58	0	824	0	0.56	5.5	19.2	0.0	0.0	22.27	0	1.2758	1.9773	675	678.74	949.06	
1486944	62	636.4	640.8	516.5	641.2	392.5	1.44	4.58	0	829	0	0.56	5.5	19.2	0.0	0.0	22.17	0	1.2758	1.9773	675	678.44	948.98	
1487526	62	635.5	640.8	516.8	640.8	392.5	1.44	4.58	0	813	0	0.56	5.5	19.2	0.0	0.0	22.57	0	1.2758	1.9773	675	678.13	948.91	
1488105	62	634.7	640.8	516.3	640.8	392.5	1.44	4.58	0	814	0	0.56	5.5	19.2	0.0	0.0	22.50	0	1.2758	1.9773	675	677.73	948.91	
1488676	62	633.8	640.5	516.3	640.2	392.5	1.44	4.58	0	808	0	0.31	5.5	19.2	0.0	0.0	22.41	0	1.2758	1.9773	675	677.43	948.67	
1489270	62	633.0	640.2	516.5	640.2	392.5	1.44	4.58	0	802	0	0.31	5.5	19.2	0.0	0.0	22.64	0	1.2758	1.9773	675	677.03	948.36	
1489799	62	632.2	639.8	516.3	639.8	392.5	1.44	4.58	0	808	0	0.56	5.5	19.2	0.0	0.0	22.71	0	1.2758	1.9773	675	676.75	948.75	
1490361	62	631.4	639.8	516.1	639.8	392.5	1.44	4.58	0	805	0	0.56	5.5	19.2	0.0	0.0	22.69	0	1.2758	1.9773	675	676.35	948.44	
1490933	62	630.5	639.5	516.0	639.8	392.5	1.44	4.58	0	798	0	0.31	5.5	19.2	0.0	0.0	27.80	0	1.2758	1.9773	675	676.05	948.20	
1491551	62	629.7	639.2	516.0	639.5	392.5	1.44	4.58	0	779	0	0.56	5.5	19.2	0.0	0.0	40.10	0	1.2758	1.9773	675	675.53	947.58	
1492075	62	628.9	639.2	515.7	638.8	392.8	2.12	4.58	0	1,073	1	1.62	5.5	19.2	0.0	0.0	37.03	0	1.2758	1.9773	675	675.25	953.12	
1492587	62	627.8	638.8	515.6	638.8	392.8	1.56	4.58	0	1,028	3	1.12	5.5	19.2	0.0	0.0	37.43	0	1.2758	1.9773	670	674.85	953.67	
1493088	62	626.8	638.5	515.6	638.5	392.8	1.94	4.58	0	1,153	5	1.62	5.5	19.2	0.0	0.0	38.95	0	1.2758	1.9773	670	674.33	957.66	
1493616	62	625.6	638.8	516.0	638.8	392.8	2.12	4.58	0	1,194	7	1.94	5.5	19.2	0.0	0.0	38.65	0	1.2758	1.9773	670	673.94	963.28	
1494177	62	624.3	638.8	516.2	638.8	392.8	1.94	4.58	0	1,261	9	2.19	5.5	19.2	0.0	0.0	39.35	0	1.2758	1.9773	670	673.35	967.34	
1494761	62	622.7	639.8	516.3	640.2	392.8	2.12	4.58	0	1,415	11	2.44	5.5	19.2	0.0	0.0	38.95	0	1.2758	1.9773	670	672.65	972.89	
1495289	61	621.2	640.5	516.7	640.5	393.5	1.94	4.58	0	1,432	13	3.00	5.5	19.2	0.0	0.0	42.70	0	1.2758	1.9773	670	671.94	983.20	
1495810	61	619.6	640.8	517.1	641.2	393.5	1.56	4.58	0	1,320	14	1.94	5.5	19.2	0.0	0.0	26.37	0	1.2758	1.9773	670	671.33	972.42	
1496347	61	618.2	642.2	517.6	642.2	394.2	2.81	4.58	0	981	15	0.56	5.5	19.2	0.0	0.0	18.80	0	1.2758	1.9773	670	670.63	959.61	
1496927	61	616.9	643.2	518.3	643.5	393.8	1.94	4.58	0	1,143	15	0.56	5.5	19.2	0.0	0.0	24.54	0	1.2758	1.9773	670	670.14	950.16	
1497441	61	615.6	644.5	519.5	644.5	394.2	1.75	4.58	0	1,233	15	1.12	5.5	19.2	0.0	0.0	23.30	0	1.2758	1.9773	665	669.44	952.27	
1498000	61	614.4	645.2	519.8	645.5	394.5	1.25	4.58	0	1,165	16	0.56	5.5	19.2	0.0	0.0	15.07	0	1.2758	1.9773	665	668.94	951.72	
1498560	61	613.2	646.2	520.5	646.5	394.5	2.25	4.58	0	1,240	16	0.56	5.5	19.2	0.0	0.0	12.61	0	1.2758	1.9773	665	668.24	953.83	
1499081	61	612.2	646.8	520.5	646.8	394.5	0.56	4.58	0	1,246	16	0.31	5.5	19.2	0.0	0.0	15.14	0	1.2758	1.9773	665	667.75	952.42	
1499760	61	611.1	647.5	521.0	647.5	394.8	1.44	4.58	0	1,332	16	1.12	5.5	19.2	0.0	0.0	29.79	0	1.2758	1.9773	665	667.05	949.84	
1500326	61	609.9	647.8	521.3	647.8	395.2	1.94	4.58	0	1,399	18	2.75	5.5	19.2	0.0	0.0	42.16	0	1.2758	1.9773	665	666.44	958.44	
1500842	61	608.4	648.2	521.7	648.5	395.2	2.25	4.58	0	1,560	20	3.25	5.5	19.2	0.0	0.0	36.47	0	1.2758	1.9773	665	665.55	976.48	
1501386	61	606.9	649.2	522.1	648.8	395.5	1.94	4.58	0	1,672	22	2.19	5.5	19.2	0.0	0.0	25.92	0	1.2758	1.9773	660	664.84	975.39	
1501893	61	605.6	649.5	522.3	649.5	396.2	0.69	4.58	0	1,736	22	1.38	5.5	19.2	0.0	0.0	13.55	0	1.2758	1.9773	660	664.14	963.12	
1502445	60	604.4	650.5	523.1	650.5	395.8	0.69	4.58	0	1,701	22	1.38	5.5	19.2	0.0	0.0	11.95	0	1.2758	1.9773	660	663.34	957.03	
1502963	60	603.4	651.2	523.7	651.2	396.2	1.44	4.58	0	1,638	21	1.12	5.5	19.2	0.0	0.0	17.91	0	1.2758	1.9773	660	662.73	957.19	
1503477	60	602.5	651.8	524.3	651.8	396.5	0.38	4.58	0	1,615	21	1.12	5.5	19.2	0.0	0.0	18.63	0	1.2758	1.9773	660	662.24	957.81	
1504074	61	601.6	652.5	524.5	653.2	396.5	0.38	4.58	0	1,550	20	1.12	5.5	19.2	0.0	0.0	18.16	0	1.2758	1.9773	660	661.54	965.08	
1504609	61	600.9	652.8	524.8	652.8	396.8	0.38	4.58	0	1,492	19	1.38	5.5	19.2	0.0	0.0	18.47	0	1.2758	1.9773	660	661.05	966.09	
1505117	61	600.3	653.5	525.2	653.2	396.8	0.38	4.58	0	1,421	18	1.38	5.5	19.2	0.0	0.0	18.61	0	1.2758	1.9773	660	660.44	966.80	
1505631	61	599.8	653.5	525.1	653.2	397.2	0.56	4.58	0	1,334	17	0.81	5.5	19.2	0.0	0.0	18.59	0	1.2758	1.9773	660	659.85	966.17	
1506200	61	599.3	653.2	525.5	653.2	397.8	0.69	4.58	0	1,270	16	0.81	5.5	19.2	0.0	0.0	18.30	0	1.2758	1.9773	655	659.33	965.47	
1506773	61	598.8	653.8	525.6	653.5	397.8	0.88	4.58	0	1,191	15	0.56	5.5	19.2	0.0	0.0	18.21	0	1.2758	1.9773	655	658.75	963.52	
1507316	61	598.4	653.2	525.6	653.5	398.2	0.69	4.58	0	1,137	14	0.56	5.5	19.2	0.0	0.0	11.60	0	1.2758	1.9773	655	658.35	959.38	
1507836	61	598.0	653.2	525.7	653.2	398.2	1.56	4.58	0	1,083	13	0.31	5.5	19.2	0.0	0.0	12.61	0	1.2758	1.9773	655	657.74	955.78	
1508508	61	597.6	652.8	525.5	652.5	397.8	1.44	4.58	0	1,040	13	0.31	5.5	19.2	0.0	0.0	12.98	0	1.2758	1.9773	655	657.25	953.20	
1509030	61	597.2	652.2	525.3	652.2	398.5	1.44	4.58	0	996	12	0.31	5.5	19.2	0.0	0.0	13.01	0	1.2758	1.9773	655	656.73	951.56	
1509568	62	596.8	651.8	525.0	651.8	398.5	1.44	4.58	0	969	12	0.31	5.5	19.2	0.0	0.0	22.45	0	1.2758	1.9773	655	656.24	948.20	
1510097	62	596.3	651.2	524.6	650.8	398.5	1.75	4.58	0	1,052	12	1.12	5.5	19.2	0.0	0.0	39.54	0	1.2758	1.9773	655	655.63	946.33	
1510661	62	595.7	650.5	524.5	650.2	398.8	2.44	4.58	0	1,454	14	3.50	5.5	19.2	0.0	0.0	45.56	0	1.2758	1.9773	655	654.93	966.48	
1511222	62	594.7	649.5	524.0	649.8	398.8	2.44	4.58	0	1,474	16	4.06	5.5	19.2	0.0	0.0	43.62	0	1.2758	1.9773	650	654.13	990.78	
1511791	62	593.5	649.5	524.3	649.5	399.2	2.12	4.58	0	1,408	18	2.75	5.5	19.2	0.0	0.0	41.16	0	1.2758	1.9773	650	653.24	988.91	
1512337	62	592.3	649.8	524.8	649.8	399.5	2.25	4.58	0	1,472	19	3.50	5.5	19.2	0.0	0.0	45.28	0	1.2758	1.9773	650	652.23	992.19	
1512869	61	591.0	650.2	524.8	650.5	399.5	2.62	4.58	0	1,629	20	4.31	5.5	19.2	0.0	0.0	45.91	0	1.2758	1.9773	650	651.34	1,009.06	
1513373	61	589.5	650.8	525.5	650.8	399.8	2.81	4.58	0	1,671	22	4.62	5.5	19.2	0.0	0.0	43.97	0	1.2758	1.9773	650	650.33	1,017.89	
1513930	61	587.8	652.2	525.6	652.5	400.2	2.25	4.58	0	1,730	22	3.00	5.5	19.2	0.0	0.0	38.27	0	1.2758	1.9773	645	649.14	1,003.28	
1514449	61	586.3	653.8	526.8	653.8	400.2	2.62	4.58	0	1,707	22	3.50	5.5	19.2	0.0	0.0	27.23	0	1.2758	1.9773	645	648.04	990.08	
1514967	61	585.0	655.5	528.2	655.5	400.8	0.69	4.58	0	1,736	21	1.38	5.5	19.2	0.0	0.0	15.42	0	1.2758	1.9773	645	647.15	970.55	
1515559	60	583.6	657.5	529.0	657.5	401.2	1.25	4.58	0	1,556	20	1.38	5.5	19.2	0.0	0.0	11.55	0	1.2758	1.9773	645	646.23	959.61	
1516091	60	582.5	658.8	529.6	659.2	401.2	0.56	4.58	0	1,387	18	1.12	5.5	19.2	0.0	0.0	18.28	0	1.2758	1.9773	645	645.44	958.05	
1516626	60	581.7	660.8	530.8	660.8	401.5	0.69	4.58	0	1,260	15	0.56	5.5	19.2	0.0	0.0	17.88	0	1.2758	1.9773	640	644.73	957.03	
1517297	60	580.8	662.2	532.0	662.2	401.8	0.69	4.58	0	1,156	14	0.31	5.5	19.2	0.0	0.0	19.29	0	1.2758	1.9773	640	643.75	953.36	
1517809	60	580.0	662.8	532.5	663.2	401.8	1.94	4.58	0	1,064	13	1.12	5.5	19.2	0.0	0.0	39.70	0	1.2758	1.9773	640	642.93	950.55	
1518336	61	579.0	663.5	532.7	663.5	401.8	2.81	4.58	0	1,454	13	4.31	5.5	19.2	0.0	0.0	49.95	0	1.2758	1.9773	640	641.85	975.78	
1518866	61	577.9	664.2	533.3	664.2	402.2	3.00	4.58	0	1,504	14	5.44	5.5	19.2	0.0	0.0	53.11	0	1.2758	1.9773	640	640.84	1,010.16	
1519437	61	576.5	664.5	533.5	664.5	402.8	2.62	4.58	0	1,487	16	4.88	5.5	19.2	0.0	0.0	46.88	0	1.2758	1.9773	635	639.44	1,021.48	
1520014	61	575.1	665.2	534.3	665.2	403.2	2.44	4.58	0	1,467	17	4.06	5.5	19.2	0.0	0.0	45.26	0	1.2758	1.9773	635	638.33	1,017.19	
1520577	61	573.6	666.2	535.0	666.5	403.5	2.25	4.58	0	1,438	17	3.00	5.5	19.2	0.0	0.0	42.56	0	1.2758	1.9773	635	636.93	1,006.25	
1521127	60	572.4	667.8	535.5	668.2	403.5	2.25	4.58	0	1,405	18	2.75	5.5	19.2	0.0	0.0	36.28	0	1.2758	1.9773	635	635.85	997.50	
1521659	60	571.1	669.5	536.6	669.8	403.8	2.25	4.58	0	1,358	18	2.44	5.5	19.2	0.0	0.0	19.99	0	1.2758	1.9773	630	634.54	975.39	
1522171	60	570.1	671.2	537.7	670.8	404.2	1.56	4.58	0	1,349	16	1.12	5.5	19.2	0.0	0.0	27.82	0	1.2758	1.9773	630	633.65	952.58	
1522697	60	569.0	672.8	538.5	672.8	404.5	2.44	4.58	0	1,443	16	2.75	5.5	19.2	0.0	0.0	47.58	0	1.2758	1.9773	630	632.55	969.77	
1523240	60	567.8	674.2	539.0	674.2	404.8	3.00	4.58	0	1,560	16	4.88	5.5	19.2	0.0	0.0	52.29	0	1.2758	1.9773	630	631.14	1,008.36	
1523777	60	566.6	675.2	540.2	675.5	405.2	2.44	4.58	0	1,486	18	4.06	5.5	19.2	0.0	0.0	46.55	0	1.2758	1.9773	630	629.94	1,013.44	
1524328	60	565.2	676.8	540.8	677.2	405.5	2.44	4.58	0	1,535	20	3.81	5.5	19.2	0.0	0.0	39.16	0	1.2758	1.9773	625	628.44	1,008.44	
1524899	60	564.0	678.5	542.0	678.5	405.8	2.44	4.58	0	1,658	21	3.25	5.5	19.2	0.0	0.0	40.78	0	1.2758	1.9773	625	627.25	1,001.80	
1525523	60	562.8	680.2	543.0	680.5	405.8	3.50	4.58	0	1,766	23	5.44	5.5	19.2	0.0	0.0	50.27	0	1.2758	1.9773	625	625.75	1,035.31	
1526035	60	561.6	681.8	544.3	682.2	406.5	4.00	4.58	0	1,885	24	6.50	5.5	19.2	0.0	0.0	51.14	0	1.2758	1.9773	620	624.04	1,062.89	
1526580	60	560.2	684.2	545.3	684.2	406.8	2.81	4.58	0	1,624	25	6.75	5.5	19.2	0.0	0.0	58.76	0	1.2758	1.9773	620	622.63	1,089.14	
1527149	60	558.9	686.5	546.8	686.2	407.2	2.81	4.58	0	1,429	27	7.31	5.5	19.2	0.0	0.0	65.86	0	1.2758	1.9773	620	620.94	1,078.20	
1527687	60	557.8	687.8	547.6	687.8	407.5	3.50	4.58	0	1,438	28	8.94	5.5	19.2	0.0	0.0	68.32	0	1.2758	1.9773	615	619.44	1,087.73	
1528282	60	557.1	690.2	549.2	690.5	407.8	3.69	4.58	0	1,489	30	10.00	5.5	19.2	0.0	0.0	66.89	0	1.2758	1.9773	615	617.55	1,082.27	
1528834	59	557.0	692.5	549.8	692.5	408.5	2.81	4.58	0	1,576	31	8.94	5.5	19.2	0.0	0.0	51.70	0	1.2758	1.9773	615	615.74	1,042.34	
1529419	59	556.9	694.5	551.5	694.5	408.8	1.44	4.58	0	1,566	32	2.44	5.5	19.2	0.0	0.0	20.51	0	1.2758	1.9773	610	614.43	995.94	
1529937	59	556.9	696.5	552.5	696.5	409.5	1.44	4.58	0	1,082	31	0.56	5.5	19.2	0.0	0.0	33.73	0	1.2758	1.9773	610	613.44	969.84	
1530466	59	556.9	697.5	553.3	697.8	409.8	2.44	4.58	0	1,247	31	3.00	5.5	19.2	0.0	0.0	56.13	0	1.2758	1.9773	610	611.94	983.67	
1531023	59	556.9	699.2	554.1	699.2	409.8	2.62	4.58	0	1,155	32	4.31	5.5	19.2	0.0	0.0	71.58	0	1.2758	1.9773	610	610.75	1,023.12	
1531583	59	557.2	700.8	555.0	700.5	410.5	3.00	4.58	0	1,117	33	5.69	5.5	19.2	0.0	0.0	73.50	0	1.2758	1.9773	605	609.25	1,062.89	
1532135	59	557.8	701.5	555.8	701.5	410.5	3.12	4.58	0	1,212	33	6.50	5.5	19.2	0.0	0.0	74.72	0	1.2758	1.9773	605	607.75	1,093.36	
1532578	59	558.5	702.2	556.5	702.5	411.2	3.31	4.58	0	1,170	34	6.50	5.5	19.2	0.0	0.0	75.42	0	1.2758	1.9773	605	606.83	1,110.00	
1533130	59	559.6	702.8	557.1	702.8	411.5	3.31	4.58	0	1,254	35	7.31	5.5	19.2	0.0	0.0	74.77	0	1.2758	1.9773	605	605.64	1,123.12	
1533659	59	560.8	704.2	558.0	704.2	412.2	3.50	4.58	0	1,281	36	8.12	5.5	19.2	0.0	0.0	74.46	0	1.2758	1.9773	600	604.35	1,134.53	
1534326	59	562.6	704.5	558.3	704.5	412.2	3.31	4.58	0	1,265	37	8.12	5.5	19.2	0.0	0.0	75.84	0	1.2758	1.9773	600	603.04	1,144.69	
1534846	59	564.2	705.5	559.0	705.5	412.5	3.81	4.58	0	1,279	38	9.50	5.5	19.2	0.0	0.0	90.68	0	1.2758	1.9773	600	601.84	1,201.95	
1535386	58	566.7	706.5	559.5	706.5	413.2	11.31	4.58	0	1,902	38	27.31	5.5	19.2	0.0	0.0	116.44	0	1.2758	1.9773	600	600.83	1,626.48	
1535962	59	569.7	707.2	560.5	707.2	413.2	16.31	4.58	0	1,974	41	42.44	5.5	19.6	0.0	0.0	122.60	0	1.2758	1.9852	595	599.73	1,574.77	
1536484	59	573.4	707.8	560.8	708.2	413.5	14.25	4.58	0	2,146	44	35.12	5.5	19.6	0.0	0.0	106.99	0	1.2758	1.9922	595	599.03	1,509.30	
1537081	58	578.6	708.8	561.6	708.8	414.8	15.31	4.58	0	2,323	47	41.88	5.5	19.6	0.0	0.0	111.98	0	1.2758	1.9852	595	598.54	1,501.72	
1537641	58	584.3	709.8	562.5	710.2	415.2	14.75	4.58	0	2,465	49	39.19	5.5	19.6	0.0	0.0	96.28	0	1.2758	2.0000	595	598.44	1,326.48	
1538165	58	590.2	711.2	563.3	711.2	415.5	12.00	4.58	0	2,507	51	31.62	5.5	19.6	0.0	0.0	83.51	0	1.2758	1.9922	595	598.75	1,226.48	
1538674	57	597.3	712.5	564.3	712.5	416.5	10.44	4.58	0	1,897	52	23.00	5.5	19.6	0.0	0.0	91.03	0	1.2758	2.0000	595	599.33	1,213.28	
1539217	57	604.1	712.8	565.0	713.5	416.8	8.38	4.58	0	1,821	53	18.38	5.5	19.6	0.0	0.0	84.16	0	1.2758	2.0000	600	600.13	1,179.14	
1539733	57	611.7	714.2	565.6	714.5	417.8	8.38	4.58	0	1,839	55	17.31	5.5	19.6	0.0	0.0	84.73	0	1.2758	2.0000	600	601.35	1,199.92	
1540261	57	618.7	714.8	566.3	715.2	417.8	9.25	4.58	0	1,913	55	16.25	5.5	20.0	0.0	0.0	71.46	0	1.2758	2.0070	600	602.64	1,133.67	
1540816	57	625.6	716.2	567.3	716.2	418.8	-0.06	4.58	0	1,866	55	4.06	5.5	20.0	0.0	0.0	22.15	0	1.2758	2.0070	600	603.83	1,037.03	
1541349	57	630.4	716.5	567.8	716.2	419.5	0.88	4.58	0	1,423	54	0.81	5.5	20.0	0.0	0.0	13.36	0	1.2758	2.0070	605	605.03	978.91	
1541866	56	633.9	716.5	568.1	716.5	419.5	0.56	4.58	0	1,369	53	0.81	5.5	19.6	0.0	0.0	13.50	0	1.2758	2.0000	605	605.85	963.28	
1542443	57	637.6	716.5	568.3	716.5	419.8	0.56	4.58	0	1,339	52	0.81	5.5	19.6	0.0	0.0	16.62	0	1.2758	2.0070	605	606.83	959.22	
1543059	57	640.6	716.2	568.5	716.5	420.8	0.69	4.58	0	1,326	51	0.81	5.5	19.6	0.0	0.0	16.66	0	1.2758	1.9922	605	607.84	963.20	
1543617	57	643.2	715.5	568.3	715.5	421.2	0.69	4.58	0	1,288	50	0.81	5.5	19.6	0.0	0.0	16.31	0	1.2758	2.0000	605	608.55	963.12	
1544140	57	646.1	713.8	567.7	713.8	421.2	0.88	4.58	0	1,260	49	0.56	5.5	20.0	0.0	0.0	16.57	0	1.2758	2.0070	605	609.44	963.44	
1544659	58	648.2	712.8	566.8	712.5	421.8	0.88	4.58	0	1,227	48	0.56	5.5	19.6	0.0	0.0	16.52	0	1.2758	1.9922	610	610.14	962.73	
1545251	58	650.4	710.8	566.8	710.8	422.2	0.88	4.58	0	1,199	47	0.56	5.5	19.6	0.0	0.0	16.59	0	1.2758	1.9922	610	610.94	961.95	
1545847	58	652.5	709.2	565.5	708.5	422.8	1.94	4.58	0	1,210	46	1.12	5.5	19.6	0.0	0.0	15.16	0	1.2758	1.9922	610	611.64	959.45	
1546378	58	654.3	706.8	564.8	706.5	422.8	2.44	4.58	0	1,257	45	2.44	5.5	19.6	0.0	0.0	56.65	0	1.2758	1.9922	610	612.44	957.73	
1546949	59	656.4	704.5	563.8	704.5	423.2	3.12	4.58	0	1,253	46	5.69	5.5	19.6	0.0	0.0	78.70	0	1.2758	1.9922	610	613.54	1,043.91	
1547498	59	658.6	702.5	563.0	702.5	423.2	4.00	4.58	0	1,356	46	10.25	5.5	19.6	0.0	0.0	90.42	0	1.2758	2.0000	610	614.64	1,175.70	
1548057	59	661.2	700.8	562.5	700.8	423.5	7.50	4.58	0	1,605	47	19.75	5.5	19.6	0.0	0.0	109.97	0	1.2758	2.0000	615	616.35	1,427.03	
1548593	59	664.2	699.2	561.5	698.8	423.5	8.69	4.58	0	1,636	48	23.25	5.5	19.6	0.0	0.0	88.34	0	1.2758	2.0000	615	617.94	1,198.83	
1549113	58	667.0	698.2	561.1	697.8	424.5	7.31	4.58	0	1,704	50	18.12	5.5	19.6	0.0	0.0	87.42	0	1.2758	2.0000	615	619.84	1,233.59	
1549636	58	670.2	697.5	561.0	697.5	424.2	8.00	4.58	0	1,747	51	19.44	5.5	19.6	0.0	0.0	93.96	0	1.2758	1.9852	620	622.23	1,278.67	
1550166	58	673.2	696.8	560.6	696.5	424.8	9.06	4.58	0	1,782	53	20.56	5.5	19.6	0.0	0.0	93.07	0	1.2758	1.9852	620	624.34	1,233.59	
1550728	58	676.5	695.8	560.3	695.8	425.2	3.00	4.58	0	1,855	53	4.62	5.5	19.6	0.0	0.0	27.19	0	1.2758	1.9852	625	626.33	1,052.97	
1551360	57	678.7	695.8	560.8	695.8	425.2	1.06	4.58	0	1,774	53	1.12	5.5	19.6	0.0	0.0	11.58	0	1.2758	2.0000	625	628.54	977.81	
1551874	57	680.4	696.2	560.6	695.8	425.5	0.00	4.58	0	1,725	52	0.81	5.5	19.6	0.0	0.0	15.96	0	1.2758	1.9922	625	629.85	965.23	
1552444	57	682.1	695.5	560.6	695.8	425.8	0.69	4.58	0	1,690	50	1.12	5.5	19.6	0.0	0.0	17.53	0	1.2758	1.9922	630	631.44	961.95	
1552961	57	683.3	695.5	560.8	695.2	426.2	0.56	4.58	0	1,597	46	1.12	5.5	19.6	0.0	0.0	16.97	0	1.2758	1.9922	630	632.64	968.44	
1553530	58	684.4	695.2	560.3	694.8	425.8	0.56	4.58	0	1,428	41	1.12	5.5	19.6	0.0	0.0	17.04	0	1.2758	1.9922	630	633.74	967.34	
1554069	58	685.5	694.2	560.0	693.8	425.8	1.06	4.58	0	1,236	36	0.56	5.5	19.6	0.0	0.0	16.73	0	1.2758	1.9922	635	635.03	965.39	
1554580	58	686.4	692.8	559.5	692.8	426.2	1.25	4.58	0	1,110	32	0.56	5.5	19.6	0.0	0.0	16.69	0	1.2758	1.9922	635	636.04	962.81	
1555121	58	687.2	691.8	559.1	692.2	426.2	1.25	4.58	0	1,123	28	0.31	5.5	19.6	0.0	0.0	16.59	0	1.2758	1.9852	635	637.05	961.33	
1555671	58	688.0	690.8	558.6	690.8	426.5	1.25	4.58	0	1,099	26	0.56	5.5	19.6	0.0	0.0	18.14	0	1.2758	1.9852	635	638.03	959.84	
1556207	59	688.7	689.5	558.1	688.8	426.8	1.25	4.58	0	763	25	0.31	5.5	19.6	0.0	0.0	20.60	0	1.2758	1.9852	635	638.94	954.69	
1556749	59	689.3	687.8	557.2	687.5	426.5	1.44	4.58	0	1,013	24	0.56	5.5	19.6	0.0	0.0	16.45	0	1.2758	1.9852	640	640.05	953.12	
1557308	59	689.9	686.2	556.3	685.8	426.5	1.25	4.58	0	979	24	0.31	5.5	19.2	0.0	0.0	15.73	0	1.2758	1.9781	640	640.84	951.25	
1557870	59	690.3	684.5	555.6	684.5	426.8	1.56	4.58	0	958	24	0.31	5.5	19.2	0.0	0.0	17.02	0	1.2758	1.9781	640	641.73	949.77	
1558397	59	690.7	682.5	554.8	682.2	426.5	1.44	4.58	0	957	23	0.31	5.5	19.6	0.0	0.0	16.95	0	1.2758	1.9852	640	642.53	949.06	
1558923	59	691.0	681.5	553.8	681.5	426.2	1.44	4.58	0	949	23	0.31	5.5	19.6	0.0	0.0	17.18	0	1.2758	1.9852	640	643.23	948.36	
1559467	59	691.3	679.8	553.0	679.5	426.8	1.44	4.58	0	937	22	0.31	5.5	19.2	0.0	0.0	17.09	0	1.2758	1.9773	640	644.15	948.20	
1560123	60	691.5	677.5	552.0	677.5	426.2	1.44	4.58	0	940	22	0.31	5.5	19.6	0.0	0.0	19.41	0	1.2758	1.9852	645	644.94	940.47	
1560684	60	691.6	675.8	551.0	675.2	426.2	2.81	4.58	0	1,405	22	4.06	5.5	19.6	0.0	0.0	51.23	0	1.2758	1.9852	645	646.05	967.58	
1561202	60	691.6	673.8	550.0	673.5	425.8	2.81	4.58	0	1,349	24	4.62	5.5	19.6	0.0	0.0	58.45	0	1.2758	1.9852	645	646.94	1,005.39	
1561712	60	691.4	671.8	549.0	671.8	425.8	2.62	4.58	0	1,233	25	4.06	5.5	19.6	0.0	0.0	53.74	0	1.2758	1.9852	645	647.94	1,023.83	
1562238	60	691.1	670.8	548.2	670.5	425.5	1.56	4.58	0	1,286	26	2.19	5.5	19.6	0.0	0.0	25.73	0	1.2758	1.9852	645	648.93	989.14	
1562786	60	690.6	669.5	547.8	669.8	425.8	1.25	4.58	0	1,295	26	0.81	5.5	19.6	0.0	0.0	15.00	0	1.2758	1.9852	645	649.63	965.16	
1563328	59	690.3	668.8	547.1	668.8	425.5	1.25	4.58	0	1,256	25	0.56	5.5	19.6	0.0	0.0	12.33	0	1.2758	1.9852	650	650.55	956.09	
1563850	59	689.9	668.2	546.6	667.8	425.5	1.44	4.58	0	1,220	25	0.31	5.5	19.6	0.0	0.0	16.66	0	1.2758	1.9852	650	651.13	952.97	
1564388	60	689.6	667.2	546.1	667.2	424.8	1.56	4.58	0	1,204	24	0.81	5.5	19.6	0.0	0.0	35.58	0	1.2758	1.9852	650	651.74	948.59	
1564971	60	689.1	666.2	545.7	665.8	424.8	2.62	4.58	0	1,336	25	3.25	5.5	19.6	0.0	0.0	52.66	0	1.2758	1.9852	650	652.75	970.00	
1565550	60	688.4	665.2	545.2	665.2	425.2	2.81	4.58	0	1,354	27	4.62	5.5	19.6	0.0	0.0	57.05	0	1.2758	1.9852	650	653.64	1,008.83	
1566074	60	687.5	664.5	544.6	664.2	424.8	2.81	4.58	0	1,393	28	5.12	5.5	19.6	0.0	0.0	56.65	0	1.2758	1.9852	650	654.44	1,031.88	
1566662	60	686.3	663.8	544.3	663.8	424.8	3.00	4.58	0	1,513	29	5.44	5.5	19.6	0.0	0.0	52.99	0	1.2758	1.9852	655	655.44	1,045.08	
1567198	60	685.0	663.5	544.1	663.2	424.8	3.00	4.58	0	1,520	31	5.69	5.5	19.6	0.0	0.0	50.88	0	1.2758	1.9852	655	656.24	1,048.98	
1567708	60	683.7	663.5	543.8	663.5	424.5	3.12	4.58	0	1,597	32	5.69	5.5	19.6	0.0	0.0	50.34	0	1.2758	1.9852	655	657.04	1,049.77	
1568213	60	682.3	663.5	544.0	663.5	424.8	3.50	4.58	0	1,685	33	6.50	5.5	19.6	0.0	0.0	55.52	0	1.2758	1.9852	655	657.74	1,064.92	
1568849	59	680.7	663.8	544.0	663.5	424.5	2.62	4.58	0	1,237	34	4.88	5.5	19.6	0.0	0.0	58.15	0	1.2758	1.9852	655	658.75	1,025.70	
1569396	59	679.1	664.2	544.3	664.2	424.8	2.44	4.58	0	1,262	35	5.44	5.5	19.6	0.0	0.0	57.80	0	1.2758	1.9852	655	659.33	1,001.17	
1569984	59	676.9	664.8	544.6	664.8	424.2	2.62	4.58	0	1,307	36	6.25	5.5	19.6	0.0	0.0	58.80	0	1.2758	1.9852	660	660.04	995.00	
1570496	59	675.3	665.5	545.0	665.5	424.5	2.44	4.58	0	1,305	37	6.50	5.5	19.6	0.0	0.0	55.83	0	1.2758	1.9852	660	660.53	980.16	
1571027	59	673.6	666.2	545.1	666.2	424.2	2.62	4.58	0	1,328	38	5.94	5.5	19.6	0.0	0.0	50.53	0	1.2758	1.9852	660	661.05	995.86	
1571617	59	672.0	666.8	545.6	666.8	424.5	1.56	4.58	0	1,303	38	1.94	5.5	19.6	0.0	0.0	20.09	0	1.2758	1.9852	660	661.54	971.88	
1572187	58	670.7	667.8	546.0	667.8	424.5	1.06	4.58	0	1,275	38	0.81	5.5	19.6	0.0	0.0	14.06	0	1.2758	1.9852	660	661.94	957.89	
1572718	58	669.6	668.5	546.3	668.5	424.5	1.75	4.58	0	1,248	37	0.31	5.5	19.6	0.0	0.0	14.95	0	1.2758	1.9852	660	662.24	953.98	
1573261	58	668.6	668.8	546.7	668.8	423.8	0.88	4.58	0	1,220	36	0.56	5.5	19.6	0.0	0.0	17.16	0	1.2758	1.9852	660	662.64	953.98	
1573869	59	667.7	669.5	546.7	669.5	424.2	0.88	4.58	0	1,201	35	0.56	5.5	19.6	0.0	0.0	13.59	0	1.2758	1.9852	660	662.94	956.88	
1574395	59	666.9	669.2	547.0	669.2	424.5	2.25	4.58	0	1,225	35	1.38	5.5	19.6	0.0	0.0	42.68	0	1.2758	1.9852	660	663.25	953.28	
1574923	59	666.0	668.8	546.7	669.2	424.2	2.44	4.58	0	1,245	36	4.06	5.5	19.6	0.0	0.0	58.27	0	1.2758	1.9852	660	663.53	970.00	
1575452	60	664.9	669.2	546.7	668.8	424.5	3.12	4.58	0	1,266	37	5.94	5.5	19.6	0.0	0.0	69.56	0	1.2758	1.9852	660	663.83	1,031.09	
1575997	59	663.8	668.8	546.3	668.8	424.2	2.62	4.58	0	1,292	38	5.94	5.5	19.6	0.0	0.0	38.46	0	1.2758	1.9852	660	664.05	1,020.08	
1576564	59	662.9	669.2	546.3	669.2	424.2	1.06	4.58	0	1,264	37	0.81	5.5	19.6	0.0	0.0	18.66	0	1.2758	1.9852	660	664.14	975.94	
1577170	59	662.1	669.2	546.7	669.2	424.2	1.25	4.58	0	1,209	36	0.56	5.5	19.6	0.0	0.0	13.85	0	1.2758	1.9852	660	664.35	959.06	
1577706	59	661.4	669.5	546.6	669.5	423.8	2.81	4.58	0	1,139	33	0.00	5.5	19.6	0.0	0.0	17.04	0	1.2758	1.9852	660	664.44	954.61	
1578269	59	660.6	669.5	546.8	669.5	424.5	1.56	4.58	0	953	25	0.00	5.5	19.6	0.0	0.0	12.75	0	1.2758	1.9852	660	664.54	953.44	
1578786	59	660.1	669.5	547.0	669.2	424.2	1.56	4.58	0	885	19	0.31	5.5	19.6	0.0	0.0	17.04	0	1.2758	1.9852	660	664.63	951.02	
1579329	59	659.6	669.5	546.5	669.5	423.8	1.56	4.58	0	876	16	0.31	5.5	19.6	0.0	0.0	21.14	0	1.2758	1.9852	660	664.63	949.77	
1579923	59	658.9	669.2	546.5	668.8	423.8	1.56	4.58	0	954	14	0.31	5.5	19.6	0.0	0.0	19.22	0	1.2758	1.9852	660	664.75	949.69	
1580470	60	658.4	668.8	546.5	668.5	424.2	1.44	4.58	0	903	12	0.31	5.5	19.6	0.0	0.0	19.62	0	1.2758	1.9852	660	664.84	948.44	
1581010	60	657.8	667.8	546.0	667.8	423.8	1.44	4.58	0	906	11	0.31	5.5	19.6	0.0	0.0	20.65	0	1.2758	1.9852	665	664.94	947.81	
1581589	60	657.2	667.2	545.3	667.2	423.5	1.44	4.58	0	912	11	0.31	5.5	19.6	0.0	0.0	21.02	0	1.2758	1.9852	665	665.03	947.50	
1582174	60	656.6	666.2	545.0	666.5	423.5	1.44	4.58	0	926	11	0.31	5.5	19.6	0.0	0.0	37.83	0	1.2758	1.9852	665	665.03	944.69	
1582722	60	656.0	665.5	544.6	665.5	423.2	2.12	4.58	0	1,274	11	2.19	5.5	19.6	0.0	0.0	25.05	0	1.2758	1.9852	665	665.15	951.48	
1583249	60	655.3	664.5	544.2	664.8	423.2	1.06	4.58	0	1,029	12	0.56	5.5	19.6	0.0	0.0	20.09	0	1.2758	1.9852	665	665.15	950.00	
1583791	60	654.6	664.5	543.6	664.5	422.8	1.44	4.58	0	936	12	0.31	5.5	19.6	0.0	0.0	21.30	0	1.2758	1.9852	665	665.24	948.59	
1584357	60	654.0	664.5	543.5	664.2	422.5	1.44	4.58	0	928	11	0.31	5.5	19.6	0.0	0.0	38.91	0	1.2758	1.9852	665	665.24	947.27	
1584957	61	653.1	663.5	543.0	663.5	422.5	2.25	4.58	0	1,317	12	2.44	5.5	19.6	0.0	0.0	45.21	0	1.2758	1.9852	665	665.24	959.14	
1585492	61	652.2	662.8	542.6	663.2	422.2	2.44	4.58	0	1,375	14	3.50	5.5	19.6	0.0	0.0	49.92	0	1.2758	1.9852	665	665.24	983.67	
1586021	61	651.1	662.8	542.6	663.2	422.5	2.62	4.58	0	1,443	16	4.31	5.5	19.6	0.0	0.0	54.49	0	1.2758	1.9852	665	665.15	1,000.78	
1586533	61	650.0	662.2	542.5	662.5	422.5	3.12	4.58	0	1,477	18	5.94	5.5	19.6	0.0	0.0	57.56	0	1.2758	1.9852	665	665.03	1,038.98	
1587062	61	648.3	662.8	542.5	662.5	422.2	3.50	4.58	0	1,582	20	7.06	5.5	19.6	0.0	0.0	60.63	0	1.2758	1.9852	660	664.84	1,073.28	
1587584	60	646.5	663.5	543.0	663.5	422.2	4.00	4.58	0	1,703	23	7.56	5.5	19.6	0.0	0.0	55.52	0	1.2758	1.9852	660	664.54	1,092.42	
1588152	60	644.6	664.5	543.3	664.2	422.2	4.69	4.58	0	1,877	24	8.38	5.5	19.6	0.0	0.0	55.78	0	1.2758	1.9852	660	664.05	1,044.06	
1588715	60	642.5	665.5	543.8	665.5	422.2	3.12	4.58	0	1,483	26	9.19	5.5	19.2	0.0	0.0	67.66	0	1.2758	1.9773	660	663.65	1,101.95	
1589235	60	640.3	667.2	544.6	667.2	422.5	3.69	4.58	0	1,492	28	9.50	5.5	19.2	0.0	0.0	72.87	0	1.2758	1.9773	660	663.04	1,125.86	
1589794	59	638.6	669.2	545.6	669.2	422.5	4.19	4.58	0	1,497	30	11.06	5.5	19.2	0.0	0.0	72.02	0	1.2758	1.9773	660	662.33	1,133.98	
1590346	59	637.1	670.8	546.6	671.2	422.8	4.56	4.58	0	1,591	32	11.62	5.5	19.2	0.0	0.0	69.87	0	1.2758	1.9703	660	661.63	1,147.11	
1590953	59	635.9	673.5	547.8	673.8	422.5	5.38	4.58	0	1,688	34	12.44	5.5	19.2	0.0	0.0	73.52	0	1.2758	1.9703	660	660.53	1,178.67	
1591489	59	635.3	676.2	549.3	676.2	422.5	6.62	4.58	0	1,809	36	13.81	5.5	19.6	0.0	0.0	73.85	0	1.2758	1.9852	655	659.64	1,195.70	
1592016	58	635.2	678.5	550.5	678.5	423.2	7.31	4.58	0	1,861	38	14.31	5.5	19.6	0.0	0.0	75.73	0	1.2758	1.9852	655	658.75	1,248.44	
1592530	58	635.4	681.2	552.0	681.5	422.8	7.12	4.58	0	1,832	40	16.75	5.5	19.2	0.0	0.0	87.70	0	1.2758	1.9773	655	657.74	1,301.25	
1593091	58	636.1	684.8	554.0	684.8	423.5	5.38	4.58	0	1,467	41	14.06	5.5	19.2	0.0	0.0	88.62	0	1.2758	1.9773	655	656.85	1,281.95	
1593647	58	636.9	687.5	555.7	688.2	423.5	5.06	4.58	0	1,445	43	13.50	5.5	19.2	0.0	0.0	94.59	0	1.2758	1.9773	655	655.94	1,278.52	
1594206	58	638.4	691.2	557.3	691.5	424.2	6.94	4.58	0	1,506	44	21.06	5.5	19.2	0.0	0.0	100.31	0	1.2758	1.9773	655	655.14	1,296.72	
1594766	58	639.9	694.2	559.3	694.5	424.5	6.81	4.58	0	1,584	45	21.06	5.5	19.2	0.0	0.0	92.77	0	1.2758	1.9703	650	654.44	1,239.53	
1595288	57	642.0	697.5	561.0	698.5	425.2	6.25	4.58	0	1,605	47	19.44	5.5	19.2	0.0	0.0	75.35	0	1.2758	1.9703	650	653.85	1,133.98	
1595852	57	645.0	701.2	562.8	701.5	425.5	4.38	4.58	0	1,764	48	11.38	5.5	19.6	0.0	0.0	55.97	0	1.2758	1.9844	650	653.33	1,049.61	
1596376	57	647.0	704.5	565.1	704.8	425.5	2.25	4.58	0	1,635	48	3.25	5.5	19.2	0.0	0.0	18.66	0	1.2758	1.9773	650	653.03	1,005.00	
1596967	57	648.7	707.5	566.5	708.2	426.2	1.56	4.58	0	1,220	48	0.56	5.5	19.2	0.0	0.0	13.17	0	1.2758	1.9773	650	652.84	967.34	
1597497	57	650.0	710.5	568.3	710.8	426.5	1.25	4.58	0	1,232	47	0.31	5.5	19.2	0.0	0.0	12.00	0	1.2758	1.9773	650	652.63	956.25	
1598074	57	651.1	713.2	569.8	712.8	426.8	1.56	4.58	0	1,216	47	0.56	5.5	19.2	0.0	0.0	12.09	0	1.2758	1.9773	650	652.54	951.56	
1598605	57	652.0	714.8	570.8	714.8	427.2	1.44	4.58	0	1,174	46	0.31	5.5	19.2	0.0	0.0	11.62	0	1.2758	1.9773	650	652.44	952.81	
1599175	57	652.9	715.8	571.8	716.2	427.2	0.88	4.58	0	1,180	46	0.31	5.5	19.6	0.0	0.0	12.00	0	1.2758	1.9844	650	652.23	951.33	
1599720	57	653.7	716.5	572.0	716.8	427.5	1.44	4.58	0	1,128	45	0.31	5.5	19.6	0.0	0.0	15.61	0	1.2758	1.9844	650	652.14	952.42	
1600338	58	654.5	717.2	572.3	716.8	427.8	1.06	4.58	0	1,141	44	0.31	5.5	19.2	0.0	0.0	16.45	0	1.2758	1.9703	650	652.14	954.69	
1600901	58	655.2	716.5	572.3	716.8	428.2	1.06	4.58	0	1,119	43	0.31	5.5	19.6	0.0	0.0	16.24	0	1.2758	1.9844	650	652.05	956.25	
1601458	58	655.8	716.2	572.2	716.2	428.2	1.25	4.58	0	1,099	43	0.31	5.5	19.2	0.0	0.0	16.52	0	1.2758	1.9773	650	651.93	956.33	
1602068	58	656.5	714.8	571.8	714.8	428.5	1.25	4.58	0	1,076	42	0.31	5.5	19.2	0.0	0.0	16.52	0	1.2758	1.9773	650	651.93	956.41	
1602657	59	657.1	713.8	571.1	713.5	428.2	1.25	4.58	0	1,058	41	0.00	5.5	19.2	0.0	0.0	16.45	0	1.2758	1.9773	650	651.93	956.48	
1603331	59	657.6	712.5	570.6	712.2	428.5	1.25	4.58	0	1,044	40	0.31	5.5	19.2	0.0	0.0	16.73	0	1.2758	1.9773	650	651.93	956.17	
1603912	59	658.1	710.8	569.6	710.5	428.2	1.25	4.58	0	1,025	40	0.00	5.5	19.2	0.0	0.0	16.76	0	1.2758	1.9773	650	651.93	955.78	
1604495	59	658.7	708.8	568.6	708.5	428.5	1.44	4.58	0	999	39	-0.44	5.5	19.2	0.0	0.0	16.31	0	1.2758	1.9773	650	651.93	955.23	
1605069	59	659.1	707.2	567.8	706.8	428.5	1.44	4.58	0	985	38	0.31	5.5	19.2	0.0	0.0	16.83	0	1.2758	1.9773	650	652.05	954.53	
1605660	59	659.5	705.5	567.0	705.5	428.8	1.56	4.58	0	967	38	0.56	5.5	19.2	0.0	0.0	32.25	0	1.2758	1.9695	650	652.05	943.36	
1606208	60	659.9	703.2	566.0	702.8	428.5	3.12	4.58	0	1,238	38	5.44	5.5	19.2	0.0	0.0	64.66	0	1.2758	1.9695	650	652.05	985.31	
1606802	60	660.5	701.2	564.8	701.2	428.2	3.31	4.58	0	1,317	39	7.56	5.5	19.2	0.0	0.0	72.00	0	1.2758	1.9695	650	652.14	1,070.70	
1607418	60	661.1	700.2	564.5	700.2	428.5	4.69	4.58	0	1,362	40	12.44	5.5	19.2	0.0	0.0	93.89	0	1.2758	1.9695	650	652.23	1,206.17	
1607956	60	661.8	698.5	563.5	698.5	428.5	6.44	4.58	0	1,484	42	18.38	5.5	19.2	0.0	0.0	100.80	0	1.2758	1.9695	650	652.44	1,256.02	
1608494	59	662.6	698.5	563.2	698.5	428.5	6.25	4.58	0	1,510	43	18.94	5.5	19.2	0.0	0.0	95.53	0	1.2758	1.9695	650	652.63	1,233.59	
1609016	59	663.6	698.2	563.5	698.2	428.5	6.62	4.58	0	1,618	45	19.75	5.5	19.2	0.0	0.0	92.74	0	1.2758	1.9695	650	652.94	1,195.31	
1609535	59	664.7	698.5	563.8	698.5	428.5	5.94	4.58	0	1,577	47	17.81	5.5	19.2	0.0	0.0	88.73	0	1.2758	1.9625	650	653.24	1,189.84	
1610062	58	665.8	699.2	564.0	699.2	429.2	6.25	4.58	0	1,637	48	18.94	5.5	19.2	0.0	0.0	84.68	0	1.2758	1.9625	650	653.64	1,140.23	
1610605	58	667.2	699.8	564.5	700.2	429.2	4.56	4.58	0	1,714	50	13.00	5.5	19.2	0.0	0.0	51.84	0	1.2758	1.9625	650	654.04	1,094.61	
1611156	58	668.4	701.2	565.3	701.2	429.5	3.00	4.58	0	1,635	50	2.75	5.5	19.2	0.0	0.0	15.26	0	1.2758	1.9625	650	654.44	997.81	
1611800	57	669.2	702.8	566.1	702.8	429.5	1.44	4.58	0	1,653	49	1.12	5.5	19.2	0.0	0.0	11.67	0	1.2758	1.9695	650	654.74	964.69	
1612461	57	669.8	704.2	567.1	704.5	429.5	0.88	4.58	0	1,288	49	0.56	5.5	19.2	0.0	0.0	16.83	0	1.2758	1.9695	655	655.14	957.89	
1613010	58	670.4	705.2	567.5	705.2	429.8	0.88	4.58	0	1,254	48	0.56	5.5	19.2	0.0	0.0	16.88	0	1.2758	1.9695	655	655.44	955.94	
1613539	58	670.9	705.8	567.8	705.8	430.2	0.88	4.58	0	1,144	48	0.56	5.5	19.2	0.0	0.0	17.46	0	1.2758	1.9695	655	655.75	959.77	
1614118	58	671.4	705.8	568.2	705.8	430.2	1.25	4.58	0	1,003	47	0.00	5.5	19.2	0.0	0.0	16.24	0	1.2758	1.9695	655	656.03	955.55	
1614642	58	671.8	705.2	567.8	705.5	430.2	1.94	4.58	0	1,063	47	1.12	5.5	19.2	0.0	0.0	50.74	0	1.2758	1.9695	655	656.43	946.09	
1615174	59	672.2	704.8	567.5	704.8	430.2	2.81	4.58	0	1,094	48	4.31	5.5	19.2	0.0	0.0	66.33	0	1.2758	1.9695	655	656.73	991.56	
1615724	59	672.5	704.5	567.1	704.2	430.2	3.12	4.58	0	1,027	48	5.69	5.5	19.2	0.0	0.0	80.04	0	1.2758	1.9625	655	657.13	1,051.09	
1616281	59	672.9	703.5	567.0	703.5	430.2	3.50	4.58	0	1,077	49	6.75	5.5	19.2	0.0	0.0	86.53	0	1.2758	1.9695	655	657.53	1,117.03	
1616872	59	673.2	703.2	566.8	703.2	430.2	4.00	4.58	0	1,150	50	8.94	5.5	19.2	0.0	0.0	91.41	0	1.2758	1.9695	655	658.05	1,165.78	
1617432	58	673.7	703.2	566.6	702.8	430.5	3.81	4.58	0	1,074	51	8.38	5.5	19.2	0.0	0.0	92.13	0	1.2758	1.9617	655	658.44	1,184.45	
1617969	58	674.2	702.8	566.6	703.2	430.5	4.19	4.58	0	1,160	52	10.81	5.5	19.2	0.0	0.0	64.80	0	1.2758	1.9617	655	658.94	1,088.05	
1618496	58	674.6	702.8	566.8	702.8	430.5	1.44	4.58	0	1,019	52	1.94	5.5	19.2	0.0	0.0	21.94	0	1.2758	1.9617	655	659.24	1,002.42	
1619073	57	674.9	702.8	567.0	703.2	430.8	1.06	4.58	0	1,136	52	0.56	5.5	19.2	0.0	0.0	45.40	0	1.2758	1.9617	655	659.64	968.12	
1619618	58	675.1	703.5	567.1	703.5	430.8	2.62	4.58	0	1,214	52	3.81	5.5	19.2	0.0	0.0	68.37	0	1.2758	1.9617	660	660.04	1,004.22	
1620216	58	675.2	703.8	567.3	703.5	430.8	2.12	4.58	0	1,079	53	4.06	5.5	19.2	0.0	0.0	36.12	0	1.2758	1.9617	660	660.44	1,007.81	
1620760	58	675.2	704.2	567.3	703.8	431.2	1.06	4.58	0	1,105	52	0.81	5.5	19.2	0.0	0.0	17.25	0	1.2758	1.9617	660	660.83	971.72	
1621348	58	675.2	704.2	567.5	703.8	431.2	1.44	4.58	0	1,103	52	0.00	5.5	19.2	0.0	0.0	12.33	0	1.2758	1.9617	660	661.23	957.58	
1621878	58	675.1	703.8	567.5	703.8	431.5	1.06	4.58	0	1,089	52	0.31	5.5	19.2	0.0	0.0	16.31	0	1.2758	1.9617	660	661.54	954.38	
1622409	58	675.1	703.5	567.3	703.5	431.2	1.25	4.58	0	1,076	51	0.00	5.5	19.2	0.0	0.0	16.48	0	1.2758	1.9617	660	661.75	956.95	
1622926	58	675.1	703.5	567.2	703.2	431.2	1.06	4.58	0	1,067	51	0.31	5.5	19.2	0.0	0.0	16.83	0	1.2758	1.9617	660	662.03	956.64	
1623437	58	675.1	702.5	567.0	702.5	431.2	1.06	4.58	0	1,040	49	0.00	5.5	19.2	0.0	0.0	18.09	0	1.2758	1.9617	660	662.33	955.39	
1624005	58	675.1	701.5	566.5	701.5	430.8	1.44	4.58	0	1,206	47	0.56	5.5	19.2	0.0	0.0	13.90	0	1.2758	1.9617	660	662.64	954.84	
1624535	59	675.1	700.5	565.6	700.5	431.2	1.06	4.58	0	1,182	47	0.56	5.5	19.2	0.0	0.0	16.92	0	1.2758	1.9617	660	662.85	956.48	
1625065	59	675.1	699.5	565.2	699.5	430.8	1.06	4.58	0	1,194	46	0.56	5.5	19.2	0.0	0.0	17.20	0	1.2758	1.9617	660	663.13	957.81	
1625583	59	675.1	697.5	564.3	697.5	430.8	1.06	4.58	0	1,181	46	0.56	5.5	19.2	0.0	0.0	17.39	0	1.2758	1.9617	660	663.34	958.05	
1626189	59	675.2	696.2	563.5	696.2	430.8	1.06	4.58	0	1,164	45	0.56	5.5	19.2	0.0	0.0	17.27	0	1.2758	1.9617	660	663.65	958.98	
1626701	59	675.2	694.5	562.6	694.2	430.8	1.06	4.58	0	1,146	44	0.56	5.5	19.2	0.0	0.0	17.09	0	1.2758	1.9617	660	663.83	958.91	
1627313	60	675.3	692.8	561.6	692.8	430.2	1.06	4.58	0	1,135	44	0.56	5.5	19.2	0.0	0.0	17.30	0	1.2758	1.9617	660	664.05	958.67	
1627835	60	675.3	691.2	560.8	690.8	430.5	1.44	4.58	0	1,188	43	0.81	5.5	19.2	0.0	0.0	12.16	0	1.2758	1.9617	660	664.23	956.48	
1628418	60	675.3	689.5	559.8	689.5	430.2	0.88	4.58	0	1,408	43	0.81	5.5	19.2	0.0	0.0	17.41	0	1.2758	1.9617	660	664.44	958.67	
1628949	60	675.3	687.8	559.0	687.5	430.2	0.69	4.58	0	1,424	42	1.94	5.5	19.2	0.0	0.0	12.35	0	1.2758	1.9617	660	664.63	959.53	
1629653	60	675.3	686.2	557.8	686.2	429.8	1.25	4.58	0	1,423	42	1.12	5.5	19.2	0.0	0.0	19.85	0	1.2758	1.9617	660	664.94	953.36	
1630207	61	675.2	684.2	557.1	684.5	429.8	1.75	4.58	0	1,453	42	1.94	5.5	19.2	0.0	0.0	37.43	0	1.2758	1.9617	665	665.03	953.28	
1630795	61	674.9	682.5	555.8	682.8	429.5	2.81	4.58	0	1,453	42	4.88	5.5	19.2	0.0	0.0	56.18	0	1.2758	1.9617	665	665.33	987.89	
1631326	61	674.4	680.8	555.2	680.8	428.8	3.00	4.58	0	1,485	43	6.25	5.5	19.2	0.0	0.0	56.13	0	1.2758	1.9617	665	665.55	1,032.66	
1631843	61	673.6	680.2	555.0	680.5	429.5	3.12	4.58	0	1,550	44	5.69	5.5	19.2	0.0	0.0	53.77	0	1.2758	1.9617	665	665.73	1,044.84	
1632398	61	672.6	679.8	554.3	679.5	428.8	2.81	4.58	0	1,541	45	5.44	5.5	19.2	0.0	0.0	49.34	0	1.2758	1.9617	665	665.85	1,046.25	
1632916	60	671.5	679.5	554.0	679.5	429.2	2.81	4.58	0	1,571	46	4.31	5.5	18.8	0.0	0.0	42.05	0	1.2758	1.9547	665	665.94	1,032.58	
1633427	60	670.2	679.5	554.1	679.5	428.5	2.25	4.58	0	1,619	47	4.31	5.5	18.8	0.0	0.0	45.98	0	1.2758	1.9547	665	666.04	1,023.05	
1634017	60	668.8	679.5	554.1	679.5	429.2	1.56	4.58	0	1,293	47	2.19	5.5	19.2	0.0	0.0	25.34	0	1.2758	1.9617	665	666.13	988.05	
1634568	60	667.7	680.2	554.1	680.2	428.5	1.25	4.58	0	1,200	46	0.56	5.5	19.2	0.0	0.0	13.64	0	1.2758	1.9539	665	666.25	963.83	
1635145	59	666.7	680.2	554.3	680.5	428.5	0.88	4.58	0	1,145	46	0.00	5.5	18.8	0.0	0.0	15.52	0	1.2758	1.9539	665	666.34	955.94	
1635737	59	665.8	680.8	554.6	680.5	428.8	0.88	4.58	0	1,177	45	0.56	5.5	19.2	0.0	0.0	17.44	0	1.2758	1.9617	665	666.44	954.14	
1636267	60	665.1	680.5	554.5	680.8	428.5	0.88	4.58	0	1,153	45	0.31	5.5	19.2	0.0	0.0	18.35	0	1.2758	1.9617	665	666.44	957.58	
1636785	60	664.5	680.8	554.5	680.8	428.5	1.06	4.58	0	1,143	44	0.31	5.5	19.2	0.0	0.0	17.13	0	1.2758	1.9617	665	666.53	958.05	
1637365	60	663.9	680.5	554.3	679.8	428.2	1.06	4.58	0	1,123	44	0.56	5.5	19.2	0.0	0.0	17.23	0	1.2758	1.9617	665	666.53	957.73	
1637898	60	663.4	679.5	553.8	679.5	428.2	1.06	4.58	0	1,106	43	0.31	5.5	19.2	0.0	0.0	16.99	0	1.2758	1.9617	665	666.65	957.97	
1638514	60	663.0	678.8	553.5	678.8	427.8	1.06	4.58	0	1,100	43	0.56	5.5	19.2	0.0	0.0	17.16	0	1.2758	1.9617	665	666.65	957.73	
1639027	60	662.6	678.2	553.0	678.2	427.8	1.25	4.58	0	1,081	42	0.31	5.5	19.2	0.0	0.0	17.62	0	1.2758	1.9617	665	666.65	957.27	
1639535	60	662.2	676.8	552.1	676.5	428.2	1.25	4.58	0	1,065	41	0.00	5.5	19.2	0.0	0.0	18.02	0	1.2758	1.9617	665	666.65	956.41	
1640056	61	661.9	675.5	551.5	675.8	427.5	1.06	4.58	0	1,341	40	0.81	5.5	19.2	0.0	0.0	10.83	0	1.2758	1.9617	665	666.74	954.77	
1640651	61	661.6	674.5	551.0	674.5	426.8	0.56	4.58	0	1,281	39	0.81	5.5	19.2	0.0	0.0	17.55	0	1.2758	1.9617	665	666.74	957.73	
1641176	61	661.3	673.8	550.3	673.5	426.5	0.56	4.58	0	1,328	39	0.81	5.5	19.2	0.0	0.0	18.26	0	1.2758	1.9617	665	666.74	960.00	
1641776	61	661.1	672.2	549.5	671.8	426.5	0.88	4.58	0	1,295	38	0.56	5.5	19.2	0.0	0.0	18.21	0	1.2758	1.9617	665	666.74	961.41	
1642303	61	660.9	671.2	548.8	671.2	426.2	1.06	4.58	0	1,186	35	0.56	5.5	19.2	0.0	0.0	18.14	0	1.2758	1.9617	665	666.74	960.70	
1642885	61	660.7	669.8	548.2	669.5	425.8	1.25	4.58	0	1,061	31	0.56	5.5	19.2	0.0	0.0	18.26	0	1.2758	1.9617	665	666.65	958.83	
1643447	62	660.5	668.5	547.5	668.8	425.8	1.06	4.58	0	1,136	26	0.31	5.5	19.2	0.0	0.0	12.14	0	1.2758	1.9617	665	666.65	955.62	
1644058	62	660.3	667.2	546.3	667.2	425.2	1.25	4.58	0	959	24	0.31	5.5	19.2	0.0	0.0	13.41	0	1.2758	1.9617	665	666.53	952.19	
1644595	62	660.1	665.5	545.5	665.8	425.2	1.44	4.58	0	899	24	0.31	5.5	19.2	0.0	0.0	17.48	0	1.2758	1.9617	665	666.53	949.77	
1645101	62	659.9	664.8	544.8	664.5	424.8	1.44	4.58	0	968	23	0.31	5.5	19.2	0.0	0.0	17.27	0	1.2758	1.9617	665	666.44	949.06	
1645678	62	659.6	663.5	544.1	663.5	424.8	1.44	4.58	0	956	23	0.31	5.5	19.2	0.0	0.0	16.59	0	1.2758	1.9617	665	666.44	948.05	
1646220	62	659.3	662.2	543.5	661.8	424.2	1.25	4.58	0	914	23	0.31	5.5	19.2	0.0	0.0	18.12	0	1.2758	1.9617	665	666.34	947.34	
1646765	62	659.0	661.2	542.5	661.2	423.8	1.44	4.58	0	941	23	0.31	5.5	19.2	0.0	0.0	18.47	0	1.2758	1.9617	665	666.25	947.42	
1647414	62	658.6	659.8	542.0	659.5	423.5	1.44	4.58	0	964	23	0.31	5.5	19.2	0.0	0.0	17.91	0	1.2758	1.9617	665	666.13	947.11	
1647920	62	658.2	658.8	541.1	658.2	423.5	1.44	4.58	0	958	22	0.31	5.5	19.2	0.0	0.0	18.02	0	1.2758	1.9617	665	666.13	946.72	
1648441	62	657.8	657.2	540.3	657.2	423.2	1.25	4.58	0	972	22	0.31	5.5	19.2	0.0	0.0	18.59	0	1.2758	1.9617	665	666.04	945.39	
1648961	62	657.4	656.2	539.7	656.5	422.5	1.75	4.58	0	1,074	22	0.81	5.5	19.2	0.0	0.0	24.94	0	1.2758	1.9617	665	665.94	946.09	
1649496	63	656.9	654.8	538.8	654.8	422.5	1.75	4.58	0	1,171	22	1.12	5.5	19.2	0.0	0.0	37.55	0	1.2758	1.9617	665	665.85	947.73	
1650048	63	656.2	654.2	538.3	654.2	421.8	1.94	4.58	0	1,243	23	1.62	5.5	19.2	0.0	0.0	37.34	0	1.2758	1.9617	665	665.64	955.39	
1650615	63	655.4	653.2	537.5	653.2	421.5	1.94	4.58	0	1,196	24	1.94	5.5	19.2	0.0	0.0	38.16	0	1.2758	1.9617	665	665.55	961.56	
1651158	62	654.5	652.5	537.0	652.5	421.8	1.94	4.58	0	1,250	24	1.94	5.5	19.2	0.0	0.0	37.92	0	1.2758	1.9617	665	665.33	963.98	
1651733	62	653.3	652.5	537.0	652.5	421.2	1.94	4.58	0	1,292	26	2.44	5.5	19.2	0.0	0.0	42.40	0	1.2758	1.9617	665	665.24	971.33	
1652294	62	652.2	652.2	536.6	652.5	420.8	2.25	4.58	0	1,369	27	3.25	5.5	19.2	0.0	0.0	45.56	0	1.2758	1.9617	665	665.03	982.97	
1652831	62	650.8	652.2	536.5	652.5	420.8	2.25	4.58	0	1,380	28	3.81	5.5	19.2	0.0	0.0	46.03	0	1.2758	1.9617	660	664.84	993.98	
1653258	62	649.6	653.2	536.7	652.8	420.5	2.44	4.58	0	1,458	29	3.81	5.5	19.2	0.0	0.0	44.51	0	1.2758	1.9617	660	664.63	998.52	
1653788	61	647.9	653.5	537.0	653.5	420.5	2.25	4.58	0	1,480	30	4.06	5.5	19.2	0.0	0.0	43.83	0	1.2758	1.9617	660	664.44	1,003.05	
1654346	61	646.2	654.5	537.3	654.5	420.5	2.62	4.58	0	1,546	31	4.06	5.5	19.2	0.0	0.0	44.04	0	1.2758	1.9617	660	664.14	1,011.09	
1654885	61	644.5	655.5	537.8	655.5	420.5	2.12	4.58	0	1,413	31	2.75	5.5	19.2	0.0	0.0	17.77	0	1.2758	1.9617	660	663.83	981.33	
1655566	61	643.1	656.5	538.1	656.5	420.2	1.44	4.58	0	1,075	31	0.56	5.5	19.2	0.0	0.0	14.04	0	1.2758	1.9617	660	663.53	958.91	
1656082	60	641.8	657.8	539.0	658.2	420.2	1.25	4.58	0	1,059	31	0.31	5.5	19.2	0.0	0.0	12.23	0	1.2758	1.9617	660	663.34	952.42	
1656607	60	640.6	659.2	539.3	659.2	419.5	1.25	4.58	0	1,040	30	0.31	5.5	19.2	0.0	0.0	12.52	0	1.2758	1.9617	660	663.13	949.45	
1657124	60	639.7	659.5	539.5	659.8	419.5	1.25	4.58	0	1,011	30	0.31	5.5	19.2	0.0	0.0	12.47	0	1.2758	1.9617	660	662.85	949.84	
1657661	61	638.7	660.2	539.8	660.2	419.5	1.25	4.58	0	986	30	0.31	5.5	19.2	0.0	0.0	12.84	0	1.2758	1.9617	660	662.64	948.91	
1658181	61	637.9	660.8	540.1	660.8	419.2	1.25	4.58	0	990	29	0.00	5.5	19.2	0.0	0.0	12.33	0	1.2758	1.9617	660	662.43	947.89	
1658736	61	637.0	661.2	540.1	660.8	419.5	1.44	4.58	0	968	29	0.31	5.5	19.2	0.0	0.0	12.52	0	1.2758	1.9617	660	662.24	947.42	
1659303	61	636.2	660.5	540.2	660.5	418.8	1.56	4.58	0	949	28	0.00	5.5	19.2	0.0	0.0	12.38	0	1.2758	1.9617	660	662.03	947.11	
1659872	61	635.5	660.5	539.5	660.8	418.8	1.25	4.58	0	930	27	0.31	5.5	19.2	0.0	0.0	12.07	0	1.2758	1.9617	660	661.75	946.80	
1660422	61	634.8	660.2	539.3	660.2	418.5	1.25	4.58	0	963	25	0.31	5.5	19.2	0.0	0.0	11.65	0	1.2758	1.9617	660	661.54	946.64	
1660952	61	634.1	659.5	539.1	659.5	418.5	1.25	4.58	0	1,142	23	0.31	5.5	19.2	0.0	0.0	11.53	0	1.2758	1.9617	660	661.35	946.64	
1661527	61	633.5	658.8	538.8	658.5	418.5	1.25	4.58	0	1,076	21	0.31	5.5	19.2	0.0	0.0	17.58	0	1.2758	1.9617	660	661.14	949.06	
1662104	62	632.9	657.8	538.3	657.8	418.2	1.56	4.58	0	728	19	0.31	5.5	19.2	0.0	0.0	28.71	0	1.2758	1.9617	660	660.93	947.42	
1662656	62	632.3	657.2	537.1	657.2	418.2	1.56	4.58	0	1,025	19	0.56	5.5	19.2	0.0	0.0	17.60	0	1.2758	1.9617	660	660.65	949.06	
1663191	62	631.7	656.5	537.0	656.2	417.5	1.25	4.58	0	1,024	19	0.31	5.5	19.2	0.0	0.0	15.47	0	1.2758	1.9617	660	660.44	948.20	
1663767	62	631.2	655.5	536.5	655.5	417.5	1.44	4.58	0	957	18	0.31	5.5	19.2	0.0	0.0	17.46	0	1.2758	1.9617	660	660.13	947.50	
1664388	62	630.6	654.5	535.8	654.5	417.2	1.44	4.58	0	957	18	0.56	5.5	19.2	0.0	0.0	17.58	0	1.2758	1.9617	655	659.85	947.03	
1664895	62	630.1	653.5	535.3	654.2	416.8	1.44	4.58	0	934	17	0.31	5.5	19.2	0.0	0.0	17.39	0	1.2758	1.9617	655	659.64	945.94	
1665420	62	629.4	653.2	535.0	652.8	416.8	1.94	4.58	0	1,001	17	1.12	5.5	19.2	0.0	0.0	39.00	0	1.2758	1.9617	655	659.33	944.38	
1665984	62	628.7	652.2	534.3	652.2	416.5	2.25	4.58	0	1,371	17	2.44	5.5	19.2	0.0	0.0	39.89	0	1.2758	1.9617	655	659.03	957.58	
1666540	63	627.6	651.8	533.8	651.5	416.2	2.44	4.58	0	1,507	19	3.00	5.5	19.2	0.0	0.0	39.91	0	1.2758	1.9617	655	658.63	972.58	
1667083	62	626.5	651.2	533.8	650.8	416.2	2.25	4.58	0	1,557	20	3.00	5.5	19.2	0.0	0.0	38.13	0	1.2758	1.9617	655	658.23	981.33	
1667673	62	625.1	650.8	533.5	650.8	415.8	2.25	4.58	0	1,663	21	3.00	5.5	19.2	0.0	0.0	33.61	0	1.2758	1.9617	655	657.74	984.69	
1668255	62	623.7	651.5	533.6	651.5	415.8	2.25	4.58	0	1,735	22	2.75	5.5	19.2	0.0	0.0	32.84	0	1.2758	1.9617	655	657.25	985.00	
1668774	62	622.5	652.2	534.2	652.5	415.8	2.25	4.58	0	1,775	23	2.75	5.5	19.2	0.0	0.0	32.39	0	1.2758	1.9617	655	656.85	985.55	
1669307	62	621.0	652.8	534.1	653.2	415.5	2.44	4.58	0	1,849	24	3.00	5.5	19.2	0.0	0.0	36.30	0	1.2758	1.9617	655	656.33	987.34	
1669816	61	619.5	654.2	534.6	654.2	415.8	2.81	4.58	0	1,882	24	3.50	5.5	19.2	0.0	0.0	32.16	0	1.2758	1.9617	655	655.75	1,012.58	
1670339	61	618.0	655.8	535.8	655.8	415.5	1.06	4.58	0	1,470	24	1.38	5.5	19.2	0.0	0.0	19.48	0	1.2758	1.9617	655	655.14	974.69	
1670849	61	616.9	657.2	536.5	657.5	415.8	1.25	4.58	0	1,186	24	0.56	5.5	19.2	0.0	0.0	12.07	0	1.2758	1.9617	650	654.74	960.16	
1671369	60	615.9	658.8	537.1	658.8	415.8	1.44	4.58	0	1,187	24	0.56	5.5	19.2	0.0	0.0	28.41	0	1.2758	1.9617	650	654.25	951.25	
1671877	61	614.7	659.8	537.8	660.2	415.8	1.94	4.58	0	1,299	24	1.94	5.5	19.2	0.0	0.0	38.41	0	1.2758	1.9617	650	653.73	958.44	
1672394	61	613.6	661.2	538.3	661.2	415.5	2.12	4.58	0	1,313	25	2.19	5.5	19.2	0.0	0.0	39.80	0	1.2758	1.9617	650	653.24	966.41	
1673004	61	612.4	662.5	539.0	661.8	415.5	2.12	4.58	0	1,339	26	2.44	5.5	19.2	0.0	0.0	36.16	0	1.2758	1.9617	650	652.54	972.11	
1673530	61	611.1	663.2	539.3	663.2	415.5	1.94	4.58	0	1,341	27	1.94	5.5	19.2	0.0	0.0	35.62	0	1.2758	1.9617	650	651.93	971.02	
1674109	61	609.5	664.8	540.1	665.2	415.8	1.75	4.58	0	1,238	27	1.62	5.5	19.2	0.0	0.0	19.03	0	1.2758	1.9617	650	651.25	963.67	
1674626	61	608.5	666.5	540.5	666.2	415.8	1.25	4.58	0	1,373	27	0.81	5.5	19.2	0.0	0.0	13.95	0	1.2758	1.9617	650	650.73	955.31	
1675150	60	607.4	667.2	541.3	667.2	415.5	1.56	4.58	0	1,366	27	1.38	5.5	19.2	0.0	0.0	34.03	0	1.2758	1.9617	650	650.15	951.41	
1675674	61	606.3	668.5	542.0	668.5	415.5	2.12	4.58	0	1,441	27	2.75	5.5	19.2	0.0	0.0	40.95	0	1.2758	1.9617	645	649.54	962.42	
1676225	61	605.1	669.8	542.6	669.8	415.8	2.25	4.58	0	1,459	28	3.00	5.5	19.2	0.0	0.0	39.94	0	1.2758	1.9617	645	648.83	978.44	
1676764	61	603.8	670.5	542.8	670.8	415.5	1.94	4.58	0	1,442	29	2.19	5.5	19.2	0.0	0.0	30.89	0	1.2758	1.9617	645	648.04	977.81	
1677313	61	602.6	671.5	543.6	671.5	415.5	1.94	4.58	0	1,457	29	1.94	5.5	19.2	0.0	0.0	32.04	0	1.2758	1.9617	645	647.43	970.08	
1677892	61	601.2	673.2	544.3	673.2	415.8	1.94	4.58	0	1,485	30	2.44	5.5	19.2	0.0	0.0	35.74	0	1.2758	1.9617	645	646.63	972.73	
1678415	61	600.0	674.5	544.8	674.5	415.8	1.94	4.58	0	1,529	31	2.44	5.5	19.2	0.0	0.0	32.32	0	1.2758	1.9617	645	645.93	973.83	
1678929	61	598.8	675.8	545.6	675.8	415.8	1.75	4.58	0	1,537	31	1.94	5.5	19.2	0.0	0.0	22.15	0	1.2758	1.9617	645	645.25	973.98	
1679470	60	597.8	677.2	546.3	677.2	415.8	1.44	4.58	0	1,210	31	0.81	5.5	19.2	0.0	0.0	20.20	0	1.2758	1.9617	640	644.43	967.89	
1679984	60	596.8	678.5	547.1	678.5	415.8	1.44	4.58	0	1,100	30	0.31	5.5	19.2	0.0	0.0	17.06	0	1.2758	1.9617	640	643.94	960.08	
1680550	60	595.9	679.8	547.8	680.2	416.2	1.44	4.58	0	1,013	30	0.31	5.5	19.2	0.0	0.0	24.77	0	1.2758	1.9617	640	643.23	951.17	
1681151	60	595.1	680.5	548.3	680.8	416.2	2.12	4.58	0	1,080	29	1.38	5.5	19.2	0.0	0.0	42.49	0	1.2758	1.9617	640	642.65	955.08	
1681716	61	594.0	681.5	548.7	681.8	416.2	1.94	4.58	0	1,089	29	1.94	5.5	19.2	0.0	0.0	44.65	0	1.2758	1.9617	640	641.85	964.38	
1682225	61	592.8	682.2	549.2	682.2	415.8	1.94	4.58	0	1,086	30	2.19	5.5	19.2	0.0	0.0	47.67	0	1.2758	1.9617	640	641.24	971.56	
1682745	61	591.9	682.8	549.5	683.2	416.5	2.12	4.58	0	1,101	30	2.75	5.5	19.2	0.0	0.0	50.16	0	1.2758	1.9617	640	640.35	980.78	
1683302	61	590.7	683.5	550.0	683.5	416.5	2.12	4.58	0	1,092	30	3.00	5.5	19.2	0.0	0.0	54.05	0	1.2758	1.9617	635	639.65	992.97	
1683859	61	589.6	684.2	550.5	684.5	416.2	2.25	4.58	0	1,092	30	3.00	5.5	19.2	0.0	0.0	50.55	0	1.2758	1.9617	635	638.64	1,003.67	
1684373	61	588.6	685.2	550.7	685.5	416.5	1.75	4.58	0	1,012	30	1.62	5.5	19.2	0.0	0.0	24.75	0	1.2758	1.9617	635	638.03	975.39	
1684904	60	587.6	685.8	551.1	686.2	416.2	1.56	4.58	0	1,001	30	0.56	5.5	19.2	0.0	0.0	40.52	0	1.2758	1.9617	635	637.35	960.47	
1685461	60	586.6	686.5	551.5	686.8	416.2	2.25	4.58	0	1,022	29	2.75	5.5	19.2	0.0	0.0	59.30	0	1.2758	1.9617	635	636.44	971.80	
1685999	61	585.6	687.5	551.8	687.8	416.5	3.00	4.58	0	1,036	30	4.31	5.5	19.2	0.0	0.0	68.86	0	1.2758	1.9617	635	635.64	997.66	
1686520	61	584.7	688.5	552.1	688.8	416.5	2.81	4.58	0	1,047	30	4.62	5.5	19.2	0.0	0.0	69.89	0	1.2758	1.9617	630	634.75	1,028.44	
1687071	60	583.9	688.8	552.6	688.8	416.5	3.69	4.58	0	1,145	30	7.31	5.5	19.2	0.0	0.0	83.88	0	1.2758	1.9617	630	633.53	1,111.72	
1687660	60	583.3	689.5	553.0	689.5	416.5	6.12	4.58	0	1,607	31	17.56	5.5	19.2	0.0	0.0	97.24	0	1.2758	1.9617	630	632.15	1,214.69	
1688178	60	583.1	690.8	553.6	690.8	416.8	5.75	4.58	0	1,593	32	18.94	5.5	19.2	0.0	0.0	64.31	0	1.2758	1.9617	630	630.83	1,077.97	
1688712	60	583.2	691.8	554.1	692.2	416.5	3.31	4.58	0	1,626	33	6.25	5.5	19.2	0.0	0.0	52.43	0	1.2758	1.9617	625	629.64	1,015.70	
1689237	59	583.3	693.2	555.0	693.2	417.5	4.00	4.58	0	1,431	33	6.75	5.5	19.2	0.0	0.0	54.66	0	1.2758	1.9617	625	628.23	1,031.02	
1689900	59	583.3	694.8	556.0	694.8	417.2	1.44	4.58	0	1,111	33	1.62	5.5	18.8	0.0	0.0	20.48	0	1.2758	1.9539	625	627.13	979.22	
1690459	59	583.3	696.2	556.7	696.2	417.2	1.25	4.58	0	1,111	32	0.81	5.5	18.8	0.0	0.0	55.73	0	1.2758	1.9461	625	626.15	964.53	
1691032	59	583.3	698.5	558.0	698.5	417.5	2.62	4.58	0	1,251	32	4.31	5.5	19.2	0.0	0.0	70.03	0	1.2758	1.9609	625	625.14	1,011.72	
1691546	59	583.4	699.5	558.5	699.5	417.5	3.00	4.58	0	1,108	32	5.12	5.5	18.8	0.0	0.0	71.48	0	1.2758	1.9531	620	623.94	1,050.08	
1692101	59	583.8	700.2	559.3	700.5	417.8	3.50	4.58	0	1,135	33	7.56	5.5	18.8	0.0	0.0	84.77	0	1.2758	1.9531	620	622.94	1,122.27	
1692623	59	584.4	701.5	559.6	701.5	417.8	3.12	4.58	0	1,115	33	8.38	5.5	18.8	0.0	0.0	69.47	0	1.2758	1.9531	620	621.93	1,115.86	
1693172	59	585.2	702.5	560.2	702.5	418.5	2.81	4.58	0	1,249	33	5.12	5.5	18.8	0.0	0.0	67.27	0	1.2758	1.9531	620	620.85	1,062.27	
1693748	59	586.3	703.5	560.7	703.5	418.5	3.00	4.58	0	1,138	33	6.75	5.5	18.8	0.0	0.0	83.79	0	1.2758	1.9531	620	619.75	1,111.09	
1694285	59	587.5	704.2	561.3	704.2	418.2	3.81	4.58	0	1,200	34	9.19	5.5	18.8	0.0	0.0	88.20	0	1.2758	1.9531	615	618.83	1,182.19	
1694813	59	589.0	705.2	561.8	705.5	418.2	4.38	4.58	0	1,194	35	10.25	5.5	18.8	0.0	0.0	93.84	0	1.2758	1.9531	615	617.94	1,239.14	
1695336	59	590.8	706.2	562.3	706.2	418.5	3.81	4.58	0	1,271	35	10.25	5.5	18.8	0.0	0.0	81.84	0	1.2758	1.9531	615	616.94	1,229.77	
1695862	59	592.6	706.8	562.8	706.8	418.8	3.69	4.58	0	1,194	36	9.75	5.5	18.8	0.0	0.0	57.75	0	1.2758	1.9531	615	616.23	1,098.75	
1696443	58	594.6	707.5	563.1	707.8	419.2	1.44	4.58	0	1,209	35	1.94	5.5	18.8	0.0	0.0	21.61	0	1.2758	1.9531	615	615.65	998.67	
1696979	58	595.9	708.5	564.0	708.8	419.2	1.25	4.58	0	1,172	34	0.56	5.5	18.8	0.0	0.0	41.62	0	1.2758	1.9531	615	615.25	969.30	
1697564	58	597.3	709.5	564.5	709.5	419.2	3.00	4.58	0	1,309	34	5.12	5.5	18.8	0.0	0.0	67.99	0	1.2758	1.9531	610	614.64	1,016.17	
1698109	58	598.8	709.5	564.8	709.8	419.5	3.12	4.58	0	1,198	35	5.94	5.5	18.8	0.0	0.0	73.57	0	1.2758	1.9531	610	614.24	1,067.42	
1698732	58	600.6	709.8	564.8	709.8	419.8	3.50	4.58	0	1,271	35	7.56	5.5	18.8	0.0	0.0	84.09	0	1.2758	1.9531	610	613.75	1,126.33	
1699234	58	602.3	710.2	565.0	710.5	420.2	4.19	4.58	0	1,234	36	10.56	5.5	18.8	0.0	0.0	94.05	0	1.2758	1.9531	610	613.35	1,213.59	
1699763	58	604.8	710.5	565.5	710.5	420.2	5.56	4.58	0	1,386	37	14.62	5.5	18.8	0.0	0.0	100.48	0	1.2758	1.9531	610	613.05	1,276.64	
1700286	58	607.4	710.5	565.2	710.2	420.8	5.25	4.58	0	1,315	38	14.06	5.5	18.8	0.0	0.0	99.91	0	1.2758	1.9531	610	612.93	1,303.91	
1700803	58	610.1	710.8	565.6	710.5	421.2	5.25	4.58	0	1,383	39	16.25	5.5	18.8	0.0	0.0	48.14	0	1.2758	1.9531	610	612.93	1,085.31	
1701368	58	612.6	711.2	566.0	711.5	420.8	1.44	4.58	0	1,292	39	1.94	5.5	18.8	0.0	0.0	19.27	0	1.2758	1.9531	610	612.93	997.58	
1701924	57	614.4	710.8	566.2	711.5	421.2	0.88	4.58	0	1,294	38	0.81	5.5	18.8	0.0	0.0	39.77	0	1.2758	1.9531	610	612.93	973.44	
1702501	57	616.4	710.8	566.3	710.8	421.5	2.81	4.58	0	1,410	38	5.12	5.5	18.8	0.0	0.0	65.13	0	1.2758	1.9531	610	613.14	1,009.61	
1703088	58	618.5	710.5	566.3	710.5	421.5	3.31	4.58	0	1,299	38	7.06	5.5	18.8	0.0	0.0	73.78	0	1.2758	1.9531	610	613.35	1,081.56	
1703600	58	620.3	710.5	566.1	710.5	422.2	3.81	4.58	0	1,381	39	9.19	5.5	18.8	0.0	0.0	77.60	0	1.2758	1.9531	610	613.54	1,134.38	
1704162	58	622.6	709.8	566.0	709.8	421.8	4.00	4.58	0	1,348	40	9.75	5.5	18.8	0.0	0.0	80.93	0	1.2758	1.9531	610	613.94	1,174.14	
1704694	58	625.0	709.5	566.1	709.5	422.5	4.56	4.58	0	1,439	40	11.06	5.5	18.8	0.0	0.0	82.31	0	1.2758	1.9531	610	614.33	1,204.06	
1705246	58	627.7	709.2	566.1	708.8	422.8	4.56	4.58	0	1,437	41	12.19	5.5	18.8	0.0	0.0	58.90	0	1.2758	1.9531	610	614.94	1,114.92	
1705769	58	629.8	708.8	565.8	708.5	422.8	1.56	4.58	0	1,393	41	2.44	5.5	18.8	0.0	0.0	23.77	0	1.2758	1.9531	615	615.44	1,009.77	
1706315	57	631.5	708.5	565.7	708.2	423.2	0.88	4.58	0	1,360	40	0.81	5.5	18.8	0.0	0.0	12.42	0	1.2758	1.9531	615	615.83	969.30	
1706925	57	632.8	708.2	565.7	707.8	423.5	1.44	4.58	0	1,301	39	0.81	5.5	18.8	0.0	0.0	14.18	0	1.2758	1.9531	615	616.14	955.94	
1707504	57	634.1	706.8	565.1	706.8	423.5	1.94	4.58	0	1,297	38	1.38	5.5	18.8	0.0	0.0	46.95	0	1.2758	1.9531	615	616.75	956.95	
1708025	58	635.3	705.8	565.1	705.8	423.5	2.81	4.58	0	1,386	38	5.44	5.5	18.8	0.0	0.0	64.05	0	1.2758	1.9531	615	617.24	1,000.86	
1708564	58	636.8	704.8	564.1	704.8	423.8	3.31	4.58	0	1,316	39	6.75	5.5	18.8	0.0	0.0	71.81	0	1.2758	1.9461	615	617.94	1,066.02	
1709085	58	638.3	703.5	563.8	703.5	424.5	3.69	4.58	0	1,389	39	8.38	5.5	18.8	0.0	0.0	74.13	0	1.2758	1.9531	615	618.53	1,108.12	
1709611	58	639.8	702.5	563.5	702.5	424.5	3.81	4.58	0	1,380	40	9.19	5.5	18.8	0.0	0.0	75.66	0	1.2758	1.9531	615	619.23	1,126.17	
1710117	58	641.3	701.5	563.1	701.5	424.2	4.19	4.58	0	1,428	40	10.00	5.5	18.8	0.0	0.0	73.52	0	1.2758	1.9453	620	619.94	1,126.41	
1710654	58	643.1	700.5	562.6	700.5	425.2	3.81	4.58	0	1,428	41	9.75	5.5	18.8	0.0	0.0	71.51	0	1.2758	1.9453	620	620.85	1,117.34	
1711159	58	644.7	699.8	562.7	699.8	424.8	4.19	4.58	0	1,503	42	10.25	5.5	18.8	0.0	0.0	69.82	0	1.2758	1.9453	620	621.65	1,121.25	
1711705	58	646.5	699.2	562.3	699.2	425.2	4.38	4.58	0	1,468	43	10.25	5.5	18.8	0.0	0.0	75.52	0	1.2758	1.9453	620	622.54	1,166.64	
1712235	58	648.2	698.2	562.0	697.8	425.2	4.56	4.58	0	1,508	43	11.38	5.5	18.8	0.0	0.0	79.01	0	1.2758	1.9453	620	623.43	1,202.42	
1712768	58	650.2	697.8	561.6	697.8	425.5	5.25	4.58	0	1,554	44	12.44	5.5	18.8	0.0	0.0	81.80	0	1.2758	1.9453	620	624.65	1,230.94	
1713286	57	652.2	697.5	561.3	697.2	425.5	5.25	4.58	0	1,565	45	13.00	5.5	18.8	0.0	0.0	81.33	0	1.2758	1.9453	625	625.75	1,251.09	
1713807	57	654.1	696.5	561.1	696.5	425.8	4.19	4.58	0	1,604	46	10.00	5.5	18.8	0.0	0.0	41.25	0	1.2758	1.9453	625	626.73	1,086.64	
1714429	57	655.7	696.2	560.8	695.8	425.8	1.06	4.58	0	1,547	45	1.62	5.5	18.8	0.0	0.0	15.96	0	1.2758	1.9453	625	627.74	987.66	
1714957	57	656.8	695.8	561.1	695.5	426.2	0.56	4.58	0	1,495	44	0.81	5.5	18.8	0.0	0.0	16.15	0	1.2758	1.9453	625	628.63	957.66	
1715589	57	657.8	695.2	560.8	695.5	426.5	2.25	4.58	0	1,561	44	2.44	5.5	18.8	0.0	0.0	43.80	0	1.2758	1.9453	625	629.64	973.36	
1716111	57	658.6	694.5	560.5	694.2	426.5	3.12	4.58	0	1,579	44	6.75	5.5	18.8	0.0	0.0	62.46	0	1.2758	1.9453	630	630.53	1,025.16	
1716708	58	659.6	693.5	560.0	693.5	426.8	4.19	4.58	0	1,558	45	9.19	5.5	18.8	0.0	0.0	70.71	0	1.2758	1.9453	630	631.75	1,096.48	
1717286	58	660.3	692.8	559.8	692.5	426.5	4.38	4.58	0	1,593	46	10.56	5.5	18.8	0.0	0.0	71.86	0	1.2758	1.9453	630	632.94	1,124.06	
1717834	58	661.3	691.8	559.8	691.8	427.2	4.56	4.58	0	1,589	47	11.06	5.5	18.8	0.0	0.0	70.92	0	1.2758	1.9453	630	633.93	1,121.09	
1718355	58	662.3	691.5	559.2	691.5	427.2	4.88	4.58	0	1,643	47	10.81	5.5	18.8	0.0	0.0	71.65	0	1.2758	1.9453	635	635.24	1,153.36	
1718916	57	663.5	691.2	558.8	690.5	427.5	5.38	4.58	0	1,662	49	11.88	5.5	18.8	0.0	0.0	74.02	0	1.2758	1.9453	635	636.34	1,185.55	
1719478	57	664.9	690.5	559.0	690.5	427.5	5.94	4.58	0	1,731	50	12.69	5.5	18.8	0.0	0.0	75.49	0	1.2758	1.9453	635	637.63	1,205.78	
1719995	57	666.3	690.2	558.6	690.2	427.8	6.44	4.58	0	1,747	51	13.81	5.5	18.8	0.0	0.0	69.56	0	1.2758	1.9453	635	638.73	1,105.23	
1720559	57	667.6	689.8	558.8	690.2	428.2	3.69	4.58	0	1,756	52	5.94	5.5	18.8	0.0	0.0	56.41	0	1.2758	1.9453	635	639.93	1,043.20	
1721100	57	668.6	690.2	559.0	690.2	427.8	5.56	4.58	0	1,792	53	10.25	5.5	18.8	0.0	0.0	70.29	0	1.2758	1.9453	640	641.03	1,143.44	
1721638	57	669.5	690.2	559.2	689.8	428.2	5.25	4.58	0	1,838	53	11.88	5.5	18.8	0.0	0.0	81.59	0	1.2758	1.9453	640	642.44	1,215.00	
1722188	57	670.4	690.2	559.3	690.5	428.2	3.12	4.58	0	1,449	54	9.19	5.5	18.8	0.0	0.0	39.14	0	1.2758	1.9453	640	643.35	1,072.58	
1722706	57	671.0	690.2	559.6	690.8	428.5	1.06	4.58	0	1,400	54	1.38	5.5	18.8	0.0	0.0	19.76	0	1.2758	1.9453	640	644.15	992.34	
1723217	56	671.3	690.8	560.0	690.5	428.8	0.88	4.58	0	1,377	54	0.81	5.5	18.8	0.0	0.0	12.16	0	1.2758	1.9453	640	644.73	965.47	
1723752	56	671.5	690.8	560.2	690.8	428.5	1.44	4.58	0	1,390	53	1.12	5.5	18.8	0.0	0.0	37.64	0	1.2758	1.9453	645	645.53	953.28	
1724362	57	671.7	691.2	560.2	690.8	429.2	3.00	4.58	0	1,442	54	5.94	5.5	18.8	0.0	0.0	63.98	0	1.2758	1.9453	645	646.54	1,018.05	
1724872	57	671.7	690.8	559.8	690.8	428.8	3.81	4.58	0	1,420	54	9.75	5.5	18.8	0.0	0.0	82.41	0	1.2758	1.9531	645	647.33	1,070.70	
1725410	57	671.8	690.2	559.7	690.5	429.2	1.94	4.58	0	1,420	55	4.62	5.5	18.8	0.0	0.0	25.85	0	1.2758	1.9531	645	648.04	1,018.75	
1725988	57	671.7	690.2	559.7	690.2	429.5	1.06	4.58	0	1,395	54	1.12	5.5	18.8	0.0	0.0	11.70	0	1.2758	1.9453	645	648.74	970.86	
1726569	57	671.6	689.8	559.6	690.2	429.5	-0.25	4.58	0	1,359	54	0.56	5.5	18.8	0.0	0.0	14.95	0	1.2758	1.9453	645	649.35	958.28	
1727099	57	671.6	689.8	559.6	689.8	429.5	0.56	4.58	0	1,276	53	0.81	5.5	18.4	0.0	0.0	17.18	0	1.2758	1.9375	645	649.84	955.23	
1727670	58	671.5	688.8	559.5	688.8	429.5	1.06	4.58	0	1,108	52	0.31	5.5	18.4	0.0	0.0	16.52	0	1.2758	1.9375	650	650.43	958.44	
1728224	58	671.5	688.2	559.1	687.8	429.8	1.06	4.58	0	1,094	52	0.56	5.5	18.4	0.0	0.0	16.64	0	1.2758	1.9375	650	650.85	957.03	
1728770	58	671.5	687.2	558.5	687.5	429.5	1.25	4.58	0	1,083	51	0.56	5.5	18.4	0.0	0.0	16.73	0	1.2758	1.9297	650	651.34	956.33	
1729315	58	671.6	686.2	558.0	686.2	429.8	1.25	4.58	0	1,054	51	0.31	5.5	18.4	0.0	0.0	16.38	0	1.2758	1.9297	650	651.74	955.39	
1729892	58	671.6	684.8	557.5	684.8	429.8	1.25	4.58	0	1,050	50	0.31	5.5	18.4	0.0	0.0	16.36	0	1.2758	1.9297	650	652.23	954.69	
1730417	59	671.6	683.5	556.8	683.2	429.5	1.25	4.58	0	1,041	49	0.31	5.5	18.4	0.0	0.0	16.52	0	1.2758	1.9297	650	652.54	953.98	
1730980	59	671.7	681.5	555.8	681.8	429.5	1.25	4.58	0	1,024	49	0.31	5.5	18.4	0.0	0.0	18.00	0	1.2758	1.9297	650	653.03	952.27	
1731534	59	671.7	680.5	555.0	680.8	429.5	2.25	4.58	0	1,078	49	1.62	5.5	18.8	0.0	0.0	59.11	0	1.2758	1.9445	650	653.43	947.89	
1732125	59	671.6	679.2	554.2	678.8	429.2	2.81	4.58	0	1,120	49	4.62	5.5	18.4	0.0	0.0	77.51	0	1.2758	1.9367	650	653.94	1,006.25	
1732745	59	671.5	677.2	553.3	677.2	429.2	3.12	4.58	0	1,057	49	5.94	5.5	18.4	0.0	0.0	82.48	0	1.2758	1.9289	650	654.53	1,090.62	
1733326	59	671.4	676.2	553.1	676.5	429.5	3.50	4.58	0	1,091	50	7.56	5.5	18.4	0.0	0.0	90.23	0	1.2758	1.9289	655	655.05	1,161.64	
1733875	59	671.3	675.2	552.0	675.2	428.8	3.12	4.58	0	1,074	51	9.19	5.5	18.0	0.0	0.0	85.76	0	1.2758	1.9211	655	655.54	1,138.44	
1734447	59	671.3	674.8	551.6	674.5	428.8	3.00	4.58	0	1,095	52	6.25	5.5	18.0	0.0	0.0	52.92	0	1.2758	1.9359	655	656.03	1,039.92	
1734974	58	671.3	674.2	551.6	674.5	428.5	1.56	4.58	0	1,099	52	1.12	5.5	18.4	0.0	0.0	19.17	0	1.2758	1.9359	655	656.33	983.59	
1735524	58	671.2	674.5	551.5	674.5	428.8	1.25	4.58	0	1,066	51	0.31	5.5	18.4	0.0	0.0	11.58	0	1.2758	1.9281	655	656.64	960.00	
1736083	58	671.1	674.2	551.6	674.5	428.5	1.25	4.58	0	1,065	51	0.31	5.5	18.4	0.0	0.0	16.20	0	1.2758	1.9281	655	656.94	953.52	
1736633	58	671.0	674.2	551.3	674.2	428.5	1.75	4.58	0	1,089	50	0.81	5.5	18.4	0.0	0.0	46.36	0	1.2758	1.9281	655	657.25	945.78	
1737157	59	670.8	673.8	551.1	674.2	428.5	3.00	4.58	0	1,189	51	4.62	5.5	18.0	0.0	0.0	65.93	0	1.2758	1.9203	655	657.65	992.19	
1737757	59	670.5	673.8	551.0	673.5	428.5	3.12	4.58	0	1,093	51	6.25	5.5	18.0	0.0	0.0	81.35	0	1.2758	1.9203	655	658.05	1,070.94	
1738286	59	670.3	673.2	550.8	673.2	428.2	3.50	4.58	0	1,164	52	8.12	5.5	18.0	0.0	0.0	77.02	0	1.2758	1.9203	655	658.35	1,093.36	
1738875	59	670.1	672.8	550.5	673.2	427.5	0.00	4.58	0	1,041	52	1.94	5.5	18.0	0.0	0.0	16.85	0	1.2758	1.9203	655	658.63	1,005.94	
1739447	58	669.8	672.8	550.5	672.8	428.2	1.06	4.58	0	1,074	52	0.31	5.5	18.0	0.0	0.0	13.76	0	1.2758	1.9203	655	658.94	965.62	
1739971	58	669.6	673.2	550.5	673.5	428.2	1.25	4.58	0	1,086	51	0.31	5.5	18.0	0.0	0.0	15.63	0	1.2758	1.9203	655	659.15	956.33	
1740505	58	669.4	673.2	550.5	673.5	427.5	1.06	4.58	0	1,082	51	0.31	5.5	18.0	0.0	0.0	16.69	0	1.2758	1.9203	655	659.33	952.42	
1741084	58	669.3	672.8	550.2	672.8	427.5	1.06	4.58	0	1,070	51	0.31	5.5	18.0	0.0	0.0	16.48	0	1.2758	1.9203	655	659.64	955.55	
1741689	59	669.1	672.5	550.1	672.5	427.2	1.25	4.58	0	1,064	51	0.31	5.5	18.0	0.0	0.0	16.66	0	1.2758	1.9203	655	659.85	955.08	
1742248	59	669.0	672.2	549.5	671.8	427.2	1.25	4.58	0	1,064	51	0.31	5.5	18.0	0.0	0.0	16.55	0	1.2758	1.9203	660	660.13	954.61	
1742830	59	668.9	670.8	549.0	670.8	426.8	1.25	4.58	0	1,067	51	0.31	5.5	18.0	0.0	0.0	16.57	0	1.2758	1.9203	660	660.25	953.98	
1743404	59	668.8	669.5	548.5	669.8	426.8	1.25	4.58	0	1,064	51	0.31	5.5	18.0	0.0	0.0	16.78	0	1.2758	1.9203	660	660.44	953.98	
1743935	59	668.8	668.8	547.7	668.5	426.2	1.06	4.58	0	1,071	51	0.31	5.5	18.0	0.0	0.0	16.71	0	1.2758	1.9203	660	660.65	953.91	
1744447	59	668.7	667.5	547.3	667.5	426.2	1.06	4.58	0	1,070	51	0.31	5.5	18.0	0.0	0.0	16.62	0	1.2758	1.9203	660	660.83	953.98	
1744990	60	668.7	666.8	546.3	666.5	425.8	1.06	4.58	0	1,072	51	0.31	5.5	18.0	0.0	0.0	16.99	0	1.2758	1.9203	660	660.93	954.22	
1745509	60	668.6	665.2	545.6	665.2	425.5	1.06	4.58	0	1,072	51	0.31	5.5	18.0	0.0	0.0	16.95	0	1.2758	1.9203	660	661.14	954.77	
1746065	60	668.6	664.5	544.8	663.8	425.5	2.62	4.58	0	1,193	50	0.81	5.5	18.0	0.0	0.0	13.55	0	1.2758	1.9203	660	661.23	953.28	
1746642	60	668.5	663.2	544.1	662.8	424.8	0.88	4.58	0	1,211	48	0.31	5.5	18.0	0.0	0.0	17.11	0	1.2758	1.9203	660	661.35	954.77	
1747177	60	668.4	662.2	543.5	661.8	424.8	0.88	4.58	0	1,204	46	0.56	5.5	18.0	0.0	0.0	17.53	0	1.2758	1.9203	660	661.54	956.17	
1747725	60	668.4	660.5	542.6	660.5	424.5	1.06	4.58	0	1,137	44	0.56	5.5	18.0	0.0	0.0	17.34	0	1.2758	1.9203	660	661.63	956.48	
1748274	61	668.3	659.5	542.0	659.5	424.2	1.06	4.58	0	1,080	41	0.56	5.5	18.0	0.0	0.0	14.25	0	1.2758	1.9203	660	661.75	955.55	
1748807	61	668.3	658.5	540.6	657.8	423.5	1.06	4.58	0	1,323	39	0.56	5.5	18.0	0.0	0.0	14.02	0	1.2758	1.9203	660	661.84	954.53	
1749325	61	668.2	657.2	540.2	656.8	423.5	0.88	4.58	0	1,239	38	0.81	5.5	18.0	0.0	0.0	17.62	0	1.2758	1.9203	660	661.84	956.09	
1749842	61	668.2	655.8	539.7	655.8	422.8	0.69	4.58	0	1,269	37	0.81	5.5	18.0	0.0	0.0	18.16	0	1.2758	1.9203	660	661.94	957.81	
1750397	61	668.1	655.2	538.8	655.2	422.8	0.88	4.58	0	1,261	37	0.81	5.5	18.0	0.0	0.0	18.23	0	1.2758	1.9203	660	662.03	958.91	
1750978	61	668.1	653.8	538.3	653.8	422.5	0.88	4.58	0	1,238	36	0.56	5.5	18.0	0.0	0.0	18.23	0	1.2758	1.9203	660	662.03	959.06	
1751542	62	668.1	652.5	537.1	652.2	421.8	1.06	4.58	0	1,143	33	0.56	5.5	18.0	0.0	0.0	17.88	0	1.2758	1.9203	660	662.15	958.36	
1752094	62	668.1	651.5	536.3	650.8	421.5	1.25	4.58	0	1,110	30	0.56	5.5	18.0	0.0	0.0	17.65	0	1.2758	1.9203	660	662.15	957.34	
1752614	62	668.1	650.2	535.8	649.8	421.5	1.06	4.58	0	1,165	28	0.56	5.5	18.0	0.0	0.0	18.14	0	1.2758	1.9203	660	662.15	957.81	
1753135	62	668.0	649.2	535.2	648.8	420.8	0.88	4.58	0	1,276	27	0.81	5.5	18.0	0.0	0.0	18.77	0	1.2758	1.9203	660	662.15	959.06	
1753712	62	668.0	647.5	533.8	647.8	420.8	0.69	4.58	0	1,326	26	0.81	5.5	18.0	0.0	0.0	19.20	0	1.2758	1.9203	660	662.15	960.62	
1754294	62	668.0	646.5	533.5	646.5	420.2	0.88	4.58	0	1,237	25	0.81	5.5	18.0	0.0	0.0	18.75	0	1.2758	1.9203	660	662.15	960.47	
1754817	62	667.9	645.5	532.6	645.2	419.8	1.06	4.58	0	1,157	23	0.31	5.5	18.0	0.0	0.0	18.35	0	1.2758	1.9203	660	662.15	959.45	
1755388	62	667.9	644.5	532.0	644.8	419.5	1.25	4.58	0	1,041	21	0.56	5.5	18.0	0.0	0.0	13.24	0	1.2758	1.9203	660	662.15	956.33	
1755926	62	667.8	643.5	531.3	643.2	419.5	1.44	4.58	0	871	19	0.31	5.5	18.0	0.0	0.0	18.89	0	1.2758	1.9203	660	662.15	952.27	
1756479	62	667.6	642.5	530.5	642.5	418.5	1.44	4.58	0	964	18	0.31	5.5	18.0	0.0	0.0	15.87	0	1.2758	1.9203	660	662.03	949.84	
1757038	62	667.5	641.5	530.0	641.5	418.5	1.44	4.58	0	935	18	0.31	5.5	18.0	0.0	0.0	17.04	0	1.2758	1.9203	660	662.03	948.05	
1757581	63	667.2	640.5	529.2	640.5	417.8	1.44	4.58	0	953	18	0.31	5.5	18.0	0.0	0.0	17.98	0	1.2758	1.9203	660	662.03	947.42	
1758103	63	667.0	639.5	528.6	639.5	417.5	1.44	4.58	0	930	17	0.31	5.5	18.0	0.0	0.0	17.77	0	1.2758	1.9203	660	661.94	946.41	
1758749	63	666.7	638.5	528.0	638.5	417.5	1.44	4.58	0	906	16	0.31	5.5	18.0	0.0	0.0	20.25	0	1.2758	1.9203	660	661.94	945.94	
1759312	63	666.4	637.2	527.1	637.2	416.8	1.44	4.58	0	950	16	0.31	5.5	18.0	0.0	0.0	19.50	0	1.2758	1.9203	660	661.94	946.09	
1759855	63	666.0	636.2	526.5	636.2	416.5	1.44	4.58	0	982	16	0.56	5.5	18.0	0.0	0.0	18.82	0	1.2758	1.9203	660	661.84	946.33	
1760485	63	665.5	635.5	525.6	635.5	416.2	1.44	4.58	0	977	15	0.56	5.5	18.0	0.0	0.0	15.28	0	1.2758	1.9203	660	661.84	945.86	
1761079	63	665.0	634.8	525.0	634.8	415.5	1.75	4.58	0	1,075	15	0.56	5.5	18.0	0.0	0.0	33.26	0	1.2758	1.9203	660	661.75	942.89	
1761615	63	664.4	634.2	524.6	634.2	415.8	1.94	4.58	0	1,266	16	2.19	5.5	18.0	0.0	0.0	42.52	0	1.2758	1.9203	660	661.63	950.31	
1762134	63	663.7	633.5	524.1	633.5	415.2	2.25	4.58	0	1,436	17	3.25	5.5	18.0	0.0	0.0	44.20	0	1.2758	1.9203	660	661.63	968.36	
1762743	63	662.5	632.8	524.0	632.8	414.5	2.62	4.58	0	1,447	19	3.25	5.5	18.0	0.0	0.0	43.73	0	1.2758	1.9203	660	661.54	984.69	
1763272	63	661.3	632.5	523.6	632.5	414.5	2.44	4.58	0	1,568	20	3.50	5.5	18.0	0.0	0.0	41.34	0	1.2758	1.9203	660	661.54	992.58	
1763817	62	659.9	632.8	523.6	632.8	414.2	2.62	4.58	0	1,645	22	3.50	5.5	18.0	0.0	0.0	39.23	0	1.2758	1.9203	660	661.54	997.50	
1764339	62	658.2	633.5	524.0	633.5	413.8	2.62	4.58	0	1,762	23	3.25	5.5	18.0	0.0	0.0	38.86	0	1.2758	1.9203	660	661.44	1,001.72	
1764879	62	656.7	634.5	523.8	634.5	413.5	2.62	4.58	0	1,842	24	3.25	5.5	18.0	0.0	0.0	35.16	0	1.2758	1.9203	660	661.44	1,003.75	
1765371	62	655.0	635.5	524.5	635.2	413.5	2.81	4.58	0	1,896	24	3.50	5.5	18.0	0.0	0.0	40.85	0	1.2758	1.9203	660	661.35	1,014.92	
1765940	61	652.9	636.5	525.0	637.2	413.5	2.81	4.58	0	1,416	25	5.69	5.5	18.0	0.0	0.0	60.09	0	1.2758	1.9203	660	661.14	1,031.33	
1766376	61	651.4	637.8	525.6	637.5	413.5	2.81	4.58	0	1,379	26	6.25	5.5	18.0	0.0	0.0	63.21	0	1.2758	1.9203	660	660.93	1,022.11	
1766952	61	649.0	639.5	526.3	639.8	413.5	3.12	4.58	0	1,432	28	7.88	5.5	18.0	0.0	0.0	63.80	0	1.2758	1.9203	660	660.65	1,047.66	
1767579	61	646.7	641.2	527.0	641.5	413.5	3.69	4.58	0	1,499	30	8.69	5.5	18.0	0.0	0.0	63.35	0	1.2758	1.9203	660	660.25	1,044.14	
1768083	60	644.6	642.8	527.8	642.8	413.2	1.75	4.58	0	1,509	30	2.75	5.5	18.0	0.0	0.0	18.59	0	1.2758	1.9203	660	659.94	992.97	
1768595	60	642.7	645.2	529.2	645.5	412.8	2.12	4.58	0	1,064	30	0.81	5.5	18.0	0.0	0.0	15.66	0	1.2758	1.9203	655	659.64	967.42	
1769117	60	641.4	647.2	529.8	647.2	413.2	1.44	4.58	0	1,003	30	0.00	5.5	18.0	0.0	0.0	33.42	0	1.2758	1.9203	655	659.43	954.45	
1769686	60	639.9	648.5	530.8	649.2	412.8	2.44	4.58	0	1,161	30	3.00	5.5	18.0	0.0	0.0	67.34	0	1.2758	1.9203	655	659.03	974.38	
1770289	60	638.0	650.2	531.5	650.5	412.8	2.81	4.58	0	1,041	31	4.31	5.5	18.0	0.0	0.0	75.84	0	1.2758	1.9203	655	658.54	1,017.34	
1770823	60	636.7	651.8	532.1	651.8	413.2	3.31	4.58	0	1,093	31	6.75	5.5	18.0	0.0	0.0	83.32	0	1.2758	1.9203	655	658.05	1,088.83	
1771336	60	635.5	653.2	532.6	653.5	412.5	2.81	4.58	0	1,078	32	5.69	5.5	18.0	0.0	0.0	39.30	0	1.2758	1.9203	655	657.44	1,045.62	
1771854	60	634.6	654.8	534.0	654.8	413.2	1.25	4.58	0	1,060	32	0.81	5.5	18.0	0.0	0.0	23.51	0	1.2758	1.9203	655	657.04	982.50	
1772436	59	633.7	656.2	534.3	656.2	412.8	1.25	4.58	0	1,051	31	0.56	5.5	18.0	0.0	0.0	16.64	0	1.2758	1.9203	655	656.64	960.31	
1773012	59	632.9	658.2	535.1	658.2	412.5	1.25	4.58	0	1,017	30	0.31	5.5	18.0	0.0	0.0	12.49	0	1.2758	1.9203	655	656.33	951.56	
1773564	59	632.2	658.5	535.6	658.8	412.5	0.69	4.58	0	989	29	0.00	5.5	18.0	0.0	0.0	12.54	0	1.2758	1.9203	655	655.94	950.94	
1774152	59	631.5	659.8	536.1	660.2	412.5	1.06	4.58	0	992	29	0.31	5.5	18.0	0.0	0.0	12.80	0	1.2758	1.9203	655	655.54	949.14	
1774690	60	631.0	660.8	536.5	660.5	412.5	1.25	4.58	0	959	28	0.00	5.5	18.0	0.0	0.0	12.49	0	1.2758	1.9203	655	655.35	948.05	
1775203	60	630.4	660.8	536.3	660.8	412.2	1.75	4.58	0	917	27	0.31	5.5	18.0	0.0	0.0	12.42	0	1.2758	1.9203	655	655.05	946.72	
1775791	60	629.9	660.5	536.1	660.5	412.2	0.88	4.58	0	937	26	0.31	5.5	18.0	0.0	0.0	11.86	0	1.2758	1.9203	650	654.74	945.94	
1776458	60	629.4	660.8	536.1	660.5	412.5	1.44	4.58	0	1,139	25	0.31	5.5	18.0	0.0	0.0	13.92	0	1.2758	1.9203	650	654.44	946.95	
1776995	60	628.9	659.8	536.2	659.8	411.8	2.25	4.58	0	1,169	23	0.81	5.5	18.0	0.0	0.0	15.35	0	1.2758	1.9203	650	654.25	946.80	
1777558	61	628.4	659.5	535.5	659.5	412.2	1.56	4.58	0	1,204	23	1.12	5.5	18.0	0.0	0.0	35.74	0	1.2758	1.9203	650	653.85	945.39	
1778105	61	627.8	658.5	535.3	658.5	411.8	2.12	4.58	0	1,226	23	2.19	5.5	18.0	0.0	0.0	40.20	0	1.2758	1.9203	650	653.55	958.36	
1778700	61	627.1	657.8	534.8	657.8	411.8	1.94	4.58	0	1,188	24	1.62	5.5	18.0	0.0	0.0	34.88	0	1.2758	1.9203	650	653.24	960.47	
1779250	61	626.4	657.8	534.5	657.8	411.5	1.75	4.58	0	1,222	24	1.38	5.5	18.0	0.0	0.0	26.62	0	1.2758	1.9203	650	652.84	957.89	
1779780	61	625.7	657.2	534.6	657.2	411.8	1.06	4.58	0	1,171	24	0.81	5.5	18.0	0.0	0.0	17.18	0	1.2758	1.9203	650	652.54	952.34	
1780434	61	625.0	656.8	534.1	657.2	411.5	1.25	4.58	0	1,166	23	0.56	5.5	18.0	0.0	0.0	15.35	0	1.2758	1.9203	650	652.23	948.44	
1780924	61	624.5	657.2	534.5	657.2	412.2	1.25	4.58	0	1,142	23	0.31	5.5	18.0	0.0	0.0	14.23	0	1.2758	1.9203	650	652.05	947.42	
1781534	61	623.8	657.5	534.6	657.2	411.5	1.25	4.58	0	1,046	22	0.00	5.5	18.0	0.0	0.0	15.68	0	1.2758	1.9203	650	651.74	948.59	
1782132	61	623.3	657.2	534.5	656.8	411.5	2.44	4.58	0	854	21	0.56	5.5	18.0	0.0	0.0	14.41	0	1.2758	1.9203	650	651.44	946.25	
1782699	61	622.8	657.2	534.1	656.8	411.5	1.75	4.58	0	952	20	0.81	5.5	18.0	0.0	0.0	21.63	0	1.2758	1.9203	650	651.13	948.98	
1783254	62	622.3	656.2	533.6	656.2	411.5	1.44	4.58	0	984	19	0.31	5.5	18.0	0.0	0.0	15.42	0	1.2758	1.9203	650	650.85	948.12	
1783787	62	621.8	655.8	533.3	655.5	411.2	1.44	4.58	0	944	18	0.31	5.5	18.0	0.0	0.0	17.58	0	1.2758	1.9203	650	650.64	946.95	
1784401	62	621.3	655.2	533.0	654.8	411.2	1.44	4.58	0	916	16	0.31	5.5	18.0	0.0	0.0	18.63	0	1.2758	1.9203	650	650.33	945.94	
1785183	62	620.7	654.5	532.8	654.5	410.8	1.44	4.58	0	902	15	0.31	5.5	18.0	0.0	0.0	20.53	0	1.2758	1.9203	650	649.94	945.70	
1785731	62	620.2	653.8	532.3	653.5	410.5	1.44	4.58	0	938	14	0.31	5.5	18.0	0.0	0.0	19.88	0	1.2758	1.9203	645	649.63	945.70	
1786368	62	619.7	652.8	531.6	652.5	410.2	1.44	4.58	0	968	13	0.31	5.5	18.0	0.0	0.0	19.48	0	1.2758	1.9203	645	649.35	945.78	
1786964	62	619.0	651.8	531.0	651.8	410.5	1.44	4.58	0	952	12	0.31	5.5	18.0	0.0	0.0	19.64	0	1.2758	1.9203	645	649.05	945.55	
1787554	62	618.5	651.2	531.0	651.2	410.2	1.44	4.58	0	941	12	0.31	5.5	18.0	0.0	0.0	19.78	0	1.2758	1.9203	645	648.74	945.23	
1788100	62	618.1	650.8	530.1	650.5	409.8	1.44	4.58	0	927	12	0.31	5.5	18.0	0.0	0.0	20.70	0	1.2758	1.9203	645	648.53	945.08	
1788632	62	617.6	649.8	529.8	649.8	410.2	1.75	4.58	0	901	11	0.81	5.5	18.0	0.0	0.0	38.39	0	1.2758	1.9203	645	648.25	943.52	
1789278	63	616.9	649.2	529.6	649.5	409.8	2.12	4.58	0	1,314	12	2.19	5.5	18.0	0.0	0.0	37.73	0	1.2758	1.9203	645	647.85	955.08	
1789933	63	616.1	648.5	529.1	648.5	409.8	1.94	4.58	0	1,284	13	1.62	5.5	18.0	0.0	0.0	37.80	0	1.2758	1.9203	645	647.43	961.64	
1790552	63	615.0	648.2	529.0	648.2	409.5	1.94	4.58	0	1,347	14	1.94	5.5	18.0	0.0	0.0	37.97	0	1.2758	1.9203	645	646.94	966.25	
1791193	62	613.8	648.2	529.0	648.5	409.8	1.75	4.58	0	1,357	15	2.19	5.5	18.0	0.0	0.0	35.51	0	1.2758	1.9203	645	646.44	969.61	
1791758	62	612.7	648.8	529.1	648.8	409.5	1.94	4.58	0	1,339	17	1.62	5.5	18.0	0.0	0.0	27.21	0	1.2758	1.9203	645	646.05	962.73	
1792314	62	611.8	649.8	529.5	649.5	409.5	3.12	4.58	0	1,161	16	0.81	5.5	18.0	0.0	0.0	16.34	0	1.2758	1.9203	645	645.65	955.55	
1792919	62	610.9	650.2	530.0	650.5	409.5	0.88	4.58	0	1,224	15	0.31	5.5	18.0	0.0	0.0	12.35	0	1.2758	1.9203	645	645.25	950.62	
1793513	62	610.0	651.2	530.1	651.2	409.5	1.75	4.58	0	1,035	13	0.31	5.5	18.0	0.0	0.0	13.12	0	1.2758	1.9203	640	644.85	947.81	
1794139	62	609.2	651.5	530.5	651.8	409.8	1.25	4.58	0	811	10	0.00	5.5	18.0	0.0	0.0	19.43	0	1.2758	1.9203	640	644.55	945.31	
1794757	62	608.5	652.2	530.7	651.8	409.2	1.44	4.58	0	894	10	0.56	5.5	18.0	0.0	0.0	23.72	0	1.2758	1.9203	640	644.03	946.64	
1795343	62	607.8	652.5	530.7	652.2	409.5	1.44	4.58	0	919	9	0.56	5.5	18.0	0.0	0.0	21.77	0	1.2758	1.9203	640	643.75	946.25	
1795877	62	607.0	652.2	530.8	652.5	409.2	1.44	4.58	0	916	9	0.56	5.5	18.0	0.0	0.0	22.71	0	1.2758	1.9203	640	643.35	946.17	
1796414	62	606.4	652.2	530.7	652.2	409.2	1.56	4.58	0	936	9	0.81	5.5	18.0	0.0	0.0	44.72	0	1.2758	1.9203	640	643.05	943.98	
1796955	62	605.5	652.2	530.7	652.2	408.8	2.44	4.58	0	1,401	10	3.50	5.5	18.0	0.0	0.0	47.58	0	1.2758	1.9203	640	642.53	964.30	
1797536	63	604.5	651.8	530.7	652.2	409.2	2.62	4.58	0	1,424	12	4.31	5.5	18.0	0.0	0.0	51.26	0	1.2758	1.9203	640	642.04	995.16	
1798114	62	603.3	652.5	530.6	652.2	409.2	2.62	4.58	0	1,458	14	4.62	5.5	18.0	0.0	0.0	50.67	0	1.2758	1.9203	640	641.43	1,014.06	
1798656	62	602.0	652.5	530.8	652.8	408.8	2.44	4.58	0	1,459	16	4.62	5.5	18.0	0.0	0.0	50.77	0	1.2758	1.9203	640	640.63	1,021.33	
1799257	62	600.5	653.5	531.1	653.5	408.8	2.62	4.58	0	1,453	18	4.62	5.5	18.0	0.0	0.0	49.59	0	1.2758	1.9203	640	639.83	1,024.45	
1799882	62	598.7	654.8	532.0	654.8	409.2	2.44	4.58	0	1,550	20	3.50	5.5	18.0	0.0	0.0	29.04	0	1.2758	1.9203	635	639.04	1,006.95	
1800493	62	597.5	656.2	532.5	655.8	409.2	1.75	4.58	0	1,495	20	1.38	5.5	18.0	0.0	0.0	12.21	0	1.2758	1.9203	635	638.33	966.48	
1801049	61	596.3	657.5	533.0	657.5	409.2	1.56	4.58	0	1,486	19	1.94	5.5	18.0	0.0	0.0	34.05	0	1.2758	1.9203	635	637.63	956.56	
1801613	61	595.0	658.8	534.0	659.2	409.2	2.62	4.58	0	1,563	20	3.81	5.5	18.0	0.0	0.0	50.20	0	1.2758	1.9203	635	636.93	981.88	
1802099	62	593.7	659.8	534.6	660.2	409.5	3.50	4.58	0	1,700	22	6.25	5.5	18.0	0.0	0.0	53.91	0	1.2758	1.9203	635	636.13	1,030.08	
1802675	62	592.3	660.8	535.0	661.2	409.8	4.00	4.58	0	1,841	24	5.94	5.5	18.0	0.0	0.0	48.84	0	1.2758	1.9203	635	635.15	1,058.91	
1803252	61	590.6	662.2	536.1	662.5	410.2	3.31	4.58	0	1,972	25	4.31	5.5	18.0	0.0	0.0	43.29	0	1.2758	1.9203	630	633.93	1,047.19	
1803893	61	589.3	664.2	537.1	664.5	409.8	1.94	4.58	0	1,501	25	4.06	5.5	18.0	0.0	0.0	28.85	0	1.2758	1.9203	630	632.94	999.61	
1804418	61	588.1	665.8	537.8	666.2	410.2	1.25	4.58	0	1,270	25	0.81	5.5	18.0	0.0	0.0	16.80	0	1.2758	1.9203	630	632.15	967.34	
1805025	60	586.9	667.5	538.8	668.2	410.2	1.25	4.58	0	1,231	24	0.56	5.5	18.0	0.0	0.0	15.84	0	1.2758	1.9203	630	631.35	951.02	
1805551	60	586.0	669.5	540.0	669.5	410.5	1.75	4.58	0	1,257	24	1.38	5.5	18.0	0.0	0.0	34.22	0	1.2758	1.9203	630	630.53	953.12	
1806105	61	585.1	670.5	540.5	670.5	410.8	1.94	4.58	0	1,268	24	1.38	5.5	18.0	0.0	0.0	29.30	0	1.2758	1.9203	625	629.85	960.55	
1806624	61	584.3	671.5	541.1	671.5	410.8	1.06	4.58	0	1,187	24	0.81	5.5	18.0	0.0	0.0	19.05	0	1.2758	1.9203	625	629.15	951.95	
1807203	61	583.5	671.8	541.5	672.2	411.2	1.44	4.58	0	1,166	23	0.56	5.5	18.0	0.0	0.0	16.85	0	1.2758	1.9203	625	628.44	945.94	
1807837	61	582.8	673.2	542.0	673.5	411.5	2.12	4.58	0	1,195	22	1.62	5.5	18.0	0.0	0.0	44.58	0	1.2758	1.9203	625	627.65	953.20	
1808519	61	581.9	673.8	542.5	674.2	411.5	2.12	4.58	0	1,200	23	2.75	5.5	18.0	0.0	0.0	42.45	0	1.2758	1.9203	625	626.64	971.88	
1809069	61	581.0	674.5	543.1	674.2	411.8	1.94	4.58	0	1,196	23	1.94	5.5	18.0	0.0	0.0	38.95	0	1.2758	1.9203	625	625.84	972.81	
1809608	61	580.3	674.5	543.3	674.5	411.8	1.44	4.58	0	1,158	23	1.12	5.5	18.0	0.0	0.0	20.25	0	1.2758	1.9203	625	625.23	962.03	
1810154	61	579.7	675.2	543.3	674.8	411.8	1.44	4.58	0	1,067	22	0.56	5.5	18.0	0.0	0.0	13.41	0	1.2758	1.9203	620	624.53	948.52	
1810674	61	579.1	675.5	543.6	675.5	412.2	2.12	4.58	0	1,192	21	1.38	5.5	18.0	0.0	0.0	42.33	0	1.2758	1.9203	620	623.94	955.31	
1811219	61	578.5	675.8	544.0	675.8	411.8	2.12	4.58	0	1,173	22	2.19	5.5	18.0	0.0	0.0	44.62	0	1.2758	1.9203	620	623.33	966.72	
1811760	62	577.8	675.8	544.1	676.2	412.5	1.94	4.58	0	1,170	22	2.19	5.5	18.0	0.0	0.0	43.08	0	1.2758	1.9203	620	622.54	972.89	
1812381	62	577.2	676.2	544.3	676.2	412.5	2.12	4.58	0	1,164	23	2.19	5.5	18.0	0.0	0.0	44.41	0	1.2758	1.9203	620	621.83	974.84	
1812973	61	576.5	676.2	544.6	676.5	413.2	2.12	4.58	0	1,192	23	2.19	5.5	18.0	0.0	0.0	42.45	0	1.2758	1.9203	620	620.94	978.12	
1813578	61	575.7	676.8	544.6	676.5	413.5	1.94	4.58	0	1,204	24	1.94	5.5	18.0	0.0	0.0	32.58	0	1.2758	1.9203	620	620.15	971.56	
1814118	61	575.0	676.8	545.2	676.8	413.5	1.44	4.58	0	1,152	23	0.81	5.5	18.0	0.0	0.0	15.73	0	1.2758	1.9203	615	619.63	958.36	
1814690	61	574.4	677.5	545.5	677.2	413.2	1.25	4.58	0	1,080	22	0.31	5.5	18.0	0.0	0.0	13.73	0	1.2758	1.9203	615	619.05	950.94	
1815273	61	573.9	677.5	545.5	677.2	413.5	1.25	4.58	0	947	21	0.31	5.5	18.0	0.0	0.0	14.77	0	1.2758	1.9203	615	618.44	946.95	
1815810	61	573.5	677.2	545.3	677.5	413.8	1.44	4.58	0	923	20	0.31	5.5	18.0	0.0	0.0	17.39	0	1.2758	1.9203	615	617.94	945.31	
1816329	61	573.1	676.8	545.6	676.8	413.8	1.56	4.58	0	1,005	18	0.56	5.5	18.0	0.0	0.0	41.95	0	1.2758	1.9203	615	617.55	940.55	
1816870	62	572.6	676.8	545.3	676.8	413.8	2.44	4.58	0	1,435	18	3.50	5.5	18.0	0.0	0.0	47.74	0	1.2758	1.9203	615	616.75	968.52	
1817503	62	571.9	676.2	544.8	676.2	414.2	2.44	4.58	0	1,494	19	3.81	5.5	18.0	0.0	0.0	28.85	0	1.2758	1.9203	615	616.05	995.86	
1818075	62	571.3	676.2	545.0	675.8	414.2	0.88	4.58	0	1,514	19	1.38	5.5	18.0	0.0	0.0	14.13	0	1.2758	1.9203	615	615.44	963.12	
1818643	61	570.8	675.2	544.8	675.5	413.8	1.06	4.58	0	1,389	18	1.12	5.5	18.0	0.0	0.0	12.68	0	1.2758	1.9203	615	614.85	954.38	
1819201	61	570.3	674.8	544.5	674.8	414.2	0.88	4.58	0	1,354	17	0.81	5.5	18.0	0.0	0.0	12.30	0	1.2758	1.9203	610	614.33	950.78	
1819729	61	569.9	674.5	544.5	674.5	414.5	1.44	4.58	0	1,209	15	0.00	5.5	18.0	0.0	0.0	16.55	0	1.2758	1.9203	610	613.94	949.53	
1820262	62	569.6	674.2	544.3	674.2	414.5	1.06	4.58	0	1,165	14	0.56	5.5	18.0	0.0	0.0	13.76	0	1.2758	1.9203	610	613.44	951.33	
1820803	62	569.3	673.5	544.1	673.5	414.5	1.56	4.58	0	1,050	13	0.56	5.5	18.0	0.0	0.0	22.34	0	1.2758	1.9203	610	613.05	947.50	
1821414	62	568.9	672.8	543.8	672.5	414.8	1.75	4.58	0	1,081	13	0.81	5.5	18.0	0.0	0.0	31.15	0	1.2758	1.9203	610	612.53	945.70	
1822005	62	568.5	671.5	543.0	671.8	414.5	2.12	4.58	0	1,343	13	2.19	5.5	18.0	0.0	0.0	39.49	0	1.2758	1.9203	610	611.85	958.05	
1822563	62	568.0	670.8	542.6	670.8	414.8	1.75	4.58	0	1,368	13	1.94	5.5	18.0	0.0	0.0	34.83	0	1.2758	1.9203	610	611.24	962.27	
1823166	62	567.4	669.8	542.3	669.5	414.8	1.94	4.58	0	1,351	14	1.94	5.5	18.0	0.0	0.0	37.97	0	1.2758	1.9203	610	610.63	964.69	
1823711	62	566.9	669.2	542.0	669.2	415.2	2.25	4.58	0	1,353	15	2.75	5.5	18.0	0.0	0.0	49.31	0	1.2758	1.9203	610	610.05	972.58	
1824280	62	566.2	668.8	542.0	668.8	415.2	3.00	4.58	0	1,538	16	4.88	5.5	18.0	0.0	0.0	54.45	0	1.2758	1.9203	605	609.25	1,005.00	
1824810	62	565.5	668.5	542.0	668.5	415.5	3.31	4.58	0	1,582	18	8.12	5.5	18.0	0.0	0.0	58.34	0	1.2758	1.9203	605	608.55	997.81	
1825342	62	564.7	668.5	541.8	668.8	415.5	3.31	4.58	0	1,555	20	7.88	5.5	18.0	0.0	0.0	58.41	0	1.2758	1.9203	605	607.75	1,011.48	
1825891	62	563.9	668.5	542.0	668.8	415.5	4.56	4.58	0	1,742	22	8.38	5.5	18.0	0.0	0.0	59.39	0	1.2758	1.9203	605	606.74	1,042.73	
1826411	62	562.9	668.8	542.3	668.8	415.8	5.75	4.58	0	1,884	25	9.19	5.5	18.0	0.0	0.0	59.70	0	1.2758	1.9203	605	605.73	1,051.09	
1826935	61	562.1	669.2	542.6	669.5	415.8	6.12	4.58	0	2,008	26	10.56	5.5	18.0	0.0	0.0	59.37	0	1.2758	1.9203	600	604.63	1,052.66	
1827523	61	561.1	669.8	543.2	669.8	416.2	6.25	4.58	0	2,193	28	12.19	5.5	18.0	0.0	0.0	63.02	0	1.2758	1.9203	600	603.25	1,087.19	
1828047	60	560.3	670.8	543.2	670.5	416.2	4.00	4.58	0	1,619	29	10.56	5.5	18.0	0.0	0.0	61.34	0	1.2758	1.9203	600	601.94	1,068.59	
1828610	60	559.8	671.5	543.8	671.5	416.5	2.62	4.58	0	1,521	30	7.88	5.5	18.4	0.0	0.0	35.98	0	1.2758	1.9273	600	600.83	1,027.27	
1829123	60	559.4	672.2	544.3	672.5	416.8	3.31	4.58	0	1,502	30	1.94	5.5	18.4	0.0	0.0	19.88	0	1.2758	1.9273	600	599.94	980.31	
1829686	60	559.1	673.5	545.1	673.2	416.8	1.06	4.58	0	1,434	29	1.12	5.5	18.0	0.0	0.0	13.59	0	1.2758	1.9195	595	599.03	960.62	
1830303	60	559.0	674.2	545.5	674.2	416.8	1.06	4.58	0	1,420	28	0.56	5.5	18.0	0.0	0.0	15.68	0	1.2758	1.9195	595	598.23	953.20	
1830807	60	558.8	674.5	545.8	674.5	417.5	0.56	4.58	0	1,331	27	0.81	5.5	18.0	0.0	0.0	17.16	0	1.2758	1.9195	595	597.65	953.12	
1831321	60	558.8	674.5	546.1	674.8	417.5	0.69	4.58	0	1,286	26	0.56	5.5	18.0	0.0	0.0	17.23	0	1.2758	1.9117	595	597.13	958.75	
1831897	60	558.8	674.8	546.1	674.8	417.8	1.06	4.58	0	1,196	24	0.56	5.5	18.0	0.0	0.0	17.16	0	1.2758	1.9117	595	596.43	958.28	
1832426	60	558.9	674.2	545.8	674.2	418.2	1.06	4.58	0	1,131	22	0.31	5.5	18.0	0.0	0.0	16.99	0	1.2758	1.9117	595	595.94	957.27	
1832958	61	559.0	673.8	545.8	673.5	418.2	1.25	4.58	0	1,050	21	0.31	5.5	18.0	0.0	0.0	14.18	0	1.2758	1.9039	595	595.35	955.47	
1833517	61	559.1	672.5	545.5	672.5	417.8	1.44	4.58	0	863	19	0.31	5.5	18.0	0.0	0.0	18.21	0	1.2758	1.9188	595	594.93	950.62	
1834034	61	559.2	671.5	545.1	671.8	417.8	1.44	4.58	0	958	17	0.31	5.5	18.0	0.0	0.0	17.30	0	1.2758	1.9188	590	594.44	949.06	
1834622	61	559.3	670.8	544.5	670.5	418.5	1.44	4.58	0	941	16	0.31	5.5	18.0	0.0	0.0	16.85	0	1.2758	1.9109	590	593.94	946.95	
1835137	61	559.4	669.5	543.8	669.2	418.5	1.44	4.58	0	938	14	0.31	5.5	18.0	0.0	0.0	18.63	0	1.2758	1.9109	590	593.55	945.94	
1835658	62	559.5	668.5	543.5	667.8	418.5	1.44	4.58	0	967	13	0.31	5.5	18.0	0.0	0.0	18.75	0	1.2758	1.9031	590	593.03	945.62	
1836197	62	559.6	666.8	542.5	666.5	418.8	1.44	4.58	0	940	13	0.31	5.5	18.0	0.0	0.0	19.15	0	1.2758	1.9180	590	592.75	945.23	
1836757	62	559.7	665.5	542.0	665.2	418.5	1.94	4.58	0	989	12	1.12	5.5	18.0	0.0	0.0	42.84	0	1.2758	1.9102	590	592.23	943.52	
1837304	62	559.8	664.2	541.6	664.2	419.2	2.12	4.58	0	1,331	13	2.44	5.5	18.0	0.0	0.0	42.47	0	1.2758	1.9102	590	591.74	959.06	
1837840	62	559.9	662.8	541.0	662.8	418.8	2.25	4.58	0	1,377	15	2.75	5.5	18.0	0.0	0.0	44.23	0	1.2758	1.9102	590	591.34	972.73	
1838405	62	559.9	661.5	540.3	661.8	418.8	2.25	4.58	0	1,397	16	3.00	5.5	18.0	0.0	0.0	43.12	0	1.2758	1.9102	590	590.73	982.73	
1839018	62	559.9	660.8	540.1	660.8	418.8	2.12	4.58	0	1,382	18	2.44	5.5	18.0	0.0	0.0	31.31	0	1.2758	1.9102	590	590.24	980.62	
1839588	62	559.9	660.5	539.8	659.8	418.8	1.75	4.58	0	1,458	19	1.62	5.5	18.0	0.0	0.0	24.94	0	1.2758	1.9102	585	589.75	965.55	
1840182	62	559.9	659.8	539.5	659.8	418.8	0.56	4.58	0	1,442	19	1.12	5.5	18.0	0.0	0.0	13.01	0	1.2758	1.9102	585	589.35	954.77	
1840741	62	559.8	659.5	539.3	659.5	419.2	0.88	4.58	0	1,482	19	1.12	5.5	18.0	0.0	0.0	14.20	0	1.2758	1.9102	585	588.93	950.23	
1841270	62	559.8	659.5	539.3	659.5	419.2	1.06	4.58	0	1,512	19	1.38	5.5	18.0	0.0	0.0	17.20	0	1.2758	1.9102	585	588.65	947.42	
1841803	62	559.7	658.8	539.3	659.2	419.2	1.25	4.58	0	1,497	19	1.62	5.5	18.0	0.0	0.0	19.76	0	1.2758	1.9102	585	588.34	945.31	
1842339	62	559.7	658.5	539.1	658.8	419.5	1.75	4.58	0	1,602	20	1.62	5.5	18.0	0.0	0.0	26.37	0	1.2758	1.9102	585	588.04	950.47	
1842942	62	559.6	658.2	538.8	658.2	419.5	1.94	4.58	0	1,650	21	1.62	5.5	18.0	0.0	0.0	28.50	0	1.2758	1.9102	585	587.64	956.25	
1843480	62	559.4	657.8	538.6	657.8	419.5	1.94	4.58	0	1,758	23	1.94	5.5	18.0	0.0	0.0	25.38	0	1.2758	1.9102	585	587.24	959.61	
1844001	62	559.3	657.5	538.6	657.5	419.5	1.06	4.58	0	1,738	23	1.38	5.5	18.0	0.0	0.0	12.84	0	1.2758	1.9102	585	586.94	953.83	
1844552	62	559.1	657.2	538.3	656.8	419.8	1.25	4.58	0	1,740	23	1.38	5.5	18.0	0.0	0.0	11.72	0	1.2758	1.9102	585	586.63	950.78	
1845073	62	559.0	656.8	538.3	657.2	419.8	1.44	4.58	0	1,745	23	0.81	5.5	18.0	0.0	0.0	18.02	0	1.2758	1.9102	585	586.44	952.19	
1845653	62	559.0	656.8	538.1	656.8	419.8	0.56	4.58	0	1,675	21	1.12	5.5	18.0	0.0	0.0	18.63	0	1.2758	1.9102	585	586.14	953.52	
1846175	62	559.0	656.5	538.1	656.5	419.8	0.56	4.58	0	1,628	21	1.12	5.5	18.0	0.0	0.0	18.49	0	1.2758	1.9102	585	585.93	961.25	
1846684	62	559.1	655.8	537.8	655.8	419.8	0.56	4.58	0	1,552	20	1.38	5.5	18.0	0.0	0.0	18.80	0	1.2758	1.9102	585	585.74	962.58	
1847301	63	559.1	655.5	537.8	655.2	420.2	0.56	4.58	0	1,481	18	1.12	5.5	18.0	0.0	0.0	18.63	0	1.2758	1.9102	585	585.53	963.12	
1847802	63	559.3	654.5	537.3	654.2	419.8	0.69	4.58	0	1,297	16	0.81	5.5	18.0	0.0	0.0	18.02	0	1.2758	1.9102	585	585.34	961.33	
1848305	63	559.4	653.8	536.8	653.8	419.8	1.56	4.58	0	1,091	13	0.56	5.5	18.0	0.0	0.0	12.98	0	1.2758	1.9102	585	585.25	955.78	
1848837	63	559.5	653.2	536.5	653.2	420.2	1.25	4.58	0	929	10	0.31	5.5	18.0	0.0	0.0	12.59	0	1.2758	1.9102	585	585.04	951.25	
1849396	63	559.6	652.2	536.2	652.2	419.8	1.56	4.58	0	670	6	0.31	5.5	18.0	0.0	0.0	24.75	0	1.2758	1.9102	580	584.85	947.66	
1849907	63	559.7	651.2	535.8	651.2	420.2	1.56	4.58	0	839	3	0.31	5.5	18.0	0.0	0.0	24.42	0	1.2758	1.9102	580	584.64	947.50	
1850496	63	559.7	650.2	535.0	649.8	419.8	1.44	4.58	0	842	0	0.31	5.5	18.0	0.0	0.0	16.66	0	1.2758	1.9102	580	584.43	946.72	
1851031	63	559.7	649.5	534.6	649.2	419.8	1.56	4.58	0	775	0	0.31	5.5	18.0	0.0	0.0	20.27	0	1.2758	1.9102	580	584.33	945.23	
1851572	63	559.7	648.2	534.0	647.8	419.8	1.44	4.58	0	768	0	0.31	5.5	18.0	0.0	0.0	20.81	0	1.2758	1.9102	580	584.15	944.61	
1852141	63	559.7	647.5	533.6	647.2	419.8	1.44	4.58	0	797	0	0.31	5.5	18.0	0.0	0.0	20.48	0	1.2758	1.9102	580	583.94	944.38	
1852667	63	559.6	645.8	532.8	645.8	419.5	1.44	4.58	0	807	0	0.31	5.5	18.0	0.0	0.0	20.46	0	1.2758	1.9102	580	583.84	944.22	
1853183	63	559.5	645.2	532.1	644.8	419.5	1.44	4.58	0	826	0	0.31	5.5	18.0	0.0	0.0	18.80	0	1.2758	1.9102	580	583.63	944.38	
1853759	63	559.5	643.8	531.8	643.5	419.2	1.44	4.58	0	814	0	0.31	5.5	18.0	0.0	0.0	19.29	0	1.2758	1.9102	580	583.44	943.98	
1854317	64	559.4	642.8	531.1	642.8	419.2	1.44	4.58	0	811	0	0.31	5.5	18.0	0.0	0.0	19.57	0	1.2758	1.9102	580	583.35	943.91	
1854833	64	559.2	641.8	530.7	641.8	418.8	1.44	4.58	0	803	0	0.31	5.5	18.0	0.0	0.0	19.29	0	1.2758	1.9102	580	583.14	943.52	
1855418	64	559.1	640.5	530.0	640.5	418.8	1.44	4.58	0	791	0	0.31	5.5	18.0	0.0	0.0	19.57	0	1.2758	1.9102	580	582.93	943.44	
1856061	64	559.0	639.5	529.1	639.2	418.8	1.44	4.58	0	795	0	0.31	5.5	18.0	0.0	0.0	19.92	0	1.2758	1.9102	580	582.74	943.44	
1856640	64	558.8	638.8	528.8	638.8	419.2	1.44	4.58	0	809	0	0.31	5.5	18.0	0.0	0.0	19.59	0	1.2758	1.9102	580	582.65	943.52	
1857161	64	558.6	637.5	528.0	637.5	418.5	1.44	4.58	0	806	0	0.31	5.5	18.0	0.0	0.0	19.59	0	1.2758	1.9102	580	582.44	943.44	
1857742	64	558.5	636.5	527.5	636.5	418.5	1.44	4.58	0	794	0	0.31	5.5	18.0	0.0	0.0	19.24	0	1.2758	1.9102	580	582.34	943.44	
1858290	64	558.3	635.5	527.1	635.2	418.5	1.44	4.58	0	796	0	0.31	5.5	18.0	0.0	0.0	19.38	0	1.2758	1.9102	580	582.13	943.36	
1858807	64	558.1	634.5	526.5	634.8	418.5	1.44	4.58	0	803	0	0.31	5.5	18.0	0.0	0.0	19.76	0	1.2758	1.9102	580	582.04	943.28	
1859337	64	557.9	633.5	526.1	633.5	418.2	1.44	4.58	0	790	0	0.31	5.5	18.0	0.0	0.0	19.29	0	1.2758	1.9102	580	581.94	943.36	
1859884	64	557.7	632.8	525.5	632.8	418.2	1.44	4.58	0	793	0	0.31	5.5	18.0	0.0	0.0	19.85	0	1.2758	1.9102	580	581.73	943.36	
1860416	64	557.5	631.5	524.8	631.8	418.2	1.44	4.58	0	802	0	0.31	5.5	18.0	0.0	0.0	19.83	0	1.2758	1.9102	580	581.64	943.28	
1860985	64	557.3	631.2	524.5	630.5	418.2	1.44	4.58	0	795	0	0.31	5.5	18.0	0.0	0.0	19.80	0	1.2758	1.9102	580	581.43	943.44	
1861509	64	557.1	630.5	524.1	630.2	417.5	1.44	4.58	0	799	0	0.31	5.5	18.0	0.0	0.0	19.73	0	1.2758	1.9102	580	581.33	943.52	
1862051	64	556.9	629.5	523.5	629.2	417.8	1.44	4.58	0	821	0	0.31	5.5	18.0	0.0	0.0	19.20	0	1.2758	1.9102	580	581.24	943.59	
1862618	64	556.6	627.8	522.8	628.2	417.5	1.44	4.58	0	813	0	0.31	5.5	18.0	0.0	0.0	18.91	0	1.2758	1.9102	580	581.03	943.52	
1863154	64	556.4	627.5	522.5	627.5	417.5	1.44	4.58	0	806	0	0.31	5.5	18.0	0.0	0.0	19.22	0	1.2758	1.9102	580	580.94	943.28	
1863691	64	556.1	626.5	521.8	626.5	417.5	1.44	4.58	0	810	0	0.31	5.5	18.0	0.0	0.0	19.10	0	1.2758	1.9102	580	580.84	943.36	
1864233	64	555.9	625.8	521.7	625.5	417.5	1.44	4.58	0	814	0	0.31	5.5	18.0	0.0	0.0	19.22	0	1.2758	1.9102	580	580.75	943.52	
1864787	64	555.7	625.2	521.0	624.8	417.5	1.44	4.58	0	802	0	0.31	5.5	18.0	0.0	0.0	19.31	0	1.2758	1.9102	580	580.63	943.12	
1865301	64	555.5	624.2	520.8	624.2	416.8	1.44	4.58	0	799	0	0.31	5.5	18.0	0.0	0.0	19.29	0	1.2758	1.9102	580	580.54	943.36	
1865860	64	555.2	623.2	520.3	623.5	417.2	1.44	4.58	0	797	0	0.31	5.5	18.0	0.0	0.0	19.27	0	1.2758	1.9102	580	580.35	943.20	
1866437	64	554.9	622.5	519.8	622.5	416.8	1.44	4.58	0	800	0	0.31	5.5	18.0	0.0	0.0	19.29	0	1.2758	1.9102	580	580.23	943.36	
1866943	64	554.6	622.2	519.3	621.8	417.2	1.44	4.58	0	796	0	0.31	5.5	18.0	0.0	0.0	19.31	0	1.2758	1.9102	580	580.14	943.44	
1867503	64	554.4	620.8	519.0	620.8	416.8	1.44	4.58	0	794	0	0.31	5.5	18.0	0.0	0.0	19.17	0	1.2758	1.9102	580	580.05	943.44	
1868022	64	554.1	620.8	518.5	620.8	416.5	1.44	4.58	0	782	0	0.31	5.5	18.0	0.0	0.0	19.36	0	1.2758	1.9102	580	579.93	943.28	
1868553	64	553.9	619.8	518.3	619.8	416.8	1.44	4.58	0	776	0	0.31	5.5	18.0	0.0	0.0	20.62	0	1.2758	1.9102	575	579.83	943.52	
1869086	65	553.6	619.2	517.8	618.8	416.5	1.44	4.58	0	792	0	0.31	5.5	18.0	0.0	0.0	21.00	0	1.2758	1.9102	575	579.65	943.36	
1869649	65	553.3	618.5	517.6	618.5	416.2	1.44	4.58	0	796	0	0.31	5.5	18.0	0.0	0.0	20.72	0	1.2758	1.9102	575	579.53	943.28	
1870226	65	553.0	617.8	517.3	617.8	416.5	1.44	4.58	0	801	0	0.31	5.5	18.0	0.0	0.0	20.51	0	1.2758	1.9102	575	579.44	943.44	
1870761	65	552.7	617.2	517.0	617.2	416.5	1.44	4.58	0	790	0	0.31	5.5	18.0	0.0	0.0	20.53	0	1.2758	1.9102	575	579.34	943.52	
1871332	65	552.4	616.8	516.5	616.5	416.2	1.44	4.58	0	791	0	0.31	5.5	18.0	0.0	0.0	20.55	0	1.2758	1.9102	575	579.25	943.52	
1871851	65	552.1	616.2	516.3	615.8	416.2	1.56	4.58	0	829	0	0.31	5.5	18.0	0.0	0.0	25.10	0	1.2758	1.9102	575	579.04	943.59	
1872393	65	551.9	615.8	516.0	615.5	416.5	1.44	4.58	0	862	0	0.56	5.5	18.0	0.0	0.0	21.80	0	1.2758	1.9102	575	578.94	944.22	
1872983	65	551.5	615.5	515.8	615.2	416.2	1.44	4.58	0	759	0	0.31	5.5	18.0	0.0	0.0	45.21	0	1.2758	1.9102	575	578.85	943.52	
1873553	65	551.2	614.8	515.3	614.8	416.2	1.94	4.58	0	901	1	1.62	5.5	18.0	0.0	0.0	38.41	0	1.2758	1.9102	575	578.64	953.98	
1874122	65	550.7	613.8	515.3	613.8	415.8	1.75	4.58	0	975	3	0.81	5.5	18.0	0.0	0.0	37.71	0	1.2758	1.9102	575	578.55	952.03	
1874637	65	550.3	613.8	515.2	613.5	416.2	2.12	4.58	0	1,192	5	1.62	5.5	18.0	0.0	0.0	39.14	0	1.2758	1.9102	575	578.33	955.78	
1875203	65	549.7	613.5	515.0	613.5	416.2	2.12	4.58	0	1,314	7	2.19	5.5	18.0	0.0	0.0	43.34	0	1.2758	1.9102	575	578.15	965.62	
1875774	65	549.0	614.2	514.8	613.8	415.8	2.12	4.58	0	1,408	10	3.25	5.5	18.0	0.0	0.0	46.31	0	1.2758	1.9102	575	577.84	978.91	
1876310	65	548.2	613.8	515.0	614.2	416.2	2.62	4.58	0	1,599	12	4.06	5.5	18.0	0.0	0.0	46.12	0	1.2758	1.9102	575	577.63	999.69	
1876867	64	547.3	614.5	515.1	614.5	415.8	2.44	4.58	0	1,493	15	4.88	5.5	18.0	0.0	0.0	49.83	0	1.2758	1.9102	575	577.23	1,022.50	
1877396	64	546.4	614.5	515.1	614.5	416.2	2.62	4.58	0	1,464	17	4.88	5.5	18.0	0.0	0.0	48.28	0	1.2758	1.9102	575	576.93	1,030.39	
1877978	64	545.4	615.5	515.8	616.2	416.5	2.44	4.58	0	1,498	19	3.50	5.5	18.0	0.0	0.0	43.88	0	1.2758	1.9102	575	576.53	1,017.97	
1878552	64	544.4	616.8	516.3	617.2	416.2	3.00	4.58	0	1,636	21	4.06	5.5	18.0	0.0	0.0	45.38	0	1.2758	1.9102	575	576.04	1,018.75	
1879086	64	543.5	617.8	517.3	618.2	416.2	3.31	4.58	0	1,778	23	4.62	5.5	18.0	0.0	0.0	45.89	0	1.2758	1.9102	575	575.55	1,031.09	
1879669	63	542.5	619.2	518.0	619.5	416.5	4.56	4.58	0	1,988	25	6.75	5.5	18.0	0.0	0.0	56.79	0	1.2758	1.9102	575	574.94	1,055.47	
1880212	63	541.6	620.5	518.5	620.5	416.2	3.12	4.58	0	1,509	27	7.56	5.5	18.0	0.0	0.0	61.05	0	1.2758	1.9102	570	574.44	1,033.44	
1880725	63	540.9	622.2	519.3	622.2	416.8	3.69	4.58	0	1,534	29	8.12	5.5	18.0	0.0	0.0	63.68	0	1.2758	1.9102	570	573.83	1,042.66	
1881294	63	540.0	623.5	520.3	623.8	416.8	3.50	4.58	0	1,595	32	7.31	5.5	18.0	0.0	0.0	53.32	0	1.2758	1.9102	570	573.04	1,060.39	
1881944	63	539.4	625.5	521.0	625.5	416.8	3.12	4.58	0	1,684	33	5.44	5.5	18.0	0.0	0.0	52.66	0	1.2758	1.9102	570	572.33	1,063.75	
1882452	62	539.0	627.2	522.2	627.5	417.2	3.00	4.58	0	1,346	35	6.25	5.5	18.0	0.0	0.0	60.30	0	1.2758	1.9102	570	571.54	1,094.45	
1882963	62	538.6	629.2	523.3	629.5	417.5	1.94	4.58	0	1,211	36	3.25	5.5	18.0	0.0	0.0	49.38	0	1.2758	1.9102	570	570.93	1,051.33	
1883493	62	538.4	630.8	524.1	630.8	417.5	2.44	4.58	0	1,294	37	3.81	5.5	18.0	0.0	0.0	56.58	0	1.2758	1.9102	570	570.34	1,029.53	
1884065	62	538.3	632.5	525.1	632.8	418.2	2.81	4.58	0	1,321	39	5.44	5.5	18.0	0.0	0.0	65.27	0	1.2758	1.9102	565	569.64	1,038.12	
1884595	62	538.5	634.5	526.0	634.5	418.2	2.81	4.58	0	1,369	40	7.31	5.5	18.0	0.0	0.0	44.86	0	1.2758	1.9102	565	569.03	1,012.34	
1885151	62	538.9	635.8	527.1	636.2	418.5	1.06	4.58	0	1,389	41	1.94	5.5	18.0	0.0	0.0	18.30	0	1.2758	1.9102	565	568.54	976.25	
1885668	62	539.3	637.5	527.8	637.2	418.8	1.06	4.58	0	1,379	41	0.81	5.5	18.0	0.0	0.0	12.09	0	1.2758	1.9102	565	568.14	959.45	
1886195	61	539.6	638.5	528.6	638.5	418.8	1.25	4.58	0	1,380	41	0.31	5.5	18.0	0.0	0.0	16.50	0	1.2758	1.9102	565	567.74	954.77	
1886733	62	539.9	639.8	529.1	639.8	419.2	0.69	4.58	0	1,215	41	0.56	5.5	18.0	0.0	0.0	17.41	0	1.2758	1.9102	565	567.44	953.36	
1887269	62	540.3	640.5	529.8	640.5	418.8	1.25	4.58	0	1,043	40	0.31	5.5	18.0	0.0	0.0	16.45	0	1.2758	1.9102	565	567.04	956.25	
1887789	62	540.6	641.2	530.2	641.2	419.2	1.25	4.58	0	1,041	40	0.00	5.5	18.0	0.0	0.0	16.97	0	1.2758	1.9102	565	566.73	955.16	
1888302	62	541.0	641.5	530.3	641.5	419.5	1.25	4.58	0	1,028	40	0.00	5.5	18.0	0.0	0.0	17.02	0	1.2758	1.9102	565	566.43	954.69	
1888814	62	541.3	641.5	530.5	641.5	419.5	1.25	4.58	0	1,017	40	0.56	5.5	18.0	0.0	0.0	17.60	0	1.2758	1.9102	565	566.24	948.05	
1889339	62	541.7	641.2	530.6	641.2	419.8	1.94	4.58	0	1,104	40	1.62	5.5	18.0	0.0	0.0	52.50	0	1.2758	1.9102	565	565.94	947.66	
1889858	63	542.2	641.2	530.3	641.2	419.8	2.62	4.58	0	1,079	41	4.06	5.5	18.0	0.0	0.0	67.48	0	1.2758	1.9102	565	565.54	993.52	
1890462	63	542.7	640.5	530.3	640.5	419.8	3.12	4.58	0	1,113	43	5.44	5.5	18.0	0.0	0.0	80.27	0	1.2758	1.9102	565	565.14	1,065.00	
1890987	63	543.4	640.2	530.0	640.5	419.5	3.50	4.58	0	1,191	44	8.38	5.5	18.0	0.0	0.0	86.81	0	1.2758	1.9102	560	564.74	1,122.66	
1891506	63	544.7	640.5	530.2	640.5	420.2	3.50	4.58	0	1,171	45	9.19	5.5	18.0	0.0	0.0	84.35	0	1.2758	1.9102	560	564.44	1,133.28	
1892022	62	545.9	640.5	530.6	640.5	420.2	4.00	4.58	0	1,265	46	10.25	5.5	18.0	0.0	0.0	94.69	0	1.2758	1.9102	560	564.13	1,206.72	
1892547	62	547.7	640.8	530.5	640.5	420.5	4.88	4.58	0	1,316	48	13.25	5.5	18.0	0.0	0.0	100.15	0	1.2758	1.9102	560	563.73	1,276.17	
1893076	62	549.6	641.5	531.1	641.5	420.5	5.25	4.58	0	1,288	49	14.31	5.5	18.0	0.0	0.0	102.42	0	1.2758	1.9102	560	563.55	1,313.36	
1893606	61	552.1	641.8	531.3	642.2	420.8	6.25	4.58	0	1,379	51	17.31	5.5	18.0	0.0	0.0	107.06	0	1.2758	1.9102	560	563.33	1,370.62	
1894147	61	555.2	642.8	531.8	643.2	421.2	6.81	4.58	0	1,395	53	19.19	5.5	18.0	0.0	0.0	109.73	0	1.2758	1.9102	560	563.33	1,426.56	
1894723	60	558.8	644.2	532.7	644.2	421.2	7.50	4.58	0	1,432	56	21.06	5.5	18.0	0.0	0.0	112.05	0	1.2758	1.9102	560	563.43	1,424.92	
1895304	60	563.5	645.5	533.3	645.8	421.8	6.94	4.58	0	1,464	57	20.81	5.5	18.0	0.0	0.0	102.63	0	1.2758	1.9180	560	563.85	1,355.39	
1895819	60	567.9	647.2	534.5	647.2	422.2	3.69	4.58	0	1,491	59	14.31	5.5	18.0	0.0	0.0	39.14	0	1.2758	1.9180	560	564.25	1,080.00	
1896384	59	571.8	648.8	535.8	649.5	422.2	1.06	4.58	0	1,531	59	1.62	5.5	18.0	0.0	0.0	15.63	0	1.2758	1.9180	560	564.74	990.08	
1896934	59	574.9	650.8	536.6	651.2	422.5	1.06	4.58	0	1,476	59	0.56	5.5	18.0	0.0	0.0	10.78	0	1.2758	1.9102	565	565.05	963.98	
1897506	59	577.3	652.8	537.8	653.2	422.8	0.38	4.58	0	1,480	59	0.81	5.5	18.0	0.0	0.0	17.27	0	1.2758	1.9102	565	565.44	957.89	
1898105	59	579.6	653.8	538.7	654.2	423.2	0.69	4.58	0	1,237	58	0.56	5.5	18.0	0.0	0.0	16.83	0	1.2758	1.9102	565	565.84	961.33	
1898754	59	581.8	654.8	539.0	654.8	423.2	0.69	4.58	0	1,246	58	0.56	5.5	18.0	0.0	0.0	28.27	0	1.2758	1.9102	565	566.33	947.97	
1899277	60	584.0	655.5	539.3	655.5	423.8	2.62	4.58	0	1,293	59	5.12	5.5	18.0	0.0	0.0	66.94	0	1.2758	1.9180	565	566.85	988.28	
1899827	60	586.8	655.8	539.6	655.8	423.5	3.50	4.58	0	1,267	59	8.94	5.5	18.0	0.0	0.0	87.52	0	1.2758	1.9102	565	567.44	1,115.55	
1900365	60	589.6	655.8	539.8	656.2	424.2	4.38	4.58	0	1,336	60	11.88	5.5	18.0	0.0	0.0	95.23	0	1.2758	1.9102	565	568.23	1,226.25	
1900880	60	592.8	656.5	540.2	656.5	424.2	7.31	4.58	0	1,613	61	19.44	5.5	18.0	0.0	0.0	109.38	0	1.2758	1.9023	565	569.15	1,383.59	
1901382	60	596.1	656.5	540.6	656.5	424.5	8.50	4.58	0	1,596	62	23.25	5.5	18.0	0.0	0.0	103.10	0	1.2758	1.9023	570	570.25	1,371.72	
1901893	60	599.8	657.2	540.8	657.2	424.8	8.50	4.58	0	1,644	64	21.88	5.5	18.0	0.0	0.0	103.03	0	1.2758	1.9023	570	571.54	1,405.31	
1902449	59	604.3	657.8	541.0	657.8	424.8	9.06	4.58	0	1,650	65	24.88	5.5	18.0	0.0	0.0	52.43	0	1.2758	1.9102	570	573.34	1,139.77	
1902977	59	608.0	658.8	541.8	658.8	424.8	1.75	4.58	0	1,787	65	2.44	5.5	18.0	0.0	0.0	17.60	0	1.2758	1.9102	570	574.54	1,013.05	
1903508	58	610.8	660.2	542.5	660.2	425.2	0.69	4.58	0	1,656	65	1.12	5.5	18.0	0.0	0.0	11.20	0	1.2758	1.9023	575	575.64	970.62	
1904092	58	613.4	661.2	543.1	661.2	425.8	1.06	4.58	0	1,647	64	0.81	5.5	18.0	0.0	0.0	16.57	0	1.2758	1.9180	575	576.74	960.31	
1904677	58	615.4	661.8	543.5	661.5	425.5	0.38	4.58	0	1,592	62	1.12	5.5	18.0	0.0	0.0	17.18	0	1.2758	1.9023	575	577.84	965.55	
1905201	59	617.4	662.5	544.0	662.2	425.5	0.38	4.58	0	1,544	59	1.38	5.5	18.0	0.0	0.0	17.30	0	1.2758	1.9023	575	578.73	964.53	
1905784	59	619.1	662.5	544.1	662.5	425.8	0.38	4.58	0	1,504	58	1.12	5.5	18.0	0.0	0.0	17.34	0	1.2758	1.9023	575	579.74	964.77	
1906347	59	620.9	662.5	544.1	662.5	425.8	0.38	4.58	0	1,485	58	1.12	5.5	18.0	0.0	0.0	17.27	0	1.2758	1.9023	580	580.63	964.84	
1906878	60	622.2	662.2	544.0	662.2	425.8	0.38	4.58	0	1,471	57	1.12	5.5	18.0	0.0	0.0	17.25	0	1.2758	1.9023	580	581.43	965.00	
1907505	60	623.6	661.8	543.6	661.8	425.8	0.38	4.58	0	1,457	57	1.12	5.5	18.0	0.0	0.0	17.30	0	1.2758	1.9023	580	582.34	964.38	
1908067	60	624.9	660.5	543.5	660.5	425.8	0.56	4.58	0	1,433	56	1.12	5.5	18.0	0.0	0.0	17.58	0	1.2758	1.9023	580	583.14	964.14	
1908600	60	626.3	659.8	543.0	659.8	425.8	0.38	4.58	0	1,429	55	1.12	5.5	17.6	0.0	0.0	17.53	0	1.2758	1.8937	580	583.84	964.14	
1909160	61	627.3	658.8	542.5	659.2	425.8	0.56	4.58	0	1,411	55	1.12	5.5	18.0	0.0	0.0	17.72	0	1.2758	1.9094	580	584.64	963.75	
1909698	61	628.3	658.2	541.8	658.2	425.8	0.38	4.58	0	1,396	54	1.12	5.5	18.0	0.0	0.0	19.57	0	1.2758	1.9094	585	585.34	963.98	
1910211	61	629.2	656.8	541.3	656.8	425.8	1.44	4.58	0	1,389	54	1.38	5.5	17.6	0.0	0.0	37.76	0	1.2758	1.9016	585	586.05	951.95	
1910804	62	630.3	655.8	540.5	655.8	425.8	2.81	4.58	0	1,452	55	5.94	5.5	17.6	0.0	0.0	61.20	0	1.2758	1.8930	585	587.03	997.50	
1911247	62	631.0	654.5	540.1	654.8	425.5	3.31	4.58	0	1,461	55	6.75	5.5	18.0	0.0	0.0	66.09	0	1.2758	1.9086	585	587.85	1,047.11	
1911829	62	631.9	653.8	539.6	653.5	425.2	3.81	4.58	0	1,473	56	9.19	5.5	18.0	0.0	0.0	73.01	0	1.2758	1.9008	585	589.14	1,106.48	
1912409	61	632.9	652.8	539.2	652.8	425.2	4.00	4.58	0	1,486	57	10.25	5.5	17.6	0.0	0.0	74.60	0	1.2758	1.9008	590	590.43	1,131.41	
1912931	61	634.0	652.5	539.0	652.2	425.2	4.19	4.58	0	1,554	58	11.06	5.5	17.6	0.0	0.0	69.96	0	1.2758	1.9008	590	591.74	1,086.17	
1913457	60	635.1	652.2	538.5	652.2	425.2	1.44	4.58	0	1,530	59	3.00	5.5	17.6	0.0	0.0	20.84	0	1.2758	1.9008	590	593.03	1,007.50	
1914003	60	635.8	652.2	538.5	652.2	424.8	0.69	4.58	0	1,500	59	1.12	5.5	17.6	0.0	0.0	12.14	0	1.2758	1.8922	590	593.85	967.97	
1914555	60	636.3	651.8	538.5	652.2	424.8	1.25	4.58	0	1,477	57	0.31	5.5	17.6	0.0	0.0	16.15	0	1.2758	1.8922	590	594.83	958.67	
1915080	60	636.8	651.8	538.3	651.8	424.5	0.56	4.58	0	1,431	56	1.12	5.5	17.6	0.0	0.0	17.74	0	1.2758	1.8836	595	595.63	956.33	
1915634	60	637.3	652.2	538.3	652.2	424.8	0.56	4.58	0	1,388	53	0.81	5.5	17.6	0.0	0.0	17.18	0	1.2758	1.9000	595	596.43	961.95	
1916271	60	637.7	651.5	538.0	651.8	424.5	0.69	4.58	0	1,313	50	0.81	5.5	17.6	0.0	0.0	17.65	0	1.2758	1.9000	595	597.44	961.88	
1916795	60	638.2	650.8	537.3	650.8	423.8	0.88	4.58	0	1,214	47	0.56	5.5	17.6	0.0	0.0	17.67	0	1.2758	1.9000	595	598.14	960.62	
1917297	61	638.6	650.5	537.1	649.8	423.8	0.88	4.58	0	1,207	47	0.56	5.5	17.6	0.0	0.0	17.84	0	1.2758	1.9000	595	598.75	960.31	
1917839	61	639.0	649.5	536.8	649.2	423.5	0.88	4.58	0	1,177	45	0.56	5.5	17.6	0.0	0.0	17.41	0	1.2758	1.9000	595	599.43	959.14	
1918359	61	639.3	648.5	536.0	648.5	423.5	1.06	4.58	0	1,125	44	0.31	5.5	17.6	0.0	0.0	17.30	0	1.2758	1.9000	600	600.13	958.67	
1918919	61	639.6	647.8	535.5	647.8	422.8	1.06	4.58	0	1,088	41	0.81	5.5	17.6	0.0	0.0	15.12	0	1.2758	1.9000	600	600.74	956.56	
1919441	61	639.9	646.5	535.0	646.5	422.8	0.00	4.58	0	1,361	40	0.00	5.5	17.6	0.0	0.0	15.91	0	1.2758	1.9000	600	601.23	955.39	
1919962	62	640.1	645.2	533.8	645.2	422.8	0.56	4.58	0	1,296	39	0.81	5.5	17.6	0.0	0.0	19.17	0	1.2758	1.9000	600	601.94	957.34	
1920500	62	640.4	644.5	533.5	644.2	422.5	1.25	4.58	0	1,365	39	1.12	5.5	17.6	0.0	0.0	45.84	0	1.2758	1.9000	600	602.55	945.31	
1921033	62	640.6	643.2	532.8	643.2	422.2	3.50	4.58	0	1,485	40	6.50	5.5	17.6	0.0	0.0	75.94	0	1.2758	1.9000	600	603.25	1,000.47	
1921598	62	640.6	641.8	531.6	641.8	421.8	4.69	4.58	0	1,431	41	12.44	5.5	17.6	0.0	0.0	95.41	0	1.2758	1.9000	600	604.23	1,191.41	
1922140	62	640.7	640.8	531.5	640.8	421.5	6.25	4.58	0	1,482	43	17.81	5.5	17.6	0.0	0.0	109.29	0	1.2758	1.8836	605	605.24	1,370.78	
1922663	61	640.9	640.2	531.0	640.2	421.2	8.19	4.58	0	1,549	45	23.50	5.5	17.6	0.0	0.0	109.27	0	1.2758	1.8836	605	606.44	1,391.17	
1923234	61	641.4	640.2	530.8	640.2	421.2	7.81	4.58	0	1,581	47	22.19	5.5	17.6	0.0	0.0	103.83	0	1.2758	1.8922	605	607.63	1,418.20	
1923776	60	642.3	640.2	530.5	640.2	420.5	9.38	4.58	0	1,678	49	24.06	5.5	17.3	0.0	0.0	108.28	0	1.2758	1.8766	605	609.04	1,477.89	
1924442	59	643.6	641.2	530.6	641.2	420.5	10.44	4.58	0	1,736	51	26.50	5.5	17.6	0.0	0.0	85.27	0	1.2758	1.8852	610	610.54	1,150.78	
1924960	59	644.9	641.5	530.8	641.5	420.2	2.44	4.58	0	1,819	52	2.75	5.5	17.6	0.0	0.0	20.55	0	1.2758	1.8930	610	611.85	1,019.84	
1925474	58	645.9	643.5	532.0	643.8	420.5	1.06	4.58	0	1,720	51	1.12	5.5	17.6	0.0	0.0	11.13	0	1.2758	1.8852	610	612.65	972.50	
1925982	58	646.6	644.8	532.6	645.2	420.2	2.25	4.58	0	1,656	50	0.81	5.5	17.6	0.0	0.0	17.23	0	1.2758	1.8852	610	613.44	962.03	
1926544	58	647.3	646.2	533.2	646.5	419.8	0.56	4.58	0	1,313	49	0.81	5.5	17.6	0.0	0.0	17.23	0	1.2758	1.8852	610	614.24	957.50	
1927077	58	647.8	647.8	533.8	647.8	419.5	0.88	4.58	0	1,258	48	0.56	5.5	17.6	0.0	0.0	17.20	0	1.2758	1.8852	615	615.04	961.72	
1927585	59	648.4	648.5	533.8	648.5	419.5	1.06	4.58	0	1,277	48	0.56	5.5	17.6	0.0	0.0	42.12	0	1.2758	1.8852	615	615.83	948.75	
1928168	59	649.0	648.8	534.3	649.2	419.2	2.62	4.58	0	1,156	48	4.31	5.5	17.6	0.0	0.0	69.21	0	1.2758	1.8852	615	616.84	994.14	
1928735	59	649.6	649.5	534.2	649.2	419.2	2.81	4.58	0	1,107	48	4.88	5.5	17.6	0.0	0.0	79.69	0	1.2758	1.8852	615	617.73	1,052.89	
1929274	59	650.2	649.8	534.5	649.8	419.2	3.81	4.58	0	1,256	48	9.75	5.5	17.6	0.0	0.0	91.64	0	1.2758	1.9008	615	618.93	1,174.69	
1929793	59	650.9	650.2	534.3	650.2	418.5	4.38	4.58	0	1,268	49	11.06	5.5	17.6	0.0	0.0	96.38	0	1.2758	1.8922	620	619.94	1,224.61	
1930312	59	651.8	650.5	534.5	650.5	418.5	2.62	4.58	0	1,286	49	6.50	5.5	17.6	0.0	0.0	43.29	0	1.2758	1.8922	620	620.85	1,063.59	
1930855	58	652.5	651.5	535.0	651.2	418.8	1.06	4.58	0	1,241	49	1.12	5.5	17.6	0.0	0.0	17.51	0	1.2758	1.8836	620	621.74	986.56	
1931380	58	653.0	651.8	535.3	651.8	418.2	1.94	4.58	0	1,200	48	0.31	5.5	17.6	0.0	0.0	12.12	0	1.2758	1.8836	620	622.35	963.12	
1931979	58	653.4	653.2	535.7	653.2	418.5	0.88	4.58	0	1,230	47	0.56	5.5	17.6	0.0	0.0	16.55	0	1.2758	1.8836	620	623.03	955.86	
1932530	58	653.8	653.8	535.6	653.8	417.8	0.88	4.58	0	1,195	46	0.56	5.5	17.6	0.0	0.0	17.34	0	1.2758	1.8836	620	623.64	959.30	
1933065	58	654.1	653.8	535.8	653.8	417.8	3.00	4.58	0	1,190	46	0.81	5.5	17.6	0.0	0.0	16.99	0	1.2758	1.8836	620	624.34	948.36	
1933580	59	654.4	654.2	535.8	654.2	417.8	2.25	4.58	0	1,290	46	3.81	5.5	17.6	0.0	0.0	61.95	0	1.2758	1.8836	625	625.14	969.30	
1934129	59	654.8	654.5	535.7	654.5	417.5	2.81	4.58	0	1,222	47	5.44	5.5	17.6	0.0	0.0	76.52	0	1.2758	1.8836	625	625.84	1,036.09	
1934661	59	655.0	653.8	535.7	654.5	417.5	3.69	4.58	0	1,267	48	9.75	5.5	17.6	0.0	0.0	89.67	0	1.2758	1.8836	625	626.85	1,153.36	
1935175	59	655.4	653.8	535.3	654.2	416.5	4.69	4.58	0	1,315	50	12.44	5.5	17.6	0.0	0.0	98.58	0	1.2758	1.8836	625	627.65	1,237.89	
1935759	59	656.0	654.5	535.6	654.8	416.5	5.56	4.58	0	1,399	51	15.69	5.5	17.6	0.0	0.0	102.87	0	1.2758	1.8836	625	628.63	1,265.62	
1936337	58	656.8	655.2	535.8	655.2	416.5	4.00	4.58	0	1,347	53	13.50	5.5	17.6	0.0	0.0	46.03	0	1.2758	1.8836	625	629.43	1,082.97	
1936849	58	657.5	655.8	536.2	656.2	416.5	1.06	4.58	0	1,378	54	1.94	5.5	17.6	0.0	0.0	17.25	0	1.2758	1.8836	630	630.25	994.61	
1937378	57	657.9	657.2	536.7	657.5	416.5	0.88	4.58	0	1,363	54	0.56	5.5	17.6	0.0	0.0	11.84	0	1.2758	1.9000	630	630.74	965.39	
1937911	57	658.2	658.5	537.3	658.5	416.2	0.88	4.58	0	1,269	54	0.56	5.5	17.6	0.0	0.0	16.76	0	1.2758	1.8914	630	631.35	957.97	
1938430	58	658.5	659.5	537.7	659.5	415.8	1.06	4.58	0	1,137	54	0.31	5.5	17.6	0.0	0.0	16.57	0	1.2758	1.8914	630	631.84	954.53	
1938951	58	658.9	660.5	537.6	660.5	415.5	0.88	4.58	0	1,138	54	0.56	5.5	17.6	0.0	0.0	16.64	0	1.2758	1.8914	630	632.43	957.97	
1939492	58	659.2	660.5	538.1	660.5	415.5	1.06	4.58	0	1,126	54	0.31	5.5	17.6	0.0	0.0	16.80	0	1.2758	1.8828	630	632.94	957.34	
1940002	58	659.4	660.8	537.8	660.8	415.5	1.06	4.58	0	1,129	54	0.31	5.5	17.6	0.0	0.0	16.57	0	1.2758	1.8828	630	633.34	957.03	
1940533	58	659.7	660.5	538.0	660.5	415.2	1.06	4.58	0	1,128	54	0.56	5.5	17.6	0.0	0.0	16.55	0	1.2758	1.8828	630	633.83	956.48	
1941048	59	660.0	660.5	537.6	660.5	414.5	1.06	4.58	0	1,124	54	0.56	5.5	17.6	0.0	0.0	16.80	0	1.2758	1.8828	630	634.35	956.48	
1941672	59	660.3	659.8	537.1	659.8	414.2	0.88	4.58	0	1,125	54	0.31	5.5	17.3	0.0	0.0	16.85	0	1.2758	1.8750	630	634.84	956.41	
1942249	59	660.5	659.2	536.7	659.2	414.2	1.06	4.58	0	1,127	54	0.31	5.5	17.6	0.0	0.0	16.95	0	1.2758	1.8906	635	635.33	956.80	
1942768	59	660.8	658.5	536.0	658.2	413.5	1.06	4.58	0	1,123	54	0.56	5.5	17.3	0.0	0.0	16.97	0	1.2758	1.8820	635	635.73	956.48	
1943347	60	661.0	657.2	535.3	657.5	413.2	1.06	4.58	0	1,123	54	0.31	5.5	17.3	0.0	0.0	17.06	0	1.2758	1.8820	635	636.13	956.64	
1943882	60	661.2	656.5	534.6	656.5	412.8	1.06	4.58	0	1,127	54	0.31	5.5	17.3	0.0	0.0	16.92	0	1.2758	1.8734	635	636.53	956.95	
1944399	60	661.4	655.5	534.1	655.5	412.5	1.06	4.58	0	1,112	52	0.56	5.5	17.3	0.0	0.0	17.20	0	1.2758	1.8734	635	636.93	956.88	
1944957	60	661.6	654.5	533.5	654.5	412.2	1.06	4.58	0	1,072	51	0.31	5.5	17.3	0.0	0.0	17.25	0	1.2758	1.8813	635	637.23	955.86	
1945488	60	661.8	653.5	532.6	653.2	411.5	1.06	4.58	0	1,288	49	0.31	5.5	17.3	0.0	0.0	14.11	0	1.2758	1.8813	635	637.63	954.14	
1946039	60	661.9	652.5	532.0	652.2	411.5	0.88	4.58	0	1,196	47	0.31	5.5	17.3	0.0	0.0	17.23	0	1.2758	1.8813	635	637.94	956.25	
1946624	61	662.0	651.2	530.8	650.8	410.8	1.06	4.58	0	1,158	44	0.56	5.5	17.3	0.0	0.0	17.41	0	1.2758	1.8813	635	638.24	956.80	
1947186	61	662.2	649.5	530.1	649.5	410.5	1.25	4.58	0	1,084	41	0.31	5.5	17.3	0.0	0.0	17.95	0	1.2758	1.8813	635	638.55	956.17	
1947692	61	662.3	648.2	529.2	648.2	409.8	1.25	4.58	0	1,331	40	0.56	5.5	17.3	0.0	0.0	11.13	0	1.2758	1.8813	635	638.85	953.67	
1948285	61	662.4	647.2	528.5	647.5	409.5	0.69	4.58	0	1,295	40	0.56	5.5	17.3	0.0	0.0	17.53	0	1.2758	1.8813	635	639.13	956.95	
1948843	61	662.5	645.8	527.7	645.8	409.2	0.69	4.58	0	1,335	39	0.81	5.5	17.3	0.0	0.0	18.35	0	1.2758	1.8813	635	639.44	959.30	
1949365	62	662.7	644.5	526.5	644.2	408.5	0.69	4.58	0	1,287	38	0.56	5.5	17.3	0.0	0.0	18.33	0	1.2758	1.8813	635	639.74	959.84	
1949966	62	662.8	643.5	525.8	643.5	408.2	0.88	4.58	0	1,229	36	0.56	5.5	17.3	0.0	0.0	18.09	0	1.2758	1.8813	640	639.93	960.00	
1950489	62	662.9	642.2	525.1	642.2	407.8	1.06	4.58	0	1,191	35	0.31	5.5	17.3	0.0	0.0	18.40	0	1.2758	1.8813	640	640.14	959.92	
1951074	62	663.1	640.8	524.0	640.5	407.2	1.06	4.58	0	1,240	32	0.56	5.5	17.3	0.0	0.0	18.28	0	1.2758	1.8813	640	640.44	959.77	
1951597	62	663.2	639.8	523.3	639.2	406.5	0.69	4.58	0	1,303	30	0.81	5.5	17.3	0.0	0.0	18.49	0	1.2758	1.8813	640	640.63	960.70	
1952132	62	663.4	638.5	522.5	638.5	406.5	0.56	4.58	0	1,377	27	0.81	5.5	17.3	0.0	0.0	18.94	0	1.2758	1.8813	640	640.75	961.88	
1952644	62	663.5	637.5	521.8	636.8	405.8	0.88	4.58	0	1,289	25	0.81	5.5	17.3	0.0	0.0	18.49	0	1.2758	1.8813	640	640.94	961.56	
1953226	63	663.6	636.2	520.8	636.2	405.2	1.06	4.58	0	1,167	23	0.56	5.5	17.3	0.0	0.0	18.12	0	1.2758	1.8813	640	641.15	959.84	
1953725	63	663.7	635.2	520.3	634.8	405.2	1.25	4.58	0	1,050	21	0.31	5.5	17.3	0.0	0.0	20.53	0	1.2758	1.8813	640	641.24	957.89	
1954305	63	663.8	634.2	519.3	634.2	404.5	1.44	4.58	0	905	19	0.31	5.5	17.3	0.0	0.0	15.96	0	1.2758	1.8813	640	641.33	953.20	
1954834	63	663.8	633.2	518.3	633.2	403.8	1.44	4.58	0	932	17	0.31	5.5	17.3	0.0	0.0	15.94	0	1.2758	1.8813	640	641.55	950.62	
1955347	63	663.8	631.8	517.6	631.8	403.2	1.44	4.58	0	919	15	0.31	5.5	17.3	0.0	0.0	17.74	0	1.2758	1.8813	640	641.64	948.36	
1955890	63	663.8	631.2	517.3	630.5	403.2	1.44	4.58	0	947	13	0.31	5.5	17.3	0.0	0.0	18.02	0	1.2758	1.8813	640	641.73	947.89	
1956435	63	663.7	629.8	516.3	629.5	402.5	1.44	4.58	0	943	11	0.31	5.5	17.3	0.0	0.0	17.81	0	1.2758	1.8813	640	641.85	946.80	
1956943	63	663.6	629.2	515.5	628.8	401.8	1.44	4.58	0	889	10	0.31	5.5	17.3	0.0	0.0	20.84	0	1.2758	1.8813	640	641.94	946.33	
1957465	63	663.4	628.2	514.8	628.2	401.5	1.44	4.58	0	952	7	0.56	5.5	17.3	0.0	0.0	19.20	0	1.2758	1.8813	640	642.04	947.27	
1958056	63	663.2	627.2	514.5	626.8	401.2	1.44	4.58	0	891	4	0.31	5.5	17.3	0.0	0.0	17.70	0	1.2758	1.8813	640	642.13	946.09	
1958706	63	663.0	625.8	513.5	625.8	400.5	1.56	4.58	0	834	2	0.31	5.5	17.3	0.0	0.0	21.49	0	1.2758	1.8813	640	642.25	945.94	
1959184	63	662.7	624.8	512.3	624.8	399.8	1.44	4.58	0	854	0	0.31	5.5	17.3	0.0	0.0	21.16	0	1.2758	1.8813	640	642.34	946.33	
1959754	63	662.4	624.2	512.0	624.2	399.5	1.44	4.58	0	828	0	0.31	5.5	17.3	0.0	0.0	22.41	0	1.2758	1.8813	640	642.44	945.94	
1960359	63	662.1	623.5	511.3	623.5	399.2	1.56	4.58	0	849	0	0.56	5.5	17.3	0.0	0.0	21.77	0	1.2758	1.8813	640	642.53	946.48	
1960936	63	661.7	622.5	510.5	622.5	398.5	1.44	4.58	0	853	0	0.31	5.5	17.3	0.0	0.0	20.53	0	1.2758	1.8813	640	642.65	946.09	
1961464	63	661.3	621.8	510.2	622.2	397.8	1.44	4.58	0	836	0	0.31	5.5	17.3	0.0	0.0	21.07	0	1.2758	1.8813	640	642.74	945.78	
1961993	63	660.9	621.2	509.5	621.2	397.5	1.44	4.58	0	830	0	0.31	5.5	17.3	0.0	0.0	21.12	0	1.2758	1.8813	640	642.83	945.94	
1962537	63	660.6	620.8	508.8	621.2	397.2	1.44	4.58	0	822	0	0.31	5.5	17.3	0.0	0.0	21.75	0	1.2758	1.8813	640	642.93	945.78	
1963104	63	660.1	620.2	508.6	620.2	396.8	1.44	4.58	0	815	0	0.31	5.5	17.3	0.0	0.0	21.87	0	1.2758	1.8813	640	643.05	946.33	
1963648	63	659.7	619.8	507.8	619.8	395.8	1.44	4.58	0	819	0	0.56	5.5	17.3	0.0	0.0	21.40	0	1.2758	1.8813	640	643.14	945.70	
1964206	63	659.2	619.2	507.2	618.8	394.8	1.44	4.58	0	821	0	0.31	5.5	17.3	0.0	0.0	21.56	0	1.2758	1.8813	640	643.14	945.62	
1964719	64	658.8	618.8	507.3	618.8	394.8	1.44	4.58	0	817	0	0.31	5.5	17.3	0.0	0.0	21.59	0	1.2758	1.8813	640	643.23	945.78	
1965313	64	658.3	618.2	506.5	618.5	394.5	1.44	4.58	0	809	0	0.31	5.5	17.3	0.0	0.0	21.42	0	1.2758	1.8813	640	643.35	945.86	
1965848	64	657.8	617.8	506.3	617.8	394.2	1.44	4.58	0	812	0	0.31	5.5	17.3	0.0	0.0	21.49	0	1.2758	1.8813	640	643.35	945.62	
1966378	64	657.3	617.8	505.6	617.5	393.8	1.44	4.58	0	800	0	0.56	5.5	17.3	0.0	0.0	21.66	0	1.2758	1.8813	640	643.44	945.70	
1966949	64	656.8	617.5	505.5	617.2	393.2	1.44	4.58	0	796	0	0.31	5.5	17.3	0.0	0.0	21.61	0	1.2758	1.8813	640	643.54	945.23	
1967597	64	656.3	617.5	505.0	616.8	392.5	1.44	4.58	0	804	0	0.31	5.5	17.3	0.0	0.0	21.94	0	1.2758	1.8813	640	643.54	945.23	
1968130	64	655.8	617.2	504.5	616.8	392.2	1.44	4.58	0	791	0	0.31	5.5	17.3	0.0	0.0	25.10	0	1.2758	1.8813	640	643.63	944.84	
1968641	64	655.1	616.2	504.0	616.5	391.8	1.44	4.58	0	775	0	0.56	5.5	17.3	0.0	0.0	28.01	0	1.2758	1.8813	640	643.63	946.41	
1969203	64	654.5	615.8	503.7	615.8	391.5	1.56	4.58	0	806	0	0.56	5.5	17.3	0.0	0.0	37.59	0	1.2758	1.8813	640	643.75	946.17	
1969731	64	653.9	616.2	503.7	616.2	391.2	1.56	4.58	0	947	1	1.38	5.5	17.3	0.0	0.0	32.23	0	1.2758	1.8813	640	643.84	950.62	
1970316	64	653.2	615.8	503.0	615.5	390.5	1.56	4.58	0	936	3	1.12	5.5	17.3	0.0	0.0	32.46	0	1.2758	1.8813	640	643.94	952.66	
1970886	64	652.4	615.5	503.0	615.8	390.2	1.44	4.58	0	876	4	1.12	5.5	17.3	0.0	0.0	30.56	0	1.2758	1.8813	640	643.94	953.91	
1971467	64	651.5	615.8	502.8	615.5	389.8	1.56	4.58	0	935	4	0.81	5.5	17.3	0.0	0.0	25.27	1	1.2758	1.8813	640	644.03	953.44	
1972038	64	650.7	615.8	502.6	615.8	389.2	1.44	4.58	0	935	4	0.56	5.5	17.3	0.0	0.0	20.65	1	1.2758	1.8813	640	644.15	952.11	
1972600	63	649.9	615.5	502.3	615.8	389.2	1.44	4.58	0	827	3	0.56	5.5	17.3	0.0	0.0	22.73	1	1.2758	1.8813	640	644.24	949.77	
1973188	63	649.2	616.5	502.5	616.5	388.8	1.44	4.58	0	778	1	0.56	5.5	17.3	0.0	0.0	22.78	1	1.2758	1.8813	640	644.24	948.12	
1973785	63	648.4	616.5	502.2	616.5	388.2	1.44	4.58	0	831	0	0.56	5.5	17.3	0.0	0.0	22.12	1	1.2758	1.8813	640	644.33	947.34	
1974362	63	647.6	616.2	502.5	616.2	387.8	1.44	4.58	0	846	0	0.56	5.5	17.3	0.0	0.0	20.70	1	1.2758	1.8813	640	644.33	947.27	
1974920	63	646.9	616.2	501.8	616.5	387.5	1.44	4.58	0	830	0	0.56	5.5	17.3	0.0	0.0	21.19	1	1.2758	1.8813	640	644.33	946.64	
1975444	63	646.2	616.5	502.0	616.5	387.5	1.44	4.58	0	825	0	0.56	5.5	17.3	0.0	0.0	21.52	1	1.2758	1.8813	640	644.43	945.62	
1976058	64	645.5	616.5	501.8	616.5	387.2	1.44	4.58	0	790	0	0.56	5.5	17.3	0.0	0.0	28.64	1	1.2758	1.8813	640	644.43	946.33	
1976584	64	644.8	616.8	501.8	616.5	387.2	1.44	4.58	0	819	0	0.81	5.5	17.3	0.0	0.0	27.77	1	1.2758	1.8813	640	644.43	947.58	
1977110	64	643.9	616.8	501.3	616.8	386.5	1.44	4.58	0	830	0	0.81	5.5	17.3	0.0	0.0	26.39	1	1.2758	1.8813	640	644.43	948.20	
1977632	64	643.2	616.5	501.3	616.2	386.2	1.44	4.58	0	819	0	0.81	5.5	17.3	0.0	0.0	26.67	1	1.2758	1.8813	640	644.43	948.36	
1978205	64	642.5	616.5	501.5	616.8	385.8	1.44	4.58	0	813	0	0.56	5.5	17.3	0.0	0.0	24.98	1	1.2758	1.8813	640	644.43	948.75	
1978722	64	641.7	616.8	501.1	616.5	385.8	1.44	4.58	0	820	0	0.56	5.5	17.3	0.0	0.0	23.46	1	1.2758	1.8813	640	644.43	948.28	
1979245	64	641.0	616.2	500.8	616.5	385.5	1.44	4.58	0	818	0	0.56	5.5	17.3	0.0	0.0	22.34	1	1.2758	1.8813	640	644.43	948.05	
1979848	63	640.2	616.5	501.0	615.8	385.5	1.44	4.58	0	819	0	0.56	5.5	17.3	0.0	0.0	33.68	1	1.2758	1.8813	640	644.43	943.67	
1980392	64	639.3	616.2	500.6	616.2	385.2	1.94	4.58	0	1,060	1	1.62	5.5	17.3	0.0	0.0	34.80	1	1.2758	1.8813	640	644.43	951.25	
1980899	64	638.5	616.5	500.6	616.2	384.5	1.56	4.58	0	1,006	3	0.81	5.5	17.3	0.0	0.0	39.16	1	1.2758	1.8813	640	644.43	951.33	
1981425	64	637.6	616.2	500.3	616.2	385.2	1.75	4.58	0	1,139	5	1.62	5.5	17.3	0.0	0.0	36.82	1	1.2758	1.8813	640	644.43	956.25	
1981959	64	636.5	616.5	500.5	617.2	384.5	1.75	4.58	0	1,158	8	1.38	5.5	17.3	0.0	0.0	36.05	1	1.2758	1.8813	640	644.33	957.11	
1982490	63	635.4	617.2	500.7	617.2	384.2	1.94	4.58	0	1,260	10	1.62	5.5	17.3	0.0	0.0	39.87	1	1.2758	1.8813	640	644.33	959.84	
1983015	63	634.1	617.2	501.0	617.5	384.2	2.12	4.58	0	1,447	11	3.00	5.5	17.3	0.0	0.0	41.62	1	1.2758	1.8813	640	644.24	969.61	
1983541	63	632.7	618.5	501.0	618.5	383.8	2.12	4.58	0	1,462	13	4.06	5.5	17.3	0.0	0.0	46.55	1	1.2758	1.8813	640	644.15	990.31	
1984096	63	631.1	619.2	501.5	619.5	384.2	2.25	4.58	0	1,396	16	3.81	5.5	17.3	0.0	0.0	45.66	1	1.2758	1.8813	640	643.94	1,001.64	
1984749	63	629.2	620.8	502.1	620.5	383.8	2.12	4.58	0	1,438	18	3.50	5.5	17.3	0.0	0.0	41.65	1	1.2758	1.8813	640	643.75	1,003.52	
1985303	62	627.4	622.2	503.0	621.8	384.2	1.94	4.58	0	1,565	20	2.44	5.5	17.3	0.0	0.0	26.41	1	1.2758	1.8813	640	643.54	980.86	
1985832	62	625.7	623.5	503.6	623.5	383.5	0.00	4.58	0	1,482	21	1.62	5.5	17.3	0.0	0.0	13.90	1	1.2758	1.8813	640	643.35	964.06	
1986378	62	624.3	625.5	504.6	625.5	383.8	0.69	4.58	0	1,574	21	1.38	5.5	17.3	0.0	0.0	11.84	1	1.2758	1.8813	640	643.14	955.55	
1986894	62	623.1	626.8	505.3	627.2	383.8	0.00	4.58	0	1,524	20	0.81	5.5	17.3	0.0	0.0	17.39	1	1.2758	1.8813	640	643.05	953.91	
1987419	62	622.1	628.2	506.0	628.5	384.2	4.19	4.58	0	1,549	20	1.38	5.5	17.3	0.0	0.0	12.66	1	1.2758	1.8813	640	642.83	952.03	
1987985	62	621.0	629.5	506.5	629.5	384.2	1.25	4.58	0	1,550	20	1.62	5.5	17.3	0.0	0.0	18.80	1	1.2758	1.8813	640	642.65	952.42	
1988523	62	619.9	630.2	507.3	630.2	383.8	1.56	4.58	0	1,608	21	1.62	5.5	17.3	0.0	0.0	26.74	1	1.2758	1.8813	640	642.34	951.09	
1989136	62	618.7	631.5	507.6	631.2	384.2	2.12	4.58	0	1,694	22	2.44	5.5	17.3	0.0	0.0	20.09	1	1.2758	1.8813	640	642.04	956.33	
1989692	62	617.5	632.2	508.0	632.2	384.2	0.69	4.58	0	1,733	22	1.38	5.5	17.3	0.0	0.0	11.93	1	1.2758	1.8813	640	641.73	952.66	
1990272	62	616.4	632.8	508.5	632.8	384.2	1.25	4.58	0	1,744	22	1.62	5.5	17.3	0.0	0.0	18.96	1	1.2758	1.8813	640	641.43	947.50	
1990833	62	615.3	633.5	508.8	633.5	384.2	1.94	4.58	0	1,781	23	1.94	5.5	17.3	0.0	0.0	29.20	1	1.2758	1.8813	640	641.15	953.05	
1991413	62	613.9	634.2	509.1	634.2	384.5	2.25	4.58	0	1,881	24	2.75	5.5	17.3	0.0	0.0	33.77	1	1.2758	1.8813	640	640.75	966.95	
1991937	62	612.6	634.8	509.6	635.2	384.2	2.12	4.58	0	1,984	26	2.75	5.5	17.3	0.0	0.0	25.48	1	1.2758	1.8813	640	640.35	968.59	
1992510	62	611.3	635.5	509.8	635.5	384.5	-3.56	4.58	0	1,528	26	0.56	5.5	17.3	0.0	0.0	15.30	1	1.2758	1.8813	635	639.83	957.73	
1993071	62	610.1	637.2	510.6	637.2	384.5	0.88	4.58	0	1,205	27	0.56	5.5	17.3	0.0	0.0	12.21	1	1.2758	1.8813	635	639.44	951.56	
1993697	62	609.1	638.2	511.3	638.2	384.5	1.25	4.58	0	1,247	26	0.56	5.5	17.3	0.0	0.0	10.92	1	1.2758	1.8813	635	639.04	948.36	
1994266	62	608.2	638.8	511.6	639.2	384.8	0.69	4.58	0	1,259	26	0.81	5.5	17.3	0.0	0.0	17.58	1	1.2758	1.8813	635	638.73	950.70	
1994800	62	607.4	639.5	512.5	639.8	384.8	0.69	4.58	0	1,244	25	0.56	5.5	17.3	0.0	0.0	18.09	1	1.2758	1.8813	635	638.43	955.94	
1995358	62	606.6	640.5	512.7	640.5	385.2	0.69	4.58	0	1,229	24	0.56	5.5	17.3	0.0	0.0	17.91	1	1.2758	1.8813	635	638.03	957.42	
1995877	62	606.1	640.8	512.8	640.2	385.5	0.88	4.58	0	1,197	24	0.56	5.5	17.3	0.0	0.0	17.79	1	1.2758	1.8813	635	637.84	958.52	
1996472	62	605.6	640.2	512.8	640.2	385.2	1.06	4.58	0	1,168	24	0.56	5.5	17.3	0.0	0.0	17.93	1	1.2758	1.8813	635	637.44	958.05	
1996997	62	605.2	640.2	512.6	639.8	385.5	1.06	4.58	0	1,159	23	0.56	5.5	17.3	0.0	0.0	17.65	1	1.2758	1.8813	635	637.23	958.75	
1997558	62	604.9	639.5	512.5	639.8	385.5	1.06	4.58	0	1,128	23	0.56	5.5	17.3	0.0	0.0	17.84	1	1.2758	1.8813	635	636.93	957.89	
1998102	63	604.6	638.8	512.5	638.8	385.5	1.25	4.58	0	1,052	21	0.31	5.5	17.3	0.0	0.0	19.95	1	1.2758	1.8813	635	636.65	956.48	
1998631	63	604.3	638.5	511.8	638.5	385.2	1.44	4.58	0	860	20	0.31	5.5	17.3	0.0	0.0	20.06	1	1.2758	1.8813	635	636.34	952.03	
1999224	63	604.0	637.5	511.5	637.5	385.5	1.44	4.58	0	989	19	0.56	5.5	17.3	0.0	0.0	16.29	1	1.2758	1.8813	635	636.04	950.39	
1999798	63	603.6	637.2	511.3	636.8	386.2	1.44	4.58	0	949	19	0.31	5.5	17.3	0.0	0.0	16.29	1	1.2758	1.8813	635	635.73	948.67	
2000317	63	603.2	636.2	511.0	636.2	385.5	1.44	4.58	0	965	19	0.31	5.5	17.3	0.0	0.0	17.91	1	1.2758	1.8813	635	635.43	947.42	
2000838	63	602.9	635.5	510.5	635.5	385.5	1.44	4.58	0	970	19	0.31	5.5	17.3	0.0	0.0	17.41	1	1.2758	1.8813	635	635.15	947.34	
2001352	63	602.5	634.5	510.0	634.5	385.5	1.25	4.58	0	972	19	0.56	5.5	17.3	0.0	0.0	17.32	1	1.2758	1.8813	630	634.84	946.95	
2001958	63	602.1	633.8	509.5	633.8	385.5	1.25	4.58	0	955	19	0.56	5.5	17.3	0.0	0.0	17.23	1	1.2758	1.8813	630	634.54	946.33	
2002429	63	601.7	633.5	509.3	633.2	385.5	1.44	4.58	0	924	18	0.56	5.5	17.3	0.0	0.0	18.56	1	1.2758	1.8813	630	634.23	945.94	
2002967	63	601.2	632.2	508.8	632.2	385.2	1.44	4.58	0	922	16	0.56	5.5	17.3	0.0	0.0	19.92	1	1.2758	1.8813	630	633.93	945.94	
2003561	63	600.6	631.5	508.5	631.5	385.5	1.44	4.58	0	953	14	0.56	5.5	17.3	0.0	0.0	19.29	1	1.2758	1.8813	630	633.53	946.09	
2004066	63	600.2	630.2	507.5	630.5	385.2	1.44	4.58	0	941	12	0.56	5.5	17.3	0.0	0.0	19.71	1	1.2758	1.8813	630	633.25	945.94	
2004602	63	599.7	629.5	507.5	629.5	385.2	1.44	4.58	0	902	9	0.31	5.5	17.3	0.0	0.0	21.91	1	1.2758	1.8813	630	633.04	945.70	
2005131	63	599.2	628.8	507.2	628.8	385.5	1.44	4.58	0	874	9	0.56	5.5	17.3	0.0	0.0	29.88	1	1.2758	1.8813	630	632.73	945.94	
2005684	63	598.6	628.2	506.7	628.2	385.5	1.56	4.58	0	998	10	0.81	5.5	17.3	0.0	0.0	21.84	1	1.2758	1.8813	630	632.33	947.89	
2006251	63	597.9	627.5	506.3	627.5	385.2	1.44	4.58	0	956	10	0.56	5.5	17.3	0.0	0.0	22.52	1	1.2758	1.8813	630	631.94	947.73	
2006821	63	597.3	626.8	506.2	626.8	385.2	1.25	4.58	0	985	11	0.81	5.5	17.3	0.0	0.0	21.19	1	1.2758	1.8813	630	631.63	947.27	
2007333	63	596.7	626.5	505.8	626.8	385.2	1.56	4.58	0	995	11	0.56	5.5	17.3	0.0	0.0	28.29	1	1.2758	1.8813	630	631.35	945.78	
2007884	63	596.0	626.2	505.5	626.2	384.8	1.56	4.58	0	1,172	12	1.12	5.5	17.3	0.0	0.0	32.55	1	1.2758	1.8813	630	630.93	946.88	
2008420	63	595.1	625.8	505.5	625.8	384.8	2.12	4.58	0	1,254	13	2.19	5.5	17.3	0.0	0.0	40.10	1	1.2758	1.8813	630	630.53	953.67	
2008932	63	594.2	625.8	505.1	625.5	384.8	2.12	4.58	0	1,391	15	2.75	5.5	17.3	0.0	0.0	44.93	1	1.2758	1.8813	630	630.04	966.80	
2009507	63	592.9	625.5	505.3	625.5	384.8	2.44	4.58	0	1,447	18	4.06	5.5	17.3	0.0	0.0	49.95	1	1.2758	1.8813	625	629.55	989.53	
2010026	63	591.6	626.2	505.5	626.2	384.8	3.00	4.58	0	1,537	20	5.94	5.5	17.3	0.0	0.0	55.85	1	1.2758	1.8813	625	628.94	1,024.77	
2010666	63	589.9	626.8	505.6	626.8	384.8	4.19	4.58	0	1,751	23	7.88	5.5	17.3	0.0	0.0	58.29	1	1.2758	1.8813	625	627.93	1,088.67	
2011211	63	587.9	627.8	506.1	628.2	385.2	5.25	4.58	0	1,950	26	8.69	5.5	17.3	0.0	0.0	55.01	1	1.2758	1.8813	625	627.13	1,022.89	
2011746	62	585.4	629.5	507.0	629.5	385.2	3.31	4.58	0	1,602	28	10.00	5.5	17.3	0.0	0.0	58.88	1	1.2758	1.8813	625	625.94	1,034.22	
2012274	62	583.5	631.5	508.3	631.5	385.5	3.50	4.58	0	1,595	30	9.50	5.5	17.3	0.0	0.0	61.99	1	1.2758	1.8813	625	624.93	1,060.70	
2012823	61	581.4	633.5	509.5	633.8	385.2	3.69	4.58	0	1,607	32	9.19	5.5	17.3	0.0	0.0	60.87	1	1.2758	1.8813	620	623.85	1,068.98	
2013337	61	579.4	635.8	510.5	636.2	385.8	4.19	4.58	0	1,679	34	9.50	5.5	17.3	0.0	0.0	61.85	1	1.2758	1.8727	620	622.63	1,077.58	
2013928	60	577.5	638.8	512.0	638.8	386.2	5.06	4.58	0	1,709	36	12.19	5.5	17.3	0.0	0.0	67.27	1	1.2758	1.8727	620	621.13	1,096.17	
2014511	60	575.7	641.5	513.6	641.8	385.8	2.12	4.58	0	1,260	37	5.69	5.5	17.3	0.0	0.0	34.99	1	1.2758	1.8727	615	619.75	1,029.06	
2015042	60	574.6	644.5	515.2	644.5	386.5	0.88	4.58	0	1,290	38	1.12	5.5	17.6	0.0	0.0	19.78	1	1.2758	1.8797	615	618.74	978.91	
2015597	59	573.5	647.5	516.8	647.5	386.2	1.25	4.58	0	1,287	38	0.81	5.5	17.3	0.0	0.0	15.19	1	1.2758	1.8797	615	617.73	960.47	
2016110	59	572.8	649.8	518.0	650.5	386.5	-0.81	4.58	0	1,266	38	0.00	5.5	17.3	0.0	0.0	15.75	1	1.2758	1.8797	615	616.94	954.92	
2016643	59	572.1	652.2	519.3	652.2	386.8	0.69	4.58	0	1,261	37	0.81	5.5	17.3	0.0	0.0	17.11	1	1.2758	1.8711	615	616.23	959.30	
2017213	60	571.5	654.2	520.5	654.2	387.2	0.69	4.58	0	1,254	37	0.56	5.5	17.3	0.0	0.0	17.13	1	1.2758	1.8711	615	615.44	959.84	
2017753	60	571.1	655.5	521.2	655.5	387.2	0.88	4.58	0	1,226	36	0.56	5.5	17.3	0.0	0.0	17.09	1	1.2758	1.8711	610	614.64	960.55	
2018331	60	570.8	656.5	521.8	656.5	387.2	0.88	4.58	0	1,209	36	0.56	5.5	17.3	0.0	0.0	17.16	1	1.2758	1.8711	610	614.03	959.84	
2018847	60	570.5	656.5	522.0	656.5	387.2	0.88	4.58	0	1,196	35	0.56	5.5	17.3	0.0	0.0	17.13	1	1.2758	1.8625	610	613.54	960.00	
2019474	61	570.3	656.5	522.1	656.5	387.8	1.06	4.58	0	1,168	34	0.56	5.5	16.9	0.0	0.0	17.20	1	1.2758	1.8625	610	612.74	959.77	
2019968	61	570.1	656.5	522.0	656.8	387.8	1.06	4.58	0	1,113	32	0.56	5.5	16.9	0.0	0.0	17.34	1	1.2758	1.8789	610	612.25	958.75	
2020548	61	570.0	656.2	522.1	656.2	387.8	1.25	4.58	0	1,069	30	0.00	5.5	17.3	0.0	0.0	16.52	1	1.2758	1.8703	610	611.73	957.97	
2021092	61	570.0	655.8	521.6	655.8	388.2	1.06	4.58	0	1,209	29	0.56	5.5	17.3	0.0	0.0	17.70	1	1.2758	1.8703	610	611.24	958.75	
2021601	61	569.9	655.5	521.8	654.8	387.8	0.69	4.58	0	1,281	27	0.56	5.5	17.3	0.0	0.0	17.93	1	1.2758	1.8703	610	610.75	960.00	
2022112	61	569.9	654.2	521.3	654.5	388.2	0.69	4.58	0	1,269	25	0.81	5.5	16.9	0.0	0.0	17.77	1	1.2758	1.8617	610	610.35	960.78	
2022650	62	570.0	653.5	520.6	653.5	387.8	1.06	4.58	0	1,147	22	0.56	5.5	16.9	0.0	0.0	18.14	1	1.2758	1.8781	610	609.93	959.61	
2023162	62	570.0	652.8	520.3	652.8	388.2	2.25	4.58	0	812	18	0.56	5.5	17.3	0.0	0.0	16.73	1	1.2758	1.8695	605	609.44	953.59	
2023677	62	570.0	651.5	519.8	651.5	388.2	1.56	4.58	0	939	15	0.56	5.5	17.3	0.0	0.0	21.26	1	1.2758	1.8695	605	609.04	952.42	
2024236	62	570.0	650.5	519.3	649.8	388.5	1.44	4.58	0	1,013	12	0.56	5.5	17.3	0.0	0.0	16.69	1	1.2758	1.8695	605	608.64	950.86	
2024804	62	570.0	649.2	518.3	649.5	388.2	1.56	4.58	0	902	10	0.31	5.5	17.3	0.0	0.0	20.65	1	1.2758	1.8695	605	608.24	948.67	
2025321	62	570.0	648.2	518.3	648.2	388.2	1.44	4.58	0	918	9	0.56	5.5	17.3	0.0	0.0	21.30	1	1.2758	1.8695	605	607.84	948.20	
2025831	62	569.9	647.5	517.8	647.5	388.5	1.44	4.58	0	884	9	0.56	5.5	17.3	0.0	0.0	26.23	1	1.2758	1.8695	605	607.44	946.48	
2026446	62	569.8	646.5	517.3	646.2	388.2	1.56	4.58	0	976	9	0.81	5.5	17.3	0.0	0.0	22.22	1	1.2758	1.8695	605	606.93	948.98	
2027001	63	569.7	645.2	516.8	645.5	388.2	1.56	4.58	0	946	8	0.56	5.5	17.3	0.0	0.0	26.60	1	1.2758	1.8695	605	606.53	947.42	
2027671	63	569.6	644.5	516.3	644.5	388.5	1.75	4.58	0	1,073	8	1.12	5.5	17.3	0.0	0.0	31.62	1	1.2758	1.8695	605	606.13	947.34	
2028171	63	569.4	643.2	515.8	643.2	388.2	1.94	4.58	0	1,279	8	1.62	5.5	17.3	0.0	0.0	38.30	1	1.2758	1.8695	605	605.64	954.06	
2028710	63	569.2	642.8	515.3	642.8	387.8	1.94	4.58	0	1,342	9	2.19	5.5	17.3	0.0	0.0	38.34	1	1.2758	1.8695	605	605.15	962.03	
2029208	63	568.9	642.5	515.3	642.5	388.2	1.94	4.58	0	1,376	10	2.19	5.5	17.3	0.0	0.0	36.12	1	1.2758	1.8695	600	604.75	966.95	
2029745	63	568.5	642.2	515.3	642.2	388.2	1.75	4.58	0	1,368	11	1.94	5.5	17.3	0.0	0.0	29.44	1	1.2758	1.8695	600	604.23	967.89	
2030257	63	568.1	642.2	515.0	642.2	388.2	1.56	4.58	0	1,321	11	1.94	5.5	17.3	0.0	0.0	17.91	1	1.2758	1.8695	600	603.74	959.06	
2030833	62	567.7	642.5	515.1	642.5	388.2	1.44	4.58	0	1,042	11	0.56	5.5	17.3	0.0	0.0	19.15	1	1.2758	1.8695	600	603.34	951.41	
2031382	62	567.4	642.5	515.6	642.5	388.5	1.44	4.58	0	895	11	0.31	5.5	17.3	0.0	0.0	21.30	1	1.2758	1.8695	600	602.94	948.20	
2031919	62	567.0	642.8	515.5	643.2	388.5	1.44	4.58	0	860	10	0.31	5.5	17.3	0.0	0.0	23.84	1	1.2758	1.8695	600	602.64	946.64	
2032496	62	566.6	643.2	515.6	642.8	388.2	1.44	4.58	0	860	9	0.56	5.5	17.3	0.0	0.0	23.30	1	1.2758	1.8695	600	602.24	948.20	
2033084	62	566.3	642.8	515.3	643.2	388.2	1.44	4.58	0	788	7	0.31	5.5	17.3	0.0	0.0	30.63	1	1.2758	1.8695	600	601.84	946.09	
2033604	62	565.9	642.8	515.7	642.8	388.2	1.75	4.58	0	891	7	1.12	5.5	17.3	0.0	0.0	27.59	1	1.2758	1.8695	600	601.44	948.44	
2034167	63	565.6	642.8	515.5	643.2	388.5	1.44	4.58	0	911	6	0.56	5.5	17.3	0.0	0.0	22.73	1	1.2758	1.8695	600	601.14	948.91	
2034717	62	565.2	642.8	515.6	642.5	388.5	1.44	4.58	0	906	3	0.56	5.5	17.3	0.0	0.0	20.93	1	1.2758	1.8695	600	600.74	948.98	
2035283	63	564.9	642.2	515.3	642.5	388.2	1.44	4.58	0	818	2	0.31	5.5	17.3	0.0	0.0	21.70	1	1.2758	1.8695	600	600.44	947.19	
2035893	63	564.5	642.2	515.3	642.5	388.2	1.44	4.58	0	815	0	0.56	5.5	17.3	0.0	0.0	23.44	1	1.2758	1.8695	600	600.04	946.64	
2036553	63	564.1	641.8	514.8	641.8	388.2	1.44	4.58	0	727	0	0.31	5.5	17.3	0.0	0.0	27.61	1	1.2758	1.8695	595	599.64	945.94	
2037113	63	563.7	641.5	514.5	641.5	387.8	1.56	4.58	0	886	1	0.81	5.5	17.3	0.0	0.0	29.88	1	1.2758	1.8695	595	599.33	947.19	
2037690	63	563.3	640.8	514.5	640.5	388.2	1.44	4.58	0	966	3	0.56	5.5	17.3	0.0	0.0	26.72	1	1.2758	1.8695	595	599.03	948.12	
2038245	63	562.9	640.5	514.5	640.2	388.2	1.56	4.58	0	952	6	0.81	5.5	17.3	0.0	0.0	27.59	1	1.2758	1.8695	595	598.63	949.84	
2038743	63	562.5	639.8	513.8	640.2	387.8	1.56	4.58	0	946	8	0.81	5.5	17.3	0.0	0.0	25.88	1	1.2758	1.8695	595	598.44	951.64	
2039316	63	562.1	639.5	513.8	639.5	388.2	1.25	4.58	0	1,067	10	0.56	5.5	17.3	0.0	0.0	18.66	1	1.2758	1.8695	595	598.05	951.64	
2039835	63	561.7	639.2	513.3	639.2	387.8	0.19	4.58	0	1,154	11	0.00	5.5	17.3	0.0	0.0	12.35	1	1.2758	1.8695	595	597.83	952.34	
2040368	63	561.4	638.8	513.3	638.8	387.8	1.44	4.58	0	1,361	12	0.81	5.5	17.3	0.0	0.0	11.88	1	1.2758	1.8695	595	597.53	950.78	
2040925	63	561.0	638.5	513.1	638.5	387.5	0.56	4.58	0	1,530	13	0.31	5.5	17.3	0.0	0.0	16.20	1	1.2758	1.8695	595	597.25	952.42	
2041467	63	560.7	637.8	512.8	637.8	387.5	1.56	4.58	0	1,577	14	1.12	5.5	17.3	0.0	0.0	11.65	1	1.2758	1.8695	595	596.94	953.83	
2042019	63	560.3	637.2	512.6	637.2	387.5	1.06	4.58	0	1,662	15	1.38	5.5	17.3	0.0	0.0	15.12	1	1.2758	1.8695	595	596.64	953.67	
2042576	63	560.0	636.5	512.0	636.5	387.2	0.69	4.58	0	1,675	18	1.12	5.5	17.3	0.0	0.0	11.72	1	1.2758	1.8695	595	596.33	953.98	
2043087	63	559.6	635.8	511.8	635.8	387.8	0.19	4.58	0	1,396	19	0.81	5.5	17.3	0.0	0.0	17.13	1	1.2758	1.8695	595	596.03	957.50	
2043627	63	559.4	635.5	511.5	635.8	387.5	0.19	4.58	0	1,435	20	1.12	5.5	17.3	0.0	0.0	18.96	1	1.2758	1.8695	595	595.84	960.47	
2044154	63	559.2	634.5	510.8	634.5	387.5	0.38	4.58	0	1,451	21	1.12	5.5	17.3	0.0	0.0	18.42	1	1.2758	1.8695	595	595.63	962.50	
2044732	63	559.1	634.2	511.0	634.2	387.5	0.19	4.58	0	1,585	22	1.38	5.5	17.3	0.0	0.0	18.77	1	1.2758	1.8695	595	595.35	964.38	
2045336	63	559.0	633.2	510.5	633.2	387.5	0.56	4.58	0	1,687	24	1.38	5.5	17.3	0.0	0.0	19.08	1	1.2758	1.8695	595	595.05	966.88	
2045908	63	558.9	632.8	510.1	632.8	387.5	1.25	4.58	0	1,865	24	0.56	5.5	17.3	0.0	0.0	19.50	1	1.2758	1.8695	590	594.74	969.92	
2046411	64	558.9	631.5	509.5	631.5	387.5	0.88	4.58	0	1,811	23	1.12	5.5	17.3	0.0	0.0	19.52	1	1.2758	1.8695	590	594.53	970.39	
2046990	64	558.9	630.8	509.0	630.5	386.8	0.56	4.58	0	1,698	22	1.38	5.5	17.3	0.0	0.0	19.01	1	1.2758	1.8695	590	594.25	970.00	
2047531	64	559.0	629.8	508.7	629.8	387.2	0.38	4.58	0	1,609	20	1.38	5.5	17.3	0.0	0.0	19.10	1	1.2758	1.8695	590	594.04	969.06	
2048050	64	559.0	629.5	508.3	629.2	387.2	0.38	4.58	0	1,514	20	1.38	5.5	17.3	0.0	0.0	19.12	1	1.2758	1.8695	590	593.85	968.36	
2048640	64	559.1	628.5	508.0	628.5	387.2	0.38	4.58	0	1,449	18	1.12	5.5	17.3	0.0	0.0	19.17	1	1.2758	1.8695	590	593.55	966.88	
2049173	64	559.1	628.2	507.7	628.2	387.2	0.56	4.58	0	1,352	17	0.81	5.5	17.3	0.0	0.0	19.03	1	1.2758	1.8695	590	593.33	965.55	
2049698	64	559.1	627.2	507.3	627.5	387.2	0.69	4.58	0	1,245	16	0.81	5.5	17.3	0.0	0.0	19.12	1	1.2758	1.8695	590	593.15	963.67	
2050222	64	559.2	626.5	507.0	626.8	387.2	1.06	4.58	0	1,162	14	0.56	5.5	17.3	0.0	0.0	13.15	1	1.2758	1.8695	590	592.94	961.56	
2050737	64	559.2	625.8	506.5	626.2	387.2	1.25	4.58	0	1,053	13	0.31	5.5	17.3	0.0	0.0	12.21	1	1.2758	1.8695	590	592.75	955.55	
2051265	64	559.2	625.2	506.0	624.8	387.2	1.44	4.58	0	991	12	0.00	5.5	17.3	0.0	0.0	13.45	1	1.2758	1.8695	590	592.44	952.73	
2051829	64	559.1	624.2	505.6	623.8	387.2	1.06	4.58	0	948	11	0.31	5.5	17.3	0.0	0.0	14.55	1	1.2758	1.8695	590	592.23	949.38	
2052360	64	559.0	623.2	505.1	623.2	387.5	1.56	4.58	0	852	9	0.31	5.5	17.3	0.0	0.0	21.42	1	1.2758	1.8695	590	592.05	948.36	
2052918	64	558.9	622.8	504.8	622.5	386.8	1.44	4.58	0	819	8	0.31	5.5	17.3	0.0	0.0	22.78	1	1.2758	1.8695	590	591.83	946.33	
2053551	64	558.7	621.8	504.1	621.8	386.8	1.75	4.58	0	735	8	0.56	5.5	17.3	0.0	0.0	29.53	1	1.2758	1.8695	590	591.53	948.05	
2054067	64	558.5	620.8	504.1	620.8	386.8	1.44	4.58	0	898	8	0.56	5.5	17.3	0.0	0.0	28.66	1	1.2758	1.8695	590	591.25	945.39	
2054613	64	558.2	619.8	503.6	620.2	386.8	1.75	4.58	0	1,064	8	1.12	5.5	17.3	0.0	0.0	33.54	1	1.2758	1.8695	590	591.04	947.89	
2055161	64	557.8	619.2	503.2	619.5	386.8	1.94	4.58	0	1,260	9	1.94	5.5	17.3	0.0	0.0	36.54	1	1.2758	1.8695	590	590.64	954.38	
2055745	64	557.2	618.5	502.6	618.8	386.8	1.94	4.58	0	1,306	10	1.94	5.5	17.3	0.0	0.0	38.84	1	1.2758	1.8695	590	590.33	961.88	
2056269	64	556.5	618.2	502.7	618.2	387.2	1.94	4.58	0	1,354	12	2.19	5.5	17.3	0.0	0.0	41.39	1	1.2758	1.8695	590	589.94	968.36	
2056778	64	555.8	618.5	502.8	618.2	386.8	2.12	4.58	0	1,406	13	3.00	5.5	17.3	0.0	0.0	42.40	1	1.2758	1.8695	585	589.54	977.11	
2057301	64	554.9	618.2	502.7	618.2	386.8	2.25	4.58	0	1,441	14	3.00	5.5	17.3	0.0	0.0	42.77	1	1.2758	1.8695	585	589.14	984.14	
2057874	63	553.9	618.5	502.5	618.5	387.2	2.25	4.58	0	1,458	16	3.50	5.5	17.3	0.0	0.0	43.17	1	1.2758	1.8695	585	588.65	991.02	
2058392	63	552.8	619.2	503.0	619.2	386.8	2.12	4.58	0	1,440	18	3.25	5.5	17.3	0.0	0.0	41.81	1	1.2758	1.8695	585	588.13	994.38	
2058919	63	551.7	619.8	503.5	619.8	387.5	2.25	4.58	0	1,541	20	3.25	5.5	17.3	0.0	0.0	37.97	1	1.2758	1.8695	585	587.64	994.69	
2059461	63	550.6	620.5	503.7	620.5	387.2	1.75	4.58	0	1,594	21	2.44	5.5	17.3	0.0	0.0	25.57	1	1.2758	1.8695	585	587.15	984.14	
2060051	62	549.5	621.8	504.5	621.8	387.2	0.69	4.58	0	1,650	21	1.12	5.5	17.3	0.0	0.0	12.07	1	1.2758	1.8695	585	586.63	962.03	
2060596	62	548.7	622.2	505.0	622.5	387.8	0.69	4.58	0	1,577	20	1.12	5.5	17.3	0.0	0.0	14.18	1	1.2758	1.8695	585	586.23	955.55	
2061109	62	547.9	623.5	505.3	623.2	387.8	0.19	4.58	0	1,486	19	1.12	5.5	17.3	0.0	0.0	18.21	1	1.2758	1.8695	585	585.83	955.47	
2061632	62	547.3	623.8	506.0	624.2	387.5	0.38	4.58	0	1,447	18	1.12	5.5	17.3	0.0	0.0	18.70	1	1.2758	1.8695	585	585.53	955.70	
2062271	62	546.8	624.5	506.1	624.5	388.2	0.56	4.58	0	1,351	17	1.12	5.5	17.3	0.0	0.0	18.21	1	1.2758	1.8695	585	585.04	962.34	
2062823	62	546.3	624.8	506.1	624.5	387.8	0.69	4.58	0	1,246	16	0.56	5.5	17.3	0.0	0.0	17.98	1	1.2758	1.8695	580	584.73	961.88	
2063343	62	545.9	624.5	506.7	624.5	387.8	1.06	4.58	0	1,158	15	0.56	5.5	17.3	0.0	0.0	18.63	1	1.2758	1.8695	580	584.43	961.33	
2063897	63	545.6	624.5	506.3	624.5	387.8	1.06	4.58	0	1,061	14	0.31	5.5	17.3	0.0	0.0	11.13	1	1.2758	1.8695	580	584.15	955.78	
2064468	63	545.3	624.5	506.3	624.2	388.2	1.44	4.58	0	1,048	13	0.31	5.5	17.3	0.0	0.0	12.63	1	1.2758	1.8695	580	583.75	952.89	
2064979	63	545.0	623.8	506.0	624.2	388.5	1.25	4.58	0	1,014	13	0.31	5.5	17.3	0.0	0.0	12.45	1	1.2758	1.8695	580	583.44	950.86	
2065493	63	544.7	623.5	506.0	623.2	388.2	1.44	4.58	0	967	12	0.31	5.5	17.3	0.0	0.0	12.54	1	1.2758	1.8695	580	583.23	949.14	
2066028	63	544.4	622.8	505.6	622.5	388.5	1.25	4.58	0	936	12	0.31	5.5	17.3	0.0	0.0	14.04	1	1.2758	1.8695	580	582.93	948.44	
2066549	63	544.1	621.8	505.0	621.8	388.2	1.56	4.58	0	916	11	0.31	5.5	17.3	0.0	0.0	27.26	1	1.2758	1.8695	580	582.53	946.41	
2067102	63	543.8	621.2	504.7	621.2	388.2	1.75	4.58	0	1,107	12	0.81	5.5	17.3	0.0	0.0	28.41	1	1.2758	1.8695	580	582.25	947.89	
2067623	63	543.4	620.5	504.5	620.5	388.5	1.56	4.58	0	1,165	12	0.81	5.5	17.3	0.0	0.0	29.95	1	1.2758	1.8695	580	581.94	949.14	
2068201	63	542.9	619.8	503.8	619.5	388.2	1.75	4.58	0	1,268	13	1.38	5.5	17.3	0.0	0.0	34.10	1	1.2758	1.8695	580	581.55	952.11	
2068711	63	542.4	618.8	503.5	618.8	388.5	1.75	4.58	0	1,352	14	1.94	5.5	17.3	0.0	0.0	36.40	1	1.2758	1.8695	580	581.15	957.89	
2069221	63	541.8	618.5	503.5	618.5	388.5	1.75	4.58	0	1,339	15	1.94	5.5	17.3	0.0	0.0	36.61	1	1.2758	1.8695	580	580.75	962.50	
2069770	63	541.2	618.2	503.3	618.2	388.8	1.75	4.58	0	1,286	16	1.94	5.5	17.3	0.0	0.0	36.14	1	1.2758	1.8695	580	580.23	965.31	
2070335	63	540.4	618.2	503.5	618.2	388.5	1.44	4.58	0	1,326	17	1.94	5.5	17.3	0.0	0.0	25.92	1	1.2758	1.8695	575	579.83	968.75	
2070917	63	539.7	618.2	503.7	618.2	388.8	1.75	4.58	0	1,370	18	1.62	5.5	17.3	0.0	0.0	35.55	1	1.2758	1.8695	575	579.25	964.45	
2071439	63	539.0	618.2	503.6	618.5	389.2	1.94	4.58	0	1,476	19	2.19	5.5	17.3	0.0	0.0	36.42	1	1.2758	1.8695	575	578.85	968.59	
2072021	62	537.9	618.2	503.6	618.2	388.5	2.12	4.58	0	1,582	20	2.44	5.5	17.3	0.0	0.0	34.20	1	1.2758	1.8695	575	578.24	973.98	
2072536	62	537.0	618.8	503.8	618.8	389.2	2.12	4.58	0	1,675	22	2.44	5.5	17.3	0.0	0.0	31.71	1	1.2758	1.8695	575	577.75	977.50	
2073086	62	536.1	619.5	504.3	619.2	388.8	1.94	4.58	0	1,770	23	2.19	5.5	17.3	0.0	0.0	26.60	1	1.2758	1.8695	575	577.05	981.48	
2073616	62	535.2	619.8	504.5	620.2	389.2	0.88	4.58	0	1,735	23	1.12	5.5	17.3	0.0	0.0	13.15	1	1.2758	1.8695	575	576.65	961.33	
2074150	61	534.5	620.2	504.8	620.2	389.5	1.44	4.58	0	1,724	22	1.12	5.5	17.3	0.0	0.0	12.02	1	1.2758	1.8695	575	576.13	955.39	
2074708	61	533.8	621.2	505.3	620.8	389.2	-0.06	4.58	0	1,621	22	1.12	5.5	17.3	0.0	0.0	17.81	1	1.2758	1.8695	575	575.64	954.77	
2075267	61	533.2	621.2	505.2	621.2	389.5	0.38	4.58	0	1,584	20	1.12	5.5	17.3	0.0	0.0	18.77	1	1.2758	1.8695	575	575.24	955.55	
2075789	62	532.8	621.8	505.5	621.5	389.5	0.38	4.58	0	1,518	19	2.44	5.5	17.3	0.0	0.0	11.65	1	1.2758	1.8695	570	574.84	960.86	
2076342	62	532.4	621.5	505.5	621.5	389.5	0.69	4.58	0	1,504	19	1.12	5.5	17.3	0.0	0.0	16.92	1	1.2758	1.8695	570	574.44	956.02	
2076908	62	531.9	621.5	505.6	621.5	389.8	1.44	4.58	0	1,515	19	1.62	5.5	17.3	0.0	0.0	24.28	1	1.2758	1.8695	570	574.05	952.73	
2077486	62	531.4	621.2	505.5	621.2	389.5	1.56	4.58	0	1,563	20	1.62	5.5	17.3	0.0	0.0	27.42	1	1.2758	1.8695	570	573.44	957.34	
2078027	62	530.9	621.2	505.5	620.8	389.8	0.88	4.58	0	1,531	20	1.38	5.5	17.3	0.0	0.0	11.74	1	1.2758	1.8695	570	573.04	953.05	
2078588	62	530.4	620.5	505.3	620.5	389.8	0.88	4.58	0	1,505	20	1.38	5.5	17.3	0.0	0.0	10.76	1	1.2758	1.8695	570	572.64	950.47	
2079161	62	530.1	621.2	505.1	620.8	389.5	0.56	4.58	0	1,452	18	1.12	5.5	17.3	0.0	0.0	18.12	1	1.2758	1.8695	570	572.24	953.12	
2079668	62	529.8	620.5	505.1	620.2	390.2	0.38	4.58	0	1,377	17	1.12	5.5	17.3	0.0	0.0	18.45	1	1.2758	1.8695	570	571.84	954.06	
2080217	62	529.7	619.8	505.0	619.5	390.2	0.56	4.58	0	1,308	16	0.81	5.5	17.3	0.0	0.0	18.26	1	1.2758	1.8695	570	571.63	960.47	
2080738	62	529.7	619.2	504.6	619.5	390.2	0.88	4.58	0	1,183	15	0.56	5.5	17.3	0.0	0.0	17.91	1	1.2758	1.8695	570	571.35	960.47	
2081269	62	529.8	618.8	504.5	618.5	390.2	1.44	4.58	0	1,085	14	0.56	5.5	17.3	0.0	0.0	12.28	1	1.2758	1.8695	570	571.05	956.64	
2081791	62	529.8	617.8	504.2	617.8	389.8	1.25	4.58	0	1,061	13	0.31	5.5	17.3	0.0	0.0	12.59	1	1.2758	1.8695	570	570.74	953.28	
2082314	62	529.8	617.5	504.0	617.2	390.2	1.44	4.58	0	1,049	13	0.31	5.5	17.3	0.0	0.0	18.91	1	1.2758	1.8695	570	570.53	950.70	
2082836	63	529.8	616.5	503.3	616.5	390.2	1.56	4.58	0	1,024	13	0.56	5.5	17.3	0.0	0.0	31.48	1	1.2758	1.8695	570	570.25	948.44	
2083351	63	529.7	616.2	503.2	615.8	390.5	1.75	4.58	0	1,321	14	1.38	5.5	17.3	0.0	0.0	30.87	1	1.2758	1.8695	570	569.94	951.80	
2083924	63	529.5	615.5	502.7	615.5	390.2	1.75	4.58	0	1,375	15	1.62	5.5	17.3	0.0	0.0	33.47	1	1.2758	1.8695	565	569.55	957.34	
2084516	63	529.3	614.2	502.2	614.2	390.2	1.56	4.58	0	1,330	16	1.38	5.5	17.3	0.0	0.0	25.83	1	1.2758	1.8695	565	569.15	960.47	
2085048	63	528.9	613.5	502.0	613.5	390.2	1.25	4.58	0	1,281	17	1.12	5.5	17.3	0.0	0.0	20.41	1	1.2758	1.8695	565	568.75	957.97	
2085567	62	528.6	613.5	501.6	613.5	390.2	1.44	4.58	0	1,316	17	1.12	5.5	17.3	0.0	0.0	21.35	1	1.2758	1.8695	565	568.35	954.77	
2086089	62	528.3	613.2	501.7	613.2	390.2	1.56	4.58	0	1,381	17	1.38	5.5	17.3	0.0	0.0	26.62	1	1.2758	1.8695	565	568.05	954.22	
2086629	63	527.9	613.2	501.8	612.8	390.5	1.56	4.58	0	1,454	18	1.62	5.5	17.3	0.0	0.0	26.34	1	1.2758	1.8695	565	567.65	955.78	
2087184	63	527.4	612.5	501.6	612.8	390.2	1.56	4.58	0	1,504	19	1.62	5.5	17.3	0.0	0.0	24.96	1	1.2758	1.8695	565	567.25	956.09	
2087836	62	526.9	612.5	501.3	612.2	390.2	0.69	4.58	0	1,517	20	1.12	5.5	17.3	0.0	0.0	12.33	1	1.2758	1.8695	565	566.73	951.56	
2088370	62	526.5	612.5	501.6	612.5	390.5	1.44	4.58	0	1,584	20	1.62	5.5	17.3	0.0	0.0	23.67	1	1.2758	1.8695	565	566.33	947.50	
2088939	62	525.9	612.5	501.5	612.5	390.8	1.44	4.58	0	1,600	20	1.62	5.5	17.3	0.0	0.0	21.91	1	1.2758	1.8695	565	565.94	949.77	
2089484	62	525.3	612.2	501.5	612.2	390.5	1.44	4.58	0	1,669	21	1.62	5.5	17.3	0.0	0.0	23.72	1	1.2758	1.8695	565	565.54	949.06	
2090071	62	524.7	612.2	501.3	612.2	390.5	1.75	4.58	0	1,727	22	1.62	5.5	17.3	0.0	0.0	26.09	1	1.2758	1.8695	565	565.05	957.42	
2090648	62	524.0	612.2	501.3	612.5	390.5	1.75	4.58	0	1,764	23	1.62	5.5	17.3	0.0	0.0	23.30	1	1.2758	1.8695	560	564.53	962.58	
2091239	62	523.4	612.2	501.3	612.2	390.5	1.56	4.58	0	1,802	23	1.94	5.5	17.3	0.0	0.0	15.05	1	1.2758	1.8695	560	564.04	956.95	
2091748	62	522.8	612.5	501.6	612.5	390.8	1.06	4.58	0	1,774	23	1.12	5.5	17.3	0.0	0.0	11.55	1	1.2758	1.8695	560	563.73	953.91	
2092267	62	522.3	612.5	501.8	612.2	390.8	1.25	4.58	0	1,716	22	0.81	5.5	17.3	0.0	0.0	14.34	1	1.2758	1.8695	560	563.24	952.27	
2092789	62	521.8	612.5	501.6	612.8	390.8	0.56	4.58	0	1,663	21	1.12	5.5	17.3	0.0	0.0	18.73	1	1.2758	1.8695	560	562.94	954.30	
2093345	62	521.4	612.8	501.6	612.8	390.5	0.56	4.58	0	1,603	21	1.38	5.5	17.3	0.0	0.0	18.91	1	1.2758	1.8695	560	562.63	955.55	
2093914	62	521.1	612.5	501.6	612.2	390.5	0.19	4.58	0	1,504	19	1.38	5.5	17.3	0.0	0.0	18.77	1	1.2758	1.8695	560	562.23	963.44	
2094443	62	520.9	612.5	501.6	612.5	390.8	0.38	4.58	0	1,421	18	1.12	5.5	17.3	0.0	0.0	19.05	1	1.2758	1.8695	560	561.93	964.22	
2095009	62	520.7	612.5	501.6	612.5	391.2	0.88	4.58	0	1,205	15	0.56	5.5	17.3	0.0	0.0	14.32	1	1.2758	1.8695	560	561.65	963.28	
2095570	62	520.6	611.8	501.1	611.8	390.5	1.25	4.58	0	1,028	13	0.31	5.5	17.3	0.0	0.0	12.19	1	1.2758	1.8695	560	561.25	955.86	
2096097	62	520.4	611.5	501.3	611.5	390.5	1.25	4.58	0	1,009	13	0.31	5.5	17.3	0.0	0.0	13.12	1	1.2758	1.8695	560	561.04	953.12	
2096724	62	520.3	610.8	500.8	610.5	390.5	1.06	4.58	0	986	12	0.00	5.5	17.3	0.0	0.0	14.62	1	1.2758	1.8695	560	560.73	950.31	
2097271	62	520.1	610.2	500.5	609.8	390.5	1.44	4.58	0	987	12	0.31	5.5	17.3	0.0	0.0	18.87	1	1.2758	1.8695	560	560.33	948.36	
2097790	63	519.9	609.5	500.1	609.5	390.5	1.56	4.58	0	1,029	12	0.56	5.5	17.3	0.0	0.0	23.58	1	1.2758	1.8695	560	560.15	947.50	
2098338	63	519.6	608.5	499.6	608.5	390.5	1.44	4.58	0	1,236	13	0.81	5.5	17.3	0.0	0.0	25.17	1	1.2758	1.8695	555	559.84	951.41	
2098862	63	519.3	607.8	499.2	607.8	390.5	1.25	4.58	0	1,067	13	1.12	5.5	17.3	0.0	0.0	18.16	1	1.2758	1.8695	555	559.44	949.84	
2099430	63	519.0	607.5	498.7	607.5	390.5	1.25	4.58	0	1,040	13	0.31	5.5	17.3	0.0	0.0	13.48	1	1.2758	1.8695	555	559.14	948.36	
2099947	62	518.7	606.8	498.8	606.8	390.5	1.44	4.58	0	987	12	0.31	5.5	17.3	0.0	0.0	13.99	1	1.2758	1.8695	555	558.83	947.19	
2100470	62	518.4	606.5	498.1	606.2	390.2	1.25	4.58	0	952	12	0.31	5.5	17.3	0.0	0.0	14.46	1	1.2758	1.8695	555	558.53	946.02	
2100998	63	518.1	605.5	497.6	605.5	389.5	1.75	4.58	0	953	12	0.56	5.5	17.3	0.0	0.0	29.67	1	1.2758	1.8695	555	558.25	945.94	
2101514	63	517.8	605.2	497.3	605.2	389.5	1.56	4.58	0	1,166	12	0.81	5.5	17.3	0.0	0.0	28.10	1	1.2758	1.8695	555	557.94	948.44	
2102094	63	517.4	604.2	496.8	604.2	389.8	1.56	4.58	0	1,221	13	1.12	5.5	17.3	0.0	0.0	28.17	1	1.2758	1.8695	555	557.55	951.17	
2102682	63	516.9	603.8	496.5	603.5	389.5	1.75	4.58	0	1,255	14	1.38	5.5	17.3	0.0	0.0	16.31	1	1.2758	1.8695	555	557.24	950.86	
2103233	63	516.5	603.5	496.5	603.2	389.8	1.44	4.58	0	1,069	14	0.31	5.5	17.3	0.0	0.0	13.31	1	1.2758	1.8695	555	556.94	949.06	
2103815	62	516.1	602.8	496.3	602.8	389.5	1.25	4.58	0	1,065	13	0.31	5.5	17.3	0.0	0.0	12.54	1	1.2758	1.8695	555	556.54	947.50	
2104422	62	515.7	602.5	495.8	602.5	389.5	1.25	4.58	0	980	12	0.31	5.5	17.3	0.0	0.0	14.44	1	1.2758	1.8695	555	556.23	946.72	
2104972	62	515.3	602.2	495.7	602.2	388.8	1.25	4.58	0	896	11	0.31	5.5	17.3	0.0	0.0	16.41	1	1.2758	1.8695	555	555.93	947.50	
2105561	63	515.0	601.5	495.5	601.5	389.2	1.56	4.58	0	874	11	0.31	5.5	17.3	0.0	0.0	20.51	1	1.2758	1.8695	555	555.65	946.80	
2106134	63	514.6	601.2	494.6	601.2	388.8	1.44	4.58	0	891	11	0.31	5.5	17.3	0.0	0.0	21.26	1	1.2758	1.8695	555	555.34	947.03	
2106653	63	514.1	600.5	494.6	600.5	388.5	1.25	4.58	0	892	11	0.31	5.5	17.3	0.0	0.0	23.67	1	1.2758	1.8695	555	555.04	944.53	
2107195	63	513.7	599.5	494.1	599.5	388.5	1.75	4.58	0	1,013	11	1.12	5.5	17.3	0.0	0.0	31.52	1	1.2758	1.8695	550	554.73	946.88	
2107719	63	513.3	599.2	494.0	598.8	388.8	1.75	4.58	0	1,185	11	1.12	5.5	17.3	0.0	0.0	31.22	1	1.2758	1.8695	550	554.43	949.45	
2108268	63	512.8	598.5	493.5	598.5	388.5	1.56	4.58	0	1,232	12	1.12	5.5	17.3	0.0	0.0	29.86	1	1.2758	1.8695	550	554.15	952.50	
2108758	63	512.4	597.8	493.3	597.8	388.5	1.56	4.58	0	1,278	13	1.38	5.5	17.3	0.0	0.0	31.99	1	1.2758	1.8695	550	553.75	954.38	
2109291	63	511.8	597.8	493.0	597.8	388.5	1.75	4.58	0	1,343	14	1.62	5.5	17.3	0.0	0.0	33.00	1	1.2758	1.8695	550	553.44	958.05	
2109820	63	511.2	597.8	492.8	597.5	387.8	1.75	4.58	0	1,333	15	1.38	5.5	17.3	0.0	0.0	24.96	1	1.2758	1.8695	550	553.05	957.81	
2110357	62	510.6	597.5	492.8	597.8	387.8	1.44	4.58	0	1,134	15	0.56	5.5	17.3	0.0	0.0	14.02	1	1.2758	1.8695	550	552.74	953.28	
2110887	62	510.2	597.5	493.0	597.8	387.8	0.38	4.58	0	1,154	15	0.31	5.5	17.3	0.0	0.0	12.12	1	1.2758	1.8695	550	552.44	950.55	
2111470	62	509.6	598.2	492.8	597.8	387.8	1.06	4.58	0	1,082	14	0.31	5.5	17.3	0.0	0.0	11.88	1	1.2758	1.8695	550	552.04	948.12	
2112010	62	509.2	597.8	492.8	597.5	387.8	2.12	4.58	0	1,017	13	0.31	5.5	17.3	0.0	0.0	12.16	1	1.2758	1.8695	550	551.73	947.50	
2112555	62	508.8	597.8	492.5	597.5	387.5	1.56	4.58	0	998	12	0.31	5.5	17.3	0.0	0.0	12.63	1	1.2758	1.8695	550	551.55	948.36	
2113119	62	508.4	597.8	492.6	597.5	387.2	1.56	4.58	0	933	12	0.31	5.5	17.3	0.0	0.0	13.29	1	1.2758	1.8695	550	551.24	947.73	
2113729	62	508.0	597.5	492.3	597.5	386.8	1.44	4.58	0	916	11	0.00	5.5	17.3	0.0	0.0	15.75	1	1.2758	1.8695	550	550.84	947.34	
2114257	62	507.6	596.5	492.0	596.8	387.2	1.44	4.58	0	901	11	0.31	5.5	17.3	0.0	0.0	17.98	1	1.2758	1.8695	550	550.54	946.80	
2114769	62	507.2	596.2	491.6	596.2	387.2	1.44	4.58	0	856	10	0.31	5.5	17.3	0.0	0.0	21.42	1	1.2758	1.8695	550	550.35	946.33	
2115279	63	506.9	595.8	491.1	595.5	386.8	1.44	4.58	0	863	9	0.56	5.5	17.3	0.0	0.0	21.91	1	1.2758	1.8695	550	550.05	946.64	
2115804	63	506.5	595.5	491.0	595.5	386.8	1.44	4.58	0	851	8	0.56	5.5	17.3	0.0	0.0	21.38	1	1.2758	1.8695	545	549.83	946.72	
2116330	63	506.2	594.8	490.6	594.8	386.5	1.44	4.58	0	785	7	0.31	5.5	17.3	0.0	0.0	22.97	1	1.2758	1.8695	545	549.53	946.48	
2116930	63	505.8	593.8	490.3	593.8	386.2	1.44	4.58	0	785	5	0.31	5.5	17.3	0.0	0.0	24.40	1	1.2758	1.8695	545	549.25	946.56	
2117472	63	505.4	593.5	490.0	593.5	386.5	1.44	4.58	0	788	4	0.56	5.5	17.3	0.0	0.0	18.89	1	1.2758	1.8695	545	548.94	947.03	
2118069	63	505.0	592.8	489.7	593.2	386.2	1.44	4.58	0	766	2	0.31	5.5	17.3	0.0	0.0	18.75	1	1.2758	1.8695	545	548.64	946.48	
2118617	63	504.7	592.5	489.3	592.5	385.8	1.44	4.58	0	767	0	0.31	5.5	17.3	0.0	0.0	20.65	1	1.2758	1.8695	545	548.43	945.94	
2119144	63	504.4	591.8	488.6	592.2	385.5	1.44	4.58	0	805	0	0.31	5.5	17.3	0.0	0.0	23.02	1	1.2758	1.8695	545	548.24	945.78	
2119723	63	504.0	591.2	488.3	591.5	385.5	1.44	4.58	0	781	0	0.56	5.5	17.3	0.0	0.0	30.80	1	1.2758	1.8695	545	547.94	945.94	
2120304	63	503.6	590.8	488.0	590.8	384.8	1.56	4.58	0	809	0	0.81	5.5	17.3	0.0	0.0	41.65	1	1.2758	1.8695	545	547.63	945.94	
2120849	63	503.2	590.2	487.8	590.2	385.5	1.75	4.58	0	1,009	1	1.38	5.5	17.3	0.0	0.0	35.46	1	1.2758	1.8695	545	547.35	953.28	
2121378	63	502.8	589.8	487.7	589.8	385.2	1.75	4.58	0	907	2	1.12	5.5	17.3	0.0	0.0	38.86	1	1.2758	1.8695	545	546.93	956.33	
2121905	63	502.3	589.8	487.3	589.5	384.8	1.75	4.58	0	940	3	1.12	5.5	17.3	0.0	0.0	36.61	1	1.2758	1.8695	545	546.65	960.55	
2122586	63	501.9	589.5	487.1	589.2	384.8	1.56	4.58	0	943	3	1.12	5.5	17.3	0.0	0.0	32.30	1	1.2758	1.8695	545	546.25	960.39	
2123210	63	501.3	589.5	486.8	589.2	384.5	1.56	4.58	0	931	4	0.81	5.5	17.3	0.0	0.0	27.89	1	1.2758	1.8695	545	545.85	958.12	
2123784	63	500.7	588.8	486.7	588.5	384.2	1.56	4.58	0	972	4	0.56	5.5	17.3	0.0	0.0	23.98	1	1.2758	1.8695	545	545.43	955.39	
2124348	62	500.2	589.2	486.3	589.2	384.2	1.44	4.58	0	971	3	0.56	5.5	17.3	0.0	0.0	24.33	1	1.2758	1.8695	545	545.15	952.97	
2124877	62	499.8	589.2	486.5	588.8	383.5	1.44	4.58	0	974	3	0.56	5.5	17.3	0.0	0.0	24.00	1	1.2758	1.8695	540	544.84	951.72	
2125408	62	499.3	588.8	486.5	588.8	383.5	1.44	4.58	0	956	2	0.56	5.5	17.3	0.0	0.0	24.56	1	1.2758	1.8695	540	544.54	951.56	
2125971	62	498.9	588.8	486.1	588.8	383.5	1.44	4.58	0	939	2	0.56	5.5	17.3	0.0	0.0	24.40	1	1.2758	1.8695	540	544.14	950.70	
2126515	62	498.4	588.8	486.0	588.5	383.2	1.56	4.58	0	962	2	0.56	5.5	17.3	0.0	0.0	30.26	1	1.2758	1.8695	540	543.83	948.67	
2127106	62	497.9	588.5	485.8	588.5	383.2	1.56	4.58	0	998	3	0.81	5.5	17.3	0.0	0.0	30.14	1	1.2758	1.8695	540	543.44	953.12	
2127701	62	497.5	588.8	485.8	588.5	382.8	1.75	4.58	0	945	3	1.12	5.5	17.3	0.0	0.0	30.02	1	1.2758	1.8695	540	543.04	954.77	
2128283	62	497.0	588.5	485.5	588.5	382.8	1.75	4.58	0	1,005	2	0.56	5.5	17.3	0.0	0.0	29.67	1	1.2758	1.8695	540	542.64	955.47	
2128849	62	496.5	588.5	485.8	588.5	382.5	1.56	4.58	0	968	2	0.81	5.5	17.3	0.0	0.0	30.02	1	1.2758	1.8695	540	542.33	956.41	
2129407	62	496.0	588.5	485.5	588.5	382.5	1.56	4.58	0	957	2	0.81	5.5	17.3	0.0	0.0	28.17	1	1.2758	1.8695	540	541.94	956.33	
2129945	62	495.6	588.8	485.6	588.8	382.5	1.44	4.58	0	912	2	0.56	5.5	17.3	0.0	0.0	28.29	1	1.2758	1.8695	540	541.63	953.83	
2130530	62	495.2	588.5	485.6	588.8	382.2	1.56	4.58	0	949	2	0.81	5.5	17.3	0.0	0.0	27.12	1	1.2758	1.8695	540	541.23	953.98	
2131221	62	494.7	589.2	485.6	589.2	382.2	1.44	4.58	0	925	1	0.56	5.5	17.3	0.0	0.0	26.18	1	1.2758	1.8695	540	540.83	952.34	
2131791	62	494.3	589.2	485.8	589.5	382.2	1.56	4.58	0	938	1	0.56	5.5	17.3	0.0	0.0	28.45	1	1.2758	1.8695	540	540.34	951.56	
2132394	62	493.8	589.2	485.3	589.2	382.2	1.56	4.58	0	949	1	0.81	5.5	17.3	0.0	0.0	24.16	1	1.2758	1.8695	540	539.94	953.67	
2132967	62	493.3	588.8	485.3	588.8	382.2	1.25	4.58	0	869	0	0.31	5.5	17.3	0.0	0.0	39.70	1	1.2758	1.8695	535	539.55	948.44	
2133550	62	492.9	589.2	485.7	588.8	381.8	1.75	4.58	0	914	0	1.38	5.5	17.3	0.0	0.0	36.00	1	1.2758	1.8695	535	539.24	954.84	
2134101	62	492.4	588.8	485.5	588.8	381.8	1.75	4.58	0	956	1	1.12	5.5	17.3	0.0	0.0	32.81	1	1.2758	1.8695	535	538.75	957.97	
2134657	62	492.1	588.8	485.0	588.8	381.5	1.56	4.58	0	914	1	0.81	5.5	17.3	0.0	0.0	33.33	1	1.2758	1.8695	535	538.44	958.36	
2135187	62	491.6	588.8	485.5	589.2	382.2	1.75	4.58	0	964	1	0.81	5.5	17.3	0.0	0.0	30.30	1	1.2758	1.8695	535	538.05	959.38	
2135752	62	491.2	589.2	485.5	589.2	381.5	1.44	4.58	0	933	1	0.81	5.5	17.3	0.0	0.0	24.02	1	1.2758	1.8695	535	537.65	958.12	
2136311	62	490.8	588.8	485.6	589.2	381.8	1.44	4.58	0	899	0	0.56	5.5	17.3	0.0	0.0	24.21	1	1.2758	1.8695	535	537.25	950.55	
2136946	62	490.4	589.5	485.8	589.5	381.5	1.94	4.58	0	900	0	1.62	5.5	17.3	0.0	0.0	40.36	1	1.2758	1.8695	535	536.85	957.03	
2137501	62	490.0	589.5	485.3	589.5	381.5	1.75	4.58	0	935	1	1.38	5.5	17.3	0.0	0.0	36.07	1	1.2758	1.8695	535	536.43	962.81	
2138053	62	489.6	589.5	485.6	589.5	382.2	1.56	4.58	0	891	1	1.12	5.5	17.3	0.0	0.0	33.68	1	1.2758	1.8695	535	535.94	962.19	
2138593	62	489.1	589.5	485.8	589.5	381.8	1.56	4.58	0	919	0	0.81	5.5	17.3	0.0	0.0	30.26	1	1.2758	1.8695	535	535.63	961.33	
2139114	62	488.8	589.5	485.5	589.5	381.5	1.44	4.58	0	806	0	1.12	5.5	17.3	0.0	0.0	31.99	1	1.2758	1.8695	535	535.23	959.06	
2139642	62	488.5	589.2	485.6	589.5	381.8	1.44	4.58	0	793	0	0.81	5.5	17.3	0.0	0.0	29.58	1	1.2758	1.8695	535	534.93	958.44	
2140265	62	488.1	589.8	485.8	589.5	381.8	1.25	4.58	0	829	0	0.56	5.5	17.3	0.0	0.0	20.20	1	1.2758	1.8695	530	534.44	953.98	
2140849	62	487.8	589.5	485.6	589.5	381.8	1.44	4.58	0	806	0	0.31	5.5	17.3	0.0	0.0	18.94	1	1.2758	1.8695	530	534.13	951.33	
2141429	62	487.4	589.5	485.5	589.5	381.8	1.44	4.58	0	811	0	0.31	5.5	17.3	0.0	0.0	17.91	1	1.2758	1.8695	530	533.73	949.06	
2142003	62	487.2	589.2	485.7	589.2	381.8	1.44	4.58	0	787	0	0.31	5.5	17.3	0.0	0.0	18.98	1	1.2758	1.8695	530	533.43	948.52	
2142544	62	486.9	589.2	485.5	588.8	382.2	1.06	4.58	0	507	0	0.00	5.5	17.3	0.0	0.0	7.24	1	1.2758	1.8695	530	533.15	946.95	
2143077	62	486.7	588.8	485.5	588.8	381.8	0.56	4.58	0	0	0	0.31	5.5	17.3	0.0	0.0	17.32	1	1.2758	1.8695	530	532.94	945.94	
2143634	62	486.6	588.5	485.5	588.2	381.8	1.25	4.58	0	0	0	0.31	5.5	17.3	0.0	0.0	64.05	1	1.2758	1.8695	530	532.75	945.16	
2144198	63	486.4	587.5	485.5	587.5	381.8	1.25	4.58	0	0	0	0.31	5.5	17.3	0.0	0.0	64.05	1	1.2758	1.8695	530	532.44	945.23	
2144738	63	486.3	586.8	485.5	586.8	381.8	1.25	4.58	0	0	0	0.00	5.5	17.3	0.0	0.0	64.05	1	1.2758	1.8695	530	532.23	945.16	
2145326	63	486.1	585.8	485.5	585.5	382.2	1.25	4.58	0	0	0	0.00	5.5	17.3	0.0	0.0	64.05	1	1.2758	1.8695	530	532.05	945.08	
2145852	63	486.0	584.8	485.5	585.2	382.2	1.25	4.58	0	0	0	0.31	5.5	17.3	0.0	0.0	64.05	1	1.2758	1.8695	530	531.93	945.00	
2146385	63	485.9	583.8	485.5	583.8	382.2	1.25	4.58	0	0	0	0.00	5.5	17.3	0.0	0.0	64.01	1	1.2758	1.8695	530	531.74	945.00	
2146974	63	485.8	582.5	485.5	582.5	382.5	1.25	4.58	0	0	0	0.00	5.5	17.3	0.0	0.0	64.05	1	1.2758	1.8695	530	531.53	944.69	
2147503	63	485.7	581.5	485.5	581.2	382.8	1.25	4.58	0	0	0	0.31	5.5	17.3	0.0	0.0	64.05	1	1.2758	1.8695	530	531.44	944.22	
2148119	63	485.6	579.5	485.5	579.8	382.5	1.25	4.58	0	0	0	0.31	5.5	17.3	0.0	0.0	63.98	1	1.2758	1.8695	530	531.25	944.69	
2148670	63	485.6	577.8	485.5	577.8	382.8	1.44	4.58	0	0	0	0.00	5.5	17.3	0.0	0.0	64.03	1	1.2758	1.8695	530	531.13	944.38	
2149291	63	485.5	576.5	485.5	576.2	383.2	1.25	4.58	0	0	0	0.31	5.5	17.3	0.0	0.0	64.01	1	1.2758	1.8695	530	531.04	944.38	
