#2026-07-25 12:30:48 LSVZM60T8N2105404
#Time	01/进气温度/---	01/废气温度1，气缸列1/---	01/微粒过滤器之前的废气温度/---	01/颗粒过滤器中的废气温度，计算所得/---	01/气缸列1颗粒过滤器入口，温度传感器1，原始值/---	01/气缸列1颗粒过滤器出口，温度传感器1，原始值/---	01/颗粒过滤器，颗粒过滤器上游的相对压力/---	01/颗粒过滤器，油灰质量（克）/---	01/颗粒过滤器，负荷级/---	01/发动机转速/---	01/车速/---	01/微粒过滤器，压差/---	01/颗粒过滤器，测得的机油灰分负荷/---	01/颗粒过滤器，测得的积碳负荷/---	01/颗粒过滤器，计算出的积碳负荷/---	01/颗粒过滤器，水分负荷/---	01/相对负荷值/---	01/微粒过滤器，计算的碳微粒质量/---	01/颗粒过滤器，积灰量比例/---	01/颗粒过滤器，炭灰量比例/---	01/催化转化器温度，模型/---	01/催化转换器后的气缸列 1 氧传感器，计算所得废气温度/---	01/增压压力，实际值/---	
#Time	01----	01----	01----	01----	01----	01----	01----	01----	01----	01----	01----	01----	01----	01----	01----	01----	01----	01----	01----	01----	01----	01----	01----	
#ms	℃	℃	℃	℃	℃	℃	hPa	g	-	rpm	km/h	hPa	%	%	%	%	%	mg	-	-	℃	℃	hPa	
7326	74	143.7	70.2	61.0	69.8	51.5	1.56	4.58	0	850	0	0.56	5.5	22.4	0.4	0.4	35.93	72	1.2758	2.1219	165	169.84	963.28	
7799	74	143.7	70.8	61.1	70.8	51.8	1.56	4.58	0	859	0	0.56	5.5	22.4	0.4	0.4	36.26	72	1.2758	2.1219	165	169.63	965.08	
8312	74	143.6	71.5	61.5	71.5	51.5	1.56	4.58	0	873	0	0.56	5.5	22.4	0.4	0.4	35.44	72	1.2758	2.1219	165	169.44	966.56	
8810	74	143.5	72.2	61.6	72.5	51.5	1.56	4.58	0	873	0	0.56	5.5	22.4	0.4	0.4	33.70	72	1.2758	2.1219	165	169.23	966.88	
9317	74	143.4	73.2	62.3	72.8	51.5	1.44	4.58	0	866	0	0.31	5.5	22.4	0.4	0.4	31.59	72	1.2758	2.1219	165	169.05	966.48	
9820	73	143.3	73.5	62.6	73.2	51.5	1.56	4.58	0	850	0	0.56	5.5	22.4	0.4	0.4	31.78	72	1.2758	2.1219	165	168.83	965.31	
10350	73	143.2	74.5	63.1	74.5	51.8	1.56	4.58	0	847	0	0.56	5.5	22.4	0.4	0.4	31.90	72	1.2758	2.1219	165	168.65	964.84	
10851	73	143.1	75.5	63.6	75.5	51.8	1.56	4.58	0	839	0	0.31	5.5	22.4	0.4	0.4	31.38	72	1.2758	2.1219	165	168.34	964.38	
11430	73	143.0	76.5	64.0	76.5	52.2	1.56	4.58	0	833	0	0.56	5.5	22.4	0.4	0.4	30.98	72	1.2758	2.1219	165	168.13	963.98	
12010	73	142.8	77.5	64.5	77.5	51.2	1.44	4.58	0	894	0	0.31	5.5	22.4	0.4	0.4	24.40	72	1.2758	2.1219	165	167.85	964.45	
12577	73	142.7	77.8	65.0	78.2	51.8	1.44	4.58	0	876	0	0.31	5.5	22.4	0.4	0.4	23.67	72	1.2758	2.1219	165	167.64	962.58	
13110	72	142.6	78.8	65.3	79.2	51.8	1.44	4.58	0	828	0	0.31	5.5	22.4	0.4	0.4	24.98	72	1.2758	2.1219	165	167.33	961.17	
13706	72	142.4	80.5	66.1	80.5	51.5	1.44	4.58	0	851	0	0.31	5.5	22.4	0.4	0.4	26.23	72	1.2758	2.1219	165	167.03	960.47	
14289	72	142.2	81.5	66.6	81.8	51.8	1.44	4.58	0	881	0	0.31	5.5	22.4	0.4	0.4	25.95	72	1.2758	2.1219	165	166.84	961.02	
14769	72	142.1	81.8	67.2	82.2	51.8	1.44	4.58	0	885	0	0.31	5.5	22.4	0.4	0.4	25.59	72	1.2758	2.1219	165	166.63	960.62	
15338	72	142.0	83.2	67.7	83.5	51.8	1.25	4.58	0	875	0	0.56	5.5	22.4	0.4	0.4	25.78	72	1.2758	2.1219	165	166.35	960.70	
15880	72	141.9	84.2	67.8	84.2	51.8	1.44	4.58	0	875	0	0.31	5.5	22.4	0.4	0.4	26.34	72	1.2758	2.1219	165	166.14	960.55	
16426	72	141.7	85.2	68.7	85.5	51.8	1.25	4.58	0	884	0	0.31	5.5	22.4	0.4	0.4	25.80	72	1.2758	2.1219	165	165.83	960.86	
17017	72	141.6	85.8	69.2	86.2	51.8	1.44	4.58	0	885	0	0.31	5.5	22.4	0.4	0.4	25.83	72	1.2758	2.1219	165	165.53	960.70	
17474	72	141.5	86.8	69.5	86.8	52.2	1.44	4.58	0	881	0	0.56	5.5	22.4	0.4	0.4	26.04	72	1.2758	2.1219	165	165.34	960.70	
18002	72	141.4	87.8	69.8	87.8	52.2	1.44	4.58	0	883	0	0.56	5.5	22.4	0.4	0.8	25.99	72	1.2758	2.1219	165	165.04	960.86	
18578	72	141.2	88.8	70.6	89.2	52.2	1.44	4.58	0	877	0	0.56	5.5	22.4	0.4	0.8	25.95	72	1.2758	2.1219	160	164.85	960.78	
19123	72	141.1	89.8	71.0	89.8	52.5	1.44	4.58	0	886	0	0.31	5.5	22.4	0.4	0.8	25.92	72	1.2758	2.1219	160	164.55	961.02	
19671	72	141.0	90.5	71.7	90.8	52.8	1.44	4.58	0	890	0	0.31	5.5	22.4	0.4	0.8	25.88	72	1.2758	2.1219	160	164.33	961.09	
20255	72	140.9	91.5	72.0	91.8	52.5	1.44	4.58	0	885	0	0.31	5.5	22.4	0.4	0.8	26.04	72	1.2758	2.1219	160	164.03	960.70	
20794	71	140.8	92.5	72.5	92.5	52.5	1.44	4.58	0	891	0	0.56	5.5	22.4	0.4	0.8	25.97	72	1.2758	2.1219	160	163.75	961.09	
21422	71	140.7	93.5	73.0	93.2	52.5	1.44	4.58	0	889	0	0.31	5.5	22.4	0.4	0.8	25.50	72	1.2758	2.1219	160	163.54	960.86	
22008	71	140.6	93.8	73.3	94.2	52.5	1.44	4.58	0	878	0	0.31	5.5	22.4	0.4	0.8	25.62	72	1.2758	2.1219	160	163.23	960.86	
22594	71	140.5	95.5	74.1	95.5	52.8	1.44	4.58	0	882	0	0.56	5.5	22.4	0.4	0.8	25.71	72	1.2758	2.1219	160	162.93	961.09	
23131	71	140.4	96.5	74.5	96.5	52.8	1.44	4.58	0	884	0	0.31	5.5	22.4	0.4	0.8	25.90	72	1.2758	2.1219	160	162.74	960.86	
23707	71	140.3	97.2	75.0	96.8	52.8	1.44	4.58	0	887	0	0.31	5.5	22.4	0.4	0.8	25.29	72	1.2758	2.1219	160	162.44	960.86	
24243	71	140.3	98.2	75.3	98.2	52.8	1.44	4.58	0	891	0	0.31	5.5	22.4	0.4	0.8	25.45	72	1.2758	2.1219	160	162.25	960.86	
24787	71	140.2	98.8	76.0	98.5	53.5	1.44	4.58	0	885	0	0.31	5.5	22.4	0.4	0.8	25.59	72	1.2758	2.1219	160	162.04	960.86	
25352	71	140.2	99.8	76.6	99.8	53.2	1.44	4.58	0	890	0	0.31	5.5	22.4	0.4	0.8	25.45	72	1.2758	2.1219	160	161.73	960.86	
25911	71	140.1	100.2	76.7	100.5	53.5	1.44	4.58	0	882	0	0.31	5.5	22.4	0.4	0.8	25.36	72	1.2758	2.1219	160	161.55	960.62	
26500	71	140.1	101.2	77.2	101.2	53.8	1.44	4.58	0	879	0	0.31	5.5	22.4	0.4	0.8	25.66	72	1.2758	2.1219	160	161.24	960.78	
27067	71	140.0	101.8	77.5	102.5	53.8	1.44	4.58	0	883	0	0.31	5.5	22.4	0.4	0.8	25.55	72	1.2758	2.1219	160	161.03	960.86	
27590	71	140.0	102.8	78.3	103.5	53.5	1.44	4.58	0	880	0	0.31	5.5	22.4	0.4	0.8	25.52	72	1.2758	2.1219	160	160.84	960.70	
28162	71	140.0	103.5	78.8	103.8	54.2	1.44	4.58	0	884	0	0.31	5.5	22.4	0.4	0.8	25.38	72	1.2758	2.1219	160	160.63	960.62	
28738	71	139.9	104.5	79.1	104.5	54.2	1.44	4.58	0	886	0	0.31	5.5	22.4	0.4	0.8	25.38	72	1.2758	2.1219	160	160.35	960.86	
29288	71	139.9	105.2	79.7	105.2	53.8	1.44	4.58	0	885	0	0.31	5.5	22.4	0.4	1.2	24.94	72	1.2758	2.1219	160	160.14	960.62	
29821	71	139.9	106.2	80.2	106.2	54.2	1.44	4.58	0	885	0	0.31	5.5	22.4	0.4	1.2	25.38	72	1.2758	2.1219	160	159.93	960.70	
30499	71	139.9	106.8	80.5	106.5	54.2	1.44	4.58	0	887	0	0.31	5.5	22.4	0.4	1.2	25.12	72	1.2758	2.1219	155	159.65	960.86	
31083	71	139.9	107.5	81.0	107.5	54.5	1.25	4.58	0	889	0	0.31	5.5	22.4	0.4	1.2	24.45	72	1.2758	2.1219	155	159.44	960.62	
31662	70	139.9	108.2	81.3	108.2	54.8	1.25	4.58	0	877	0	0.31	5.5	22.4	0.4	1.2	25.24	72	1.2758	2.1219	155	159.25	960.94	
32184	70	139.9	109.2	81.6	109.2	54.8	1.25	4.58	0	875	0	0.31	5.5	22.4	0.4	1.2	25.41	72	1.2758	2.1219	155	159.04	960.70	
32725	70	139.9	109.5	82.1	109.5	55.2	1.25	4.58	0	891	0	0.31	5.5	22.4	0.4	1.2	25.08	72	1.2758	2.1219	155	158.85	960.78	
33253	70	139.9	110.5	82.8	110.5	54.8	1.44	4.58	0	889	0	0.31	5.5	22.4	0.4	1.2	24.70	72	1.2758	2.1219	155	158.64	960.86	
33788	70	140.0	110.8	83.0	110.5	55.2	1.44	4.58	0	881	0	0.31	5.5	22.4	0.4	1.2	24.94	72	1.2758	2.1219	155	158.43	960.62	
34336	70	140.0	111.8	83.5	111.5	55.2	1.44	4.58	0	882	0	0.31	5.5	22.4	0.4	1.2	24.80	72	1.2758	2.1219	155	158.24	960.62	
34902	70	140.0	112.2	83.1	112.2	55.2	1.25	4.58	0	886	0	0.31	5.5	22.4	0.4	1.2	24.80	72	1.2758	2.1219	155	158.03	960.62	
35454	70	140.1	112.8	84.0	113.2	55.5	1.44	4.58	0	887	0	0.56	5.5	22.4	0.4	1.2	24.73	72	1.2758	2.1219	155	157.84	960.47	
35982	70	140.1	113.5	84.5	113.2	55.5	1.25	4.58	0	885	0	0.31	5.5	22.4	0.4	1.2	24.70	72	1.2758	2.1219	155	157.63	960.70	
36527	70	140.1	113.8	84.8	113.8	55.8	1.44	4.58	0	873	0	0.31	5.5	22.4	0.4	1.2	24.80	72	1.2758	2.1219	155	157.44	960.39	
37062	70	140.2	114.5	85.3	114.8	55.8	1.44	4.58	0	886	0	0.31	5.5	22.4	0.4	1.2	24.82	72	1.2758	2.1219	155	157.35	960.55	
37584	70	140.2	115.5	85.5	115.2	55.5	1.44	4.58	0	888	0	0.56	5.5	22.4	0.4	1.2	24.23	72	1.2758	2.1219	155	157.14	960.39	
38102	70	140.3	115.5	85.6	115.8	56.2	1.44	4.58	0	871	0	0.31	5.5	22.4	0.4	1.2	24.84	72	1.2758	2.1219	155	156.93	960.23	
38714	70	140.3	116.2	86.2	116.8	56.2	1.25	4.58	0	878	0	0.56	5.5	22.4	0.4	1.2	24.82	72	1.2758	2.1219	155	156.74	960.55	
39231	70	140.4	116.5	86.3	116.8	56.5	1.44	4.58	0	882	0	0.31	5.5	22.4	0.4	1.2	24.63	72	1.2758	2.1219	155	156.65	960.55	
39859	70	140.5	117.5	87.1	117.8	56.5	1.44	4.58	0	927	0	0.56	5.5	22.4	0.4	1.2	21.61	72	1.2758	2.1219	155	156.44	960.94	
40397	70	140.6	118.2	87.1	117.8	56.8	1.25	4.58	0	892	0	0.31	5.5	22.4	0.4	1.2	21.00	72	1.2758	2.1219	155	156.25	960.31	
40975	70	140.6	118.8	87.6	118.8	56.5	1.25	4.58	0	854	0	0.31	5.5	22.4	0.4	1.2	22.24	72	1.2758	2.1219	155	156.04	960.00	
41518	70	140.7	119.2	88.2	119.2	57.2	1.25	4.58	0	855	0	0.31	5.5	22.4	0.4	1.2	23.16	72	1.2758	2.1219	155	155.94	959.61	
42042	70	140.8	119.5	88.3	119.5	57.5	1.44	4.58	0	890	0	0.56	5.5	22.4	0.4	1.2	23.04	72	1.2758	2.1219	155	155.73	960.00	
42634	70	140.9	120.2	88.7	120.2	57.2	1.25	4.58	0	898	0	0.56	5.5	22.4	0.4	1.2	22.38	72	1.2758	2.1219	155	155.64	960.00	
43176	70	140.9	120.8	89.0	120.8	57.5	1.44	4.58	0	890	0	0.31	5.5	22.4	0.4	1.2	22.66	72	1.2758	2.1219	155	155.43	959.84	
43709	70	141.0	121.5	89.5	121.5	57.5	1.44	4.58	0	888	0	0.56	5.5	22.4	0.4	1.2	22.95	72	1.2758	2.1219	155	155.33	959.84	
44253	70	141.1	121.5	89.5	121.5	57.5	1.25	4.58	0	891	0	0.31	5.5	22.4	0.4	1.2	22.97	72	1.2758	2.1219	155	155.15	959.92	
44804	70	141.2	122.5	89.8	122.2	58.2	1.25	4.58	0	882	0	0.31	5.5	22.4	0.4	1.2	23.55	72	1.2758	2.1219	155	155.03	959.84	
45368	70	141.3	122.5	90.1	122.5	58.2	1.25	4.58	0	892	0	0.56	5.5	22.4	0.4	1.2	23.62	72	1.2758	2.1219	155	154.94	960.31	
45920	70	141.4	122.8	90.5	123.2	58.2	1.44	4.58	0	897	0	0.31	5.5	22.4	0.4	1.2	22.92	72	1.2758	2.1219	150	154.75	960.16	
46489	70	141.5	123.5	91.1	123.5	58.2	1.44	4.58	0	895	0	0.31	5.5	22.4	0.4	1.2	23.13	72	1.2758	2.1219	150	154.63	960.23	
47078	70	141.6	123.8	90.8	123.5	58.5	1.25	4.58	0	892	0	0.31	5.5	22.4	0.4	1.2	23.34	72	1.2758	2.1219	150	154.44	960.00	
47688	70	141.7	124.5	91.6	124.5	58.5	1.44	4.58	0	894	0	0.31	5.5	22.4	0.4	1.2	22.78	72	1.2758	2.1219	150	154.35	959.84	
48271	70	141.8	124.8	91.8	124.8	58.5	1.25	4.58	0	895	0	0.31	5.5	22.4	0.4	1.2	22.64	72	1.2758	2.1219	150	154.23	960.23	
48793	69	141.9	125.5	92.3	125.5	58.8	1.25	4.58	0	883	0	0.31	5.5	22.4	0.4	1.2	22.29	72	1.2758	2.1219	150	154.14	959.77	
49333	69	142.0	125.8	92.3	125.8	59.2	1.25	4.58	0	877	0	0.31	5.5	22.4	0.4	1.2	22.76	72	1.2758	2.1219	150	153.93	959.92	
49880	69	142.1	126.5	92.8	126.8	59.5	1.25	4.58	0	882	0	0.31	5.5	22.4	0.4	1.2	22.83	72	1.2758	2.1219	150	153.83	959.92	
50424	69	142.2	126.8	93.0	126.8	59.5	1.25	4.58	0	891	0	0.31	5.5	22.4	0.4	1.2	22.95	72	1.2758	2.1219	150	153.74	960.08	
50992	69	142.4	127.2	93.5	127.2	59.5	1.25	4.58	0	896	0	0.31	5.5	22.4	0.4	1.2	22.69	72	1.2758	2.1219	150	153.65	959.77	
51578	69	142.5	127.5	93.6	127.5	60.2	1.25	4.58	0	890	0	0.31	5.5	22.4	0.4	1.2	22.43	72	1.2758	2.1219	150	153.53	959.84	
52131	69	142.6	127.8	93.8	128.2	59.8	1.25	4.58	0	873	0	0.31	5.5	22.4	0.4	0.8	22.66	72	1.2758	2.1219	150	153.44	959.69	
52681	69	142.7	128.5	94.0	128.5	59.8	1.44	4.58	0	876	0	0.31	5.5	22.4	0.4	0.8	22.71	72	1.2758	2.1219	150	153.34	959.84	
53204	69	142.8	128.5	94.3	128.8	60.2	1.25	4.58	0	879	0	0.56	5.5	22.4	0.4	0.8	22.73	72	1.2758	2.1219	150	153.25	960.00	
53774	69	142.9	129.5	94.5	129.2	60.5	1.44	4.58	0	880	0	0.31	5.5	22.4	0.4	0.8	22.57	72	1.2758	2.1219	150	153.13	959.69	
54320	69	143.1	129.5	94.8	129.5	60.5	1.44	4.58	0	882	0	0.56	5.5	22.4	0.4	0.8	22.71	72	1.2758	2.1219	150	153.04	959.77	
54876	69	143.2	130.2	95.1	130.2	60.5	1.44	4.58	0	883	0	0.31	5.5	22.4	0.4	0.8	22.52	72	1.2758	2.1219	150	152.94	959.77	
55416	69	143.3	130.2	95.5	130.2	60.5	1.25	4.58	0	876	0	0.31	5.5	22.4	0.4	0.8	22.64	72	1.2758	2.1219	150	152.85	959.69	
56015	69	143.4	130.5	95.8	130.8	61.5	1.25	4.58	0	878	0	0.56	5.5	22.4	0.4	0.8	22.52	72	1.2758	2.1219	150	152.73	959.61	
56701	69	143.6	131.2	96.2	131.2	61.5	1.25	4.58	0	875	0	0.31	5.5	22.4	0.4	0.8	22.83	72	1.2758	2.1219	150	152.64	959.53	
57244	69	143.7	131.5	96.3	131.5	61.2	1.25	4.58	0	872	0	0.31	5.5	22.4	0.4	0.4	22.76	72	1.2758	2.1219	150	152.64	959.77	
57827	69	143.9	131.8	96.6	131.8	61.5	1.25	4.58	0	868	0	0.31	5.5	22.4	0.4	0.4	22.64	72	1.2758	2.1219	150	152.55	959.53	
58371	69	144.0	132.5	97.0	131.8	61.2	1.25	4.58	0	870	0	0.31	5.5	22.4	0.4	0.4	23.11	72	1.2758	2.1219	150	152.43	959.69	
58962	69	144.1	132.5	97.1	132.8	61.8	1.44	4.58	0	887	0	0.31	5.5	22.4	0.4	0.4	22.38	72	1.2758	2.1219	150	152.33	959.77	
59553	69	144.3	133.2	97.5	133.2	61.8	1.25	4.58	0	885	0	0.31	5.5	22.4	0.4	0.4	22.31	72	1.2758	2.1219	150	152.24	959.77	
60100	69	144.4	133.5	97.7	133.2	62.2	1.44	4.58	0	881	0	0.31	5.5	22.4	0.4	0.0	22.34	72	1.2758	2.1219	150	152.24	959.61	
60640	69	144.6	133.5	98.0	133.5	62.2	1.25	4.58	0	885	0	0.31	5.5	22.4	0.4	0.0	22.48	72	1.2758	2.1219	150	152.15	959.69	
61174	69	144.7	134.2	98.0	134.2	62.5	1.25	4.58	0	887	0	0.31	5.5	22.4	0.4	0.0	22.43	72	1.2758	2.1219	150	152.03	959.92	
61718	69	144.8	134.5	98.3	134.5	62.5	1.25	4.58	0	886	0	0.31	5.5	22.4	0.4	0.0	22.29	72	1.2758	2.1219	150	152.03	959.61	
62276	69	145.0	134.8	98.6	134.8	62.8	1.44	4.58	0	886	0	0.31	5.5	22.4	0.4	0.0	22.38	72	1.2758	2.1219	150	151.94	959.61	
62798	69	145.1	135.2	98.8	135.2	62.8	1.44	4.58	0	888	0	0.31	5.5	22.4	0.4	0.0	22.50	72	1.2758	2.1219	150	151.84	959.77	
63369	69	145.3	135.5	99.0	135.5	63.2	1.44	4.58	0	886	0	0.31	5.5	22.4	0.4	0.0	22.38	72	1.2758	2.1219	150	151.84	959.77	
63992	69	145.4	135.8	99.1	135.8	63.2	1.25	4.58	0	893	0	0.31	5.5	22.4	0.4	0.0	22.03	72	1.2758	2.1219	150	151.75	959.92	
64539	69	145.6	136.2	100.0	136.2	63.2	1.44	4.58	0	876	0	0.31	5.5	22.4	0.4	0.0	22.10	72	1.2758	2.1219	150	151.63	959.69	
65190	69	145.7	136.5	99.8	136.8	63.5	1.44	4.58	0	878	0	0.31	5.5	22.4	0.4	0.0	22.55	72	1.2758	2.1219	150	151.63	959.69	
65781	69	145.9	136.5	100.1	136.5	63.8	1.25	4.58	0	881	0	0.31	5.5	22.4	0.4	0.0	22.17	72	1.2758	2.1219	150	151.54	959.92	
66363	69	146.0	137.2	100.5	137.2	64.2	1.25	4.58	0	875	0	0.31	5.5	22.4	0.4	0.0	22.50	72	1.2758	2.1219	150	151.54	959.69	
66884	69	146.2	137.5	100.6	137.5	63.8	1.25	4.58	0	882	0	0.31	5.5	22.4	0.4	0.0	22.12	72	1.2758	2.1219	150	151.44	959.53	
67440	69	146.4	137.8	100.8	137.5	64.5	1.25	4.58	0	879	0	0.31	5.5	22.4	0.4	0.0	22.27	72	1.2758	2.1219	150	151.44	959.77	
67965	69	146.5	138.2	101.2	138.2	64.5	1.25	4.58	0	883	0	0.31	5.5	22.4	0.4	0.0	22.29	72	1.2758	2.1219	150	151.35	959.61	
68574	69	146.7	138.2	101.0	138.2	64.5	1.25	4.58	0	880	0	0.31	5.5	22.4	0.4	0.0	22.29	72	1.2758	2.1219	150	151.35	959.69	
69151	69	146.8	138.8	101.6	138.5	64.5	1.25	4.58	0	883	0	0.31	5.5	22.4	0.4	0.0	22.50	72	1.2758	2.1219	150	151.23	959.53	
69684	69	147.0	138.8	101.8	139.2	64.8	1.25	4.58	0	884	0	0.31	5.5	22.4	0.4	0.0	22.20	72	1.2758	2.1219	150	151.23	959.84	
70230	69	147.1	139.2	102.1	139.5	65.2	1.25	4.58	0	885	0	0.31	5.5	22.4	0.4	0.0	22.10	72	1.2758	2.1219	150	151.23	959.61	
70799	69	147.3	139.5	102.7	139.5	65.5	1.44	4.58	0	884	0	0.31	5.5	22.4	0.4	0.0	22.34	72	1.2758	2.1219	150	151.14	959.69	
71340	69	147.5	140.2	102.6	140.2	65.2	1.25	4.58	0	891	0	0.31	5.5	22.4	0.4	0.0	22.17	72	1.2758	2.1219	150	151.14	959.77	
71891	69	147.6	140.8	103.0	140.5	65.8	1.44	4.58	0	882	0	0.31	5.5	22.4	0.4	0.0	22.27	72	1.2758	2.1219	150	151.14	959.77	
72429	69	147.8	140.8	103.1	140.8	65.8	1.44	4.58	0	873	0	0.31	5.5	22.4	0.4	0.0	22.71	72	1.2758	2.1219	150	151.05	959.84	
72967	69	147.9	140.8	103.5	141.2	65.8	1.25	4.58	0	874	0	0.31	5.5	22.4	0.4	0.0	22.92	72	1.2758	2.1219	150	151.05	959.77	
73508	69	148.1	141.5	103.6	141.5	65.8	1.25	4.58	0	879	0	0.31	5.5	22.4	0.4	0.0	22.92	72	1.2758	2.1219	150	151.05	959.77	
74141	69	148.2	141.5	103.6	141.5	66.2	1.25	4.58	0	879	0	0.31	5.5	22.4	0.4	0.0	22.92	72	1.2758	2.1219	150	151.05	960.16	
74708	69	148.4	141.8	104.0	141.8	66.5	1.44	4.58	0	875	0	0.31	5.5	22.4	0.4	0.0	23.02	72	1.2758	2.1219	150	150.93	960.16	
75249	69	148.6	141.8	104.5	142.2	66.5	1.25	4.58	0	873	0	0.31	5.5	22.4	0.4	0.0	23.06	72	1.2758	2.1219	150	150.93	960.31	
75802	69	148.8	142.5	104.3	142.5	66.5	1.25	4.58	0	865	0	0.31	5.5	22.4	0.4	0.0	23.09	72	1.2758	2.1219	150	150.93	960.16	
76339	69	149.0	142.5	104.5	142.8	66.8	1.44	4.58	0	870	0	0.31	5.5	22.4	0.4	0.0	23.46	72	1.2758	2.1219	150	150.93	960.00	
76895	69	149.1	143.2	105.0	143.2	67.5	1.44	4.58	0	879	0	0.31	5.5	22.4	0.4	0.0	23.32	72	1.2758	2.1219	150	150.93	960.00	
77413	69	149.3	143.5	105.2	143.8	67.5	1.44	4.58	0	887	0	0.31	5.5	22.4	0.4	0.0	23.23	72	1.2758	2.1219	150	150.93	959.92	
77961	68	149.5	143.8	105.6	143.5	67.2	1.25	4.58	0	886	0	0.31	5.5	22.4	0.4	0.0	23.44	72	1.2758	2.1219	150	150.93	960.31	
78490	68	149.7	143.5	105.6	143.5	67.5	1.44	4.58	0	881	0	0.31	5.5	22.4	0.4	0.0	23.62	72	1.2758	2.1219	150	150.93	960.31	
79031	68	149.8	144.2	105.8	144.2	67.5	1.25	4.58	0	890	0	0.31	5.5	22.4	0.4	0.0	23.18	72	1.2758	2.1219	150	150.83	960.31	
79610	68	150.0	144.5	106.0	144.5	67.8	1.44	4.58	0	885	0	0.31	5.5	22.4	0.4	0.0	23.18	72	1.2758	2.1219	150	150.83	960.16	
80143	68	150.2	144.5	106.3	144.5	68.2	1.44	4.58	0	885	0	0.31	5.5	22.4	0.4	0.0	23.39	72	1.2758	2.1219	150	150.83	960.16	
80698	68	150.4	144.8	106.3	145.2	68.5	1.25	4.58	0	874	0	0.56	5.5	22.4	0.4	0.0	22.90	72	1.2758	2.1219	150	150.83	960.31	
81236	68	150.6	145.2	106.8	145.2	68.2	1.25	4.58	0	878	0	0.31	5.5	22.4	0.4	0.0	23.11	72	1.2758	2.1219	150	150.83	960.23	
81793	68	150.7	145.5	106.8	145.5	68.8	1.44	4.58	0	875	0	0.31	5.5	22.4	0.4	0.0	23.09	72	1.2758	2.1219	150	150.83	960.16	
82324	68	150.9	145.5	107.0	145.5	68.8	1.44	4.58	0	886	0	0.31	5.5	22.4	0.4	0.0	22.83	72	1.2758	2.1219	150	150.83	960.31	
82978	68	151.1	146.5	107.5	146.2	68.8	1.44	4.58	0	880	0	0.31	5.5	22.4	0.4	0.0	22.99	72	1.2758	2.1219	150	150.83	959.92	
83511	68	151.3	146.2	107.5	146.2	68.5	1.25	4.58	0	876	0	0.31	5.5	22.4	0.4	0.0	22.92	72	1.2758	2.1219	150	150.83	960.08	
84043	68	151.5	146.2	108.0	146.5	68.8	1.44	4.58	0	877	0	0.31	5.5	22.4	0.4	0.0	22.59	72	1.2758	2.1219	150	150.93	959.84	
84613	68	151.7	146.8	108.0	146.8	69.2	1.44	4.58	0	883	0	0.31	5.5	22.4	0.4	0.0	22.64	72	1.2758	2.1219	150	150.93	959.92	
85136	68	151.9	146.8	108.3	146.8	69.8	1.44	4.58	0	884	0	0.31	5.5	22.4	0.4	0.0	22.66	72	1.2758	2.1219	150	150.93	959.84	
85709	68	152.1	147.2	108.6	147.2	69.8	1.44	4.58	0	881	0	0.31	5.5	22.4	0.4	0.0	22.55	72	1.2758	2.1219	150	150.93	960.08	
86236	68	152.3	147.5	108.6	147.5	69.8	1.25	4.58	0	882	0	0.31	5.5	22.4	0.4	0.0	22.41	72	1.2758	2.1219	150	150.93	960.16	
86826	68	152.5	147.5	108.6	147.8	69.5	1.44	4.58	0	886	0	0.31	5.5	22.4	0.4	0.0	22.36	72	1.2758	2.1219	150	150.93	960.00	
87389	68	152.7	147.8	108.8	147.8	70.2	1.44	4.58	0	884	0	0.31	5.5	22.4	0.4	0.0	22.20	72	1.2758	2.1219	150	150.93	959.77	
87923	68	152.9	148.2	109.2	148.2	70.2	1.25	4.58	0	883	0	0.31	5.5	22.4	0.4	0.0	22.20	72	1.2758	2.1219	150	151.05	959.61	
88548	68	153.1	148.2	109.3	148.2	70.5	1.25	4.58	0	858	0	0.31	5.5	22.4	0.4	0.0	23.58	72	1.2758	2.1219	150	151.05	959.61	
89059	68	153.3	148.5	109.5	148.5	70.5	1.25	4.58	0	890	0	0.31	5.5	22.4	0.4	0.0	22.69	72	1.2758	2.1219	150	151.05	959.77	
89594	68	153.5	148.8	109.8	148.8	70.8	1.25	4.58	0	905	0	0.31	5.5	22.4	0.4	0.0	21.77	72	1.2758	2.1219	150	151.05	960.00	
90155	68	153.7	148.8	109.8	148.8	70.8	1.44	4.58	0	898	0	0.31	5.5	22.4	0.4	0.0	21.77	72	1.2758	2.1219	150	151.14	959.84	
90722	68	153.9	149.5	110.0	149.5	71.2	1.25	4.58	0	896	0	0.31	5.5	22.4	0.4	0.0	21.66	72	1.2758	2.1219	150	151.14	960.00	
91291	68	154.1	149.5	110.3	149.5	71.2	1.25	4.58	0	892	0	0.31	5.5	22.4	0.4	0.0	21.80	72	1.2758	2.1219	150	151.14	959.92	
91925	68	154.3	149.8	110.6	149.5	71.5	1.25	4.58	0	900	0	0.31	5.5	22.4	0.4	0.0	21.61	72	1.2758	2.1219	150	151.23	959.77	
92494	68	154.6	149.8	110.6	149.8	71.8	1.25	4.58	0	896	0	0.31	5.5	22.4	0.4	0.0	21.63	72	1.2758	2.1219	150	151.23	959.77	
93022	68	154.8	150.2	110.8	150.2	71.5	1.25	4.58	0	886	0	0.31	5.5	22.4	0.4	0.0	21.66	72	1.2758	2.1219	150	151.23	959.61	
93573	68	155.0	150.2	111.0	150.2	72.2	1.44	4.58	0	885	0	0.31	5.5	22.4	0.4	0.0	22.71	72	1.2758	2.1219	150	151.35	959.06	
94104	68	155.2	150.5	111.1	150.5	72.2	1.44	4.58	0	920	0	0.31	5.5	22.4	0.4	0.0	24.98	72	1.2758	2.1219	150	151.35	960.16	
94661	68	155.4	150.8	111.3	150.8	72.5	1.25	4.58	0	926	0	0.31	5.5	22.4	0.4	0.0	23.51	72	1.2758	2.1219	150	151.35	960.16	
95188	68	155.7	150.8	111.6	150.8	72.5	1.44	4.58	0	913	0	0.31	5.5	22.4	0.4	0.0	24.33	72	1.2758	2.1219	150	151.44	960.16	
95783	68	155.9	151.2	111.7	150.8	72.2	1.44	4.58	0	911	0	0.56	5.5	22.4	0.4	0.0	24.09	72	1.2758	2.1219	150	151.44	960.70	
96383	68	156.1	151.5	111.7	151.5	72.5	1.44	4.58	0	901	0	0.31	5.5	22.4	0.4	0.0	23.55	72	1.2758	2.1219	150	151.54	960.47	
96913	68	156.3	151.5	112.0	151.5	72.8	1.44	4.58	0	890	0	0.31	5.5	22.4	0.4	0.0	23.81	72	1.2758	2.1219	150	151.54	960.39	
97481	68	156.6	151.5	112.3	151.5	73.2	1.44	4.58	0	893	0	0.31	5.5	22.4	0.4	0.0	23.55	72	1.2758	2.1219	150	151.63	960.31	
98061	68	156.8	152.2	112.5	152.2	73.2	1.44	4.58	0	889	0	0.31	5.5	22.4	0.4	0.0	23.72	72	1.2758	2.1219	150	151.63	960.31	
98500	68	157.0	152.2	112.5	152.2	73.5	1.25	4.58	0	883	0	0.31	5.5	22.4	0.4	0.0	23.44	72	1.2758	2.1219	150	151.75	960.31	
99057	68	157.2	152.5	112.8	152.8	73.5	1.25	4.58	0	877	0	0.31	5.5	22.4	0.4	0.0	23.79	72	1.2758	2.1219	150	151.75	960.47	
99608	68	157.5	152.5	113.0	152.5	73.5	1.44	4.58	0	880	0	0.31	5.5	22.4	0.4	0.0	23.79	72	1.2758	2.1219	150	151.84	960.39	
100284	68	157.7	152.5	113.3	152.8	73.8	1.44	4.58	0	884	0	0.31	5.5	22.4	0.4	0.0	23.62	72	1.2758	2.1219	150	151.84	960.31	
100871	68	158.0	153.5	113.3	153.2	74.2	1.25	4.58	0	885	0	0.31	5.5	22.4	0.4	0.0	23.84	72	1.2758	2.1219	150	151.94	960.47	
101382	68	158.3	153.2	113.5	153.5	73.8	1.44	4.58	0	883	0	0.31	5.5	22.4	0.4	0.0	23.58	72	1.2758	2.1219	150	152.03	960.39	
101909	68	158.5	153.5	113.8	153.5	74.2	1.25	4.58	0	884	0	0.31	5.5	22.4	0.4	0.0	23.65	72	1.2758	2.1219	150	152.03	960.70	
102426	68	158.7	153.5	114.1	153.8	74.2	1.25	4.58	0	880	0	0.31	5.5	22.4	0.4	0.0	23.86	72	1.2758	2.1219	150	152.15	960.47	
102955	67	158.9	154.2	114.0	154.2	74.5	1.44	4.58	0	872	0	0.31	5.5	22.4	0.4	0.0	23.93	72	1.2758	2.1219	150	152.15	960.31	
103490	67	159.2	153.8	114.3	154.2	74.8	1.44	4.58	0	874	0	0.31	5.5	22.4	0.4	0.0	23.86	72	1.2758	2.1219	150	152.24	960.47	
104030	67	159.4	153.8	114.6	154.2	74.8	1.25	4.58	0	882	0	0.31	5.5	22.4	0.4	0.0	23.91	72	1.2758	2.1219	150	152.33	960.55	
104552	67	159.6	154.5	114.6	154.5	74.5	1.44	4.58	0	882	0	0.31	5.5	22.4	0.4	0.0	23.72	72	1.2758	2.1219	150	152.33	960.39	
105073	67	159.9	154.8	114.6	154.8	74.8	1.25	4.58	0	877	0	0.31	5.5	22.4	0.4	0.0	23.81	72	1.2758	2.1219	150	152.43	960.39	
105621	67	160.1	154.8	115.1	154.5	75.5	1.25	4.58	0	873	0	0.31	5.5	22.4	0.4	0.0	24.14	72	1.2758	2.1219	150	152.55	960.47	
106153	67	160.4	155.2	115.2	155.2	75.5	1.25	4.58	0	876	0	0.31	5.5	22.4	0.4	0.0	24.00	72	1.2758	2.1219	150	152.55	960.47	
106694	67	160.6	155.2	115.3	155.2	75.5	1.25	4.58	0	875	0	0.31	5.5	22.4	0.4	0.0	24.07	72	1.2758	2.1219	150	152.64	960.47	
107234	67	160.9	155.5	115.5	155.5	75.5	1.25	4.58	0	875	0	0.31	5.5	22.4	0.4	0.0	24.12	72	1.2758	2.1219	150	152.73	960.55	
107817	67	161.1	155.5	115.6	155.8	75.8	1.25	4.58	0	869	0	0.31	5.5	22.4	0.4	0.0	24.35	72	1.2758	2.1219	150	152.85	960.70	
108363	67	161.4	155.8	115.5	155.8	75.8	1.44	4.58	0	872	0	0.31	5.5	22.4	0.4	0.0	24.19	72	1.2758	2.1219	150	152.94	960.47	
109052	67	161.7	155.8	116.3	156.2	75.8	1.44	4.58	0	873	0	0.31	5.5	22.4	0.4	0.0	24.47	72	1.2758	2.1219	150	153.04	960.78	
109639	67	161.9	156.2	116.0	155.8	76.2	1.44	4.58	0	874	0	0.31	5.5	22.4	0.4	0.0	24.35	72	1.2758	2.1219	150	153.13	960.62	
110171	67	162.2	155.8	116.3	155.8	76.5	1.44	4.58	0	873	0	0.31	5.5	22.4	0.4	0.0	24.56	72	1.2758	2.1219	150	153.13	960.86	
110730	67	162.5	156.5	116.5	156.5	76.5	1.44	4.58	0	878	0	0.31	5.5	22.4	0.4	0.0	24.40	72	1.2758	2.1219	150	153.25	960.62	
111287	67	162.7	156.5	116.5	156.5	76.5	1.44	4.58	0	876	0	0.31	5.5	22.4	0.4	0.0	24.52	72	1.2758	2.1219	150	153.34	960.62	
111824	67	163.0	156.8	116.5	156.8	76.8	1.25	4.58	0	872	0	0.31	5.5	22.4	0.4	0.0	24.77	72	1.2758	2.1219	150	153.44	960.94	
112399	67	163.3	157.2	116.6	156.8	77.2	1.25	4.58	0	871	0	0.56	5.5	22.4	0.4	0.0	24.84	72	1.2758	2.1219	150	153.53	961.02	
112961	67	163.6	157.2	117.3	156.8	77.2	1.25	4.58	0	879	0	0.31	5.5	22.4	0.4	0.0	24.91	72	1.2758	2.1219	150	153.65	961.17	
113518	67	163.8	157.2	117.0	157.5	77.2	1.25	4.58	0	847	0	0.31	5.5	22.4	0.4	0.0	40.52	72	1.2758	2.1219	150	153.74	959.38	
114100	67	164.2	157.2	117.3	157.2	77.2	1.56	4.58	0	951	0	0.81	5.5	22.4	0.4	0.0	39.26	72	1.2758	2.1219	150	153.93	966.95	
114622	67	164.5	157.8	117.5	157.5	77.5	1.56	4.58	0	925	1	0.56	5.5	22.4	0.4	0.0	40.20	72	1.2758	2.1219	150	154.05	975.00	
115223	67	164.8	157.8	117.6	157.5	77.5	1.75	4.58	0	851	1	0.56	5.5	22.4	0.4	0.0	37.64	72	1.2758	2.1219	150	154.14	975.31	
115741	67	165.2	157.8	117.6	157.5	77.8	1.75	4.58	0	929	1	0.81	5.5	22.4	0.4	0.0	37.55	72	1.2758	2.1219	150	154.23	977.19	
116278	67	165.6	158.2	118.2	157.8	77.8	1.44	4.58	0	912	0	0.56	5.5	22.4	0.4	0.0	35.23	72	1.2758	2.1219	150	154.44	974.84	
116845	67	166.0	158.2	118.3	158.2	78.2	1.44	4.58	0	941	0	0.56	5.5	22.4	0.4	0.0	32.02	72	1.2758	2.1219	150	154.54	974.77	
117412	67	166.4	158.5	118.5	158.5	78.5	1.56	4.58	0	932	0	0.31	5.5	22.4	0.4	0.0	29.41	72	1.2758	2.1219	150	154.75	972.11	
118075	67	166.8	158.5	118.5	158.5	78.5	1.44	4.58	0	912	0	0.56	5.5	22.4	0.4	0.0	32.84	72	1.2758	2.1219	155	154.94	968.52	
118623	67	167.2	158.5	118.6	158.8	78.5	1.56	4.58	0	932	0	0.56	5.5	22.4	0.4	0.0	31.66	72	1.2758	2.1219	155	155.03	970.16	
119147	67	167.7	158.8	119.0	158.8	78.8	1.44	4.58	0	920	0	0.56	5.5	22.4	0.4	0.0	31.36	72	1.2758	2.1219	155	155.24	970.08	
119677	67	168.2	159.2	119.0	159.2	78.8	1.56	4.58	0	926	0	0.56	5.5	22.4	0.4	0.0	30.75	72	1.2758	2.1219	155	155.33	970.39	
120242	67	168.7	159.5	119.3	159.5	79.2	1.56	4.58	0	926	0	0.56	5.5	22.4	0.4	0.0	29.60	72	1.2758	2.1219	155	155.55	970.16	
120816	67	169.1	159.5	119.3	159.5	79.2	1.44	4.58	0	917	0	0.56	5.5	22.4	0.4	0.0	28.38	72	1.2758	2.1219	155	155.73	969.06	
121347	67	169.6	160.2	119.8	159.8	79.5	1.44	4.58	0	921	0	0.56	5.5	22.4	0.4	0.0	26.13	72	1.2758	2.1219	155	155.85	967.73	
121925	66	170.1	160.2	120.0	160.2	79.2	1.44	4.58	0	919	0	0.31	5.5	22.4	0.4	0.0	24.21	72	1.2758	2.1219	155	156.04	964.53	
122449	66	170.5	160.2	120.0	160.5	79.2	1.44	4.58	0	867	0	0.56	5.5	22.4	0.4	0.0	41.20	72	1.2758	2.1219	155	156.25	966.41	
122971	67	171.0	160.2	119.8	160.2	79.8	1.56	4.58	0	916	0	0.81	5.5	22.4	0.4	0.0	38.25	72	1.2758	2.1219	155	156.34	972.34	
123495	67	171.5	159.8	120.0	160.2	79.8	1.56	4.58	0	933	0	0.56	5.5	22.4	0.4	0.0	37.45	72	1.2758	2.1219	155	156.53	973.44	
124076	66	172.1	160.8	120.3	160.8	80.2	1.44	4.58	0	960	1	0.81	5.5	22.4	0.4	0.0	38.06	72	1.2758	2.1219	155	156.74	977.19	
124640	66	172.7	160.5	120.3	160.5	79.8	1.56	4.58	0	937	0	0.56	5.5	22.4	0.4	0.0	39.21	72	1.2758	2.1219	155	156.93	975.55	
125174	66	173.3	161.5	120.6	160.8	80.5	1.44	4.58	0	980	1	0.56	5.5	22.4	0.4	0.0	40.34	72	1.2758	2.1219	155	157.14	978.98	
125717	66	173.9	161.5	120.8	161.2	80.5	1.56	4.58	0	892	1	0.81	5.5	22.4	0.4	0.0	40.90	72	1.2758	2.1219	155	157.44	980.00	
126366	66	174.6	161.5	121.1	161.5	80.5	1.56	4.58	0	948	1	0.81	5.5	22.4	0.4	0.0	40.15	72	1.2758	2.1219	155	157.75	983.28	
126906	66	175.3	161.8	121.3	161.5	80.8	1.56	4.58	0	885	0	0.56	5.5	22.4	0.4	0.0	38.77	72	1.2758	2.1219	155	157.94	979.77	
127497	66	176.2	161.8	121.5	162.2	80.8	1.44	4.58	0	1,008	0	0.56	5.5	22.4	0.4	0.0	38.60	72	1.2758	2.1219	155	158.24	981.02	
128011	66	177.0	162.5	121.5	162.5	80.8	1.56	4.58	0	910	0	0.56	5.5	22.4	0.4	0.0	38.79	72	1.2758	2.1219	155	158.43	982.89	
128555	66	177.8	162.2	122.0	162.5	81.2	1.44	4.58	0	944	0	0.56	5.5	22.4	0.4	0.0	31.29	72	1.2758	2.1219	155	158.73	978.75	
129111	66	178.5	162.5	121.8	162.5	81.5	1.56	4.58	0	873	0	0.56	5.5	22.4	0.4	0.0	37.05	72	1.2758	2.1219	155	159.04	974.84	
129658	66	179.3	162.5	122.5	162.8	81.8	1.56	4.58	0	928	0	0.56	5.5	22.4	0.4	0.0	38.37	72	1.2758	2.1219	155	159.25	973.67	
130184	66	180.2	162.8	122.6	162.8	81.5	1.56	4.58	0	946	1	0.81	5.5	22.4	0.4	0.0	41.04	72	1.2758	2.1219	155	159.53	977.81	
130759	66	181.1	163.2	122.3	162.8	81.8	1.75	4.58	0	888	1	0.56	5.5	22.4	0.4	0.0	39.82	72	1.2758	2.1219	155	159.83	979.92	
131315	66	182.0	163.2	122.8	163.5	82.2	1.56	4.58	0	951	1	0.56	5.5	22.4	0.4	0.0	39.98	72	1.2758	2.1219	160	160.23	980.86	
131872	66	182.9	163.8	122.8	163.5	82.2	1.75	4.58	0	909	1	0.56	5.5	22.4	0.4	0.0	38.13	72	1.2758	2.1219	160	160.54	980.47	
132432	66	183.9	163.8	123.2	163.8	82.2	1.44	4.58	0	992	2	0.56	5.5	22.4	0.4	0.0	36.28	72	1.2758	2.1219	160	160.84	978.91	
132987	66	185.1	163.8	123.0	164.2	82.5	1.44	4.58	0	971	1	0.81	5.5	22.4	0.4	0.0	34.95	72	1.2758	2.1219	160	161.24	977.66	
133560	66	186.1	164.2	123.3	164.2	82.2	1.56	4.58	0	943	2	0.56	5.5	22.4	0.4	0.0	33.38	72	1.2758	2.1219	160	161.55	974.84	
134102	66	187.2	164.5	123.5	164.8	82.5	1.25	4.58	0	972	2	0.31	5.5	22.4	0.4	0.0	31.59	72	1.2758	2.1219	160	161.94	971.33	
134642	66	188.2	164.8	123.8	164.8	83.2	1.44	4.58	0	1,000	2	0.56	5.5	22.4	0.4	0.0	35.34	72	1.2758	2.1219	160	162.25	972.11	
135309	66	189.3	165.2	123.8	165.2	82.8	1.44	4.58	0	972	2	0.81	5.5	22.4	0.4	0.0	37.78	72	1.2758	2.1219	160	162.74	975.08	
135846	66	190.5	165.5	124.3	165.5	83.2	1.56	4.58	0	940	1	0.81	5.5	22.4	0.4	0.0	39.52	72	1.2758	2.1219	160	163.14	977.19	
136374	66	191.8	165.5	124.5	165.5	83.5	1.56	4.58	0	943	1	0.81	5.5	22.4	0.4	0.0	38.32	72	1.2758	2.1219	160	163.54	977.42	
136935	65	193.1	165.8	124.6	165.8	83.5	1.44	4.58	0	982	1	0.31	5.5	22.4	0.4	0.0	43.66	72	1.2758	2.1219	160	163.94	976.25	
137522	65	194.5	165.5	124.6	166.2	83.5	1.56	4.58	0	1,051	1	1.12	5.5	22.4	0.4	0.0	41.34	72	1.2758	2.1219	160	164.43	980.31	
138091	65	196.0	166.2	125.1	166.2	83.8	1.25	4.58	0	1,117	2	0.81	5.5	22.4	0.4	0.0	36.49	72	1.2758	2.1219	165	165.04	979.06	
138686	65	197.5	166.5	125.0	166.5	83.8	1.56	4.58	0	981	2	0.56	5.5	22.4	0.4	0.0	43.90	72	1.2758	2.1219	165	165.44	978.52	
139287	65	199.2	166.8	125.3	166.8	84.2	1.25	4.58	0	1,203	1	1.94	5.5	22.4	0.4	0.0	46.50	72	1.2758	2.1219	165	166.05	983.67	
139826	65	200.9	166.8	125.5	166.8	84.2	1.75	4.58	0	1,382	1	3.25	5.5	22.4	0.4	0.0	42.33	72	1.2758	2.1219	165	166.75	1,015.16	
140413	65	202.9	167.5	125.8	167.8	84.8	1.25	4.58	0	984	2	0.81	5.5	22.4	0.4	0.0	48.54	72	1.2758	2.1219	165	167.43	986.41	
140929	65	204.5	167.5	126.3	167.5	84.5	1.44	4.58	0	1,060	2	1.38	5.5	22.4	0.4	0.0	30.26	72	1.2758	2.1219	165	167.94	978.20	
141543	65	206.3	168.2	126.3	167.8	84.5	1.56	4.58	0	908	1	0.56	5.5	22.4	0.4	0.0	45.21	72	1.2758	2.1219	165	168.65	971.02	
142082	65	208.1	168.2	126.8	168.5	84.8	1.94	4.58	0	1,443	1	3.50	5.5	22.4	0.4	0.0	56.98	72	1.2758	2.1219	165	169.35	1,004.45	
142607	65	210.4	168.8	127.0	168.8	85.2	1.25	4.58	0	1,324	2	3.81	5.5	22.4	0.4	0.0	32.60	72	1.2758	2.1219	170	170.24	996.25	
143155	65	212.5	169.2	127.0	169.2	85.5	1.25	4.58	0	1,168	2	1.38	5.5	22.4	0.4	0.0	36.19	72	1.2758	2.1219	170	170.85	988.75	
143746	65	214.6	169.5	127.3	169.5	85.2	1.75	4.58	0	1,201	1	2.44	5.5	22.4	0.4	0.0	48.49	72	1.2758	2.1219	170	171.83	992.97	
144396	65	217.0	170.2	127.6	169.8	85.5	1.75	4.58	0	1,397	2	3.50	5.5	22.4	0.4	0.0	30.45	72	1.2758	2.1219	170	172.94	995.08	
144919	64	219.3	170.5	128.0	170.5	85.8	1.56	4.58	0	857	3	0.56	5.5	22.4	0.4	0.0	44.16	72	1.2758	2.1219	170	173.64	989.06	
145494	64	222.0	170.8	128.3	170.8	85.8	1.25	4.58	0	957	4	0.56	5.5	22.4	0.4	0.0	29.34	72	1.2758	2.1219	170	174.53	987.50	
146105	64	224.1	171.2	128.8	171.5	85.8	1.25	4.58	0	837	3	0.31	5.5	22.4	0.4	0.0	33.89	73	1.2758	2.1219	175	175.44	974.69	
146656	64	226.0	171.8	128.8	171.8	86.5	1.44	4.58	0	889	2	0.56	5.5	22.4	0.4	0.0	28.22	73	1.2758	2.1219	175	176.15	972.11	
147255	64	228.0	172.2	129.3	171.8	86.2	1.25	4.58	0	894	1	0.56	5.5	22.4	0.4	0.0	30.16	73	1.2758	2.1219	175	176.94	966.95	
147881	64	229.9	172.5	129.3	172.8	86.5	1.44	4.58	0	897	1	0.56	5.5	22.4	0.4	0.0	28.45	73	1.2758	2.1219	175	177.83	966.80	
148432	64	231.6	172.8	130.0	172.8	86.8	1.44	4.58	0	884	0	0.56	5.5	22.4	0.4	0.0	25.52	73	1.2758	2.1219	175	178.63	965.62	
149051	64	233.3	173.2	129.8	173.2	86.8	1.25	4.58	0	909	0	0.56	5.5	22.4	0.4	0.0	23.58	73	1.2758	2.1219	175	179.43	964.14	
149605	64	235.0	173.2	130.2	173.5	87.2	1.25	4.58	0	872	0	0.56	5.5	22.4	0.4	0.0	21.63	73	1.2758	2.1219	180	180.13	963.05	
150134	64	236.3	173.8	130.6	173.5	87.2	1.25	4.58	0	849	0	0.31	5.5	22.4	0.4	0.0	22.38	73	1.2758	2.1219	180	180.74	961.88	
150675	64	237.6	173.8	130.8	173.5	87.5	1.25	4.58	0	876	0	0.31	5.5	22.4	0.4	0.0	21.96	73	1.2758	2.1219	180	181.44	961.25	
151302	65	239.1	174.2	130.6	174.5	87.5	1.25	4.58	0	896	0	0.31	5.5	22.4	0.4	0.0	21.42	73	1.2758	2.1219	180	182.15	960.62	
151872	65	240.4	174.5	131.3	174.5	87.8	1.25	4.58	0	898	0	0.31	5.5	22.4	0.4	0.0	21.45	73	1.2758	2.1219	180	182.85	960.62	
152469	65	241.7	174.8	131.3	174.5	87.5	1.25	4.58	0	883	0	0.31	5.5	22.4	0.4	0.0	21.52	73	1.2758	2.1219	180	183.53	960.31	
153137	65	242.9	174.5	131.1	174.8	88.2	1.25	4.58	0	877	0	0.31	5.5	22.4	0.4	0.0	21.66	73	1.2758	2.1219	180	184.35	959.77	
153671	65	244.0	174.8	131.5	174.8	88.2	1.25	4.58	0	878	0	0.31	5.5	22.4	0.4	0.0	21.66	73	1.2758	2.1219	185	184.94	959.92	
154282	65	245.4	175.2	131.8	175.2	88.5	1.25	4.58	0	889	0	0.31	5.5	22.4	0.4	0.0	21.56	73	1.2758	2.1219	185	185.55	960.16	
154808	65	246.5	175.2	131.8	175.2	88.5	1.25	4.58	0	876	0	0.31	5.5	22.4	0.4	0.0	21.26	73	1.2758	2.1219	185	186.25	960.00	
155383	65	247.5	175.5	132.0	175.5	88.8	1.25	4.58	0	873	0	0.31	5.5	22.4	0.4	0.0	21.80	73	1.2758	2.1219	185	186.74	959.77	
155911	65	248.5	175.5	132.1	175.5	89.2	1.25	4.58	0	891	0	0.31	5.5	22.4	0.4	0.0	21.21	73	1.2758	2.1219	185	187.44	960.16	
156500	65	249.5	175.5	132.1	175.2	88.8	1.25	4.58	0	888	0	0.31	5.5	22.4	0.4	0.0	20.98	73	1.2758	2.1219	185	188.03	960.00	
157052	65	250.4	175.8	132.3	175.8	89.2	1.25	4.58	0	875	0	0.31	5.5	22.4	0.4	0.0	21.09	73	1.2758	2.1219	185	188.55	959.77	
157576	65	251.4	175.8	132.3	176.2	89.2	1.25	4.58	0	866	0	0.31	5.5	22.4	0.4	0.0	21.30	73	1.2758	2.1219	185	189.04	959.61	
158159	65	252.4	175.8	132.8	175.8	89.5	1.25	4.58	0	868	0	0.31	5.5	22.4	0.4	0.0	21.77	73	1.2758	2.1219	185	189.74	959.45	
158700	65	253.2	176.2	132.6	176.2	89.5	1.25	4.58	0	888	0	0.31	5.5	22.4	0.4	0.0	21.28	73	1.2758	2.1219	190	190.35	959.61	
159272	65	254.1	175.8	132.8	175.8	89.8	1.44	4.58	0	889	0	0.31	5.5	22.4	0.4	0.0	21.19	73	1.2758	2.1219	190	190.84	959.69	
159801	65	255.0	176.2	133.3	176.5	90.2	1.25	4.58	0	879	0	0.31	5.5	22.4	0.4	0.0	21.07	73	1.2758	2.1219	190	191.43	959.61	
160332	65	255.7	176.2	133.2	176.5	90.2	1.25	4.58	0	873	0	0.31	5.5	22.4	0.4	0.0	21.38	73	1.2758	2.1219	190	191.94	959.45	
160962	65	256.6	176.2	133.3	176.2	90.2	1.25	4.58	0	879	0	0.31	5.5	22.4	0.4	0.0	21.38	73	1.2758	2.1219	190	192.53	959.45	
161539	65	257.6	176.2	133.3	176.5	90.5	1.25	4.58	0	885	0	0.31	5.5	22.4	0.4	0.0	21.16	73	1.2758	2.1219	190	193.14	959.61	
162181	65	258.3	176.2	133.3	176.2	90.5	1.25	4.58	0	871	0	0.31	5.5	22.4	0.4	0.0	21.54	73	1.2758	2.1219	190	193.75	959.61	
162727	65	259.1	176.5	133.5	176.5	90.8	1.25	4.58	0	883	0	0.31	5.5	22.4	0.4	0.0	21.33	73	1.2758	2.1219	190	194.33	959.61	
163224	65	259.9	176.8	133.8	176.5	90.8	1.25	4.58	0	877	0	0.31	5.5	22.4	0.4	0.0	21.19	73	1.2758	2.1219	190	194.85	959.45	
163810	65	260.7	176.8	133.5	176.5	91.2	1.25	4.58	0	868	0	0.31	5.5	22.4	0.4	0.0	21.56	73	1.2758	2.1219	195	195.44	959.30	
164369	65	261.4	176.5	134.1	176.8	91.2	1.25	4.58	0	878	0	0.31	5.5	22.4	0.4	0.0	21.61	73	1.2758	2.1219	195	195.93	959.45	
164899	65	262.2	176.5	134.0	176.5	91.5	1.25	4.58	0	889	0	0.31	5.5	22.4	0.4	0.0	21.19	73	1.2758	2.1219	195	196.54	959.53	
165443	65	262.9	176.5	134.0	176.8	91.5	1.25	4.58	0	890	0	0.31	5.5	22.4	0.4	0.0	20.81	73	1.2758	2.1219	195	196.94	959.53	
165971	65	263.5	176.8	134.1	176.8	91.8	1.25	4.58	0	877	0	0.31	5.5	22.4	0.4	0.0	21.21	73	1.2758	2.1219	195	197.43	959.45	
166518	65	264.2	176.8	134.3	176.8	91.8	1.25	4.58	0	872	0	0.31	5.5	22.4	0.4	0.0	21.30	73	1.2758	2.1219	195	198.04	959.61	
167100	65	264.9	177.2	134.1	177.2	91.8	1.25	4.58	0	874	0	0.31	5.5	22.4	0.4	0.0	21.30	73	1.2758	2.1219	195	198.65	959.45	
167670	65	265.6	176.8	135.0	176.8	92.2	1.25	4.58	0	882	0	0.31	5.5	22.4	0.4	0.0	21.66	73	1.2758	2.1219	195	199.14	959.53	
168233	65	266.3	176.8	134.8	176.8	92.5	1.25	4.58	0	883	0	0.31	5.5	22.4	0.4	0.0	21.30	73	1.2758	2.1219	195	199.75	959.45	
168761	65	266.9	176.8	134.8	176.8	92.5	1.25	4.58	0	873	0	0.31	5.5	22.4	0.4	0.0	21.54	73	1.2758	2.1219	200	200.24	959.30	
169282	65	267.5	177.2	135.0	177.2	92.5	1.25	4.58	0	885	0	0.31	5.5	22.4	0.4	0.0	21.45	73	1.2758	2.1219	200	200.64	959.45	
169821	65	268.1	177.2	134.8	177.2	92.8	1.25	4.58	0	888	0	0.31	5.5	22.4	0.4	0.0	21.02	73	1.2758	2.1219	200	201.25	959.53	
170383	65	268.7	177.2	135.1	177.2	92.5	1.25	4.58	0	879	0	0.31	5.5	22.4	0.4	0.0	21.26	73	1.2758	2.1219	200	201.74	959.45	
171021	65	269.3	177.2	135.1	177.5	92.8	1.25	4.58	0	877	0	0.31	5.5	22.4	0.4	0.0	21.38	73	1.2758	2.1219	200	202.44	959.30	
171557	65	269.9	177.5	135.1	177.8	93.5	1.25	4.58	0	878	0	0.31	5.5	22.4	0.4	0.0	21.45	73	1.2758	2.1219	200	202.94	959.53	
172112	65	270.6	177.5	135.5	177.5	93.2	1.25	4.58	0	875	0	0.31	5.5	22.4	0.4	0.0	21.35	73	1.2758	2.1219	200	203.43	959.30	
172648	65	271.2	177.5	135.6	177.5	93.2	1.25	4.58	0	882	0	0.31	5.5	22.4	0.4	0.0	21.45	73	1.2758	2.1219	200	203.94	959.45	
173190	65	271.7	177.8	135.8	177.8	93.5	1.25	4.58	0	884	0	0.31	5.5	22.4	0.4	0.0	21.26	73	1.2758	2.1219	200	204.44	959.30	
173777	65	272.4	177.8	135.6	177.8	93.8	1.25	4.58	0	878	0	0.31	5.5	22.4	0.4	0.0	21.40	73	1.2758	2.1219	205	205.05	959.61	
174316	65	272.9	178.2	136.0	177.8	93.8	1.25	4.58	0	876	0	0.31	5.5	22.4	0.4	0.0	21.28	73	1.2758	2.1219	205	205.63	959.45	
174840	65	273.5	178.2	136.0	178.2	93.8	1.25	4.58	0	880	0	0.31	5.5	22.4	0.4	0.0	21.52	73	1.2758	2.1219	205	206.03	959.45	
175372	65	274.0	178.2	136.2	177.8	93.8	1.25	4.58	0	880	0	0.31	5.5	22.4	0.4	0.0	21.33	73	1.2758	2.1219	205	206.55	959.53	
175912	65	274.5	178.2	136.2	178.2	94.5	1.25	4.58	0	879	0	0.31	5.5	22.4	0.4	0.0	21.42	73	1.2758	2.1219	205	207.13	959.30	
176474	65	275.0	178.5	136.3	178.5	94.2	1.25	4.58	0	878	0	0.31	5.5	22.4	0.4	0.0	21.30	73	1.2758	2.1219	205	207.65	959.45	
177029	65	275.5	178.2	136.5	178.2	94.2	1.25	4.58	0	877	0	0.31	5.5	22.4	0.4	0.0	21.45	73	1.2758	2.1219	205	208.14	959.61	
177610	65	276.1	178.5	136.5	178.5	94.5	1.25	4.58	0	884	0	0.31	5.5	22.4	0.4	0.0	21.19	73	1.2758	2.1219	205	208.75	959.53	
178182	65	276.6	178.5	136.5	178.5	94.5	1.25	4.58	0	883	0	0.31	5.5	22.4	0.4	0.0	21.28	73	1.2758	2.1219	205	209.24	959.77	
178731	65	277.1	178.2	136.6	178.5	94.8	1.25	4.58	0	884	0	0.31	5.5	22.4	0.4	0.0	21.56	73	1.2758	2.1219	205	209.85	959.45	
179403	65	277.6	178.8	137.0	178.8	95.2	1.25	4.58	0	888	0	0.31	5.5	22.4	0.4	0.0	21.23	73	1.2758	2.1219	210	210.44	959.45	
179960	65	278.1	178.8	136.8	178.8	95.2	1.44	4.58	0	889	0	0.31	5.5	22.4	0.4	0.0	21.21	73	1.2758	2.1219	210	210.93	959.61	
180564	65	278.7	178.8	137.0	178.8	95.5	1.25	4.58	0	885	0	0.31	5.5	22.4	0.4	0.0	21.35	73	1.2758	2.1219	210	211.54	959.53	
181113	65	279.2	179.2	137.3	179.2	95.2	1.25	4.58	0	885	0	0.31	5.5	22.4	0.4	0.0	21.14	73	1.2758	2.1219	210	212.03	959.77	
181709	65	279.7	179.2	137.1	179.2	95.5	1.25	4.58	0	869	0	0.31	5.5	22.4	0.4	0.0	21.56	73	1.2758	2.1219	210	212.64	959.45	
182279	65	280.2	179.2	137.5	179.2	95.5	1.25	4.58	0	881	0	0.31	5.5	22.4	0.4	0.0	21.75	73	1.2758	2.1219	210	213.13	959.69	
182813	65	280.6	178.8	137.3	179.2	95.5	1.25	4.58	0	890	0	0.31	5.5	22.4	0.4	0.0	21.09	73	1.2758	2.1219	210	213.65	959.38	
183358	65	281.0	179.5	137.3	179.5	95.8	1.25	4.58	0	878	0	0.31	5.5	22.4	0.4	0.0	21.23	73	1.2758	2.1219	210	214.14	959.77	
183890	65	281.4	179.5	137.8	179.5	95.8	1.25	4.58	0	868	0	0.31	5.5	22.4	0.4	0.0	21.80	73	1.2758	2.1219	210	214.63	959.45	
184432	65	281.9	179.5	137.8	179.5	96.5	1.25	4.58	0	884	0	0.31	5.5	22.4	0.4	0.0	21.52	73	1.2758	2.1219	215	215.15	959.61	
184961	65	282.3	179.8	137.8	179.2	96.5	1.25	4.58	0	891	0	0.31	5.5	22.4	0.4	0.0	21.26	73	1.2758	2.1219	215	215.64	959.61	
185544	65	282.7	179.8	138.3	179.8	96.5	1.25	4.58	0	881	0	0.31	5.5	22.4	0.4	0.0	21.26	73	1.2758	2.1219	215	216.25	959.61	
186095	65	283.2	179.8	138.3	179.8	96.2	1.25	4.58	0	878	0	0.31	5.5	22.4	0.4	0.0	21.40	73	1.2758	2.1219	215	216.65	959.45	
186625	65	283.5	179.8	138.1	180.2	96.8	1.25	4.58	0	875	0	0.31	5.5	22.4	0.4	0.0	21.40	73	1.2758	2.1219	215	217.23	959.61	
187216	65	284.0	180.2	138.5	179.5	96.8	1.25	4.58	0	876	0	0.31	5.5	22.4	0.4	0.0	21.59	73	1.2758	2.1219	215	217.84	959.61	
187780	65	284.4	180.2	138.5	179.8	96.8	1.25	4.58	0	877	0	0.31	5.5	22.4	0.4	0.0	21.40	73	1.2758	2.1219	215	218.43	959.45	
188479	65	284.8	180.5	138.8	180.5	97.2	1.25	4.58	0	883	0	0.31	5.5	22.4	0.4	0.0	21.49	73	1.2758	2.1219	215	219.13	959.53	
189024	65	285.2	180.2	138.6	180.2	97.2	1.25	4.58	0	882	0	0.31	5.5	22.4	0.4	0.0	21.38	73	1.2758	2.1219	215	219.74	959.61	
189572	65	285.6	180.5	138.8	180.8	97.5	1.25	4.58	0	879	0	0.31	5.5	22.4	0.4	0.0	21.42	73	1.2758	2.1219	220	220.23	959.38	
190126	65	286.0	181.5	139.5	181.2	97.5	1.25	4.58	0	876	0	0.31	5.5	22.4	0.4	0.0	21.54	73	1.2758	2.1219	220	220.94	959.45	
190650	65	286.4	180.8	139.1	181.2	97.5	1.25	4.58	0	878	0	0.31	5.5	22.4	0.4	0.0	21.49	73	1.2758	2.1219	220	221.43	959.61	
191195	65	286.7	181.2	139.5	181.2	97.5	1.25	4.58	0	877	0	0.31	5.5	22.4	0.4	0.0	21.42	73	1.2758	2.1219	220	222.04	959.69	
191730	65	287.1	181.5	139.8	181.2	98.5	1.25	4.58	0	886	0	0.31	5.5	22.4	0.4	0.0	21.35	73	1.2758	2.1219	220	222.65	959.61	
192303	65	287.4	181.5	139.6	181.5	97.8	1.25	4.58	0	881	0	0.31	5.5	22.4	0.4	0.0	21.47	73	1.2758	2.1219	220	223.35	959.77	
192892	65	287.8	181.5	139.6	181.2	98.5	1.25	4.58	0	883	0	0.31	5.5	22.4	0.4	0.0	21.45	73	1.2758	2.1219	220	223.84	959.77	
193417	65	288.2	181.5	140.0	181.8	98.5	1.25	4.58	0	887	0	0.31	5.5	22.4	0.4	0.0	21.47	73	1.2758	2.1219	220	224.55	959.77	
193972	65	288.5	181.8	140.3	181.8	98.2	1.25	4.58	0	886	0	0.31	5.5	22.4	0.4	0.0	21.40	73	1.2758	2.1219	225	225.04	959.77	
194503	65	288.8	181.5	140.3	181.5	98.5	1.25	4.58	0	890	0	0.31	5.5	22.4	0.4	0.0	21.23	73	1.2758	2.1219	225	225.74	959.61	
195047	66	289.1	182.2	140.2	182.2	98.5	1.25	4.58	0	888	0	0.31	5.5	22.4	0.4	0.0	21.30	73	1.2758	2.1219	225	226.23	959.69	
195578	65	289.5	182.2	140.3	182.5	98.8	1.25	4.58	0	881	0	0.31	5.5	22.4	0.4	0.0	21.47	73	1.2758	2.1219	225	226.84	959.61	
196103	65	289.8	182.2	140.3	182.5	98.8	1.25	4.58	0	881	0	0.31	5.5	22.4	0.4	0.0	21.77	73	1.2758	2.1219	225	227.55	959.61	
196691	65	290.1	182.5	140.6	182.5	98.8	1.25	4.58	0	889	0	0.31	5.5	22.4	0.4	0.0	21.33	73	1.2758	2.1219	225	228.04	959.61	
197316	66	290.4	182.5	140.8	182.5	99.2	1.25	4.58	0	888	0	0.31	5.5	22.4	0.4	0.0	21.45	73	1.2758	2.1219	225	228.83	959.77	
197909	66	290.8	182.8	140.8	182.8	98.8	1.25	4.58	0	887	0	0.31	5.5	22.4	0.4	0.0	21.54	73	1.2758	2.1219	225	229.44	959.69	
198431	66	291.1	183.2	141.3	182.8	99.5	1.25	4.58	0	892	0	0.31	5.5	22.4	0.4	0.0	21.33	73	1.2758	2.1219	230	230.03	959.84	
199003	66	291.5	183.2	141.3	183.2	99.5	1.25	4.58	0	887	0	0.31	5.5	22.4	0.4	0.0	21.42	73	1.2758	2.1219	230	230.73	959.92	
199570	65	291.8	183.5	141.5	183.5	99.5	1.25	4.58	0	885	0	0.31	5.5	22.4	0.4	0.0	21.49	73	1.2758	2.1219	230	231.25	959.77	
200159	65	292.1	183.5	141.3	183.5	99.8	1.25	4.58	0	881	0	0.31	5.5	22.4	0.4	0.0	21.61	73	1.2758	2.1219	230	231.93	959.69	
200700	66	292.4	183.8	141.6	183.5	100.2	1.25	4.58	0	889	0	0.31	5.5	22.4	0.4	0.0	21.40	73	1.2758	2.1219	230	232.54	959.84	
201284	66	292.7	183.8	141.8	183.8	99.8	1.25	4.58	0	894	0	0.31	5.5	22.4	0.4	0.0	21.26	73	1.2758	2.1219	230	233.15	959.69	
201853	66	293.0	183.8	142.0	183.8	99.8	1.25	4.58	0	880	0	0.31	5.5	22.4	0.4	0.0	21.45	73	1.2758	2.1219	230	233.73	959.61	
202399	65	293.2	184.2	142.2	184.5	100.2	1.25	4.58	0	881	0	0.31	5.5	22.4	0.4	0.0	21.80	73	1.2758	2.1219	230	234.44	959.92	
202958	66	293.5	184.5	142.3	183.8	100.5	1.25	4.58	0	880	0	0.31	5.5	22.4	0.4	0.0	21.49	73	1.2758	2.1219	235	234.93	959.69	
203492	66	293.8	184.2	142.3	184.5	100.2	1.25	4.58	0	891	0	0.31	5.5	22.4	0.4	0.0	21.42	73	1.2758	2.1219	235	235.44	959.84	
204041	66	294.1	184.8	142.5	184.8	100.5	1.25	4.58	0	886	0	0.31	5.5	22.4	0.4	0.0	21.21	73	1.2758	2.1219	235	236.15	959.84	
204594	66	294.3	185.2	142.6	185.2	100.5	1.25	4.58	0	873	0	0.31	5.5	22.4	0.4	0.0	21.42	73	1.2758	2.1219	235	236.64	959.69	
205142	66	294.6	184.8	143.0	184.8	100.5	1.25	4.58	0	870	0	0.31	5.5	22.4	0.4	0.0	21.89	73	1.2758	2.1219	235	237.25	959.77	
205764	66	294.9	185.2	143.0	185.2	101.5	1.25	4.58	0	884	0	0.31	5.5	22.4	0.4	0.0	21.54	73	1.2758	2.1219	235	237.93	959.61	
206294	66	295.1	185.5	143.0	185.2	101.2	1.25	4.58	0	887	0	0.31	5.5	22.4	0.4	0.0	21.38	73	1.2758	2.1219	235	238.44	959.61	
206902	66	295.4	185.5	143.1	185.5	101.2	1.25	4.58	0	887	0	0.31	5.5	22.4	0.4	0.0	21.42	73	1.2758	2.1219	235	239.15	959.69	
207492	66	295.7	185.5	143.5	185.8	101.5	1.25	4.58	0	882	0	0.31	5.5	22.4	0.4	0.0	21.26	73	1.2758	2.1219	235	239.64	959.53	
208007	66	295.9	186.2	143.6	185.8	101.2	1.25	4.58	0	879	0	0.31	5.5	22.4	0.4	0.0	21.35	73	1.2758	2.1219	240	240.34	959.69	
208553	66	296.2	186.2	143.8	186.2	101.5	1.25	4.58	0	872	0	0.31	5.5	22.4	0.4	0.0	21.47	73	1.2758	2.1219	240	240.83	959.69	
209097	66	296.4	186.5	144.1	186.8	101.5	1.25	4.58	0	876	0	0.31	5.5	22.4	0.4	0.0	21.82	73	1.2758	2.1219	240	241.44	959.61	
209632	66	296.6	186.5	144.1	186.5	101.5	1.25	4.58	0	885	0	0.31	5.5	22.4	0.4	0.0	21.14	73	1.2758	2.1219	240	241.94	959.53	
210150	66	296.9	186.8	144.3	186.5	101.8	1.25	4.58	0	879	0	0.31	5.5	22.4	0.4	0.0	21.21	73	1.2758	2.1219	240	242.43	959.69	
210677	66	297.1	186.8	144.5	187.2	102.2	1.25	4.58	0	869	0	0.31	5.5	22.4	0.4	0.0	21.63	73	1.2758	2.1219	240	242.94	959.61	
211244	66	297.3	186.8	144.5	187.2	102.2	1.25	4.58	0	884	0	0.31	5.5	22.4	0.4	0.0	21.73	73	1.2758	2.1219	240	243.53	960.00	
211778	66	297.6	186.8	144.7	187.2	102.2	1.25	4.58	0	885	0	0.31	5.5	22.4	0.4	0.0	21.07	73	1.2758	2.1219	240	244.05	959.84	
212364	66	297.8	187.5	145.1	187.5	102.5	1.06	4.58	0	866	0	0.31	5.5	22.4	0.4	0.0	21.56	73	1.2758	2.1219	240	244.63	959.61	
212907	66	298.0	187.8	145.1	187.8	102.5	1.25	4.58	0	873	0	0.31	5.5	22.4	0.4	0.0	21.66	73	1.2758	2.1219	245	245.24	959.53	
213444	66	298.2	188.2	145.0	188.2	102.5	1.25	4.58	0	887	0	0.31	5.5	22.4	0.4	0.0	21.35	73	1.2758	2.1219	245	245.73	959.69	
213980	66	298.4	187.8	145.3	188.2	102.5	1.25	4.58	0	883	0	0.31	5.5	22.4	0.4	0.0	21.23	73	1.2758	2.1219	245	246.13	959.84	
214631	66	298.7	188.5	145.6	188.2	102.5	1.25	4.58	0	887	0	0.31	5.5	22.4	0.4	0.0	21.09	73	1.2758	2.1219	245	246.83	959.77	
215181	66	298.9	188.5	145.8	188.5	102.8	1.25	4.58	0	882	0	0.31	5.5	22.4	0.4	0.0	21.19	73	1.2758	2.1219	245	247.35	959.61	
215736	66	299.1	188.5	145.6	188.5	102.8	1.25	4.58	0	874	0	0.56	5.5	22.4	0.4	0.0	21.54	73	1.2758	2.1219	245	247.94	959.45	
216286	66	299.3	188.8	145.8	188.8	103.2	1.25	4.58	0	885	0	0.31	5.5	22.4	0.4	0.0	21.47	73	1.2758	2.1219	245	248.33	959.53	
216803	66	299.5	189.2	146.2	188.8	103.2	1.25	4.58	0	881	0	0.31	5.5	22.4	0.4	0.0	21.28	73	1.2758	2.1219	245	248.94	959.77	
217324	66	299.7	189.2	146.3	189.2	103.2	1.06	4.58	0	871	0	0.56	5.5	22.4	0.4	0.0	21.59	73	1.2758	2.1219	245	249.44	959.45	
217843	66	299.9	189.5	146.3	189.5	103.5	1.25	4.58	0	875	0	0.56	5.5	22.4	0.4	0.0	21.52	73	1.2758	2.1219	245	249.83	959.53	
218403	66	300.1	189.5	146.5	189.5	103.5	1.25	4.58	0	871	0	0.31	5.5	22.4	0.4	0.0	21.54	73	1.2758	2.1219	250	250.35	959.61	
218919	66	300.3	189.8	146.8	189.8	103.8	1.25	4.58	0	876	0	0.31	5.5	22.4	0.4	0.0	21.45	73	1.2758	2.1219	250	250.84	959.69	
219458	66	300.5	189.8	146.8	189.8	103.8	1.25	4.58	0	875	0	0.31	5.5	22.4	0.4	0.0	21.40	73	1.2758	2.1219	250	251.33	959.61	
220028	66	300.7	190.2	147.2	190.2	103.8	1.25	4.58	0	882	0	0.31	5.5	22.4	0.4	0.0	21.40	73	1.2758	2.1219	250	251.85	959.53	
220551	66	300.9	191.2	147.1	190.5	103.8	1.25	4.58	0	874	0	0.31	5.5	22.4	0.4	0.0	21.28	73	1.2758	2.1219	250	252.34	960.16	
221143	66	301.1	190.5	147.3	190.5	104.2	1.25	4.58	0	880	0	0.31	5.5	22.4	0.4	0.0	21.38	73	1.2758	2.1219	250	252.83	959.69	
221746	66	301.3	191.2	147.8	191.2	103.8	1.25	4.58	0	877	0	0.31	5.5	22.4	0.4	0.0	21.45	73	1.2758	2.1219	250	253.35	959.53	
222273	66	301.5	191.5	147.8	191.5	104.5	1.25	4.58	0	873	0	0.31	5.5	22.4	0.4	0.0	21.26	73	1.2758	2.1219	250	253.84	959.69	
222793	66	301.7	191.5	148.0	191.2	104.5	1.25	4.58	0	876	0	0.31	5.5	22.4	0.4	0.0	21.40	73	1.2758	2.1219	250	254.24	960.16	
223477	66	301.8	191.5	148.0	191.5	104.5	1.25	4.58	0	878	0	0.31	5.5	22.4	0.4	0.0	21.38	73	1.2758	2.1219	250	254.85	959.92	
223999	66	302.0	192.2	148.1	191.8	104.8	1.25	4.58	0	874	0	0.31	5.5	22.4	0.4	0.0	21.38	73	1.2758	2.1219	255	255.34	959.69	
224563	66	302.2	192.2	148.7	191.8	105.2	1.25	4.58	0	874	0	0.31	5.5	22.4	0.4	0.0	21.28	73	1.2758	2.1219	255	255.83	959.69	
225111	66	302.4	191.8	148.7	192.2	105.2	1.25	4.58	0	873	0	0.31	5.5	22.4	0.4	0.0	21.45	73	1.2758	2.1219	255	256.35	959.69	
225654	66	302.6	192.5	148.6	192.5	105.2	1.25	4.58	0	875	0	0.31	5.5	22.4	0.4	0.0	21.56	73	1.2758	2.1219	255	256.75	959.77	
226230	66	302.7	192.8	149.0	193.2	105.5	1.25	4.58	0	879	0	0.31	5.5	22.4	0.4	0.0	21.33	73	1.2758	2.1219	255	257.24	959.69	
226779	66	302.9	193.2	149.3	192.8	104.8	1.25	4.58	0	877	0	0.31	5.5	22.4	0.4	0.0	21.28	73	1.2758	2.1219	255	257.64	959.77	
227323	66	303.1	193.5	149.3	193.5	105.2	1.25	4.58	0	877	0	0.31	5.5	22.4	0.4	0.0	21.52	73	1.2758	2.1219	255	258.13	960.00	
227898	66	303.3	193.8	149.5	193.8	105.8	1.25	4.58	0	881	0	0.31	5.5	22.4	0.4	0.0	21.73	73	1.2758	2.1219	255	258.53	959.84	
228443	66	303.4	193.8	150.0	194.2	105.5	1.25	4.58	0	881	0	0.31	5.5	22.4	0.4	0.0	21.84	73	1.2758	2.1219	255	259.05	959.77	
229036	66	303.6	194.5	150.0	194.2	105.8	1.25	4.58	0	881	0	0.31	5.5	22.4	0.4	0.0	21.68	73	1.2758	2.1219	255	259.54	959.84	
229577	66	303.8	194.5	150.2	194.5	106.2	1.25	4.58	0	873	0	0.31	5.5	22.4	0.4	0.0	21.87	73	1.2758	2.1219	260	259.94	959.77	
230111	66	303.9	194.8	150.5	194.8	106.2	1.25	4.58	0	868	0	0.31	5.5	22.4	0.4	0.0	22.05	73	1.2758	2.1219	260	260.43	959.77	
230687	66	304.1	195.5	150.8	195.2	105.8	1.25	4.58	0	879	0	0.31	5.5	22.4	0.4	0.0	21.84	73	1.2758	2.1219	260	260.85	959.77	
231243	66	304.2	195.2	150.7	195.2	106.2	1.25	4.58	0	878	0	0.31	5.5	22.4	0.4	0.0	21.80	73	1.2758	2.1219	260	261.34	959.84	
231900	66	304.4	195.5	151.1	195.5	106.2	1.25	4.58	0	869	0	0.31	5.5	22.4	0.4	0.0	21.82	73	1.2758	2.1219	260	261.83	959.77	
232435	66	304.6	195.8	151.1	195.8	106.5	1.25	4.58	0	871	0	0.31	5.5	22.4	0.4	0.0	21.96	73	1.2758	2.1219	260	262.23	959.69	
233013	66	304.8	196.2	151.1	195.8	106.5	1.25	4.58	0	878	0	0.31	5.5	22.4	0.4	0.0	21.84	73	1.2758	2.1219	260	262.75	959.92	
233554	66	304.9	196.2	151.5	196.5	106.8	1.25	4.58	0	881	0	0.31	5.5	22.4	0.4	0.0	21.59	73	1.2758	2.1219	260	263.15	959.84	
234126	66	305.1	196.5	151.6	196.5	106.8	1.25	4.58	0	877	0	0.31	5.5	22.4	0.4	0.0	21.61	73	1.2758	2.1219	260	263.55	959.92	
234668	66	305.2	197.2	151.8	197.2	106.8	1.25	4.58	0	877	0	0.31	5.5	22.4	0.4	0.0	21.75	73	1.2758	2.1219	260	263.94	959.77	
235202	66	305.4	197.2	152.2	197.2	107.2	1.25	4.58	0	881	0	0.31	5.5	22.4	0.4	0.0	21.49	73	1.2758	2.1219	260	264.44	960.23	
235734	66	305.5	197.5	152.3	197.5	106.8	1.25	4.58	0	876	0	0.31	5.5	22.4	0.4	0.0	21.54	73	1.2758	2.1219	260	264.83	960.08	
236267	66	305.6	197.8	152.5	197.8	107.5	1.25	4.58	0	874	0	0.31	5.5	22.4	0.4	0.0	21.61	73	1.2758	2.1219	265	265.14	960.08	
236816	66	305.8	198.2	152.8	197.8	107.8	1.25	4.58	0	872	0	0.31	5.5	22.4	0.4	0.0	21.77	73	1.2758	2.1219	265	265.63	960.00	
237357	66	305.9	198.5	152.8	198.5	107.5	1.25	4.58	0	872	0	0.31	5.5	22.4	0.4	0.0	21.73	73	1.2758	2.1219	265	266.03	960.00	
237902	66	306.1	198.8	153.3	198.5	107.5	1.25	4.58	0	876	0	0.31	5.5	22.4	0.4	0.0	21.56	73	1.2758	2.1219	265	266.43	959.92	
238441	66	306.2	199.2	153.3	199.2	107.8	1.25	4.58	0	874	0	0.31	5.5	22.4	0.4	0.0	21.45	73	1.2758	2.1219	265	266.85	960.00	
239051	66	306.4	199.5	153.6	199.5	107.8	1.25	4.58	0	877	0	0.31	5.5	22.4	0.4	0.0	21.66	73	1.2758	2.1219	265	267.25	960.00	
239610	66	306.5	199.5	153.5	199.5	108.2	1.25	4.58	0	870	0	0.31	5.5	22.4	0.4	0.0	21.63	73	1.2758	2.1219	265	267.65	959.84	
240186	66	306.7	199.8	153.6	200.2	108.5	1.25	4.58	0	871	0	0.31	5.5	22.4	0.4	0.0	21.66	73	1.2758	2.1219	265	268.05	959.53	
240833	66	306.8	200.5	154.3	200.5	108.2	1.25	4.58	0	871	0	0.31	5.5	22.4	0.4	0.0	21.87	73	1.2758	2.1219	265	268.54	959.61	
241402	66	307.0	200.8	154.3	200.8	108.5	1.25	4.58	0	881	0	0.31	5.5	22.4	0.4	0.0	21.52	73	1.2758	2.1219	265	268.94	959.69	
241946	66	307.1	200.8	154.8	200.8	108.5	1.25	4.58	0	878	0	0.31	5.5	22.4	0.4	0.0	21.42	73	1.2758	2.1219	265	269.33	959.77	
242498	66	307.3	201.5	155.1	201.5	108.5	1.25	4.58	0	876	0	0.31	5.5	22.4	0.4	0.0	21.45	73	1.2758	2.1219	265	269.64	959.61	
243062	66	307.4	201.8	155.3	201.8	108.5	1.25	4.58	0	882	0	0.31	5.5	22.4	0.4	0.0	21.40	73	1.2758	2.1219	270	270.04	959.77	
243607	66	307.5	202.2	155.3	202.2	108.8	1.44	4.58	0	878	0	0.31	5.5	22.4	0.4	0.0	21.42	73	1.2758	2.1219	270	270.53	959.77	
244190	66	307.7	202.5	156.0	202.2	109.2	1.25	4.58	0	874	0	0.31	5.5	22.4	0.4	0.0	21.56	73	1.2758	2.1219	270	270.83	959.69	
244738	66	307.8	202.8	155.8	202.8	109.2	1.25	4.58	0	881	0	0.31	5.5	22.4	0.4	0.0	21.47	73	1.2758	2.1219	270	271.23	959.53	
245288	66	307.9	203.2	156.0	203.2	109.2	1.25	4.58	0	877	0	0.31	5.5	22.4	0.4	0.0	21.56	73	1.2758	2.1219	270	271.54	959.69	
245824	66	308.0	203.5	156.3	203.5	109.5	1.25	4.58	0	874	0	0.31	5.5	22.4	0.4	0.0	21.56	73	1.2758	2.1219	270	271.94	959.61	
246437	66	308.2	203.8	156.6	203.8	109.5	1.25	4.58	0	882	0	0.31	5.5	22.4	0.4	0.0	21.49	73	1.2758	2.1219	270	272.33	959.45	
246971	66	308.3	204.5	157.0	204.5	109.5	1.25	4.58	0	879	0	0.31	5.5	22.4	0.4	0.0	21.52	73	1.2758	2.1219	270	272.73	959.61	
247552	66	308.5	204.5	157.1	204.5	109.8	1.25	4.58	0	877	0	0.31	5.5	22.4	0.4	0.0	21.47	73	1.2758	2.1219	270	273.13	959.53	
248125	66	308.6	205.2	157.5	204.8	110.2	1.25	4.58	0	884	0	0.31	5.5	22.4	0.4	0.0	21.26	73	1.2758	2.1219	270	273.53	959.69	
248697	66	308.7	205.5	157.6	205.2	109.8	1.25	4.58	0	879	0	0.31	5.5	22.4	0.4	0.0	21.54	73	1.2758	2.1219	270	273.83	959.77	
249241	66	308.8	205.5	157.8	205.5	110.2	1.25	4.58	0	875	0	0.31	5.5	22.4	0.4	0.0	21.52	73	1.2758	2.1219	270	274.23	959.69	
249896	66	309.0	205.8	158.0	206.2	110.2	1.25	4.58	0	881	0	0.31	5.5	22.4	0.4	0.0	21.70	73	1.2758	2.1219	270	274.63	959.92	
250488	66	309.1	206.5	158.3	206.5	110.8	1.25	4.58	0	882	0	0.31	5.5	22.4	0.4	0.0	21.66	73	1.2758	2.1219	275	275.03	960.00	
250996	66	309.2	207.2	158.7	206.8	110.2	1.25	4.58	0	884	0	0.31	5.5	22.4	0.4	0.0	21.42	73	1.2758	2.1219	275	275.33	960.00	
251575	66	309.4	207.2	159.0	207.2	110.8	1.25	4.58	0	884	0	0.31	5.5	22.4	0.4	0.0	21.28	73	1.2758	2.1219	275	275.73	959.77	
252105	66	309.5	207.5	159.1	207.5	111.2	1.25	4.58	0	879	0	0.31	5.5	22.4	0.4	0.0	21.47	73	1.2758	2.1219	275	276.04	959.84	
252674	66	309.6	208.5	159.5	208.2	110.8	1.25	4.58	0	873	0	0.31	5.5	22.4	0.4	0.0	21.66	73	1.2758	2.1219	275	276.34	959.61	
253246	66	309.7	208.5	159.7	208.5	111.2	1.25	4.58	0	880	0	0.31	5.5	22.4	0.4	0.0	21.47	73	1.2758	2.1219	275	276.74	959.69	
253793	66	309.9	208.8	159.7	208.8	111.2	1.25	4.58	0	878	0	0.31	5.5	22.4	0.4	0.0	21.56	73	1.2758	2.1219	275	277.05	959.84	
254363	66	310.0	209.2	160.2	209.2	111.2	1.25	4.58	0	875	0	0.31	5.5	22.4	0.4	0.0	21.61	73	1.2758	2.1219	275	277.44	959.84	
254907	66	310.1	209.2	160.3	209.2	111.2	1.25	4.58	0	877	0	0.31	5.5	22.4	0.4	0.0	21.63	73	1.2758	2.1219	275	277.84	960.08	
255452	66	310.2	209.5	160.5	209.5	111.5	1.25	4.58	0	874	0	0.31	5.5	22.4	0.4	0.0	21.61	73	1.2758	2.1219	275	278.15	960.08	
256017	66	310.3	210.2	160.8	209.8	111.8	1.25	4.58	0	879	0	0.31	5.5	22.4	0.4	0.0	21.35	73	1.2758	2.1219	275	278.43	959.92	
256538	66	310.4	210.8	161.0	210.8	111.5	1.25	4.58	0	874	0	0.31	5.5	22.4	0.4	0.0	21.66	73	1.2758	2.1219	275	278.73	960.08	
257122	66	310.6	210.8	161.1	210.8	111.5	1.25	4.58	0	874	0	0.31	5.5	22.4	0.4	0.0	21.59	73	1.2758	2.1219	275	279.13	959.84	
257652	66	310.7	211.2	161.5	211.2	112.2	1.25	4.58	0	870	0	0.31	5.5	22.4	0.4	0.0	21.73	73	1.2758	2.1219	275	279.44	959.92	
258304	66	310.8	211.5	161.8	211.8	112.2	1.25	4.58	0	868	0	0.31	5.5	22.4	0.4	0.0	21.68	73	1.2758	2.1219	275	279.83	960.08	
258828	66	310.9	212.2	162.0	212.5	112.2	1.25	4.58	0	875	0	0.31	5.5	22.4	0.4	0.0	21.70	73	1.2758	2.1219	280	280.14	959.84	
259409	66	311.0	212.8	162.3	212.8	112.2	1.25	4.58	0	876	0	0.31	5.5	22.4	0.4	0.0	21.59	73	1.2758	2.1219	280	280.44	959.77	
259929	66	311.1	213.2	162.8	212.8	112.2	1.25	4.58	0	876	0	0.31	5.5	22.4	0.4	0.0	21.73	73	1.2758	2.1219	280	280.75	959.92	
260458	66	311.2	213.5	162.8	213.5	112.5	1.25	4.58	0	877	0	0.31	5.5	22.4	0.4	0.0	21.75	73	1.2758	2.1219	280	281.03	959.77	
261024	66	311.4	213.5	163.1	213.5	112.8	1.25	4.58	0	880	0	0.31	5.5	22.4	0.4	0.0	21.68	73	1.2758	2.1219	280	281.33	959.84	
261560	66	311.5	213.8	163.5	213.8	112.8	1.25	4.58	0	882	0	0.31	5.5	22.4	0.4	0.0	21.52	73	1.2758	2.1219	280	281.64	959.77	
262084	66	311.6	214.8	163.6	214.5	112.8	1.25	4.58	0	885	0	0.31	5.5	22.4	0.4	0.0	21.98	73	1.2758	2.1219	280	281.94	959.77	
262619	66	311.7	214.8	164.0	214.8	112.8	1.25	4.58	0	889	0	0.31	5.5	22.4	0.4	0.0	21.87	73	1.2758	2.1219	280	282.25	959.84	
263172	66	311.8	215.5	164.2	215.5	112.8	1.25	4.58	0	884	0	0.56	5.5	22.4	0.4	0.0	21.66	73	1.2758	2.1219	280	282.53	960.08	
263696	66	311.9	215.8	164.5	215.8	113.5	1.25	4.58	0	872	0	0.31	5.5	22.4	0.4	0.0	22.05	73	1.2758	2.1219	280	282.83	959.84	
264266	66	312.0	216.2	164.7	216.2	113.5	1.25	4.58	0	873	0	0.31	5.5	22.4	0.4	0.0	22.52	73	1.2758	2.1219	280	283.14	960.16	
264807	66	312.1	216.5	164.8	216.2	113.5	1.25	4.58	0	885	0	0.31	5.5	22.4	0.4	0.0	22.34	73	1.2758	2.1219	280	283.44	960.31	
265322	66	312.2	216.8	165.1	217.2	113.5	1.25	4.58	0	870	0	0.31	5.5	22.4	0.4	0.0	22.55	73	1.2758	2.1219	280	283.75	960.31	
265870	66	312.3	217.2	165.5	217.5	113.5	1.44	4.58	0	881	0	0.31	5.5	22.4	0.4	0.0	23.09	73	1.2758	2.1219	280	284.03	960.31	
266409	66	312.4	217.5	165.6	217.8	113.5	1.44	4.58	0	909	0	0.31	5.5	22.4	0.4	0.0	22.08	73	1.2758	2.1219	280	284.33	960.86	
267080	66	312.5	218.2	166.0	218.5	113.8	1.25	4.58	0	902	0	0.31	5.5	22.4	0.4	0.0	22.27	73	1.2758	2.1219	280	284.64	960.55	
267638	66	312.7	218.5	166.3	218.5	114.2	1.44	4.58	0	889	0	0.31	5.5	22.4	0.4	0.0	22.50	73	1.2758	2.1219	285	285.04	960.31	
268156	66	312.8	218.8	166.5	219.5	114.2	1.44	4.58	0	871	0	0.31	5.5	22.4	0.4	0.0	23.02	73	1.2758	2.1219	285	285.25	960.31	
268716	66	312.9	219.8	166.8	219.5	114.5	1.44	4.58	0	909	0	0.31	5.5	22.4	0.4	0.0	22.34	73	1.2758	2.1219	285	285.65	960.94	
269254	66	313.0	219.8	167.0	219.8	114.2	1.44	4.58	0	917	0	0.31	5.5	22.4	0.4	0.0	20.91	73	1.2758	2.1219	285	285.83	960.55	
269777	66	313.1	220.5	167.5	220.5	114.8	1.25	4.58	0	897	0	0.31	5.5	22.4	0.4	0.0	21.77	73	1.2758	2.1219	285	286.14	960.47	
270356	66	313.2	220.8	167.8	221.2	114.5	1.44	4.58	0	878	0	0.31	5.5	22.4	0.4	0.0	21.98	73	1.2758	2.1219	285	286.44	960.16	
270908	66	313.3	221.2	168.2	221.5	114.8	1.44	4.58	0	878	0	0.31	5.5	22.4	0.4	0.0	21.77	73	1.2758	2.1219	285	286.75	960.23	
271433	66	313.4	222.2	168.5	221.8	114.8	1.25	4.58	0	872	0	0.31	5.5	22.4	0.4	0.0	21.94	73	1.2758	2.1219	285	287.03	960.00	
271973	66	313.5	222.2	168.5	222.2	114.8	1.25	4.58	0	876	0	0.31	5.5	22.4	0.4	0.0	21.82	73	1.2758	2.1219	285	287.33	959.77	
272555	66	313.7	222.5	169.0	222.5	115.5	1.25	4.58	0	886	0	0.31	5.5	22.4	0.4	0.0	21.73	73	1.2758	2.1219	285	287.64	959.77	
273079	66	313.8	223.2	169.2	223.2	115.2	1.25	4.58	0	887	0	0.31	5.5	22.4	0.4	0.0	21.80	73	1.2758	2.1219	285	287.85	959.84	
273612	66	313.9	223.5	169.3	223.5	115.2	1.25	4.58	0	881	0	0.31	5.5	22.4	0.4	0.0	21.73	73	1.2758	2.1219	285	288.13	960.08	
274156	66	314.0	223.8	169.8	223.8	115.5	1.44	4.58	0	878	0	0.31	5.5	22.4	0.4	0.0	21.63	73	1.2758	2.1219	285	288.44	960.16	
274709	66	314.1	224.2	170.1	224.2	115.5	1.25	4.58	0	874	0	0.31	5.5	22.4	0.4	0.0	21.84	73	1.2758	2.1219	285	288.74	960.16	
275285	66	314.2	224.8	170.3	225.2	115.8	1.25	4.58	0	873	0	0.31	5.5	22.4	0.4	0.0	22.12	73	1.2758	2.1219	285	288.93	959.92	
275917	66	314.3	224.8	170.5	225.2	115.8	1.25	4.58	0	880	0	0.31	5.5	22.4	0.4	0.0	21.63	73	1.2758	2.1219	285	289.35	959.84	
276483	66	314.4	225.8	170.6	225.8	116.2	1.25	4.58	0	877	0	0.31	5.5	22.4	0.4	0.0	21.77	73	1.2758	2.1219	285	289.54	960.00	
277077	66	314.5	226.5	171.3	226.2	116.2	1.25	4.58	0	874	0	0.31	5.5	22.4	0.4	0.0	21.89	73	1.2758	2.1219	285	289.84	959.84	
277604	66	314.6	226.5	171.5	226.5	116.5	1.25	4.58	0	887	0	0.31	5.5	22.4	0.4	0.0	24.52	73	1.2758	2.1219	290	290.15	959.61	
278139	66	314.7	227.2	171.8	227.2	116.5	1.44	4.58	0	900	0	0.31	5.5	22.4	0.4	0.0	25.43	73	1.2758	2.1219	290	290.43	960.47	
278657	66	314.9	227.5	172.0	227.5	116.5	1.44	4.58	0	911	0	0.31	5.5	22.4	0.4	0.0	23.74	73	1.2758	2.1219	290	290.64	961.02	
279235	66	315.0	227.8	172.1	228.2	116.5	1.44	4.58	0	905	0	0.31	5.5	22.4	0.4	0.0	23.70	73	1.2758	2.1219	290	290.94	961.09	
279805	66	315.1	228.5	172.5	228.5	116.5	1.44	4.58	0	899	0	0.31	5.5	22.4	0.4	0.0	23.48	73	1.2758	2.1219	290	291.25	961.33	
280336	66	315.2	228.8	173.0	228.8	117.2	1.44	4.58	0	893	0	0.31	5.5	22.4	0.4	0.0	23.06	73	1.2758	2.1219	290	291.53	961.09	
280865	66	315.3	229.5	173.1	229.2	117.2	1.44	4.58	0	885	0	0.31	5.5	22.4	0.4	0.0	23.20	73	1.2758	2.1219	290	291.74	960.47	
281467	66	315.4	229.5	173.5	229.8	117.2	1.56	4.58	0	850	0	0.56	5.5	22.4	0.4	0.0	38.98	73	1.2758	2.1219	290	292.05	960.86	
282050	66	315.6	230.2	173.5	230.2	117.2	1.75	4.58	0	950	1	0.81	5.5	22.4	0.4	0.0	39.61	73	1.2758	2.1219	290	292.44	968.59	
282606	66	315.7	230.8	174.1	230.8	117.5	1.56	4.58	0	923	1	0.81	5.5	22.4	0.4	0.0	36.38	73	1.2758	2.1219	290	292.75	973.59	
283193	66	315.9	231.5	174.5	231.5	117.5	1.56	4.58	0	902	1	0.56	5.5	22.4	0.4	0.0	33.45	73	1.2758	2.1219	290	293.15	973.36	
283730	66	316.0	231.8	174.6	231.8	117.8	1.44	4.58	0	981	1	0.31	5.5	22.4	0.4	0.0	33.70	73	1.2758	2.1219	290	293.43	973.12	
284367	66	316.2	232.2	174.8	232.2	117.5	1.44	4.58	0	956	1	0.56	5.5	22.4	0.4	0.0	31.78	73	1.2758	2.1219	290	293.85	973.83	
284902	66	316.4	232.5	175.3	232.5	118.2	1.44	4.58	0	913	1	0.56	5.5	22.4	0.4	0.0	31.71	73	1.2758	2.1219	290	294.25	970.31	
285464	66	316.6	233.5	175.7	233.8	118.2	1.44	4.58	0	987	1	0.56	5.5	22.4	0.4	0.0	30.47	73	1.2758	2.1219	290	294.65	969.45	
285989	66	316.8	234.2	176.1	234.2	118.5	1.44	4.58	0	962	1	0.56	5.5	22.4	0.4	0.0	29.65	73	1.2758	2.1219	295	294.93	968.59	
286533	66	317.0	234.5	176.3	234.5	118.5	1.56	4.58	0	1,011	1	1.12	5.5	22.4	0.4	0.0	33.91	73	1.2758	2.1219	295	295.35	969.84	
287062	66	317.2	235.2	176.7	235.2	118.5	1.56	4.58	0	921	1	0.81	5.5	22.4	0.4	0.0	35.84	73	1.2758	2.1219	295	295.75	971.41	
287662	66	317.5	235.8	177.3	235.8	118.2	1.56	4.58	0	986	1	0.81	5.5	22.4	0.4	0.0	36.68	73	1.2758	2.1219	295	296.15	974.22	
288188	66	317.7	236.5	177.5	236.5	118.5	1.56	4.58	0	958	1	0.56	5.5	22.4	0.4	0.0	35.91	73	1.2758	2.1219	295	296.43	975.94	
288742	66	318.0	237.2	177.8	237.5	118.8	1.56	4.58	0	942	1	0.81	5.5	22.4	0.4	0.0	35.98	73	1.2758	2.1219	295	296.94	975.39	
289272	66	318.3	237.8	178.1	237.8	118.8	1.44	4.58	0	972	2	0.56	5.5	22.4	0.4	0.0	36.52	73	1.2758	2.1219	295	297.34	976.48	
289858	66	318.6	238.5	178.8	238.8	119.2	1.56	4.58	0	939	2	0.81	5.5	22.4	0.4	0.0	36.89	73	1.2758	2.1219	295	297.74	976.48	
290456	66	319.0	239.2	179.2	239.2	118.8	1.56	4.58	0	939	1	0.81	5.5	22.4	0.4	0.0	34.31	73	1.2758	2.1219	295	298.23	976.25	
290982	65	319.3	239.8	179.7	239.8	119.2	1.44	4.58	0	988	1	0.81	5.5	22.4	0.4	0.0	35.44	73	1.2758	2.1219	295	298.63	974.69	
291497	65	319.7	240.5	180.0	240.5	119.8	1.56	4.58	0	999	1	0.31	5.5	22.4	0.4	0.0	41.37	73	1.2758	2.1219	295	299.03	975.70	
292031	66	320.1	240.8	180.0	241.2	119.5	1.56	4.58	0	933	1	1.12	5.5	22.4	0.4	0.0	42.80	73	1.2758	2.1219	295	299.43	982.89	
292557	65	320.5	241.8	180.8	242.2	119.8	1.75	4.58	0	919	0	0.81	5.5	22.4	0.4	0.0	39.70	73	1.2758	2.1219	295	299.85	984.22	
293220	65	320.9	242.5	181.1	242.5	119.8	1.56	4.58	0	1,010	0	0.81	5.5	22.4	0.4	0.0	37.27	73	1.2758	2.1219	300	300.44	980.00	
293797	65	321.5	243.2	181.5	243.2	119.8	1.75	4.58	0	941	0	0.81	5.5	22.4	0.4	0.0	43.85	73	1.2758	2.1219	300	300.93	980.86	
294315	65	322.1	244.2	182.0	244.2	119.8	1.75	4.58	0	951	1	1.12	5.5	22.4	0.4	0.0	44.30	73	1.2758	2.1219	300	301.44	985.31	
294840	65	322.6	244.5	182.5	244.8	120.2	1.75	4.58	0	932	2	0.81	5.5	22.4	0.4	0.0	40.97	73	1.2758	2.1219	300	301.84	994.06	
295398	65	323.2	245.8	183.0	245.8	120.5	1.56	4.58	0	846	1	0.81	5.5	22.4	0.4	0.0	36.35	73	1.2758	2.1219	300	302.33	987.11	
295930	65	323.8	246.5	183.6	246.2	120.5	1.56	4.58	0	962	1	0.56	5.5	22.4	0.4	0.0	32.02	73	1.2758	2.1219	300	302.85	981.56	
296448	65	324.4	246.8	183.5	247.2	120.5	1.44	4.58	0	897	1	0.56	5.5	22.4	0.4	0.0	31.38	73	1.2758	2.1219	300	303.25	975.23	
297019	65	325.0	247.8	184.1	247.8	120.8	1.25	4.58	0	942	1	0.31	5.5	22.4	0.4	0.0	30.61	73	1.2758	2.1219	300	303.74	970.78	
297636	65	325.6	248.5	184.6	248.5	121.2	1.44	4.58	0	977	1	0.31	5.5	22.4	0.4	0.0	29.51	73	1.2758	2.1219	300	304.23	968.44	
298176	65	326.2	249.2	185.0	249.2	121.2	1.56	4.58	0	990	2	1.12	5.5	22.4	0.4	0.0	34.22	73	1.2758	2.1219	300	304.63	971.56	
298702	65	326.8	249.5	185.6	249.8	120.8	1.44	4.58	0	874	1	0.56	5.5	22.4	0.4	0.0	32.48	73	1.2758	2.1219	305	305.15	972.97	
299248	65	327.5	250.5	185.7	250.5	121.2	1.56	4.58	0	895	0	0.31	5.5	22.4	0.4	0.0	30.09	73	1.2758	2.1219	305	305.43	971.64	
299769	65	328.0	251.2	186.3	251.5	121.2	1.44	4.58	0	911	0	0.56	5.5	22.4	0.4	0.0	29.02	73	1.2758	2.1219	305	305.85	970.62	
300313	65	328.6	251.8	186.5	251.8	121.5	1.44	4.58	0	932	0	0.31	5.5	22.4	0.4	0.0	26.44	73	1.2758	2.1219	305	306.34	969.22	
300881	65	329.2	252.2	187.0	252.5	121.5	1.44	4.58	0	907	0	0.56	5.5	22.4	0.4	0.0	25.34	73	1.2758	2.1219	305	306.74	962.89	
301477	65	329.9	252.8	187.1	253.2	121.8	1.56	4.58	0	947	0	0.56	5.5	22.4	0.4	0.0	36.38	73	1.2758	2.1219	305	307.14	966.09	
302130	65	330.5	253.8	187.6	253.5	121.8	1.56	4.58	0	960	0	1.12	5.5	22.4	0.4	0.0	43.57	73	1.2758	2.1219	305	307.75	972.19	
302639	65	331.2	253.8	187.8	254.2	122.2	1.75	4.58	0	925	1	1.12	5.5	22.4	0.4	0.0	44.88	73	1.2758	2.1219	305	308.15	979.77	
303218	65	332.0	254.5	188.3	254.5	122.5	1.75	4.58	0	897	1	0.81	5.5	22.4	0.4	0.0	40.29	73	1.2758	2.1219	305	308.73	988.05	
303736	65	332.7	255.5	188.7	255.5	122.5	1.75	4.58	0	933	0	0.81	5.5	22.4	0.4	0.0	38.04	73	1.2758	2.1219	305	309.13	985.55	
304303	65	333.5	255.8	189.0	255.8	122.5	1.75	4.58	0	941	0	0.81	5.5	22.4	0.4	0.0	35.53	73	1.2758	2.1219	305	309.65	983.67	
304879	65	334.2	256.2	189.5	256.2	122.8	1.56	4.58	0	878	0	0.56	5.5	22.4	0.4	0.0	32.98	73	1.2758	2.1219	310	310.14	978.75	
305438	65	334.9	256.8	189.8	257.2	122.8	1.56	4.58	0	928	0	0.56	5.5	22.4	0.4	0.0	30.21	73	1.2758	2.1219	310	310.63	975.70	
306042	65	335.7	257.2	190.2	257.8	123.5	1.44	4.58	0	933	0	0.56	5.5	22.4	0.4	0.0	26.98	73	1.2758	2.1219	310	311.15	972.97	
306579	65	336.4	258.2	190.6	258.2	123.2	1.44	4.58	0	929	0	0.56	5.5	22.4	0.4	0.0	23.72	73	1.2758	2.1219	310	311.55	969.30	
307138	65	337.0	258.8	190.8	258.8	123.2	1.44	4.58	0	878	0	0.31	5.5	22.4	0.4	0.0	24.00	73	1.2758	2.1219	310	312.04	966.56	
307761	65	337.7	259.2	191.0	259.2	123.2	1.25	4.58	0	839	0	0.31	5.5	22.4	0.4	0.0	24.21	73	1.2758	2.1219	310	312.44	963.67	
308296	65	338.3	259.5	191.6	259.8	123.5	1.25	4.58	0	846	0	0.31	5.5	22.4	0.4	0.0	23.79	73	1.2758	2.1219	310	312.83	962.81	
308883	65	338.9	259.8	191.6	260.2	123.5	1.44	4.58	0	773	0	0.56	5.5	22.4	0.4	0.0	42.63	73	1.2758	2.1219	310	313.23	963.20	
309447	65	339.6	260.5	192.0	260.5	123.8	1.56	4.58	0	949	0	1.12	5.5	22.4	0.4	0.0	39.63	73	1.2758	2.1219	310	313.75	970.08	
310058	65	340.4	260.8	192.3	260.8	124.2	1.56	4.58	0	894	0	0.81	5.5	22.4	0.4	0.0	39.28	73	1.2758	2.1219	310	314.24	977.42	
310706	65	341.1	261.2	192.8	261.2	124.2	1.56	4.58	0	921	0	0.81	5.5	22.4	0.4	0.0	36.45	73	1.2758	2.1219	310	314.73	977.66	
311298	65	341.7	261.8	193.0	261.5	124.5	1.75	4.58	0	950	0	0.81	5.5	22.4	0.4	0.0	36.35	73	1.2758	2.1219	315	315.34	976.64	
311848	65	342.5	262.2	193.3	262.2	124.5	1.56	4.58	0	973	0	0.81	5.5	22.4	0.4	0.0	40.36	73	1.2758	2.1219	315	315.83	978.75	
312367	65	343.3	262.5	193.5	262.5	124.8	1.75	4.58	0	899	1	0.81	5.5	22.4	0.4	0.0	36.47	73	1.2758	2.1219	315	316.35	982.97	
312894	65	344.0	262.5	193.5	262.8	124.8	1.44	4.58	0	853	0	0.56	5.5	22.4	0.4	0.0	34.97	73	1.2758	2.1219	315	316.75	978.67	
313474	65	344.7	263.5	194.0	263.5	124.8	1.56	4.58	0	950	0	0.81	5.5	22.4	0.4	0.0	32.41	73	1.2758	2.1219	315	317.33	975.00	
314007	65	345.4	263.5	194.3	263.8	125.2	1.44	4.58	0	976	1	0.81	5.5	22.4	0.4	0.0	31.55	73	1.2758	2.1219	315	317.85	974.14	
314555	65	346.1	264.2	194.5	264.2	125.2	1.44	4.58	0	920	1	0.56	5.5	22.4	0.4	0.0	29.98	73	1.2758	2.1219	315	318.34	971.80	
315112	65	346.8	264.5	194.8	264.5	125.5	1.44	4.58	0	994	0	0.81	5.5	22.4	0.4	0.0	29.41	73	1.2758	2.1219	315	318.83	970.55	
315720	65	347.6	264.8	195.1	264.5	125.5	1.25	4.58	0	949	1	0.56	5.5	22.4	0.4	0.0	27.96	73	1.2758	2.1219	315	319.35	969.69	
316316	65	348.2	264.8	195.1	265.2	125.8	1.25	4.58	0	965	1	0.31	5.5	22.4	0.4	0.0	27.21	73	1.2758	2.1219	315	319.84	966.09	
316904	65	349.0	265.8	195.6	265.5	126.2	1.44	4.58	0	945	1	0.56	5.5	22.4	0.4	0.0	29.95	73	1.2758	2.1219	320	320.33	965.86	
317429	65	349.6	265.8	196.0	266.2	126.2	1.44	4.58	0	976	1	0.81	5.5	22.4	0.4	0.0	31.90	73	1.2758	2.1219	320	320.85	965.78	
317991	65	350.3	266.5	196.3	266.5	126.5	1.56	4.58	0	959	1	0.81	5.5	22.4	0.4	0.0	36.40	73	1.2758	2.1219	320	321.34	969.61	
318564	65	351.0	266.8	196.6	266.8	126.5	1.56	4.58	0	945	1	0.56	5.5	22.4	0.4	0.0	35.77	73	1.2758	2.1219	320	321.83	972.34	
319148	65	351.7	267.2	196.8	266.8	126.5	1.56	4.58	0	934	1	0.56	5.5	22.4	0.4	0.0	34.66	73	1.2758	2.1219	320	322.44	975.23	
319780	65	352.4	267.2	197.0	267.5	126.5	1.44	4.58	0	874	0	0.56	5.5	22.4	0.4	0.0	32.62	73	1.2758	2.1219	320	322.94	974.77	
320379	65	353.0	267.8	197.1	267.8	126.8	1.44	4.58	0	811	0	0.56	5.5	22.4	0.4	0.0	30.40	73	1.2758	2.1219	320	323.55	971.09	
320898	65	353.8	268.5	197.5	268.5	127.2	1.44	4.58	0	842	0	0.31	5.5	22.4	0.4	0.0	26.79	73	1.2758	2.1219	320	323.94	968.52	
321493	65	354.4	268.5	197.8	268.5	127.5	1.25	4.58	0	811	0	0.56	5.5	22.4	0.4	0.0	28.12	73	1.2758	2.1219	320	324.44	965.31	
322069	65	355.1	269.2	198.3	269.2	127.2	1.56	4.58	0	863	0	0.56	5.5	22.4	0.4	0.0	41.37	73	1.2758	2.1219	325	324.93	965.39	
322609	65	355.7	268.8	198.5	269.2	127.2	1.44	4.58	0	1,102	1	1.12	5.5	22.4	0.4	0.0	35.09	73	1.2758	2.1219	325	325.54	975.55	
323138	66	356.4	269.8	198.5	269.5	127.5	1.44	4.58	0	1,090	2	1.12	5.5	22.4	0.4	0.0	34.71	73	1.2758	2.1219	325	326.03	977.89	
323719	66	357.1	269.5	198.6	269.5	127.5	1.25	4.58	0	1,065	2	0.81	5.5	22.4	0.4	0.0	32.32	73	1.2758	2.1219	325	326.64	979.45	
324237	65	357.7	270.2	198.8	269.8	128.2	1.44	4.58	0	1,045	1	0.81	5.5	22.4	0.4	0.0	29.79	73	1.2758	2.1219	325	327.13	977.73	
324769	65	358.4	269.8	199.2	270.2	127.8	1.25	4.58	0	1,079	1	0.81	5.5	22.4	0.4	0.0	29.41	73	1.2758	2.1219	325	327.65	973.28	
325344	65	359.0	270.5	199.3	270.8	128.2	1.44	4.58	0	1,005	2	1.12	5.5	22.4	0.4	0.0	33.59	73	1.2758	2.1219	325	328.23	973.28	
325882	65	359.7	270.8	199.5	270.8	128.5	1.44	4.58	0	1,019	2	0.81	5.5	22.4	0.4	0.0	32.58	73	1.2758	2.1219	325	328.75	974.69	
326416	66	360.3	271.2	199.5	270.8	128.5	1.56	4.58	0	957	3	0.81	5.5	22.4	0.4	0.0	35.62	73	1.2758	2.1219	325	329.33	974.45	
326953	66	361.0	271.5	200.1	271.5	128.5	1.56	4.58	0	971	3	0.56	5.5	22.4	0.4	0.0	33.84	73	1.2758	2.1219	325	329.85	975.62	
327502	65	361.7	271.8	200.3	271.8	128.5	1.44	4.58	0	940	4	0.81	5.5	22.4	0.4	0.0	32.84	73	1.2758	2.1219	330	330.34	974.53	
328097	65	362.3	272.5	200.5	272.5	128.8	1.44	4.58	0	882	4	0.56	5.5	22.4	0.4	0.0	31.36	73	1.2758	2.1219	330	330.93	973.59	
328749	65	363.0	272.5	200.8	272.5	129.2	1.44	4.58	0	892	3	0.56	5.5	22.4	0.4	0.0	32.86	73	1.2758	2.1219	330	331.63	968.52	
329281	65	363.6	272.8	201.0	273.5	129.2	1.44	4.58	0	970	4	0.81	5.5	22.4	0.4	0.0	31.71	73	1.2758	2.1219	330	332.03	970.00	
329836	65	364.4	273.5	201.0	273.5	129.5	1.56	4.58	0	928	4	0.56	5.5	22.4	0.4	0.0	31.80	73	1.2758	2.1219	330	332.64	970.62	
330422	65	365.0	273.5	201.6	273.5	129.8	1.56	4.58	0	954	5	0.56	5.5	22.4	0.4	0.0	30.16	73	1.2758	2.1219	330	333.25	970.70	
330974	65	365.7	273.5	201.6	273.5	129.5	1.56	4.58	0	925	5	0.56	5.5	22.4	0.4	0.0	29.44	73	1.2758	2.1219	330	333.74	970.62	
331520	65	366.3	274.2	202.0	274.5	130.2	1.44	4.58	0	935	5	0.56	5.5	22.4	0.4	0.0	27.12	73	1.2758	2.1219	330	334.35	969.30	
332113	65	366.9	274.8	202.3	274.8	129.8	1.44	4.58	0	972	6	0.31	5.5	22.4	0.4	0.0	23.93	73	1.2758	2.1219	330	334.84	967.73	
332646	65	367.4	274.5	202.5	274.8	130.5	1.44	4.58	0	947	5	0.31	5.5	22.4	0.4	0.0	22.90	73	1.2758	2.1219	335	335.33	965.23	
333191	65	368.0	275.2	202.8	274.8	130.8	1.44	4.58	0	915	5	0.31	5.5	22.4	0.4	0.0	23.16	73	1.2758	2.1219	335	335.73	963.98	
333736	65	368.5	275.2	202.6	275.2	130.8	1.44	4.58	0	878	4	0.31	5.5	22.4	0.4	0.0	28.76	73	1.2758	2.1219	335	336.25	961.80	
334277	65	369.0	275.5	203.0	275.5	130.5	1.44	4.58	0	995	5	0.31	5.5	22.4	0.4	0.0	28.34	73	1.2758	2.1219	335	336.65	963.98	
334815	66	369.6	275.5	203.1	275.5	130.8	1.25	4.58	0	1,093	5	0.56	5.5	22.4	0.4	0.0	24.54	73	1.2758	2.1219	335	337.23	964.22	
335352	66	370.1	275.8	203.3	275.8	131.2	1.25	4.58	0	1,110	6	0.81	5.5	22.4	0.4	0.0	24.16	73	1.2758	2.1219	335	337.63	964.45	
335902	66	370.6	275.8	203.7	275.8	131.5	1.06	4.58	0	1,088	7	0.81	5.5	22.4	0.4	0.0	23.51	73	1.2758	2.1219	335	338.03	964.14	
336438	66	371.1	276.5	204.0	276.2	131.5	1.25	4.58	0	1,106	7	0.81	5.5	22.4	0.4	0.0	30.77	73	1.2758	2.1219	335	338.64	962.81	
337103	66	371.6	276.2	203.8	276.2	131.8	1.56	4.58	0	1,233	9	1.94	5.5	22.4	0.4	0.0	42.12	73	1.2758	2.1219	335	339.13	971.33	
337615	66	372.2	276.5	204.0	276.5	131.8	1.56	4.58	0	1,425	11	2.44	5.5	22.4	0.4	0.0	41.25	73	1.2758	2.1219	340	339.93	985.39	
338166	66	372.9	276.5	204.5	276.8	132.2	2.12	4.58	0	1,619	13	2.19	5.5	22.4	0.4	0.0	44.04	73	1.2758	2.1219	340	340.54	1,002.89	
338683	66	373.8	277.2	204.5	277.2	132.2	2.25	4.58	0	1,555	15	3.81	5.5	22.4	0.4	0.0	56.41	73	1.2758	2.1219	340	341.24	1,037.11	
339178	66	374.5	277.5	205.0	277.5	132.2	2.44	4.58	0	1,530	17	6.75	5.5	22.4	0.4	0.0	58.43	73	1.2758	2.1219	340	341.94	1,005.16	
339712	66	375.6	277.8	205.1	278.2	132.5	2.44	4.58	0	1,498	20	5.69	5.5	22.4	0.4	0.0	57.23	73	1.2758	2.1219	340	342.83	1,022.89	
340270	65	376.8	278.5	205.5	278.8	132.2	3.81	4.58	0	1,742	22	4.31	5.5	22.4	0.4	0.0	63.52	73	1.2758	2.1219	340	343.75	1,105.16	
340870	65	378.5	279.5	206.2	279.5	132.8	5.38	4.58	0	1,948	25	6.50	5.5	22.4	0.4	0.0	70.01	73	1.2758	2.1219	340	344.85	1,160.86	
341404	65	380.8	280.2	206.7	280.2	132.8	5.06	4.58	0	2,120	28	7.88	5.5	22.4	0.4	0.0	63.70	73	1.2758	2.1219	345	345.83	1,118.75	
341920	65	383.4	280.8	207.1	280.8	133.5	3.00	4.58	0	1,593	29	7.06	5.5	22.4	0.4	0.0	57.40	73	1.2758	2.1219	345	347.15	1,028.67	
342440	64	386.2	281.5	207.8	281.5	133.5	3.50	4.58	0	1,604	31	5.44	5.5	22.4	0.4	0.0	65.11	73	1.2758	2.1219	345	348.25	1,093.83	
342963	64	389.0	282.8	208.5	283.2	133.8	4.19	4.58	0	1,650	33	5.94	5.5	22.4	0.4	0.0	72.73	73	1.2758	2.1219	345	349.44	1,168.83	
343499	64	392.6	284.2	209.0	284.2	133.8	5.06	4.58	0	1,723	35	6.25	5.5	22.4	0.4	0.0	75.66	73	1.2758	2.1219	350	350.85	1,223.05	
344051	64	397.8	285.5	210.0	285.5	134.5	5.75	4.58	0	1,775	36	4.88	5.5	22.4	0.4	0.0	39.59	73	1.2758	2.1219	350	352.54	1,097.89	
344621	63	402.1	286.5	210.5	286.5	134.5	-1.12	4.58	0	1,531	37	0.31	5.5	22.4	0.4	0.0	21.33	73	1.2758	2.1219	350	353.94	1,013.91	
345168	63	405.3	288.2	211.3	288.5	134.8	-0.44	4.58	0	1,158	36	0.00	5.5	22.4	0.4	0.0	16.27	73	1.2758	2.1219	355	354.93	979.77	
345798	63	408.0	289.5	212.2	289.5	135.2	0.69	4.58	0	1,048	35	0.31	5.5	22.4	0.4	0.0	15.94	73	1.2758	2.1219	355	356.03	970.00	
346322	63	410.3	290.8	213.0	291.2	135.5	-0.06	4.58	0	1,198	34	1.62	5.5	22.4	0.4	0.0	54.70	73	1.2758	2.1219	355	357.34	957.58	
346883	64	414.2	291.8	213.8	292.2	135.5	6.62	4.58	0	2,011	35	9.19	5.5	22.4	0.4	0.0	86.84	73	1.2758	2.1219	355	358.84	1,230.62	
347459	64	419.3	293.2	214.3	293.2	135.8	18.44	4.58	0	2,915	38	41.62	5.5	22.7	0.4	0.0	115.85	73	1.2758	2.1219	360	361.35	1,565.39	
348023	64	425.7	294.2	215.2	294.2	136.2	4.88	4.58	0	2,980	40	10.81	5.5	22.4	0.4	0.0	41.32	73	1.2758	2.1219	360	364.35	1,066.41	
348590	63	431.1	294.8	215.6	295.2	136.5	0.19	4.58	0	2,111	40	-0.44	5.5	22.4	0.4	0.0	12.63	73	1.2758	2.1219	365	366.34	986.09	
349143	62	434.9	296.5	216.6	296.2	136.8	4.19	4.58	0	1,903	40	-1.00	5.5	22.7	0.4	0.0	17.79	73	1.2758	2.1391	365	368.24	974.61	
349718	62	438.7	297.8	217.5	297.8	137.2	-2.00	4.58	0	1,966	39	0.81	5.5	22.4	0.4	0.0	15.63	73	1.2758	2.1305	370	370.23	964.30	
350293	62	442.3	299.2	218.0	299.2	137.5	3.31	4.58	0	1,965	39	2.44	5.5	22.4	0.4	0.0	50.46	73	1.2758	2.1305	370	372.25	944.14	
350820	63	446.4	300.2	219.0	300.5	137.8	4.00	4.58	0	2,027	41	4.88	5.5	22.4	0.4	0.0	64.12	73	1.2758	2.1305	375	374.94	1,084.77	
351353	63	450.9	301.5	219.7	301.5	138.2	5.06	4.58	0	2,101	43	7.56	5.5	22.4	0.4	0.0	68.86	73	1.2758	2.1305	375	377.43	1,129.92	
351915	63	455.9	302.5	220.5	302.5	138.5	5.06	4.58	0	2,215	44	9.19	5.5	22.4	0.4	0.0	69.23	73	1.2758	2.1305	380	380.64	1,114.45	
352455	62	461.0	303.8	221.1	304.2	139.2	1.06	4.58	0	2,244	46	1.62	5.5	22.4	0.4	0.0	16.01	73	1.2758	2.1305	380	382.84	996.25	
353034	61	464.6	305.5	222.3	305.5	139.2	1.75	4.58	0	2,111	44	0.00	5.5	22.4	0.4	0.0	10.52	73	1.2758	2.1305	385	385.14	969.14	
353485	61	467.2	307.2	223.0	306.5	139.5	3.31	4.58	0	2,040	42	-1.00	5.5	22.4	0.4	0.0	18.26	73	1.2758	2.1305	385	386.55	972.27	
354041	62	470.1	308.2	224.0	308.2	139.5	2.62	4.58	0	1,897	38	0.00	5.5	22.4	0.4	0.0	18.40	73	1.2758	2.1305	385	388.54	974.30	
354664	62	472.8	309.5	224.7	309.5	140.5	1.75	4.58	0	1,763	35	-0.19	5.5	22.4	0.4	0.0	17.81	73	1.2758	2.1305	390	390.44	982.58	
355229	62	475.1	310.8	225.6	310.5	140.8	0.69	4.58	0	1,569	30	0.81	5.5	22.4	0.4	0.0	17.11	73	1.2758	2.1305	390	392.24	980.23	
355790	62	478.2	311.5	226.5	311.8	141.5	1.56	4.58	0	1,652	26	0.00	5.5	22.4	0.4	0.0	12.82	73	1.2758	2.1305	390	393.74	975.47	
356367	62	480.4	312.5	227.0	312.8	141.5	0.38	4.58	0	1,908	24	-0.75	5.5	22.4	0.4	0.0	18.00	73	1.2758	2.1305	395	395.55	977.34	
356910	63	482.4	313.2	227.5	313.5	141.8	1.06	4.58	0	1,564	21	0.81	5.5	22.4	0.4	0.0	18.07	73	1.2758	2.1305	395	397.23	978.36	
357468	63	484.2	314.2	228.0	313.8	141.8	0.38	4.58	0	1,318	17	1.12	5.5	22.4	0.4	0.0	18.30	73	1.2758	2.1305	395	398.55	976.33	
357999	63	486.0	314.2	228.5	314.5	142.5	1.44	4.58	0	1,181	14	0.56	5.5	22.4	0.4	0.0	12.33	73	1.2758	2.1305	395	399.83	971.02	
358445	63	487.1	314.5	228.5	314.8	142.8	0.88	4.58	0	1,014	12	0.31	5.5	22.4	0.4	0.0	13.20	73	1.2758	2.1305	400	401.15	967.34	
359024	63	488.7	315.2	228.8	314.8	143.5	1.25	4.58	0	845	10	0.31	5.5	22.4	0.4	0.0	13.85	73	1.2758	2.1305	400	402.53	963.67	
359612	63	490.1	315.2	229.1	314.8	143.2	1.25	4.58	0	730	8	0.00	5.5	22.4	0.4	0.0	19.57	73	1.2758	2.1305	400	403.94	961.17	
360139	64	491.1	315.2	229.3	315.5	143.5	1.25	4.58	0	729	7	0.31	5.5	22.4	0.4	0.0	31.97	73	1.2758	2.1305	405	405.13	960.08	
360674	64	492.3	315.2	229.6	315.2	143.8	1.25	4.58	0	882	7	0.31	5.5	22.4	0.4	0.0	28.55	73	1.2758	2.1305	405	406.35	960.55	
361189	64	493.3	315.2	229.1	315.2	143.8	1.44	4.58	0	952	6	0.31	5.5	22.4	0.4	0.0	25.01	73	1.2758	2.1305	405	407.55	961.88	
361776	64	494.4	314.8	229.6	314.8	144.5	1.25	4.58	0	1,029	5	0.56	5.5	22.4	0.4	0.0	22.48	73	1.2758	2.1305	405	408.93	963.12	
362335	64	495.3	314.5	229.6	314.5	144.5	1.25	4.58	0	978	4	0.31	5.5	22.4	0.4	0.0	23.60	73	1.2758	2.1305	410	410.24	960.62	
362978	64	496.2	314.8	229.8	314.8	144.8	1.56	4.58	0	1,045	4	0.81	5.5	22.4	0.4	0.0	32.58	73	1.2758	2.1305	410	411.44	964.38	
363564	64	497.1	314.8	229.8	314.8	144.8	1.25	4.58	0	1,092	4	0.81	5.5	22.4	0.4	0.0	30.00	73	1.2758	2.1305	410	413.15	968.83	
364093	64	497.8	315.2	229.8	314.5	145.2	1.44	4.58	0	1,108	5	0.81	5.5	22.4	0.4	0.0	29.46	73	1.2758	2.1305	410	414.25	971.02	
364693	64	498.7	314.8	230.1	314.5	145.5	1.06	4.58	0	1,241	5	1.12	5.5	22.4	0.4	0.0	29.16	73	1.2758	2.1305	415	415.63	968.91	
365233	65	499.3	314.8	230.3	314.8	145.5	1.25	4.58	0	1,269	6	1.38	5.5	22.4	0.4	0.0	28.69	73	1.2758	2.1305	415	417.04	971.02	
365786	65	499.9	315.2	230.1	315.2	145.8	1.25	4.58	0	1,207	7	1.12	5.5	22.4	0.4	0.0	24.59	73	1.2758	2.1305	415	418.14	971.64	
366363	65	500.5	315.2	230.7	315.2	146.2	1.25	4.58	0	1,180	8	0.81	5.5	22.4	0.4	0.0	27.05	73	1.2758	2.1305	415	419.43	968.98	
366940	65	501.0	315.8	231.0	315.5	146.5	1.25	4.58	0	1,229	9	1.12	5.5	22.4	0.4	0.0	25.78	73	1.2758	2.1305	420	420.74	968.20	
367472	65	501.4	315.5	231.1	315.5	146.5	1.25	4.58	0	1,229	9	1.12	5.5	22.4	0.4	0.0	26.84	73	1.2758	2.1305	420	421.84	966.64	
368037	65	501.8	316.2	231.7	315.8	146.8	1.25	4.58	0	1,242	9	1.12	5.5	22.4	0.4	0.0	28.66	73	1.2758	2.1305	420	423.13	967.19	
368645	65	502.2	316.5	231.5	316.2	146.8	1.56	4.58	0	1,281	10	1.38	5.5	22.4	0.4	0.0	41.04	73	1.2758	2.1305	420	424.54	969.30	
369226	65	502.6	316.8	232.0	316.5	147.2	1.75	4.58	0	1,373	11	2.75	5.5	22.4	0.4	0.0	47.67	73	1.2758	2.1305	425	426.04	981.56	
369811	65	503.0	317.5	232.5	317.5	147.5	1.94	4.58	0	1,420	14	4.62	5.5	22.4	0.4	0.0	45.49	73	1.2758	2.1305	425	427.63	1,016.95	
370406	64	503.3	318.2	232.6	318.2	147.8	1.44	4.58	0	1,372	15	1.94	5.5	22.4	0.4	0.0	40.76	73	1.2758	2.1305	425	429.25	1,001.88	
370973	64	503.5	318.5	233.0	318.5	148.2	1.56	4.58	0	1,448	17	2.44	5.5	22.4	0.4	0.0	41.06	73	1.2758	2.1305	430	430.54	1,001.88	
371482	64	503.7	319.2	233.8	319.5	148.5	1.56	4.58	0	1,458	18	2.75	5.5	22.4	0.4	0.0	33.42	73	1.2758	2.1305	430	431.94	1,008.05	
372137	64	503.9	320.2	234.3	320.2	148.8	1.56	4.58	0	1,525	19	1.94	5.5	22.4	0.4	0.0	38.58	73	1.2758	2.1305	430	433.75	991.56	
372720	64	504.1	321.2	235.0	321.5	148.5	2.81	4.58	0	1,674	22	4.31	5.5	22.4	0.4	0.0	59.60	73	1.2758	2.1305	435	435.44	1,039.22	
373263	64	504.3	322.5	235.5	322.5	148.8	4.56	4.58	0	1,909	25	5.44	5.5	22.4	0.4	0.0	66.40	73	1.2758	2.1305	435	437.03	1,139.84	
373782	63	504.6	323.5	236.0	323.5	148.8	5.25	4.58	0	2,113	28	8.38	5.5	22.4	0.4	0.0	56.93	73	1.2758	2.1305	435	438.74	1,076.09	
374382	63	505.5	324.8	237.2	325.2	149.5	3.81	4.58	0	2,310	30	7.31	5.5	22.4	0.4	0.0	50.91	73	1.2758	2.1305	440	440.73	998.20	
374928	62	506.3	326.5	238.0	326.8	149.5	4.56	4.58	0	2,515	33	9.19	5.5	22.4	0.4	0.0	54.96	73	1.2758	2.1305	440	442.75	995.78	
375499	62	507.2	328.2	239.0	328.5	149.8	4.69	4.58	0	2,683	35	8.38	5.5	22.4	0.4	0.0	23.88	73	1.2758	2.1305	440	444.44	1,014.84	
376026	61	508.1	330.8	240.5	330.8	150.2	2.25	4.58	0	2,698	35	2.19	5.5	22.4	0.4	0.0	13.01	73	1.2758	2.1305	445	446.03	974.22	
376576	61	508.8	332.5	241.3	333.2	150.5	2.81	4.58	0	2,673	34	2.75	5.5	22.4	0.4	0.0	34.50	73	1.2758	2.1305	445	447.34	944.22	
377126	61	509.7	335.2	242.6	335.5	151.2	4.00	4.58	0	2,751	36	6.50	5.5	22.4	0.4	0.0	33.59	73	1.2758	2.1305	445	449.24	970.62	
377691	61	510.6	337.5	244.2	337.8	151.2	0.69	4.58	0	2,852	36	2.19	5.5	22.4	0.4	0.0	12.28	73	1.2758	2.1305	450	450.44	962.11	
378249	61	511.4	339.8	245.3	340.2	151.5	1.56	4.58	0	2,732	35	2.44	5.5	22.4	0.4	0.0	12.30	73	1.2758	2.1305	450	451.84	958.91	
378850	61	512.2	342.5	247.2	342.2	151.8	3.00	4.58	0	2,662	34	2.19	5.5	22.4	0.4	0.0	18.84	73	1.2758	2.1305	450	453.25	975.94	
379403	61	513.1	345.2	248.0	345.2	152.2	1.56	4.58	0	2,571	33	2.19	5.5	22.4	0.4	0.0	19.03	73	1.2758	2.1305	450	454.35	989.77	
379996	61	513.9	346.5	249.3	346.5	152.2	2.12	4.58	0	2,514	32	0.81	5.5	22.4	0.4	0.0	13.71	73	1.2758	2.1305	455	455.55	988.67	
380554	62	514.8	348.5	250.3	348.5	152.5	1.94	4.58	0	2,567	32	2.19	5.5	22.4	0.4	0.0	25.41	73	1.2758	2.1305	455	457.05	961.02	
381207	62	515.8	349.8	251.3	349.5	153.2	2.62	4.58	0	2,567	33	3.50	5.5	22.4	0.4	0.0	34.17	73	1.2758	2.1305	455	458.73	954.53	
381730	62	516.7	351.5	252.2	351.5	152.8	0.56	4.58	0	2,595	34	1.94	5.5	22.4	0.4	0.0	12.61	73	1.2758	2.1305	455	459.83	960.86	
382295	62	517.6	353.2	253.1	353.5	153.8	1.56	4.58	0	2,612	34	2.19	5.5	22.4	0.4	0.0	12.00	73	1.2758	2.1305	460	460.84	960.31	
382848	62	518.2	354.5	254.0	354.5	153.8	1.25	4.58	0	2,578	33	1.94	5.5	22.4	0.4	0.0	9.35	73	1.2758	2.1305	460	462.04	958.83	
383389	62	518.8	356.5	255.2	356.5	154.2	1.75	4.58	0	2,513	33	1.94	5.5	22.4	0.4	0.0	18.80	73	1.2758	2.1305	460	462.93	975.55	
383922	62	519.6	358.2	255.8	358.2	154.5	1.75	4.58	0	2,430	31	1.62	5.5	22.4	0.4	0.0	18.47	73	1.2758	2.1305	460	464.03	987.66	
384501	62	520.6	359.2	257.0	359.5	154.5	1.94	4.58	0	2,293	29	1.12	5.5	22.4	0.4	0.0	19.05	73	1.2758	2.1305	465	465.04	994.30	
385051	63	521.5	360.5	257.8	360.8	155.2	2.44	4.58	0	2,043	26	-0.75	5.5	22.4	0.4	0.0	19.08	73	1.2758	2.1305	465	466.14	994.38	
385630	63	522.6	361.8	258.5	361.8	155.2	2.44	4.58	0	1,907	25	-0.44	5.5	22.4	0.4	0.0	18.87	73	1.2758	2.1305	465	467.24	991.88	
386217	63	523.8	362.8	259.3	362.8	155.8	2.12	4.58	0	1,796	23	-0.44	5.5	22.4	0.4	0.0	18.94	73	1.2758	2.1305	465	468.25	988.67	
386754	63	524.9	363.5	260.0	363.5	156.2	1.44	4.58	0	1,715	22	0.31	5.5	22.4	0.4	0.0	18.47	73	1.2758	2.1305	465	469.05	985.16	
387329	64	525.9	364.5	260.3	364.8	155.8	0.69	4.58	0	1,539	19	0.81	5.5	22.4	0.4	0.0	18.52	73	1.2758	2.1305	470	470.03	981.02	
387936	64	526.9	365.2	260.8	365.5	156.5	0.19	4.58	0	1,351	17	1.12	5.5	22.4	0.4	0.0	18.66	73	1.2758	2.1305	470	470.94	977.27	
388531	64	528.1	365.8	261.5	365.8	156.8	1.06	4.58	0	1,146	14	0.56	5.5	22.4	0.4	0.0	12.28	73	1.2758	2.1305	470	471.83	970.94	
389071	64	528.9	366.2	261.5	366.5	157.2	1.06	4.58	0	1,007	13	0.31	5.5	22.4	0.4	0.0	13.31	73	1.2758	2.1305	470	472.54	966.88	
389727	64	529.7	366.5	262.1	366.8	157.2	1.06	4.58	0	942	12	0.00	5.5	22.4	0.4	0.0	16.92	73	1.2758	2.1305	470	473.43	963.83	
390297	64	530.3	366.8	261.8	367.2	157.5	1.06	4.58	0	962	12	0.31	5.5	22.4	0.4	0.0	21.05	73	1.2758	2.1305	470	474.25	962.11	
390750	64	531.0	367.2	262.5	367.5	157.5	1.25	4.58	0	967	11	0.56	5.5	22.4	0.4	0.0	19.27	73	1.2758	2.1305	475	474.93	961.56	
391323	64	531.6	367.2	262.5	367.5	158.2	1.25	4.58	0	871	10	0.31	5.5	22.4	0.4	0.0	24.80	73	1.2758	2.1305	475	475.63	960.16	
391840	64	532.0	367.5	263.0	367.5	158.2	1.44	4.58	0	903	9	0.56	5.5	22.4	0.4	0.0	25.34	73	1.2758	2.1305	475	476.33	961.25	
392375	65	532.5	367.2	263.0	367.2	158.5	1.25	4.58	0	1,002	9	0.31	5.5	22.4	0.4	0.0	24.98	73	1.2758	2.1305	475	476.94	960.16	
392904	65	532.8	367.2	262.8	367.2	158.5	1.25	4.58	0	1,039	10	0.56	5.5	22.4	0.4	0.0	22.38	73	1.2758	2.1305	475	477.65	962.34	
393432	65	533.1	367.5	263.0	367.5	158.8	1.25	4.58	0	1,069	10	0.56	5.5	22.4	0.4	0.0	43.29	73	1.2758	2.1305	475	478.44	958.75	
393993	65	533.4	367.8	263.5	368.2	159.2	1.56	4.58	0	1,401	12	2.19	5.5	22.4	0.4	0.0	34.10	73	1.2758	2.1305	475	479.15	974.06	
394513	65	533.7	367.5	263.6	367.8	159.2	1.44	4.58	0	1,292	13	1.38	5.5	22.4	0.4	0.0	37.29	73	1.2758	2.1305	475	480.04	974.84	
395044	65	533.8	368.2	263.8	368.2	159.8	1.56	4.58	0	1,389	14	2.44	5.5	22.4	0.4	0.0	42.96	73	1.2758	2.1305	480	480.83	982.42	
395575	65	533.9	368.8	264.0	368.8	159.5	1.75	4.58	0	1,403	15	3.00	5.5	22.4	0.4	0.0	53.44	73	1.2758	2.1305	480	481.63	990.62	
396174	64	533.9	369.5	264.6	369.8	160.2	2.25	4.58	0	1,513	18	7.31	5.5	22.4	0.4	0.0	55.45	73	1.2758	2.1305	480	482.64	1,005.23	
396755	64	533.8	370.5	265.2	371.2	160.2	2.25	4.58	0	1,543	20	4.62	5.5	22.4	0.4	0.0	47.77	73	1.2758	2.1305	480	483.74	1,043.83	
397363	64	533.6	372.2	266.3	372.5	160.8	2.81	4.58	0	1,703	22	3.81	5.5	22.4	0.4	0.0	55.62	73	1.2758	2.1305	480	484.75	1,038.52	
397946	63	533.3	373.8	267.1	373.5	160.5	4.19	4.58	0	1,866	25	4.62	5.5	22.4	0.4	0.0	48.28	73	1.2758	2.1305	485	485.85	1,077.19	
398571	63	533.0	375.2	267.8	375.5	161.2	3.50	4.58	0	2,050	26	4.06	5.5	22.4	0.4	0.0	52.15	73	1.2758	2.1305	485	486.93	1,026.80	
399132	63	532.7	377.5	269.2	377.5	161.5	4.69	4.58	0	2,233	29	8.94	5.5	22.4	0.4	0.0	60.05	73	1.2758	2.1305	485	488.03	1,066.02	
399645	62	532.4	380.2	270.6	380.5	161.8	4.38	4.58	0	2,441	32	9.50	5.5	22.4	0.4	0.0	48.94	73	1.2758	2.1305	485	488.94	1,038.98	
400223	62	532.1	383.5	272.7	383.5	162.2	1.75	4.58	0	2,568	33	3.00	5.5	22.4	0.4	0.0	23.18	73	1.2758	2.1305	485	489.93	990.94	
400740	61	532.0	385.8	274.1	386.5	162.5	2.12	4.58	0	2,633	33	2.75	5.5	22.4	0.4	0.0	28.85	73	1.2758	2.1305	490	490.63	962.11	
401281	61	532.0	389.5	275.8	389.5	162.8	3.81	4.58	0	2,690	35	6.50	5.5	22.4	0.4	0.0	47.41	73	1.2758	2.1305	490	491.43	973.28	
401823	61	532.0	392.8	277.3	392.8	163.2	4.19	4.58	0	2,811	36	7.88	5.5	22.4	0.4	0.0	44.95	73	1.2758	2.1305	490	492.44	1,004.53	
402354	61	532.2	395.8	279.6	396.2	163.5	3.81	4.58	0	2,884	38	7.06	5.5	22.4	0.4	0.0	41.93	73	1.2758	2.1305	490	493.23	1,012.03	
402889	61	532.6	400.2	281.5	400.5	163.8	-1.31	4.58	0	2,863	39	9.50	5.5	22.4	0.4	0.0	42.63	73	1.2758	2.1305	490	493.94	988.75	
403414	60	533.1	403.5	283.6	403.5	164.2	5.25	4.58	0	2,119	40	6.25	5.5	22.4	0.4	0.0	57.40	73	1.2758	2.1305	490	494.73	966.25	
403975	60	533.7	407.5	285.6	407.8	164.5	4.38	4.58	0	2,078	41	6.50	5.5	22.4	0.4	0.0	61.90	73	1.2758	2.1305	495	495.44	1,072.81	
404553	60	534.7	411.8	288.1	412.2	165.2	5.06	4.58	0	2,124	43	9.50	5.5	22.4	0.4	0.0	66.68	73	1.2758	2.1305	495	496.44	1,120.31	
405133	60	536.4	416.2	290.6	416.5	165.5	5.25	4.58	0	2,227	45	11.38	5.5	22.4	0.4	0.0	70.99	73	1.2758	2.1305	495	497.43	1,274.92	
405665	60	538.9	419.8	292.7	420.2	166.2	7.50	4.58	0	2,352	47	17.31	5.5	22.4	0.4	0.0	85.62	73	1.2758	2.1305	495	498.34	1,423.28	
406206	60	542.1	424.2	295.0	424.5	166.8	4.56	4.58	0	2,427	49	12.69	5.5	22.4	0.4	0.0	55.20	73	1.2758	2.1305	495	499.63	1,080.08	
406755	59	545.9	428.2	297.3	428.8	167.5	4.69	4.58	0	2,538	51	10.81	5.5	22.4	0.4	0.0	29.81	73	1.2758	2.1305	500	500.85	1,020.08	
407392	59	548.9	433.2	300.1	433.5	167.8	1.25	4.58	0	2,521	50	1.62	5.5	22.4	0.4	0.0	12.52	73	1.2758	2.1305	500	501.93	972.03	
407919	58	551.2	437.8	303.0	438.2	168.5	0.69	4.58	0	2,339	50	0.81	5.5	22.4	0.4	0.0	17.32	73	1.2758	2.1305	500	502.94	971.48	
408462	59	553.7	442.5	305.3	442.5	168.8	1.56	4.58	0	2,413	49	1.94	5.5	22.4	0.4	0.0	18.19	73	1.2758	2.1305	500	503.73	977.11	
409037	59	555.6	446.5	307.8	446.5	169.2	1.56	4.58	0	2,383	48	1.12	5.5	22.4	0.4	0.0	21.52	73	1.2758	2.1227	500	504.74	992.97	
409578	60	557.5	449.5	309.7	449.8	170.5	1.06	4.58	0	2,347	47	1.38	5.5	22.4	0.4	0.0	11.46	73	1.2758	2.1227	505	505.54	980.16	
410108	60	559.2	452.2	311.1	452.5	170.8	2.44	4.58	0	2,300	46	1.38	5.5	22.4	0.4	0.0	18.26	73	1.2758	2.1227	505	506.43	986.09	
410625	60	560.7	454.2	312.5	454.5	171.2	1.75	4.58	0	2,245	45	0.56	5.5	22.7	0.4	0.0	15.75	73	1.2758	2.1398	505	507.25	994.69	
411168	61	562.4	455.5	313.6	456.2	171.5	2.44	4.58	0	2,229	45	1.38	5.5	22.4	0.4	0.0	30.38	73	1.2758	2.1320	505	508.05	961.88	
411725	61	564.2	457.8	314.7	457.5	171.8	3.50	4.58	0	2,273	46	6.25	5.5	22.4	0.4	0.0	54.68	73	1.2758	2.1320	505	509.24	986.25	
412303	62	566.3	459.2	315.5	459.2	172.5	5.06	4.58	0	2,358	48	10.25	5.5	22.4	0.4	0.0	62.13	73	1.2758	2.1234	510	510.65	1,079.06	
412835	61	567.9	460.2	316.7	460.2	173.2	5.25	4.58	0	2,444	49	11.38	5.5	22.4	0.4	0.0	56.70	73	1.2758	2.1234	510	511.94	1,074.22	
413411	61	569.7	462.2	317.8	462.5	174.2	4.38	4.58	0	2,505	51	9.50	5.5	22.0	0.4	0.0	50.65	73	1.2758	2.1156	510	513.25	1,025.39	
414011	60	571.1	463.8	319.0	463.8	174.5	5.06	4.58	0	2,618	53	10.56	5.5	22.0	0.4	0.0	56.32	73	1.2758	2.1156	515	514.94	1,079.45	
414598	60	572.6	466.2	320.3	466.5	175.2	5.94	4.58	0	2,674	54	13.25	5.5	22.0	0.4	0.0	59.30	73	1.2758	2.1156	515	516.65	1,123.59	
415152	60	573.9	468.8	322.0	468.8	175.8	4.56	4.58	0	2,730	56	10.00	5.5	22.0	0.4	0.0	48.16	73	1.2758	2.1156	515	518.33	1,076.17	
415820	59	575.1	471.8	324.1	471.8	176.8	3.00	4.58	0	2,472	56	11.06	5.5	22.0	0.4	0.0	60.59	73	1.2758	2.1156	515	520.05	1,070.00	
416433	59	576.3	474.2	325.1	474.2	177.2	4.69	4.58	0	2,007	58	7.56	5.5	22.0	0.4	0.0	50.77	73	1.2758	2.1156	520	522.04	1,004.53	
416980	59	577.5	477.2	327.6	478.2	177.8	4.38	4.58	0	1,990	59	5.44	5.5	22.0	0.4	0.0	30.96	73	1.2758	2.1156	520	523.35	993.12	
417540	59	578.6	481.2	329.6	481.8	178.5	1.25	4.58	0	1,988	59	0.81	5.5	22.0	0.4	0.0	13.05	73	1.2758	2.1156	520	524.55	968.83	
418073	58	579.3	483.5	331.3	483.8	179.2	0.00	4.58	0	1,952	58	-1.56	5.5	22.0	0.4	0.0	16.78	73	1.2758	2.1156	525	525.44	965.55	
418616	59	580.0	486.2	332.5	486.2	179.8	1.94	4.58	0	1,900	56	0.00	5.5	22.0	0.4	0.0	17.95	73	1.2758	2.1156	525	526.44	970.00	
419135	59	580.7	487.8	334.0	487.8	180.5	1.94	4.58	0	1,843	54	0.56	5.5	22.4	0.4	0.0	17.88	73	1.2758	2.1328	525	527.33	972.19	
419666	59	581.5	489.2	335.1	489.2	181.2	1.56	4.58	0	1,762	52	0.31	5.5	22.4	0.4	0.0	17.77	73	1.2758	2.1328	525	528.13	980.78	
420226	60	582.4	490.8	336.1	490.8	181.5	1.06	4.58	0	1,672	49	0.56	5.5	22.4	0.4	0.0	17.88	73	1.2758	2.1250	525	529.14	981.88	
420794	60	583.4	491.5	336.6	491.5	182.2	0.69	4.58	0	1,626	48	0.81	5.5	22.4	0.4	0.0	17.58	73	1.2758	2.1250	525	529.84	962.42	
421347	60	584.4	492.2	337.3	491.8	182.8	3.00	4.58	0	2,088	47	3.25	5.5	22.4	0.4	0.0	12.98	73	1.2758	2.1250	530	530.94	979.77	
421908	61	585.3	492.5	337.5	492.5	183.2	1.25	4.58	0	2,229	44	0.56	5.5	22.0	0.4	0.0	12.75	73	1.2758	2.1164	530	531.93	964.53	
422459	61	586.2	492.5	338.0	492.2	183.8	2.25	4.58	0	2,077	42	0.56	5.5	22.0	0.4	0.0	18.54	73	1.2758	2.1164	530	532.63	970.55	
423006	61	587.0	492.2	338.0	492.5	184.5	2.25	4.58	0	1,957	39	0.56	5.5	22.0	0.4	0.0	18.61	73	1.2758	2.1078	530	533.43	972.73	
423550	61	587.8	492.5	338.5	492.5	184.8	1.75	4.58	0	1,804	36	0.56	5.5	22.4	0.4	0.0	18.47	73	1.2758	2.1258	530	534.34	979.61	
424126	62	588.5	492.2	338.5	491.8	185.2	1.06	4.58	0	1,705	34	0.56	5.5	22.0	0.4	0.0	19.88	73	1.2758	2.1172	535	535.23	982.97	
424704	62	589.2	491.5	338.5	491.5	185.8	1.06	4.58	0	1,694	33	0.31	5.5	22.0	0.4	0.0	16.24	73	1.2758	2.1086	535	536.24	971.17	
425288	62	589.8	490.5	338.3	490.5	185.8	2.44	4.58	0	2,191	33	2.75	5.5	22.0	0.4	0.0	38.37	73	1.2758	2.1086	535	537.13	951.72	
425817	63	590.6	490.5	338.5	490.2	186.5	3.81	4.58	0	2,592	34	7.06	5.5	22.0	0.4	0.0	51.59	73	1.2758	2.1086	535	538.44	964.84	
426380	62	591.1	489.2	338.3	489.2	187.2	5.75	4.58	0	2,717	36	12.69	5.5	22.0	0.4	0.0	60.96	73	1.2758	2.1086	535	539.43	1,122.11	
426899	62	591.4	488.8	338.0	488.8	187.8	5.75	4.58	0	2,915	38	12.19	5.5	22.0	0.4	0.0	48.80	73	1.2758	2.1086	540	540.53	1,094.61	
427476	61	591.3	488.8	338.1	489.2	188.2	4.19	4.58	0	3,016	39	9.50	5.5	22.0	0.4	0.0	48.80	73	1.2758	2.1086	540	541.63	1,064.45	
428039	60	591.2	489.8	339.0	490.2	188.5	3.81	4.58	0	2,134	40	4.88	5.5	22.0	0.4	0.0	43.03	73	1.2758	2.1008	540	542.73	1,015.70	
428619	60	591.0	490.8	339.8	491.2	188.8	1.06	4.58	0	1,991	40	-0.19	5.5	22.4	0.4	0.0	14.02	73	1.2758	2.1180	540	543.53	972.19	
429190	59	590.8	491.8	340.6	492.5	189.5	-1.62	4.58	0	1,932	40	-1.00	5.5	22.0	0.4	0.0	16.57	73	1.2758	2.1102	540	544.14	965.94	
429772	60	590.7	493.2	341.7	493.2	189.8	2.12	4.58	0	1,944	39	0.31	5.5	22.0	0.4	0.0	18.38	73	1.2758	2.1102	545	544.94	970.47	
430337	60	590.8	494.5	342.3	494.5	190.8	1.94	4.58	0	1,889	38	0.00	5.5	22.0	0.4	0.0	18.19	73	1.2758	2.1016	545	545.64	972.27	
430886	60	591.1	495.2	342.8	495.2	190.8	1.94	4.58	0	1,847	37	-0.19	5.5	22.0	0.4	0.0	18.02	73	1.2758	2.1016	545	546.34	982.50	
431419	61	591.5	495.2	343.1	495.5	191.5	1.56	4.58	0	1,787	36	0.31	5.5	22.0	0.4	0.0	18.28	73	1.2758	2.1016	545	547.14	983.52	
431981	61	591.9	495.5	343.6	495.5	191.8	1.44	4.58	0	1,749	35	1.62	5.5	22.0	0.4	0.0	11.95	73	1.2758	2.1016	545	547.84	981.56	
432498	61	592.3	495.5	343.8	495.5	192.5	1.56	4.58	0	1,759	35	0.81	5.5	22.0	0.4	0.0	18.91	73	1.2758	2.1016	545	548.43	976.33	
433030	62	592.7	495.5	343.8	495.2	192.2	1.25	4.58	0	1,709	35	0.56	5.5	22.0	0.4	0.0	11.65	73	1.2758	2.1016	545	549.25	973.67	
433651	62	593.0	495.2	344.1	495.2	192.8	1.94	4.58	0	1,712	34	0.56	5.5	22.0	0.4	0.0	13.52	73	1.2758	2.1016	550	550.05	971.02	
434180	62	593.2	494.8	343.8	494.5	193.2	0.88	4.58	0	1,601	33	0.81	5.5	22.0	0.4	0.0	13.59	73	1.2758	2.1016	550	550.63	975.00	
434802	62	593.6	494.2	344.0	494.2	193.8	1.44	4.58	0	1,667	32	1.12	5.5	22.0	0.4	0.0	19.12	73	1.2758	2.1016	550	551.33	968.44	
435404	62	594.0	493.5	343.5	493.2	194.2	1.56	4.58	0	2,152	32	1.62	5.5	22.0	0.4	0.0	14.25	73	1.2758	2.1016	550	552.13	965.08	
435954	62	594.2	492.8	343.5	492.5	194.5	1.75	4.58	0	2,353	31	1.12	5.5	22.0	0.4	0.0	15.12	73	1.2758	2.1016	550	552.83	960.94	
436477	63	594.3	492.2	343.2	492.2	194.8	2.12	4.58	0	2,390	31	1.38	5.5	22.0	0.4	0.0	10.90	73	1.2758	2.1016	550	553.35	958.59	
437033	63	594.4	491.5	343.1	491.2	195.2	4.69	4.58	0	2,280	30	0.81	5.5	22.0	0.4	0.0	13.92	73	1.2758	2.1016	550	554.03	968.05	
437560	63	594.5	490.8	343.2	490.8	195.8	1.56	4.58	0	2,338	30	1.62	5.5	22.0	0.4	0.0	21.54	73	1.2758	2.1016	550	554.64	958.28	
438115	63	594.6	490.5	343.1	490.2	195.8	1.25	4.58	0	2,332	30	1.62	5.5	22.0	0.4	0.0	13.41	73	1.2758	2.1016	555	555.34	959.77	
438669	63	594.5	489.8	342.8	489.8	196.2	1.56	4.58	0	2,312	30	0.81	5.5	22.0	0.4	0.0	11.88	73	1.2758	2.1016	555	555.83	955.23	
439283	63	594.4	488.8	342.7	488.8	196.5	2.25	4.58	0	2,382	30	2.44	5.5	22.0	0.4	0.0	21.07	73	1.2758	2.1016	555	556.54	957.34	
439864	63	594.2	488.5	342.5	488.5	196.8	1.44	4.58	0	2,322	30	0.81	5.5	22.0	0.4	0.0	11.62	73	1.2758	2.1016	555	557.15	958.05	
440450	63	593.9	488.2	342.7	488.2	197.2	1.75	4.58	0	2,273	29	0.81	5.5	22.0	0.4	0.0	12.33	73	1.2758	2.1016	555	557.73	956.95	
440993	63	593.7	488.5	342.8	488.5	197.5	2.25	4.58	0	2,097	27	0.56	5.5	22.0	0.4	0.0	19.15	73	1.2758	2.1016	555	558.13	968.20	
441526	63	593.7	487.8	342.8	488.2	197.8	2.44	4.58	0	1,936	25	0.31	5.5	22.0	0.4	0.0	19.29	73	1.2758	2.1016	555	558.74	976.64	
442054	63	593.7	488.5	342.8	487.8	198.2	1.75	4.58	0	1,811	23	0.31	5.5	22.0	0.4	0.0	19.17	73	1.2758	2.1016	555	559.23	980.00	
442708	63	593.9	487.5	343.0	487.5	198.5	0.38	4.58	0	1,753	22	0.81	5.5	22.0	0.4	0.0	15.19	73	1.2758	2.1016	555	559.75	974.61	
443226	64	594.1	487.5	342.8	487.5	198.8	2.12	4.58	0	1,779	22	1.94	5.5	22.0	0.4	0.0	38.37	73	1.2758	2.1016	560	560.33	963.67	
443745	64	594.1	486.8	342.8	486.8	199.2	2.62	4.58	0	1,802	23	3.25	5.5	22.0	0.4	0.0	39.63	73	1.2758	2.1016	560	560.85	1,001.72	
444293	64	594.0	486.5	342.8	486.2	198.8	1.56	4.58	0	1,846	24	1.94	5.5	22.0	0.4	0.0	20.79	73	1.2758	2.1016	560	561.34	1,007.11	
444837	64	593.7	486.5	343.0	486.5	199.5	1.56	4.58	0	1,905	25	0.81	5.5	22.0	0.4	0.0	28.66	73	1.2758	2.1016	560	561.83	987.03	
445367	63	593.4	486.2	343.0	486.5	199.5	2.25	4.58	0	1,993	25	2.19	5.5	22.0	0.4	0.0	33.96	73	1.2758	2.1016	560	562.23	1,000.70	
445904	63	592.9	486.8	343.3	486.8	200.2	-0.06	4.58	0	1,973	25	1.38	5.5	22.0	0.4	0.0	13.38	73	1.2758	2.1016	560	562.75	980.78	
446480	63	592.4	487.5	343.8	487.5	200.5	2.12	4.58	0	1,925	25	1.12	5.5	22.0	0.4	0.0	19.22	73	1.2758	2.1016	560	563.03	968.20	
447014	63	591.9	488.2	344.1	488.2	200.8	1.75	4.58	0	1,888	24	1.12	5.5	22.0	0.4	0.0	14.95	73	1.2758	2.1016	560	563.43	968.20	
447557	63	591.4	488.5	344.5	488.5	200.8	1.56	4.58	0	1,840	24	0.31	5.5	22.0	0.4	0.0	11.46	73	1.2758	2.1016	560	563.73	965.94	
448095	63	591.0	489.5	345.1	489.5	201.5	2.44	4.58	0	1,817	23	0.81	5.5	22.0	0.4	0.0	21.91	73	1.2758	2.1016	560	564.04	965.31	
448641	63	590.4	489.5	345.6	489.5	201.8	2.12	4.58	0	1,820	23	1.94	5.5	22.0	0.4	0.0	34.64	73	1.2758	2.1016	560	564.44	971.33	
449175	63	589.7	490.2	345.8	490.5	201.8	2.44	4.58	0	1,867	24	2.75	5.5	22.0	0.4	0.0	44.81	73	1.2758	2.1016	560	564.83	997.11	
449694	63	588.9	490.5	346.6	490.8	202.2	3.12	4.58	0	1,960	25	3.81	5.5	22.0	0.4	0.0	42.38	73	1.2758	2.1016	565	565.14	1,049.69	
450220	63	588.0	491.2	346.8	491.2	202.5	2.44	4.58	0	2,027	26	1.62	5.5	22.0	0.4	0.0	18.14	73	1.2758	2.1016	565	565.44	992.03	
450868	63	587.1	492.2	347.3	492.5	202.8	2.12	4.58	0	1,990	26	1.12	5.5	22.0	0.4	0.0	32.06	73	1.2758	2.1016	565	565.63	957.03	
451387	63	586.2	493.2	348.2	493.5	203.2	4.00	4.58	0	2,094	27	5.94	5.5	22.0	0.4	0.0	53.91	73	1.2758	2.1016	565	565.94	978.67	
451961	62	584.6	495.2	349.3	494.5	203.5	4.69	4.58	0	2,250	30	9.75	5.5	22.0	0.4	0.0	63.87	73	1.2758	2.1016	565	566.03	1,168.59	
452542	62	583.2	496.2	349.8	496.5	203.8	12.19	4.58	0	2,535	33	32.94	5.5	22.0	0.4	0.0	75.52	73	1.2758	2.1016	565	565.94	1,157.50	
453060	62	582.2	497.8	351.0	497.8	204.5	1.25	4.58	0	2,596	34	3.00	5.5	22.0	0.4	0.0	15.26	73	1.2758	2.1102	565	565.75	1,006.80	
453647	60	581.4	500.2	352.7	500.2	204.8	1.75	4.58	0	2,578	33	2.19	5.5	22.0	0.4	0.0	12.07	73	1.2758	2.1102	565	565.63	970.62	
454186	60	581.0	502.5	354.0	502.8	205.5	1.56	4.58	0	2,569	33	1.94	5.5	22.4	0.4	0.0	11.74	73	1.2758	2.1195	565	565.54	961.33	
454743	61	580.5	505.2	355.1	504.8	206.2	2.44	4.58	0	2,450	32	1.62	5.5	22.0	0.4	0.0	18.54	73	1.2758	2.1109	565	565.44	968.05	
455338	61	580.2	507.2	356.5	507.2	206.5	1.56	4.58	0	2,325	30	1.12	5.5	22.0	0.4	0.0	18.40	73	1.2758	2.1109	565	565.44	986.09	
455858	61	580.0	508.8	357.6	509.2	206.8	2.44	4.58	0	2,255	29	0.81	5.5	22.0	0.4	0.0	12.05	73	1.2758	2.1109	565	565.35	984.45	
456395	61	579.9	510.5	358.5	510.5	206.8	2.62	4.58	0	2,298	29	2.44	5.5	22.0	0.4	0.0	31.69	73	1.2758	2.1109	565	565.35	969.38	
456951	62	579.8	511.5	359.5	511.5	207.5	1.06	4.58	0	2,279	29	0.81	5.5	22.0	0.4	0.0	11.79	73	1.2758	2.1109	565	565.35	960.47	
457478	62	579.7	512.8	360.1	512.5	207.8	1.75	4.58	0	2,266	30	0.56	5.5	22.0	0.4	0.0	11.86	73	1.2758	2.1109	565	565.35	959.84	
458005	62	579.6	513.5	360.6	513.2	208.5	2.12	4.58	0	2,266	29	1.94	5.5	22.0	0.4	0.0	25.17	73	1.2758	2.1109	565	565.44	949.38	
458574	62	579.4	514.5	361.5	514.5	208.8	2.25	4.58	0	2,338	30	2.75	5.5	22.0	0.4	0.0	26.70	73	1.2758	2.1109	565	565.44	959.22	
459103	62	579.3	515.2	362.2	515.5	208.8	1.25	4.58	0	2,320	30	1.38	5.5	22.0	0.4	0.0	11.18	73	1.2758	2.1109	565	565.44	958.52	
459733	62	579.1	516.2	362.7	515.8	209.8	1.25	4.58	0	2,326	30	1.12	5.5	22.0	0.4	0.0	11.53	73	1.2758	2.1109	565	565.44	957.34	
460246	62	579.0	516.5	363.1	517.2	209.5	2.62	4.58	0	2,251	30	0.81	5.5	22.0	0.4	0.0	12.63	73	1.2758	2.1109	565	565.54	967.42	
460809	62	578.9	517.5	363.7	517.8	210.2	1.94	4.58	0	2,282	29	1.62	5.5	22.0	0.4	0.0	22.62	73	1.2758	2.1109	565	565.54	954.53	
461369	63	578.7	518.2	364.5	518.2	210.5	2.62	4.58	0	2,307	30	3.25	5.5	22.0	0.4	0.0	35.41	73	1.2758	2.1109	565	565.63	944.77	
461906	63	578.5	518.8	364.8	519.2	211.2	3.69	4.58	0	2,456	32	7.56	5.5	22.0	0.4	0.0	50.67	73	1.2758	2.1109	565	565.63	945.86	
462450	63	578.2	518.8	365.3	519.2	211.2	2.81	4.58	0	2,621	34	6.75	5.5	22.0	0.4	0.0	24.61	73	1.2758	2.1109	565	565.63	977.42	
463009	62	577.8	520.5	366.2	520.5	212.2	2.25	4.58	0	2,628	34	2.19	5.5	22.0	0.4	0.0	11.88	73	1.2758	2.1109	565	565.54	963.52	
463546	62	577.6	521.5	366.8	521.5	212.5	1.06	4.58	0	2,604	34	1.94	5.5	22.0	0.4	0.0	12.07	73	1.2758	2.1109	565	565.54	958.91	
464100	62	577.3	522.8	367.6	522.8	212.8	1.94	4.58	0	2,499	33	1.62	5.5	22.0	0.4	0.0	18.45	73	1.2758	2.1109	565	565.54	966.25	
464627	62	577.2	524.2	368.7	524.5	213.2	1.75	4.58	0	2,473	32	1.62	5.5	22.0	0.4	0.0	18.94	73	1.2758	2.1109	565	565.54	974.38	
465182	62	577.1	524.8	369.2	525.5	213.5	1.56	4.58	0	2,409	31	1.62	5.5	22.0	0.4	0.0	21.94	73	1.2758	2.1109	565	565.54	995.39	
465705	63	577.1	525.8	369.5	525.8	214.2	2.12	4.58	0	2,342	30	1.62	5.5	22.0	0.4	0.0	24.73	73	1.2758	2.1109	565	565.63	960.78	
466296	63	577.1	526.8	370.2	526.5	214.5	4.00	4.58	0	2,470	32	7.56	5.5	22.0	0.4	0.0	53.30	73	1.2758	2.1109	565	565.63	974.53	
466849	63	576.9	526.8	370.8	526.8	214.8	5.75	4.58	0	2,683	35	13.25	5.5	22.0	0.4	0.0	61.57	73	1.2758	2.1109	565	565.54	1,118.98	
467372	63	576.4	527.8	371.5	527.8	215.2	1.06	4.58	0	2,708	36	3.50	5.5	22.0	0.4	0.0	15.89	73	1.2758	2.1023	565	565.35	1,003.98	
467907	62	576.1	528.8	372.1	529.2	215.5	1.94	4.58	0	2,451	37	1.94	5.5	22.0	0.4	0.0	19.71	73	1.2758	2.1023	565	565.23	982.19	
468501	61	576.0	530.5	373.3	530.5	215.8	1.56	4.58	0	1,858	36	0.56	5.5	22.0	0.4	0.0	18.23	73	1.2758	2.1117	565	565.14	975.62	
469031	62	576.0	531.8	374.3	532.2	217.2	0.88	4.58	0	1,698	35	0.56	5.5	22.0	0.4	0.0	17.86	73	1.2758	2.1117	565	565.14	971.72	
469560	62	576.2	533.5	375.1	533.8	217.2	0.88	4.58	0	1,681	33	0.81	5.5	22.0	0.4	0.0	18.19	73	1.2758	2.1031	565	565.14	977.50	
470087	62	576.4	534.5	376.0	534.5	217.2	1.56	4.58	0	1,719	32	1.12	5.5	22.0	0.4	0.0	13.34	73	1.2758	2.1031	565	565.14	975.00	
470612	62	576.6	535.2	376.5	535.5	217.5	2.12	4.58	0	2,238	30	1.12	5.5	22.0	0.4	0.0	12.52	73	1.2758	2.1031	565	565.14	967.03	
471146	62	576.8	535.8	377.0	535.8	218.2	3.31	4.58	0	2,316	30	1.12	5.5	22.0	0.4	0.0	18.33	73	1.2758	2.1031	565	565.23	973.05	
471710	63	577.1	536.5	377.2	536.5	218.8	1.94	4.58	0	2,189	29	0.81	5.5	22.0	0.4	0.0	18.96	73	1.2758	2.1031	565	565.23	984.30	
472279	63	577.5	536.5	377.8	536.5	218.8	8.19	4.58	0	2,159	28	1.94	5.5	22.0	0.4	0.0	11.60	73	1.2758	2.1031	565	565.35	986.25	
472837	63	577.9	536.8	378.1	536.8	219.2	2.12	4.58	0	2,185	28	0.81	5.5	22.0	0.4	0.0	11.55	73	1.2758	2.1031	565	565.54	971.88	
473371	63	578.3	536.8	378.0	536.8	219.2	2.81	4.58	0	2,088	27	-0.19	5.5	22.0	0.4	0.0	12.47	73	1.2758	2.1031	565	565.63	966.72	
473915	63	578.5	536.5	378.1	536.5	219.8	3.31	4.58	0	2,189	28	3.00	5.5	22.0	0.4	0.0	39.30	73	1.2758	2.1031	565	565.75	945.47	
474556	64	578.8	536.8	378.6	536.8	220.5	4.19	4.58	0	2,292	30	8.12	5.5	22.0	0.4	0.0	46.55	73	1.2758	2.1031	565	565.84	969.92	
475155	63	578.7	536.8	378.8	536.8	221.2	2.81	4.58	0	2,406	31	4.31	5.5	22.0	0.4	0.0	38.27	73	1.2758	2.1031	565	565.94	962.73	
475683	63	578.6	537.2	379.2	537.2	221.2	2.12	4.58	0	2,503	32	4.06	5.5	22.0	0.4	0.0	15.35	73	1.2758	2.1031	565	565.94	965.94	
476251	63	578.4	537.8	379.6	537.8	221.5	1.25	4.58	0	2,486	32	1.94	5.5	22.0	0.4	0.0	11.84	73	1.2758	2.1031	565	565.94	959.77	
476926	62	578.2	539.2	380.7	539.2	221.8	1.56	4.58	0	2,437	32	1.38	5.5	22.0	0.4	0.0	12.00	73	1.2758	2.1031	565	566.03	950.23	
477463	62	577.9	540.2	381.3	540.5	222.5	3.50	4.58	0	2,518	32	7.56	5.5	22.0	0.4	0.0	52.20	73	1.2758	2.1031	565	566.03	941.95	
477968	63	577.5	541.8	382.1	541.8	222.5	5.06	4.58	0	2,583	34	11.62	5.5	22.0	0.4	0.0	60.82	73	1.2758	2.1031	565	566.03	1,169.77	
478543	63	577.0	543.2	383.0	543.2	223.2	16.00	4.58	0	2,915	38	44.00	5.5	22.0	0.4	0.0	110.58	73	1.2758	2.1031	565	565.84	1,504.53	
479068	62	576.7	544.5	384.0	544.5	223.8	18.06	4.58	0	3,076	41	44.00	5.5	22.0	0.4	0.0	87.16	73	1.2758	2.1117	565	565.44	1,294.77	
479637	61	577.0	546.5	385.5	546.8	224.8	11.12	4.58	0	2,455	44	31.62	5.5	22.0	0.4	0.0	96.52	73	1.2758	2.1109	565	564.93	1,300.16	
480191	60	578.6	549.5	387.3	549.5	225.5	2.81	4.58	0	2,254	46	6.25	5.5	22.0	0.4	0.0	27.91	73	1.2758	2.1102	560	564.65	1,034.06	
480763	59	580.6	553.5	389.3	553.5	225.8	4.69	4.58	0	2,586	46	9.50	5.5	22.0	0.4	0.0	56.13	73	1.2758	2.1102	560	564.34	958.59	
481296	59	582.7	557.2	391.3	557.5	226.5	4.56	4.58	0	2,341	48	10.25	5.5	22.4	0.4	0.0	28.15	73	1.2758	2.1281	560	564.25	1,001.72	
481840	59	584.8	560.8	394.0	561.2	227.5	1.44	4.58	0	2,349	48	1.12	5.5	22.4	0.4	0.0	11.86	73	1.2758	2.1195	560	564.25	971.41	
482401	59	586.5	564.5	395.6	564.5	228.2	5.38	4.58	0	2,281	45	1.12	5.5	22.4	0.4	0.0	17.55	73	1.2758	2.1195	560	564.25	970.31	
482979	59	588.1	567.8	398.1	568.2	229.2	2.12	4.58	0	2,092	41	-0.44	5.5	22.4	0.4	0.0	17.81	73	1.2758	2.1195	560	564.34	973.28	
483545	60	589.6	570.5	400.0	570.8	229.2	5.75	4.58	0	1,987	40	0.81	5.5	22.4	0.4	0.0	16.34	73	1.2758	2.1281	560	564.44	977.66	
484139	60	591.3	573.5	401.5	573.2	230.2	3.12	4.58	0	2,001	40	3.25	5.5	22.4	0.4	0.0	48.77	73	1.2758	2.1281	560	564.53	940.62	
484709	61	593.4	574.8	402.6	574.8	231.2	4.19	4.58	0	2,066	42	7.06	5.5	22.4	0.4	0.0	60.42	73	1.2758	2.1281	560	564.74	1,077.73	
485281	61	595.3	576.5	403.8	576.5	231.8	5.25	4.58	0	2,195	44	11.38	5.5	22.4	0.4	0.0	71.67	73	1.2758	2.1281	565	565.14	1,242.81	
485962	61	598.2	577.5	405.0	578.2	232.5	7.31	4.58	0	2,281	46	17.31	5.5	22.4	0.4	0.0	83.53	73	1.2758	2.1195	565	565.75	1,496.25	
486492	60	601.1	579.8	406.1	579.8	233.2	14.75	4.58	0	2,438	49	42.44	5.5	22.4	0.4	0.0	117.75	73	1.2758	2.1195	565	566.55	1,596.02	
487050	60	605.7	582.2	407.8	582.5	234.2	15.31	4.58	0	2,589	52	42.94	5.5	22.4	0.4	0.0	104.37	73	1.2758	2.1281	565	567.74	1,436.33	
487586	60	610.1	584.8	409.6	584.8	234.8	12.69	4.58	0	2,697	55	34.31	5.5	22.4	0.4	0.0	85.64	73	1.2758	2.1180	565	569.15	1,232.27	
488105	59	615.3	587.5	411.2	587.8	235.5	7.81	4.58	0	2,810	57	19.19	5.5	22.4	0.4	0.0	53.93	73	1.2758	2.1266	570	570.65	1,088.59	
488570	58	619.6	590.2	413.1	590.2	236.5	6.25	4.58	0	2,875	58	12.19	5.5	22.4	0.4	0.0	51.30	73	1.2758	2.1352	570	572.24	1,013.91	
489102	58	624.3	593.5	414.8	593.5	237.2	2.81	4.58	0	2,138	59	3.25	5.5	22.4	0.4	0.0	19.34	73	1.2758	2.1266	570	573.74	986.41	
489626	58	627.4	596.5	417.0	596.8	238.5	2.12	4.58	0	1,974	59	0.31	5.5	22.4	0.4	0.0	12.07	73	1.2758	2.1266	575	575.15	967.11	
490157	58	630.1	599.5	419.1	599.8	238.8	2.25	4.58	0	1,911	58	0.00	5.5	22.4	0.4	0.0	15.68	73	1.2758	2.1266	575	576.13	968.98	
490694	58	632.6	602.5	420.6	602.5	239.5	1.75	4.58	0	1,864	54	0.00	5.5	22.4	0.4	0.0	17.58	73	1.2758	2.1352	575	577.14	970.86	
491300	59	635.0	604.5	422.0	604.5	240.5	1.06	4.58	0	1,721	50	0.81	5.5	22.4	0.4	0.0	31.62	73	1.2758	2.1352	575	578.24	969.61	
491821	59	637.6	606.2	423.7	606.2	241.5	2.44	4.58	0	2,243	46	2.75	5.5	22.7	0.4	0.0	12.70	73	1.2758	2.1258	575	579.53	974.84	
492428	60	640.0	607.2	424.5	607.2	242.5	1.44	4.58	0	2,082	42	-0.44	5.5	22.4	0.4	0.0	12.16	74	1.2758	2.1258	580	580.63	963.44	
492955	60	641.9	607.8	425.1	607.5	243.2	2.81	4.58	0	1,900	37	0.00	5.5	22.4	0.4	0.0	17.84	74	1.2758	2.1258	580	581.55	965.94	
493555	60	643.6	608.5	425.8	608.8	243.8	0.69	4.58	0	1,647	33	1.12	5.5	22.4	0.4	0.0	17.60	74	1.2758	2.1258	580	582.53	968.20	
494085	61	645.2	608.5	426.2	608.5	244.2	0.88	4.58	0	1,635	30	1.12	5.5	22.4	0.4	0.0	12.73	74	1.2758	2.1344	580	583.35	971.17	
494728	61	646.7	607.8	426.1	607.8	244.8	1.44	4.58	0	1,932	27	0.81	5.5	22.4	0.4	0.0	12.56	74	1.2758	2.1258	580	584.43	971.64	
495291	61	648.1	607.5	426.5	606.8	245.5	3.81	4.58	0	1,970	25	0.81	5.5	22.4	0.4	0.0	17.44	74	1.2758	2.1258	585	585.25	976.72	
495823	62	649.5	606.5	426.0	606.2	246.2	1.75	4.58	0	1,839	24	0.31	5.5	22.4	0.4	0.0	18.42	74	1.2758	2.1258	585	586.14	980.78	
496342	62	650.6	605.5	425.8	605.2	246.5	1.25	4.58	0	1,754	22	0.56	5.5	22.4	0.4	0.0	18.19	74	1.2758	2.1437	585	586.84	982.34	
496889	62	651.8	604.2	425.5	604.2	247.2	0.69	4.58	0	1,632	21	0.81	5.5	22.4	0.4	0.0	17.98	74	1.2758	2.1352	585	587.55	981.17	
497423	62	653.0	603.2	425.5	603.2	247.2	0.56	4.58	0	1,518	20	1.12	5.5	22.4	0.4	0.0	18.14	74	1.2758	2.1352	585	588.44	980.47	
497952	63	654.0	601.5	425.0	601.5	248.5	0.38	4.58	0	1,443	18	1.12	5.5	22.4	0.4	0.0	18.16	74	1.2758	2.1266	585	589.14	979.30	
498484	63	655.0	600.5	424.3	600.2	248.5	0.38	4.58	0	1,309	17	0.81	5.5	22.4	0.4	0.0	18.07	74	1.2758	2.1180	585	589.84	978.05	
499013	63	656.0	598.8	423.8	598.8	248.8	0.69	4.58	0	1,165	15	0.56	5.5	22.4	0.4	0.0	19.01	74	1.2758	2.1367	590	590.73	976.25	
499615	63	657.0	597.2	423.2	597.2	249.2	0.88	4.58	0	1,103	14	0.31	5.5	22.4	0.4	0.0	12.07	74	1.2758	2.1367	590	591.65	969.45	
500158	63	657.9	595.2	422.5	595.2	249.5	0.88	4.58	0	1,061	13	0.31	5.5	22.4	0.4	0.0	13.12	74	1.2758	2.1367	590	592.35	966.25	
500707	63	658.5	593.8	421.8	593.5	250.2	1.25	4.58	0	995	13	0.31	5.5	22.4	0.4	0.0	12.70	74	1.2758	2.1367	590	593.03	964.14	
501286	63	659.3	591.8	421.3	591.5	250.5	1.06	4.58	0	966	12	0.31	5.5	22.4	0.4	0.0	13.10	74	1.2758	2.1367	590	593.85	962.42	
501816	63	659.9	589.8	420.3	589.5	251.2	1.25	4.58	0	912	12	0.31	5.5	22.4	0.4	0.0	12.94	74	1.2758	2.1367	590	594.65	961.17	
502391	63	660.4	587.5	419.7	587.5	251.2	1.44	4.58	0	914	11	0.31	5.5	22.4	0.4	0.0	20.58	74	1.2758	2.1367	595	595.35	960.08	
502999	64	661.0	585.8	418.8	585.8	251.2	1.44	4.58	0	988	11	0.31	5.5	22.4	0.4	0.0	19.97	74	1.2758	2.1367	595	596.15	960.62	
503546	64	661.4	584.5	418.0	584.5	251.5	1.25	4.58	0	1,003	9	0.31	5.5	22.4	0.4	0.0	18.38	74	1.2758	2.1367	595	596.94	961.41	
504091	64	661.9	581.8	417.2	581.8	251.8	1.25	4.58	0	873	8	0.31	5.5	22.4	0.4	0.0	16.62	74	1.2758	2.1367	595	597.53	960.31	
504668	64	662.3	579.8	416.5	579.5	252.2	1.44	4.58	0	777	6	0.31	5.5	22.4	0.4	0.0	21.35	74	1.2758	2.1367	595	598.23	959.77	
505266	64	662.7	578.2	415.5	577.8	252.8	1.25	4.58	0	773	5	0.31	5.5	22.4	0.4	0.0	31.55	74	1.2758	2.1367	595	599.03	958.59	
505830	64	663.0	576.2	414.5	575.8	252.8	1.44	4.58	0	902	5	0.81	5.5	22.4	0.4	0.0	28.76	74	1.2758	2.1367	595	599.73	960.70	
506412	64	663.3	574.5	414.0	574.5	253.2	1.44	4.58	0	1,005	5	0.56	5.5	22.4	0.4	0.0	26.44	74	1.2758	2.1367	600	600.53	960.62	
506979	64	663.5	572.8	413.1	573.2	253.8	1.44	4.58	0	1,078	5	0.81	5.5	22.4	0.4	0.0	24.49	74	1.2758	2.1367	600	601.14	963.59	
507535	64	663.7	571.5	412.6	571.2	253.5	1.44	4.58	0	1,130	5	0.81	5.5	22.4	0.4	0.0	22.69	74	1.2758	2.1367	600	601.94	964.38	
508085	64	663.8	570.2	412.1	569.8	253.8	1.25	4.58	0	1,096	4	0.81	5.5	22.4	0.4	0.0	20.60	74	1.2758	2.1367	600	602.55	965.08	
508635	64	663.9	569.2	411.7	569.2	254.2	1.25	4.58	0	969	2	0.31	5.5	22.4	0.4	0.0	18.28	74	1.2758	2.1367	600	603.25	963.52	
509178	64	663.9	567.8	411.3	567.8	254.5	1.25	4.58	0	845	1	0.31	5.5	22.4	0.4	0.0	21.47	74	1.2758	2.1367	600	603.74	961.88	
509716	64	664.0	566.8	410.5	566.5	254.2	1.25	4.58	0	736	0	0.31	5.5	22.4	0.4	0.0	27.14	74	1.2758	2.1367	600	604.44	960.39	
510294	64	664.0	565.5	410.0	565.5	254.8	1.44	4.58	0	708	0	0.56	5.5	22.4	0.4	0.0	30.49	74	1.2758	2.1367	605	604.94	961.02	
510838	64	664.0	564.5	409.8	564.5	255.2	1.25	4.58	0	852	0	0.56	5.5	22.4	0.4	0.0	23.62	74	1.2758	2.1367	605	605.64	961.88	
511393	64	663.9	563.5	409.8	563.5	255.2	1.25	4.58	0	832	0	0.56	5.5	22.4	0.4	0.0	24.07	74	1.2758	2.1367	605	606.13	960.70	
512039	64	663.9	562.8	409.2	562.5	255.2	1.75	4.58	0	860	0	1.38	5.5	22.4	0.4	0.0	39.19	74	1.2758	2.1367	605	606.93	963.83	
512609	65	663.7	561.8	408.6	561.8	255.8	1.06	4.58	0	1,112	1	0.81	5.5	22.4	0.4	0.0	33.82	74	1.2758	2.1367	605	607.44	963.20	
513131	65	663.5	561.2	408.7	561.2	255.5	1.44	4.58	0	1,048	2	1.12	5.5	22.4	0.4	0.0	32.95	74	1.2758	2.1367	605	608.15	964.38	
513700	65	663.3	560.5	408.3	560.2	255.5	1.56	4.58	0	1,221	3	1.38	5.5	22.4	0.4	0.0	41.13	74	1.2758	2.1367	605	608.73	969.06	
514277	65	662.9	559.5	408.2	559.5	256.5	1.75	4.58	0	1,396	6	2.44	5.5	22.4	0.4	0.0	37.78	74	1.2758	2.1367	605	609.53	983.44	
514848	65	662.5	559.5	407.8	559.5	256.5	1.56	4.58	0	1,302	8	1.38	5.5	22.4	0.4	0.0	35.88	74	1.2758	2.1367	610	610.35	980.23	
515378	64	662.0	559.5	408.1	559.5	256.5	1.94	4.58	0	1,467	10	2.75	5.5	22.4	0.4	0.0	26.53	74	1.2758	2.1367	610	611.03	980.78	
515973	64	661.4	559.5	408.3	559.8	256.8	0.69	4.58	0	1,281	10	0.56	5.5	22.4	0.4	0.0	13.88	74	1.2758	2.1367	610	611.64	970.70	
516575	64	660.9	560.2	408.3	560.2	257.2	1.44	4.58	0	998	8	0.56	5.5	22.4	0.4	0.0	21.89	74	1.2758	2.1367	610	612.34	963.98	
517102	64	660.4	560.2	408.7	560.2	257.5	1.25	4.58	0	1,097	5	0.56	5.5	22.4	0.4	0.0	20.41	74	1.2758	2.1367	610	612.83	961.95	
517701	64	659.9	560.5	409.3	560.8	257.5	1.25	4.58	0	1,136	2	0.56	5.5	22.4	0.4	0.0	16.92	74	1.2758	2.1367	610	613.44	964.06	
518231	64	659.4	561.2	409.5	560.8	257.8	1.06	4.58	0	873	1	0.31	5.5	22.4	0.4	0.0	23.77	74	1.2758	2.1367	610	614.03	962.03	
518760	64	659.0	560.8	409.5	560.8	258.2	1.44	4.58	0	839	0	0.56	5.5	22.4	0.4	0.0	25.88	74	1.2758	2.1367	610	614.43	958.83	
519290	64	658.5	560.8	409.7	561.5	258.5	1.75	4.58	0	1,021	0	1.12	5.5	22.4	0.4	0.0	30.28	74	1.2758	2.1367	615	614.94	963.91	
519819	64	658.0	561.2	409.7	561.2	258.5	1.25	4.58	0	1,124	1	0.81	5.5	22.4	0.4	0.0	26.67	74	1.2758	2.1367	615	615.44	965.47	
520351	64	657.4	560.5	409.6	560.5	258.5	1.44	4.58	0	1,140	1	0.81	5.5	22.4	0.4	0.0	25.66	74	1.2758	2.1367	615	615.93	965.00	
521016	64	656.8	560.5	409.5	560.8	258.5	1.44	4.58	0	1,124	2	1.12	5.5	22.4	0.4	0.0	31.48	74	1.2758	2.1367	615	616.54	968.28	
521588	64	656.2	561.2	409.8	560.8	259.2	1.44	4.58	0	1,104	2	1.12	5.5	22.4	0.4	0.0	30.42	74	1.2758	2.1367	615	616.94	972.19	
522117	64	655.4	561.2	410.2	561.2	259.2	1.44	4.58	0	1,047	1	0.81	5.5	22.4	0.4	0.0	25.83	74	1.2758	2.1367	615	617.43	972.97	
522647	64	654.8	561.2	410.3	560.8	259.5	1.25	4.58	0	944	0	0.31	5.5	22.4	0.4	0.0	30.38	74	1.2758	2.1367	615	617.85	967.03	
523212	64	654.0	561.5	410.5	561.5	259.5	1.44	4.58	0	1,074	0	1.38	5.5	22.4	0.4	0.0	29.74	74	1.2758	2.1367	615	618.34	971.88	
523731	64	653.3	561.5	410.5	561.5	259.8	1.44	4.58	0	1,037	0	0.56	5.5	22.4	0.4	0.0	30.40	74	1.2758	2.1367	615	618.65	969.92	
524265	64	652.6	561.5	410.6	561.8	260.2	1.44	4.58	0	1,108	0	1.12	5.5	22.4	0.4	0.0	32.79	74	1.2758	2.1367	615	619.05	971.17	
524849	64	651.8	562.2	411.0	561.8	260.5	1.44	4.58	0	1,169	2	1.12	5.5	22.4	0.4	0.0	36.75	74	1.2758	2.1367	615	619.54	967.97	
525399	65	650.9	561.8	411.1	561.8	260.5	1.94	4.58	0	1,367	3	2.75	5.5	22.4	0.4	0.0	42.14	74	1.2758	2.1367	615	619.84	987.27	
525948	65	649.8	562.2	411.1	562.2	260.8	1.06	4.58	0	1,262	5	1.94	5.5	22.4	0.4	0.0	27.30	74	1.2758	2.1367	620	620.33	979.77	
526535	64	648.9	562.8	412.0	562.8	260.8	1.25	4.58	0	1,089	3	0.81	5.5	22.4	0.4	0.0	23.11	74	1.2758	2.1367	620	620.73	971.09	
527057	64	648.0	563.2	412.0	562.8	261.2	1.25	4.58	0	1,046	1	0.56	5.5	22.4	0.4	0.0	18.45	74	1.2758	2.1367	620	620.94	964.77	
527587	64	647.3	563.8	412.8	564.2	261.8	1.44	4.58	0	869	0	0.56	5.5	22.4	0.4	0.0	40.01	74	1.2758	2.1367	620	621.25	969.14	
528116	64	646.4	564.2	413.0	564.5	261.5	1.44	4.58	0	1,046	0	0.81	5.5	22.4	0.4	0.0	32.25	74	1.2758	2.1367	620	621.65	969.22	
528691	64	645.4	564.8	413.3	565.2	262.2	1.44	4.58	0	1,096	1	1.12	5.5	22.4	0.4	0.0	34.20	74	1.2758	2.1367	620	621.83	970.78	
529296	64	644.5	565.2	413.8	565.2	261.8	1.44	4.58	0	1,194	2	1.38	5.5	22.4	0.4	0.0	53.67	74	1.2758	2.1367	620	622.23	981.48	
529829	64	643.4	565.8	413.8	565.8	262.5	1.75	4.58	0	1,479	5	3.25	5.5	22.4	0.4	0.0	40.85	74	1.2758	2.1367	620	622.54	1,002.58	
530377	64	642.0	566.2	414.3	566.5	262.8	2.25	4.58	0	1,411	8	4.06	5.5	22.4	0.4	0.0	54.68	74	1.2758	2.1367	620	622.75	1,017.11	
530926	64	640.5	567.2	415.0	566.8	263.2	2.25	4.58	0	1,566	12	4.88	5.5	22.4	0.4	0.0	53.18	74	1.2758	2.1367	620	623.03	1,042.89	
531441	64	639.0	567.8	415.5	568.5	263.2	3.12	4.58	0	1,814	14	5.94	5.5	22.4	0.4	0.0	57.47	74	1.2758	2.1367	620	623.24	1,050.55	
532020	64	637.0	568.8	416.3	569.5	263.2	5.56	4.58	0	1,772	17	12.69	5.5	22.4	0.4	0.0	94.29	74	1.2758	2.1367	620	623.24	1,272.11	
532562	64	635.2	570.8	417.3	571.2	264.2	9.38	4.58	0	1,787	20	21.62	5.5	22.4	0.4	0.0	115.80	74	1.2758	2.1367	620	623.15	1,573.59	
533127	64	633.9	573.2	418.7	573.2	264.5	13.19	4.58	0	1,979	26	32.94	5.5	22.4	0.4	0.0	132.47	74	1.2758	2.1180	620	622.75	1,929.92	
533639	64	633.0	575.2	419.8	575.5	265.2	23.12	4.58	0	2,478	32	68.62	5.5	22.4	0.4	0.0	147.21	74	1.2758	2.1266	620	622.14	2,083.52	
534197	64	632.4	578.2	421.6	578.5	265.5	21.00	4.58	0	2,789	38	57.00	5.5	22.4	0.4	0.0	107.67	74	1.2758	2.1344	620	621.44	1,662.34	
534738	63	633.2	581.5	424.0	582.2	266.5	18.75	4.58	0	3,209	42	51.56	5.5	22.7	0.4	0.0	102.68	74	1.2758	2.1500	620	620.73	1,567.66	
535322	62	635.6	586.8	427.1	587.2	267.2	13.38	4.58	0	2,646	45	30.25	5.5	22.7	0.4	0.0	55.17	74	1.2758	2.1562	620	620.33	1,111.88	
535877	62	638.4	592.2	430.2	592.5	268.5	6.81	4.58	0	2,330	47	15.12	5.5	23.1	0.4	0.0	83.16	74	1.2758	2.1648	620	620.24	1,272.34	
536421	61	642.3	597.8	433.3	598.2	269.5	13.38	4.58	0	2,498	50	37.56	5.5	23.1	0.4	0.0	123.38	74	1.2758	2.1648	620	620.43	1,701.64	
536976	62	647.5	603.5	436.5	604.2	270.5	19.44	4.58	0	2,605	54	55.38	5.5	22.7	0.4	0.0	128.37	74	1.2758	2.1555	620	620.94	1,726.25	
537514	62	652.8	609.8	440.0	609.8	271.5	19.12	4.58	0	2,800	57	51.06	5.5	22.7	0.4	0.0	105.30	74	1.2758	2.1555	620	622.23	1,475.62	
538145	62	659.2	615.5	443.6	615.5	272.5	16.00	4.58	0	2,999	60	42.69	5.5	23.1	0.4	0.0	93.16	74	1.2758	2.1633	620	623.94	1,337.03	
538581	61	666.1	620.8	446.8	621.2	273.8	14.62	4.58	0	3,062	63	37.56	5.5	23.1	0.4	0.0	82.92	74	1.2758	2.1719	625	625.35	1,204.30	
539159	61	673.4	627.2	450.8	627.5	275.5	10.25	4.58	0	2,454	64	21.38	5.5	23.1	0.4	0.0	58.01	74	1.2758	2.1633	625	627.74	1,066.02	
539701	61	678.7	632.5	453.8	633.2	276.5	3.81	4.58	0	2,268	65	7.31	5.5	23.1	0.4	0.0	46.69	74	1.2758	2.1633	625	629.55	980.78	
540229	60	683.6	638.2	457.6	638.2	277.8	4.38	4.58	0	2,296	66	9.50	5.5	23.1	0.4	0.0	55.12	74	1.2758	2.1719	630	631.75	964.38	
540754	61	688.2	642.5	460.3	642.8	278.8	2.62	4.58	0	2,226	66	3.81	5.5	23.5	0.4	0.0	17.98	74	1.2758	2.1797	630	633.53	975.08	
541291	60	691.1	646.5	462.6	646.8	280.2	1.56	4.58	0	2,214	66	0.81	5.5	23.1	0.4	0.0	12.12	74	1.2758	2.1703	630	634.84	963.12	
541807	60	693.6	649.8	464.8	650.2	281.2	2.62	4.58	0	2,134	65	-0.19	5.5	23.5	0.4	0.0	16.80	74	1.2758	2.1867	635	636.04	968.44	
542392	61	695.9	653.5	467.5	653.5	282.5	1.56	4.58	0	2,182	64	0.81	5.5	23.5	0.4	0.0	17.65	74	1.2758	2.1852	635	637.44	973.36	
542923	61	698.1	655.5	469.0	655.5	283.2	1.94	4.58	0	2,112	62	-0.19	5.5	23.1	0.4	0.0	17.72	74	1.2758	2.1758	635	638.73	983.67	
543459	62	699.8	657.2	470.5	657.2	284.5	1.75	4.58	0	2,021	60	-0.44	5.5	23.5	0.4	0.0	17.72	74	1.2758	2.1836	635	639.74	987.03	
543996	62	701.6	657.8	471.7	658.2	285.2	1.56	4.58	0	1,960	57	1.12	5.5	23.5	0.4	0.0	17.74	74	1.2758	2.1914	640	640.75	987.34	
544542	62	703.2	658.8	472.3	658.8	285.8	1.44	4.58	0	1,900	56	0.31	5.5	23.5	0.4	0.0	17.70	74	1.2758	2.1820	640	641.85	986.80	
545091	63	704.7	658.5	472.8	658.8	286.5	1.25	4.58	0	1,835	54	0.56	5.5	23.5	0.4	0.0	17.77	74	1.2758	2.1898	640	642.74	985.70	
545628	63	706.0	658.8	473.1	658.8	287.8	0.88	4.58	0	1,756	52	0.81	5.5	23.5	0.4	0.0	17.72	74	1.2758	2.1898	640	643.63	984.45	
546188	63	707.2	658.2	473.2	658.2	288.5	0.88	4.58	0	1,732	51	0.81	5.5	23.5	0.4	0.0	17.65	74	1.2758	2.1898	640	644.43	982.81	
546803	64	708.3	657.5	473.3	657.5	289.2	0.56	4.58	0	1,681	50	1.12	5.5	23.5	0.4	0.0	17.98	74	1.2758	2.1898	645	645.34	981.33	
547381	64	709.3	656.2	473.0	655.8	290.2	0.38	4.58	0	1,619	48	1.12	5.5	23.5	0.4	0.0	20.11	74	1.2758	2.1898	645	646.14	965.94	
547912	64	710.5	654.8	472.6	654.8	290.8	3.00	4.58	0	2,090	46	3.81	5.5	23.5	0.4	0.0	15.09	74	1.2758	2.1820	645	647.03	979.69	
548455	64	711.4	653.5	472.5	653.5	291.5	1.56	4.58	0	2,248	45	0.81	5.5	23.5	0.4	0.0	11.91	74	1.2758	2.1820	645	647.94	964.84	
548997	64	712.0	651.8	472.2	652.2	292.2	2.44	4.58	0	2,209	44	0.31	5.5	23.5	0.4	0.0	18.91	74	1.2758	2.1914	645	648.65	969.30	
549567	64	712.7	650.5	471.6	650.8	292.8	1.94	4.58	0	2,098	43	1.38	5.5	23.5	0.4	0.0	19.12	74	1.2758	2.1914	645	649.44	973.12	
550152	65	713.3	649.2	471.3	648.8	293.5	1.94	4.58	0	2,027	40	1.12	5.5	23.5	0.4	0.0	19.10	74	1.2758	2.1914	650	650.24	973.98	
550737	65	713.9	647.5	470.6	647.5	293.8	1.75	4.58	0	1,920	39	0.81	5.5	23.5	0.4	0.0	19.03	74	1.2758	2.1914	650	650.94	984.38	
551291	65	714.4	645.8	470.2	645.8	294.5	1.44	4.58	0	1,837	37	0.31	5.5	23.5	0.4	0.0	18.94	74	1.2758	2.1914	650	651.53	984.22	
551824	65	714.9	644.5	469.6	644.5	294.8	0.88	4.58	0	1,698	34	0.81	5.5	23.5	0.4	0.0	18.82	74	1.2758	2.1914	650	652.35	983.12	
552372	65	715.3	642.8	469.3	642.8	295.2	0.38	4.58	0	1,595	31	1.12	5.5	23.5	0.4	0.0	18.73	74	1.2758	2.1914	650	652.94	981.33	
552955	65	715.6	641.2	468.6	641.5	295.8	-0.25	4.58	0	1,601	29	0.81	5.5	23.5	0.4	0.0	11.95	74	1.2758	2.1914	650	653.73	976.25	
553493	66	716.0	639.2	467.8	639.2	296.5	1.94	4.58	0	2,059	29	0.56	5.5	23.5	0.4	0.0	12.75	74	1.2758	2.1914	650	654.34	970.16	
554065	66	716.2	637.2	467.0	636.8	296.5	3.50	4.58	0	2,128	27	0.31	5.5	23.5	0.4	0.0	19.50	74	1.2758	2.1914	655	655.14	975.78	
554600	66	716.5	635.8	466.3	635.8	297.2	1.94	4.58	0	2,008	26	1.12	5.5	23.5	0.4	0.0	20.06	74	1.2758	2.1914	655	655.84	982.27	
555211	66	716.7	634.2	465.7	633.8	297.2	1.56	4.58	0	1,844	23	0.56	5.5	23.5	0.4	0.0	19.88	74	1.2758	2.1914	655	656.55	983.75	
555742	66	717.0	632.5	465.1	632.5	297.5	0.69	4.58	0	1,640	21	1.12	5.5	23.5	0.4	0.0	19.20	74	1.2758	2.1914	655	657.34	981.33	
556318	66	717.3	630.8	464.3	630.5	297.5	0.38	4.58	0	1,489	19	1.12	5.5	23.5	0.4	0.0	19.31	74	1.2758	2.1914	655	658.05	979.22	
556900	66	717.6	628.5	463.5	628.5	297.8	0.38	4.58	0	1,345	17	0.81	5.5	23.5	0.4	0.0	18.96	74	1.2758	2.1914	655	658.63	977.81	
557432	66	717.9	626.8	462.8	627.2	298.5	0.69	4.58	0	1,219	15	0.56	5.5	23.5	0.4	0.0	18.87	74	1.2758	2.1914	655	659.24	976.48	
557975	66	718.1	625.2	462.0	625.2	298.5	3.12	4.58	0	1,123	14	1.12	5.5	23.5	0.4	0.0	12.14	74	1.2758	2.1914	655	659.73	972.34	
558504	66	718.3	623.5	461.5	623.5	298.8	1.06	4.58	0	1,084	13	0.31	5.5	23.5	0.4	0.0	13.62	74	1.2758	2.1914	660	660.34	967.81	
559091	66	718.5	622.2	460.6	622.2	299.2	1.25	4.58	0	985	13	0.00	5.5	23.5	0.4	0.0	12.98	74	1.2758	2.1914	660	660.93	964.45	
559666	66	718.6	620.2	459.7	619.8	299.5	1.06	4.58	0	985	12	0.00	5.5	23.5	0.4	0.0	17.39	74	1.2758	2.1914	660	661.44	962.19	
560246	66	718.7	618.5	458.8	618.2	299.5	1.25	4.58	0	992	11	0.31	5.5	23.5	0.4	0.0	18.94	74	1.2758	2.1914	660	662.03	961.64	
560809	66	718.7	616.5	458.0	616.5	299.5	1.25	4.58	0	990	10	0.31	5.5	23.5	0.4	0.0	18.77	74	1.2758	2.1914	660	662.55	961.33	
561337	66	718.7	614.5	457.1	614.5	299.8	1.25	4.58	0	879	9	0.31	5.5	23.5	0.4	0.0	16.69	74	1.2758	2.1914	660	663.13	960.47	
561899	66	718.7	612.5	456.5	612.8	299.8	1.25	4.58	0	694	8	0.31	5.5	23.5	0.4	0.0	33.75	74	1.2758	2.1914	660	663.65	959.38	
562430	67	718.6	611.5	455.8	611.2	300.2	1.44	4.58	0	883	7	0.56	5.5	23.5	0.4	0.0	26.62	74	1.2758	2.1914	660	664.23	961.09	
562998	67	718.4	609.8	455.2	609.5	300.2	1.25	4.58	0	962	6	0.56	5.5	23.5	0.4	0.0	25.12	74	1.2758	2.1914	660	664.75	961.72	
563565	67	718.2	608.5	454.3	608.2	300.5	1.44	4.58	0	1,022	6	0.81	5.5	23.5	0.4	0.0	27.19	74	1.2758	2.1914	665	665.33	962.73	
564245	67	717.9	606.5	453.8	606.5	300.8	1.44	4.58	0	1,211	6	0.81	5.5	23.5	0.4	0.0	25.10	74	1.2758	2.1914	665	665.94	963.28	
564765	66	717.6	605.5	452.8	604.8	300.5	1.44	4.58	0	1,204	6	1.12	5.5	23.5	0.4	0.0	29.55	74	1.2758	2.1914	665	666.44	964.14	
565276	67	717.1	604.2	452.3	604.2	301.2	1.56	4.58	0	1,230	7	1.12	5.5	23.5	0.4	0.0	26.32	74	1.2758	2.1914	665	666.93	966.95	
565700	67	716.8	603.5	452.1	603.2	300.8	1.25	4.58	0	1,202	7	1.12	5.5	23.5	0.4	0.0	24.40	74	1.2758	2.1914	665	667.35	964.38	
566224	66	716.2	602.2	451.8	602.8	300.8	1.25	4.58	0	1,069	7	0.56	5.5	23.5	0.4	0.0	20.60	74	1.2758	2.1914	665	667.84	962.73	
566742	66	715.8	601.8	451.5	601.8	300.8	1.25	4.58	0	1,036	7	0.56	5.5	23.5	0.4	0.0	24.16	74	1.2758	2.1914	665	668.33	960.31	
567287	66	715.2	601.2	451.3	601.2	301.2	1.56	4.58	0	1,174	7	1.12	5.5	23.5	0.4	0.0	21.98	74	1.2758	2.1914	665	668.73	964.14	
567761	66	714.6	600.5	450.8	600.5	301.2	1.44	4.58	0	1,136	7	0.81	5.5	23.5	0.4	0.0	29.84	74	1.2758	2.1914	665	669.25	960.70	
568360	66	713.8	600.2	450.8	600.2	301.5	1.94	4.58	0	1,341	8	2.19	5.5	23.5	0.4	0.0	40.78	74	1.2758	2.1914	665	669.74	969.45	
568935	66	712.9	599.5	450.6	599.5	301.5	1.75	4.58	0	1,368	10	2.75	5.5	23.5	0.4	0.0	44.18	74	1.2758	2.1914	670	670.35	985.00	
569527	66	711.7	599.5	450.6	599.5	301.8	1.94	4.58	0	1,383	12	3.25	5.5	23.5	0.4	0.0	46.31	74	1.2758	2.1914	670	671.03	998.67	
570054	66	710.5	599.2	450.5	599.5	302.2	1.75	4.58	0	1,372	14	3.00	5.5	23.5	0.4	0.0	46.43	74	1.2758	2.1914	670	671.55	1,003.67	
570619	66	708.9	599.5	451.0	599.8	302.8	2.12	4.58	0	1,393	15	3.50	5.5	23.5	0.4	0.0	50.41	74	1.2758	2.1914	670	672.04	1,013.36	
571148	65	707.4	599.5	451.1	599.8	302.8	2.25	4.58	0	1,411	17	4.31	5.5	23.5	0.4	0.0	51.21	74	1.2758	2.1914	670	672.53	1,028.12	
571698	65	705.6	600.5	451.3	600.2	302.8	2.25	4.58	0	1,516	20	4.31	5.5	23.5	0.4	0.0	45.38	74	1.2758	2.1914	670	673.05	1,035.31	
572278	65	703.7	601.2	452.1	601.2	302.8	2.25	4.58	0	1,672	21	3.25	5.5	23.5	0.4	0.0	40.17	74	1.2758	2.1914	670	673.54	1,026.02	
572927	65	701.5	602.5	452.8	602.5	303.2	2.44	4.58	0	1,825	23	3.50	5.5	23.5	0.4	0.0	41.39	74	1.2758	2.1914	670	674.03	1,029.38	
573486	65	699.4	603.5	453.3	604.2	303.8	3.12	4.58	0	1,975	25	4.62	5.5	23.5	0.4	0.0	46.31	74	1.2758	2.1914	670	674.33	1,040.47	
574060	64	696.3	605.5	454.3	605.5	303.8	3.81	4.58	0	2,125	27	4.62	5.5	23.5	0.4	0.0	45.07	74	1.2758	2.1914	670	674.55	977.19	
574598	64	694.0	606.5	455.3	606.5	303.8	4.56	4.58	0	2,275	29	8.69	5.5	23.5	0.4	0.0	53.23	74	1.2758	2.1914	670	674.73	971.48	
575114	64	691.1	608.5	456.3	608.5	304.5	4.88	4.58	0	2,433	32	10.81	5.5	23.5	0.4	0.0	52.59	74	1.2758	2.1914	670	674.64	986.88	
575671	63	688.0	610.8	457.6	610.8	304.8	5.06	4.58	0	2,637	34	11.62	5.5	23.5	0.4	0.0	50.13	74	1.2758	2.1914	670	674.55	1,012.34	
576252	63	684.8	613.2	459.0	613.2	305.2	5.75	4.58	0	2,830	37	12.44	5.5	23.5	0.4	0.0	50.53	74	1.2758	2.1914	670	674.03	1,058.83	
576783	63	681.6	615.5	460.2	615.8	305.5	6.25	4.58	0	2,932	38	14.31	5.5	23.5	0.4	0.0	58.34	74	1.2758	2.1836	670	673.54	1,116.02	
577352	62	678.3	618.5	462.1	618.8	306.2	6.44	4.58	0	2,201	40	13.81	5.5	23.5	0.4	0.0	65.98	74	1.2758	2.1836	670	672.74	1,111.17	
577895	62	675.2	621.8	464.1	622.2	306.5	6.25	4.58	0	2,083	42	13.25	5.5	23.5	0.4	0.0	73.05	74	1.2758	2.1836	670	671.94	1,253.20	
578467	62	672.5	625.5	466.3	625.8	307.2	7.81	4.58	0	2,219	45	18.94	5.5	23.5	0.4	0.0	82.17	74	1.2758	2.1836	670	670.84	1,425.47	
579012	62	670.7	629.2	468.0	629.8	307.8	9.94	4.58	0	2,314	48	25.69	5.5	23.5	0.4	0.0	91.59	74	1.2758	2.1836	665	669.83	1,541.02	
579600	61	669.7	633.5	470.8	634.2	308.5	11.31	4.58	0	2,453	51	28.94	5.5	23.5	0.4	0.0	86.65	74	1.2758	2.1836	665	668.55	1,470.70	
580174	61	669.3	638.2	473.3	638.8	309.5	11.81	4.58	0	2,620	53	30.50	5.5	23.5	0.4	0.0	86.86	74	1.2758	2.1914	665	667.35	1,460.39	
580737	61	669.8	643.2	476.3	643.5	310.2	10.62	4.58	0	2,747	56	27.81	5.5	23.9	0.4	0.0	72.40	74	1.2758	2.2000	665	666.13	1,247.73	
581394	60	671.0	648.5	479.1	649.2	310.8	8.88	4.58	0	2,855	58	21.88	5.5	23.9	0.4	0.0	68.88	74	1.2758	2.2000	665	665.24	1,266.72	
581919	60	672.1	653.8	482.1	653.8	312.2	8.00	4.58	0	2,175	59	19.44	5.5	23.9	0.4	0.0	82.66	74	1.2758	2.2000	660	664.35	1,211.09	
582435	60	673.3	660.2	486.0	660.2	312.8	2.44	4.58	0	2,050	61	3.00	5.5	23.5	0.4	0.0	19.36	74	1.2758	2.1914	660	663.83	1,015.08	
583019	59	674.0	665.2	489.0	665.8	313.8	1.75	4.58	0	2,035	60	0.31	5.5	23.5	0.4	0.0	11.86	74	1.2758	2.1914	660	663.44	974.30	
583547	59	674.7	669.8	492.1	670.5	314.8	2.62	4.58	0	2,004	59	-0.44	5.5	23.5	0.4	0.0	17.18	74	1.2758	2.1914	660	663.04	971.09	
584120	59	675.3	674.2	494.2	674.5	315.5	1.75	4.58	0	1,991	59	-0.44	5.5	23.9	0.4	0.0	17.70	74	1.2758	2.1820	660	662.64	972.97	
584653	60	676.0	677.8	496.8	678.2	315.8	0.56	4.58	0	1,972	58	0.81	5.5	23.5	0.4	0.0	14.46	74	1.2758	2.1820	660	662.33	977.19	
585264	60	676.6	680.5	498.6	681.2	316.8	1.94	4.58	0	1,983	58	1.62	5.5	23.5	0.4	0.0	27.52	74	1.2758	2.1898	660	661.94	958.59	
585803	61	677.2	683.2	499.8	683.2	318.2	1.06	4.58	0	1,981	58	1.62	5.5	23.5	0.4	0.0	12.96	74	1.2758	2.1898	660	661.75	960.08	
586364	61	677.6	683.8	501.3	683.8	318.2	2.12	4.58	0	1,973	58	0.00	5.5	23.5	0.4	0.0	13.43	74	1.2758	2.1898	660	661.44	961.09	
586971	61	678.1	685.2	502.0	685.2	318.8	1.56	4.58	0	1,937	57	0.81	5.5	23.5	0.4	0.0	18.07	74	1.2758	2.1805	660	661.23	971.41	
587549	62	678.6	685.8	502.6	686.2	319.2	1.25	4.58	0	1,861	55	0.56	5.5	23.1	0.4	0.0	18.09	74	1.2758	2.1727	660	661.14	977.27	
588137	62	679.2	686.2	503.3	686.2	320.5	0.88	4.58	0	1,777	52	0.81	5.5	23.1	0.4	0.0	17.95	74	1.2758	2.1727	660	661.05	979.84	
588723	62	679.9	686.2	503.7	686.2	321.2	0.56	4.58	0	1,697	50	1.12	5.5	23.5	0.4	0.0	17.72	74	1.2758	2.1898	660	660.83	980.47	
589297	63	680.5	685.8	503.6	685.8	321.5	0.56	4.58	0	1,655	49	1.12	5.5	23.5	0.4	0.0	18.02	74	1.2758	2.1820	660	660.83	980.31	
589825	63	681.1	685.2	503.1	685.2	321.8	0.38	4.58	0	1,619	48	1.12	5.5	23.5	0.4	0.0	17.93	74	1.2758	2.1820	660	660.74	959.84	
590500	63	681.7	684.2	503.1	683.8	322.5	3.12	4.58	0	1,872	47	3.81	5.5	23.1	0.4	0.0	17.34	74	1.2758	2.1742	660	660.74	976.72	
591033	64	682.4	682.8	502.8	682.5	322.8	0.56	4.58	0	2,256	46	0.31	5.5	23.1	0.4	0.0	9.42	74	1.2758	2.1742	660	660.83	964.38	
591588	64	682.9	681.5	502.5	681.5	323.5	1.75	4.58	0	2,230	45	0.81	5.5	23.5	0.4	0.0	18.91	74	1.2758	2.1836	660	660.93	970.94	
592183	64	683.4	680.8	502.1	680.5	323.5	1.94	4.58	0	2,118	43	0.00	5.5	23.1	0.4	0.0	19.03	74	1.2758	2.1758	660	661.05	974.14	
592790	64	683.9	679.2	501.5	678.8	324.2	1.94	4.58	0	2,048	41	-0.44	5.5	23.1	0.4	0.0	19.24	74	1.2758	2.1758	660	661.14	983.28	
593326	64	684.4	677.8	501.3	677.8	324.5	1.75	4.58	0	1,974	40	-0.19	5.5	23.1	0.4	0.0	19.22	74	1.2758	2.1758	660	661.35	986.02	
593904	65	684.8	676.5	500.6	676.2	325.2	1.44	4.58	0	1,856	37	0.31	5.5	23.1	0.4	0.0	19.03	74	1.2758	2.1758	660	661.44	985.16	
594449	65	685.2	674.8	500.2	674.8	325.2	0.88	4.58	0	1,712	34	0.81	5.5	23.1	0.4	0.0	18.75	74	1.2758	2.1758	660	661.63	983.67	
595021	65	685.6	673.5	499.6	673.5	325.5	0.38	4.58	0	1,531	31	1.12	5.5	23.1	0.4	0.0	18.77	74	1.2758	2.1758	660	661.75	981.25	
595548	65	685.9	671.8	498.6	671.8	325.8	1.44	4.58	0	1,556	27	1.12	5.5	23.1	0.4	0.0	12.96	74	1.2758	2.1758	660	661.94	976.48	
596108	65	686.2	670.2	498.1	670.2	326.2	0.88	4.58	0	1,783	22	0.31	5.5	23.1	0.4	0.0	15.70	74	1.2758	2.1758	660	662.03	973.98	
596694	65	686.5	668.5	497.3	668.5	326.2	0.38	4.58	0	1,411	18	1.12	5.5	23.1	0.4	0.0	18.89	74	1.2758	2.1758	660	662.24	975.08	
597297	66	686.8	666.8	496.5	666.8	326.2	0.69	4.58	0	1,187	15	0.56	5.5	23.1	0.4	0.0	13.59	74	1.2758	2.1758	660	662.43	974.06	
597895	66	687.0	664.5	495.7	664.5	326.5	1.06	4.58	0	1,025	13	0.31	5.5	23.1	0.4	0.0	12.70	74	1.2758	2.1758	660	662.55	967.89	
598472	66	687.2	663.2	494.8	662.5	326.5	1.44	4.58	0	821	10	0.31	5.5	23.1	0.4	0.0	14.41	74	1.2758	2.1758	660	662.73	963.91	
599074	66	687.4	660.8	493.6	660.8	326.8	1.44	4.58	0	754	6	0.31	5.5	23.1	0.4	0.0	20.51	74	1.2758	2.1758	660	662.94	962.03	
599724	66	687.5	658.8	493.1	658.2	327.2	1.25	4.58	0	839	4	0.31	5.5	23.1	0.4	0.0	19.64	74	1.2758	2.1758	660	663.13	961.17	
600251	66	687.6	657.5	492.3	656.8	327.2	1.25	4.58	0	820	2	0.31	5.5	23.1	0.4	0.0	20.70	74	1.2758	2.1758	660	663.25	958.98	
600816	66	687.6	655.2	491.3	654.8	327.5	1.94	4.58	0	721	2	1.38	5.5	23.1	0.4	0.0	55.03	74	1.2758	2.1758	660	663.53	957.34	
601362	66	687.5	653.5	490.5	653.2	327.5	1.94	4.58	0	1,436	3	3.81	5.5	23.1	0.4	0.0	40.99	74	1.2758	2.1758	660	663.74	982.42	
601916	66	687.3	651.2	489.3	651.2	327.5	1.44	4.58	0	1,131	5	1.38	5.5	23.1	0.4	0.0	28.12	74	1.2758	2.1758	660	663.93	970.31	
602473	66	687.0	649.8	488.6	650.2	327.5	2.25	4.58	0	1,383	7	3.25	5.5	23.1	0.4	0.0	60.16	74	1.2758	2.1758	660	664.14	984.61	
603037	66	686.4	648.8	488.3	648.8	327.8	3.31	4.58	0	1,639	10	8.38	5.5	23.1	0.4	0.0	59.11	74	1.2758	2.1758	660	664.35	1,018.67	
603565	65	685.5	647.8	487.6	647.8	327.8	3.31	4.58	0	1,691	14	8.38	5.5	23.1	0.4	0.0	53.77	74	1.2758	2.1758	660	664.54	983.20	
604142	65	684.4	647.2	488.0	647.2	328.2	3.31	4.58	0	1,616	16	7.88	5.5	23.1	0.4	0.0	65.27	74	1.2758	2.1758	660	664.75	1,065.47	
604680	65	683.0	646.8	487.8	646.8	328.5	3.31	4.58	0	1,551	19	10.25	5.5	23.1	0.4	0.0	66.87	74	1.2758	2.1758	660	664.84	1,081.25	
605223	64	681.6	647.2	487.8	647.2	328.8	3.69	4.58	0	1,726	22	9.75	5.5	23.1	0.4	0.0	59.02	74	1.2758	2.1680	660	664.84	1,045.55	
605753	64	680.3	647.2	488.1	647.5	328.5	5.06	4.58	0	1,868	25	7.88	5.5	23.1	0.4	0.0	59.25	74	1.2758	2.1680	660	664.84	1,024.84	
606281	63	678.6	647.5	488.5	647.5	328.5	5.94	4.58	0	2,089	27	11.06	5.5	23.1	0.4	0.0	65.93	74	1.2758	2.1680	660	664.84	1,173.12	
606831	63	677.1	648.8	488.8	649.2	329.2	8.00	4.58	0	2,357	30	18.62	5.5	23.1	0.4	0.0	81.35	74	1.2758	2.1680	660	664.54	1,414.77	
607366	63	675.9	649.8	489.8	650.2	329.5	11.62	4.58	0	2,562	34	31.31	5.5	23.1	0.4	0.0	88.12	74	1.2758	2.1680	660	664.23	1,464.77	
607984	62	675.1	651.5	490.2	651.5	329.8	9.38	4.58	0	2,823	37	22.44	5.5	23.1	0.4	0.0	56.04	74	1.2758	2.1680	660	663.83	1,153.98	
608538	61	674.5	653.5	491.7	653.8	330.5	1.75	4.58	0	2,711	39	13.50	5.5	23.1	0.4	0.0	59.88	74	1.2758	2.1758	660	663.44	1,108.83	
609098	60	673.6	656.2	493.0	656.5	331.2	5.94	4.58	0	2,122	40	10.81	5.5	23.1	0.4	0.0	63.35	74	1.2758	2.1758	660	663.04	1,083.28	
609631	60	672.9	658.5	494.7	658.5	331.2	6.44	4.58	0	2,081	42	12.19	5.5	23.1	0.4	0.0	64.90	74	1.2758	2.1680	660	662.55	1,106.64	
610163	60	672.5	660.8	496.0	661.5	331.5	6.44	4.58	0	2,159	44	14.06	5.5	23.1	0.4	0.0	71.18	74	1.2758	2.1594	660	662.24	1,202.19	
610746	60	672.6	663.8	497.8	663.8	332.5	7.81	4.58	0	2,275	46	18.38	5.5	23.1	0.4	0.0	76.17	74	1.2758	2.1594	660	661.75	1,287.03	
611312	60	673.3	666.5	499.5	666.5	332.5	8.38	4.58	0	2,385	48	21.06	5.5	22.7	0.4	0.0	75.68	74	1.2758	2.1516	660	661.54	1,231.80	
611834	59	674.5	669.2	501.3	669.5	333.5	7.31	4.58	0	2,491	50	17.00	5.5	23.1	0.4	0.0	55.50	74	1.2758	2.1688	660	661.23	1,105.55	
612405	59	676.0	672.2	502.5	672.5	334.2	4.88	4.58	0	2,583	51	11.06	5.5	23.1	0.4	0.0	48.07	74	1.2758	2.1688	660	661.14	1,010.23	
612980	59	677.0	674.8	504.5	675.8	334.5	4.88	4.58	0	2,604	53	11.06	5.5	23.1	0.4	0.0	47.09	74	1.2758	2.1688	660	661.05	981.72	
613500	59	677.7	677.8	506.2	678.2	335.2	4.69	4.58	0	2,655	54	10.00	5.5	23.1	0.4	0.0	41.58	74	1.2758	2.1688	660	661.05	973.59	
614043	59	678.3	680.5	508.0	680.8	335.8	4.19	4.58	0	2,700	55	9.19	5.5	23.1	0.4	0.0	50.46	74	1.2758	2.1688	660	661.05	957.27	
614571	59	678.6	683.5	509.8	683.5	336.5	4.38	4.58	0	2,702	56	12.44	5.5	23.1	0.4	0.0	58.62	74	1.2758	2.1688	660	661.14	1,026.88	
615110	59	678.8	686.2	511.0	686.2	336.5	5.94	4.58	0	2,003	56	9.19	5.5	23.1	0.4	0.0	55.57	74	1.2758	2.1688	660	661.14	997.73	
615694	59	678.8	688.5	512.7	688.5	337.5	5.56	4.58	0	2,002	57	7.88	5.5	23.1	0.4	0.0	53.70	74	1.2758	2.1688	660	661.14	996.56	
616242	59	678.7	690.8	514.3	690.8	338.5	1.94	4.58	0	1,960	58	2.19	5.5	23.1	0.4	0.0	14.86	74	1.2758	2.1688	660	661.23	970.94	
616907	59	678.5	693.5	515.6	693.5	338.8	3.12	4.58	0	1,939	57	1.62	5.5	23.1	0.4	0.0	22.01	74	1.2758	2.1688	660	661.23	965.23	
617454	59	678.4	694.8	516.8	695.2	339.5	1.06	4.58	0	1,902	57	0.56	5.5	23.1	0.4	0.0	11.65	74	1.2758	2.1516	660	661.35	960.70	
618017	59	678.3	696.5	518.0	696.5	339.8	0.00	4.58	0	1,886	55	0.31	5.5	22.7	0.4	0.0	17.79	74	1.2758	2.1516	660	661.35	965.08	
618581	60	678.2	697.5	518.8	697.5	340.5	0.88	4.58	0	1,787	52	0.56	5.5	22.7	0.4	0.0	18.14	74	1.2758	2.1516	660	661.44	972.42	
619176	60	678.2	697.8	519.7	697.8	341.5	0.56	4.58	0	1,685	49	1.12	5.5	22.7	0.4	0.0	17.95	74	1.2758	2.1516	660	661.54	957.19	
619713	60	678.2	698.2	519.6	697.8	341.5	3.31	4.58	0	2,063	47	3.81	5.5	22.7	0.4	0.0	14.44	74	1.2758	2.1516	660	661.54	977.73	
620259	61	678.1	697.5	519.5	697.5	342.2	0.00	4.58	0	2,292	46	1.38	5.5	22.7	0.4	0.0	12.12	74	1.2758	2.1437	660	661.63	963.98	
620790	61	678.1	697.2	519.8	697.2	342.5	1.56	4.58	0	2,286	46	1.62	5.5	22.7	0.4	0.0	26.81	74	1.2758	2.1437	660	661.75	950.47	
621389	61	677.9	696.5	519.5	696.5	342.8	4.19	4.58	0	2,320	47	7.56	5.5	22.4	0.4	0.0	53.65	74	1.2758	2.1531	660	661.84	960.08	
621924	62	677.4	695.8	519.5	695.8	343.5	5.25	4.58	0	2,376	48	10.81	5.5	22.7	0.4	0.0	51.35	74	1.2758	2.1531	660	661.94	1,011.88	
622461	61	676.8	695.5	519.5	695.2	343.8	2.25	4.58	0	2,479	49	4.88	5.5	22.7	0.4	0.0	35.60	74	1.2758	2.1445	660	661.94	970.00	
623021	61	676.0	694.8	519.7	695.5	344.2	5.38	4.58	0	2,470	50	11.38	5.5	22.7	0.4	0.0	55.08	74	1.2758	2.1445	660	662.03	982.58	
623555	61	675.0	695.8	520.0	695.8	344.8	4.69	4.58	0	2,498	51	9.50	5.5	22.7	0.4	0.0	39.75	74	1.2758	2.1445	660	662.03	999.69	
624127	61	674.0	696.2	520.8	696.2	345.2	2.44	4.58	0	2,567	52	4.06	5.5	22.7	0.4	0.0	33.14	74	1.2758	2.1445	660	661.94	963.44	
624644	60	673.1	696.8	521.0	696.8	345.5	3.31	4.58	0	2,580	52	5.69	5.5	22.7	0.4	0.0	35.16	74	1.2758	2.1445	660	661.94	957.03	
625226	60	671.9	697.8	522.0	697.8	346.5	3.31	4.58	0	2,627	53	5.69	5.5	22.7	0.4	0.0	35.06	74	1.2758	2.1445	660	661.84	952.89	
625860	60	670.9	698.5	522.5	698.5	346.8	5.25	4.58	0	2,682	54	10.25	5.5	22.7	0.4	0.0	48.47	74	1.2758	2.1445	660	661.75	964.92	
626396	60	669.8	699.5	523.0	699.8	347.5	3.81	4.58	0	2,700	55	7.88	5.5	22.7	0.4	0.0	35.39	74	1.2758	2.1445	660	661.54	970.31	
626931	60	668.4	701.2	524.6	701.2	347.8	-0.62	4.58	0	2,661	55	2.19	5.5	22.7	0.4	0.0	13.10	74	1.2758	2.1445	660	661.35	966.25	
627467	59	667.5	702.2	525.2	702.5	348.5	0.19	4.58	0	2,654	55	1.94	5.5	22.7	0.4	0.0	14.86	74	1.2758	2.1445	660	661.23	959.14	
628076	59	666.5	703.8	526.1	703.5	349.2	2.81	4.58	0	2,693	54	4.31	5.5	22.7	0.4	0.0	38.25	74	1.2758	2.1445	660	661.05	927.58	
628610	60	665.5	704.2	526.3	704.5	349.2	6.12	4.58	0	2,729	56	12.69	5.5	22.7	0.4	0.0	55.08	74	1.2758	2.1445	660	660.74	1,047.42	
629199	60	664.0	705.2	527.5	705.2	350.5	5.75	4.58	0	2,789	57	12.69	5.5	22.7	0.4	0.0	48.23	74	1.2758	2.1445	660	660.34	1,045.00	
629727	60	662.7	705.8	528.1	705.8	350.2	5.38	4.58	0	2,830	58	11.38	5.5	22.7	0.4	0.0	51.56	74	1.2758	2.1445	660	659.94	1,049.77	
630291	59	661.3	707.2	528.8	707.2	350.8	6.25	4.58	0	2,046	58	11.38	5.5	22.7	0.4	0.0	61.76	74	1.2758	2.1445	655	659.43	1,076.88	
630859	59	659.9	708.2	529.7	708.5	351.2	5.56	4.58	0	2,027	59	9.75	5.5	22.7	0.4	0.0	59.51	74	1.2758	2.1445	655	658.84	1,101.80	
631464	59	658.6	709.8	530.5	709.5	352.2	6.25	4.58	0	2,099	60	13.81	5.5	22.7	0.4	0.0	73.05	74	1.2758	2.1445	655	658.14	1,259.92	
632011	59	657.7	711.2	531.3	710.8	352.5	8.00	4.58	0	2,078	61	15.69	5.5	22.7	0.4	0.0	71.86	74	1.2758	2.1445	655	657.65	1,162.27	
632558	58	657.6	712.2	532.3	712.8	352.8	5.38	4.58	0	2,082	61	6.75	5.5	22.7	0.4	0.0	22.99	74	1.2758	2.1445	655	656.94	1,017.11	
633096	58	657.6	713.5	533.3	713.5	353.5	1.56	4.58	0	2,033	60	0.81	5.5	22.7	0.4	0.0	12.91	74	1.2758	2.1445	655	656.55	975.47	
633715	57	657.6	715.5	534.7	715.5	354.5	2.62	4.58	0	1,991	59	1.12	5.5	22.4	0.4	0.0	17.67	74	1.2758	2.1367	655	656.15	971.33	
634363	58	657.6	716.2	535.3	716.5	354.5	1.44	4.58	0	1,939	57	-0.19	5.5	22.4	0.4	0.0	17.86	74	1.2758	2.1367	655	655.84	972.27	
634951	58	657.8	717.2	535.8	717.2	355.2	1.25	4.58	0	1,862	55	0.81	5.5	22.4	0.4	0.0	17.84	74	1.2758	2.1367	655	655.44	980.16	
635474	59	658.0	717.5	536.5	717.5	355.5	0.88	4.58	0	1,794	53	0.81	5.5	22.4	0.4	0.0	19.66	74	1.2758	2.1367	655	655.23	983.44	
636048	59	658.1	716.8	536.1	716.5	355.8	1.75	4.58	0	1,776	52	1.12	5.5	22.4	0.4	0.0	18.05	74	1.2758	2.1367	655	654.93	972.89	
636594	60	658.3	716.2	536.3	716.2	355.8	1.44	4.58	0	1,765	52	1.62	5.5	22.4	0.4	0.0	18.63	74	1.2758	2.1289	650	654.74	972.97	
637166	60	658.4	715.5	535.8	715.2	356.2	1.75	4.58	0	1,736	51	1.62	5.5	22.4	0.4	0.0	13.97	74	1.2758	2.1289	650	654.44	972.42	
637762	60	658.4	713.8	535.3	713.8	356.8	0.00	4.58	0	1,674	50	-0.19	5.5	22.4	0.4	0.0	16.24	74	1.2758	2.1203	650	654.25	970.55	
638293	60	658.5	712.8	534.8	712.8	356.8	0.38	4.58	0	1,642	48	1.12	5.5	22.4	0.4	0.0	18.12	74	1.2758	2.1203	650	654.13	974.14	
638830	61	658.7	711.8	534.3	711.5	356.8	0.38	4.58	0	1,593	47	1.12	5.5	22.4	0.4	0.0	18.09	74	1.2758	2.1203	650	654.04	975.70	
639387	61	658.9	709.8	533.8	709.8	357.5	0.38	4.58	0	1,557	46	1.12	5.5	22.0	0.4	0.0	18.02	74	1.2758	2.1125	650	653.94	976.80	
639828	61	659.2	708.5	533.0	708.5	357.5	0.19	4.58	0	1,509	45	1.12	5.5	22.4	0.4	0.0	17.84	74	1.2758	2.1219	650	653.94	977.34	
640375	62	659.5	706.8	532.3	706.8	357.8	0.38	4.58	0	1,476	43	1.12	5.5	22.4	0.4	0.0	17.88	74	1.2758	2.1219	650	653.85	977.19	
640901	62	659.9	705.2	531.6	705.2	357.8	6.81	4.58	0	1,519	42	3.50	5.5	22.0	0.4	0.0	31.85	74	1.2758	2.1133	650	653.94	987.11	
641457	62	660.3	703.2	530.5	702.8	357.8	1.75	4.58	0	2,028	41	0.31	5.5	22.0	0.4	0.0	11.62	74	1.2758	2.1055	650	653.94	966.17	
641981	62	660.5	701.2	529.8	701.2	357.5	3.00	4.58	0	1,987	40	0.56	5.5	22.4	0.4	0.0	11.84	74	1.2758	2.1227	650	653.94	963.12	
642523	62	660.7	700.2	529.1	699.5	358.5	1.94	4.58	0	1,953	39	1.38	5.5	22.0	0.4	0.0	18.28	74	1.2758	2.1141	650	653.94	959.77	
643168	63	660.8	697.5	528.3	697.8	358.2	1.75	4.58	0	1,921	38	1.38	5.5	22.0	0.4	0.0	22.83	74	1.2758	2.1141	650	654.04	952.19	
643731	63	660.8	695.8	527.5	695.8	358.5	2.81	4.58	0	1,952	39	5.12	5.5	22.0	0.4	0.0	54.77	74	1.2758	2.1141	650	654.04	939.84	
644299	63	660.6	694.5	526.5	694.2	358.5	5.06	4.58	0	1,947	39	6.75	5.5	22.0	0.4	0.0	49.99	74	1.2758	2.1141	650	654.04	962.19	
644860	62	660.1	693.2	525.5	692.8	358.5	5.38	4.58	0	2,031	40	6.75	5.5	22.0	0.4	0.0	53.98	74	1.2758	2.1141	650	653.94	962.58	
645379	62	659.5	692.2	525.3	692.2	358.8	5.06	4.58	0	2,008	41	9.50	5.5	22.0	0.4	0.0	62.70	74	1.2758	2.1141	650	653.73	1,087.27	
645930	61	658.5	691.5	525.1	691.5	359.2	2.62	4.58	0	2,044	41	3.00	5.5	22.0	0.4	0.0	20.81	74	1.2758	2.1063	650	653.64	1,000.23	
646516	61	657.7	691.5	525.1	691.8	358.8	1.56	4.58	0	1,991	41	0.00	5.5	22.0	0.4	0.0	11.93	74	1.2758	2.1063	650	653.43	969.84	
647091	60	657.1	691.8	525.5	691.8	358.8	3.69	4.58	0	1,953	39	0.81	5.5	22.0	0.4	0.0	13.41	74	1.2758	2.1156	650	653.33	965.16	
647623	60	656.4	692.2	525.5	692.2	359.5	2.44	4.58	0	1,911	38	2.75	5.5	22.0	0.4	0.0	44.27	74	1.2758	2.1070	650	653.24	940.31	
648199	61	655.6	692.5	525.6	692.5	359.2	4.69	4.58	0	1,947	39	7.56	5.5	22.0	0.4	0.0	61.66	74	1.2758	2.0984	650	653.15	1,062.11	
648720	61	654.5	691.8	525.8	691.8	359.5	5.75	4.58	0	1,969	40	9.50	5.5	22.0	0.4	0.0	57.91	74	1.2758	2.0984	650	652.84	1,040.78	
649247	61	653.4	692.5	526.1	692.5	359.5	5.56	4.58	0	2,052	41	10.00	5.5	22.0	0.4	0.0	65.32	74	1.2758	2.0984	650	652.54	1,158.44	
649800	60	652.3	692.8	526.3	693.2	359.5	7.12	4.58	0	2,085	42	15.44	5.5	22.0	0.4	0.0	76.31	74	1.2758	2.0984	650	652.23	1,316.72	
650409	60	651.5	694.2	527.0	693.8	360.2	9.06	4.58	0	2,148	44	20.81	5.5	22.0	0.4	0.0	87.98	74	1.2758	2.0984	650	651.65	1,497.89	
650983	59	651.5	695.5	527.8	695.5	360.5	11.12	4.58	0	2,265	46	28.12	5.5	22.0	0.4	0.0	82.22	74	1.2758	2.1070	650	650.94	1,205.62	
651540	59	651.9	696.8	528.6	696.8	360.5	4.00	4.58	0	2,319	47	7.88	5.5	22.0	0.4	0.0	49.10	74	1.2758	2.1070	650	650.43	998.67	
652173	58	652.3	699.2	530.0	699.5	360.8	5.75	4.58	0	2,367	48	11.38	5.5	22.0	0.4	0.0	63.61	74	1.2758	2.1070	650	649.94	1,099.14	
652705	58	652.5	700.8	530.8	701.2	361.5	1.75	4.58	0	2,366	48	4.31	5.5	22.0	0.4	0.0	18.05	74	1.2758	2.1070	645	649.54	997.97	
653251	58	652.7	704.2	533.0	704.5	361.8	2.62	4.58	0	2,378	48	3.00	5.5	22.0	0.4	0.0	38.62	74	1.2758	2.0984	645	649.14	956.25	
653800	58	652.9	706.5	534.0	706.8	362.2	5.25	4.58	0	2,364	48	10.56	5.5	22.0	0.4	0.0	52.62	74	1.2758	2.1078	645	648.83	964.84	
654345	58	653.0	708.8	535.6	709.5	362.5	1.94	4.58	0	2,344	47	1.62	5.5	22.0	0.4	0.0	14.51	74	1.2758	2.1078	645	648.53	960.70	
654906	58	653.1	710.8	536.6	711.5	362.8	2.62	4.58	0	2,381	47	3.25	5.5	22.0	0.4	0.0	34.48	74	1.2758	2.1078	645	648.34	947.81	
655486	58	653.1	713.2	537.6	713.2	363.2	5.38	4.58	0	2,370	47	10.25	5.5	22.0	0.4	0.0	54.00	74	1.2758	2.1078	645	648.04	982.19	
656024	58	653.1	714.8	539.0	714.8	363.2	6.12	4.58	0	2,385	48	13.00	5.5	22.0	0.4	0.0	61.48	74	1.2758	2.1078	645	647.85	1,110.39	
656557	58	653.0	716.2	540.0	716.2	363.8	4.19	4.58	0	2,392	49	8.69	5.5	22.0	0.4	0.0	41.04	74	1.2758	2.1078	645	647.55	1,007.97	
657087	58	652.9	717.8	540.8	718.2	364.5	4.00	4.58	0	2,478	49	7.88	5.5	22.0	0.4	0.0	45.45	74	1.2758	2.1078	645	647.33	965.00	
657680	58	652.8	719.2	542.1	719.5	364.8	5.25	4.58	0	2,453	50	10.81	5.5	22.0	0.4	0.0	53.25	74	1.2758	2.1078	645	647.15	977.58	
658251	58	652.6	721.2	543.2	721.2	364.8	5.75	4.58	0	2,499	50	12.19	5.5	22.0	0.4	0.0	55.64	74	1.2758	2.1078	645	646.84	1,039.92	
658844	58	652.5	723.2	544.5	723.2	365.8	5.75	4.58	0	2,526	51	12.69	5.5	22.0	0.4	0.0	52.80	74	1.2758	2.1078	645	646.63	1,049.22	
659370	58	652.3	725.2	545.5	725.2	365.5	6.12	4.58	0	2,568	52	12.69	5.5	22.0	0.4	0.0	48.45	74	1.2758	2.1078	645	646.35	1,033.83	
659885	58	652.2	726.5	546.3	726.8	366.5	1.25	4.58	0	2,543	51	1.94	5.5	22.0	0.4	0.0	14.60	74	1.2758	2.1078	645	646.23	980.23	
660517	57	652.2	728.2	547.0	728.5	366.5	1.94	4.58	0	2,488	50	1.62	5.5	22.0	0.4	0.0	17.98	74	1.2758	2.1078	645	646.05	957.50	
661092	57	652.1	729.8	548.5	729.8	367.2	2.81	4.58	0	2,464	50	3.50	5.5	22.0	0.4	0.0	39.63	74	1.2758	2.1078	645	645.93	940.86	
661557	58	652.1	731.2	549.3	731.2	367.8	5.38	4.58	0	2,492	50	10.56	5.5	22.0	0.4	0.0	48.75	74	1.2758	2.1078	645	645.83	990.39	
662099	58	652.0	731.8	550.0	731.8	368.2	-0.25	4.58	0	2,481	50	1.94	5.5	22.0	0.4	0.0	13.38	74	1.2758	2.1078	645	645.65	971.17	
662634	58	652.0	732.8	550.1	732.8	368.5	1.94	4.58	0	2,481	49	2.19	5.5	22.0	0.4	0.0	24.66	74	1.2758	2.1078	645	645.65	953.52	
663186	58	651.9	733.5	551.0	733.5	368.8	0.38	4.58	0	2,445	49	1.62	5.5	22.0	0.4	0.0	12.23	74	1.2758	2.1078	645	645.53	957.89	
663664	58	651.9	734.2	551.7	734.2	369.5	0.88	4.58	0	2,376	49	1.38	5.5	22.0	0.4	0.0	13.38	74	1.2758	2.1078	645	645.53	959.45	
664201	58	651.8	734.2	551.6	734.2	369.8	1.44	4.58	0	2,325	49	1.12	5.5	22.0	0.4	0.0	17.91	74	1.2758	2.1000	645	645.44	974.45	
664736	59	651.9	734.2	551.8	734.2	369.8	7.31	4.58	0	2,368	48	2.19	5.5	22.0	0.4	0.0	11.91	70	1.2758	2.1000	645	645.44	982.11	
665287	59	652.0	733.5	551.6	733.5	369.8	1.94	4.58	0	2,419	48	2.19	5.5	22.0	0.4	0.0	19.38	70	1.2758	2.1000	645	645.44	965.31	
665841	60	652.0	732.8	551.6	732.8	370.5	1.75	4.58	0	2,420	49	2.19	5.5	21.6	0.4	0.0	18.59	70	1.2758	2.0914	645	645.34	961.33	
666372	60	652.0	731.8	551.3	731.8	370.5	1.94	4.58	0	2,445	50	2.19	5.5	21.6	0.4	0.0	18.49	70	1.2758	2.0914	645	645.34	954.61	
666926	60	652.0	730.8	550.6	731.2	370.8	2.12	4.58	0	2,504	50	2.75	5.5	22.0	0.4	0.0	23.70	70	1.2758	2.1008	645	645.34	950.00	
667522	60	651.9	730.2	550.5	730.2	370.8	2.12	4.58	0	2,542	51	3.00	5.5	22.0	0.4	0.0	24.35	70	1.2758	2.1008	645	645.25	949.69	
668096	60	651.7	729.2	550.0	729.2	371.5	2.44	4.58	0	2,600	53	3.25	5.5	21.6	0.4	0.0	24.73	70	1.2758	2.0922	645	645.25	950.08	
668623	60	651.4	728.2	549.8	728.5	371.2	2.12	4.58	0	2,635	54	3.50	5.5	22.0	0.4	0.0	24.89	70	1.2758	2.1016	645	645.25	956.95	
669302	60	651.1	727.8	549.8	727.5	371.8	1.06	4.58	0	2,644	54	2.19	5.5	22.0	0.4	0.0	11.91	70	1.2758	2.1016	645	645.25	956.95	
669833	60	650.9	726.8	549.5	726.8	371.5	1.06	4.58	0	2,541	54	1.94	5.5	22.0	0.4	0.0	18.19	70	1.2758	2.1016	645	645.25	971.56	
670425	60	650.6	726.5	549.2	726.5	372.5	1.44	4.58	0	2,661	54	1.62	5.5	22.0	0.4	0.0	15.61	69	1.2758	2.1016	645	645.34	974.84	
670956	61	650.5	725.5	548.8	725.2	372.5	2.62	4.58	0	2,689	55	3.25	5.5	22.0	0.4	0.0	29.88	69	1.2758	2.1016	645	645.34	950.00	
671568	61	650.1	723.8	548.3	724.2	372.5	3.81	4.58	0	2,783	56	6.50	5.5	22.0	0.4	0.0	39.73	69	1.2758	2.1016	645	645.34	961.64	
672097	61	649.6	723.2	548.1	723.5	372.8	4.69	4.58	0	2,844	58	9.19	5.5	22.0	0.4	0.0	42.52	69	1.2758	2.1016	645	645.25	987.81	
672635	61	648.8	722.5	547.6	722.5	372.8	8.50	4.58	0	2,113	59	10.25	5.5	22.0	0.0	0.0	60.26	62	1.2758	2.1016	645	645.04	1,097.73	
673161	60	647.9	722.5	547.5	722.5	373.2	6.25	4.58	0	2,123	61	14.06	5.5	22.0	0.0	0.0	74.09	62	1.2758	2.1016	640	644.85	1,269.92	
673686	60	647.3	722.2	547.8	722.5	373.2	8.50	4.58	0	2,137	63	19.19	5.5	21.6	0.0	0.0	82.31	62	1.2758	2.0836	640	644.55	1,370.47	
674287	59	647.1	722.5	548.1	722.8	373.8	9.56	4.58	0	2,236	66	22.69	5.5	21.6	0.0	0.0	85.41	62	1.2758	2.0836	640	644.15	1,498.20	
674811	59	647.5	722.5	548.1	722.8	374.2	11.62	4.58	0	2,298	68	28.94	5.5	21.6	0.0	0.0	97.29	62	1.2758	2.0922	640	643.84	1,594.22	
675348	58	648.4	724.2	549.0	724.2	374.5	12.50	4.58	0	2,387	71	31.06	5.5	21.2	0.0	0.0	88.57	62	1.2758	2.0828	640	643.44	1,407.03	
675902	58	649.8	725.2	549.8	725.5	375.2	11.12	4.58	0	2,507	74	27.31	5.5	21.6	0.0	0.0	79.83	62	1.2758	2.0914	640	643.23	1,311.56	
676442	57	651.8	726.8	550.7	726.5	375.2	9.25	4.58	0	2,560	76	22.44	5.5	21.6	0.0	0.0	71.67	62	1.2758	2.0914	640	643.05	1,219.53	
677048	57	653.9	728.5	552.1	728.5	375.8	8.19	4.58	0	2,620	78	17.81	5.5	22.0	0.0	0.0	55.80	62	1.2758	2.1000	640	642.93	1,111.09	
677563	56	655.6	730.8	553.5	730.8	376.8	4.38	4.58	0	2,301	78	4.06	5.5	21.6	0.0	0.0	16.10	60	1.2758	2.0914	640	642.93	1,000.23	
678252	56	656.6	732.5	554.8	732.8	377.2	1.94	4.58	0	1,996	79	0.31	5.5	21.6	0.0	0.0	14.95	60	1.2758	2.0914	640	642.93	969.30	
678825	56	657.6	734.5	556.0	734.5	378.2	1.56	4.58	0	2,036	79	-0.44	5.5	21.6	0.0	0.0	17.72	59	1.2758	2.0914	640	642.93	972.03	
679402	56	658.6	735.8	556.8	736.2	378.2	1.56	4.58	0	2,025	79	1.62	5.5	21.6	0.0	0.0	17.79	59	1.2758	2.0820	640	642.93	972.97	
679972	57	659.6	736.5	557.6	736.8	378.5	1.44	4.58	0	1,989	77	1.38	5.5	21.6	0.0	0.0	17.86	59	1.2758	2.0820	640	642.93	983.67	
680488	57	660.5	736.8	558.2	736.8	379.2	1.25	4.58	0	1,948	76	0.81	5.5	21.6	0.0	0.0	17.98	59	1.2758	2.0820	640	642.93	985.39	
681010	58	661.3	736.5	558.0	736.5	379.5	1.25	4.58	0	1,923	75	1.12	5.5	21.2	0.0	0.0	17.91	58	1.2758	2.0734	640	643.05	985.78	
681558	58	662.3	735.8	557.5	735.8	379.5	1.06	4.58	0	1,901	74	1.12	5.5	21.2	0.0	0.0	18.14	58	1.2758	2.0734	640	643.14	985.39	
682117	58	663.1	735.2	557.5	734.5	379.5	0.88	4.58	0	1,869	73	0.56	5.5	21.2	0.0	0.0	18.09	58	1.2758	2.0734	640	643.23	985.08	
682692	59	664.0	733.5	557.0	733.5	380.2	0.88	4.58	0	1,847	72	0.81	5.5	21.2	0.0	0.0	18.23	58	1.2758	2.0734	640	643.23	984.53	
683215	59	664.8	731.8	556.3	731.8	380.2	0.69	4.58	0	1,819	71	0.81	5.5	21.2	0.0	0.0	18.19	57	1.2758	2.0734	640	643.35	983.98	
683809	60	665.7	730.5	555.5	730.5	380.2	0.69	4.58	0	1,811	70	0.81	5.5	21.2	0.0	0.0	18.26	57	1.2758	2.0734	640	643.44	983.20	
684332	60	666.4	728.8	554.5	728.5	380.5	0.69	4.58	0	1,781	69	1.12	5.5	21.2	0.0	0.0	18.26	57	1.2758	2.0648	640	643.63	982.50	
684848	60	667.1	726.8	554.2	726.5	380.8	0.56	4.58	0	1,763	69	1.12	5.5	21.2	0.0	0.0	18.40	57	1.2758	2.0648	640	643.75	982.19	
685407	61	667.8	725.2	553.0	724.8	380.5	0.56	4.58	0	1,762	69	1.12	5.5	20.8	0.0	0.0	18.63	56	1.2758	2.0742	640	643.94	982.19	
685934	61	668.5	722.8	551.8	722.8	380.8	0.56	4.58	0	1,754	68	1.12	5.5	21.2	0.0	0.0	18.84	56	1.2758	2.0742	640	644.15	982.11	
686579	61	669.2	720.8	550.8	720.5	380.8	0.56	4.58	0	1,734	67	1.12	5.5	21.2	0.0	0.0	18.98	56	1.2758	2.0656	640	644.33	981.72	
687139	61	669.8	718.2	549.5	718.2	380.8	0.38	4.58	0	1,692	66	1.12	5.5	21.2	0.0	0.0	19.01	55	1.2758	2.0578	640	644.64	980.70	
687714	62	670.5	715.5	548.5	715.5	380.8	0.38	4.58	0	1,647	64	1.12	5.5	21.2	0.0	0.0	18.94	55	1.2758	2.0750	640	644.94	979.92	
688240	62	671.1	713.8	547.5	713.5	380.8	0.19	4.58	0	1,643	63	1.12	5.5	21.2	0.0	0.0	19.22	55	1.2758	2.0750	645	645.13	979.84	
688783	62	671.7	711.5	546.1	711.5	380.8	0.19	4.58	0	1,605	62	1.12	5.5	21.2	0.0	0.0	19.05	55	1.2758	2.0750	645	645.34	979.69	
689308	62	672.1	709.5	545.5	709.5	381.2	0.19	4.58	0	1,547	60	1.12	5.5	21.2	0.0	0.0	19.22	55	1.2758	2.0750	645	645.53	965.94	
689862	63	672.7	707.2	544.1	706.8	380.8	2.25	4.58	0	1,853	57	2.75	5.5	21.2	0.0	0.0	13.69	54	1.2758	2.0750	645	645.83	974.53	
690414	63	673.1	705.2	543.1	705.2	380.8	0.88	4.58	0	1,903	55	0.56	5.5	21.2	0.0	0.0	12.19	54	1.2758	2.0750	645	646.14	967.50	
690973	63	673.4	702.8	542.0	703.2	380.8	0.88	4.58	0	1,782	52	0.56	5.5	21.2	0.0	0.0	19.22	54	1.2758	2.0750	645	646.44	968.36	
691507	63	673.7	701.2	541.0	701.2	380.5	0.56	4.58	0	1,682	50	1.12	5.5	21.2	0.0	0.0	19.59	54	1.2758	2.0750	645	646.63	954.69	
692035	63	674.0	699.2	539.7	699.2	380.2	2.81	4.58	0	2,167	49	3.25	5.5	21.2	0.0	0.0	20.58	54	1.2758	2.0750	645	646.94	977.34	
692576	63	674.3	697.2	538.8	696.8	380.5	1.44	4.58	0	2,344	47	1.12	5.5	21.2	0.0	0.0	12.09	54	1.2758	2.0750	645	647.24	964.22	
693133	63	674.5	695.8	537.8	695.5	380.2	1.25	4.58	0	2,278	46	1.12	5.5	21.2	0.0	0.0	20.06	54	1.2758	2.0750	645	647.55	967.81	
693654	63	674.6	694.2	537.3	694.2	379.8	6.25	4.58	0	2,282	46	1.62	5.5	21.2	0.0	0.0	17.16	54	1.2758	2.0750	645	647.85	967.97	
694227	63	674.8	692.2	536.0	692.2	379.5	4.00	4.58	0	2,305	46	5.94	5.5	21.2	0.0	0.0	54.21	54	1.2758	2.0750	645	648.25	963.75	
694796	63	674.7	690.5	535.0	690.5	379.5	4.19	4.58	0	2,341	47	7.06	5.5	21.2	0.0	0.0	21.40	54	1.2758	2.0750	645	648.53	1,004.06	
695447	62	674.4	689.5	534.5	689.5	379.8	1.44	4.58	0	2,332	47	1.62	5.5	21.2	0.0	0.0	14.55	54	1.2758	2.0664	645	648.93	955.08	
695985	62	674.1	688.8	534.3	688.8	379.5	4.00	4.58	0	2,403	48	8.94	5.5	21.2	0.0	0.0	54.30	54	1.2758	2.0578	645	649.35	1,004.06	
696523	62	673.4	687.8	533.8	687.8	379.5	6.44	4.58	0	2,456	50	13.50	5.5	20.8	0.0	0.0	69.16	54	1.2758	2.0578	645	649.75	1,215.55	
697057	61	672.5	688.2	533.6	687.8	379.2	10.25	4.58	0	2,541	52	24.31	5.5	20.8	0.0	0.0	85.10	54	1.2758	2.0578	650	650.15	1,506.09	
697619	61	671.8	688.2	534.0	688.5	379.5	20.31	4.58	0	2,724	55	54.00	5.5	20.8	0.0	0.0	106.12	54	1.2758	2.0492	650	650.43	1,493.20	
698141	60	671.0	689.5	534.6	689.8	379.8	19.12	4.58	0	2,826	58	50.50	5.5	21.2	0.0	0.0	104.13	54	1.2758	2.0484	650	650.64	1,513.36	
698670	59	670.6	690.8	535.5	691.2	379.8	21.19	4.58	0	2,985	61	55.62	5.5	21.2	0.0	0.0	102.94	54	1.2758	2.0484	650	650.94	1,504.77	
699199	58	670.8	693.2	536.5	693.2	380.2	20.50	4.58	0	3,120	64	47.81	5.5	21.2	0.0	0.0	72.77	54	1.2758	2.0563	650	651.25	1,243.36	
699796	57	671.7	696.5	538.1	696.8	380.8	3.12	4.58	0	3,217	65	21.88	5.5	21.2	0.0	0.0	62.51	54	1.2758	2.0719	650	651.65	1,068.28	
700337	57	672.9	699.5	540.1	699.8	381.2	9.38	4.58	0	2,409	66	22.69	5.5	21.6	0.0	0.0	88.78	54	1.2758	2.0805	650	652.14	1,265.62	
700967	56	675.0	703.8	542.8	704.2	381.8	12.19	4.58	0	2,320	69	31.31	5.5	21.2	0.0	0.0	101.37	54	1.2758	2.0633	650	652.75	1,421.72	
701532	56	677.7	707.5	544.5	707.8	382.5	14.06	4.58	0	2,390	71	37.25	5.5	21.2	0.0	0.0	102.33	54	1.2758	2.0633	650	653.64	1,428.75	
702086	56	681.3	711.8	547.0	711.8	382.8	15.81	4.58	0	2,485	73	41.88	5.5	21.2	0.0	0.0	108.47	54	1.2758	2.0633	650	654.53	1,466.33	
702662	56	685.1	715.5	549.2	715.5	383.5	15.31	4.58	0	2,551	75	39.44	5.5	21.2	0.0	0.0	99.30	54	1.2758	2.0633	655	655.94	1,402.42	
703214	56	689.3	719.8	551.5	720.2	384.2	14.06	4.58	0	2,590	77	36.50	5.5	21.2	0.0	0.0	89.93	54	1.2758	2.0633	655	657.25	1,287.03	
703762	55	693.5	724.2	554.1	724.5	384.8	13.38	4.58	0	2,680	79	34.31	5.5	21.2	0.0	0.0	93.28	54	1.2758	2.0633	655	659.03	1,308.91	
704387	55	697.5	728.2	556.5	728.5	385.8	6.81	4.58	0	2,729	80	14.88	5.5	21.6	0.0	0.0	16.99	54	1.2758	2.0805	660	660.74	1,034.61	
704902	55	700.2	731.8	558.6	731.8	386.2	1.44	4.58	0	2,172	79	0.56	5.5	21.6	0.0	0.0	18.63	54	1.2758	2.0805	660	661.84	992.27	
705475	55	702.9	736.8	561.8	737.2	387.2	1.25	4.58	0	1,947	79	0.31	5.5	21.2	0.0	0.0	16.97	54	1.2758	2.0719	660	662.94	979.77	
706057	55	704.7	740.2	563.3	740.2	387.8	1.44	4.58	0	1,975	78	0.31	5.5	21.6	0.0	0.0	17.18	53	1.2758	2.0633	660	663.93	975.70	
706608	55	706.4	742.5	565.3	742.8	388.2	1.25	4.58	0	1,968	77	1.38	5.5	21.6	0.0	0.0	17.13	52	1.2758	2.0789	660	664.75	983.83	
707164	56	708.1	744.5	566.6	744.2	388.8	1.44	4.58	0	1,949	75	1.12	5.5	21.2	0.0	0.0	17.55	52	1.2758	2.0703	665	665.64	985.78	
707739	57	709.5	745.5	567.3	745.5	389.2	1.06	4.58	0	1,884	72	1.12	5.5	21.2	0.0	0.0	17.67	51	1.2758	2.0703	665	666.53	985.23	
708311	57	710.9	746.2	567.6	746.2	389.8	0.69	4.58	0	1,799	70	1.12	5.5	21.2	0.0	0.0	17.32	50	1.2758	2.0781	665	667.23	984.38	
708843	57	712.0	745.8	567.8	745.8	390.2	0.69	4.58	0	1,786	70	0.81	5.5	21.6	0.0	0.0	17.77	50	1.2758	2.0695	665	667.94	983.75	
709366	58	713.1	745.5	568.1	745.5	390.5	1.75	4.58	0	1,797	69	1.12	5.5	21.2	0.0	0.0	29.53	46	1.2758	2.0695	665	668.64	970.00	
709932	58	714.1	744.5	567.6	744.8	390.5	3.50	4.58	0	1,827	69	5.44	5.5	21.2	0.0	0.0	55.24	46	1.2758	2.0695	665	669.53	993.12	
710459	59	715.5	743.8	567.7	743.5	390.5	4.69	4.58	0	1,817	70	8.38	5.5	21.2	0.0	0.0	64.43	46	1.2758	2.0695	670	670.44	1,078.67	
711003	59	716.4	743.2	567.1	743.5	391.2	5.94	4.58	0	1,827	71	11.38	5.5	21.6	0.0	0.0	53.79	46	1.2758	2.0859	670	671.43	1,085.86	
711582	58	717.5	742.5	567.0	742.8	391.5	1.56	4.58	0	1,851	70	1.38	5.5	21.2	0.0	0.0	14.46	46	1.2758	2.0781	670	672.34	1,001.64	
712122	58	718.2	742.2	567.0	742.5	391.8	-0.44	4.58	0	1,702	70	1.12	5.5	21.2	0.0	0.0	13.76	46	1.2758	2.0781	670	673.14	979.61	
712732	58	718.7	742.2	567.0	742.2	391.8	0.69	4.58	0	1,783	69	0.81	5.5	21.2	0.0	0.0	17.91	46	1.2758	2.0781	670	673.84	974.14	
713255	58	719.2	741.5	567.1	741.8	392.5	0.56	4.58	0	1,760	68	0.81	5.5	21.2	0.0	0.0	12.94	42	1.2758	2.0781	670	674.55	969.30	
713768	58	719.6	741.2	566.8	740.8	392.8	1.25	4.58	0	1,774	68	1.38	5.5	21.2	0.0	0.0	19.90	42	1.2758	2.0781	675	675.13	970.86	
714280	59	720.1	740.5	566.3	740.2	392.5	1.44	4.58	0	1,771	68	1.94	5.5	21.2	0.0	0.0	25.05	42	1.2758	2.0781	675	675.83	971.56	
714795	59	720.3	739.2	566.1	739.5	392.5	0.56	4.58	0	1,736	67	1.38	5.5	21.2	0.0	0.0	11.77	42	1.2758	2.0781	675	676.44	966.72	
715383	59	720.6	738.5	565.3	738.2	392.5	0.00	4.58	0	1,671	67	0.81	5.5	21.2	0.0	0.0	17.46	42	1.2758	2.0781	675	677.03	966.09	
715916	59	720.8	736.8	565.0	736.5	392.8	0.69	4.58	0	1,704	66	0.81	5.5	21.2	0.0	0.0	15.42	39	1.2758	2.0781	675	677.73	962.81	
716437	60	720.9	735.5	564.0	735.5	392.8	1.44	4.58	0	1,717	66	1.94	5.5	21.2	0.0	0.0	28.17	39	1.2758	2.0781	675	678.25	964.22	
717040	60	721.0	733.8	563.5	733.8	392.8	2.44	4.58	0	1,735	66	3.25	5.5	21.2	0.0	0.0	51.19	39	1.2758	2.0781	675	679.05	971.41	
717579	60	720.9	732.5	563.0	732.2	392.8	3.69	4.58	0	1,733	66	8.38	5.5	21.2	0.0	0.0	55.71	39	1.2758	2.0781	675	679.75	971.33	
718123	60	720.5	731.2	562.3	731.2	392.8	3.31	4.58	0	1,740	67	5.94	5.5	21.2	0.0	0.0	50.88	39	1.2758	2.0781	680	680.55	1,017.89	
718626	60	719.9	729.8	561.7	729.8	393.2	3.50	4.58	0	1,757	67	6.25	5.5	21.2	0.0	0.0	54.19	39	1.2758	2.0781	680	681.25	1,064.53	
719195	60	719.1	729.5	561.1	729.5	392.8	3.50	4.58	0	1,791	68	6.25	5.5	21.2	0.0	0.0	49.64	39	1.2758	2.0781	680	681.93	1,084.77	
719740	59	718.0	729.2	561.2	729.5	392.5	3.00	4.58	0	1,778	68	4.88	5.5	21.2	0.0	0.0	46.52	39	1.2758	2.0781	680	682.75	1,077.81	
720278	59	716.9	728.8	561.2	728.8	393.5	1.94	4.58	0	1,753	68	2.44	5.5	21.2	0.0	0.0	15.68	39	1.2758	2.0781	680	683.24	1,004.69	
720910	59	716.0	729.5	561.1	729.5	392.8	0.88	4.58	0	1,731	68	1.12	5.5	21.2	0.0	0.0	13.85	39	1.2758	2.0781	680	683.85	976.41	
721541	59	715.1	729.5	561.0	729.5	393.2	0.56	4.58	0	1,729	67	0.81	5.5	21.2	0.0	0.0	17.95	39	1.2758	2.0781	680	684.44	972.27	
722121	59	714.3	729.8	561.1	729.8	393.5	-0.94	4.58	0	1,711	66	1.12	5.5	21.2	0.0	0.0	23.25	38	1.2758	2.0781	685	685.05	958.91	
722670	59	713.5	729.5	561.0	729.5	392.8	3.12	4.58	0	1,766	66	4.88	5.5	21.2	0.0	0.0	54.68	38	1.2758	2.0781	685	685.54	989.53	
723196	60	712.4	728.8	561.0	728.8	392.8	4.38	4.58	0	1,748	67	8.12	5.5	21.2	0.0	0.0	62.88	38	1.2758	2.0781	685	686.03	1,055.78	
723744	60	710.9	728.2	560.5	728.2	393.2	4.00	4.58	0	1,763	68	8.12	5.5	21.2	0.0	0.0	52.15	38	1.2758	2.0781	685	686.64	1,008.52	
724283	59	709.4	728.2	560.7	727.8	393.5	3.50	4.58	0	1,768	69	5.94	5.5	21.2	0.0	0.0	27.05	38	1.2758	2.0781	685	686.94	1,001.95	
724830	59	708.0	727.5	560.5	728.2	393.2	0.88	4.58	0	1,738	68	1.12	5.5	21.2	0.0	0.0	12.68	38	1.2758	2.0781	685	687.25	978.12	
725445	59	706.8	728.2	560.6	728.2	393.5	1.25	4.58	0	1,690	68	0.81	5.5	21.2	0.0	0.0	17.06	38	1.2758	2.0781	685	687.65	971.56	
726062	59	705.6	728.2	560.5	728.5	392.8	0.00	4.58	0	1,743	67	0.81	5.5	21.2	0.0	0.0	15.16	38	1.2758	2.0781	685	687.93	967.66	
726662	59	704.6	727.8	560.5	727.8	393.2	0.38	4.58	0	1,703	66	1.12	5.5	21.2	0.0	0.0	18.28	38	1.2758	2.0781	685	688.23	975.86	
727207	59	703.9	727.5	560.1	727.5	393.2	0.38	4.58	0	1,678	65	1.38	5.5	21.2	0.0	0.0	18.42	38	1.2758	2.0781	685	688.54	978.36	
727745	60	703.2	726.8	559.8	726.5	392.5	0.38	4.58	0	1,652	64	1.12	5.5	21.2	0.0	0.0	18.54	38	1.2758	2.0781	685	688.84	979.22	
728294	60	702.7	726.2	559.5	725.8	392.8	0.19	4.58	0	1,629	63	1.12	5.5	21.2	0.0	0.0	19.03	37	1.2758	2.0781	685	689.15	979.77	
728848	60	702.2	724.8	558.6	724.8	392.5	1.44	4.58	0	1,644	63	1.12	5.5	21.2	0.0	0.0	17.95	35	1.2758	2.0781	685	689.43	972.58	
729374	60	701.6	723.2	557.8	723.2	392.2	1.25	4.58	0	1,638	63	1.94	5.5	21.2	0.0	0.0	20.55	35	1.2758	2.0781	685	689.64	969.30	
729953	61	701.0	722.5	557.2	721.8	392.2	0.69	4.58	0	1,617	63	1.38	5.5	21.2	0.0	0.0	11.93	35	1.2758	2.0781	690	689.94	964.92	
730649	60	700.5	720.8	556.5	720.5	392.2	1.25	4.58	0	1,646	63	1.62	5.5	21.2	0.0	0.0	33.23	35	1.2758	2.0781	690	690.25	962.19	
731170	61	699.7	719.2	555.7	718.8	392.2	2.44	4.58	0	1,650	63	3.50	5.5	21.2	0.0	0.0	21.26	35	1.2758	2.0781	690	690.44	981.25	
731710	61	698.7	717.8	555.0	717.8	391.5	1.44	4.58	0	1,636	63	1.62	5.5	21.2	0.0	0.0	28.71	35	1.2758	2.0781	690	690.53	970.31	
732257	61	697.8	716.5	554.3	716.8	391.8	3.69	4.58	0	1,676	64	6.25	5.5	21.2	0.0	0.0	57.75	35	1.2758	2.0781	690	690.74	995.70	
732830	61	696.3	716.2	553.8	716.2	391.5	4.00	4.58	0	1,699	64	8.12	5.5	21.2	0.0	0.0	64.38	35	1.2758	2.0781	690	690.83	1,088.59	
733455	60	694.4	715.2	553.5	714.8	391.8	5.06	4.58	0	1,732	66	11.38	5.5	21.2	0.0	0.0	73.57	35	1.2758	2.0781	690	690.74	1,180.62	
734046	60	692.6	714.8	553.1	715.2	392.2	5.56	4.58	0	1,751	67	13.00	5.5	21.2	0.0	0.0	76.36	35	1.2758	2.0703	690	690.44	1,208.05	
734655	59	691.2	715.5	553.3	715.5	391.5	4.00	4.58	0	1,731	68	7.88	5.5	21.2	0.0	0.0	48.54	35	1.2758	2.0703	690	690.04	1,151.33	
735297	59	689.4	716.8	554.1	716.8	391.2	2.44	4.58	0	1,771	68	3.81	5.5	21.2	0.0	0.0	38.39	35	1.2758	2.0703	685	689.64	1,069.69	
735897	58	687.9	717.8	554.6	718.2	391.5	0.19	4.58	0	1,786	69	1.12	5.5	21.2	0.0	0.0	14.06	35	1.2758	2.0781	685	689.33	996.88	
736436	58	686.8	720.2	555.8	720.5	391.8	3.00	4.58	0	1,688	68	0.31	5.5	21.2	0.0	0.0	15.16	35	1.2758	2.0703	685	689.03	977.89	
736994	58	685.9	721.8	556.5	721.5	391.8	0.69	4.58	0	1,753	68	0.81	5.5	21.2	0.0	0.0	18.12	35	1.2758	2.0703	685	688.84	974.14	
737608	58	684.9	723.2	557.1	723.2	391.5	0.56	4.58	0	1,720	66	1.12	5.5	21.2	0.0	0.0	18.02	35	1.2758	2.0625	685	688.63	972.42	
738140	59	684.2	723.5	557.6	723.5	391.5	0.38	4.58	0	1,681	65	1.12	5.5	21.2	0.0	0.0	18.33	35	1.2758	2.0625	685	688.54	979.69	
738735	59	683.5	723.8	557.5	723.8	391.5	0.19	4.58	0	1,633	63	1.38	5.5	21.2	0.0	0.0	18.35	35	1.2758	2.0625	685	688.35	980.23	
739357	59	683.0	723.8	557.5	724.2	391.2	0.19	4.58	0	1,586	62	1.38	5.5	21.2	0.0	0.0	18.05	35	1.2758	2.0625	685	688.23	980.47	
739961	60	682.5	723.5	557.2	723.5	391.2	0.19	4.58	0	1,557	60	1.12	5.5	21.2	0.0	0.0	18.30	35	1.2758	2.0625	685	688.05	979.84	
740530	60	682.1	722.8	557.0	722.5	390.8	0.19	4.58	0	1,536	59	1.12	5.5	21.2	0.0	0.0	18.23	35	1.2758	2.0625	685	687.83	980.16	
741116	60	681.6	721.8	556.5	721.5	390.8	0.19	4.58	0	1,506	58	1.12	5.5	21.2	0.0	0.0	18.35	35	1.2758	2.0625	685	687.74	979.84	
741678	60	681.3	720.8	555.8	720.5	390.5	0.19	4.58	0	1,458	57	1.12	5.5	21.2	0.0	0.0	24.54	35	1.2758	2.0625	685	687.65	973.52	
742226	61	680.9	719.2	555.1	719.2	390.5	2.25	4.58	0	1,683	55	1.94	5.5	21.2	0.0	0.0	12.23	31	1.2758	2.0625	685	687.44	974.14	
742767	61	680.4	717.8	554.3	718.2	390.2	1.25	4.58	0	1,832	54	0.00	5.5	21.2	0.0	0.0	13.41	31	1.2758	2.0625	685	687.34	968.52	
743304	61	680.0	716.8	553.7	716.8	390.2	0.88	4.58	0	1,776	52	1.12	5.5	21.2	0.0	0.0	18.75	31	1.2758	2.0625	685	687.25	969.06	
743888	61	679.6	715.5	552.8	715.2	389.8	0.69	4.58	0	1,740	51	1.12	5.5	21.2	0.0	0.0	18.84	31	1.2758	2.0625	685	687.04	970.23	
744396	61	679.3	714.2	552.1	714.2	389.8	0.56	4.58	0	1,725	51	1.12	5.5	21.2	0.0	0.0	18.98	31	1.2758	2.0625	685	686.94	977.89	
744996	62	679.0	712.8	551.3	712.5	389.5	0.56	4.58	0	1,696	50	1.12	5.5	21.2	0.0	0.0	19.08	31	1.2758	2.0625	685	686.85	979.14	
745588	62	678.7	711.2	550.5	711.2	389.2	0.38	4.58	0	1,662	49	1.12	5.5	21.2	0.0	0.0	19.08	31	1.2758	2.0625	685	686.64	979.61	
746113	62	678.5	710.5	550.0	710.2	389.2	0.38	4.58	0	1,632	48	1.12	5.5	21.2	0.0	0.0	19.24	31	1.2758	2.0625	685	686.55	980.08	
746638	62	678.3	708.5	549.0	708.8	388.8	0.38	4.58	0	1,618	48	1.12	5.5	21.2	0.0	0.0	19.05	31	1.2758	2.0625	685	686.43	980.47	
747172	62	678.1	707.2	548.0	707.2	388.5	0.38	4.58	0	1,599	47	1.12	5.5	21.2	0.0	0.0	19.12	31	1.2758	2.0625	685	686.33	981.02	
747734	63	677.9	705.8	547.5	705.8	388.5	0.38	4.58	0	1,581	47	1.38	5.5	21.2	0.0	0.0	20.37	30	1.2758	2.0625	685	686.24	980.78	
748385	63	677.7	704.8	546.3	704.5	388.2	1.06	4.58	0	1,593	47	1.12	5.5	21.2	0.0	0.0	17.37	30	1.2758	2.0625	685	686.03	970.31	
748952	63	677.4	702.8	545.3	702.5	387.8	1.56	4.58	0	1,614	47	1.94	5.5	21.2	0.0	0.0	24.28	30	1.2758	2.0625	685	685.84	971.09	
749530	63	676.9	701.5	544.6	701.5	387.8	0.69	4.58	0	1,573	47	1.12	5.5	21.2	0.0	0.0	12.28	30	1.2758	2.0625	685	685.63	965.16	
750113	63	676.4	700.2	543.8	699.8	387.2	1.25	4.58	0	1,591	47	1.62	5.5	21.2	0.0	0.0	21.94	30	1.2758	2.0625	685	685.54	964.53	
750650	63	675.9	699.2	543.0	699.2	387.2	0.69	4.58	0	1,566	47	1.12	5.5	21.2	0.0	0.0	14.11	30	1.2758	2.0625	685	685.35	963.36	
751171	63	675.4	698.2	542.8	698.2	386.8	0.88	4.58	0	1,576	47	1.12	5.5	21.2	0.0	0.0	10.85	30	1.2758	2.0625	685	685.14	962.81	
751691	63	674.9	697.2	542.3	697.2	387.2	1.75	4.58	0	1,593	46	1.12	5.5	21.2	0.0	0.0	16.43	30	1.2758	2.0625	685	684.93	961.41	
752215	63	674.4	696.2	541.5	696.2	386.8	1.75	4.58	0	1,632	46	1.94	5.5	21.2	0.0	0.0	22.12	30	1.2758	2.0625	680	684.74	966.02	
752813	63	673.6	695.2	541.0	694.8	386.5	1.75	4.58	0	1,605	46	2.19	5.5	21.2	0.0	0.0	36.59	30	1.2758	2.0625	680	684.44	967.89	
753357	63	672.7	694.2	540.5	694.2	386.2	2.25	4.58	0	1,610	47	4.06	5.5	21.2	0.0	0.0	50.84	30	1.2758	2.0625	680	684.13	1,000.62	
753888	63	671.5	693.8	540.0	693.8	386.5	3.31	4.58	0	1,659	48	5.94	5.5	21.2	0.0	0.0	53.25	30	1.2758	2.0625	680	683.73	1,039.38	
754455	63	669.9	693.8	539.8	693.5	386.2	3.69	4.58	0	1,741	49	7.56	5.5	21.2	0.0	0.0	60.56	30	1.2758	2.0625	680	683.24	1,055.00	
755022	62	668.0	693.8	540.0	694.2	385.8	3.81	4.58	0	1,691	50	9.19	5.5	21.2	0.0	0.0	59.88	30	1.2758	2.0625	680	682.75	1,049.22	
755606	62	665.6	695.2	540.1	695.2	385.8	4.69	4.58	0	1,787	51	9.19	5.5	21.2	0.0	0.0	56.11	30	1.2758	2.0625	680	681.93	1,036.25	
756127	61	663.4	696.2	540.8	696.2	385.8	1.44	4.58	0	1,745	52	2.75	5.5	20.8	0.0	0.0	20.23	30	1.2758	2.0547	680	681.13	1,005.55	
756677	60	661.6	697.5	541.6	697.8	385.5	1.06	4.58	0	1,737	52	1.12	5.5	21.2	0.0	0.0	12.35	30	1.2758	2.0711	680	680.64	978.12	
757343	60	660.2	699.5	542.1	699.8	385.8	0.69	4.58	0	1,743	51	0.81	5.5	21.2	0.0	0.0	18.30	30	1.2758	2.0633	680	680.03	972.97	
757888	60	658.9	701.5	543.5	701.5	385.5	0.56	4.58	0	1,701	50	1.12	5.5	20.8	0.0	0.0	18.47	30	1.2758	2.0555	675	679.54	971.56	
758404	60	657.7	702.5	543.8	702.5	385.8	0.38	4.58	0	1,683	50	1.38	5.5	20.8	0.0	0.0	18.56	30	1.2758	2.0555	675	679.14	978.52	
758960	61	656.7	703.2	544.3	703.5	385.5	0.38	4.58	0	1,659	49	1.38	5.5	20.8	0.0	0.0	18.70	30	1.2758	2.0555	675	678.65	979.45	
759539	61	655.8	703.8	544.6	703.8	385.5	0.19	4.58	0	1,623	48	1.38	5.5	20.8	0.0	0.0	18.59	30	1.2758	2.0555	675	678.25	980.23	
760097	61	655.0	704.2	544.5	703.8	385.2	-0.81	4.58	0	1,617	47	0.81	5.5	20.8	0.0	0.0	15.82	29	1.2758	2.0555	675	677.85	974.84	
760631	61	654.3	704.2	544.5	703.8	385.2	1.44	4.58	0	1,638	47	1.94	5.5	20.8	0.0	0.0	29.74	29	1.2758	2.0555	675	677.33	965.55	
761193	62	653.4	703.8	544.5	703.5	384.8	2.44	4.58	0	1,660	48	4.06	5.5	20.8	0.0	0.0	48.26	29	1.2758	2.0555	675	676.84	969.61	
761716	62	652.2	703.8	544.1	703.8	385.2	3.12	4.58	0	1,688	49	7.88	5.5	20.8	0.0	0.0	58.01	29	1.2758	2.0555	675	676.23	969.53	
762254	62	650.8	703.5	544.1	703.5	384.8	3.31	4.58	0	1,687	49	9.19	5.5	20.8	0.0	0.0	53.30	29	1.2758	2.0555	675	675.34	990.62	
762865	61	649.0	704.2	544.5	703.8	384.8	2.25	4.58	0	1,711	50	4.06	5.5	20.8	0.0	0.0	33.89	29	1.2758	2.0555	670	674.55	1,027.19	
763426	61	647.5	704.5	544.5	704.5	384.8	0.69	4.58	0	1,695	50	1.12	5.5	20.8	0.0	0.0	12.35	29	1.2758	2.0555	670	673.75	984.92	
764023	60	646.1	705.5	545.0	705.5	384.8	-2.19	4.58	0	1,672	50	0.56	5.5	20.8	0.0	0.0	12.54	29	1.2758	2.0555	670	673.23	974.92	
764551	60	645.0	706.2	545.8	706.5	385.2	1.44	4.58	0	1,689	49	1.38	5.5	20.8	0.0	0.0	15.98	29	1.2758	2.0555	670	672.53	966.88	
765116	61	643.8	707.2	545.8	707.2	384.8	1.06	4.58	0	1,661	49	1.38	5.5	20.8	0.0	0.0	16.57	29	1.2758	2.0555	670	672.04	963.12	
765776	61	642.7	707.5	546.1	707.8	384.8	1.06	4.58	0	1,662	49	1.38	5.5	20.8	0.0	0.0	12.73	29	1.2758	2.0555	670	671.43	969.22	
766351	61	641.8	707.8	546.5	707.8	384.5	0.38	4.58	0	1,641	48	1.12	5.5	20.8	0.0	0.0	16.03	29	1.2758	2.0555	670	670.75	966.95	
766893	61	640.8	707.5	546.3	707.8	384.8	0.56	4.58	0	1,635	48	1.12	5.5	20.8	0.0	0.0	12.49	29	1.2758	2.0555	670	670.35	967.81	
767495	61	639.7	707.8	546.1	707.8	384.5	1.56	4.58	0	1,592	47	0.56	5.5	20.8	0.0	0.0	17.48	29	1.2758	2.0555	665	669.83	969.61	
768001	61	639.0	707.5	546.1	707.2	384.8	0.19	4.58	0	1,593	47	1.12	5.5	20.8	0.0	0.0	18.40	29	1.2758	2.0555	665	669.44	973.83	
768592	62	638.2	706.8	545.8	706.8	384.5	3.31	4.58	0	1,630	46	4.06	5.5	20.8	0.0	0.0	28.50	28	1.2758	2.0555	665	668.85	982.97	
769133	62	637.3	706.2	545.5	706.2	384.5	2.62	4.58	0	2,235	45	1.12	5.5	20.8	0.0	0.0	11.88	28	1.2758	2.0555	665	668.24	965.23	
769696	62	636.5	705.5	545.0	705.5	384.2	2.81	4.58	0	2,145	44	1.12	5.5	20.8	0.0	0.0	18.42	28	1.2758	2.0555	665	667.84	965.78	
770246	62	635.8	704.5	544.5	704.5	383.8	1.75	4.58	0	2,070	42	0.00	5.5	20.8	0.0	0.0	19.12	28	1.2758	2.0555	665	667.23	970.78	
770781	62	635.3	704.2	544.0	704.2	384.2	1.75	4.58	0	2,063	41	0.00	5.5	20.8	0.0	0.0	19.36	28	1.2758	2.0555	665	666.83	972.42	
771302	62	634.9	703.5	544.0	703.5	383.8	1.75	4.58	0	2,012	41	1.38	5.5	20.8	0.0	0.0	13.22	27	1.2758	2.0555	665	666.44	983.44	
771827	62	634.5	702.8	543.3	702.8	383.8	1.94	4.58	0	2,005	40	1.62	5.5	20.8	0.0	0.0	17.02	27	1.2758	2.0555	665	665.85	969.77	
772366	62	634.0	702.2	542.8	701.8	383.8	1.94	4.58	0	2,003	40	2.19	5.5	20.8	0.0	0.0	25.27	27	1.2758	2.0555	665	665.43	956.56	
772919	63	633.3	701.5	542.5	701.5	383.8	2.12	4.58	0	2,021	41	2.19	5.5	20.8	0.0	0.0	25.80	27	1.2758	2.0555	660	664.84	961.80	
773502	63	632.6	700.8	542.3	701.2	383.8	1.94	4.58	0	2,021	41	1.62	5.5	20.8	0.0	0.0	17.16	27	1.2758	2.0555	660	664.23	957.11	
774056	62	631.9	700.8	542.1	700.8	383.2	1.75	4.58	0	2,004	41	-0.19	5.5	20.8	0.0	0.0	12.30	27	1.2758	2.0555	660	663.65	957.89	
774700	62	631.2	700.5	541.8	700.5	383.5	2.81	4.58	0	1,960	41	0.56	5.5	20.8	0.0	0.0	18.54	27	1.2758	2.0555	660	663.13	965.94	
775274	62	630.6	700.5	541.8	700.5	383.5	1.75	4.58	0	1,973	40	0.00	5.5	20.8	0.0	0.0	19.50	27	1.2758	2.0555	660	662.55	975.23	
775810	62	630.2	699.8	541.5	699.8	383.2	1.25	4.58	0	1,925	38	0.56	5.5	20.8	0.0	0.0	19.59	27	1.2758	2.0555	660	662.15	979.77	
776327	62	630.0	699.5	541.0	699.5	382.8	0.88	4.58	0	1,851	38	1.12	5.5	20.8	0.0	0.0	19.27	27	1.2758	2.0555	660	661.75	981.17	
776905	63	629.9	698.8	541.2	699.2	382.5	0.88	4.58	0	1,807	36	0.81	5.5	20.8	0.0	0.0	19.15	27	1.2758	2.0555	660	661.35	981.64	
777444	63	629.9	698.8	540.5	698.5	382.8	0.69	4.58	0	1,734	35	1.12	5.5	20.8	0.0	0.0	18.89	27	1.2758	2.0555	660	660.93	980.62	
778032	63	629.9	697.5	540.1	697.5	382.5	0.56	4.58	0	1,754	34	2.44	5.5	20.8	0.0	0.0	12.82	27	1.2758	2.0555	660	660.44	978.52	
778594	63	629.9	696.8	539.8	696.5	381.8	1.94	4.58	0	2,102	34	1.38	5.5	20.8	0.0	0.0	12.07	27	1.2758	2.0555	660	660.13	968.91	
779138	63	629.9	696.5	539.3	696.2	382.2	2.44	4.58	0	2,480	32	1.94	5.5	20.8	0.0	0.0	14.55	27	1.2758	2.0555	655	659.64	965.86	
779691	63	629.8	695.5	538.8	694.8	382.2	1.56	4.58	0	2,305	29	1.38	5.5	20.8	0.0	0.0	20.11	27	1.2758	2.0555	655	659.33	980.00	
780221	63	629.9	694.5	538.2	694.5	381.8	1.75	4.58	0	1,975	26	1.38	5.5	20.8	0.0	0.0	20.41	27	1.2758	2.0555	655	658.94	984.69	
780809	63	630.0	693.5	537.6	693.2	381.5	0.69	4.58	0	1,750	21	1.38	5.5	20.8	0.0	0.0	19.71	27	1.2758	2.0555	655	658.63	982.66	
781340	63	630.2	692.5	537.0	692.2	381.5	0.38	4.58	0	1,402	17	1.12	5.5	20.8	0.0	0.0	19.24	27	1.2758	2.0555	655	658.23	979.77	
781940	63	630.4	691.8	536.3	691.5	381.2	1.44	4.58	0	1,079	13	0.31	5.5	20.8	0.0	0.0	13.17	27	1.2758	2.0555	655	657.93	972.34	
782465	63	630.5	690.8	535.8	690.5	380.8	0.88	4.58	0	833	10	0.00	5.5	20.8	0.0	0.0	15.59	27	1.2758	2.0555	655	657.65	967.73	
783027	63	630.6	689.8	535.3	689.5	380.8	1.44	4.58	0	787	8	0.31	5.5	20.8	0.0	0.0	19.69	27	1.2758	2.0555	655	657.25	964.14	
783717	63	630.6	688.5	534.8	688.5	380.8	1.25	4.58	0	819	7	0.31	5.5	20.8	0.0	0.0	19.88	27	1.2758	2.0555	655	656.85	961.80	
784253	64	630.6	687.5	534.0	687.2	380.5	1.25	4.58	0	785	6	0.31	5.5	20.8	0.0	0.0	20.25	27	1.2758	2.0555	655	656.55	961.02	
784833	64	630.5	686.2	533.3	685.8	380.2	1.25	4.58	0	692	5	0.31	5.5	20.8	0.0	0.0	35.72	27	1.2758	2.0555	655	656.24	959.38	
785411	64	630.3	684.2	532.5	684.5	379.8	1.44	4.58	0	890	6	1.12	5.5	20.8	0.0	0.0	25.92	27	1.2758	2.0555	655	655.84	962.58	
785949	64	630.1	683.2	531.5	683.2	379.5	1.44	4.58	0	996	7	0.56	5.5	20.8	0.0	0.0	23.93	27	1.2758	2.0555	655	655.54	962.11	
786513	64	629.7	682.5	531.1	682.5	379.5	1.25	4.58	0	1,088	7	0.56	5.5	20.8	0.0	0.0	27.33	27	1.2758	2.0555	655	655.14	956.56	
787049	64	629.4	681.2	530.5	681.2	379.2	2.12	4.58	0	1,404	8	2.75	5.5	20.8	0.0	0.0	51.42	27	1.2758	2.0555	650	654.74	965.78	
787596	64	628.7	680.2	529.5	680.2	378.8	1.44	4.58	0	1,498	10	2.75	5.5	20.8	0.0	0.0	23.11	27	1.2758	2.0555	650	654.34	979.77	
788171	63	628.0	679.5	529.3	679.2	379.5	0.88	4.58	0	1,179	10	0.56	5.5	20.8	0.0	0.0	17.39	27	1.2758	2.0555	650	653.94	968.36	
788706	63	627.5	679.2	529.0	679.2	379.2	1.44	4.58	0	991	9	0.56	5.5	20.8	0.0	0.0	21.89	27	1.2758	2.0555	650	653.64	964.06	
789245	63	626.8	678.5	528.5	678.8	378.5	1.25	4.58	0	1,124	7	0.81	5.5	20.8	0.0	0.0	19.22	27	1.2758	2.0555	650	653.24	962.73	
789781	63	626.2	678.5	528.5	678.8	378.8	1.25	4.58	0	1,136	5	0.56	5.5	20.8	0.0	0.0	20.13	27	1.2758	2.0555	650	652.94	962.42	
790363	63	625.5	678.2	528.1	677.8	378.5	1.75	4.58	0	986	5	0.81	5.5	20.8	0.0	0.0	26.11	27	1.2758	2.0555	650	652.44	964.53	
790952	63	624.8	677.5	527.8	677.5	378.5	1.25	4.58	0	1,078	3	0.81	5.5	20.8	0.0	0.0	21.61	27	1.2758	2.0555	650	652.05	965.08	
791508	63	624.1	677.5	527.7	676.8	378.2	1.25	4.58	0	1,083	2	0.56	5.5	20.8	0.0	0.0	19.90	27	1.2758	2.0555	650	651.74	963.83	
792079	63	623.4	676.5	527.5	676.5	378.2	2.12	4.58	0	981	3	1.62	5.5	20.8	0.0	0.0	39.80	27	1.2758	2.0555	650	651.34	970.70	
792796	63	622.4	676.2	527.3	676.2	378.2	1.56	4.58	0	929	4	1.12	5.5	20.8	0.0	0.0	39.35	27	1.2758	2.0555	650	650.85	973.05	
793377	63	621.5	676.2	526.5	675.8	377.8	1.56	4.58	0	962	5	1.12	5.5	20.8	0.0	0.0	35.13	27	1.2758	2.0555	650	650.33	978.44	
793902	63	620.6	675.2	526.5	675.5	377.5	1.44	4.58	0	1,018	4	0.81	5.5	20.8	0.0	0.0	29.20	27	1.2758	2.0555	650	650.03	976.64	
794431	63	619.7	675.2	526.3	675.5	377.5	1.44	4.58	0	1,009	4	1.38	5.5	20.8	0.0	0.0	28.88	27	1.2758	2.0555	645	649.54	975.39	
794951	63	618.9	674.8	526.0	675.2	377.5	1.44	4.58	0	1,001	3	1.12	5.5	20.8	0.0	0.0	28.01	27	1.2758	2.0555	645	649.23	972.27	
795578	63	617.8	674.5	525.8	674.5	377.2	1.44	4.58	0	1,113	4	1.12	5.5	20.8	0.0	0.0	35.39	27	1.2758	2.0555	645	648.74	966.95	
796115	63	616.9	674.5	525.5	674.5	377.5	2.25	4.58	0	1,457	5	3.25	5.5	20.8	0.0	0.0	48.84	27	1.2758	2.0555	645	648.34	984.61	
796682	63	615.6	674.2	525.5	674.2	377.2	1.94	4.58	0	1,479	9	3.81	5.5	20.8	0.0	0.0	41.20	27	1.2758	2.0555	645	647.73	1,013.20	
797223	63	614.3	673.8	525.5	674.2	376.8	1.44	4.58	0	1,374	11	1.62	5.5	20.8	0.0	0.0	28.01	27	1.2758	2.0555	645	647.15	995.86	
797760	63	613.3	674.2	525.6	674.5	376.8	1.56	4.58	0	1,485	11	1.62	5.5	20.8	0.0	0.0	30.77	27	1.2758	2.0555	645	646.75	985.23	
798295	63	612.1	674.8	525.6	674.5	376.8	2.12	4.58	0	1,439	12	3.50	5.5	20.8	0.0	0.0	51.70	27	1.2758	2.0555	645	646.14	996.48	
798815	62	610.6	675.5	526.1	675.5	376.8	2.25	4.58	0	1,398	14	4.62	5.5	20.8	0.0	0.0	55.08	27	1.2758	2.0555	645	645.53	1,028.75	
799353	62	609.3	676.2	526.3	676.2	376.5	2.25	4.58	0	1,359	16	4.88	5.5	20.8	0.0	0.0	57.38	27	1.2758	2.0555	640	644.73	1,047.03	
799916	62	607.5	676.8	526.6	676.5	377.2	2.62	4.58	0	1,425	18	5.69	5.5	20.8	0.0	0.0	54.00	27	1.2758	2.0555	640	643.94	1,062.11	
800481	62	605.9	677.5	527.1	677.5	376.8	2.62	4.58	0	1,564	20	5.12	5.5	20.8	0.0	0.0	47.93	27	1.2758	2.0555	640	643.05	1,058.83	
801109	62	604.5	678.8	527.8	679.2	377.2	2.62	4.58	0	1,663	22	4.31	5.5	20.8	0.0	0.0	43.71	27	1.2758	2.0555	640	642.04	1,046.88	
801628	61	602.9	679.8	528.6	679.8	377.2	3.00	4.58	0	1,799	23	4.62	5.5	20.8	0.0	0.0	44.53	28	1.2758	2.0555	640	640.94	1,049.53	
802149	61	601.2	681.5	529.2	681.8	377.5	3.31	4.58	0	1,919	25	5.12	5.5	20.8	0.0	0.0	43.80	28	1.2758	2.0555	640	640.05	1,060.94	
802735	61	599.5	683.2	530.3	683.2	377.5	3.81	4.58	0	2,053	26	4.88	5.5	20.8	0.0	0.0	40.55	28	1.2758	2.0555	635	638.85	1,000.31	
803276	60	598.1	684.5	531.0	684.8	377.8	3.69	4.58	0	2,153	28	5.44	5.5	20.8	0.0	0.0	39.73	28	1.2758	2.0555	635	637.75	970.31	
803838	60	596.6	686.5	532.2	686.5	377.8	3.69	4.58	0	2,255	29	5.94	5.5	20.8	0.0	0.0	38.30	28	1.2758	2.0555	635	636.44	965.39	
804352	60	595.4	688.2	532.8	688.5	378.2	3.12	4.58	0	2,332	30	5.12	5.5	20.8	0.0	0.0	33.80	28	1.2758	2.0555	635	635.33	969.45	
804885	60	594.2	689.8	533.7	689.8	378.5	1.44	4.58	0	2,332	30	1.38	5.5	20.8	0.0	0.0	12.07	28	1.2758	2.0555	630	634.44	962.58	
805473	59	593.2	691.5	535.0	691.5	378.8	1.75	4.58	0	2,277	30	1.12	5.5	20.8	0.0	0.0	12.05	28	1.2758	2.0555	630	633.44	958.91	
806035	59	592.4	693.5	536.1	693.5	378.8	1.56	4.58	0	2,118	28	0.00	5.5	20.8	0.0	0.0	17.79	28	1.2758	2.0555	630	632.55	967.19	
806569	60	591.7	694.2	537.0	694.5	379.2	1.25	4.58	0	2,168	27	1.38	5.5	20.8	0.0	0.0	13.85	28	1.2758	2.0555	630	631.84	968.12	
807124	60	591.0	695.5	537.5	695.5	379.2	1.94	4.58	0	2,157	27	2.19	5.5	20.8	0.0	0.0	27.54	28	1.2758	2.0555	630	631.05	953.05	
807573	60	590.5	695.8	537.8	696.2	379.5	2.44	4.58	0	2,171	28	2.19	5.5	20.8	0.0	0.0	17.81	28	1.2758	2.0555	630	630.25	959.84	
808110	60	589.9	696.2	537.8	696.5	379.8	1.44	4.58	0	2,123	28	0.56	5.5	20.8	0.0	0.0	11.88	28	1.2758	2.0555	625	629.55	959.77	
808639	60	589.3	696.5	538.1	696.5	379.8	2.12	4.58	0	2,159	28	0.56	5.5	20.8	0.0	0.0	11.79	28	1.2758	2.0555	625	628.75	958.05	
809204	60	588.8	697.5	538.7	696.8	379.8	1.75	4.58	0	2,053	27	1.38	5.5	20.8	0.0	0.0	18.49	28	1.2758	2.0555	625	628.14	968.20	
809823	61	588.5	696.8	538.8	697.2	380.5	1.94	4.58	0	2,067	27	1.38	5.5	20.8	0.0	0.0	18.91	28	1.2758	2.0555	625	627.44	981.48	
810389	61	588.2	696.8	538.6	696.5	380.8	2.44	4.58	0	2,031	26	1.38	5.5	20.8	0.0	0.0	20.30	28	1.2758	2.0555	625	626.73	964.69	
810910	61	587.9	696.5	538.5	696.2	380.5	3.00	4.58	0	2,092	27	3.81	5.5	20.8	0.0	0.0	34.99	28	1.2758	2.0555	625	626.15	961.56	
811434	61	587.5	695.8	538.5	695.8	381.2	1.56	4.58	0	2,202	28	1.94	5.5	20.8	0.0	0.0	12.30	28	1.2758	2.0555	625	625.35	959.84	
811976	61	587.2	695.2	538.2	695.8	381.2	1.94	4.58	0	2,200	29	1.12	5.5	20.8	0.0	0.0	11.77	28	1.2758	2.0555	620	624.74	959.92	
812545	61	586.8	694.8	538.0	694.8	381.2	1.75	4.58	0	2,101	27	0.31	5.5	20.8	0.0	0.0	15.54	28	1.2758	2.0555	620	624.13	961.56	
813112	61	586.6	694.8	538.1	694.8	381.5	1.06	4.58	0	1,821	23	0.81	5.5	20.8	0.0	0.0	18.96	28	1.2758	2.0555	620	623.64	970.70	
813707	61	586.5	694.2	537.6	694.2	381.8	0.38	4.58	0	1,691	21	1.38	5.5	20.8	0.0	0.0	18.66	28	1.2758	2.0555	620	623.15	975.55	
814239	62	586.6	693.5	537.6	693.5	381.8	0.38	4.58	0	1,613	21	1.38	5.5	20.8	0.0	0.0	18.61	28	1.2758	2.0555	620	622.63	977.03	
814776	62	586.8	692.5	537.3	692.5	381.5	0.19	4.58	0	1,581	20	1.38	5.5	20.8	0.0	0.0	12.77	28	1.2758	2.0555	620	622.23	977.58	
815346	62	587.0	691.5	536.8	691.2	382.2	1.56	4.58	0	1,567	20	1.12	5.5	20.8	0.0	0.0	11.93	28	1.2758	2.0555	620	621.74	971.02	
815789	62	587.1	690.8	536.7	690.5	382.2	1.25	4.58	0	1,566	20	0.81	5.5	20.8	0.0	0.0	13.95	28	1.2758	2.0555	620	621.53	969.61	
816333	62	587.3	689.8	536.0	689.8	382.2	0.38	4.58	0	1,428	20	1.12	5.5	20.8	0.0	0.0	18.54	28	1.2758	2.0555	620	621.13	972.89	
816882	62	587.5	688.5	535.5	688.2	382.5	0.38	4.58	0	1,440	19	1.94	5.5	20.8	0.0	0.0	11.60	28	1.2758	2.0555	620	620.85	972.50	
817462	62	587.7	686.8	534.8	686.8	382.5	1.06	4.58	0	1,545	19	1.38	5.5	20.8	0.0	0.0	22.27	28	1.2758	2.0555	620	620.43	966.25	
818018	63	587.9	685.5	534.1	685.8	382.5	1.56	4.58	0	1,585	21	1.94	5.5	20.8	0.0	0.0	29.02	28	1.2758	2.0555	620	620.03	968.52	
818647	63	588.0	684.5	533.5	684.2	382.8	2.44	4.58	0	1,730	22	2.75	5.5	20.8	0.0	0.0	37.76	28	1.2758	2.0555	615	619.44	983.98	
819169	63	588.0	683.5	533.2	682.8	383.2	2.62	4.58	0	1,876	24	3.50	5.5	20.8	0.0	0.0	38.62	28	1.2758	2.0555	615	618.93	1,004.77	
819722	63	587.7	682.2	533.0	681.8	383.2	3.31	4.58	0	2,063	27	3.50	5.5	20.8	0.0	0.0	37.08	28	1.2758	2.0555	615	618.44	980.16	
820262	62	587.3	681.2	532.5	681.2	383.5	3.12	4.58	0	2,237	29	4.62	5.5	20.8	0.0	0.0	37.48	28	1.2758	2.0555	615	617.73	963.28	
820777	62	586.8	681.2	532.1	681.2	383.8	3.50	4.58	0	2,341	31	5.69	5.5	20.8	0.0	0.0	38.34	28	1.2758	2.0555	615	617.15	955.70	
821305	62	586.3	681.5	532.3	680.8	383.8	3.81	4.58	0	2,505	32	6.50	5.5	20.8	0.0	0.0	36.19	28	1.2758	2.0555	615	616.44	957.81	
821904	61	585.5	681.5	533.0	681.5	384.2	3.12	4.58	0	2,632	34	5.12	5.5	20.8	0.0	0.0	28.97	28	1.2758	2.0555	615	615.65	960.86	
822446	61	584.7	682.2	533.3	682.2	384.5	3.00	4.58	0	2,742	35	4.06	5.5	20.8	0.0	0.0	28.05	28	1.2758	2.0555	610	614.73	957.81	
822982	61	583.9	682.5	533.6	682.5	385.2	2.44	4.58	0	2,759	36	3.50	5.5	20.8	0.0	0.0	24.00	28	1.2758	2.0555	610	614.03	957.34	
823504	61	583.3	683.8	534.3	683.8	385.2	2.44	4.58	0	2,814	36	3.81	5.5	20.8	0.0	0.0	24.68	28	1.2758	2.0555	610	613.44	956.33	
824030	60	582.6	684.5	534.5	684.5	385.2	1.75	4.58	0	2,810	37	3.25	5.5	20.8	0.0	0.0	13.69	28	1.2758	2.0555	610	612.65	959.53	
824563	60	582.0	685.5	535.3	685.5	385.5	1.56	4.58	0	2,806	36	3.25	5.5	20.8	0.0	0.0	19.76	28	1.2758	2.0555	610	612.04	953.20	
825091	60	581.5	685.8	535.8	686.2	385.8	2.12	4.58	0	2,808	36	3.25	5.5	20.8	0.0	0.0	22.71	28	1.2758	2.0555	610	611.43	952.34	
825632	60	580.9	686.8	536.5	686.8	386.2	2.44	4.58	0	2,827	36	3.50	5.5	20.8	0.0	0.0	24.73	28	1.2758	2.0555	610	610.63	952.34	
826184	60	580.3	687.5	537.0	687.5	386.5	1.94	4.58	0	2,868	37	3.50	5.5	20.8	0.0	0.0	19.20	28	1.2758	2.0555	610	610.05	957.03	
826804	60	579.9	688.2	537.3	688.2	386.8	1.25	4.58	0	2,878	37	3.00	5.5	20.8	0.0	0.0	13.10	28	1.2758	2.0555	605	609.34	958.59	
827328	60	579.4	688.5	537.8	688.5	387.2	3.69	4.58	0	2,862	36	3.25	5.5	20.8	0.0	0.0	25.99	28	1.2758	2.0555	605	608.73	945.94	
827888	60	578.9	689.2	538.2	689.2	387.5	3.00	4.58	0	2,873	37	4.62	5.5	20.8	0.0	0.0	27.59	28	1.2758	2.0555	605	608.15	961.02	
828422	60	578.5	689.2	538.5	689.5	387.5	1.25	4.58	0	2,857	37	2.75	5.5	20.8	0.0	0.0	10.95	28	1.2758	2.0555	605	607.44	960.86	
829002	60	578.2	689.5	538.6	689.8	387.8	3.00	4.58	0	2,827	37	2.44	5.5	20.8	0.0	0.0	11.23	28	1.2758	2.0555	605	607.05	959.45	
829443	60	577.9	690.2	539.0	690.5	387.8	-3.94	4.58	0	2,690	36	1.94	5.5	20.8	0.0	0.0	17.86	28	1.2758	2.0555	605	606.53	966.25	
829993	60	577.7	689.8	539.0	690.2	388.2	1.44	4.58	0	2,658	35	2.19	5.5	20.8	0.0	0.0	18.91	28	1.2758	2.0555	605	606.13	985.00	
830511	61	577.6	689.8	538.8	689.5	388.2	8.38	4.58	0	2,570	33	2.75	5.5	20.8	0.0	0.0	11.77	28	1.2758	2.0555	605	605.73	992.73	
831032	61	577.6	689.5	538.8	689.5	388.2	1.75	4.58	0	2,552	33	2.19	5.5	20.8	0.0	0.0	12.61	28	1.2758	2.0555	605	605.24	975.08	
831598	61	577.6	689.2	538.8	688.8	388.5	2.12	4.58	0	2,537	33	2.75	5.5	20.8	0.0	0.0	24.38	28	1.2758	2.0555	600	604.84	957.42	
832134	61	577.5	688.2	538.5	687.8	388.5	2.62	4.58	0	2,538	33	2.19	5.5	20.8	0.0	0.0	13.41	28	1.2758	2.0555	600	604.35	960.47	
832669	61	577.4	687.5	538.3	687.5	388.8	1.56	4.58	0	2,479	32	1.62	5.5	20.8	0.0	0.0	11.93	28	1.2758	2.0555	600	603.93	960.08	
833227	61	577.2	686.8	538.0	686.8	389.2	1.56	4.58	0	2,371	31	1.62	5.5	20.8	0.0	0.0	9.80	28	1.2758	2.0555	600	603.53	959.45	
833811	61	577.2	686.2	538.0	686.5	389.2	1.56	4.58	0	2,192	28	1.12	5.5	20.8	0.0	0.0	18.89	28	1.2758	2.0555	600	603.25	972.81	
834377	62	577.3	685.5	537.6	685.5	389.2	1.56	4.58	0	1,933	24	0.81	5.5	20.8	0.0	0.0	19.10	28	1.2758	2.0555	600	602.85	979.61	
834950	62	577.6	684.8	537.3	684.5	389.2	0.69	4.58	0	1,730	22	1.38	5.5	20.8	0.0	0.0	18.80	28	1.2758	2.0555	600	602.55	980.62	
835597	62	578.0	683.5	536.5	683.5	389.5	0.38	4.58	0	1,470	19	1.12	5.5	20.8	0.0	0.0	18.66	28	1.2758	2.0555	600	602.33	979.22	
836115	62	578.4	682.5	536.1	682.5	389.5	0.69	4.58	0	1,242	16	0.81	5.5	20.8	0.0	0.0	17.98	28	1.2758	2.0555	600	602.15	976.64	
836649	62	578.9	681.5	535.5	681.5	389.5	1.75	4.58	0	1,136	14	0.81	5.5	20.8	0.0	0.0	12.54	28	1.2758	2.0555	600	601.94	972.66	
837175	62	579.3	680.2	534.8	680.2	389.5	1.44	4.58	0	1,016	12	0.31	5.5	20.8	0.0	0.0	13.73	28	1.2758	2.0555	600	601.75	968.12	
837733	62	579.7	678.8	534.3	678.5	389.5	1.25	4.58	0	912	11	0.31	5.5	20.8	0.0	0.0	14.62	28	1.2758	2.0555	600	601.54	964.53	
838247	62	580.0	677.2	533.8	676.8	389.8	1.25	4.58	0	825	10	0.31	5.5	20.8	0.0	0.0	25.55	28	1.2758	2.0555	600	601.35	961.95	
838845	63	580.3	675.5	532.8	675.5	389.5	1.44	4.58	0	977	10	0.81	5.5	20.8	0.0	0.0	24.52	28	1.2758	2.0555	600	601.14	962.73	
839380	63	580.5	674.5	532.1	674.2	389.8	1.25	4.58	0	1,089	10	0.56	5.5	20.8	0.0	0.0	20.53	28	1.2758	2.0555	600	601.05	962.81	
839939	63	580.7	672.5	531.1	672.5	390.2	1.25	4.58	0	1,049	9	0.56	5.5	20.8	0.0	0.0	21.52	28	1.2758	2.0555	600	600.83	963.05	
840454	63	580.8	671.5	530.6	670.8	389.5	1.25	4.58	0	976	8	0.56	5.5	20.8	0.0	0.0	22.66	28	1.2758	2.0555	600	600.65	961.48	
840979	63	580.9	669.8	529.8	669.8	390.2	1.56	4.58	0	947	7	0.81	5.5	20.8	0.0	0.0	24.89	28	1.2758	2.0555	600	600.44	962.81	
841546	63	580.9	668.5	529.0	668.2	389.5	1.44	4.58	0	1,013	7	0.81	5.5	20.8	0.0	0.0	26.11	28	1.2758	2.0555	600	600.25	962.81	
842109	63	580.9	666.8	528.3	666.8	389.8	1.25	4.58	0	1,086	7	0.81	5.5	20.8	0.0	0.0	23.11	28	1.2758	2.0555	600	600.13	964.14	
842636	63	580.9	665.2	527.7	665.5	389.8	1.44	4.58	0	1,072	7	0.81	5.5	20.8	0.0	0.0	23.16	28	1.2758	2.0555	600	599.94	964.14	
843169	63	580.8	664.5	526.8	664.5	389.8	1.25	4.58	0	1,064	7	0.56	5.5	20.8	0.0	0.0	24.16	28	1.2758	2.0555	595	599.73	962.81	
843709	63	580.7	663.2	526.5	662.8	389.8	1.56	4.58	0	1,126	7	1.12	5.5	20.8	0.0	0.0	22.97	28	1.2758	2.0555	595	599.64	965.31	
844382	63	580.6	661.8	526.0	661.5	389.8	1.44	4.58	0	1,163	8	0.81	5.5	20.8	0.0	0.0	27.87	28	1.2758	2.0555	595	599.33	965.08	
844897	63	580.5	660.8	525.3	660.5	389.8	1.44	4.58	0	1,213	8	1.12	5.5	20.8	0.0	0.0	29.06	28	1.2758	2.0555	595	599.24	965.23	
845413	63	580.2	659.5	524.8	659.8	389.8	1.56	4.58	0	1,247	9	1.12	5.5	20.8	0.0	0.0	28.59	28	1.2758	2.0555	595	599.03	967.58	
845955	63	580.0	659.2	524.3	658.5	389.5	1.56	4.58	0	1,239	10	1.12	5.5	20.8	0.0	0.0	29.37	28	1.2758	2.0555	595	598.84	968.12	
846534	63	579.7	658.2	523.6	657.8	389.8	1.44	4.58	0	1,252	12	1.12	5.5	20.8	0.0	0.0	28.92	28	1.2758	2.0555	595	598.63	968.91	
847123	63	579.3	657.2	523.6	656.8	389.8	1.44	4.58	0	1,242	13	1.12	5.5	20.8	0.0	0.0	30.75	28	1.2758	2.0555	595	598.44	970.62	
847705	63	579.0	656.8	523.1	656.5	389.8	1.25	4.58	0	1,051	14	0.56	5.5	20.8	0.0	0.0	19.38	28	1.2758	2.0555	595	598.23	964.14	
848244	63	578.6	655.8	523.0	655.8	389.8	1.25	4.58	0	1,089	14	0.56	5.5	20.8	0.0	0.0	18.30	28	1.2758	2.0555	595	598.14	962.11	
848777	63	578.3	655.8	522.6	655.2	390.2	1.25	4.58	0	1,105	14	0.56	5.5	20.8	0.0	0.0	18.35	28	1.2758	2.0555	595	597.93	961.17	
849299	63	578.0	654.5	522.3	654.5	389.5	1.25	4.58	0	1,122	14	0.56	5.5	20.8	0.0	0.0	16.48	28	1.2758	2.0555	595	597.83	960.78	
849820	63	577.7	653.8	522.2	654.2	390.2	1.25	4.58	0	1,127	14	0.56	5.5	20.8	0.0	0.0	16.71	28	1.2758	2.0555	595	597.65	962.73	
850356	63	577.4	653.5	521.8	653.2	390.2	1.25	4.58	0	1,117	14	0.56	5.5	20.8	0.0	0.0	16.55	28	1.2758	2.0555	595	597.53	962.03	
850913	63	577.0	652.5	521.1	652.5	390.2	1.06	4.58	0	1,072	13	0.56	5.5	20.8	0.0	0.0	17.55	28	1.2758	2.0555	595	597.34	962.03	
851454	63	576.7	651.8	520.8	651.5	390.2	1.25	4.58	0	995	12	0.31	5.5	20.8	0.0	0.0	18.47	28	1.2758	2.0555	595	597.25	960.86	
852003	63	576.4	650.8	520.5	650.8	390.2	1.25	4.58	0	1,002	11	0.81	5.5	20.8	0.0	0.0	22.64	28	1.2758	2.0555	595	597.13	961.25	
852654	63	576.0	649.5	519.8	649.5	389.8	1.25	4.58	0	1,066	11	0.56	5.5	20.8	0.0	0.0	21.77	28	1.2758	2.0555	595	596.94	962.42	
853204	63	575.7	648.8	519.3	648.8	390.2	1.25	4.58	0	1,047	11	0.56	5.5	20.8	0.0	0.0	19.83	28	1.2758	2.0555	595	596.73	962.42	
853821	63	575.2	647.5	518.6	647.5	390.2	1.44	4.58	0	937	9	0.31	5.5	20.8	0.0	0.0	19.80	28	1.2758	2.0555	595	596.55	962.03	
854343	63	574.9	646.2	518.0	646.5	390.2	1.06	4.58	0	796	8	0.31	5.5	20.8	0.0	0.0	30.98	28	1.2758	2.0555	595	596.43	960.23	
854903	63	574.5	645.8	517.8	645.5	389.8	1.56	4.58	0	835	9	1.12	5.5	20.8	0.0	0.0	28.15	28	1.2758	2.0555	595	596.33	961.88	
855432	64	574.2	644.5	517.3	644.2	389.5	1.25	4.58	0	898	9	0.56	5.5	20.8	0.0	0.0	30.87	28	1.2758	2.0555	595	596.15	961.02	
855951	64	573.8	643.5	516.6	643.5	389.8	1.44	4.58	0	1,035	10	0.81	5.5	20.8	0.0	0.0	24.30	28	1.2758	2.0555	595	595.94	963.98	
856551	63	573.3	642.8	516.5	642.8	389.8	1.44	4.58	0	1,065	11	0.56	5.5	20.8	0.0	0.0	22.50	28	1.2758	2.0555	595	595.84	963.28	
857104	63	572.9	642.2	515.6	641.8	389.8	1.44	4.58	0	1,146	11	0.81	5.5	20.8	0.0	0.0	27.38	28	1.2758	2.0555	595	595.63	963.52	
857644	64	572.5	640.8	515.3	641.2	389.8	1.44	4.58	0	1,160	12	0.81	5.5	20.8	0.0	0.0	26.81	28	1.2758	2.0555	595	595.44	964.30	
858209	64	572.0	640.2	515.3	640.2	389.8	1.56	4.58	0	1,117	13	1.12	5.5	20.8	0.0	0.0	32.62	28	1.2758	2.0555	595	595.35	966.33	
858770	64	571.4	639.8	514.6	639.8	389.8	1.56	4.58	0	1,173	15	1.12	5.5	20.8	0.0	0.0	34.62	28	1.2758	2.0555	595	595.14	968.05	
859295	64	570.9	638.8	514.3	638.8	389.8	1.75	4.58	0	1,270	16	1.62	5.5	20.8	0.0	0.0	39.16	28	1.2758	2.0555	595	594.93	970.23	
859792	64	570.3	638.5	514.5	638.5	389.8	2.12	4.58	0	1,368	18	3.00	5.5	20.8	0.0	0.0	41.84	28	1.2758	2.0555	590	594.74	983.67	
860361	63	569.6	638.2	514.0	638.2	389.8	2.25	4.58	0	1,486	19	3.25	5.5	20.8	0.0	0.0	41.88	28	1.2758	2.0555	590	594.44	997.73	
860913	63	568.7	638.2	514.0	637.8	390.2	2.25	4.58	0	1,639	21	3.25	5.5	20.8	0.0	0.0	39.66	28	1.2758	2.0555	590	594.13	1,006.95	
861590	63	567.7	637.8	514.0	638.2	390.2	2.62	4.58	0	1,774	23	3.50	5.5	20.8	0.0	0.0	41.79	28	1.2758	2.0555	590	593.73	1,017.97	
862140	63	566.7	637.8	514.0	638.2	390.2	3.50	4.58	0	1,925	25	5.44	5.5	20.8	0.0	0.0	47.11	28	1.2758	2.0555	590	593.24	1,054.45	
862686	62	565.4	638.5	514.3	638.5	390.5	4.56	4.58	0	2,105	27	5.94	5.5	20.8	0.0	0.0	43.97	28	1.2758	2.0555	590	592.84	991.72	
863246	62	564.3	639.2	514.5	639.2	390.5	3.81	4.58	0	2,253	29	5.94	5.5	20.8	0.0	0.0	40.45	28	1.2758	2.0555	590	592.23	971.95	
863834	62	563.0	640.2	515.0	639.8	390.5	3.50	4.58	0	2,411	31	5.94	5.5	20.8	0.0	0.0	37.76	28	1.2758	2.0555	590	591.53	962.73	
864368	61	561.9	640.8	515.6	640.8	390.8	3.31	4.58	0	2,473	32	5.12	5.5	20.8	0.0	0.0	25.05	28	1.2758	2.0555	590	590.94	966.33	
864892	61	561.0	641.5	516.1	641.5	390.8	2.12	4.58	0	2,534	32	2.44	5.5	20.8	0.0	0.0	21.33	28	1.2758	2.0555	590	590.43	959.06	
865436	61	560.2	642.8	516.6	642.5	390.8	2.25	4.58	0	2,578	33	3.00	5.5	20.8	0.0	0.0	24.56	28	1.2758	2.0555	585	589.75	955.47	
866017	61	559.3	643.8	517.5	643.8	390.5	2.44	4.58	0	2,596	34	3.25	5.5	20.8	0.0	0.0	22.69	28	1.2758	2.0555	585	589.23	956.95	
866556	61	558.7	644.5	517.8	644.5	391.5	1.44	4.58	0	2,616	34	2.19	5.5	20.8	0.0	0.0	11.77	28	1.2758	2.0555	585	588.65	960.31	
867146	60	558.1	645.8	518.5	645.8	391.5	1.06	4.58	0	2,556	33	2.44	5.5	20.8	0.0	0.0	19.73	28	1.2758	2.0555	585	588.04	949.92	
867660	61	557.5	646.5	519.1	646.5	391.5	2.62	4.58	0	2,610	34	3.50	5.5	20.8	0.0	0.0	29.51	28	1.2758	2.0555	585	587.55	947.34	
868197	61	557.0	647.2	519.5	647.5	391.5	2.81	4.58	0	2,677	35	4.06	5.5	20.8	0.0	0.0	29.55	28	1.2758	2.0555	585	586.94	949.92	
868736	61	556.5	648.2	519.6	647.8	391.8	3.12	4.58	0	2,772	36	4.31	5.5	20.8	0.0	0.0	24.35	28	1.2758	2.0555	585	586.35	956.48	
869315	61	556.0	648.5	520.0	648.5	392.2	1.94	4.58	0	2,820	36	3.50	5.5	20.8	0.0	0.0	19.62	28	1.2758	2.0555	585	585.74	959.45	
869841	61	555.7	648.8	520.6	649.2	392.2	1.75	4.58	0	2,835	37	3.25	5.5	20.8	0.0	0.0	21.61	28	1.2758	2.0555	585	585.13	952.50	
870479	61	555.4	649.8	521.1	649.8	392.5	2.81	4.58	0	2,879	37	4.06	5.5	20.8	0.0	0.0	27.68	28	1.2758	2.0555	580	584.55	948.12	
871016	61	555.1	650.5	521.5	651.2	392.5	3.69	4.58	0	2,925	38	6.25	5.5	20.8	0.0	0.0	15.59	28	1.2758	2.0555	580	583.94	960.31	
871545	60	554.9	651.2	522.1	651.2	392.8	2.44	4.58	0	2,892	38	3.25	5.5	20.8	0.0	0.0	8.60	28	1.2758	2.0555	580	583.44	961.88	
872126	60	554.8	651.8	522.3	651.8	393.2	1.44	4.58	0	2,278	37	0.81	5.5	20.8	0.0	0.0	18.91	28	1.2758	2.0555	580	582.93	978.05	
872700	61	554.8	652.5	522.8	652.2	393.2	0.88	4.58	0	1,842	36	1.12	5.5	20.8	0.0	0.0	18.56	28	1.2758	2.0555	580	582.65	982.19	
873250	61	554.9	652.5	522.8	652.5	393.5	1.25	4.58	0	1,996	35	0.00	5.5	20.8	0.0	0.0	12.23	28	1.2758	2.0555	580	582.13	976.56	
873807	61	555.1	652.5	523.0	652.5	393.8	1.25	4.58	0	2,250	33	1.38	5.5	20.8	0.0	0.0	11.72	28	1.2758	2.0555	580	581.85	966.48	
874347	61	555.2	652.5	523.0	652.5	393.5	-0.06	4.58	0	2,474	32	1.62	5.5	20.8	0.0	0.0	18.05	28	1.2758	2.0555	580	581.43	971.17	
874901	61	555.4	652.5	522.8	652.5	393.8	1.56	4.58	0	2,302	30	1.62	5.5	20.8	0.0	0.0	19.17	28	1.2758	2.0555	580	581.15	984.30	
875464	62	555.8	652.2	523.0	652.2	394.2	1.75	4.58	0	2,109	27	1.12	5.5	20.8	0.0	0.0	19.45	28	1.2758	2.0555	580	580.94	989.77	
875992	62	556.4	651.8	522.8	651.5	394.2	1.44	4.58	0	1,952	24	0.56	5.5	20.8	0.0	0.0	19.20	28	1.2758	2.0555	580	580.63	988.83	
876582	62	557.0	651.2	522.7	650.8	394.2	0.56	4.58	0	1,719	21	1.38	5.5	20.8	0.0	0.0	18.56	28	1.2758	2.0555	580	580.44	985.39	
877123	62	557.7	650.8	522.3	650.5	394.2	0.38	4.58	0	1,503	19	1.38	5.5	20.8	0.0	0.0	18.35	28	1.2758	2.0555	580	580.35	982.58	
877656	62	558.4	649.8	522.0	649.8	394.2	0.56	4.58	0	1,308	17	1.12	5.5	20.8	0.0	0.0	18.40	28	1.2758	2.0555	580	580.14	979.53	
878265	63	559.1	649.2	521.6	649.2	394.2	0.88	4.58	0	1,169	15	0.56	5.5	20.8	0.0	0.0	18.28	28	1.2758	2.0555	580	580.05	976.02	
878927	63	559.9	648.2	521.3	647.8	394.5	1.25	4.58	0	1,056	14	0.56	5.5	20.8	0.0	0.0	11.65	28	1.2758	2.0555	580	579.83	969.84	
879457	63	560.4	647.2	520.7	647.5	394.2	1.44	4.58	0	1,065	13	0.56	5.5	20.8	0.0	0.0	15.45	28	1.2758	2.0555	575	579.74	966.95	
880027	63	561.0	645.8	520.3	645.8	394.5	1.25	4.58	0	1,030	13	0.31	5.5	20.8	0.0	0.0	17.72	28	1.2758	2.0555	575	579.65	963.83	
880609	63	561.5	644.8	519.5	644.5	394.5	1.25	4.58	0	1,042	12	0.56	5.5	20.8	0.0	0.0	18.66	28	1.2758	2.0555	575	579.53	963.44	
881176	63	562.0	643.5	519.1	643.5	394.5	1.25	4.58	0	1,093	12	0.56	5.5	20.8	0.0	0.0	25.38	28	1.2758	2.0555	575	579.44	959.45	
881709	63	562.3	642.2	518.6	642.5	394.5	1.44	4.58	0	1,271	12	1.12	5.5	20.8	0.0	0.0	28.36	28	1.2758	2.0555	575	579.34	963.12	
882266	64	562.7	641.5	517.8	641.2	394.5	1.44	4.58	0	1,233	13	1.12	5.5	20.8	0.0	0.0	30.16	28	1.2758	2.0555	575	579.25	966.41	
882816	64	562.9	640.5	517.6	640.5	394.5	1.56	4.58	0	1,190	13	1.12	5.5	20.8	0.0	0.0	31.64	28	1.2758	2.0555	575	579.04	967.73	
883347	63	563.1	639.2	516.8	639.2	394.5	1.25	4.58	0	1,173	14	1.12	5.5	20.8	0.0	0.0	29.55	28	1.2758	2.0555	575	578.94	968.36	
883876	63	563.3	638.5	516.6	638.5	394.8	1.44	4.58	0	1,144	15	1.12	5.5	20.8	0.0	0.0	30.45	28	1.2758	2.0555	575	578.85	968.98	
884460	63	563.4	638.2	516.3	637.8	394.8	1.44	4.58	0	1,193	15	1.12	5.5	20.8	0.0	0.0	28.03	28	1.2758	2.0555	575	578.73	969.06	
885013	63	563.4	637.2	516.0	637.5	394.8	1.56	4.58	0	1,219	16	1.12	5.5	20.8	0.0	0.0	28.99	28	1.2758	2.0555	575	578.64	968.98	
885587	63	563.4	636.8	515.8	636.8	394.8	1.56	4.58	0	1,265	16	1.38	5.5	20.8	0.0	0.0	31.03	28	1.2758	2.0555	575	578.55	969.92	
886168	63	563.3	636.5	515.6	636.5	394.8	1.56	4.58	0	1,318	17	1.38	5.5	20.8	0.0	0.0	30.47	28	1.2758	2.0555	575	578.43	971.72	
886700	63	563.2	636.2	515.5	636.5	394.8	1.56	4.58	0	1,367	17	1.38	5.5	20.8	0.0	0.0	28.01	28	1.2758	2.0555	575	578.33	972.03	
887238	63	563.1	636.2	515.5	635.8	395.2	1.56	4.58	0	1,403	18	1.62	5.5	20.8	0.0	0.0	30.21	28	1.2758	2.0555	575	578.24	973.75	
887889	63	562.9	635.8	515.5	635.8	394.8	1.75	4.58	0	1,457	19	1.94	5.5	20.8	0.0	0.0	22.48	28	1.2758	2.0555	575	578.15	972.81	
888431	63	562.7	635.8	515.3	635.8	395.8	0.56	4.58	0	1,396	18	0.81	5.5	20.8	0.0	0.0	11.95	28	1.2758	2.0555	575	578.03	967.42	
888975	62	562.5	635.5	515.3	635.5	395.2	0.88	4.58	0	1,367	17	1.12	5.5	20.8	0.0	0.0	15.45	28	1.2758	2.0555	575	578.03	963.28	
889503	62	562.3	635.5	515.5	635.8	395.5	0.69	4.58	0	1,313	17	0.81	5.5	20.8	0.0	0.0	13.64	28	1.2758	2.0555	575	577.94	963.83	
890068	62	562.1	635.2	515.0	634.8	395.2	0.88	4.58	0	1,264	16	0.56	5.5	20.8	0.0	0.0	12.49	28	1.2758	2.0555	575	577.84	966.56	
890643	63	561.9	634.8	515.1	634.8	395.2	0.69	4.58	0	1,170	15	0.56	5.5	20.8	0.0	0.0	14.51	28	1.2758	2.0555	575	577.75	966.17	
891234	63	561.7	634.5	515.0	634.5	395.2	1.06	4.58	0	1,065	14	0.56	5.5	20.8	0.0	0.0	13.50	28	1.2758	2.0555	575	577.75	964.84	
891817	63	561.5	634.2	514.6	634.2	395.5	1.06	4.58	0	1,020	13	0.00	5.5	20.8	0.0	0.0	12.98	28	1.2758	2.0555	575	577.63	963.36	
892387	63	561.3	633.2	514.5	633.2	395.2	0.88	4.58	0	965	12	0.00	5.5	20.8	0.0	0.0	17.72	28	1.2758	2.0555	575	577.54	962.58	
892985	63	561.2	633.2	514.0	632.8	395.2	1.25	4.58	0	949	11	0.31	5.5	20.8	0.0	0.0	32.95	28	1.2758	2.0555	575	577.44	961.72	
893562	63	560.9	631.5	513.6	631.8	395.5	1.25	4.58	0	1,058	11	0.56	5.5	20.8	0.0	0.0	24.28	28	1.2758	2.0555	575	577.35	960.78	
894131	63	560.7	630.8	513.1	630.8	395.5	1.56	4.58	0	1,192	11	1.12	5.5	20.8	0.0	0.0	29.62	28	1.2758	2.0555	575	577.23	962.97	
894742	64	560.4	629.8	512.8	630.2	395.2	1.44	4.58	0	1,179	12	1.12	5.5	20.8	0.0	0.0	26.20	28	1.2758	2.0555	575	577.14	963.36	
895288	64	560.1	629.2	512.1	629.2	395.5	1.56	4.58	0	985	12	0.81	5.5	20.8	0.0	0.0	22.01	28	1.2758	2.0555	575	577.05	960.86	
895835	63	559.8	628.8	512.3	628.8	395.5	2.12	4.58	0	1,274	12	1.94	5.5	20.8	0.0	0.0	41.84	28	1.2758	2.0555	575	576.93	971.33	
896361	63	559.4	628.2	511.7	627.8	395.2	1.44	4.58	0	1,341	13	1.38	5.5	20.8	0.0	0.0	28.45	28	1.2758	2.0555	575	576.83	975.23	
896943	63	559.1	627.5	511.3	627.5	395.2	1.75	4.58	0	1,243	13	1.38	5.5	20.8	0.0	0.0	36.14	28	1.2758	2.0555	575	576.74	974.14	
897499	63	558.6	627.5	511.3	627.5	395.2	1.94	4.58	0	1,309	15	1.94	5.5	20.8	0.0	0.0	42.89	28	1.2758	2.0555	575	576.65	978.59	
898041	63	558.0	627.2	511.1	627.2	395.5	2.12	4.58	0	1,343	16	3.50	5.5	20.8	0.0	0.0	45.00	28	1.2758	2.0555	575	576.53	999.92	
898567	63	557.4	626.8	511.0	626.8	395.2	1.94	4.58	0	1,364	17	2.44	5.5	20.8	0.0	0.0	41.06	28	1.2758	2.0555	575	576.34	998.75	
899095	63	556.8	626.8	511.0	626.8	395.5	1.94	4.58	0	1,456	19	2.75	5.5	20.8	0.0	0.0	28.12	28	1.2758	2.0555	575	576.25	992.03	
899687	63	556.2	627.5	511.3	627.2	395.5	1.25	4.58	0	1,486	19	0.81	5.5	20.8	0.0	0.0	13.57	28	1.2758	2.0555	575	576.04	975.00	
900258	62	555.7	627.8	511.5	627.5	395.5	1.25	4.58	0	1,524	19	1.62	5.5	20.8	0.0	0.0	25.20	28	1.2758	2.0555	575	575.94	964.14	
900792	62	555.1	627.8	511.6	627.8	395.5	1.56	4.58	0	1,495	19	1.94	5.5	20.8	0.0	0.0	31.41	28	1.2758	2.0555	575	575.73	971.33	
901359	63	554.6	627.5	511.5	627.8	395.5	1.94	4.58	0	1,577	20	2.19	5.5	20.8	0.0	0.0	34.64	28	1.2758	2.0555	575	575.55	978.75	
901890	63	553.9	628.2	511.8	628.2	395.5	1.94	4.58	0	1,666	21	2.44	5.5	20.8	0.0	0.0	32.62	28	1.2758	2.0555	575	575.43	989.06	
902426	63	553.3	628.2	512.0	628.2	395.5	1.56	4.58	0	1,720	22	1.94	5.5	20.8	0.0	0.0	28.59	28	1.2758	2.0555	575	575.15	986.95	
903000	62	552.6	628.8	512.1	628.5	395.5	2.12	4.58	0	1,822	23	2.75	5.5	20.8	0.0	0.0	36.23	28	1.2758	2.0555	575	574.94	990.62	
903520	62	552.0	628.8	512.0	628.5	395.8	2.62	4.58	0	1,878	24	3.25	5.5	20.8	0.0	0.0	36.87	28	1.2758	2.0555	570	574.63	1,006.09	
904074	62	551.3	629.2	512.3	629.5	395.8	2.62	4.58	0	1,990	25	3.00	5.5	20.8	0.0	0.0	29.84	28	1.2758	2.0555	570	574.44	1,017.11	
904602	62	550.6	630.2	512.8	629.8	396.2	1.75	4.58	0	2,016	26	2.19	5.5	20.8	0.0	0.0	25.55	28	1.2758	2.0555	570	574.14	982.73	
905216	62	549.9	630.5	513.0	630.5	396.2	2.12	4.58	0	2,097	27	2.75	5.5	20.8	0.0	0.0	27.14	28	1.2758	2.0555	570	573.83	967.27	
905769	62	549.3	631.2	513.6	631.2	396.2	1.94	4.58	0	2,124	27	2.19	5.5	20.8	0.0	0.0	25.43	28	1.2758	2.0555	570	573.53	960.70	
906322	62	548.5	632.2	514.0	631.8	395.8	1.94	4.58	0	2,191	28	2.44	5.5	20.8	0.0	0.0	25.69	28	1.2758	2.0555	570	573.25	957.19	
906844	62	547.9	632.5	514.3	632.5	396.2	2.12	4.58	0	2,246	29	2.75	5.5	20.8	0.0	0.0	30.87	28	1.2758	2.0555	570	572.85	951.41	
907441	61	547.2	633.5	514.8	633.5	396.2	2.62	4.58	0	2,316	30	3.81	5.5	20.8	0.0	0.0	33.56	28	1.2758	2.0555	570	572.43	951.17	
908018	61	546.4	633.8	515.0	634.2	396.5	2.81	4.58	0	2,378	31	4.06	5.5	20.8	0.0	0.0	28.71	28	1.2758	2.0555	570	572.03	963.44	
908571	61	545.9	634.5	515.5	634.8	396.5	1.44	4.58	0	2,377	31	1.62	5.5	20.8	0.0	0.0	11.62	28	1.2758	2.0555	570	571.75	961.02	
909160	61	545.4	635.2	516.0	635.2	396.5	0.88	4.58	0	2,348	30	1.38	5.5	20.8	0.0	0.0	11.39	28	1.2758	2.0555	570	571.35	959.14	
909741	61	545.0	635.8	516.1	636.5	396.5	1.75	4.58	0	2,211	29	0.56	5.5	20.8	0.0	0.0	18.63	28	1.2758	2.0555	570	571.05	970.23	
910315	61	544.7	636.5	516.6	636.5	396.8	1.75	4.58	0	2,139	27	0.81	5.5	20.8	0.0	0.0	18.96	28	1.2758	2.0555	570	570.83	981.33	
910851	61	544.6	636.5	516.5	636.5	396.8	1.56	4.58	0	2,025	26	1.62	5.5	20.8	0.0	0.0	19.31	28	1.2758	2.0555	570	570.53	986.48	
911448	62	544.5	636.8	516.6	636.8	396.8	1.56	4.58	0	1,924	25	0.31	5.5	20.8	0.0	0.0	13.57	28	1.2758	2.0555	570	570.25	987.66	
911989	62	544.5	636.5	516.6	636.5	396.8	1.25	4.58	0	1,882	24	1.12	5.5	20.8	0.0	0.0	17.18	28	1.2758	2.0555	570	570.04	970.86	
912541	62	544.4	636.2	516.6	636.2	397.2	1.75	4.58	0	1,893	24	2.19	5.5	20.8	0.0	0.0	24.73	28	1.2758	2.0555	565	569.73	960.94	
913072	62	544.3	635.8	516.5	635.8	396.8	1.75	4.58	0	1,947	25	1.62	5.5	20.8	0.0	0.0	24.98	28	1.2758	2.0555	565	569.55	957.89	
913594	62	544.2	635.5	516.3	635.5	396.8	1.94	4.58	0	1,974	26	1.94	5.5	20.8	0.0	0.0	25.10	28	1.2758	2.0555	565	569.24	955.94	
914218	62	544.0	635.2	516.1	635.2	397.2	1.94	4.58	0	2,037	26	1.94	5.5	20.8	0.0	0.0	27.77	28	1.2758	2.0555	565	568.84	952.97	
914808	62	543.8	635.2	515.8	635.2	396.8	2.25	4.58	0	2,101	27	2.44	5.5	20.8	0.0	0.0	30.05	28	1.2758	2.0555	565	568.54	952.27	
915389	62	543.4	634.5	515.8	634.5	397.2	2.62	4.58	0	2,177	28	3.00	5.5	20.8	0.0	0.0	30.47	28	1.2758	2.0555	565	568.14	950.94	
915959	62	543.0	634.8	515.8	634.8	396.8	2.81	4.58	0	2,272	29	3.25	5.5	20.8	0.0	0.0	32.70	28	1.2758	2.0555	565	567.65	950.39	
916544	62	542.5	634.5	515.8	634.5	397.2	2.81	4.58	0	2,339	30	3.50	5.5	20.8	0.0	0.0	30.84	28	1.2758	2.0555	565	567.25	953.36	
917071	62	542.1	634.8	516.1	635.2	397.2	2.62	4.58	0	2,428	31	3.50	5.5	20.8	0.0	0.0	29.53	28	1.2758	2.0555	565	566.85	959.69	
917649	62	541.6	635.2	516.3	635.5	397.2	1.56	4.58	0	2,473	32	2.44	5.5	20.8	0.0	0.0	21.00	28	1.2758	2.0555	565	566.43	956.95	
918243	61	541.1	635.2	516.3	635.8	397.5	1.94	4.58	0	2,508	32	2.44	5.5	20.8	0.0	0.0	21.68	28	1.2758	2.0555	565	565.94	955.47	
918772	61	540.7	635.8	516.6	635.8	397.5	1.75	4.58	0	2,515	32	2.44	5.5	20.8	0.0	0.0	21.59	28	1.2758	2.0555	565	565.63	955.08	
919358	61	540.3	635.8	516.6	636.2	397.5	1.94	4.58	0	2,546	33	2.75	5.5	20.8	0.0	0.0	14.27	28	1.2758	2.0555	565	565.23	959.45	
919927	61	540.0	636.5	516.8	636.5	397.5	1.06	4.58	0	2,526	33	1.94	5.5	20.8	0.0	0.0	14.81	28	1.2758	2.0555	565	564.83	957.19	
920495	61	539.7	636.5	517.1	636.5	397.8	2.12	4.58	0	2,531	32	2.44	5.5	20.8	0.0	0.0	24.75	28	1.2758	2.0555	560	564.53	951.25	
921028	61	539.3	636.5	517.3	636.5	397.5	2.25	4.58	0	2,556	33	3.00	5.5	20.8	0.0	0.0	27.75	28	1.2758	2.0555	560	564.13	948.20	
921592	62	539.0	636.5	517.3	636.8	397.8	2.81	4.58	0	2,613	34	4.31	5.5	20.8	0.0	0.0	29.77	28	1.2758	2.0555	560	563.73	952.42	
922161	61	538.7	636.8	517.5	636.8	397.8	2.44	4.58	0	2,667	35	3.25	5.5	20.8	0.0	0.0	22.12	28	1.2758	2.0555	560	563.33	958.20	
922683	61	538.5	637.2	517.5	637.5	397.8	1.56	4.58	0	2,701	35	3.00	5.5	20.8	0.0	0.0	19.22	28	1.2758	2.0555	560	563.03	956.95	
923340	61	538.3	637.2	517.5	637.2	397.8	1.75	4.58	0	2,726	35	3.25	5.5	20.8	0.0	0.0	13.24	28	1.2758	2.0555	560	562.54	959.84	
923855	61	538.1	637.8	518.0	637.5	398.5	1.44	4.58	0	2,660	34	2.44	5.5	20.8	0.0	0.0	11.67	28	1.2758	2.0555	560	562.35	958.59	
924369	61	537.9	637.8	517.8	637.8	398.2	2.12	4.58	0	2,639	34	2.19	5.5	20.8	0.0	0.0	10.90	28	1.2758	2.0555	560	562.05	958.44	
924892	61	537.8	637.5	517.8	637.8	398.2	0.88	4.58	0	2,507	33	2.19	5.5	20.8	0.0	0.0	18.84	28	1.2758	2.0555	560	561.83	973.67	
925434	61	537.9	637.5	517.8	637.5	398.5	7.69	4.58	0	2,490	32	2.19	5.5	20.8	0.0	0.0	11.95	28	1.2758	2.0555	560	561.53	984.61	
926053	62	537.9	637.2	517.6	637.2	397.8	2.12	4.58	0	2,477	32	2.75	5.5	20.8	0.0	0.0	26.20	28	1.2758	2.0555	560	561.25	959.30	
926577	62	538.0	636.8	517.8	636.8	398.5	3.00	4.58	0	2,502	32	4.06	5.5	20.8	0.0	0.0	33.91	28	1.2758	2.0555	560	560.94	949.61	
927160	62	538.0	636.5	517.2	636.5	398.2	3.69	4.58	0	2,585	34	6.25	5.5	20.8	0.0	0.0	34.92	28	1.2758	2.0555	560	560.55	956.48	
927733	62	538.0	635.8	517.3	636.2	398.5	2.12	4.58	0	2,668	35	3.50	5.5	20.8	0.0	0.0	23.58	28	1.2758	2.0555	560	560.03	960.86	
928261	62	537.9	636.2	517.0	636.2	398.2	1.94	4.58	0	2,734	35	3.25	5.5	20.8	0.0	0.0	26.58	28	1.2758	2.0555	555	559.75	952.34	
928778	61	537.9	635.8	517.3	635.8	398.2	2.81	4.58	0	2,759	36	4.31	5.5	20.8	0.0	0.0	28.83	28	1.2758	2.0555	555	559.35	950.55	
929348	61	537.9	636.5	517.3	636.2	398.5	3.12	4.58	0	2,849	37	5.12	5.5	20.8	0.0	0.0	30.70	28	1.2758	2.0555	555	558.93	951.09	
929940	61	537.9	636.2	517.3	636.2	398.2	3.31	4.58	0	2,900	38	5.44	5.5	20.8	0.0	0.0	26.88	28	1.2758	2.0555	555	558.53	957.50	
930522	61	538.0	636.8	517.5	636.5	398.5	2.62	4.58	0	2,928	38	4.06	5.5	20.8	0.0	0.0	23.81	28	1.2758	2.0555	555	558.13	959.38	
931103	61	538.1	637.2	517.8	636.8	398.5	2.12	4.58	0	2,086	38	2.44	5.5	20.8	0.0	0.0	16.69	28	1.2758	2.0555	555	557.85	961.88	
931727	60	538.2	637.5	518.0	637.5	398.5	1.56	4.58	0	1,957	38	1.62	5.5	20.8	0.0	0.0	22.01	28	1.2758	2.0555	555	557.43	957.34	
932257	61	538.3	637.5	518.1	637.8	398.5	1.75	4.58	0	1,939	39	2.19	5.5	20.8	0.0	0.0	23.44	28	1.2758	2.0555	555	557.15	955.94	
932824	61	538.4	638.5	518.5	638.2	398.5	0.69	4.58	0	1,933	39	0.56	5.5	20.8	0.0	0.0	11.70	28	1.2758	2.0555	555	556.84	958.52	
933405	61	538.5	638.2	518.5	638.5	398.5	1.44	4.58	0	1,915	39	0.31	5.5	20.8	0.0	0.0	12.12	28	1.2758	2.0555	555	556.63	957.50	
933978	61	538.6	638.5	518.3	638.5	398.5	0.56	4.58	0	1,875	38	0.56	5.5	20.8	0.0	0.0	14.72	28	1.2758	2.0555	555	556.35	955.47	
934527	61	538.7	638.5	518.7	638.2	399.2	1.75	4.58	0	1,891	38	1.38	5.5	20.8	0.0	0.0	25.01	28	1.2758	2.0555	555	556.14	949.61	
935082	61	538.8	637.8	518.5	637.8	398.5	2.12	4.58	0	1,918	39	2.44	5.5	20.8	0.0	0.0	34.69	28	1.2758	2.0555	555	555.83	948.44	
935601	61	538.9	637.5	518.0	637.8	398.8	3.00	4.58	0	1,948	39	3.00	5.5	20.8	0.0	0.0	27.94	28	1.2758	2.0555	555	555.53	960.16	
936126	61	538.9	637.5	518.1	637.5	398.8	1.25	4.58	0	1,937	39	0.56	5.5	20.8	0.0	0.0	11.86	28	1.2758	2.0555	555	555.34	959.53	
936695	61	539.0	637.2	518.0	637.2	398.8	1.44	4.58	0	1,932	39	0.81	5.5	20.8	0.0	0.0	12.05	28	1.2758	2.0555	555	555.13	957.97	
937215	61	539.0	637.2	518.0	637.2	398.8	1.75	4.58	0	1,903	38	1.12	5.5	20.8	0.0	0.0	27.94	28	1.2758	2.0555	555	555.04	944.38	
937791	61	539.0	636.5	517.6	636.5	398.8	3.50	4.58	0	1,934	40	4.62	5.5	20.8	0.0	0.0	49.80	28	1.2758	2.0555	550	554.73	945.47	
938325	62	539.0	636.2	517.8	636.2	399.2	4.69	4.58	0	1,991	41	4.88	5.5	20.8	0.0	0.0	48.26	28	1.2758	2.0555	550	554.55	953.67	
938865	61	539.0	635.8	517.3	635.8	398.8	4.88	4.58	0	2,089	42	6.50	5.5	20.8	0.0	0.0	50.74	28	1.2758	2.0555	550	554.33	949.92	
939454	61	539.0	635.5	517.1	635.8	398.8	5.38	4.58	0	2,149	43	8.38	5.5	20.8	0.0	0.0	53.70	28	1.2758	2.0555	550	554.03	963.67	
939980	60	539.1	635.5	517.3	635.5	398.5	4.88	4.58	0	2,208	45	7.88	5.5	20.8	0.0	0.0	47.02	28	1.2758	2.0555	550	553.75	974.30	
940657	60	539.2	635.2	517.0	635.5	398.5	4.38	4.58	0	2,297	46	7.31	5.5	20.8	0.0	0.0	45.35	28	1.2758	2.0555	550	553.44	967.89	
941214	60	539.4	635.8	517.0	635.8	398.8	4.38	4.58	0	2,363	48	7.88	5.5	20.8	0.0	0.0	42.63	28	1.2758	2.0555	550	553.14	970.86	
941738	59	539.7	636.2	517.5	636.2	398.5	3.69	4.58	0	2,415	49	6.75	5.5	20.8	0.0	0.0	38.44	28	1.2758	2.0555	550	552.83	970.00	
942268	59	540.1	636.8	517.6	636.5	398.5	3.12	4.58	0	2,395	49	3.81	5.5	20.8	0.0	0.0	14.02	28	1.2758	2.0555	550	552.65	968.67	
942844	59	540.5	636.8	518.0	637.5	398.8	1.56	4.58	0	2,459	49	2.19	5.5	20.8	0.0	0.0	18.52	28	1.2758	2.0555	550	552.53	958.05	
943365	59	540.9	637.5	518.0	637.5	398.5	2.44	4.58	0	2,461	50	3.00	5.5	20.8	0.0	0.0	25.20	28	1.2758	2.0555	550	552.34	960.23	
943918	59	541.3	638.2	518.5	638.2	398.8	1.25	4.58	0	2,421	49	1.62	5.5	20.8	0.0	0.0	11.84	28	1.2758	2.0555	550	552.25	959.69	
944498	59	541.6	638.8	518.6	638.8	399.2	1.25	4.58	0	2,282	49	1.38	5.5	20.8	0.0	0.0	17.65	28	1.2758	2.0555	550	552.13	969.22	
945071	59	542.1	638.5	518.6	638.5	398.5	1.56	4.58	0	2,366	48	1.38	5.5	20.8	0.0	0.0	18.38	28	1.2758	2.0555	550	552.04	984.30	
945608	60	542.6	638.5	518.5	638.8	398.5	1.56	4.58	0	2,347	47	1.62	5.5	20.8	0.0	0.0	18.61	28	1.2758	2.0555	550	552.04	992.27	
946163	60	543.1	638.5	518.5	638.5	398.5	1.56	4.58	0	2,268	46	1.62	5.5	20.8	0.0	0.0	18.66	28	1.2758	2.0555	550	552.04	995.23	
946714	60	543.8	638.2	518.6	638.2	398.2	0.38	4.58	0	2,261	45	0.81	5.5	20.8	0.0	0.0	15.16	28	1.2758	2.0555	550	551.94	988.36	
947306	61	544.5	637.5	518.0	637.2	397.8	3.31	4.58	0	2,306	45	3.81	5.5	20.8	0.0	0.0	39.54	28	1.2758	2.0555	550	551.94	956.17	
947850	61	545.1	636.8	517.6	636.8	398.2	4.56	4.58	0	2,310	46	7.88	5.5	20.8	0.0	0.0	53.81	28	1.2758	2.0555	550	551.94	973.28	
948422	61	545.8	636.5	517.5	635.8	398.2	6.44	4.58	0	2,361	48	12.69	5.5	20.8	0.0	0.0	62.41	28	1.2758	2.0555	550	551.85	1,113.20	
948963	61	546.5	636.2	517.3	635.8	398.2	5.94	4.58	0	2,460	50	12.44	5.5	20.8	0.0	0.0	54.84	28	1.2758	2.0469	550	551.85	1,054.45	
949602	60	547.2	636.2	517.3	636.2	398.2	5.75	4.58	0	2,551	52	11.88	5.5	20.8	0.0	0.0	52.31	28	1.2758	2.0469	550	551.85	1,046.72	
950125	60	547.8	636.2	517.0	635.8	398.2	5.75	4.58	0	2,637	53	11.62	5.5	20.8	0.0	0.0	51.12	28	1.2758	2.0469	550	551.85	1,043.28	
950720	59	548.7	636.5	517.2	636.5	398.2	6.12	4.58	0	2,700	55	12.19	5.5	20.8	0.0	0.0	48.87	28	1.2758	2.0469	550	551.85	1,049.84	
951274	59	549.7	636.8	517.6	636.8	398.5	6.81	4.58	0	2,306	56	10.00	5.5	20.8	0.0	0.0	53.84	28	1.2758	2.0469	550	551.94	1,050.62	
951792	58	550.5	637.2	517.8	637.5	398.5	5.56	4.58	0	2,029	57	6.75	5.5	20.8	0.0	0.0	51.80	28	1.2758	2.0391	550	552.04	1,002.97	
952364	58	551.5	638.5	518.5	638.5	398.5	4.69	4.58	0	2,005	58	6.25	5.5	20.8	0.0	0.0	47.72	28	1.2758	2.0555	550	552.13	986.09	
952908	58	552.6	639.2	518.8	639.5	398.5	3.31	4.58	0	1,979	58	3.50	5.5	20.8	0.0	0.0	36.80	28	1.2758	2.0477	550	552.25	969.45	
953463	58	553.7	639.8	519.1	639.8	398.8	3.12	4.58	0	2,011	59	3.81	5.5	20.8	0.0	0.0	36.28	28	1.2758	2.0477	550	552.44	960.39	
954013	58	554.8	640.5	519.5	640.5	398.5	3.12	4.58	0	2,016	59	3.50	5.5	20.8	0.0	0.0	35.60	28	1.2758	2.0563	550	552.65	958.44	
954566	58	555.8	641.2	519.8	641.5	398.5	3.00	4.58	0	2,029	60	2.44	5.5	20.8	0.0	0.0	17.77	28	1.2758	2.0563	550	552.93	962.50	
955177	58	556.7	642.2	520.1	642.2	398.2	2.25	4.58	0	1,988	59	0.56	5.5	20.8	0.0	0.0	9.73	28	1.2758	2.0563	550	553.14	958.83	
955711	58	557.5	642.5	520.5	642.2	398.8	3.69	4.58	0	2,010	59	0.56	5.5	20.8	0.0	0.0	15.70	28	1.2758	2.0563	550	553.35	959.61	
956257	58	558.3	642.8	520.5	642.8	398.5	2.25	4.58	0	1,987	58	2.44	5.5	20.8	0.0	0.0	36.23	28	1.2758	2.0477	550	553.54	947.89	
956793	59	559.2	642.8	520.6	642.8	398.5	4.19	4.58	0	2,012	59	5.44	5.5	20.8	0.0	0.0	56.04	28	1.2758	2.0477	550	553.84	978.75	
957332	59	560.3	642.8	520.6	642.8	398.5	3.12	4.58	0	2,003	59	3.00	5.5	20.8	0.0	0.0	18.21	28	1.2758	2.0398	550	554.15	978.52	
958001	58	561.0	643.2	520.8	643.2	398.8	1.75	4.58	0	2,000	59	1.62	5.5	20.8	0.0	0.0	26.62	28	1.2758	2.0398	550	554.43	947.34	
958556	59	561.8	643.2	520.8	643.2	398.5	4.88	4.58	0	2,028	59	7.56	5.5	20.8	0.0	0.0	55.95	28	1.2758	2.0484	550	554.85	1,017.19	
959070	59	563.0	643.2	520.8	643.2	398.5	5.75	4.58	0	2,050	61	10.00	5.5	20.8	0.0	0.0	69.21	28	1.2758	2.0484	555	555.25	1,145.55	
959644	59	564.4	643.2	520.8	643.5	398.5	7.31	4.58	0	2,105	62	14.62	5.5	20.8	0.0	0.0	74.72	28	1.2758	2.0484	555	555.83	1,210.23	
960199	58	566.6	643.5	520.8	643.5	398.5	6.12	4.58	0	2,117	63	10.00	5.5	20.8	0.0	0.0	46.99	28	1.2758	2.0484	555	556.35	1,011.88	
960785	58	568.9	643.8	521.1	644.5	398.5	5.25	4.58	0	2,148	63	8.38	5.5	20.8	0.0	0.0	55.62	28	1.2758	2.0406	555	557.03	985.08	
961333	57	571.1	644.5	521.6	644.5	398.8	5.75	4.58	0	2,177	64	11.06	5.5	20.8	0.0	0.0	55.43	28	1.2758	2.0406	555	557.85	1,023.20	
961856	57	572.8	645.5	522.0	645.5	398.5	1.44	4.58	0	2,171	65	2.44	5.5	20.4	0.0	0.0	14.13	28	1.2758	2.0320	555	558.34	979.45	
962386	57	574.2	646.2	522.3	646.2	398.8	2.44	4.58	0	2,128	64	0.56	5.5	20.8	0.0	0.0	12.52	28	1.2758	2.0484	555	558.83	966.64	
962983	57	575.4	646.8	522.8	646.8	398.8	1.56	4.58	0	2,104	62	1.12	5.5	20.8	0.0	0.0	18.21	28	1.2758	2.0406	555	559.35	972.27	
963584	57	576.7	647.8	523.3	647.8	398.5	1.56	4.58	0	2,033	59	1.12	5.5	20.8	0.0	0.0	18.16	28	1.2758	2.0406	560	559.94	973.98	
964110	58	577.7	648.2	523.5	648.5	398.8	1.44	4.58	0	1,946	57	0.31	5.5	20.8	0.0	0.0	18.05	28	1.2758	2.0320	560	560.33	984.45	
964692	58	578.9	648.2	523.2	648.2	398.5	1.06	4.58	0	1,855	55	1.12	5.5	20.4	0.0	0.0	18.05	28	1.2758	2.0320	560	560.85	986.02	
965237	58	580.0	647.8	523.1	647.8	398.5	0.88	4.58	0	1,804	53	1.12	5.5	20.4	0.0	0.0	17.88	28	1.2758	2.0320	560	561.34	985.55	
965798	59	581.0	647.8	523.1	647.5	398.5	0.69	4.58	0	1,766	52	1.12	5.5	20.4	0.0	0.0	17.98	28	1.2758	2.0242	560	561.74	984.53	
966324	59	581.9	647.2	522.8	647.2	398.2	0.56	4.58	0	1,696	50	1.12	5.5	20.4	0.0	0.0	18.14	28	1.2758	2.0242	560	562.05	983.44	
966960	59	582.7	646.5	522.3	646.5	398.2	0.38	4.58	0	1,648	49	1.38	5.5	20.4	0.0	0.0	18.09	28	1.2758	2.0156	560	562.63	982.19	
967486	60	583.6	645.8	521.8	645.5	397.8	1.56	4.58	0	1,639	48	1.12	5.5	20.0	0.0	0.0	14.46	28	1.2758	2.0156	560	563.03	977.42	
968063	60	584.6	644.5	521.0	644.5	397.5	0.69	4.58	0	1,602	48	0.00	5.5	20.4	0.0	0.0	15.38	28	1.2758	2.0242	560	563.43	974.38	
968596	60	585.3	643.5	521.0	643.5	397.5	0.19	4.58	0	1,585	47	1.38	5.5	20.4	0.0	0.0	18.38	28	1.2758	2.0242	560	563.85	976.72	
969164	61	586.1	642.5	520.0	642.5	397.5	2.62	4.58	0	1,838	46	3.50	5.5	20.0	0.0	0.0	20.79	28	1.2758	2.0164	560	564.34	978.20	
969701	61	586.9	641.5	519.5	641.2	397.5	2.12	4.58	0	2,205	44	0.81	5.5	20.0	0.0	0.0	11.98	28	1.2758	2.0078	560	564.74	964.84	
970272	61	587.5	639.8	518.7	640.2	397.2	1.75	4.58	0	2,077	42	0.56	5.5	20.4	0.0	0.0	18.82	28	1.2758	2.0250	565	565.23	966.64	
970803	61	588.1	639.2	518.3	639.2	396.8	1.75	4.58	0	1,990	41	1.38	5.5	20.0	0.0	0.0	19.08	28	1.2758	2.0164	565	565.63	971.56	
971333	61	588.8	638.8	517.5	638.5	396.8	1.44	4.58	0	1,961	39	0.31	5.5	20.0	0.0	0.0	19.15	28	1.2758	2.0164	565	566.03	973.67	
971890	61	589.4	637.5	517.0	637.5	396.5	1.25	4.58	0	1,878	38	1.38	5.5	20.0	0.0	0.0	19.10	28	1.2758	2.0164	565	566.43	983.83	
972506	62	590.1	636.2	516.2	636.2	395.5	0.88	4.58	0	1,777	36	1.12	5.5	20.0	0.0	0.0	19.08	28	1.2758	2.0164	565	566.85	984.92	
973044	62	590.8	635.2	515.6	635.2	395.8	0.56	4.58	0	1,642	33	1.38	5.5	20.0	0.0	0.0	18.75	28	1.2758	2.0164	565	567.34	983.75	
973619	62	591.5	633.8	514.6	633.5	395.5	0.38	4.58	0	1,593	31	1.38	5.5	20.0	0.0	0.0	13.20	28	1.2758	2.0164	565	567.65	981.48	
974158	62	592.0	632.8	514.0	633.2	395.2	1.06	4.58	0	1,890	30	0.31	5.5	20.0	0.0	0.0	12.35	28	1.2758	2.0164	565	568.14	976.02	
974736	62	592.6	631.8	513.5	631.5	395.2	0.69	4.58	0	2,261	30	1.12	5.5	20.0	0.0	0.0	12.05	28	1.2758	2.0164	565	568.54	965.78	
975300	62	593.0	630.8	512.6	630.5	394.5	1.56	4.58	0	2,331	29	1.94	5.5	20.0	0.0	0.0	16.73	28	1.2758	2.0164	565	568.94	956.48	
975963	62	593.4	629.5	512.0	629.5	394.2	2.25	4.58	0	2,305	30	2.44	5.5	20.0	0.0	0.0	24.21	28	1.2758	2.0164	565	569.55	958.20	
976520	63	593.7	628.5	511.1	628.8	394.2	1.56	4.58	0	2,333	30	1.94	5.5	20.0	0.0	0.0	15.05	28	1.2758	2.0164	570	569.94	958.59	
977093	62	593.9	628.2	510.8	627.8	393.8	2.12	4.58	0	2,353	30	2.19	5.5	20.0	0.0	0.0	19.48	28	1.2758	2.0164	570	570.44	953.83	
977632	62	593.9	627.5	510.1	627.2	393.5	1.94	4.58	0	2,373	31	2.44	5.5	20.0	0.0	0.0	19.20	28	1.2758	2.0164	570	570.83	956.41	
978176	62	593.9	626.5	510.0	626.5	392.5	2.25	4.58	0	2,398	31	1.94	5.5	20.0	0.0	0.0	13.01	28	1.2758	2.0164	570	571.35	957.89	
978721	62	593.8	626.2	509.6	626.2	392.8	1.94	4.58	0	2,367	31	2.19	5.5	20.0	0.0	0.0	19.36	28	1.2758	2.0164	570	571.84	949.61	
979255	62	593.6	626.2	509.3	626.2	392.5	2.44	4.58	0	2,401	31	2.75	5.5	20.0	0.0	0.0	17.32	28	1.2758	2.0164	570	572.33	958.59	
979795	62	593.4	625.8	509.0	625.5	391.8	1.25	4.58	0	2,400	31	1.38	5.5	20.0	0.0	0.0	11.67	28	1.2758	2.0164	570	572.73	957.50	
980331	62	593.2	625.5	508.8	625.8	391.8	1.75	4.58	0	2,374	31	1.38	5.5	20.0	0.0	0.0	11.67	28	1.2758	2.0164	570	573.25	955.62	
980917	62	592.9	625.5	508.6	625.5	391.5	2.62	4.58	0	2,442	31	3.00	5.5	20.0	0.0	0.0	31.22	28	1.2758	2.0164	570	573.74	943.98	
981478	62	592.6	625.2	508.5	625.5	390.8	1.06	4.58	0	2,434	31	1.62	5.5	20.0	0.0	0.0	11.88	28	1.2758	2.0164	570	574.23	958.44	
982020	62	592.2	625.8	508.5	625.5	391.2	1.06	4.58	0	2,392	31	1.62	5.5	20.0	0.0	0.0	11.37	28	1.2758	2.0164	570	574.63	957.81	
982557	62	591.8	625.5	508.3	625.5	391.2	0.19	4.58	0	2,370	31	1.38	5.5	20.0	0.0	0.0	15.89	28	1.2758	2.0164	575	575.03	960.70	
983117	62	591.5	625.2	508.1	624.8	390.5	2.25	4.58	0	2,299	29	1.12	5.5	20.0	0.0	0.0	13.88	28	1.2758	2.0164	575	575.43	970.86	
983705	62	591.2	625.2	507.5	625.2	389.8	2.12	4.58	0	2,283	29	2.44	5.5	20.0	0.0	0.0	26.30	28	1.2758	2.0164	575	575.94	953.67	
984338	62	590.7	625.5	507.7	625.2	389.5	2.81	4.58	0	2,387	31	3.81	5.5	20.0	0.0	0.0	35.30	28	1.2758	2.0164	575	576.44	948.20	
984896	62	590.2	625.2	507.3	624.8	389.5	3.31	4.58	0	2,447	32	4.31	5.5	20.0	0.0	0.0	14.44	28	1.2758	2.0164	575	576.93	961.64	
985409	62	589.6	624.8	507.1	624.8	389.5	1.25	4.58	0	2,466	32	1.94	5.5	20.0	0.0	0.0	12.00	28	1.2758	2.0164	575	577.23	958.67	
985955	61	589.1	625.2	507.0	625.5	389.2	1.44	4.58	0	2,433	32	1.62	5.5	20.0	0.0	0.0	11.51	28	1.2758	2.0164	575	577.63	959.38	
986532	61	588.6	625.2	507.0	625.5	388.8	1.56	4.58	0	2,306	30	1.38	5.5	20.0	0.0	0.0	18.70	28	1.2758	2.0164	575	578.03	973.20	
987063	61	588.3	625.8	507.0	625.5	388.5	1.75	4.58	0	2,248	29	1.12	5.5	20.0	0.0	0.0	19.12	28	1.2758	2.0164	575	578.33	984.22	
987596	62	588.0	625.5	506.6	625.5	388.2	6.94	4.58	0	2,194	28	2.44	5.5	20.0	0.0	0.0	11.84	28	1.2758	2.0164	575	578.55	987.34	
988078	62	587.8	625.8	506.8	625.5	387.8	2.25	4.58	0	2,180	28	1.12	5.5	20.0	0.0	0.0	19.64	28	1.2758	2.0164	575	578.85	968.52	
988640	62	587.5	625.5	506.6	625.5	387.5	2.12	4.58	0	2,196	28	2.44	5.5	20.0	0.0	0.0	20.51	28	1.2758	2.0164	575	579.25	965.23	
989195	62	587.2	625.2	506.3	625.2	387.5	1.94	4.58	0	2,196	28	1.38	5.5	20.0	0.0	0.0	17.04	28	1.2758	2.0164	575	579.44	956.56	
989794	62	586.8	624.8	506.2	625.2	387.2	2.12	4.58	0	2,238	29	2.19	5.5	20.0	0.0	0.0	25.52	28	1.2758	2.0164	575	579.74	952.42	
990321	62	586.3	625.2	506.2	625.2	387.2	2.25	4.58	0	2,296	30	3.00	5.5	20.0	0.0	0.0	27.98	28	1.2758	2.0164	580	580.05	953.52	
990976	62	585.6	625.2	506.2	624.8	387.2	1.06	4.58	0	2,323	30	1.62	5.5	20.0	0.0	0.0	12.98	28	1.2758	2.0164	580	580.35	959.22	
991586	62	585.0	625.5	506.0	625.5	386.5	1.56	4.58	0	2,316	30	1.38	5.5	20.0	0.0	0.0	12.09	28	1.2758	2.0164	580	580.54	958.36	
992158	62	584.6	625.5	506.0	625.5	386.5	1.25	4.58	0	2,233	29	1.12	5.5	20.0	0.0	0.0	12.94	28	1.2758	2.0164	580	580.75	967.97	
992718	62	584.1	625.8	505.8	625.8	386.5	2.62	4.58	0	2,301	29	2.19	5.5	20.0	0.0	0.0	27.63	28	1.2758	2.0164	580	580.94	956.41	
993378	62	583.5	625.5	506.0	625.5	386.2	1.44	4.58	0	2,261	30	2.19	5.5	20.0	0.0	0.0	13.62	28	1.2758	2.0164	580	581.15	959.61	
993946	62	583.0	625.8	505.8	625.5	385.8	1.25	4.58	0	2,247	29	1.38	5.5	20.0	0.0	0.0	11.74	28	1.2758	2.0164	580	581.33	959.38	
994477	62	582.4	625.8	506.0	625.8	385.5	1.94	4.58	0	2,247	29	1.38	5.5	20.0	0.0	0.0	20.32	28	1.2758	2.0164	580	581.43	951.80	
995046	62	581.8	625.8	506.0	625.8	385.5	2.12	4.58	0	2,251	29	1.94	5.5	20.0	0.0	0.0	15.00	28	1.2758	2.0164	580	581.64	958.75	
995572	62	581.2	625.8	505.7	626.2	385.5	1.56	4.58	0	2,256	29	1.38	5.5	20.0	0.0	0.0	11.98	28	1.2758	2.0164	580	581.73	957.58	
996162	62	580.7	625.8	505.8	626.2	385.5	1.94	4.58	0	2,260	29	0.81	5.5	20.0	0.0	0.0	11.77	28	1.2758	2.0164	580	581.85	956.48	
996708	62	580.2	626.2	505.7	626.2	385.5	1.44	4.58	0	2,262	29	1.38	5.5	20.0	0.0	0.0	11.41	28	1.2758	2.0164	580	581.94	957.19	
997247	62	579.7	625.8	505.3	625.5	384.8	1.25	4.58	0	2,244	29	1.62	5.5	20.0	0.0	0.0	19.22	28	1.2758	2.0164	580	582.13	951.88	
997766	62	579.1	626.2	505.3	626.5	384.8	2.25	4.58	0	2,242	29	2.44	5.5	20.0	0.0	0.0	25.12	28	1.2758	2.0164	580	582.25	955.08	
998316	62	578.5	625.8	505.3	625.8	384.8	2.12	4.58	0	2,303	30	2.19	5.5	20.0	0.0	0.0	14.60	28	1.2758	2.0164	580	582.25	957.11	
998911	62	577.9	625.8	505.1	625.8	384.5	1.75	4.58	0	2,280	29	1.94	5.5	20.0	0.0	0.0	20.62	28	1.2758	2.0164	580	582.34	950.94	
999445	62	577.2	626.2	505.3	626.2	384.5	2.44	4.58	0	2,323	30	2.75	5.5	20.0	0.0	0.0	26.32	28	1.2758	2.0164	580	582.44	953.67	
999976	62	576.5	626.2	505.3	625.8	384.5	2.12	4.58	0	2,360	31	2.19	5.5	20.0	0.0	0.0	17.18	28	1.2758	2.0164	580	582.53	956.80	
1000544	62	575.8	626.2	505.2	626.5	384.5	1.94	4.58	0	2,388	31	2.19	5.5	20.0	0.0	0.0	25.10	28	1.2758	2.0164	580	582.53	950.31	
1001080	62	575.0	626.5	505.3	626.8	384.5	2.25	4.58	0	2,442	32	3.00	5.5	20.0	0.0	0.0	23.06	28	1.2758	2.0164	580	582.53	957.73	
1001605	62	574.3	627.2	505.5	626.8	384.2	1.25	4.58	0	2,451	32	1.38	5.5	20.0	0.0	0.0	12.35	28	1.2758	2.0164	580	582.53	958.83	
1002231	62	573.7	627.5	505.8	627.5	384.5	1.44	4.58	0	2,411	32	1.38	5.5	20.0	0.0	0.0	11.98	28	1.2758	2.0164	580	582.53	957.50	
1002850	62	573.1	627.8	506.2	628.2	383.8	1.75	4.58	0	2,344	30	1.12	5.5	20.0	0.0	0.0	18.73	28	1.2758	2.0164	580	582.53	971.95	
1003426	62	572.4	628.2	506.2	627.8	384.2	1.94	4.58	0	2,325	29	0.81	5.5	20.0	0.0	0.0	14.62	28	1.2758	2.0164	580	582.53	971.72	
1004010	62	571.9	628.5	506.1	628.5	383.5	1.75	4.58	0	2,315	30	1.12	5.5	20.0	0.0	0.0	12.59	28	1.2758	2.0164	580	582.53	965.31	
1004558	62	571.4	628.5	506.1	628.5	383.8	2.12	4.58	0	2,289	30	1.38	5.5	20.0	0.0	0.0	16.15	28	1.2758	2.0164	580	582.53	957.27	
1005097	62	570.9	628.5	506.1	628.5	383.5	2.44	4.58	0	2,327	30	2.75	5.5	20.0	0.0	0.0	27.38	28	1.2758	2.0164	580	582.44	951.72	
1005643	62	570.3	629.2	506.3	628.5	383.5	2.25	4.58	0	2,369	30	2.75	5.5	20.0	0.0	0.0	27.33	28	1.2758	2.0164	580	582.34	952.11	
1006250	62	569.5	629.2	506.0	628.8	383.2	2.62	4.58	0	2,436	31	3.00	5.5	20.0	0.0	0.0	28.55	28	1.2758	2.0164	580	582.13	952.11	
1006811	62	568.8	628.8	506.0	629.2	383.2	2.81	4.58	0	2,491	32	3.50	5.5	20.0	0.0	0.0	30.45	28	1.2758	2.0164	580	582.04	950.16	
1007345	62	567.9	629.5	506.6	629.8	383.2	-0.25	4.58	0	2,501	33	2.19	5.5	20.0	0.0	0.0	13.17	28	1.2758	2.0164	580	581.85	959.22	
1007970	62	567.2	630.2	506.8	630.2	383.2	1.56	4.58	0	2,519	33	1.94	5.5	20.0	0.0	0.0	11.46	28	1.2758	2.0164	580	581.64	958.91	
1008505	61	566.6	631.2	506.8	631.2	383.2	0.69	4.58	0	2,466	32	1.12	5.5	20.0	0.0	0.0	15.63	28	1.2758	2.0164	580	581.55	962.03	
1009038	62	566.1	631.2	507.1	631.5	383.2	1.56	4.58	0	2,366	31	1.38	5.5	20.0	0.0	0.0	18.91	28	1.2758	2.0164	580	581.33	976.80	
1009560	62	565.7	632.2	507.5	632.5	383.2	1.56	4.58	0	2,311	30	1.12	5.5	20.0	0.0	0.0	14.25	28	1.2758	2.0164	580	581.24	989.06	
1010103	62	565.4	632.5	507.8	632.2	383.2	2.25	4.58	0	2,267	29	2.19	5.5	20.0	0.0	0.0	27.21	28	1.2758	2.0164	580	581.15	961.17	
1010777	62	565.0	632.8	508.2	632.8	383.2	4.69	4.58	0	2,332	30	8.94	5.5	20.0	0.0	0.0	53.11	28	1.2758	2.0164	580	580.94	1,054.14	
1011307	62	564.4	633.2	507.8	633.2	383.2	6.81	4.58	0	2,442	32	14.31	5.5	20.0	0.0	0.0	70.64	28	1.2758	2.0164	580	580.54	1,291.80	
1011851	62	563.4	633.2	508.2	633.5	382.8	12.50	4.58	0	2,843	36	30.50	5.5	20.0	0.0	0.0	88.55	28	1.2758	2.0164	580	579.93	1,522.42	
1012432	62	563.0	634.5	508.5	634.2	383.5	15.81	4.58	0	3,138	40	38.88	5.5	20.0	0.0	0.0	86.98	28	1.2758	2.0078	575	579.25	1,522.11	
1012987	61	563.1	635.8	509.5	635.8	383.5	12.38	4.58	0	2,469	43	30.81	5.5	20.4	0.0	0.0	89.79	28	1.2758	2.0078	575	578.33	1,407.19	
1013550	60	564.3	638.2	510.6	638.2	383.8	9.56	4.58	0	2,241	46	21.88	5.5	20.0	0.0	0.0	87.84	28	1.2758	2.0156	575	577.54	1,500.39	
1014075	60	566.9	640.8	512.3	641.2	384.2	12.19	4.58	0	2,390	48	30.00	5.5	20.4	0.0	0.0	97.38	28	1.2758	2.0078	575	576.93	1,664.61	
1014601	59	570.2	643.8	513.8	644.2	384.5	22.06	4.58	0	2,496	51	62.12	5.5	20.0	0.0	0.0	116.55	28	1.2758	2.0156	575	576.65	1,608.28	
1015206	59	575.6	647.8	516.1	647.8	385.2	22.06	4.58	0	2,701	55	56.19	5.5	20.4	0.0	0.0	116.77	28	1.2758	2.0156	575	576.65	1,587.66	
1015740	59	581.8	651.5	517.8	651.8	385.5	16.69	4.58	0	2,834	57	39.69	5.5	20.4	0.0	0.0	80.39	28	1.2758	2.0320	575	577.14	1,295.94	
1016271	58	588.8	655.5	520.5	655.5	386.5	11.50	4.58	0	2,915	59	26.75	5.5	20.8	0.0	0.0	72.96	28	1.2758	2.0398	575	577.94	1,203.28	
1016796	58	596.0	659.5	522.8	660.2	386.8	9.94	4.58	0	2,698	60	26.75	5.5	20.4	0.0	0.0	89.58	28	1.2758	2.0312	575	579.13	1,234.61	
1017338	58	604.4	663.8	525.0	663.8	387.8	9.94	4.58	0	2,105	62	19.44	5.5	20.8	0.0	0.0	80.44	28	1.2758	2.0398	580	580.84	1,166.56	
1017874	58	612.4	667.5	527.8	668.2	388.2	8.88	4.58	0	2,142	63	18.38	5.5	20.8	0.0	0.0	77.04	28	1.2758	2.0398	580	582.53	1,136.80	
1018433	57	622.0	672.2	530.1	672.5	388.8	10.44	4.58	0	2,200	65	24.31	5.5	20.8	0.0	0.0	96.14	28	1.2758	2.0320	580	585.04	1,322.81	
1018963	57	630.4	675.8	532.2	675.8	389.5	13.19	4.58	0	2,233	65	32.12	5.5	20.4	0.0	0.0	91.97	28	1.2758	2.0320	585	587.55	1,348.91	
1019569	57	638.8	679.2	534.1	679.5	390.2	9.75	4.58	0	2,252	67	22.69	5.5	20.8	0.0	0.0	75.91	28	1.2758	2.0484	590	590.85	1,199.22	
1020152	57	648.4	683.2	537.0	683.2	390.8	5.94	4.58	0	2,303	67	11.88	5.5	20.8	0.0	0.0	51.14	28	1.2758	2.0484	590	594.34	1,025.62	
1020755	57	658.0	686.5	539.1	687.2	391.8	5.56	4.58	0	2,338	68	10.81	5.5	20.8	0.0	0.0	38.09	28	1.2758	2.0484	595	597.74	993.67	
1021395	57	664.3	690.5	541.3	690.5	392.5	1.25	4.58	0	2,342	69	1.62	5.5	20.8	0.0	0.0	12.47	28	1.2758	2.0398	600	600.44	967.03	
1021969	57	668.4	693.2	543.0	693.5	393.5	1.75	4.58	0	2,337	68	2.44	5.5	20.8	0.0	0.0	34.97	28	1.2758	2.0477	600	603.04	946.17	
1022517	57	673.4	695.5	544.3	695.5	393.5	4.00	4.58	0	2,310	68	5.69	5.5	20.8	0.0	0.0	20.70	28	1.2758	2.0563	605	605.43	963.28	
1023049	57	677.0	696.8	545.7	697.2	394.2	1.25	4.58	0	2,303	68	1.62	5.5	20.8	0.0	0.0	11.65	28	1.2758	2.0477	605	607.84	959.14	
1023606	57	679.8	698.5	546.6	698.5	394.5	1.25	4.58	0	2,239	67	0.81	5.5	20.8	0.0	0.0	13.83	28	1.2758	2.0477	605	609.53	970.55	
1024155	58	682.4	699.5	547.0	699.5	395.5	1.56	4.58	0	2,261	67	1.38	5.5	20.8	0.0	0.0	17.77	28	1.2758	2.0555	610	611.73	962.81	
1024711	58	684.9	700.5	547.6	700.2	395.5	1.75	4.58	0	2,262	67	2.19	5.5	20.4	0.0	0.0	13.59	28	1.2758	2.0391	610	613.54	962.66	
1025268	58	687.0	700.5	548.1	700.5	395.8	1.56	4.58	0	2,238	66	0.56	5.5	20.8	0.0	0.0	11.62	28	1.2758	2.0469	615	615.44	958.36	
1025807	59	688.8	700.5	548.5	700.5	396.5	1.56	4.58	0	2,270	66	1.94	5.5	20.8	0.0	0.0	17.70	28	1.2758	2.0469	615	617.03	958.20	
1026389	59	690.6	700.2	548.8	700.2	396.8	1.75	4.58	0	2,193	65	1.38	5.5	20.8	0.0	0.0	15.40	28	1.2758	2.0469	615	618.93	957.03	
1026929	59	691.9	699.8	548.6	699.8	397.2	1.25	4.58	0	2,182	65	1.12	5.5	20.8	0.0	0.0	9.82	28	1.2758	2.0469	620	620.33	957.19	
1027530	59	693.3	699.2	548.3	699.5	397.8	1.56	4.58	0	2,163	64	0.56	5.5	20.8	0.0	0.0	18.02	28	1.2758	2.0391	620	621.93	971.33	
1028110	60	694.5	698.8	548.3	698.8	397.8	1.56	4.58	0	2,086	62	-0.19	5.5	20.4	0.0	0.0	18.33	28	1.2758	2.0391	620	623.55	980.55	
1028734	60	695.6	697.8	548.0	697.8	398.2	1.56	4.58	0	2,022	60	0.31	5.5	20.4	0.0	0.0	18.42	28	1.2758	2.0391	625	625.23	986.02	
1029268	60	696.5	697.2	547.5	697.2	398.5	1.44	4.58	0	1,972	58	1.38	5.5	20.8	0.0	0.0	18.28	28	1.2758	2.0477	625	626.33	987.27	
1029873	61	697.6	695.5	547.0	695.5	398.8	1.25	4.58	0	1,891	56	1.12	5.5	20.8	0.0	0.0	18.42	28	1.2758	2.0477	625	627.74	987.11	
1030490	61	698.4	693.5	546.0	693.5	398.5	0.69	4.58	0	1,790	53	1.38	5.5	20.8	0.0	0.0	18.19	28	1.2758	2.0398	625	628.94	985.08	
1031047	61	699.2	691.8	545.5	691.8	398.8	0.38	4.58	0	1,665	50	1.38	5.5	20.8	0.0	0.0	18.09	28	1.2758	2.0312	630	630.13	983.05	
1031623	62	699.9	690.5	544.6	690.5	398.8	0.19	4.58	0	1,627	48	1.38	5.5	20.8	0.0	0.0	18.19	28	1.2758	2.0477	630	631.05	968.52	
1032101	62	700.4	688.8	544.3	689.2	399.2	4.19	4.58	0	1,950	47	4.06	5.5	20.8	0.0	0.0	23.32	27	1.2758	2.0398	630	632.24	985.94	
1032676	62	701.0	687.5	543.3	687.2	399.2	1.25	4.58	0	2,299	46	1.12	5.5	20.8	0.0	0.0	12.09	27	1.2758	2.0398	630	633.44	966.25	
1033218	62	701.4	685.8	542.6	685.5	398.8	2.44	4.58	0	2,188	44	1.38	5.5	20.8	0.0	0.0	18.84	27	1.2758	2.0398	630	634.44	969.14	
1033751	62	701.8	684.8	542.0	684.5	398.8	1.75	4.58	0	2,112	43	1.38	5.5	20.8	0.0	0.0	19.20	27	1.2758	2.0398	635	635.55	972.89	
1034302	62	702.1	682.8	541.0	682.8	398.5	1.56	4.58	0	2,050	41	-0.19	5.5	20.8	0.0	0.0	19.27	27	1.2758	2.0398	635	636.53	974.30	
1034912	62	702.6	681.5	540.5	680.8	399.2	1.56	4.58	0	1,996	40	0.31	5.5	20.8	0.0	0.0	19.38	27	1.2758	2.0398	635	637.63	985.16	
1035464	63	702.9	679.8	539.5	679.8	399.2	3.12	4.58	0	1,991	40	1.38	5.5	20.8	0.0	0.0	12.23	27	1.2758	2.0398	635	638.64	982.19	
1035995	63	703.2	678.2	538.5	677.8	398.8	1.75	4.58	0	1,984	39	1.38	5.5	20.8	0.0	0.0	20.27	27	1.2758	2.0398	635	639.53	961.41	
1036525	63	703.4	676.8	537.8	676.5	398.8	3.00	4.58	0	1,988	40	3.50	5.5	20.8	0.0	0.0	42.68	27	1.2758	2.0398	640	640.63	953.67	
1037066	63	703.4	675.5	537.1	675.2	398.5	4.38	4.58	0	2,016	41	6.50	5.5	20.8	0.0	0.0	46.10	27	1.2758	2.0398	640	642.04	964.22	
1037598	63	703.2	674.5	536.5	674.2	398.5	4.19	4.58	0	2,074	42	4.31	5.5	20.8	0.0	0.0	35.79	27	1.2758	2.0398	640	643.23	961.56	
1038112	62	702.7	673.2	536.0	673.5	398.5	3.69	4.58	0	2,158	42	4.62	5.5	20.8	0.0	0.0	42.28	27	1.2758	2.0398	640	644.33	948.75	
1038719	62	701.6	672.2	535.6	672.5	398.5	3.69	4.58	0	2,160	44	4.88	5.5	20.8	0.0	0.0	23.58	27	1.2758	2.0398	645	645.74	965.94	
1039286	61	700.8	672.5	535.6	672.5	398.5	1.75	4.58	0	2,133	43	1.38	5.5	20.8	0.0	0.0	12.12	27	1.2758	2.0398	645	646.84	959.92	
1039894	61	699.9	672.5	535.3	672.2	398.2	1.75	4.58	0	2,071	42	1.38	5.5	20.8	0.0	0.0	18.70	27	1.2758	2.0398	645	647.94	965.78	
1040448	61	699.3	672.2	535.3	672.2	398.2	1.75	4.58	0	2,056	42	1.38	5.5	20.8	0.0	0.0	12.40	27	1.2758	2.0398	645	648.93	970.62	
1040978	61	698.6	672.5	535.1	672.5	398.2	2.12	4.58	0	2,034	41	1.62	5.5	20.8	0.0	0.0	17.98	27	1.2758	2.0398	645	649.75	963.52	
1041500	61	698.0	672.2	535.0	672.2	397.8	2.25	4.58	0	2,037	41	1.62	5.5	20.8	0.0	0.0	26.16	27	1.2758	2.0398	650	650.55	948.98	
1042084	62	697.1	671.5	534.8	671.5	397.8	5.25	4.58	0	2,110	42	8.12	5.5	20.8	0.0	0.0	59.37	27	1.2758	2.0398	650	651.74	1,036.56	
1042599	62	695.8	671.5	534.8	671.5	397.5	6.25	4.58	0	2,138	44	11.62	5.5	20.8	0.0	0.0	67.71	27	1.2758	2.0398	650	652.84	1,122.50	
1043206	61	694.0	671.5	534.8	671.5	397.8	1.94	4.58	0	2,177	45	2.44	5.5	20.8	0.0	0.0	16.88	27	1.2758	2.0398	650	653.85	1,002.50	
1043735	60	692.8	671.8	535.0	671.8	397.8	0.56	4.58	0	2,156	45	1.12	5.5	20.4	0.0	0.0	12.14	27	1.2758	2.0320	650	654.65	971.17	
1044267	60	691.8	672.5	535.1	672.8	397.5	2.44	4.58	0	2,195	44	1.38	5.5	20.8	0.0	0.0	20.27	27	1.2758	2.0406	655	655.23	956.56	
1044796	60	690.6	673.2	535.5	672.8	397.8	3.69	4.58	0	2,192	44	4.88	5.5	20.8	0.0	0.0	44.41	27	1.2758	2.0406	655	656.03	945.70	
1045381	60	688.8	673.8	535.6	673.8	397.5	1.56	4.58	0	2,208	45	2.75	5.5	20.4	0.0	0.0	14.18	27	1.2758	2.0320	655	656.85	963.91	
1045978	60	687.7	674.5	535.8	674.5	397.2	2.12	4.58	0	2,175	45	0.81	5.5	20.4	0.0	0.0	12.14	27	1.2758	2.0320	655	657.53	960.47	
1046440	60	686.6	674.8	536.1	674.8	397.5	2.44	4.58	0	2,231	44	2.44	5.5	20.4	0.0	0.0	27.66	27	1.2758	2.0320	655	658.14	945.23	
1046869	60	685.3	675.5	536.2	675.5	397.5	3.31	4.58	0	2,238	45	4.31	5.5	20.4	0.0	0.0	37.78	27	1.2758	2.0320	655	658.63	948.52	
1047360	60	683.9	675.8	536.8	675.8	397.5	2.12	4.58	0	2,220	45	2.19	5.5	20.4	0.0	0.0	13.20	27	1.2758	2.0320	655	659.15	958.52	
1047837	60	682.8	676.2	536.7	676.2	397.5	1.44	4.58	0	2,181	45	1.38	5.5	20.4	0.0	0.0	11.84	27	1.2758	2.0320	655	659.64	959.06	
1048262	60	681.9	676.8	537.1	676.5	397.5	2.12	4.58	0	2,131	44	0.81	5.5	20.4	0.0	0.0	18.00	27	1.2758	2.0320	660	659.94	967.34	
1048763	60	681.0	677.5	537.3	677.2	397.5	1.75	4.58	0	2,152	43	1.12	5.5	20.4	0.0	0.0	18.70	27	1.2758	2.0320	660	660.34	977.73	
1049273	60	680.1	677.5	537.3	677.8	397.2	1.94	4.58	0	2,069	42	0.81	5.5	20.4	0.0	0.0	18.84	27	1.2758	2.0320	660	660.74	983.83	
1049782	61	679.4	677.5	537.1	677.5	396.8	1.56	4.58	0	2,003	40	1.12	5.5	20.4	0.0	0.0	18.82	27	1.2758	2.0320	660	661.14	986.41	
1050304	61	678.8	677.2	537.5	677.5	397.2	1.44	4.58	0	1,902	38	1.12	5.5	20.4	0.0	0.0	18.56	27	1.2758	2.0320	660	661.44	986.48	
1050806	61	678.2	677.2	537.3	677.5	396.5	0.88	4.58	0	1,841	37	0.81	5.5	20.4	0.0	0.0	18.45	27	1.2758	2.0320	660	661.75	984.92	
1051304	62	677.7	677.2	536.8	677.2	396.5	0.88	4.58	0	1,783	36	1.12	5.5	20.4	0.0	0.0	18.56	27	1.2758	2.0320	660	662.03	983.67	
1051843	62	677.2	676.8	536.6	676.8	396.5	0.56	4.58	0	1,698	35	1.12	5.5	20.4	0.0	0.0	18.38	27	1.2758	2.0320	660	662.43	981.48	
1052401	62	676.8	676.2	536.1	676.2	396.5	0.56	4.58	0	1,670	33	1.12	5.5	20.4	0.0	0.0	12.98	27	1.2758	2.0320	660	662.64	979.06	
1053008	62	676.3	675.5	535.8	675.5	396.2	2.12	4.58	0	2,020	32	0.31	5.5	20.4	0.0	0.0	13.27	27	1.2758	2.0320	660	663.04	968.52	
1053574	62	675.8	674.5	535.1	674.5	395.8	2.12	4.58	0	2,229	31	1.94	5.5	20.4	0.0	0.0	24.26	27	1.2758	2.0320	660	663.34	952.42	
1054271	63	675.0	673.8	535.0	673.8	395.5	2.44	4.58	0	2,462	32	3.00	5.5	20.4	0.0	0.0	15.38	27	1.2758	2.0320	660	663.65	958.91	
1054816	63	674.0	672.8	534.1	673.2	395.8	1.75	4.58	0	2,438	32	1.62	5.5	20.4	0.0	0.0	10.83	27	1.2758	2.0320	660	663.83	958.75	
1055329	62	673.1	672.8	534.1	672.8	395.5	2.25	4.58	0	2,413	31	1.62	5.5	20.4	0.0	0.0	17.84	27	1.2758	2.0320	660	664.05	952.81	
1055846	62	672.2	672.5	534.0	672.5	395.5	2.25	4.58	0	2,428	31	2.44	5.5	20.4	0.0	0.0	22.97	27	1.2758	2.0320	660	664.23	951.41	
1056361	62	671.1	672.5	533.8	672.2	395.2	2.12	4.58	0	2,459	32	2.75	5.5	20.4	0.0	0.0	24.00	27	1.2758	2.0320	660	664.44	946.80	
1056823	62	670.0	672.5	533.5	672.2	395.2	3.31	4.58	0	2,497	32	4.31	5.5	20.4	0.0	0.0	33.98	27	1.2758	2.0320	660	664.54	944.84	
1057342	62	668.7	672.5	533.6	672.5	395.2	3.31	4.58	0	2,582	33	5.12	5.5	20.4	0.0	0.0	34.55	27	1.2758	2.0320	660	664.63	948.36	
1057907	62	666.7	672.5	534.0	672.8	394.8	3.31	4.58	0	2,688	35	5.44	5.5	20.4	0.0	0.0	20.65	27	1.2758	2.0320	660	664.63	961.41	
1058481	62	665.0	673.8	534.1	673.8	394.8	1.56	4.58	0	2,621	34	1.94	5.5	20.4	0.0	0.0	12.07	27	1.2758	2.0320	660	664.63	958.20	
1059008	61	663.6	674.5	534.6	674.5	394.8	1.06	4.58	0	2,623	34	1.94	5.5	20.4	0.0	0.0	11.44	27	1.2758	2.0320	660	664.54	959.14	
1059534	61	662.2	675.5	535.1	675.5	394.5	1.56	4.58	0	2,434	32	1.94	5.5	20.4	0.0	0.0	18.47	27	1.2758	2.0320	660	664.54	969.61	
1060070	62	661.1	676.8	535.5	676.2	394.5	-2.50	4.58	0	2,464	31	1.62	5.5	20.4	0.0	0.0	11.72	27	1.2758	2.0320	660	664.54	978.91	
1060659	62	659.8	677.5	536.1	677.5	394.8	2.25	4.58	0	2,450	31	2.75	5.5	20.4	0.0	0.0	26.67	27	1.2758	2.0320	660	664.44	956.25	
1061221	62	658.3	678.2	536.0	677.8	394.5	3.31	4.58	0	2,471	32	4.88	5.5	20.4	0.0	0.0	35.77	27	1.2758	2.0320	660	664.35	957.73	
1061760	62	656.7	678.5	536.5	678.5	394.5	1.75	4.58	0	2,557	33	2.75	5.5	20.4	0.0	0.0	22.83	27	1.2758	2.0320	660	664.14	956.80	
1062398	62	655.1	679.2	536.7	679.2	394.2	2.81	4.58	0	2,614	34	3.50	5.5	20.4	0.0	0.0	29.77	27	1.2758	2.0320	660	663.83	949.53	
1062964	62	653.3	680.5	537.3	680.5	394.5	2.81	4.58	0	2,618	34	4.06	5.5	20.4	0.0	0.0	13.08	27	1.2758	2.0320	660	663.44	959.61	
1063535	61	651.7	681.5	538.0	681.5	394.8	2.12	4.58	0	2,618	34	1.94	5.5	20.4	0.0	0.0	11.55	27	1.2758	2.0320	660	663.25	959.45	
1064139	61	650.0	683.5	538.6	683.5	394.2	-0.62	4.58	0	2,573	33	1.62	5.5	20.4	0.0	0.0	16.95	27	1.2758	2.0320	660	662.94	962.58	
1064725	61	648.7	684.5	539.3	684.5	394.5	1.44	4.58	0	2,411	31	1.94	5.5	20.4	0.0	0.0	19.05	27	1.2758	2.0320	660	662.73	979.22	
1065318	62	647.6	685.2	539.8	685.2	394.2	1.56	4.58	0	2,301	30	1.38	5.5	20.4	0.0	0.0	19.20	27	1.2758	2.0320	660	662.43	989.06	
1065853	62	646.7	685.8	540.0	685.8	394.2	1.56	4.58	0	2,205	28	1.12	5.5	20.4	0.0	0.0	19.24	27	1.2758	2.0320	660	662.24	991.48	
1066388	62	645.9	686.5	540.0	686.5	394.2	0.56	4.58	0	2,202	28	1.12	5.5	20.4	0.0	0.0	14.98	27	1.2758	2.0320	660	662.03	981.02	
1066913	62	645.2	686.5	540.1	686.5	394.5	1.56	4.58	0	2,197	28	1.94	5.5	20.4	0.0	0.0	14.25	27	1.2758	2.0320	660	661.84	969.30	
1067465	62	644.4	686.8	540.3	686.8	394.2	1.94	4.58	0	2,143	28	1.12	5.5	20.4	0.0	0.0	11.95	27	1.2758	2.0320	660	661.54	963.28	
1068008	62	643.7	687.2	540.5	686.8	394.2	0.19	4.58	0	2,078	27	0.31	5.5	20.4	0.0	0.0	17.79	27	1.2758	2.0320	660	661.35	964.77	
1068559	62	643.0	686.8	540.1	687.2	394.2	1.44	4.58	0	1,906	24	0.81	5.5	20.4	0.0	0.0	19.31	27	1.2758	2.0320	660	661.14	973.36	
1069107	63	642.6	686.8	540.3	686.8	393.8	0.69	4.58	0	1,756	23	1.12	5.5	20.4	0.0	0.0	18.84	27	1.2758	2.0320	660	660.93	976.95	
1069633	63	642.3	686.5	540.1	686.8	393.5	0.38	4.58	0	1,665	21	1.38	5.5	20.4	0.0	0.0	13.20	27	1.2758	2.0320	660	660.74	977.81	
1070170	63	642.0	686.5	540.0	686.2	393.5	1.06	4.58	0	1,634	21	1.38	5.5	20.4	0.0	0.0	22.48	27	1.2758	2.0320	660	660.53	963.36	
1070712	63	641.6	686.2	539.8	686.2	393.8	2.81	4.58	0	1,720	22	3.25	5.5	20.4	0.0	0.0	45.59	27	1.2758	2.0320	660	660.34	977.58	
1071373	63	641.0	685.2	539.5	685.5	393.8	3.12	4.58	0	1,822	23	4.88	5.5	20.4	0.0	0.0	47.58	27	1.2758	2.0320	655	659.85	1,019.53	
1071902	63	640.0	685.2	539.5	685.2	393.5	4.19	4.58	0	1,921	25	5.44	5.5	20.4	0.0	0.0	31.76	27	1.2758	2.0320	655	659.43	1,018.59	
1072445	63	638.6	685.5	539.3	685.8	393.5	2.12	4.58	0	2,031	26	2.19	5.5	20.4	0.0	0.0	28.05	27	1.2758	2.0320	655	658.94	986.80	
1072984	63	637.5	686.2	539.6	686.2	393.5	1.44	4.58	0	1,998	26	1.38	5.5	20.4	0.0	0.0	12.42	27	1.2758	2.0320	655	658.54	966.48	
1073625	62	636.4	686.8	540.3	686.8	393.8	1.75	4.58	0	1,964	25	0.31	5.5	20.4	0.0	0.0	12.05	27	1.2758	2.0320	655	658.05	959.61	
1074217	62	635.2	688.2	540.8	688.2	394.2	3.00	4.58	0	1,890	24	0.81	5.5	20.4	0.0	0.0	17.32	27	1.2758	2.0320	655	657.65	957.34	
1074819	62	634.1	689.2	541.3	689.2	393.8	1.25	4.58	0	1,838	23	1.38	5.5	20.4	0.0	0.0	13.03	27	1.2758	2.0320	655	657.25	959.84	
1075334	62	633.2	689.8	541.6	689.8	393.8	0.69	4.58	0	1,806	23	1.12	5.5	20.4	0.0	0.0	12.28	27	1.2758	2.0320	655	656.85	961.25	
1075879	62	632.3	689.8	541.6	690.2	394.2	0.38	4.58	0	1,672	21	0.81	5.5	20.4	0.0	0.0	17.88	27	1.2758	2.0320	655	656.55	966.09	
1076413	63	631.6	690.8	542.3	690.5	394.2	0.19	4.58	0	1,553	20	1.12	5.5	20.4	0.0	0.0	18.49	27	1.2758	2.0320	655	656.24	970.70	
1076950	63	631.0	690.5	542.3	690.5	393.8	0.38	4.58	0	1,508	19	1.12	5.5	20.4	0.0	0.0	13.73	27	1.2758	2.0320	655	655.84	969.84	
1077504	63	630.3	690.2	542.1	690.5	393.8	0.69	4.58	0	1,418	18	1.12	5.5	20.4	0.0	0.0	11.93	27	1.2758	2.0320	655	655.54	969.92	
1078062	63	629.7	689.8	542.0	689.8	394.2	1.25	4.58	0	1,290	17	0.56	5.5	20.4	0.0	0.0	17.58	27	1.2758	2.0320	655	655.23	970.55	
1078619	63	629.2	689.5	541.6	689.5	393.8	0.88	4.58	0	1,189	15	0.56	5.5	20.4	0.0	0.0	19.38	27	1.2758	2.0320	655	654.93	971.64	
1079205	63	628.8	688.5	541.1	688.8	393.8	1.25	4.58	0	1,096	14	0.31	5.5	20.4	0.0	0.0	12.05	27	1.2758	2.0320	650	654.65	967.58	
1079741	63	628.4	688.2	541.1	688.2	393.8	1.25	4.58	0	943	12	0.31	5.5	20.4	0.0	0.0	13.05	27	1.2758	2.0320	650	654.34	964.45	
1080413	63	628.0	686.8	540.5	686.8	393.8	1.25	4.58	0	858	10	0.31	5.5	20.4	0.0	0.0	27.40	27	1.2758	2.0320	650	654.04	960.86	
1080947	63	627.6	685.8	540.1	685.8	394.2	1.25	4.58	0	901	10	0.81	5.5	20.4	0.0	0.0	25.01	27	1.2758	2.0320	650	653.64	961.17	
1081548	64	627.0	684.2	539.3	684.5	393.8	1.44	4.58	0	1,008	10	0.81	5.5	20.4	0.0	0.0	24.09	27	1.2758	2.0320	650	653.33	961.02	
1082161	64	626.4	683.2	538.8	683.5	393.8	1.56	4.58	0	1,135	10	0.81	5.5	20.4	0.0	0.0	25.15	27	1.2758	2.0320	650	652.94	958.75	
1082764	64	625.7	681.5	537.8	681.5	393.8	2.12	4.58	0	1,333	11	2.19	5.5	20.4	0.0	0.0	40.71	27	1.2758	2.0320	650	652.44	970.08	
1083283	64	624.9	681.2	537.7	681.5	394.2	1.75	4.58	0	1,359	12	2.44	5.5	20.4	0.0	0.0	39.54	27	1.2758	2.0320	650	652.05	980.94	
1083814	64	624.1	680.8	537.3	680.8	393.8	1.94	4.58	0	1,340	13	2.44	5.5	20.4	0.0	0.0	39.35	27	1.2758	2.0320	650	651.65	985.39	
1084396	64	623.0	680.5	537.2	680.5	393.5	1.94	4.58	0	1,335	15	2.19	5.5	20.4	0.0	0.0	39.14	27	1.2758	2.0320	650	651.13	988.20	
1084925	64	621.9	680.5	537.2	680.5	394.2	1.75	4.58	0	1,302	16	2.19	5.5	20.4	0.0	0.0	40.03	27	1.2758	2.0320	650	650.73	989.22	
1085494	63	620.8	680.8	537.3	680.8	394.2	2.12	4.58	0	1,390	18	2.44	5.5	20.4	0.0	0.0	37.27	27	1.2758	2.0320	650	650.15	990.86	
1086029	63	619.5	681.2	537.5	681.2	394.5	2.12	4.58	0	1,479	19	3.00	5.5	20.4	0.0	0.0	38.60	27	1.2758	2.0320	645	649.63	995.16	
1086602	63	618.2	682.2	538.2	682.2	394.2	2.25	4.58	0	1,613	21	3.50	5.5	20.4	0.0	0.0	42.23	27	1.2758	2.0320	645	649.05	1,004.30	
1087168	63	616.7	683.2	538.7	683.2	394.5	3.12	4.58	0	1,769	23	4.62	5.5	20.4	0.0	0.0	47.81	27	1.2758	2.0320	645	648.25	1,030.08	
1087751	63	615.1	684.5	539.3	684.5	394.8	3.69	4.58	0	1,945	25	5.94	5.5	20.4	0.0	0.0	47.91	27	1.2758	2.0320	645	647.33	1,053.36	
1088303	63	613.2	686.2	540.3	686.2	394.5	4.38	4.58	0	2,092	27	5.44	5.5	20.4	0.0	0.0	43.08	27	1.2758	2.0320	645	646.54	986.88	
1088912	62	611.3	687.8	541.0	688.2	394.8	4.19	4.58	0	2,235	29	7.06	5.5	20.4	0.0	0.0	44.06	27	1.2758	2.0320	645	645.53	963.05	
1089479	62	609.4	689.8	542.3	689.5	394.8	4.69	4.58	0	2,396	31	8.69	5.5	20.4	0.0	0.0	41.58	27	1.2758	2.0320	640	644.15	962.73	
1090016	62	607.6	692.5	543.1	692.8	395.2	3.00	4.58	0	2,522	33	4.62	5.5	20.4	0.0	0.0	15.54	27	1.2758	2.0320	640	643.05	967.81	
1090538	61	605.8	694.8	545.0	694.8	395.5	1.94	4.58	0	2,501	33	2.19	5.5	20.4	0.0	0.0	12.14	27	1.2758	2.0320	640	642.04	959.38	
1091117	61	604.5	697.8	546.1	697.8	395.8	2.44	4.58	0	2,600	32	3.00	5.5	20.4	0.0	0.0	26.09	27	1.2758	2.0320	640	641.15	946.17	
1091634	61	603.1	699.8	547.3	699.8	395.8	3.50	4.58	0	2,565	33	5.69	5.5	20.4	0.0	0.0	36.14	27	1.2758	2.0320	640	639.93	952.27	
1092184	61	601.7	701.5	548.8	702.2	396.2	1.25	4.58	0	2,598	34	2.19	5.5	20.4	0.0	0.0	12.16	27	1.2758	2.0320	635	639.04	959.45	
1092726	61	600.7	703.5	550.0	703.8	396.5	1.75	4.58	0	2,555	33	2.19	5.5	20.4	0.0	0.0	13.08	27	1.2758	2.0320	635	638.24	956.09	
1093259	61	599.7	705.8	551.3	705.8	396.8	2.62	4.58	0	2,610	33	3.81	5.5	20.4	0.0	0.0	34.36	27	1.2758	2.0320	635	637.14	940.55	
1093779	61	598.5	707.5	552.0	707.5	397.2	3.50	4.58	0	2,663	34	4.88	5.5	20.4	0.0	0.0	19.55	27	1.2758	2.0320	635	636.25	960.08	
1094311	61	597.6	708.8	553.0	708.8	397.2	1.44	4.58	0	2,615	34	2.44	5.5	20.4	0.0	0.0	12.07	27	1.2758	2.0320	635	635.43	960.16	
1094834	61	596.7	709.8	554.0	710.2	397.5	2.62	4.58	0	2,702	34	3.00	5.5	20.4	0.0	0.0	28.38	27	1.2758	2.0320	630	634.44	941.33	
1095384	61	595.9	711.5	554.8	711.5	397.5	4.00	4.58	0	2,690	35	7.06	5.5	20.4	0.0	0.0	24.61	27	1.2758	2.0320	630	633.44	959.45	
1095922	61	595.0	712.5	555.2	712.5	398.2	1.75	4.58	0	2,756	33	2.75	5.5	20.4	0.0	0.0	16.50	27	1.2758	2.0320	630	632.64	958.59	
1096474	61	594.2	714.2	556.1	713.8	398.5	2.12	4.58	0	2,699	35	3.00	5.5	20.4	0.0	0.0	28.36	27	1.2758	2.0320	630	631.54	940.94	
1097014	62	593.4	714.8	556.5	714.8	398.5	5.56	4.58	0	2,788	36	10.25	5.5	20.4	0.0	0.0	40.10	27	1.2758	2.0320	630	630.53	997.66	
1097668	62	592.6	715.5	557.1	715.8	398.8	1.75	4.58	0	2,833	37	2.44	5.5	20.4	0.0	0.0	12.21	27	1.2758	2.0320	625	629.33	967.58	
1098242	61	592.0	716.5	557.8	716.8	399.2	1.44	4.58	0	2,790	36	2.44	5.5	20.4	0.0	0.0	12.14	27	1.2758	2.0320	625	628.44	960.08	
1098762	61	591.4	717.8	558.5	717.8	399.8	6.62	4.58	0	2,710	36	2.75	5.5	20.4	0.0	0.0	14.34	27	1.2758	2.0320	625	627.74	956.95	
1099292	61	590.9	718.2	558.8	718.2	399.8	4.19	4.58	0	2,779	36	5.94	5.5	20.4	0.0	0.0	39.59	27	1.2758	2.0320	625	626.85	941.56	
1099842	62	590.3	718.5	559.3	718.8	400.2	5.75	4.58	0	2,919	38	11.06	5.5	20.4	0.0	0.0	47.79	27	1.2758	2.0320	625	625.54	1,025.16	
1100370	62	589.7	719.2	559.5	719.5	400.2	6.44	4.58	0	3,027	39	13.00	5.5	20.4	0.0	0.0	32.62	27	1.2758	2.0320	620	624.44	1,031.88	
1100946	61	589.2	719.8	560.1	719.8	400.5	1.06	4.58	0	2,541	40	5.12	5.5	20.4	0.0	0.0	37.76	23	1.2758	2.0320	620	623.15	971.64	
1101507	61	588.8	720.8	561.0	720.8	400.8	3.00	4.58	0	2,064	41	3.81	5.5	20.4	0.0	0.0	17.93	23	1.2758	2.0320	620	622.14	971.41	
1102063	61	588.5	721.5	561.5	721.8	401.2	1.56	4.58	0	1,977	40	0.00	5.5	20.4	0.0	0.0	11.67	23	1.2758	2.0320	620	621.13	961.72	
1102603	60	588.3	722.8	562.0	722.8	401.8	0.56	4.58	0	1,929	40	0.56	5.5	20.4	0.0	0.0	17.62	23	1.2758	2.0320	620	620.43	964.14	
1103144	61	588.2	722.8	562.1	722.8	401.8	1.25	4.58	0	1,865	37	0.81	5.5	20.4	0.0	0.0	18.23	23	1.2758	2.0320	615	619.63	968.36	
1103721	61	588.3	723.2	562.5	723.2	401.8	0.56	4.58	0	1,639	33	1.38	5.5	20.4	0.0	0.0	17.79	23	1.2758	2.0320	615	619.14	975.39	
1104256	61	588.5	723.2	562.5	722.8	402.5	0.38	4.58	0	1,443	29	1.12	5.5	20.4	0.0	0.0	17.79	23	1.2758	2.0320	615	618.44	977.11	
1104794	62	588.8	722.2	562.6	722.2	402.5	3.00	4.58	0	1,412	28	1.38	5.5	20.4	0.0	0.0	23.18	21	1.2758	2.0320	615	617.94	966.80	
1105317	62	589.1	721.5	562.0	721.5	402.5	3.31	4.58	0	1,920	28	4.31	5.5	20.4	0.0	0.0	52.52	21	1.2758	2.0320	615	617.33	972.81	
1105905	62	589.5	720.8	562.0	720.5	402.8	6.25	4.58	0	2,294	29	12.19	5.5	20.4	0.0	0.0	65.70	21	1.2758	2.0320	615	616.44	1,172.66	
1106535	62	589.9	719.5	561.1	719.5	402.8	9.56	4.58	0	2,514	32	21.62	5.5	20.4	0.0	0.0	72.70	21	1.2758	2.0320	615	615.13	1,253.75	
1107104	62	590.7	718.8	561.3	718.5	403.5	10.25	4.58	0	2,792	37	23.75	5.5	20.4	0.0	0.0	71.41	21	1.2758	2.0320	610	614.15	1,312.03	
1107615	61	591.3	718.8	561.0	718.8	404.2	10.81	4.58	0	2,960	39	23.75	5.5	20.8	0.0	0.0	55.20	21	1.2758	2.0406	610	613.14	1,162.03	
1108156	60	591.8	718.8	561.7	719.5	404.5	6.94	4.58	0	2,369	41	10.81	5.5	20.4	0.0	0.0	38.70	21	1.2758	2.0234	610	612.04	1,037.66	
1108802	59	592.4	720.5	562.5	720.5	404.8	0.69	4.58	0	2,016	41	0.56	5.5	20.4	0.0	0.0	13.17	21	1.2758	2.0234	610	611.15	976.09	
1109340	59	592.7	721.5	563.2	721.5	405.2	-0.94	4.58	0	1,956	41	0.56	5.5	20.4	0.0	0.0	15.14	21	1.2758	2.0320	610	610.44	966.02	
1109895	59	593.0	722.2	563.8	722.5	405.5	1.44	4.58	0	1,941	39	1.38	5.5	20.4	0.0	0.0	18.21	21	1.2758	2.0320	610	609.93	970.31	
1110454	59	593.5	722.5	564.1	722.2	405.5	0.88	4.58	0	1,791	36	1.12	5.5	20.4	0.0	0.0	17.88	21	1.2758	2.0320	605	609.34	971.02	
1110986	60	594.1	722.5	564.5	722.5	406.2	0.69	4.58	0	1,707	34	1.12	5.5	20.4	0.0	0.0	17.84	21	1.2758	2.0320	605	608.94	978.44	
1111551	60	594.8	721.8	564.0	721.5	406.2	0.38	4.58	0	1,642	33	2.44	5.5	20.4	0.0	0.0	12.49	19	1.2758	2.0320	605	608.43	977.34	
1112105	60	595.5	721.5	564.0	721.2	406.5	1.56	4.58	0	1,822	32	1.62	5.5	20.4	0.0	0.0	25.66	19	1.2758	2.0320	605	608.15	966.02	
1112643	61	596.2	720.2	563.6	720.5	406.5	3.31	4.58	0	2,424	32	4.62	5.5	20.4	0.0	0.0	37.73	19	1.2758	2.0242	605	607.63	949.30	
1113217	61	596.9	719.5	563.1	719.2	406.5	3.00	4.58	0	2,546	33	4.88	5.5	20.4	0.0	0.0	14.25	19	1.2758	2.0242	605	607.23	963.98	
1113771	61	597.4	717.8	562.7	717.8	407.2	1.75	4.58	0	2,542	33	1.62	5.5	20.0	0.0	0.0	12.00	19	1.2758	2.0156	605	606.93	958.83	
1114347	61	597.8	717.2	562.5	717.5	407.2	1.56	4.58	0	2,497	32	1.38	5.5	20.0	0.0	0.0	13.43	19	1.2758	2.0156	605	606.53	961.17	
1114970	61	598.2	716.5	562.1	716.2	407.5	1.56	4.58	0	2,410	31	1.38	5.5	20.4	0.0	0.0	18.61	19	1.2758	2.0242	605	606.34	977.11	
1115543	61	598.8	715.2	561.6	715.2	407.8	1.56	4.58	0	2,330	30	1.62	5.5	20.4	0.0	0.0	18.94	19	1.2758	2.0242	605	606.13	989.61	
1116144	62	599.6	713.5	561.0	713.5	407.8	1.56	4.58	0	2,236	29	0.81	5.5	20.4	0.0	0.0	18.98	19	1.2758	2.0242	605	605.94	993.83	
1116754	62	600.6	712.8	560.1	712.8	407.8	1.75	4.58	0	2,144	28	1.12	5.5	20.4	0.0	0.0	19.17	19	1.2758	2.0242	605	605.85	993.28	
1117294	62	601.5	710.8	559.3	710.5	408.2	1.75	4.58	0	2,015	26	1.62	5.5	20.4	0.0	0.0	19.24	19	1.2758	2.0242	605	605.73	991.41	
1117913	63	602.4	709.5	558.8	708.5	408.2	1.25	4.58	0	1,899	24	1.12	5.5	20.4	0.0	0.0	19.05	19	1.2758	2.0242	605	605.64	987.81	
1118455	63	603.3	707.8	557.8	707.5	407.8	0.88	4.58	0	1,808	23	1.38	5.5	20.4	0.0	0.0	19.17	19	1.2758	2.0242	605	605.64	985.94	
1119016	63	604.2	706.2	557.1	706.2	408.2	0.88	4.58	0	1,809	23	0.56	5.5	20.4	0.0	0.0	13.38	17	1.2758	2.0242	605	605.64	977.42	
1119557	63	605.0	704.5	556.1	704.5	407.8	1.75	4.58	0	1,815	23	1.94	5.5	20.4	0.0	0.0	30.21	17	1.2758	2.0242	605	605.55	971.33	
1120091	64	605.8	702.8	555.3	702.8	407.8	2.44	4.58	0	1,854	24	3.00	5.5	20.4	0.0	0.0	36.59	17	1.2758	2.0242	605	605.55	984.69	
1120706	64	606.6	700.8	554.8	700.8	407.8	2.12	4.58	0	1,915	25	2.44	5.5	20.4	0.0	0.0	21.40	17	1.2758	2.0242	605	605.55	1,005.47	
1121294	63	607.1	699.5	553.8	699.5	407.8	1.44	4.58	0	1,964	25	1.38	5.5	20.4	0.0	0.0	14.91	17	1.2758	2.0242	605	605.64	977.19	
1121810	63	607.4	698.8	553.1	698.5	408.2	1.56	4.58	0	1,912	25	1.12	5.5	20.4	0.0	0.0	11.11	17	1.2758	2.0242	605	605.64	969.84	
1122334	63	607.6	697.5	552.8	697.5	407.8	0.69	4.58	0	1,895	24	0.56	5.5	20.4	0.0	0.0	14.02	17	1.2758	2.0242	605	605.64	966.88	
1122917	63	607.9	696.5	552.3	696.2	407.8	0.56	4.58	0	1,733	22	1.12	5.5	20.4	0.0	0.0	19.15	17	1.2758	2.0242	605	605.73	968.67	
1123445	63	608.2	695.5	551.8	695.5	407.8	0.38	4.58	0	1,586	20	1.38	5.5	20.4	0.0	0.0	18.77	17	1.2758	2.0242	605	605.73	975.55	
1124133	63	608.6	694.2	551.2	694.2	407.8	0.38	4.58	0	1,466	19	1.12	5.5	20.4	0.0	0.0	18.82	17	1.2758	2.0242	605	605.85	976.80	
1124715	64	609.0	692.8	550.5	692.5	408.2	0.38	4.58	0	1,387	18	0.81	5.5	20.4	0.0	0.0	18.98	17	1.2758	2.0242	605	605.94	977.42	
1125231	64	609.5	690.8	549.6	690.8	407.8	0.56	4.58	0	1,297	17	0.81	5.5	20.4	0.0	0.0	18.66	17	1.2758	2.0242	605	606.04	977.19	
1125770	64	609.9	689.5	548.8	689.5	407.8	0.69	4.58	0	1,232	16	0.81	5.5	20.4	0.0	0.0	12.42	16	1.2758	2.0242	605	606.13	975.08	
1126333	64	610.3	687.8	548.2	687.8	407.8	1.25	4.58	0	1,231	15	0.56	5.5	20.4	0.0	0.0	15.33	16	1.2758	2.0242	605	606.25	970.31	
1126938	64	610.7	686.2	547.2	685.8	407.8	1.06	4.58	0	1,171	15	0.56	5.5	20.4	0.0	0.0	11.62	16	1.2758	2.0242	605	606.34	967.50	
1127532	64	610.9	684.5	546.5	684.2	407.8	1.25	4.58	0	1,195	15	0.56	5.5	20.4	0.0	0.0	11.77	16	1.2758	2.0242	605	606.34	965.94	
1128154	64	611.2	682.5	545.1	682.2	407.5	1.56	4.58	0	1,087	14	0.56	5.5	20.4	0.0	0.0	11.86	16	1.2758	2.0242	605	606.44	964.92	
1128680	64	611.4	680.8	544.1	680.5	407.5	1.06	4.58	0	1,071	13	0.31	5.5	20.4	0.0	0.0	13.08	16	1.2758	2.0242	605	606.53	963.36	
1129279	64	611.6	678.8	543.0	678.2	407.5	1.25	4.58	0	1,010	13	0.31	5.5	20.4	0.0	0.0	16.83	16	1.2758	2.0242	605	606.65	962.66	
1129832	64	611.7	677.2	542.5	676.8	407.5	1.44	4.58	0	1,060	13	0.81	5.5	20.4	0.0	0.0	34.90	16	1.2758	2.0242	605	606.74	959.45	
1130378	65	611.8	675.5	541.8	675.5	407.5	1.56	4.58	0	1,305	14	1.38	5.5	20.4	0.0	0.0	28.57	16	1.2758	2.0242	605	606.83	965.94	
1130919	65	611.8	673.5	540.8	673.2	407.5	1.44	4.58	0	1,212	15	1.12	5.5	20.4	0.0	0.0	27.52	16	1.2758	2.0242	605	606.83	967.81	
1131450	65	611.8	672.2	539.7	672.2	407.2	1.44	4.58	0	1,148	15	0.81	5.5	20.4	0.0	0.0	16.73	16	1.2758	2.0242	605	606.93	964.53	
1132000	64	611.7	670.5	539.0	670.5	407.2	1.06	4.58	0	1,171	15	0.56	5.5	20.4	0.0	0.0	15.54	16	1.2758	2.0242	605	607.05	961.02	
1132583	64	611.6	669.2	538.3	668.8	406.8	1.75	4.58	0	1,241	15	1.38	5.5	20.4	0.0	0.0	37.20	16	1.2758	2.0242	605	607.14	962.89	
1133209	65	611.4	668.2	537.6	667.8	406.8	1.94	4.58	0	1,377	17	2.44	5.5	20.4	0.0	0.0	43.71	16	1.2758	2.0242	605	607.23	976.48	
1133738	65	611.1	666.8	536.8	666.8	406.5	2.25	4.58	0	1,448	19	3.81	5.5	20.4	0.0	0.0	31.01	16	1.2758	2.0242	605	607.35	990.70	
1134272	64	610.7	665.8	536.5	665.8	406.8	1.25	4.58	0	1,505	19	1.38	5.5	20.4	0.0	0.0	12.33	16	1.2758	2.0242	605	607.44	976.41	
1134835	64	610.3	664.8	536.0	664.8	406.8	0.56	4.58	0	1,491	19	0.81	5.5	20.4	0.0	0.0	12.19	16	1.2758	2.0242	605	607.54	968.59	
1135409	64	609.9	664.5	535.6	664.5	406.5	0.69	4.58	0	1,449	18	1.12	5.5	20.4	0.0	0.0	12.19	16	1.2758	2.0242	605	607.63	965.70	
1135959	64	609.6	663.8	535.2	663.5	406.5	0.00	4.58	0	1,328	17	0.00	5.5	20.4	0.0	0.0	16.27	16	1.2758	2.0242	605	607.75	964.38	
1136526	64	609.3	662.8	534.5	662.8	406.2	1.06	4.58	0	1,105	16	1.12	5.5	20.4	0.0	0.0	12.09	16	1.2758	2.0242	605	607.84	968.05	
1137057	64	609.0	661.8	534.5	662.2	406.2	1.06	4.58	0	1,179	15	0.56	5.5	20.4	0.0	0.0	12.63	16	1.2758	2.0242	605	607.84	965.70	
1137636	64	608.7	661.2	534.1	661.2	406.5	1.06	4.58	0	1,169	15	0.31	5.5	20.4	0.0	0.0	12.30	16	1.2758	2.0242	605	607.94	964.22	
1138195	64	608.5	660.5	533.3	660.2	406.2	1.06	4.58	0	1,135	14	0.31	5.5	20.4	0.0	0.0	12.63	16	1.2758	2.0242	605	607.94	963.28	
1138738	64	608.2	659.2	532.8	659.2	406.5	1.25	4.58	0	1,098	14	0.31	5.5	20.4	0.0	0.0	12.56	16	1.2758	2.0242	605	608.03	962.58	
1139315	64	607.9	658.2	532.2	657.8	405.8	1.25	4.58	0	1,061	13	0.31	5.5	20.4	0.0	0.0	15.54	16	1.2758	2.0242	605	608.03	961.33	
1139894	64	607.6	656.8	531.5	656.5	405.8	1.25	4.58	0	1,062	13	0.56	5.5	20.4	0.0	0.0	16.83	16	1.2758	2.0242	605	608.03	961.02	
1140456	64	607.3	655.8	530.8	655.5	405.5	1.25	4.58	0	1,061	13	0.56	5.5	20.4	0.0	0.0	17.25	16	1.2758	2.0242	605	608.03	960.86	
1140991	64	607.0	654.2	530.0	654.2	405.8	1.25	4.58	0	1,086	14	0.56	5.5	20.4	0.0	0.0	25.64	16	1.2758	2.0242	605	608.15	958.05	
1141528	65	606.7	652.8	529.3	652.8	405.5	1.44	4.58	0	1,219	14	1.12	5.5	20.4	0.0	0.0	25.27	16	1.2758	2.0242	605	608.15	961.64	
1142165	65	606.3	652.2	528.6	651.8	405.5	1.44	4.58	0	1,198	15	1.12	5.5	20.4	0.0	0.0	27.54	16	1.2758	2.0242	605	608.15	963.28	
1142698	65	605.9	650.5	527.6	650.8	405.2	1.56	4.58	0	1,247	16	1.12	5.5	20.4	0.0	0.0	26.18	16	1.2758	2.0242	605	608.15	965.62	
1143277	65	605.4	649.5	527.3	649.5	405.2	0.88	4.58	0	1,245	16	0.81	5.5	20.4	0.0	0.0	13.62	16	1.2758	2.0242	605	608.15	963.52	
1143808	64	605.0	649.2	527.0	649.2	404.8	1.25	4.58	0	1,253	16	0.56	5.5	20.4	0.0	0.0	12.33	16	1.2758	2.0242	605	608.15	961.88	
1144349	64	604.6	647.8	526.5	648.2	404.8	1.25	4.58	0	1,202	15	0.56	5.5	20.4	0.0	0.0	12.16	16	1.2758	2.0242	605	608.15	961.17	
1144908	64	604.2	647.5	525.8	647.5	404.5	1.06	4.58	0	1,178	15	0.31	5.5	20.4	0.0	0.0	15.14	16	1.2758	2.0242	605	608.24	959.84	
1145478	65	603.7	646.5	525.6	646.5	404.5	1.25	4.58	0	1,188	15	0.81	5.5	20.4	0.0	0.0	19.90	16	1.2758	2.0242	605	608.24	961.25	
1146004	65	603.3	645.5	525.0	645.5	404.2	1.25	4.58	0	1,179	15	0.81	5.5	20.4	0.0	0.0	24.59	16	1.2758	2.0242	605	608.24	961.25	
1146585	65	602.8	644.8	524.6	644.8	404.5	1.94	4.58	0	1,264	16	1.62	5.5	20.4	0.0	0.0	43.31	16	1.2758	2.0242	605	608.15	964.38	
1147165	65	602.2	644.2	524.5	643.8	404.2	2.12	4.58	0	1,379	18	3.25	5.5	20.4	0.0	0.0	44.86	16	1.2758	2.0242	605	608.15	993.59	
1147727	65	601.4	643.5	524.0	643.5	404.2	1.44	4.58	0	1,440	19	1.94	5.5	20.4	0.0	0.0	17.53	16	1.2758	2.0242	605	608.15	978.36	
1148261	64	600.8	643.5	523.8	643.2	404.2	1.06	4.58	0	1,453	19	1.12	5.5	20.4	0.0	0.0	14.70	16	1.2758	2.0242	605	608.15	969.69	
1148822	64	600.1	642.8	523.7	642.8	404.2	0.69	4.58	0	1,463	19	0.81	5.5	20.4	0.0	0.0	11.84	16	1.2758	2.0242	605	608.15	965.62	
1149344	64	599.6	642.5	523.3	642.5	403.8	0.88	4.58	0	1,371	17	0.31	5.5	20.4	0.0	0.0	16.08	16	1.2758	2.0242	605	608.15	964.14	
1149869	64	599.1	642.5	523.1	642.5	403.8	0.88	4.58	0	1,163	15	0.56	5.5	20.4	0.0	0.0	12.23	16	1.2758	2.0242	605	608.03	965.23	
1150477	64	598.6	641.8	522.8	642.5	403.8	1.06	4.58	0	1,043	13	0.31	5.5	20.4	0.0	0.0	13.55	16	1.2758	2.0242	605	608.03	963.44	
1151044	64	598.1	641.8	522.6	641.8	403.8	1.44	4.58	0	980	12	0.31	5.5	20.4	0.0	0.0	19.36	16	1.2758	2.0242	605	607.94	961.88	
1151555	65	597.5	641.2	522.3	641.2	403.8	1.44	4.58	0	991	12	0.56	5.5	20.4	0.0	0.0	23.06	16	1.2758	2.0242	605	607.94	961.72	
1152080	65	597.1	640.5	522.0	640.5	403.2	1.25	4.58	0	1,073	13	0.56	5.5	20.4	0.0	0.0	21.40	16	1.2758	2.0242	605	607.84	959.30	
1152666	65	596.5	639.8	521.5	639.8	403.2	1.56	4.58	0	1,193	13	1.12	5.5	20.4	0.0	0.0	27.07	16	1.2758	2.0242	605	607.75	961.56	
1153211	65	595.9	639.5	521.5	639.2	403.2	1.56	4.58	0	1,202	14	1.38	5.5	20.4	0.0	0.0	20.53	16	1.2758	2.0242	605	607.75	962.03	
1153792	65	595.3	639.2	521.2	638.8	403.2	1.25	4.58	0	1,139	14	0.56	5.5	20.4	0.0	0.0	20.60	16	1.2758	2.0242	605	607.63	959.53	
1154370	65	594.7	638.5	520.8	638.2	403.2	1.75	4.58	0	1,203	14	1.38	5.5	20.4	0.0	0.0	37.73	16	1.2758	2.0242	605	607.54	962.81	
1154925	65	594.0	637.5	520.3	637.5	403.2	1.44	4.58	0	1,317	15	1.62	5.5	20.4	0.0	0.0	22.64	16	1.2758	2.0242	605	607.44	967.97	
1155491	65	593.3	637.2	520.1	636.8	402.5	1.06	4.58	0	1,202	16	0.56	5.5	20.4	0.0	0.0	13.48	16	1.2758	2.0242	605	607.35	964.69	
1156105	64	592.6	637.2	519.8	637.2	402.8	0.88	4.58	0	1,185	15	0.56	5.5	20.4	0.0	0.0	13.43	16	1.2758	2.0242	605	607.23	962.81	
1156637	64	592.1	636.5	519.8	636.5	402.8	1.25	4.58	0	1,144	15	0.56	5.5	20.4	0.0	0.0	12.70	16	1.2758	2.0242	605	607.14	961.33	
1157162	64	591.6	636.5	519.5	636.5	402.8	1.44	4.58	0	1,102	14	0.31	5.5	20.4	0.0	0.0	12.96	16	1.2758	2.0242	605	607.05	962.11	
1157770	64	591.0	636.5	519.3	636.5	402.2	1.06	4.58	0	1,002	13	0.31	5.5	20.4	0.0	0.0	12.16	16	1.2758	2.0242	605	606.93	961.17	
1158383	65	590.4	635.5	519.1	635.5	402.5	1.25	4.58	0	909	11	0.31	5.5	20.4	0.0	0.0	12.23	16	1.2758	2.0242	605	606.83	959.69	
1158949	65	589.9	635.2	518.7	635.2	402.5	1.44	4.58	0	875	11	0.31	5.5	20.4	0.0	0.0	21.96	16	1.2758	2.0242	605	606.65	959.61	
1159613	65	589.5	634.8	518.3	634.8	402.2	1.44	4.58	0	926	11	0.56	5.5	20.4	0.0	0.0	24.09	16	1.2758	2.0242	605	606.53	959.06	
1160151	65	588.9	633.8	518.2	633.8	402.2	1.75	4.58	0	1,116	12	1.12	5.5	20.4	0.0	0.0	35.09	16	1.2758	2.0242	605	606.44	960.62	
1160738	65	588.1	633.2	517.7	633.2	401.8	1.56	4.58	0	1,218	13	1.38	5.5	20.4	0.0	0.0	30.09	16	1.2758	2.0242	605	606.25	967.73	
1161297	65	587.5	632.5	517.0	632.2	401.5	1.75	4.58	0	1,106	14	1.12	5.5	20.4	0.0	0.0	20.60	16	1.2758	2.0242	605	606.13	963.67	
1161854	65	586.9	632.2	517.1	631.8	401.5	1.06	4.58	0	1,112	14	0.56	5.5	20.4	0.0	0.0	16.12	16	1.2758	2.0242	605	605.94	962.11	
1162403	65	586.3	631.8	516.8	631.5	401.5	1.25	4.58	0	1,092	14	0.56	5.5	20.4	0.0	0.0	17.37	16	1.2758	2.0242	605	605.85	961.17	
1162988	65	585.6	631.8	516.6	632.2	401.2	1.25	4.58	0	1,082	14	0.56	5.5	20.4	0.0	0.0	17.98	16	1.2758	2.0242	605	605.64	960.31	
1163534	65	585.1	631.5	516.5	631.5	401.5	1.25	4.58	0	1,048	13	0.56	5.5	20.4	0.0	0.0	17.88	16	1.2758	2.0242	605	605.55	961.17	
1164102	65	584.5	630.8	516.0	630.8	401.5	1.44	4.58	0	1,012	12	0.56	5.5	20.4	0.0	0.0	22.76	16	1.2758	2.0242	605	605.33	961.17	
1164686	65	583.9	630.5	515.5	630.8	400.8	1.44	4.58	0	1,066	12	0.56	5.5	20.4	0.0	0.0	21.12	16	1.2758	2.0242	605	605.24	961.72	
1165225	65	583.3	630.2	515.6	630.2	400.5	1.25	4.58	0	1,057	12	0.56	5.5	20.4	0.0	0.0	21.09	16	1.2758	2.0242	605	605.03	962.11	
1165830	65	582.7	629.5	515.3	629.8	400.8	1.25	4.58	0	1,002	12	0.31	5.5	20.4	0.0	0.0	30.96	16	1.2758	2.0242	600	604.84	956.09	
1166424	65	582.0	629.5	514.8	629.2	400.5	1.75	4.58	0	1,280	13	1.62	5.5	20.4	0.0	0.0	36.23	16	1.2758	2.0242	600	604.63	960.31	
1167009	65	581.1	629.2	514.6	629.2	400.5	2.44	4.58	0	1,417	15	4.31	5.5	20.4	0.0	0.0	47.77	16	1.2758	2.0242	600	604.44	989.77	
1167565	65	580.2	629.2	514.5	628.8	400.5	1.06	4.58	0	1,266	16	1.12	5.5	20.4	0.0	0.0	17.67	16	1.2758	2.0242	600	604.14	978.36	
1168097	65	579.4	628.8	514.5	628.8	400.2	1.44	4.58	0	1,221	15	0.56	5.5	20.4	0.0	0.0	12.09	16	1.2758	2.0242	600	603.93	967.97	
1168769	64	578.7	629.2	514.8	629.2	400.2	1.25	4.58	0	962	11	0.31	5.5	20.4	0.0	0.0	23.51	16	1.2758	2.0242	600	603.65	961.95	
1169301	65	578.0	629.5	514.8	629.2	400.2	1.44	4.58	0	1,064	7	0.56	5.5	20.4	0.0	0.0	20.62	16	1.2758	2.0242	600	603.44	961.41	
1169889	65	577.1	629.2	514.8	629.2	399.8	1.25	4.58	0	1,057	4	0.31	5.5	20.4	0.0	0.0	18.49	16	1.2758	2.0242	600	603.25	961.64	
1170432	65	576.5	629.2	514.6	629.5	399.8	1.75	4.58	0	938	4	1.12	5.5	20.4	0.0	0.0	34.66	16	1.2758	2.0242	600	603.04	965.16	
1171028	65	575.7	629.2	514.3	629.2	399.5	1.44	4.58	0	991	5	0.81	5.5	20.4	0.0	0.0	26.18	16	1.2758	2.0242	600	602.73	965.94	
1171551	65	575.1	629.2	514.5	629.2	399.5	1.44	4.58	0	998	4	0.81	5.5	20.4	0.0	0.0	26.06	16	1.2758	2.0242	600	602.55	965.00	
1172102	65	574.4	628.8	514.2	629.2	399.5	1.44	4.58	0	1,027	4	0.81	5.5	20.4	0.0	0.0	26.04	16	1.2758	2.0242	600	602.24	965.08	
1172655	65	573.7	628.8	514.1	629.2	399.5	1.44	4.58	0	1,006	3	0.56	5.5	20.4	0.0	0.0	25.48	16	1.2758	2.0242	600	602.03	962.97	
1173231	65	572.9	629.2	514.2	629.2	399.5	1.56	4.58	0	1,065	3	1.12	5.5	20.4	0.0	0.0	28.85	16	1.2758	2.0242	600	601.75	966.48	
1173763	65	572.2	629.2	514.0	629.2	399.2	1.44	4.58	0	1,107	3	0.81	5.5	20.4	0.0	0.0	28.03	16	1.2758	2.0242	600	601.44	967.73	
1174341	65	571.4	629.2	514.0	628.8	399.2	1.44	4.58	0	1,114	3	1.12	5.5	20.4	0.0	0.0	28.43	16	1.2758	2.0242	600	601.14	966.88	
1174891	65	570.7	629.5	514.1	629.2	398.8	1.56	4.58	0	1,095	4	1.12	5.5	20.4	0.0	0.0	32.16	16	1.2758	2.0242	600	600.93	970.00	
1175482	65	569.9	629.5	514.1	629.5	398.5	1.56	4.58	0	1,144	4	1.12	5.5	20.4	0.0	0.0	25.76	16	1.2758	2.0242	600	600.65	971.80	
1176061	65	569.1	630.2	514.1	630.2	398.8	1.44	4.58	0	1,175	5	0.81	5.5	20.4	0.0	0.0	25.99	16	1.2758	2.0242	600	600.25	971.48	
1176605	65	568.3	630.2	514.3	630.2	398.5	1.25	4.58	0	1,062	5	0.56	5.5	20.4	0.0	0.0	30.21	16	1.2758	2.0242	600	600.04	967.50	
1177306	65	567.6	630.5	514.5	630.5	398.2	1.56	4.58	0	1,274	6	1.38	5.5	20.4	0.0	0.0	31.73	16	1.2758	2.0242	595	599.55	969.30	
1177877	65	566.6	630.5	514.5	630.5	398.5	1.56	4.58	0	1,261	7	1.38	5.5	20.4	0.0	0.0	32.04	16	1.2758	2.0242	595	599.24	970.16	
1178411	65	565.7	631.2	514.7	630.8	398.8	1.75	4.58	0	1,276	9	1.38	5.5	20.4	0.0	0.0	28.03	16	1.2758	2.0242	595	598.94	973.67	
1178967	65	564.9	631.5	514.8	631.5	398.5	1.44	4.58	0	1,220	10	1.12	5.5	20.4	0.0	0.0	27.75	16	1.2758	2.0242	595	598.54	971.33	
1179515	65	564.1	632.2	515.0	632.2	397.8	1.56	4.58	0	1,239	10	1.12	5.5	20.4	0.0	0.0	26.44	16	1.2758	2.0242	595	598.14	969.77	
1180070	65	563.3	632.5	515.5	632.8	398.5	1.25	4.58	0	1,220	11	1.12	5.5	20.4	0.0	0.0	26.81	16	1.2758	2.0242	595	597.74	968.52	
1180649	65	562.4	633.2	515.5	633.2	398.2	1.56	4.58	0	1,259	12	1.12	5.5	20.4	0.0	0.0	27.63	16	1.2758	2.0242	595	597.34	968.75	
1181250	65	561.6	633.5	515.6	633.5	398.2	1.44	4.58	0	1,260	13	1.12	5.5	20.4	0.0	0.0	25.05	16	1.2758	2.0242	595	596.94	968.28	
1181792	65	560.8	634.2	516.2	634.5	398.2	1.44	4.58	0	1,212	14	1.12	5.5	20.4	0.0	0.0	26.84	16	1.2758	2.0242	595	596.64	968.36	
1182319	65	560.0	634.8	516.5	635.2	398.5	1.44	4.58	0	1,252	15	1.12	5.5	20.4	0.0	0.0	26.53	16	1.2758	2.0242	595	596.24	967.66	
1182861	65	559.3	635.5	516.8	635.5	398.2	1.56	4.58	0	1,246	15	1.12	5.5	20.4	0.0	0.0	26.74	16	1.2758	2.0242	595	595.84	969.84	
1183420	65	558.5	635.8	517.0	636.2	398.2	-0.25	4.58	0	1,170	15	0.56	5.5	20.4	0.0	0.0	18.26	16	1.2758	2.0242	595	595.54	964.84	
1183946	64	557.8	636.8	517.5	636.5	398.2	0.69	4.58	0	1,207	15	0.31	5.5	20.4	0.0	0.0	17.04	16	1.2758	2.0242	595	595.14	960.47	
1184509	64	557.1	637.2	517.7	637.5	398.5	1.56	4.58	0	1,237	15	1.12	5.5	20.4	0.0	0.0	34.83	16	1.2758	2.0242	590	594.74	962.66	
1185048	65	556.4	637.8	518.1	637.5	398.5	1.94	4.58	0	1,385	16	2.19	5.5	20.4	0.0	0.0	39.73	16	1.2758	2.0242	590	594.25	973.44	
1185621	65	555.5	637.8	518.1	637.8	398.8	1.94	4.58	0	1,353	18	2.19	5.5	20.4	0.0	0.0	31.99	16	1.2758	2.0242	590	593.85	984.84	
1186290	64	554.7	638.2	518.5	638.2	398.2	1.94	4.58	0	1,321	18	0.81	5.5	20.4	0.0	0.0	13.62	16	1.2758	2.0242	590	593.24	969.69	
1186823	64	554.0	638.5	518.5	638.5	398.5	0.88	4.58	0	1,368	17	0.81	5.5	20.4	0.0	0.0	12.21	16	1.2758	2.0242	590	592.94	965.39	
1187360	64	553.2	639.5	519.0	639.5	398.5	0.88	4.58	0	1,319	17	-0.19	5.5	20.4	0.0	0.0	16.08	16	1.2758	2.0242	590	592.54	964.06	
1187905	64	552.6	639.8	519.1	639.8	398.5	2.25	4.58	0	1,222	16	0.56	5.5	20.4	0.0	0.0	12.26	16	1.2758	2.0242	590	592.14	962.97	
1188463	64	552.1	640.2	519.1	640.5	398.8	1.06	4.58	0	1,265	16	0.81	5.5	20.4	0.0	0.0	20.98	16	1.2758	2.0242	590	591.74	963.59	
1188994	64	551.5	639.8	519.3	640.2	398.8	1.56	4.58	0	1,275	16	1.12	5.5	20.4	0.0	0.0	24.70	16	1.2758	2.0242	590	591.34	964.38	
1189506	65	551.0	639.8	519.1	639.8	398.5	1.44	4.58	0	1,316	17	1.12	5.5	20.4	0.0	0.0	22.69	16	1.2758	2.0242	590	590.94	966.56	
1190028	65	550.4	639.8	519.3	639.5	398.8	1.25	4.58	0	1,352	17	1.38	5.5	20.4	0.0	0.0	20.91	16	1.2758	2.0242	590	590.55	968.20	
1190540	65	549.9	639.8	519.1	639.8	398.8	0.88	4.58	0	1,325	17	0.81	5.5	20.4	0.0	0.0	13.34	16	1.2758	2.0242	590	590.15	968.12	
1191127	64	549.4	639.5	519.3	639.8	398.8	0.69	4.58	0	1,327	17	0.81	5.5	20.4	0.0	0.0	11.72	16	1.2758	2.0242	585	589.84	967.58	
1191685	64	548.9	639.5	519.1	639.5	398.8	0.19	4.58	0	1,179	16	0.00	5.5	20.4	0.0	0.0	16.20	16	1.2758	2.0242	585	589.44	968.20	
1192282	65	548.4	639.2	519.1	639.5	398.8	1.56	4.58	0	1,164	14	0.56	5.5	20.4	0.0	0.0	12.59	16	1.2758	2.0242	585	589.05	967.34	
1192900	65	548.0	639.5	519.3	639.2	398.8	1.25	4.58	0	1,125	14	0.56	5.5	20.4	0.0	0.0	16.97	16	1.2758	2.0242	585	588.65	964.38	
1193445	65	547.6	638.5	518.8	638.5	398.8	1.25	4.58	0	1,132	14	0.56	5.5	20.4	0.0	0.0	20.25	16	1.2758	2.0242	585	588.25	962.81	
1193989	65	547.1	638.5	518.6	638.5	398.8	1.44	4.58	0	1,146	15	0.81	5.5	20.4	0.0	0.0	26.65	16	1.2758	2.0242	585	587.85	962.19	
1194519	65	546.7	638.2	518.5	637.8	399.2	1.56	4.58	0	1,210	15	1.12	5.5	20.4	0.0	0.0	30.61	16	1.2758	2.0242	585	587.43	963.91	
1195190	65	546.1	637.5	518.3	637.5	398.8	1.56	4.58	0	1,295	16	1.38	5.5	20.4	0.0	0.0	31.31	16	1.2758	2.0242	585	586.84	968.05	
1195738	65	545.6	637.5	518.1	636.8	398.8	1.56	4.58	0	1,341	17	1.38	5.5	20.4	0.0	0.0	28.66	16	1.2758	2.0242	585	586.44	971.09	
1196334	65	544.7	637.2	518.0	637.2	398.8	1.44	4.58	0	1,415	18	1.38	5.5	20.4	0.0	0.0	26.02	16	1.2758	2.0242	585	585.93	972.50	
1196856	65	544.1	636.8	518.1	636.8	399.5	-1.12	4.58	0	1,340	18	1.12	5.5	20.4	0.0	0.0	12.45	16	1.2758	2.0242	585	585.44	967.03	
1197402	64	543.6	637.2	518.0	636.8	399.2	0.56	4.58	0	1,401	18	0.81	5.5	20.4	0.0	0.0	12.21	16	1.2758	2.0242	585	585.04	964.22	
1197959	64	543.0	637.5	518.5	637.5	399.5	0.69	4.58	0	1,356	17	0.81	5.5	20.4	0.0	0.0	11.11	16	1.2758	2.0242	580	584.64	962.66	
1198530	64	542.5	637.5	518.3	637.5	399.5	0.88	4.58	0	1,153	16	0.31	5.5	20.4	0.0	0.0	18.66	16	1.2758	2.0242	580	584.33	964.14	
1199098	65	542.1	637.5	518.3	637.5	399.2	1.06	4.58	0	1,162	15	0.56	5.5	20.4	0.0	0.0	12.77	16	1.2758	2.0242	580	583.94	964.53	
1199733	65	541.6	637.5	518.5	637.5	399.5	1.25	4.58	0	1,177	15	0.56	5.5	20.4	0.0	0.0	18.38	16	1.2758	2.0242	580	583.44	963.44	
1200277	65	541.2	637.2	518.2	637.2	399.5	1.25	4.58	0	1,184	15	0.81	5.5	20.4	0.0	0.0	24.70	16	1.2758	2.0242	580	583.05	961.41	
1200852	65	540.7	636.8	518.0	636.5	399.2	1.56	4.58	0	1,234	16	1.12	5.5	20.4	0.0	0.0	33.40	16	1.2758	2.0242	580	582.53	963.67	
1201407	65	540.1	635.8	517.5	636.2	399.5	1.56	4.58	0	1,290	17	1.38	5.5	20.4	0.0	0.0	30.21	16	1.2758	2.0242	580	582.13	969.53	
1201953	65	539.5	636.2	517.7	636.2	399.2	1.44	4.58	0	1,362	17	1.38	5.5	20.4	0.0	0.0	24.49	16	1.2758	2.0242	580	581.64	970.31	
1202503	65	538.9	635.5	517.3	635.5	399.2	1.44	4.58	0	1,415	18	1.38	5.5	20.4	0.0	0.0	30.96	16	1.2758	2.0242	580	581.15	968.52	
1203029	65	538.3	635.8	517.7	635.5	399.5	1.75	4.58	0	1,472	19	1.62	5.5	20.4	0.0	0.0	30.00	16	1.2758	2.0242	580	580.63	973.67	
1203667	65	537.6	636.2	517.5	636.2	399.5	1.75	4.58	0	1,562	20	1.94	5.5	20.4	0.0	0.0	29.09	16	1.2758	2.0242	580	580.05	981.09	
1204235	65	536.9	635.8	517.6	635.8	399.2	0.69	4.58	0	1,592	21	1.12	5.5	20.4	0.0	0.0	12.42	16	1.2758	2.0242	575	579.53	970.23	
1204852	64	536.1	636.8	518.0	636.8	399.2	0.69	4.58	0	1,567	20	1.12	5.5	20.4	0.0	0.0	11.98	16	1.2758	2.0242	575	578.94	965.70	
1205486	64	535.4	637.5	518.5	637.5	399.5	0.38	4.58	0	1,419	19	1.12	5.5	20.4	0.0	0.0	18.30	16	1.2758	2.0242	575	578.55	966.80	
1206109	64	534.9	637.5	518.5	637.5	399.8	1.44	4.58	0	1,417	18	0.81	5.5	20.4	0.0	0.0	12.26	16	1.2758	2.0242	575	578.03	964.92	
1206714	65	534.4	637.5	518.6	638.2	399.5	1.06	4.58	0	1,396	18	1.38	5.5	20.4	0.0	0.0	20.30	16	1.2758	2.0242	575	577.54	966.25	
1207310	65	533.9	638.2	518.7	638.2	399.8	1.44	4.58	0	1,389	18	1.38	5.5	20.4	0.0	0.0	17.95	16	1.2758	2.0242	575	577.05	964.69	
1207878	65	533.4	637.5	518.5	637.5	399.5	0.69	4.58	0	1,369	18	0.81	5.5	20.4	0.0	0.0	12.42	16	1.2758	2.0242	575	576.53	963.52	
1208483	65	532.9	637.2	518.3	637.2	399.5	0.88	4.58	0	1,362	17	1.12	5.5	20.4	0.0	0.0	16.43	16	1.2758	2.0242	575	576.13	961.17	
1209076	65	532.4	637.5	518.5	637.2	399.5	1.06	4.58	0	1,352	17	1.38	5.5	20.4	0.0	0.0	20.72	16	1.2758	2.0242	575	575.64	962.42	
1209635	65	532.0	636.8	518.3	636.8	399.5	0.69	4.58	0	1,352	17	0.81	5.5	20.4	0.0	0.0	12.80	16	1.2758	2.0242	575	575.24	965.55	
1210204	65	531.5	636.5	518.1	636.5	399.8	0.88	4.58	0	1,349	17	0.81	5.5	20.4	0.0	0.0	12.47	16	1.2758	2.0242	570	574.84	966.09	
1210736	65	531.0	636.2	517.6	636.5	399.8	0.69	4.58	0	1,294	16	0.81	5.5	20.4	0.0	0.0	12.42	16	1.2758	2.0242	570	574.35	965.94	
1211359	65	530.6	635.8	517.8	635.8	399.5	1.25	4.58	0	1,107	15	0.56	5.5	20.4	0.0	0.0	12.40	16	1.2758	2.0242	570	573.93	966.09	
1211945	65	530.2	635.2	517.5	635.2	399.5	1.25	4.58	0	1,167	15	0.56	5.5	20.4	0.0	0.0	19.48	16	1.2758	2.0242	570	573.53	963.36	
1212476	65	529.9	634.8	517.5	635.2	399.5	1.44	4.58	0	1,194	15	1.12	5.5	20.4	0.0	0.0	25.69	16	1.2758	2.0242	570	573.13	961.95	
1213136	65	529.4	634.5	517.3	634.2	399.8	1.56	4.58	0	1,296	16	1.12	5.5	20.4	0.0	0.0	27.21	16	1.2758	2.0242	570	572.64	966.64	
1213660	66	529.0	634.2	516.8	634.2	399.8	1.44	4.58	0	1,310	17	1.62	5.5	20.4	0.0	0.0	19.59	16	1.2758	2.0242	570	572.15	966.41	
1214264	65	528.4	633.2	516.5	633.5	399.8	0.88	4.58	0	1,311	17	0.81	5.5	20.4	0.0	0.0	13.73	16	1.2758	2.0242	570	571.75	964.06	
1214856	65	527.9	633.2	516.3	633.5	399.5	0.88	4.58	0	1,293	16	0.81	5.5	20.4	0.0	0.0	12.47	16	1.2758	2.0242	570	571.23	963.36	
1215426	65	527.4	633.2	516.1	633.2	399.8	1.44	4.58	0	1,269	16	0.56	5.5	20.4	0.0	0.0	12.38	16	1.2758	2.0242	570	570.93	962.42	
1215980	65	527.0	632.2	516.2	632.5	399.8	1.25	4.58	0	1,184	15	0.31	5.5	20.4	0.0	0.0	12.26	16	1.2758	2.0242	570	570.53	963.12	
1216611	65	526.5	632.2	516.0	632.2	399.8	1.25	4.58	0	1,155	15	0.56	5.5	20.4	0.0	0.0	24.23	16	1.2758	2.0242	570	570.04	960.55	
1217198	65	526.0	631.2	515.6	631.5	399.5	1.56	4.58	0	1,217	15	1.12	5.5	20.4	0.0	0.0	28.36	16	1.2758	2.0242	565	569.64	965.70	
1217729	66	525.6	631.2	515.3	631.2	399.8	2.81	4.58	0	1,137	15	0.81	5.5	20.4	0.0	0.0	19.12	16	1.2758	2.0242	565	569.24	963.83	
1218278	65	525.1	630.8	515.0	630.5	399.5	0.69	4.58	0	1,133	15	0.31	5.5	20.4	0.0	0.0	15.16	16	1.2758	2.0242	565	568.84	962.11	
1218811	65	524.7	630.2	514.8	630.5	399.8	0.88	4.58	0	1,160	15	0.31	5.5	20.4	0.0	0.0	14.93	16	1.2758	2.0242	565	568.54	961.48	
1219395	65	524.2	630.2	514.5	630.2	399.5	1.25	4.58	0	1,117	14	0.31	5.5	20.4	0.0	0.0	15.54	16	1.2758	2.0242	565	568.14	960.00	
1219980	65	523.8	629.5	514.2	629.8	399.2	1.44	4.58	0	1,102	14	0.56	5.5	20.4	0.0	0.0	20.55	16	1.2758	2.0242	565	567.74	961.48	
1220538	66	523.4	628.8	514.2	628.8	399.5	1.25	4.58	0	1,084	14	0.56	5.5	20.4	0.0	0.0	19.24	16	1.2758	2.0242	565	567.44	962.42	
1221105	66	522.9	628.5	513.8	628.8	399.5	1.06	4.58	0	1,074	13	0.56	5.5	20.4	0.0	0.0	18.19	16	1.2758	2.0242	565	567.04	961.56	
1221648	66	522.5	627.8	513.5	628.2	399.2	1.25	4.58	0	1,007	12	0.56	5.5	20.4	0.0	0.0	22.50	16	1.2758	2.0242	565	566.64	960.94	
1222327	66	522.0	627.5	513.1	627.2	399.2	1.44	4.58	0	1,053	11	0.56	5.5	20.4	0.0	0.0	21.66	16	1.2758	2.0242	565	566.24	961.72	
1222861	66	521.6	627.2	512.8	626.8	399.2	1.25	4.58	0	1,018	10	0.56	5.5	20.4	0.0	0.0	21.54	16	1.2758	2.0242	565	565.84	960.86	
1223465	66	521.0	625.8	512.5	626.2	398.8	1.44	4.58	0	1,046	9	0.56	5.5	20.4	0.0	0.0	24.84	16	1.2758	2.0242	565	565.44	961.88	
1223998	66	520.6	625.8	512.0	625.8	398.8	1.44	4.58	0	1,075	9	0.56	5.5	20.4	0.0	0.0	26.23	16	1.2758	2.0242	565	565.05	961.88	
1224554	66	520.1	625.5	512.1	625.5	398.2	1.44	4.58	0	1,082	8	0.81	5.5	20.4	0.0	0.0	25.76	16	1.2758	2.0242	560	564.65	964.06	
1225099	66	519.6	624.8	511.6	624.8	398.5	1.44	4.58	0	1,089	8	0.81	5.5	20.4	0.0	0.0	26.11	16	1.2758	2.0242	560	564.34	963.91	
1225668	66	519.1	624.2	511.5	624.5	398.5	1.44	4.58	0	1,094	8	1.12	5.5	20.4	0.0	0.0	27.12	16	1.2758	2.0242	560	563.85	966.17	
1226220	66	518.6	624.2	511.2	624.2	398.2	1.44	4.58	0	1,097	8	0.81	5.5	20.4	0.0	0.0	25.69	16	1.2758	2.0242	560	563.55	966.41	
1226832	66	518.1	624.2	511.0	623.8	397.8	1.44	4.58	0	1,102	7	0.81	5.5	20.4	0.0	0.0	25.64	16	1.2758	2.0242	560	563.15	966.48	
1227369	66	517.6	623.8	510.8	623.8	398.2	1.44	4.58	0	1,091	7	0.81	5.5	20.4	0.0	0.0	25.78	16	1.2758	2.0242	560	562.63	966.09	
1227943	66	517.0	623.8	511.0	623.5	397.8	1.44	4.58	0	1,110	7	0.81	5.5	20.4	0.0	0.0	25.64	16	1.2758	2.0242	560	562.23	966.09	
1228485	66	516.5	623.8	510.8	623.8	397.8	1.44	4.58	0	1,122	6	0.81	5.5	20.4	0.0	0.0	25.55	16	1.2758	2.0242	560	561.83	966.48	
1229074	66	515.9	623.2	510.5	623.2	397.8	1.44	4.58	0	1,111	6	0.56	5.5	20.4	0.0	0.0	25.50	16	1.2758	2.0242	560	561.44	966.56	
1229649	66	515.4	623.5	510.3	623.5	397.2	1.25	4.58	0	1,116	6	0.81	5.5	20.4	0.0	0.0	25.52	16	1.2758	2.0242	560	561.04	966.56	
1230201	66	514.9	623.2	510.5	623.2	397.2	1.44	4.58	0	1,107	5	0.81	5.5	20.4	0.0	0.0	25.31	16	1.2758	2.0242	560	560.55	967.19	
1230838	66	514.3	623.2	510.3	623.2	397.5	1.25	4.58	0	1,031	5	0.56	5.5	20.4	0.0	0.0	26.20	16	1.2758	2.0242	560	560.03	963.91	
1231361	66	513.9	623.5	510.5	623.2	397.2	1.75	4.58	0	1,090	5	1.12	5.5	20.4	0.0	0.0	28.43	16	1.2758	2.0242	555	559.63	966.64	
1231889	66	513.3	622.8	510.3	623.2	397.5	1.44	4.58	0	1,099	4	0.81	5.5	20.4	0.0	0.0	30.56	16	1.2758	2.0242	555	559.23	967.34	
1232435	66	512.8	622.8	510.0	623.2	396.8	1.44	4.58	0	1,106	4	1.12	5.5	20.4	0.0	0.0	31.43	16	1.2758	2.0242	555	558.83	970.08	
1233027	66	512.2	623.2	510.0	623.2	397.5	1.56	4.58	0	1,113	4	1.12	5.5	20.4	0.0	0.0	32.34	16	1.2758	2.0242	555	558.34	973.67	
1233589	65	511.6	623.2	509.8	622.8	396.8	1.56	4.58	0	1,070	3	1.12	5.5	20.4	0.0	0.0	32.18	16	1.2758	2.0242	555	557.85	973.20	
1234194	65	511.0	623.2	510.0	622.8	396.8	1.44	4.58	0	1,112	3	1.12	5.5	20.4	0.0	0.0	31.36	16	1.2758	2.0242	555	557.33	975.00	
1234780	65	510.4	622.8	510.2	622.8	396.8	1.44	4.58	0	1,116	4	1.12	5.5	20.4	0.0	0.0	30.40	16	1.2758	2.0242	555	556.84	975.39	
1235338	65	509.9	622.8	510.0	623.2	396.8	1.44	4.58	0	1,128	5	1.12	5.5	20.4	0.0	0.0	27.45	16	1.2758	2.0242	555	556.44	974.14	
1235859	65	509.3	622.8	509.8	623.2	396.2	1.25	4.58	0	1,126	5	0.81	5.5	20.4	0.0	0.0	25.85	16	1.2758	2.0242	555	555.83	971.72	
1236422	65	508.8	623.2	509.8	622.8	396.5	1.25	4.58	0	1,111	5	0.81	5.5	20.4	0.0	0.0	25.64	16	1.2758	2.0242	555	555.44	969.30	
1237013	65	508.3	623.2	510.0	623.2	396.5	1.44	4.58	0	1,094	4	0.81	5.5	20.4	0.0	0.0	25.95	16	1.2758	2.0242	555	554.94	968.36	
1237593	65	507.8	623.2	509.8	623.2	396.2	1.25	4.58	0	1,067	3	0.81	5.5	20.4	0.0	0.0	20.77	16	1.2758	2.0242	550	554.43	963.83	
1238112	65	507.4	623.2	509.6	623.2	396.5	1.75	4.58	0	860	2	1.12	5.5	20.4	0.0	0.0	35.16	16	1.2758	2.0242	550	554.03	968.52	
1238669	65	506.9	623.2	509.8	623.2	396.5	1.44	4.58	0	960	1	0.81	5.5	20.4	0.0	0.0	28.76	16	1.2758	2.0242	550	553.54	967.81	
1239213	65	506.5	622.8	509.5	622.8	396.2	1.56	4.58	0	867	1	1.12	5.5	20.4	0.0	0.0	39.40	16	1.2758	2.0242	550	553.14	968.20	
1239868	65	506.0	622.8	509.5	622.5	396.2	1.56	4.58	0	979	0	1.12	5.5	20.4	0.0	0.0	26.62	16	1.2758	2.0242	550	552.53	970.62	
1240390	65	505.6	622.5	509.5	622.8	396.2	1.25	4.58	0	991	0	0.31	5.5	20.4	0.0	0.0	18.84	16	1.2758	2.0242	550	552.13	968.28	
1240944	65	505.2	622.5	508.8	622.2	396.2	1.25	4.58	0	799	0	0.31	5.5	20.4	0.0	0.0	21.28	16	1.2758	2.0242	550	551.73	964.38	
1241475	65	504.8	621.8	508.8	622.2	395.8	1.25	4.58	0	824	0	0.31	5.5	20.4	0.0	0.0	21.59	16	1.2758	2.0242	550	551.33	962.58	
1242012	65	504.5	622.2	509.0	621.8	395.8	1.25	4.58	0	852	0	0.31	5.5	20.4	0.0	0.0	19.59	16	1.2758	2.0242	550	551.03	962.03	
1242587	65	504.1	621.2	508.5	621.5	395.8	1.25	4.58	0	829	0	0.31	5.5	20.4	0.0	0.0	20.67	16	1.2758	2.0242	550	550.63	960.47	
1243167	65	503.8	621.2	508.3	620.8	395.5	1.25	4.58	0	828	0	0.56	5.5	20.4	0.0	0.0	20.91	16	1.2758	2.0242	550	550.23	960.39	
1243707	65	503.5	620.5	507.8	620.5	395.5	1.25	4.58	0	827	0	0.31	5.5	20.4	0.0	0.0	20.13	16	1.2758	2.0242	545	549.83	959.61	
1244299	65	503.2	619.5	507.5	619.5	395.5	1.25	4.58	0	818	0	0.31	5.5	20.4	0.0	0.0	20.62	16	1.2758	2.0242	545	549.53	959.14	
1244836	65	503.0	619.2	507.2	618.8	395.2	1.25	4.58	0	825	0	0.31	5.5	20.4	0.0	0.0	19.31	16	1.2758	2.0242	545	549.13	959.22	
1245444	65	502.7	618.2	506.8	618.2	395.2	1.25	4.58	0	811	0	0.31	5.5	20.4	0.0	0.0	20.27	16	1.2758	2.0242	545	548.73	958.83	
1245999	65	502.4	617.8	506.8	617.8	395.5	1.25	4.58	0	796	0	0.31	5.5	20.4	0.0	0.0	19.88	16	1.2758	2.0242	545	548.43	958.52	
1246524	65	502.2	617.5	506.2	617.2	395.2	1.25	4.58	0	794	0	0.31	5.5	20.4	0.0	0.0	19.83	16	1.2758	2.0242	545	548.15	958.75	
1247049	65	501.9	615.8	505.7	616.5	395.2	1.25	4.58	0	794	0	0.31	5.5	20.4	0.0	0.0	20.02	16	1.2758	2.0242	545	547.84	958.59	
1247576	65	501.7	615.5	505.3	615.5	395.2	1.25	4.58	0	802	0	0.31	5.5	20.4	0.0	0.0	20.23	16	1.2758	2.0242	545	547.54	958.44	
1248013	66	501.5	614.8	504.8	614.8	395.2	1.25	4.58	0	797	0	0.31	5.5	20.4	0.0	0.0	20.18	16	1.2758	2.0242	545	547.35	958.75	
1248681	66	501.3	614.2	504.5	613.8	394.8	1.25	4.58	0	791	0	0.31	5.5	20.4	0.0	0.0	20.11	16	1.2758	2.0242	545	546.93	958.36	
1249236	66	501.1	613.5	504.5	613.2	395.2	1.25	4.58	0	789	0	0.31	5.5	20.4	0.0	0.0	20.25	16	1.2758	2.0242	545	546.65	958.36	
1249758	66	500.8	612.5	503.7	612.2	394.5	1.25	4.58	0	795	0	0.31	5.5	20.4	0.0	0.0	20.09	16	1.2758	2.0242	545	546.34	958.20	
1250291	66	500.6	611.5	503.3	611.5	395.2	1.25	4.58	0	790	0	0.31	5.5	20.4	0.0	0.0	20.23	16	1.2758	2.0242	545	546.04	958.20	
1250851	66	500.4	610.8	503.0	611.2	394.8	1.25	4.58	0	796	0	0.31	5.5	20.4	0.0	0.0	20.55	16	1.2758	2.0242	545	545.73	958.05	
1251381	66	500.2	610.2	502.5	610.2	394.5	1.25	4.58	0	805	0	0.31	5.5	20.4	0.0	0.0	20.34	16	1.2758	2.0242	545	545.55	958.59	
1251971	66	500.0	609.2	502.1	609.5	395.2	1.25	4.58	0	798	0	0.31	5.5	20.4	0.0	0.0	20.37	16	1.2758	2.0242	545	545.24	958.59	
1252533	66	499.7	608.5	501.8	608.2	394.8	1.25	4.58	0	798	0	0.31	5.5	20.4	0.0	0.0	20.11	16	1.2758	2.0242	545	544.94	958.44	
1253117	66	499.5	607.5	501.5	607.8	394.8	1.25	4.58	0	801	0	0.31	5.5	20.4	0.0	0.0	20.23	16	1.2758	2.0242	540	544.63	958.44	
1253682	66	499.3	606.5	500.8	606.5	394.5	1.25	4.58	0	802	0	0.31	5.5	20.4	0.0	0.0	20.34	16	1.2758	2.0242	540	544.35	958.59	
1254229	66	499.1	605.8	500.3	606.2	395.2	1.25	4.58	0	802	0	0.31	5.5	20.4	0.0	0.0	20.18	16	1.2758	2.0242	540	544.14	958.44	
1254825	66	498.8	605.5	500.0	605.5	394.8	1.44	4.58	0	794	0	0.31	5.5	20.4	0.0	0.0	20.32	16	1.2758	2.0242	540	543.83	958.20	
1255376	66	498.6	604.5	499.6	604.8	394.8	1.25	4.58	0	801	0	0.31	5.5	20.4	0.0	0.0	20.53	16	1.2758	2.0242	540	543.53	958.20	
1255910	66	498.4	604.2	499.3	603.8	394.5	1.25	4.58	0	796	0	0.31	5.5	20.4	0.0	0.0	20.30	16	1.2758	2.0242	540	543.34	958.59	
1256447	66	498.2	602.5	499.1	602.5	394.8	1.25	4.58	0	791	0	0.31	5.5	20.4	0.0	0.0	20.11	16	1.2758	2.0242	540	543.04	958.59	
1257085	66	498.0	602.2	498.5	602.5	394.8	1.25	4.58	0	794	0	0.31	5.5	20.4	0.0	0.0	20.44	16	1.2758	2.0242	540	542.73	958.44	
1257622	66	497.8	601.8	498.1	601.5	394.5	1.25	4.58	0	792	0	0.31	5.5	20.4	0.0	0.0	20.58	16	1.2758	2.0242	540	542.55	958.44	
1258146	66	497.5	600.8	498.0	601.2	394.5	1.25	4.58	0	790	0	0.31	5.5	20.4	0.0	0.0	20.60	16	1.2758	2.0242	540	542.24	958.59	
1258673	66	497.3	600.5	497.5	600.5	394.8	1.25	4.58	0	790	0	0.31	5.5	20.4	0.0	0.0	21.00	16	1.2758	2.0242	540	542.03	958.52	
1259235	66	497.1	599.5	497.1	599.5	394.5	1.25	4.58	0	795	0	0.31	5.5	20.4	0.0	0.0	20.95	16	1.2758	2.0242	540	541.75	958.44	
1259805	66	496.9	598.8	496.6	598.5	394.5	1.25	4.58	0	786	0	0.31	5.5	20.4	0.0	0.0	21.07	16	1.2758	2.0242	540	541.54	958.59	
1260343	66	496.7	598.5	496.5	598.5	394.5	1.25	4.58	0	790	0	0.31	5.5	20.4	0.0	0.0	21.16	16	1.2758	2.0242	540	541.23	958.44	
1260905	66	496.5	597.5	496.0	597.5	394.8	1.25	4.58	0	792	0	0.31	5.5	20.4	0.0	0.0	20.93	16	1.2758	2.0242	540	541.05	958.67	
1261494	66	496.2	597.2	495.8	597.2	394.5	1.25	4.58	0	799	0	0.31	5.5	20.4	0.0	0.0	20.88	16	1.2758	2.0242	540	540.74	958.75	
1262095	66	496.0	595.8	495.5	595.5	394.8	1.25	4.58	0	798	0	0.31	5.5	20.4	0.0	0.0	20.58	16	1.2758	2.0242	540	540.44	958.75	
1262695	66	495.7	595.8	495.3	595.5	394.5	1.25	4.58	0	791	0	0.31	5.5	20.4	0.0	0.0	20.93	16	1.2758	2.0242	540	540.13	958.75	
1264084	66	495.1	594.2	494.5	593.8	394.5	1.25	4.58	0	797	0	0.31	5.5	20.4	0.0	0.0	21.07	16	1.2758	2.0242	535	539.55	958.75	
1264660	66	494.9	593.8	494.3	593.8	394.5	1.25	4.58	0	795	0	0.31	5.5	20.4	0.0	0.0	21.02	16	1.2758	2.0242	535	539.33	958.83	
1265145	66	494.7	592.8	494.0	592.8	394.5	1.25	4.58	0	793	0	0.31	5.5	20.4	0.0	0.0	20.60	16	1.2758	2.0242	535	539.03	958.83	
1265618	66	494.5	592.5	493.6	592.5	394.5	1.25	4.58	0	793	0	0.31	5.5	20.4	0.0	0.0	20.98	16	1.2758	2.0242	535	538.94	958.75	
1266052	66	494.3	592.5	493.5	592.2	394.5	1.25	4.58	0	798	0	0.31	5.5	20.4	0.0	0.0	21.02	16	1.2758	2.0242	535	538.75	958.75	
1266640	66	494.1	591.8	493.1	591.8	394.5	1.25	4.58	0	800	0	0.31	5.5	20.4	0.0	0.0	20.86	16	1.2758	2.0242	535	538.44	958.75	
1267218	66	493.9	591.5	493.0	591.5	394.8	1.25	4.58	0	797	0	0.31	5.5	20.4	0.0	0.0	21.00	16	1.2758	2.0242	535	538.23	958.75	
1267805	66	493.6	590.8	492.6	590.8	394.5	1.44	4.58	0	798	0	0.31	5.5	20.4	0.0	0.0	21.19	16	1.2758	2.0242	535	537.93	959.06	
1268364	66	493.3	590.2	492.5	590.2	394.5	1.25	4.58	0	795	0	0.31	5.5	20.4	0.0	0.0	21.05	16	1.2758	2.0242	535	537.65	958.91	
1268966	66	493.1	589.8	492.3	589.5	394.5	1.25	4.58	0	804	0	0.31	5.5	20.4	0.0	0.0	21.16	16	1.2758	2.0242	535	537.44	958.75	
1269542	66	492.8	589.2	492.0	589.2	394.5	1.25	4.58	0	802	0	0.31	5.5	20.4	0.0	0.0	21.02	16	1.2758	2.0242	535	537.13	958.91	
1270123	66	492.6	588.5	491.6	589.2	394.5	1.25	4.58	0	797	0	0.31	5.5	20.4	0.0	0.0	21.00	16	1.2758	2.0242	535	536.94	958.83	
1270725	66	492.3	588.2	491.3	588.2	394.5	1.25	4.58	0	796	0	0.31	5.5	20.4	0.0	0.0	21.05	16	1.2758	2.0242	535	536.73	958.75	
1271335	66	492.0	587.5	491.0	587.5	394.5	1.25	4.58	0	799	0	0.31	5.5	20.4	0.0	0.0	20.93	16	1.2758	2.0242	535	536.43	958.83	
1271905	66	491.8	587.2	491.0	587.2	394.8	1.25	4.58	0	804	0	0.31	5.5	20.4	0.0	0.0	20.81	16	1.2758	2.0242	535	536.15	958.67	
1272463	66	491.5	586.8	490.6	586.8	394.8	1.25	4.58	0	798	0	0.31	5.5	20.4	0.0	0.0	21.26	16	1.2758	2.0242	535	535.94	958.52	
1273022	66	491.3	586.5	490.5	586.5	394.8	1.44	4.58	0	798	0	0.31	5.5	20.4	0.0	0.0	21.14	16	1.2758	2.0242	535	535.75	958.67	
1273602	66	491.0	585.8	490.1	585.8	394.8	1.44	4.58	0	800	0	0.31	5.5	20.4	0.0	0.0	21.35	16	1.2758	2.0242	535	535.44	958.75	
1274227	66	490.7	585.5	490.0	585.5	394.8	1.44	4.58	0	802	0	0.31	5.5	20.4	0.0	0.0	21.23	16	1.2758	2.0242	535	535.14	958.91	
1274817	67	490.4	585.2	489.8	584.8	394.8	1.44	4.58	0	804	0	0.31	5.5	20.4	0.0	0.0	21.38	16	1.2758	2.0242	535	534.93	958.83	
1275385	67	490.2	584.8	489.8	584.8	394.5	1.25	4.58	0	806	0	0.31	5.5	20.4	0.0	0.0	21.21	16	1.2758	2.0242	530	534.65	958.91	
1276077	67	489.9	584.2	489.5	584.5	394.5	1.25	4.58	0	806	0	0.31	5.5	20.4	0.0	0.0	21.26	16	1.2758	2.0242	530	534.34	958.83	
1276636	67	489.7	584.2	489.3	584.2	394.5	1.25	4.58	0	802	0	0.31	5.5	20.4	0.0	0.0	21.45	16	1.2758	2.0242	530	534.13	958.91	
1277179	67	489.3	583.5	489.1	583.5	395.2	1.25	4.58	0	804	0	0.31	5.5	20.4	0.0	0.0	21.28	16	1.2758	2.0242	530	533.85	958.75	
1277792	67	489.1	583.5	489.1	583.2	394.5	1.25	4.58	0	804	0	0.31	5.5	20.4	0.0	0.0	20.86	16	1.2758	2.0242	530	533.64	958.83	
1278392	67	488.8	583.2	488.6	582.8	395.2	1.25	4.58	0	800	0	0.31	5.5	20.4	0.0	0.0	21.26	16	1.2758	2.0242	530	533.33	958.67	
1278977	67	488.5	582.5	488.5	582.5	394.8	1.25	4.58	0	803	0	0.31	5.5	20.4	0.0	0.0	21.21	16	1.2758	2.0242	530	533.15	958.75	
1279524	67	488.2	582.2	488.5	581.8	394.8	1.25	4.58	0	804	0	0.31	5.5	20.4	0.0	0.0	21.26	16	1.2758	2.0242	530	532.84	958.83	
1280087	67	488.0	581.8	488.3	581.8	394.8	1.44	4.58	0	805	0	0.31	5.5	20.4	0.0	0.0	21.28	16	1.2758	2.0242	530	532.63	958.83	
1280705	67	487.7	581.5	488.0	581.2	395.2	1.25	4.58	0	804	0	0.31	5.5	20.4	0.0	0.0	21.35	17	1.2758	2.0242	530	532.35	958.83	
1281368	67	487.4	580.8	487.8	581.2	394.5	1.25	4.58	0	801	0	0.31	5.5	20.4	0.0	0.0	21.33	17	1.2758	2.0242	530	532.05	958.75	
1282023	67	487.0	580.5	487.6	580.5	394.5	1.25	4.58	0	799	0	0.31	5.5	20.4	0.0	0.0	21.54	17	1.2758	2.0242	530	531.83	959.06	
1282587	67	486.8	580.2	487.3	580.5	394.5	1.25	4.58	0	801	0	0.31	5.5	20.4	0.0	0.0	21.26	17	1.2758	2.0242	530	531.53	958.83	
1283170	67	486.5	580.2	487.5	580.2	394.5	1.25	4.58	0	804	0	0.31	5.5	20.4	0.0	0.0	21.21	17	1.2758	2.0242	530	531.25	958.91	
1283734	67	486.2	579.8	487.0	579.5	394.8	1.25	4.58	0	806	0	0.31	5.5	20.4	0.0	0.0	21.26	17	1.2758	2.0242	530	531.04	959.14	
1284330	67	485.9	578.8	486.8	579.2	394.8	1.25	4.58	0	802	0	0.31	5.5	20.4	0.0	0.0	21.49	17	1.2758	2.0242	530	530.85	958.91	
1285031	67	485.6	579.2	487.0	578.8	394.8	1.25	4.58	0	807	0	0.31	5.5	20.4	0.0	0.0	21.30	17	1.2758	2.0242	530	530.55	959.06	
1285561	67	485.4	578.8	486.6	578.5	394.5	1.25	4.58	0	799	0	0.31	5.5	20.4	0.0	0.0	21.28	17	1.2758	2.0242	530	530.24	958.91	
1286128	67	485.1	578.5	486.6	578.5	394.8	1.44	4.58	0	799	0	0.31	5.5	20.4	0.0	0.0	21.38	17	1.2758	2.0242	530	530.03	958.91	
1286696	67	484.8	577.8	486.3	577.8	394.8	1.25	4.58	0	797	0	0.31	5.5	20.4	0.0	0.0	21.35	17	1.2758	2.0242	525	529.75	958.83	
1287323	67	484.5	578.2	486.5	577.8	394.8	1.25	4.58	0	806	0	0.31	5.5	20.4	0.0	0.0	21.45	17	1.2758	2.0242	525	529.54	958.91	
1287912	67	484.2	577.2	486.0	577.5	394.8	1.25	4.58	0	798	0	0.31	5.5	20.4	0.0	0.0	21.42	17	1.2758	2.0242	525	529.23	958.83	
1288536	67	483.9	577.2	486.0	577.2	394.8	1.25	4.58	0	799	0	0.31	5.5	20.4	0.0	0.0	21.45	17	1.2758	2.0242	525	529.05	958.75	
1289158	67	483.6	576.8	485.8	576.8	394.5	1.25	4.58	0	802	0	0.56	5.5	20.4	0.0	0.0	21.49	17	1.2758	2.0242	525	528.74	958.75	
1289754	67	483.3	576.5	485.5	576.5	394.5	1.25	4.58	0	799	0	0.31	5.5	20.4	0.0	0.0	21.59	17	1.2758	2.0242	525	528.44	959.06	
1290322	67	483.0	576.2	485.5	576.2	394.8	1.25	4.58	0	804	0	0.31	5.5	20.4	0.0	0.0	21.49	17	1.2758	2.0242	525	528.25	959.30	
1290887	67	482.7	575.8	485.3	576.2	394.8	1.25	4.58	0	800	0	0.31	5.5	20.4	0.0	0.0	21.73	17	1.2758	2.0242	525	527.94	959.14	
1291489	67	482.4	575.5	485.1	575.2	394.5	1.25	4.58	0	801	0	0.31	5.5	20.4	0.0	0.0	22.17	17	1.2758	2.0242	525	527.73	959.22	
1292075	67	482.1	575.5	485.0	575.5	394.8	1.25	4.58	0	810	0	0.56	5.5	20.4	0.0	0.0	21.96	17	1.2758	2.0242	525	527.43	959.45	
1292656	67	481.8	574.8	485.2	574.8	394.5	1.25	4.58	0	810	0	0.31	5.5	20.4	0.0	0.0	21.75	17	1.2758	2.0242	525	527.15	959.45	
1293238	67	481.6	574.8	484.6	574.5	394.5	1.25	4.58	0	803	0	0.31	5.5	20.4	0.0	0.0	21.82	17	1.2758	2.0242	525	526.94	959.53	
1293799	67	481.3	574.5	484.6	574.2	394.8	1.25	4.58	0	803	0	0.31	5.5	20.4	0.0	0.0	21.84	17	1.2758	2.0242	525	526.63	959.45	
1294545	67	481.0	574.2	484.5	574.5	394.8	1.25	4.58	0	803	0	0.31	5.5	20.4	0.0	0.0	21.89	17	1.2758	2.0242	525	526.35	959.45	
1295149	67	480.7	573.8	484.3	573.8	394.8	1.25	4.58	0	793	0	0.31	5.5	20.4	0.0	0.0	22.01	17	1.2758	2.0242	525	526.05	959.38	
1295735	67	480.3	573.5	484.3	573.5	394.5	1.25	4.58	0	803	0	0.31	5.5	20.4	0.0	0.0	22.05	17	1.2758	2.0242	525	525.83	959.45	
1296305	67	480.0	573.8	484.1	573.5	394.8	1.44	4.58	0	794	0	0.31	5.5	20.4	0.0	0.0	21.94	17	1.2758	2.0242	525	525.65	959.45	
1296914	67	479.7	573.2	483.8	573.2	394.8	1.44	4.58	0	801	0	0.56	5.5	20.4	0.0	0.0	22.24	17	1.2758	2.0242	525	525.34	959.45	
1297514	67	479.4	572.5	483.5	572.8	394.5	1.44	4.58	0	798	0	0.31	5.5	20.4	0.0	0.0	22.05	17	1.2758	2.0242	525	525.04	959.61	
1298121	67	479.1	572.8	483.6	572.5	394.8	1.25	4.58	0	800	0	0.31	5.5	20.4	0.0	0.0	22.10	17	1.2758	2.0242	520	524.85	959.45	
1298696	67	478.8	572.2	483.6	572.2	394.5	1.25	4.58	0	804	0	0.31	5.5	20.4	0.0	0.0	24.07	17	1.2758	2.0242	520	524.55	958.91	
1299275	67	478.5	572.2	483.5	572.5	394.5	1.44	4.58	0	816	0	0.56	5.5	20.4	0.0	0.0	26.41	17	1.2758	2.0242	520	524.24	960.00	
1299880	67	478.2	572.2	483.5	571.8	394.5	1.44	4.58	0	821	0	0.56	5.5	20.4	0.0	0.0	25.64	17	1.2758	2.0242	520	523.94	960.31	
1300479	67	477.9	571.8	483.1	571.8	394.5	1.44	4.58	0	823	0	0.56	5.5	20.4	0.0	0.0	27.84	17	1.2758	2.0242	520	523.75	960.23	
1301085	67	477.5	571.2	483.0	571.2	394.8	1.44	4.58	0	805	0	0.81	5.5	20.4	0.0	0.0	30.23	17	1.2758	2.0242	520	523.44	961.80	
1301674	67	477.2	571.2	483.1	571.2	394.8	1.44	4.58	0	799	0	0.81	5.5	20.4	0.0	0.0	30.56	17	1.2758	2.0242	520	523.14	962.66	
1302242	67	476.8	571.2	482.8	571.2	394.8	1.44	4.58	0	775	0	0.81	5.5	20.4	0.0	0.0	32.55	17	1.2758	2.0242	520	522.83	960.62	
1302872	67	476.4	570.8	482.6	570.8	394.5	1.75	4.58	0	933	0	1.38	5.5	20.4	0.0	0.0	38.30	17	1.2758	2.0242	520	522.44	968.36	
1303439	67	476.0	570.8	482.8	570.8	394.5	1.56	4.58	0	887	1	1.12	5.5	20.4	0.0	0.0	39.19	17	1.2758	2.0242	520	522.13	970.86	
1304150	67	475.6	570.8	482.6	570.5	394.2	1.56	4.58	0	872	1	1.38	5.5	20.4	0.0	0.0	38.46	17	1.2758	2.0242	520	521.73	974.38	
1304760	67	475.2	570.8	482.3	570.8	394.5	1.56	4.58	0	915	1	1.12	5.5	20.4	0.0	0.0	37.15	17	1.2758	2.0242	520	521.33	974.92	
1305352	67	474.6	570.5	482.5	570.8	394.2	1.75	4.58	0	976	2	1.12	5.5	20.4	0.0	0.0	38.44	17	1.2758	2.0242	520	520.94	975.78	
1305893	67	474.2	570.8	482.5	570.5	394.5	1.56	4.58	0	950	2	1.38	5.5	20.4	0.0	0.0	40.12	17	1.2758	2.0242	520	520.54	979.30	
1306502	67	473.7	571.2	482.8	570.8	394.2	1.56	4.58	0	911	2	1.38	5.5	20.4	0.0	0.0	36.63	17	1.2758	2.0242	520	520.14	980.00	
1307067	67	473.2	570.5	482.5	571.2	394.5	1.56	4.58	0	942	1	1.12	5.5	20.4	0.0	0.0	35.27	17	1.2758	2.0242	515	519.74	978.05	
1307665	67	472.8	571.2	482.8	570.8	394.5	1.56	4.58	0	986	1	1.12	5.5	20.4	0.0	0.0	32.65	17	1.2758	2.0242	515	519.25	976.25	
1308277	67	472.3	571.5	482.8	571.5	394.5	1.56	4.58	0	989	1	0.56	5.5	20.4	0.0	0.0	30.63	17	1.2758	2.0242	515	518.85	974.53	
1308887	67	471.9	571.2	483.0	571.5	394.2	1.56	4.58	0	970	0	0.81	5.5	20.4	0.0	0.0	29.34	17	1.2758	2.0242	515	518.43	971.80	
1309458	67	471.5	571.5	482.8	571.5	394.2	1.56	4.58	0	985	0	0.56	5.5	20.4	0.0	0.0	27.84	17	1.2758	2.0242	515	517.94	969.92	
1310096	66	471.1	571.5	483.1	571.5	394.2	1.56	4.58	0	984	0	0.81	5.5	20.4	0.0	0.0	27.91	17	1.2758	2.0242	515	517.54	968.12	
1310716	67	470.7	571.8	483.0	571.8	394.5	1.56	4.58	0	978	0	0.81	5.5	20.4	0.0	0.0	27.89	17	1.2758	2.0242	515	517.14	967.11	
1311279	66	470.4	571.8	483.0	571.8	394.5	1.44	4.58	0	976	0	0.81	5.5	20.4	0.0	0.0	29.20	17	1.2758	2.0242	515	516.74	964.61	
1311902	67	470.1	572.2	483.2	571.8	394.2	1.56	4.58	0	993	0	1.12	5.5	20.4	0.0	0.0	36.82	17	1.2758	2.0242	515	516.25	968.05	
1312510	67	469.7	572.5	483.5	572.5	394.5	1.75	4.58	0	993	1	1.12	5.5	20.4	0.0	0.0	42.33	17	1.2758	2.0242	515	515.85	973.20	
1313186	67	469.4	572.8	483.3	572.5	394.2	1.75	4.58	0	954	1	1.38	5.5	20.4	0.0	0.0	44.62	17	1.2758	2.0242	515	515.24	986.02	
1313764	67	469.1	573.2	483.6	573.2	394.5	1.75	4.58	0	913	1	1.62	5.5	20.4	0.0	0.0	37.95	17	1.2758	2.0242	510	514.75	987.58	
1314340	67	468.7	572.8	483.5	572.8	394.2	1.56	4.58	0	967	0	0.81	5.5	20.4	0.0	0.0	33.82	17	1.2758	2.0242	510	514.35	981.88	
1314920	66	468.5	572.8	483.7	573.2	394.5	1.56	4.58	0	979	0	0.81	5.5	20.4	0.0	0.0	31.95	17	1.2758	2.0242	510	513.93	977.50	
1315490	66	468.2	573.5	483.8	573.8	394.5	1.56	4.58	0	974	0	0.81	5.5	20.4	0.0	0.0	30.87	17	1.2758	2.0242	510	513.44	973.83	
1316052	66	467.9	573.8	483.8	573.5	394.2	1.56	4.58	0	965	1	0.81	5.5	20.4	0.0	0.0	30.70	17	1.2758	2.0242	510	512.94	971.72	
1316636	66	467.7	574.2	484.0	574.2	394.2	1.56	4.58	0	964	0	0.81	5.5	20.4	0.0	0.0	29.67	17	1.2758	2.0242	510	512.64	970.62	
1317249	66	467.5	573.8	484.0	574.2	394.2	1.44	4.58	0	956	0	0.81	5.5	20.4	0.0	0.0	29.06	17	1.2758	2.0242	510	512.15	969.22	
1317835	66	467.3	574.2	484.2	574.5	394.2	1.44	4.58	0	946	1	0.81	5.5	20.4	0.0	0.0	27.49	17	1.2758	2.0242	510	511.75	967.73	
1318429	66	467.1	574.2	484.3	573.8	394.5	1.56	4.58	0	955	1	0.56	5.5	20.4	0.0	0.0	27.09	17	1.2758	2.0242	510	511.35	966.72	
1318984	66	466.9	574.2	484.2	574.2	394.5	1.44	4.58	0	975	2	0.56	5.5	20.4	0.0	0.0	26.39	17	1.2758	2.0242	510	510.93	966.41	
1319553	66	466.8	574.2	484.5	574.2	394.2	1.25	4.58	0	899	1	0.56	5.5	20.4	0.0	0.0	22.17	17	1.2758	2.0242	510	510.53	964.53	
1320141	66	466.6	574.2	484.2	574.2	394.5	1.75	4.58	0	770	0	1.38	5.5	20.4	0.0	0.0	44.41	17	1.2758	2.0242	510	510.25	966.25	
1320717	67	466.5	574.5	484.5	574.2	394.2	1.75	4.58	0	921	0	1.38	5.5	20.4	0.0	0.0	42.02	17	1.2758	2.0242	505	509.73	975.78	
1321264	67	466.3	574.2	484.2	574.2	394.5	1.56	4.58	0	901	0	1.38	5.5	20.4	0.0	0.0	40.85	17	1.2758	2.0242	505	509.33	978.91	
1321842	67	466.2	574.2	484.3	573.8	394.2	1.75	4.58	0	919	0	1.38	5.5	20.4	0.0	0.0	40.08	17	1.2758	2.0242	505	509.03	980.86	
1322523	67	466.1	574.2	484.3	574.2	394.2	1.75	4.58	0	970	0	1.38	5.5	20.4	0.0	0.0	40.66	17	1.2758	2.0242	505	508.54	984.84	
1323105	67	466.0	574.2	484.2	574.5	394.5	1.56	4.58	0	889	0	1.38	5.5	20.4	0.0	0.0	36.77	17	1.2758	2.0242	505	508.05	983.05	
1323664	67	465.8	573.8	484.1	573.8	394.5	1.56	4.58	0	914	0	1.12	5.5	20.4	0.0	0.0	33.66	17	1.2758	2.0242	505	507.65	980.31	
1324305	66	465.7	574.2	484.3	574.2	394.5	1.56	4.58	0	855	0	1.12	5.5	20.4	0.0	0.0	32.11	17	1.2758	2.0242	505	507.25	975.78	
1324957	66	465.6	573.8	484.3	573.8	394.5	1.44	4.58	0	873	0	0.81	5.5	20.4	0.0	0.0	28.38	17	1.2758	2.0242	505	506.85	972.27	
1325538	66	465.5	573.8	484.0	573.8	394.5	1.44	4.58	0	863	0	0.56	5.5	20.4	0.0	0.0	25.95	17	1.2758	2.0242	505	506.55	968.52	
1326131	66	465.5	573.5	484.1	573.5	394.5	1.44	4.58	0	869	0	0.56	5.5	20.4	0.0	0.0	24.63	17	1.2758	2.0242	505	506.15	966.33	
1326743	66	465.4	573.2	483.8	573.5	394.2	1.44	4.58	0	860	0	0.56	5.5	20.4	0.0	0.0	24.21	17	1.2758	2.0242	505	505.84	964.22	
1327334	66	465.4	573.5	483.8	573.5	394.2	1.44	4.58	0	852	0	0.56	5.5	20.4	0.0	0.0	24.52	17	1.2758	2.0242	505	505.54	962.34	
1327925	66	465.3	573.2	483.6	573.2	394.2	1.44	4.58	0	829	0	0.81	5.5	20.4	0.0	0.0	30.40	17	1.2758	2.0242	505	505.14	962.97	
1328523	67	465.3	572.8	483.3	573.2	394.5	1.44	4.58	0	843	0	0.81	5.5	20.4	0.0	0.0	29.48	17	1.2758	2.0242	500	504.83	964.06	
1329152	67	465.2	572.8	483.5	572.8	394.5	1.56	4.58	0	856	0	0.81	5.5	20.4	0.0	0.0	38.11	17	1.2758	2.0242	500	504.53	959.53	
1329742	67	465.2	572.2	483.2	572.2	394.2	1.94	4.58	0	1,247	0	2.19	5.5	20.4	0.0	0.0	41.30	17	1.2758	2.0242	500	504.13	973.05	
1330354	67	465.1	571.8	483.3	571.5	394.2	2.12	4.58	0	1,251	1	2.75	5.5	20.4	0.0	0.0	33.02	17	1.2758	2.0242	500	503.73	982.19	
1330926	67	465.1	571.8	483.2	571.5	394.5	1.56	4.58	0	895	2	0.81	5.5	20.4	0.0	0.0	39.96	17	1.2758	2.0242	500	503.43	980.00	
1331510	67	465.1	571.5	483.0	571.2	394.5	1.44	4.58	0	891	2	1.12	5.5	20.4	0.0	0.0	33.52	17	1.2758	2.0242	500	503.15	976.72	
1332217	67	465.1	571.2	482.8	571.5	394.5	1.56	4.58	0	916	2	1.12	5.5	20.4	0.0	0.0	34.62	17	1.2758	2.0242	500	502.75	974.84	
1332786	67	465.1	571.5	483.0	571.5	394.5	1.56	4.58	0	942	2	0.81	5.5	20.4	0.0	0.0	34.99	17	1.2758	2.0242	500	502.35	974.30	
1333332	67	465.1	571.2	482.8	571.2	394.5	1.56	4.58	0	931	3	1.12	5.5	20.4	0.0	0.0	35.58	17	1.2758	2.0242	500	502.14	975.55	
1333992	67	465.1	571.2	483.0	571.5	394.5	1.44	4.58	0	889	3	0.81	5.5	20.4	0.0	0.0	35.91	17	1.2758	2.0242	500	501.74	973.12	
1334577	67	465.1	570.8	482.5	571.2	394.5	1.56	4.58	0	1,009	3	1.12	5.5	20.4	0.0	0.0	34.41	17	1.2758	2.0242	500	501.44	975.08	
1335144	67	465.1	570.8	482.6	570.8	394.5	1.56	4.58	0	957	3	1.12	5.5	20.4	0.0	0.0	35.32	17	1.2758	2.0242	500	501.13	976.33	
1335780	67	465.1	570.5	482.5	570.5	394.5	1.56	4.58	0	929	2	0.81	5.5	20.4	0.0	0.0	33.35	17	1.2758	2.0242	500	500.73	974.92	
1336391	67	465.1	570.2	482.5	570.2	394.8	1.56	4.58	0	961	1	0.81	5.5	20.4	0.0	0.0	28.83	17	1.2758	2.0242	500	500.43	972.34	
1336951	67	465.1	570.2	482.5	570.5	394.5	1.56	4.58	0	1,090	0	1.12	5.5	20.4	0.0	0.0	33.80	17	1.2758	2.0242	500	500.15	970.55	
1337526	67	465.2	569.8	482.1	569.5	394.5	1.75	4.58	0	1,059	1	1.12	5.5	20.4	0.0	0.0	39.94	17	1.2758	2.0242	500	499.94	975.39	
1338107	67	465.2	569.5	482.1	569.5	394.5	1.75	4.58	0	1,096	2	1.62	5.5	20.4	0.0	0.0	37.92	17	1.2758	2.0242	495	499.63	985.08	
1338770	67	465.3	569.5	482.1	569.5	394.5	1.56	4.58	0	1,104	3	1.12	5.5	20.4	0.0	0.0	31.64	17	1.2758	2.0242	495	499.23	984.30	
1339398	67	465.3	569.5	482.0	569.5	394.5	1.56	4.58	0	1,108	3	0.81	5.5	20.4	0.0	0.0	30.33	17	1.2758	2.0242	495	498.93	980.00	
1339854	67	465.4	569.2	481.8	569.2	394.5	1.44	4.58	0	1,098	3	0.81	5.5	20.4	0.0	0.0	28.45	17	1.2758	2.0242	495	498.74	975.78	
1340400	67	465.5	569.2	482.0	568.8	394.5	1.44	4.58	0	1,104	3	0.81	5.5	20.4	0.0	0.0	28.10	17	1.2758	2.0242	495	498.53	973.98	
1341136	67	465.6	568.8	481.5	568.5	394.8	1.44	4.58	0	1,065	4	0.81	5.5	20.4	0.0	0.0	32.32	17	1.2758	2.0242	495	498.13	971.25	
1341730	67	465.7	568.5	481.6	568.8	394.5	1.56	4.58	0	1,045	5	1.12	5.5	20.4	0.0	0.0	31.71	17	1.2758	2.0242	495	497.94	973.91	
1342322	67	465.8	568.8	482.0	568.5	394.5	1.44	4.58	0	1,074	5	0.81	5.5	20.4	0.0	0.0	31.01	17	1.2758	2.0242	495	497.64	974.38	
1342906	67	465.9	568.5	481.6	568.8	394.8	1.75	4.58	0	1,260	5	1.38	5.5	20.4	0.0	0.0	45.30	17	1.2758	2.0242	495	497.43	974.14	
1343497	67	466.1	568.5	481.6	568.5	394.8	2.25	4.58	0	1,551	7	3.81	5.5	20.4	0.0	0.0	51.49	17	1.2758	2.0242	495	497.03	1,006.64	
1344146	67	466.3	568.5	481.8	568.5	394.8	2.62	4.58	0	1,539	11	4.62	5.5	20.4	0.0	0.0	51.12	17	1.2758	2.0242	495	496.75	1,036.56	
1344789	67	466.6	568.2	481.5	568.2	394.5	4.88	4.58	0	1,857	14	7.06	5.5	20.4	0.0	0.0	56.62	17	1.2758	2.0242	495	496.23	1,045.94	
1345391	67	467.1	568.2	481.6	568.5	395.2	3.00	4.58	0	1,657	17	5.69	5.5	20.4	0.0	0.0	29.13	17	1.2758	2.0242	495	495.93	1,030.78	
1346027	66	467.5	568.5	482.0	568.8	394.5	0.69	4.58	0	1,457	17	0.81	5.5	20.4	0.0	0.0	15.02	17	1.2758	2.0242	495	495.65	982.58	
1346678	66	467.9	568.8	481.6	568.8	395.2	0.88	4.58	0	1,327	17	0.81	5.5	20.4	0.0	0.0	29.25	17	1.2758	2.0242	495	495.25	970.47	
1347255	66	468.4	569.2	482.0	569.2	395.2	1.94	4.58	0	1,440	18	2.44	5.5	20.4	0.0	0.0	37.27	17	1.2758	2.0242	495	495.04	979.61	
1347857	66	468.9	569.2	482.2	569.2	395.2	1.75	4.58	0	1,497	19	2.19	5.5	20.4	0.0	0.0	33.28	17	1.2758	2.0242	490	494.73	986.09	
1348519	66	469.4	569.2	482.3	569.2	395.5	1.75	4.58	0	1,574	20	1.62	5.5	20.4	0.0	0.0	26.62	17	1.2758	2.0242	490	494.43	983.28	
1349143	66	469.9	569.5	482.1	569.5	395.2	1.75	4.58	0	1,647	21	1.62	5.5	20.4	0.0	0.0	25.62	17	1.2758	2.0242	490	494.24	979.69	
1349697	66	470.5	569.2	482.1	569.2	395.8	1.56	4.58	0	1,696	22	1.62	5.5	20.4	0.0	0.0	26.11	17	1.2758	2.0242	490	494.03	978.44	
1350296	66	471.0	569.5	482.5	569.5	395.5	1.75	4.58	0	1,753	22	1.62	5.5	20.4	0.0	0.0	29.25	17	1.2758	2.0242	490	493.84	978.91	
1351072	66	471.6	569.5	482.5	569.5	395.8	1.94	4.58	0	1,822	23	1.94	5.5	20.4	0.0	0.0	28.88	17	1.2758	2.0242	490	493.54	987.27	
1351657	66	472.2	569.8	482.8	569.5	396.2	1.75	4.58	0	1,939	24	1.62	5.5	20.4	0.0	0.0	28.17	17	1.2758	2.0242	490	493.44	982.73	
1352232	66	472.9	569.5	482.8	569.2	396.2	2.12	4.58	0	1,947	25	2.19	5.5	20.4	0.0	0.0	29.02	17	1.2758	2.0242	490	493.35	990.86	
1352817	66	473.5	569.8	483.1	569.5	396.5	0.56	4.58	0	1,974	25	0.31	5.5	20.4	0.0	0.0	12.70	17	1.2758	2.0242	490	493.14	977.34	
1353434	66	474.1	569.8	483.1	569.5	396.5	1.44	4.58	0	1,888	25	0.31	5.5	20.4	0.0	0.0	11.79	17	1.2758	2.0242	490	493.05	970.23	
1354040	66	474.6	569.8	482.8	570.2	396.5	0.38	4.58	0	1,820	24	0.56	5.5	20.4	0.0	0.0	17.70	17	1.2758	2.0242	490	492.93	970.86	
1354622	66	475.1	569.8	483.1	569.8	396.5	0.88	4.58	0	1,773	22	0.81	5.5	20.4	0.0	0.0	18.52	17	1.2758	2.0242	490	492.93	971.80	
1355275	66	475.7	569.8	483.1	569.8	396.5	0.56	4.58	0	1,660	21	0.81	5.5	20.4	0.0	0.0	18.28	17	1.2758	2.0242	490	492.83	980.08	
1355963	66	476.3	568.8	483.0	569.2	396.8	0.38	4.58	0	1,521	19	1.94	5.5	20.4	0.0	0.0	13.88	17	1.2758	2.0242	490	492.83	976.41	
1356645	66	477.0	568.8	482.6	568.5	396.8	1.94	4.58	0	1,575	20	2.19	5.5	20.4	0.0	0.0	40.17	17	1.2758	2.0242	490	492.74	974.53	
1357285	67	477.8	567.8	482.1	567.8	396.5	3.00	4.58	0	1,697	22	4.62	5.5	20.4	0.0	0.0	50.70	17	1.2758	2.0242	490	492.74	1,016.80	
1357888	67	478.6	567.2	481.8	567.2	396.8	3.69	4.58	0	1,896	24	4.88	5.5	20.4	0.0	0.0	44.34	17	1.2758	2.0242	490	492.65	1,064.30	
1358536	67	479.2	566.8	482.0	566.8	396.8	1.25	4.58	0	1,980	25	1.62	5.5	20.4	0.0	0.0	24.21	17	1.2758	2.0242	490	492.65	1,007.81	
1359106	66	479.8	566.5	481.6	566.2	396.8	1.56	4.58	0	1,908	25	0.31	5.5	20.4	0.0	0.0	11.20	17	1.2758	2.0242	490	492.65	972.11	
1359711	66	480.3	566.5	481.8	566.5	397.2	2.12	4.58	0	1,997	25	2.19	5.5	20.4	0.0	0.0	26.30	17	1.2758	2.0242	490	492.65	959.61	
1360335	66	480.7	566.5	481.5	566.2	396.5	2.25	4.58	0	2,013	26	1.94	5.5	20.4	0.0	0.0	28.59	17	1.2758	2.0242	490	492.65	957.34	
1361087	66	481.2	566.2	481.5	566.2	397.2	1.94	4.58	0	2,050	26	3.00	5.5	20.4	0.0	0.0	14.98	17	1.2758	2.0242	490	492.65	960.00	
1361780	66	481.7	565.8	481.3	566.2	397.2	0.69	4.58	0	1,177	26	0.56	5.5	20.4	0.0	0.0	12.35	17	1.2758	2.0242	490	492.74	961.33	
1362405	66	482.2	565.8	481.7	565.8	396.8	1.25	4.58	0	1,189	26	0.31	5.5	20.4	0.0	0.0	12.09	17	1.2758	2.0242	490	492.74	960.47	
1363067	66	482.5	565.2	481.3	565.5	397.2	1.06	4.58	0	1,273	25	0.56	5.5	20.4	0.0	0.0	30.00	17	1.2758	2.0242	490	492.83	952.73	
1363739	66	482.9	565.5	481.3	565.2	397.5	2.44	4.58	0	1,398	26	4.06	5.5	20.4	0.0	0.0	60.84	17	1.2758	2.0242	490	492.83	986.95	
1364359	66	483.4	564.8	480.8	564.8	397.2	3.12	4.58	0	1,427	28	6.50	5.5	20.4	0.0	0.0	68.11	17	1.2758	2.0242	490	492.93	1,061.48	
1364992	66	484.3	564.5	480.6	564.5	397.5	3.81	4.58	0	1,514	31	8.38	5.5	20.4	0.0	0.0	72.28	17	1.2758	2.0242	490	493.05	1,127.34	
1365650	66	485.9	564.2	480.3	564.2	396.8	3.12	4.58	0	1,621	33	5.69	5.5	20.4	0.0	0.0	47.11	17	1.2758	2.0242	490	493.23	1,099.77	
1366353	65	487.5	563.5	480.6	563.5	397.2	2.25	4.58	0	1,731	34	2.44	5.5	20.4	0.0	0.0	43.50	17	1.2758	2.0242	490	493.44	1,056.88	
1367025	65	488.9	563.8	480.3	563.5	397.5	2.25	4.58	0	1,071	34	1.38	5.5	20.4	0.0	0.0	19.48	17	1.2758	2.0242	490	493.63	992.11	
1367729	65	489.9	563.8	480.5	564.2	396.8	1.25	4.58	0	1,136	34	0.56	5.5	20.4	0.0	0.0	12.28	17	1.2758	2.0242	490	493.84	970.00	
1368402	65	490.6	563.8	480.5	563.8	397.2	1.06	4.58	0	1,133	33	0.31	5.5	20.4	0.0	0.0	17.04	17	1.2758	2.0242	490	493.94	966.64	
1369074	65	491.5	563.5	480.3	563.5	396.8	1.06	4.58	0	1,106	32	0.31	5.5	20.4	0.0	0.0	17.46	17	1.2758	2.0242	490	494.15	969.22	
1369717	65	492.1	563.2	479.8	563.5	397.2	1.06	4.58	0	1,065	31	0.31	5.5	20.4	0.0	0.0	16.95	17	1.2758	2.0242	490	494.33	969.53	
1370397	65	492.9	562.5	479.6	562.5	396.5	1.25	4.58	0	1,039	30	0.31	5.5	20.4	0.0	0.0	16.71	17	1.2758	2.0242	490	494.55	969.30	
1371196	65	493.6	561.8	479.3	561.5	396.8	1.25	4.58	0	1,014	29	0.00	5.5	20.4	0.0	0.0	17.09	17	1.2758	2.0242	490	494.64	967.81	
1371858	65	494.3	560.8	478.6	560.8	396.5	1.06	4.58	0	834	23	0.31	5.5	20.4	0.0	0.0	17.91	17	1.2758	2.0242	490	494.85	963.83	
1372476	66	494.9	559.8	478.3	559.8	395.8	1.44	4.58	0	920	12	0.31	5.5	20.4	0.0	0.0	17.58	17	1.2758	2.0242	495	495.04	962.58	
1373181	66	495.5	559.5	478.0	559.2	396.2	1.56	4.58	0	886	4	0.31	5.5	20.4	0.0	0.0	19.80	17	1.2758	2.0242	495	495.25	961.02	
1373797	66	495.9	557.8	477.1	557.8	396.2	1.44	4.58	0	962	1	0.31	5.5	20.4	0.0	0.0	17.72	17	1.2758	2.0242	495	495.34	959.61	
1374423	66	496.3	557.2	476.5	557.2	395.5	1.56	4.58	0	806	0	0.81	5.5	20.4	0.0	0.0	30.02	17	1.2758	2.0242	495	495.44	962.03	
1375135	66	496.7	556.2	476.0	555.5	395.5	1.44	4.58	0	761	0	0.56	5.5	20.4	0.0	0.0	38.44	17	1.2758	2.0242	495	495.65	962.66	
1375814	66	497.1	554.8	475.0	554.5	395.2	1.44	4.58	0	924	1	0.81	5.5	20.4	0.0	0.0	28.83	17	1.2758	2.0242	495	495.83	965.94	
1376459	66	497.4	553.5	474.5	553.8	394.5	1.44	4.58	0	987	1	0.56	5.5	20.4	0.0	0.0	23.79	17	1.2758	2.0242	495	496.05	965.78	
1377177	66	497.7	553.2	474.1	553.5	394.5	1.44	4.58	0	997	0	0.56	5.5	20.4	0.0	0.0	22.22	17	1.2758	2.0242	495	496.23	964.22	
1377859	66	497.9	552.5	473.1	552.5	394.2	1.44	4.58	0	974	0	0.56	5.5	20.4	0.0	0.0	22.73	17	1.2758	2.0242	495	496.44	963.44	
1378537	66	498.1	551.5	472.8	551.5	393.8	1.44	4.58	0	991	0	0.56	5.5	20.4	0.0	0.0	21.23	17	1.2758	2.0242	495	496.54	962.81	
1379182	66	498.3	551.2	472.1	551.2	393.5	1.44	4.58	0	990	0	0.56	5.5	20.4	0.0	0.0	20.18	17	1.2758	2.0242	495	496.75	962.58	
1379816	67	498.4	550.5	471.8	550.2	393.2	1.44	4.58	0	884	0	0.56	5.5	20.4	0.0	0.0	24.35	17	1.2758	2.0242	495	496.94	961.80	
1380462	67	498.5	549.2	471.0	549.2	392.8	1.44	4.58	0	861	0	0.56	5.5	20.4	0.0	0.0	24.23	17	1.2758	2.0242	495	497.15	961.88	
1381120	67	498.6	548.5	470.8	548.8	392.2	1.44	4.58	0	836	0	0.56	5.5	20.4	0.0	0.0	25.48	17	1.2758	2.0242	495	497.24	961.88	
1381936	67	498.7	548.2	470.1	548.2	391.8	1.44	4.58	0	857	0	0.56	5.5	20.4	0.0	0.0	23.04	17	1.2758	2.0242	495	497.43	962.03	
1382583	67	498.7	547.5	469.5	547.5	391.5	1.44	4.58	0	827	0	0.31	5.5	20.4	0.0	0.0	22.34	17	1.2758	2.0242	495	497.64	961.33	
1383240	67	498.8	546.5	469.0	546.5	390.8	1.44	4.58	0	821	0	0.31	5.5	20.4	0.0	0.0	21.66	17	1.2758	2.0242	495	497.85	961.02	
1383838	67	498.8	546.2	468.5	546.2	390.8	1.25	4.58	0	811	0	0.31	5.5	20.4	0.0	0.0	21.40	17	1.2758	2.0242	495	498.04	960.47	
1384445	67	498.8	545.5	468.1	545.5	390.8	1.25	4.58	0	808	0	0.31	5.5	20.4	0.0	0.0	21.70	17	1.2758	2.0242	495	498.13	959.84	
1385063	67	498.8	544.8	467.6	545.2	390.2	1.25	4.58	0	809	0	0.31	5.5	20.4	0.0	0.0	21.61	17	1.2758	2.0242	495	498.34	959.77	
1385624	67	498.8	544.5	467.0	544.2	389.5	1.25	4.58	0	797	0	0.31	5.5	20.4	0.0	0.0	21.59	17	1.2758	2.0242	495	498.44	959.61	
1386237	67	498.7	543.8	466.8	543.8	389.8	1.25	4.58	0	783	0	0.31	5.5	20.4	0.0	0.0	22.43	17	1.2758	2.0242	495	498.65	959.38	
1386861	67	498.7	543.5	466.5	543.2	389.5	1.25	4.58	0	792	0	0.31	5.5	20.4	0.0	0.0	31.85	17	1.2758	2.0242	495	498.74	956.95	
1387522	67	498.7	542.5	465.8	542.5	388.8	1.75	4.58	0	1,036	0	1.12	5.5	20.4	0.0	0.0	32.11	17	1.2758	2.0242	495	498.93	963.98	
1388144	67	498.6	542.2	465.3	541.8	388.8	1.56	4.58	0	904	2	0.81	5.5	20.4	0.0	0.0	31.64	17	1.2758	2.0242	495	499.14	964.38	
1388761	67	498.5	541.5	464.8	541.2	388.5	1.44	4.58	0	990	3	0.81	5.5	20.4	0.0	0.0	27.38	17	1.2758	2.0242	495	499.35	965.94	
1389335	67	498.4	540.8	464.5	540.5	387.8	1.44	4.58	0	994	4	0.56	5.5	20.4	0.0	0.0	28.95	17	1.2758	2.0242	495	499.44	963.12	
1389943	67	498.3	540.8	464.1	540.8	388.2	1.56	4.58	0	1,171	5	1.12	5.5	20.4	0.0	0.0	30.59	17	1.2758	2.0242	495	499.63	965.62	
1390540	67	498.2	540.2	464.0	540.2	387.5	1.44	4.58	0	1,194	6	1.12	5.5	20.4	0.0	0.0	29.79	17	1.2758	2.0242	495	499.84	967.50	
1391139	67	498.1	539.8	463.6	539.8	387.2	1.56	4.58	0	1,213	8	1.12	5.5	20.4	0.0	0.0	28.73	17	1.2758	2.0242	500	500.03	970.00	
1391884	67	497.9	539.5	463.5	539.8	387.5	1.06	4.58	0	1,099	8	0.81	5.5	20.4	0.0	0.0	18.84	17	1.2758	2.0242	500	500.24	964.84	
1392502	67	497.8	539.8	463.5	539.5	387.2	1.44	4.58	0	814	5	0.31	5.5	20.4	0.0	0.0	26.88	17	1.2758	2.0242	500	500.43	960.70	
1393149	67	497.6	539.5	463.1	539.5	387.2	1.44	4.58	0	942	3	0.56	5.5	20.4	0.0	0.0	26.77	17	1.2758	2.0242	500	500.64	959.61	
1393756	67	497.4	539.2	463.0	539.2	386.5	1.56	4.58	0	977	4	0.81	5.5	20.4	0.0	0.0	29.77	17	1.2758	2.0242	500	500.85	963.28	
1394345	67	497.3	539.2	463.0	539.2	386.5	1.56	4.58	0	960	4	0.81	5.5	20.4	0.0	0.0	26.30	17	1.2758	2.0242	500	500.94	964.53	
1394943	67	497.1	538.8	462.7	538.8	386.2	1.44	4.58	0	1,096	5	0.81	5.5	20.4	0.0	0.0	31.20	17	1.2758	2.0242	500	501.13	962.73	
1395540	67	496.9	539.2	462.1	539.2	386.2	1.75	4.58	0	1,263	6	1.62	5.5	20.4	0.0	0.0	38.48	17	1.2758	2.0242	500	501.25	968.67	
1396145	67	496.7	538.5	462.1	538.8	385.5	1.94	4.58	0	1,373	9	2.19	5.5	20.4	0.0	0.0	39.12	17	1.2758	2.0242	500	501.44	978.75	
1396796	67	496.4	538.2	462.1	538.8	385.8	1.94	4.58	0	1,391	11	2.19	5.5	20.4	0.0	0.0	42.54	17	1.2758	2.0242	500	501.65	987.34	
1397371	67	496.1	538.5	462.3	538.8	385.5	1.06	4.58	0	1,476	12	1.94	5.5	20.4	0.0	0.0	26.77	17	1.2758	2.0242	500	501.83	997.34	
1398016	67	495.8	538.8	461.8	539.2	385.2	1.56	4.58	0	1,315	12	1.12	5.5	20.4	0.0	0.0	26.70	17	1.2758	2.0242	500	502.05	980.00	
1398556	67	495.6	539.2	462.2	539.2	385.2	2.12	4.58	0	1,442	13	2.75	5.5	20.4	0.0	0.0	53.27	17	1.2758	2.0242	500	502.14	978.91	
1399167	67	495.2	539.5	462.3	539.5	385.2	3.12	4.58	0	1,610	15	6.75	5.5	20.4	0.0	0.0	57.70	17	1.2758	2.0242	500	502.35	1,014.84	
1399747	66	494.9	539.8	462.3	539.5	384.8	2.81	4.58	0	1,605	18	8.38	5.5	20.4	0.0	0.0	56.84	17	1.2758	2.0242	500	502.54	1,000.62	
1400329	66	494.6	540.5	462.6	540.2	384.5	2.62	4.58	0	1,602	21	7.56	5.5	20.4	0.0	0.0	50.65	17	1.2758	2.0242	500	502.63	1,013.83	
1401066	66	494.3	541.2	462.8	540.8	384.8	2.62	4.58	0	1,778	23	3.50	5.5	20.4	0.0	0.0	39.33	17	1.2758	2.0242	500	502.75	1,025.47	
1401700	66	494.2	541.8	463.0	541.8	384.8	2.81	4.58	0	1,611	24	8.69	5.5	20.4	0.0	0.0	54.77	17	1.2758	2.0242	500	502.84	1,006.72	
1402298	65	494.1	542.5	463.5	542.8	384.5	1.94	4.58	0	1,346	26	4.31	5.5	20.4	0.0	0.0	32.62	17	1.2758	2.0242	500	502.94	1,011.56	
1402919	65	494.1	543.2	464.0	543.5	384.5	1.06	4.58	0	1,310	26	1.38	5.5	20.4	0.0	0.0	44.11	17	1.2758	2.0242	500	503.03	984.14	
1403527	65	494.2	544.8	464.5	544.8	384.8	2.81	4.58	0	1,400	28	6.25	5.5	20.4	0.0	0.0	70.92	17	1.2758	2.0242	500	503.15	1,048.67	
1404136	65	494.9	545.5	464.8	545.5	384.5	5.06	4.58	0	1,492	30	13.50	5.5	20.4	0.0	0.0	99.21	17	1.2758	2.0242	500	503.24	1,282.81	
1404739	65	496.5	546.5	465.5	546.5	384.5	4.88	4.58	0	1,520	32	19.19	5.5	20.4	0.0	0.0	45.91	17	1.2758	2.0242	500	503.33	1,082.81	
1405384	64	498.6	547.8	466.0	547.8	384.5	1.25	4.58	0	1,714	32	1.38	5.5	20.4	0.0	0.0	16.88	17	1.2758	2.0242	500	503.43	998.98	
1406031	64	500.0	548.8	466.6	549.2	384.8	0.69	4.58	0	1,555	32	1.12	5.5	20.4	0.0	0.0	12.26	17	1.2758	2.0242	500	503.64	975.00	
1406709	64	501.4	550.2	467.3	550.2	384.5	1.06	4.58	0	1,122	31	0.31	5.5	20.4	0.0	0.0	16.85	17	1.2758	2.0242	500	503.73	968.05	
1407275	64	502.5	551.5	468.0	551.5	384.8	1.06	4.58	0	1,019	30	0.56	5.5	20.4	0.0	0.0	17.13	17	1.2758	2.0242	500	503.94	970.08	
1407897	65	503.5	552.2	468.5	552.5	384.8	1.25	4.58	0	950	28	0.31	5.5	20.4	0.0	0.0	11.44	17	1.2758	2.0242	500	504.04	964.69	
1408517	65	504.7	553.2	468.8	552.8	384.8	2.44	4.58	0	1,428	28	3.50	5.5	20.4	0.0	0.0	58.90	17	1.2758	2.0242	500	504.25	970.31	
1409117	65	506.0	553.2	469.0	553.2	384.5	3.00	4.58	0	1,485	30	6.75	5.5	20.4	0.0	0.0	64.50	17	1.2758	2.0242	500	504.53	1,053.44	
1409696	65	507.3	553.5	469.1	553.5	384.8	3.69	4.58	0	1,602	32	7.88	5.5	20.4	0.0	0.0	69.87	17	1.2758	2.0242	500	504.83	1,121.48	
1410280	65	509.0	554.2	469.5	554.2	384.8	5.25	4.58	0	1,666	34	10.56	5.5	20.4	0.0	0.0	48.54	17	1.2758	2.0242	505	505.14	1,088.05	
1411028	65	510.8	554.8	469.8	554.8	385.2	1.25	4.58	0	1,707	35	1.62	5.5	20.4	0.0	0.0	18.09	17	1.2758	2.0242	505	505.54	993.59	
1411637	64	512.1	555.5	470.1	555.8	384.8	0.88	4.58	0	1,672	34	1.12	5.5	20.4	0.0	0.0	12.30	17	1.2758	2.0242	505	505.84	974.84	
1412202	64	513.4	557.2	470.8	557.2	385.2	1.06	4.58	0	1,374	34	0.00	5.5	20.4	0.0	0.0	15.89	17	1.2758	2.0242	505	506.15	968.59	
1412833	64	514.3	557.8	471.1	557.8	385.5	0.88	4.58	0	1,127	33	0.31	5.5	20.4	0.0	0.0	17.25	17	1.2758	2.0242	505	506.43	972.42	
1413385	64	515.3	558.5	471.8	558.5	385.2	1.06	4.58	0	1,092	32	0.31	5.5	20.4	0.0	0.0	17.32	17	1.2758	2.0242	505	506.64	972.03	
1413997	65	516.2	559.5	472.0	559.5	385.2	1.06	4.58	0	1,045	30	0.00	5.5	20.4	0.0	0.0	17.04	17	1.2758	2.0242	505	506.94	970.31	
1414583	65	517.0	559.5	472.3	559.5	384.8	1.25	4.58	0	979	28	0.31	5.5	20.4	0.0	0.0	12.49	17	1.2758	2.0242	505	507.25	968.75	
1415217	65	517.8	559.5	472.2	559.5	385.2	1.25	4.58	0	1,128	28	0.31	5.5	20.4	0.0	0.0	12.30	17	1.2758	2.0242	505	507.44	965.78	
1415834	65	518.5	559.2	472.2	559.2	385.2	0.88	4.58	0	1,225	27	0.56	5.5	20.4	0.0	0.0	12.23	17	1.2758	2.0242	505	507.74	964.22	
1416485	65	519.3	559.2	472.1	559.2	384.8	0.19	4.58	0	1,157	24	0.00	5.5	20.4	0.0	0.0	16.41	17	1.2758	2.0242	505	508.05	965.08	
1417053	65	519.9	558.8	472.0	558.5	384.8	1.44	4.58	0	965	19	0.31	5.5	20.4	0.0	0.0	12.52	17	1.2758	2.0242	505	508.23	964.69	
1417630	65	520.5	558.5	471.5	558.5	385.2	1.44	4.58	0	823	17	0.31	5.5	20.4	0.0	0.0	22.57	17	1.2758	2.0242	505	508.44	962.27	
1418223	66	521.0	558.2	471.7	557.8	384.8	1.25	4.58	0	964	15	0.31	5.5	20.4	0.0	0.0	18.47	17	1.2758	2.0242	505	508.75	962.19	
1418823	66	521.5	557.5	471.1	557.5	384.8	1.25	4.58	0	972	14	0.31	5.5	20.4	0.0	0.0	17.95	17	1.2758	2.0242	505	508.94	961.25	
1419430	66	522.0	556.8	471.1	557.5	384.5	1.25	4.58	0	936	12	0.31	5.5	20.4	0.0	0.0	19.10	17	1.2758	2.0242	505	509.24	960.86	
1420053	66	522.4	556.5	470.5	556.5	384.5	1.25	4.58	0	922	12	0.31	5.5	20.4	0.0	0.0	20.62	17	1.2758	2.0242	505	509.43	960.31	
1420821	66	522.8	556.2	470.2	555.5	384.5	1.25	4.58	0	953	12	0.31	5.5	20.4	0.0	0.0	20.44	17	1.2758	2.0242	505	509.73	960.39	
1421379	66	523.1	555.8	470.0	555.8	384.2	1.44	4.58	0	964	12	0.56	5.5	20.4	0.0	0.0	42.45	17	1.2758	2.0242	510	510.04	953.83	
1421969	67	523.5	554.8	469.6	554.8	384.2	2.62	4.58	0	1,436	14	4.62	5.5	20.4	0.0	0.0	55.80	17	1.2758	2.0242	510	510.34	989.69	
1422583	67	523.8	555.2	469.5	554.8	383.8	2.62	4.58	0	1,524	16	8.12	5.5	20.4	0.0	0.0	60.68	17	1.2758	2.0242	510	510.74	989.84	
1423183	66	524.1	554.5	469.1	554.8	383.8	2.62	4.58	0	1,509	19	8.69	5.5	20.4	0.0	0.0	57.61	17	1.2758	2.0242	510	511.23	979.61	
1423787	66	524.4	554.5	469.1	554.5	383.5	3.31	4.58	0	1,665	22	8.69	5.5	20.4	0.0	0.0	55.64	17	1.2758	2.0242	510	511.75	998.91	
1424402	65	524.6	555.2	469.0	554.8	383.5	5.75	4.58	0	1,902	25	9.19	5.5	20.4	0.0	0.0	68.98	17	1.2758	2.0242	510	512.33	1,166.02	
1425035	65	525.3	555.5	469.3	555.8	383.2	8.19	4.58	0	2,132	28	15.94	5.5	20.4	0.0	0.0	80.62	17	1.2758	2.0242	510	512.94	1,358.83	
1425596	65	526.9	556.8	469.8	556.8	383.2	10.44	4.58	0	2,403	32	23.25	5.5	20.0	0.0	0.0	86.55	17	1.2758	2.0078	510	513.74	1,489.69	
1426168	64	529.3	558.2	470.3	558.2	382.8	8.88	4.58	0	1,872	34	16.50	5.5	20.0	0.0	0.0	88.55	17	1.2758	2.0156	510	514.63	1,404.30	
1426715	63	532.3	559.8	471.2	559.8	383.2	8.00	4.58	0	1,850	37	15.44	5.5	20.0	0.0	0.0	98.58	17	1.2758	2.0156	515	515.55	1,401.95	
1427286	63	536.1	561.5	472.5	561.8	383.2	13.06	4.58	0	1,983	39	27.31	5.5	20.0	0.0	0.0	125.70	17	1.2758	2.0156	515	516.83	1,751.95	
1427856	63	541.4	564.5	473.3	564.5	383.2	17.56	4.58	0	2,152	43	41.06	5.5	20.0	0.0	0.0	135.14	17	1.2758	2.0078	515	518.64	1,887.19	
1428425	62	547.3	567.2	474.8	567.5	383.5	22.56	4.58	0	2,299	48	58.06	5.5	20.0	0.0	0.0	138.75	17	1.2758	2.0234	520	520.63	1,731.72	
1429042	61	554.9	570.5	476.8	570.8	383.5	4.69	4.58	0	2,487	50	9.19	5.5	20.0	0.0	0.0	33.14	17	1.2758	2.0234	520	523.14	1,032.58	
1429728	60	561.1	573.8	478.6	573.8	383.8	1.56	4.58	0	2,601	50	1.94	5.5	20.4	0.0	0.0	14.34	17	1.2758	2.0234	525	525.25	956.64	
1430352	60	566.2	577.5	480.7	577.8	383.8	5.25	4.58	0	2,588	51	11.38	5.5	20.0	0.0	0.0	64.36	17	1.2758	2.0156	525	527.94	1,010.31	
1430945	60	572.5	581.8	482.8	582.2	384.2	11.50	4.58	0	2,621	53	25.69	5.5	20.4	0.0	0.0	87.56	17	1.2758	2.0320	530	531.25	1,258.67	
1431518	60	581.1	585.2	484.5	585.5	384.8	10.94	4.58	0	2,341	55	26.75	5.5	20.4	0.0	0.0	96.52	17	1.2758	2.0234	530	534.04	1,303.12	
1432082	60	588.4	588.2	486.3	588.5	384.8	3.81	4.58	0	1,885	56	4.62	5.5	20.4	0.0	0.0	31.55	17	1.2758	2.0234	535	537.25	1,022.03	
1432628	60	593.9	591.2	488.0	591.5	385.2	1.25	4.58	0	1,885	55	0.56	5.5	20.4	0.0	0.0	12.77	17	1.2758	2.0234	535	539.24	977.19	
1433245	59	598.4	594.2	489.7	594.5	385.2	0.56	4.58	0	1,794	55	0.56	5.5	20.4	0.0	0.0	15.52	17	1.2758	2.0320	540	541.35	969.22	
1433806	60	602.3	596.8	491.1	597.2	385.5	0.19	4.58	0	1,511	54	0.81	5.5	20.4	0.0	0.0	17.30	17	1.2758	2.0156	540	543.34	969.30	
1434432	60	605.8	599.5	492.7	599.8	385.5	0.38	4.58	0	1,375	54	0.81	5.5	20.4	0.0	0.0	16.97	17	1.2758	2.0234	545	545.15	975.55	
1434981	61	608.7	601.2	493.3	601.2	386.2	0.56	4.58	0	1,360	53	0.81	5.5	20.4	0.0	0.0	17.06	17	1.2758	2.0312	545	546.93	976.25	
1435588	61	611.8	602.2	494.0	602.5	386.2	1.06	4.58	0	1,099	52	0.31	5.5	20.4	0.0	0.0	16.34	17	1.2758	2.0156	545	548.55	974.14	
1436148	61	614.1	602.8	494.5	602.8	385.8	1.06	4.58	0	1,086	51	0.31	5.5	20.0	0.0	0.0	16.36	17	1.2758	2.0156	545	549.74	972.50	
1436712	62	616.3	603.5	494.8	603.2	386.5	1.06	4.58	0	1,067	51	0.31	5.5	20.4	0.0	0.0	16.57	17	1.2758	2.0234	550	551.24	971.56	
1437304	62	618.4	603.5	494.8	603.8	386.2	1.25	4.58	0	1,044	50	0.31	5.5	20.4	0.0	0.0	16.31	17	1.2758	2.0234	550	552.53	970.62	
1437903	62	620.3	603.2	494.8	603.5	386.5	1.25	4.58	0	1,035	49	0.31	5.5	20.4	0.0	0.0	16.66	17	1.2758	2.0234	550	553.84	970.08	
1438469	63	621.9	602.8	494.5	602.8	386.2	1.25	4.58	0	1,024	49	0.31	5.5	20.4	0.0	0.0	16.48	17	1.2758	2.0234	555	555.13	969.38	
1439153	63	623.4	602.5	494.5	602.5	386.5	1.25	4.58	0	1,009	48	0.00	5.5	20.4	0.0	0.0	16.64	17	1.2758	2.0234	555	556.44	968.59	
1439799	63	624.9	601.8	494.1	601.8	386.5	1.25	4.58	0	998	47	-0.19	5.5	20.4	0.0	0.0	16.62	17	1.2758	2.0234	555	557.55	966.33	
1440394	63	626.6	600.5	493.6	600.5	386.5	1.94	4.58	0	1,040	47	0.81	5.5	20.0	0.0	0.0	52.45	17	1.2758	2.0156	555	558.83	959.30	
1440953	64	628.2	599.8	493.0	599.8	386.5	2.62	4.58	0	1,074	48	3.81	5.5	20.4	0.0	0.0	70.01	17	1.2758	2.0234	560	560.15	1,005.00	
1441517	64	629.8	598.8	492.5	598.8	386.2	2.62	4.58	0	1,011	48	4.06	5.5	20.4	0.0	0.0	40.01	17	1.2758	2.0234	560	561.65	1,021.64	
1442070	64	631.1	597.8	492.1	598.2	386.2	1.06	4.58	0	977	48	0.56	5.5	20.0	0.0	0.0	13.64	17	1.2758	2.0156	560	562.94	982.11	
1442668	63	632.2	597.5	491.7	597.5	386.5	1.44	4.58	0	960	47	0.00	5.5	20.0	0.0	0.0	15.84	17	1.2758	2.0156	560	564.04	969.45	
1443244	63	633.2	596.8	491.5	596.5	385.5	1.25	4.58	0	980	46	0.00	5.5	20.0	0.0	0.0	16.83	17	1.2758	2.0156	565	564.93	965.62	
1443874	63	634.2	596.2	490.8	596.2	385.5	1.25	4.58	0	965	46	0.31	5.5	20.0	0.0	0.0	16.41	17	1.2758	2.0156	565	566.15	967.73	
1444579	64	635.1	595.5	490.6	595.2	385.8	1.06	4.58	0	1,141	45	0.56	5.5	20.0	0.0	0.0	13.83	17	1.2758	2.0156	565	567.34	966.09	
1445190	64	636.0	594.2	489.8	594.2	385.5	0.56	4.58	0	1,146	44	0.56	5.5	20.0	0.0	0.0	29.48	17	1.2758	2.0156	565	568.44	956.64	
1445753	64	636.9	592.8	489.3	593.2	385.5	2.25	4.58	0	1,250	44	3.25	5.5	20.0	0.0	0.0	64.69	17	1.2758	2.0156	565	569.73	980.31	
1446316	65	637.8	592.2	488.5	592.2	385.2	2.81	4.58	0	1,173	45	5.12	5.5	20.0	0.0	0.0	78.47	17	1.2758	2.0156	570	570.93	1,055.31	
1446871	64	638.8	590.8	488.3	591.2	384.5	3.69	4.58	0	1,232	46	8.38	5.5	20.0	0.0	0.0	91.41	17	1.2758	2.0156	570	572.64	1,164.53	
1447443	64	640.1	590.5	488.0	590.5	384.8	5.56	4.58	0	1,399	47	14.88	5.5	20.0	0.0	0.0	102.05	17	1.2758	2.0156	570	574.23	1,312.42	
1448028	64	641.8	590.2	487.8	590.5	384.8	9.06	4.58	0	1,631	48	22.19	5.5	20.0	0.0	0.0	108.42	17	1.2758	2.0156	575	576.44	1,390.78	
1448707	63	643.8	590.2	487.5	590.5	384.8	8.50	4.58	0	1,685	51	20.81	5.5	20.0	0.0	0.0	102.05	17	1.2758	2.0156	575	579.34	1,438.75	
1449276	62	646.0	591.2	488.0	590.8	384.8	10.44	4.58	0	1,814	53	23.75	5.5	20.4	0.0	0.0	105.87	17	1.2758	2.0234	580	582.04	1,436.88	
1449847	62	649.3	592.2	488.3	592.2	385.2	11.12	4.58	0	1,862	55	23.75	5.5	20.0	0.0	0.0	101.23	17	1.2758	2.0156	580	584.55	1,346.56	
1450469	61	652.7	594.2	489.0	594.2	384.8	8.69	4.58	0	1,912	57	14.62	5.5	20.0	0.0	0.0	67.83	17	1.2758	2.0156	585	588.13	1,144.69	
1451086	60	655.6	596.5	490.7	596.5	384.8	6.44	4.58	0	1,965	58	10.56	5.5	20.0	0.0	0.0	71.81	17	1.2758	2.0156	590	591.13	1,118.44	
1451652	60	658.2	598.8	491.5	599.2	385.2	3.50	4.58	0	1,527	59	13.50	5.5	20.0	0.0	0.0	53.88	17	1.2758	2.0156	590	593.64	1,068.98	
1452216	60	660.0	601.5	493.2	601.5	384.8	1.25	4.58	0	1,547	58	1.94	5.5	20.0	0.0	0.0	18.47	17	1.2758	2.0078	595	595.94	1,008.83	
1452781	59	661.2	604.2	494.3	603.8	385.2	0.00	4.58	0	1,494	58	0.81	5.5	20.0	0.0	0.0	12.38	17	1.2758	2.0078	595	597.74	978.67	
1453350	59	662.3	606.8	495.6	606.8	385.5	0.88	4.58	0	1,448	57	0.56	5.5	20.0	0.0	0.0	16.43	17	1.2758	2.0078	595	599.43	970.78	
1453934	60	663.2	608.8	496.8	609.2	385.5	0.69	4.58	0	1,203	57	0.56	5.5	20.0	0.0	0.0	16.78	17	1.2758	2.0078	600	600.74	968.59	
1454554	60	664.1	610.5	497.5	610.8	385.2	0.88	4.58	0	1,185	56	0.56	5.5	20.0	0.0	0.0	17.13	17	1.2758	2.0078	600	602.55	973.05	
1455174	61	665.0	611.8	498.3	611.5	384.8	0.69	4.58	0	1,170	56	0.56	5.5	20.0	0.0	0.0	16.97	17	1.2758	2.0156	600	603.93	972.81	
1455728	61	665.7	612.8	498.8	612.8	385.2	0.88	4.58	0	1,146	55	0.56	5.5	20.0	0.0	0.0	16.97	17	1.2758	2.0156	605	605.03	972.34	
1456317	61	666.4	612.8	499.2	612.8	384.8	0.88	4.58	0	1,138	54	0.56	5.5	20.0	0.0	0.0	16.99	17	1.2758	2.0156	605	606.34	972.03	
1456883	62	667.0	613.2	499.3	613.2	384.8	0.88	4.58	0	1,126	54	0.56	5.5	20.0	0.0	0.0	16.73	17	1.2758	2.0078	605	607.54	971.64	
1457492	62	667.6	613.5	499.2	613.2	385.2	1.75	4.58	0	1,144	53	0.56	5.5	20.0	0.0	0.0	33.40	17	1.2758	2.0078	605	608.73	959.30	
1458040	62	668.1	612.8	498.6	612.8	384.8	2.25	4.58	0	1,274	53	3.25	5.5	20.0	0.0	0.0	59.79	17	1.2758	2.0078	610	610.05	995.55	
1458661	63	668.6	612.5	498.5	612.5	384.5	3.12	4.58	0	1,396	54	7.06	5.5	19.6	0.0	0.0	70.43	17	1.2758	2.0156	610	612.04	1,080.08	
1459234	63	669.0	612.2	498.3	612.5	384.8	1.56	4.58	0	1,422	55	4.31	5.5	20.0	0.0	0.0	28.95	17	1.2758	2.0078	610	613.23	1,028.91	
1459861	62	669.2	612.2	498.5	612.5	384.8	1.25	4.58	0	1,338	55	1.38	5.5	20.0	0.0	0.0	54.23	17	1.2758	2.0000	610	614.85	997.42	
1460476	62	669.2	612.8	498.8	612.5	384.8	2.81	4.58	0	1,206	55	5.12	5.5	19.6	0.0	0.0	69.47	17	1.2758	2.0000	615	616.44	1,051.33	
1461086	62	669.3	613.2	498.8	613.2	384.5	3.69	4.58	0	1,261	56	8.38	5.5	19.6	0.0	0.0	90.12	17	1.2758	2.0000	615	618.04	1,160.39	
1461651	62	669.5	613.8	499.1	614.2	384.2	5.06	4.58	0	1,442	57	13.50	5.5	19.6	0.0	0.0	99.91	17	1.2758	2.0000	615	619.44	1,283.36	
1462252	62	669.9	614.8	499.5	614.8	384.5	7.31	4.58	0	1,503	58	19.75	5.5	19.6	0.0	0.0	111.61	17	1.2758	2.0000	620	621.44	1,445.16	
1462810	61	670.6	615.8	500.3	616.2	384.5	9.06	4.58	0	1,547	60	24.06	5.5	20.0	0.0	0.0	116.88	17	1.2758	2.0078	620	622.94	1,560.16	
1463390	61	671.6	617.8	501.3	617.8	384.5	11.12	4.58	0	1,644	62	28.12	5.5	20.0	0.0	0.0	126.33	17	1.2758	2.0078	620	624.83	1,660.08	
1463986	60	673.3	619.8	502.3	620.2	385.2	13.06	4.58	0	1,725	64	32.44	5.5	19.6	0.0	0.0	131.62	17	1.2758	2.0000	625	626.85	1,628.75	
1464650	60	675.6	623.2	503.8	623.8	385.2	2.44	4.58	0	1,687	66	4.62	5.5	20.0	0.0	0.0	34.34	17	1.2758	2.0078	625	628.75	1,068.05	
1465189	59	677.3	626.8	505.8	627.2	385.2	0.69	4.58	0	1,690	66	1.38	5.5	20.0	0.0	0.0	13.73	17	1.2758	2.0078	630	630.25	997.50	
1465751	58	678.3	630.5	507.6	630.5	385.5	2.25	4.58	0	1,585	66	1.12	5.5	20.0	0.0	0.0	15.82	17	1.2758	2.0000	630	631.44	977.73	
1466355	59	679.5	633.8	509.5	634.2	385.5	0.38	4.58	0	1,349	64	0.81	5.5	19.6	0.0	0.0	16.90	17	1.2758	2.0000	630	632.64	972.19	
1467049	59	680.4	637.2	511.3	637.2	385.5	0.38	4.58	0	1,339	63	0.56	5.5	20.0	0.0	0.0	16.50	17	1.2758	2.0078	630	633.74	976.80	
1467624	59	681.3	639.2	512.5	639.2	385.8	0.56	4.58	0	1,325	63	0.81	5.5	20.0	0.0	0.0	16.85	17	1.2758	2.0078	630	634.75	976.48	
1468176	60	682.3	641.2	513.5	641.5	385.8	0.56	4.58	0	1,297	63	0.81	5.5	20.0	0.0	0.0	17.02	17	1.2758	2.0078	635	635.73	976.02	
1468753	60	683.1	642.5	514.0	642.5	386.2	0.56	4.58	0	1,298	62	0.81	5.5	20.0	0.0	0.0	16.85	17	1.2758	2.0078	635	636.65	975.62	
1469399	61	683.9	642.8	514.5	643.2	386.2	0.56	4.58	0	1,278	61	0.81	5.5	20.0	0.0	0.0	17.13	17	1.2758	2.0078	635	637.54	975.86	
1469976	61	684.6	643.5	514.8	643.2	385.8	0.56	4.58	0	1,274	61	0.81	5.5	20.0	0.0	0.0	17.02	17	1.2758	2.0078	635	638.43	975.39	
1470564	61	685.3	643.2	514.7	643.2	386.5	0.69	4.58	0	1,247	60	0.56	5.5	20.0	0.0	0.0	16.92	17	1.2758	2.0078	635	639.25	974.84	
1471182	62	685.9	642.8	514.5	642.8	385.8	0.69	4.58	0	1,245	59	0.56	5.5	20.0	0.0	0.0	17.34	17	1.2758	2.0078	640	640.05	974.69	
1471790	62	686.5	642.2	514.0	642.2	386.2	0.69	4.58	0	1,236	59	0.56	5.5	19.6	0.0	0.0	17.39	17	1.2758	2.0000	640	640.84	974.38	
1472350	62	687.0	641.5	513.8	641.8	385.5	0.69	4.58	0	1,208	58	0.56	5.5	19.6	0.0	0.0	17.48	17	1.2758	2.0000	640	641.55	974.14	
1472978	62	687.5	640.8	513.1	640.5	385.8	0.69	4.58	0	1,211	57	0.56	5.5	20.0	0.0	0.0	17.20	17	1.2758	2.0078	640	642.44	973.20	
1473531	63	687.9	639.8	512.6	639.5	385.5	0.69	4.58	0	1,183	56	0.31	5.5	20.0	0.0	0.0	17.65	17	1.2758	2.0078	640	643.05	973.75	
1474158	63	688.3	638.5	512.1	638.2	385.5	1.06	4.58	0	1,110	52	0.31	5.5	19.6	0.0	0.0	17.48	17	1.2758	2.0000	640	643.84	972.42	
1474747	63	688.7	637.2	511.2	636.8	385.2	1.06	4.58	0	1,048	49	0.31	5.5	19.6	0.0	0.0	14.93	17	1.2758	1.9914	640	644.33	971.41	
1475300	63	689.1	635.8	510.6	635.5	384.8	1.44	4.58	0	1,055	44	0.31	5.5	19.6	0.0	0.0	15.45	17	1.2758	1.9914	645	645.04	967.97	
1475862	63	689.3	634.5	509.8	634.5	384.8	1.25	4.58	0	1,033	40	0.31	5.5	19.6	0.0	0.0	13.05	17	1.2758	1.9914	645	645.65	965.08	
1476549	64	689.6	633.5	509.1	633.8	384.5	1.25	4.58	0	974	38	0.31	5.5	19.6	0.0	0.0	12.70	17	1.2758	1.9914	645	646.35	962.81	
1477093	64	689.8	632.5	508.2	632.2	383.8	1.44	4.58	0	1,153	37	0.56	5.5	19.6	0.0	0.0	31.17	17	1.2758	1.9914	645	646.75	949.45	
1477700	64	689.9	630.8	507.3	630.8	383.8	3.50	4.58	0	1,618	38	6.75	5.5	19.6	0.0	0.0	59.30	17	1.2758	1.9914	645	647.55	1,013.98	
1478265	64	689.9	629.2	506.6	629.2	383.8	5.56	4.58	0	1,982	39	9.75	5.5	19.6	0.0	0.0	68.77	17	1.2758	1.9914	645	648.44	1,138.59	
1478866	64	689.7	628.8	506.0	628.5	383.2	7.12	4.58	0	1,999	40	13.81	5.5	19.6	0.0	0.0	75.94	17	1.2758	1.9914	645	649.44	1,279.84	
1479467	63	689.7	628.5	506.0	628.5	383.2	8.38	4.58	0	2,109	42	23.00	5.5	19.6	0.0	0.0	105.16	17	1.2758	1.9914	650	650.43	1,546.25	
1480059	62	689.7	629.5	506.2	629.5	383.2	16.00	4.58	0	2,262	46	40.81	5.5	19.6	0.0	0.0	113.13	17	1.2758	1.9836	650	651.44	1,327.89	
1480637	61	689.4	631.2	507.0	631.2	382.8	3.31	4.58	0	2,375	47	6.50	5.5	19.6	0.0	0.0	28.62	17	1.2758	2.0000	650	652.23	1,020.47	
1481247	60	689.1	633.8	508.3	634.2	382.8	3.50	4.58	0	2,055	47	0.81	5.5	19.6	0.0	0.0	19.80	17	1.2758	2.0000	650	652.94	974.45	
1481847	60	688.9	636.8	509.8	637.2	382.8	3.00	4.58	0	1,696	47	4.62	5.5	19.6	0.0	0.0	58.05	17	1.2758	1.9914	650	653.73	1,021.09	
1482425	60	688.4	640.5	511.5	640.5	383.2	5.06	4.58	0	1,631	48	13.50	5.5	20.0	0.0	0.0	82.88	17	1.2758	2.0000	650	654.53	1,161.41	
1483008	60	688.2	643.2	513.0	643.5	383.2	6.81	4.58	0	1,688	50	17.31	5.5	19.6	0.0	0.0	99.66	17	1.2758	2.0000	655	655.44	1,379.77	
1483662	60	688.6	646.5	514.8	646.8	383.2	9.94	4.58	0	1,806	52	24.31	5.5	19.6	0.0	0.0	114.23	17	1.2758	1.9914	655	656.55	1,543.20	
1484294	60	689.7	650.5	516.7	650.5	383.2	12.88	4.58	0	1,847	54	29.19	5.5	19.6	0.0	0.0	116.02	17	1.2758	2.0000	655	657.65	1,569.77	
1484898	59	691.2	654.5	518.5	654.5	383.8	13.75	4.58	0	1,946	57	31.06	5.5	19.6	0.0	0.0	116.20	17	1.2758	2.0000	655	658.75	1,555.08	
1485582	59	693.2	658.2	520.6	658.8	383.8	13.94	4.58	0	2,024	59	30.00	5.5	19.6	0.0	0.0	107.04	17	1.2758	1.9914	660	660.04	1,445.23	
1486217	58	695.4	662.8	523.3	663.2	384.2	12.38	4.58	0	2,117	61	27.81	5.5	19.6	0.0	0.0	106.08	17	1.2758	1.9914	660	661.54	1,296.56	
1486822	58	697.7	668.8	526.3	668.8	384.5	3.12	4.58	0	2,104	63	3.25	5.5	19.6	0.0	0.0	25.05	17	1.2758	2.0000	660	662.73	1,022.19	
1487416	57	699.5	673.5	529.0	673.5	384.8	0.56	4.58	0	1,523	62	0.56	5.5	19.6	0.0	0.0	15.47	17	1.2758	1.9914	660	663.65	985.00	
1487987	57	700.5	677.8	531.3	678.5	385.2	0.38	4.58	0	1,504	61	0.81	5.5	19.6	0.0	0.0	17.09	17	1.2758	1.9914	660	664.35	975.16	
1488621	57	701.5	681.8	533.6	681.8	385.2	0.69	4.58	0	1,280	61	0.56	5.5	19.6	0.0	0.0	16.66	17	1.2758	2.0000	665	665.03	970.39	
1489214	58	702.4	685.2	535.0	684.8	385.5	0.69	4.58	0	1,268	60	0.56	5.5	19.6	0.0	0.0	16.38	17	1.2758	1.9914	665	665.64	974.92	
1489795	58	703.2	686.5	536.1	686.5	385.8	0.69	4.58	0	1,248	59	0.56	5.5	19.6	0.0	0.0	16.43	17	1.2758	1.9914	665	666.25	974.53	
1490378	59	703.9	687.8	536.6	687.8	385.8	0.56	4.58	0	1,232	59	0.56	5.5	19.6	0.0	0.0	16.64	17	1.2758	2.0000	665	666.83	974.53	
1491004	59	704.6	688.2	537.0	688.2	386.2	0.69	4.58	0	1,217	58	0.56	5.5	19.6	0.0	0.0	17.06	17	1.2758	1.9844	665	667.44	973.67	
1491640	59	705.3	688.2	537.0	688.5	386.2	0.69	4.58	0	1,200	57	0.56	5.5	19.6	0.0	0.0	16.80	17	1.2758	1.9922	665	667.94	973.20	
1492265	60	705.9	687.5	537.0	687.8	386.5	0.69	4.58	0	1,175	56	0.56	5.5	19.6	0.0	0.0	16.76	17	1.2758	1.9922	665	668.55	972.81	
1492815	60	706.4	686.8	536.7	686.8	386.2	0.69	4.58	0	1,167	56	0.56	5.5	19.6	0.0	0.0	16.71	17	1.2758	1.9844	665	668.94	972.42	
1493421	60	706.9	686.2	536.2	685.8	386.5	0.88	4.58	0	1,152	55	0.56	5.5	19.6	0.0	0.0	17.98	17	1.2758	1.9844	665	669.44	971.88	
1493973	61	707.3	684.5	535.5	684.5	386.5	2.12	4.58	0	1,195	54	1.38	5.5	19.6	0.0	0.0	52.45	17	1.2758	1.9844	670	669.93	962.34	
1494533	61	707.7	683.5	534.7	683.2	385.8	2.81	4.58	0	1,251	55	5.69	5.5	19.6	0.0	0.0	76.57	17	1.2758	1.9914	670	670.54	1,037.03	
1495211	61	708.1	682.2	533.8	681.8	385.8	3.31	4.58	0	1,176	55	7.88	5.5	19.6	0.0	0.0	87.98	17	1.2758	1.9914	670	671.33	1,162.03	
1495801	61	708.7	680.8	533.7	680.8	386.5	4.00	4.58	0	1,319	56	13.25	5.5	19.6	0.0	0.0	65.16	17	1.2758	1.9836	670	672.13	1,117.03	
1496367	61	709.4	679.8	533.1	679.8	386.5	1.44	4.58	0	1,168	56	2.44	5.5	19.6	0.0	0.0	20.93	17	1.2758	1.9836	670	672.74	1,019.22	
1496970	60	709.7	679.5	532.8	679.5	386.5	1.06	4.58	0	1,142	55	0.56	5.5	19.6	0.0	0.0	12.14	17	1.2758	1.9914	670	673.23	979.61	
1497537	60	709.9	679.2	532.7	679.5	386.2	0.69	4.58	0	1,146	54	0.31	5.5	19.6	0.0	0.0	16.43	17	1.2758	1.9836	670	673.75	970.47	
1498157	60	710.0	679.2	532.8	679.2	386.2	0.88	4.58	0	1,127	54	0.31	5.5	19.6	0.0	0.0	17.86	17	1.2758	1.9836	670	674.33	972.19	
1498763	61	710.2	678.5	532.2	678.8	385.8	0.88	4.58	0	1,109	53	0.31	5.5	19.2	0.0	0.0	16.78	17	1.2758	1.9758	670	674.85	971.56	
1499398	61	710.4	677.5	531.8	677.5	386.2	0.88	4.58	0	1,091	52	0.31	5.5	19.2	0.0	0.0	16.62	17	1.2758	1.9758	675	675.34	970.47	
1499989	61	710.5	676.2	531.2	676.5	385.8	1.06	4.58	0	1,061	50	0.31	5.5	19.2	0.0	0.0	16.78	17	1.2758	1.9758	675	675.93	970.00	
1500611	61	710.6	674.5	530.3	674.5	386.2	1.06	4.58	0	1,030	49	0.31	5.5	19.2	0.0	0.0	13.90	17	1.2758	1.9758	675	676.44	968.44	
1501262	62	710.7	672.8	529.5	672.8	385.2	0.88	4.58	0	1,176	47	0.31	5.5	19.2	0.0	0.0	16.69	17	1.2758	1.9758	675	676.94	969.06	
1501830	62	710.8	671.5	528.5	671.5	385.2	0.69	4.58	0	1,190	46	0.56	5.5	19.2	0.0	0.0	17.32	17	1.2758	1.9758	675	677.33	970.70	
1502462	62	710.9	669.5	527.5	669.5	384.8	0.88	4.58	0	1,161	45	0.56	5.5	19.2	0.0	0.0	17.48	17	1.2758	1.9758	675	677.85	970.86	
1503025	62	710.9	667.8	526.5	667.8	385.2	0.88	4.58	0	1,134	44	0.31	5.5	19.2	0.0	0.0	17.18	17	1.2758	1.9758	675	678.25	971.17	
1503585	63	711.0	665.5	525.1	665.5	384.5	0.88	4.58	0	1,126	43	0.31	5.5	19.2	0.0	0.0	17.48	17	1.2758	1.9758	675	678.65	971.25	
1504205	63	711.1	663.8	524.3	663.5	383.8	1.06	4.58	0	1,099	43	0.31	5.5	19.2	0.0	0.0	13.08	17	1.2758	1.9758	675	679.05	968.36	
1504942	63	711.1	661.8	523.0	661.8	384.2	2.25	4.58	0	1,182	42	2.75	5.5	19.2	0.0	0.0	66.12	17	1.2758	1.9758	675	679.54	988.20	
1505597	63	710.9	659.8	521.6	659.5	383.5	3.12	4.58	0	1,128	43	6.50	5.5	19.2	0.0	0.0	83.67	17	1.2758	1.9758	680	680.15	1,095.16	
1506151	63	710.6	657.8	520.8	657.8	383.5	3.69	4.58	0	1,197	44	8.38	5.5	19.2	0.0	0.0	90.98	17	1.2758	1.9758	680	680.55	1,181.25	
1506727	62	710.3	656.8	520.3	656.5	383.5	2.62	4.58	0	1,167	44	6.75	5.5	19.2	0.0	0.0	44.53	17	1.2758	1.9758	680	680.94	1,070.47	
1507302	62	710.0	656.2	519.5	656.2	383.2	0.88	4.58	0	1,175	45	0.81	5.5	19.2	0.0	0.0	43.71	17	1.2758	1.9758	680	681.34	1,000.62	
1507930	61	709.4	655.8	519.5	656.2	382.8	3.12	4.58	0	1,153	45	5.69	5.5	19.6	0.0	0.0	81.45	17	1.2758	1.9836	680	681.83	1,072.50	
1508579	62	708.8	656.2	519.3	655.8	382.5	3.69	4.58	0	1,231	46	8.94	5.5	19.2	0.0	0.0	93.30	17	1.2758	1.9758	680	682.35	1,189.84	
1509140	61	708.2	656.8	519.5	656.5	382.5	6.81	4.58	0	1,560	47	17.56	5.5	19.2	0.0	0.0	103.97	17	1.2758	1.9758	680	682.75	1,369.77	
1509686	61	707.7	657.2	519.8	657.2	382.2	9.38	4.58	0	1,643	48	24.31	5.5	19.2	0.0	0.0	112.10	17	1.2758	1.9758	680	683.03	1,429.61	
1510317	60	707.4	658.2	520.1	658.5	382.5	5.25	4.58	0	1,738	51	15.12	5.5	19.6	0.0	0.0	41.58	17	1.2758	1.9836	680	683.33	1,084.61	
1510950	59	707.1	660.2	521.3	660.5	382.5	0.69	4.58	0	1,709	51	1.38	5.5	19.6	0.0	0.0	14.27	17	1.2758	1.9836	680	683.64	996.41	
1511607	59	706.8	662.5	522.5	662.8	382.5	-2.00	4.58	0	1,664	50	1.38	5.5	19.2	0.0	0.0	13.85	17	1.2758	1.9758	680	683.85	975.16	
1512243	59	706.5	664.8	523.8	664.8	382.2	1.56	4.58	0	1,516	50	1.38	5.5	19.2	0.0	0.0	35.98	17	1.2758	1.9758	680	684.13	964.92	
1512875	59	706.1	666.5	524.5	666.5	382.5	3.12	4.58	0	1,414	51	6.25	5.5	19.2	0.0	0.0	67.50	17	1.2758	1.9680	680	684.44	1,024.69	
1513504	60	705.4	668.2	524.8	668.2	381.8	4.19	4.58	0	1,365	52	10.81	5.5	19.2	0.0	0.0	94.12	17	1.2758	1.9680	680	684.83	1,205.86	
1514237	60	705.1	669.5	525.5	669.5	382.5	9.94	4.58	0	1,834	53	22.69	5.5	19.2	0.0	0.0	113.65	17	1.2758	1.9680	685	685.05	1,558.44	
1514869	60	704.9	670.5	526.6	670.8	382.5	14.25	4.58	0	1,892	56	31.62	5.5	19.2	0.0	0.0	115.48	17	1.2758	1.9758	685	685.23	1,562.89	
1515538	59	704.9	673.2	527.6	673.5	382.8	6.44	4.58	0	2,103	58	8.69	5.5	19.2	0.0	0.0	36.33	17	1.2758	1.9758	685	685.44	1,041.88	
1516117	58	705.1	675.8	529.3	676.2	383.2	1.44	4.58	0	1,998	59	0.31	5.5	19.2	0.0	0.0	13.36	17	1.2758	1.9758	685	685.63	980.94	
1516685	58	705.2	679.2	531.0	679.5	383.2	5.38	4.58	0	1,968	59	0.81	5.5	19.2	0.0	0.0	13.38	17	1.2758	1.9758	685	685.84	967.42	
1517296	58	705.2	681.5	532.2	681.8	383.2	1.44	4.58	0	1,908	59	0.56	5.5	19.2	0.0	0.0	17.77	17	1.2758	1.9758	685	685.94	970.47	
1517901	58	705.3	684.5	533.7	684.5	383.2	0.19	4.58	0	1,520	59	0.81	5.5	19.2	0.0	0.0	17.02	17	1.2758	1.9758	685	686.15	977.66	
1518516	59	705.4	686.2	534.6	685.8	383.5	0.38	4.58	0	1,495	58	1.12	5.5	19.2	0.0	0.0	17.13	17	1.2758	1.9758	685	686.24	978.98	
1519087	59	705.5	687.2	535.3	687.2	383.2	0.38	4.58	0	1,430	56	1.12	5.5	19.2	0.0	0.0	17.34	17	1.2758	1.9758	685	686.33	978.83	
1519739	60	705.6	687.5	535.6	687.8	383.8	0.56	4.58	0	1,345	53	0.81	5.5	19.2	0.0	0.0	17.53	17	1.2758	1.9758	685	686.55	978.12	
1520372	60	705.7	687.8	535.6	687.8	383.5	0.56	4.58	0	1,342	52	0.81	5.5	19.2	0.0	0.0	17.48	17	1.2758	1.9758	685	686.73	976.95	
1520974	60	705.8	687.5	536.0	687.5	383.8	0.56	4.58	0	1,340	52	0.81	5.5	19.2	0.0	0.0	17.74	17	1.2758	1.9758	685	686.94	977.19	
1521574	61	705.9	687.2	535.5	687.2	383.8	0.56	4.58	0	1,328	52	0.81	5.5	19.2	0.0	0.0	17.48	17	1.2758	1.9680	685	687.13	976.95	
1522138	61	706.0	686.5	535.1	686.5	384.2	0.56	4.58	0	1,326	52	0.81	5.5	19.2	0.0	0.0	17.74	17	1.2758	1.9680	685	687.34	976.64	
1522797	61	706.1	685.2	534.6	685.2	383.8	0.56	4.58	0	1,327	52	0.81	5.5	18.8	0.0	0.0	17.53	17	1.2758	1.9594	685	687.53	976.48	
1523419	62	706.3	684.2	533.8	683.8	383.8	0.56	4.58	0	1,320	51	0.81	5.5	18.8	0.0	0.0	17.88	17	1.2758	1.9594	685	687.83	976.64	
1524169	62	706.3	682.5	533.0	682.2	383.8	0.56	4.58	0	1,318	51	0.56	5.5	19.2	0.0	0.0	17.88	17	1.2758	1.9672	685	688.14	975.78	
1524779	62	706.4	680.8	532.3	680.8	383.5	0.56	4.58	0	1,314	51	1.38	5.5	19.2	0.0	0.0	17.32	17	1.2758	1.9594	685	688.35	969.06	
1525384	62	706.5	678.8	531.6	678.8	383.5	2.12	4.58	0	1,420	52	3.00	5.5	18.8	0.0	0.0	49.92	17	1.2758	1.9594	685	688.54	973.59	
1525956	63	706.3	677.5	530.6	677.2	383.5	3.12	4.58	0	1,434	53	6.75	5.5	18.8	0.0	0.0	67.78	17	1.2758	1.9594	685	688.75	1,045.70	
1526574	63	705.9	676.5	530.1	676.2	383.5	3.69	4.58	0	1,425	55	8.69	5.5	19.2	0.0	0.0	86.88	17	1.2758	1.9750	685	689.03	1,155.94	
1527168	62	705.6	675.5	529.5	675.5	383.2	5.25	4.58	0	1,484	56	16.50	5.5	18.8	0.0	0.0	97.24	17	1.2758	1.9516	685	689.15	1,238.52	
1527777	62	705.4	674.8	529.3	675.2	383.5	6.25	4.58	0	1,549	58	17.81	5.5	18.8	0.0	0.0	98.58	17	1.2758	1.9594	685	689.24	1,304.61	
1528373	61	705.3	675.2	529.5	675.5	383.8	2.44	4.58	0	1,513	59	13.81	5.5	18.8	0.0	0.0	39.94	17	1.2758	1.9594	685	689.33	1,072.66	
1528960	60	705.2	676.5	530.0	676.5	383.8	0.69	4.58	0	1,520	59	1.62	5.5	18.8	0.0	0.0	15.19	17	1.2758	1.9594	685	689.33	998.98	
1529626	60	705.0	677.8	530.6	678.2	383.8	0.38	4.58	0	1,476	60	1.12	5.5	18.8	0.0	0.0	10.99	17	1.2758	1.9672	685	689.43	974.38	
1530221	60	704.8	679.2	531.8	679.5	384.2	3.31	4.58	0	1,439	59	1.12	5.5	19.2	0.0	0.0	13.78	17	1.2758	1.9672	685	689.55	969.53	
1530811	60	704.6	680.8	532.3	680.5	383.8	1.06	4.58	0	1,276	59	0.81	5.5	18.8	0.0	0.0	11.72	17	1.2758	1.9586	685	689.64	969.77	
1531370	60	704.4	681.5	532.7	681.5	384.2	0.56	4.58	0	1,235	58	0.56	5.5	18.8	0.0	0.0	16.85	17	1.2758	1.9586	685	689.73	970.31	
1532008	61	704.2	681.8	532.8	681.8	384.2	0.38	4.58	0	1,252	58	0.56	5.5	18.8	0.0	0.0	41.95	17	1.2758	1.9586	690	689.94	961.41	
1532660	61	703.9	681.5	533.0	681.5	384.2	3.00	4.58	0	1,325	58	5.94	5.5	18.8	0.0	0.0	65.81	17	1.2758	1.9586	690	690.13	1,020.08	
1533250	61	703.4	681.5	532.8	681.2	384.2	3.69	4.58	0	1,241	59	8.38	5.5	18.8	0.0	0.0	88.50	17	1.2758	1.9586	690	690.25	1,136.72	
1534005	61	702.9	681.2	532.7	681.2	384.2	4.69	4.58	0	1,273	59	12.44	5.5	18.8	0.0	0.0	102.38	17	1.2758	1.9586	690	690.34	1,299.92	
1534672	61	702.5	681.5	532.8	681.5	384.2	5.56	4.58	0	1,277	61	15.44	5.5	18.8	0.0	0.0	81.30	17	1.2758	1.9586	690	690.34	1,132.42	
1535262	60	702.2	682.8	533.3	682.8	384.5	1.56	4.58	0	1,272	61	3.25	5.5	18.8	0.0	0.0	24.33	17	1.2758	1.9586	690	690.25	1,023.36	
1535799	59	702.0	683.8	534.1	684.2	384.8	0.88	4.58	0	1,237	60	0.81	5.5	18.8	0.0	0.0	12.40	17	1.2758	1.9508	690	690.25	983.67	
1536421	59	701.7	685.2	535.0	685.2	384.2	1.94	4.58	0	1,228	59	0.00	5.5	18.8	0.0	0.0	15.23	17	1.2758	1.9508	690	690.25	970.62	
1536997	59	701.5	686.5	535.5	686.5	384.5	0.69	4.58	0	1,220	58	0.56	5.5	18.8	0.0	0.0	17.06	17	1.2758	1.9586	690	690.34	973.28	
1537573	60	701.3	687.5	536.0	687.5	384.5	0.69	4.58	0	1,197	57	0.56	5.5	18.8	0.0	0.0	16.80	17	1.2758	1.9586	690	690.34	973.12	
1538150	60	701.2	688.2	536.3	687.8	384.8	0.88	4.58	0	1,173	56	0.56	5.5	18.8	0.0	0.0	18.07	17	1.2758	1.9586	690	690.44	973.05	
1538718	60	701.0	687.8	536.3	687.8	384.8	1.25	4.58	0	1,186	55	0.81	5.5	18.8	0.0	0.0	42.28	17	1.2758	1.9586	690	690.53	961.41	
1539286	61	700.8	687.5	536.0	687.5	384.8	3.00	4.58	0	1,285	55	5.12	5.5	18.8	0.0	0.0	67.36	17	1.2758	1.9586	690	690.65	1,008.91	
1539871	61	700.3	686.8	535.8	686.8	384.5	3.12	4.58	0	1,178	55	7.06	5.5	18.8	0.0	0.0	84.02	17	1.2758	1.9586	690	690.74	1,109.22	
1540450	61	699.9	686.5	535.6	686.5	384.8	3.81	4.58	0	1,237	56	9.50	5.5	18.8	0.0	0.0	94.73	17	1.2758	1.9586	690	690.74	1,200.23	
1540994	60	699.6	686.5	535.6	686.5	384.8	4.38	4.58	0	1,233	56	11.38	5.5	18.8	0.0	0.0	99.19	17	1.2758	1.9586	690	690.65	1,256.88	
1541574	60	699.4	687.2	535.6	687.2	384.8	5.25	4.58	0	1,298	57	13.81	5.5	18.8	0.0	0.0	102.96	17	1.2758	1.9586	690	690.53	1,308.67	
1542212	60	699.3	687.5	536.1	687.8	384.5	5.25	4.58	0	1,225	57	13.81	5.5	18.8	0.0	0.0	106.17	17	1.2758	1.9586	690	690.34	1,226.80	
1542893	59	699.4	688.8	537.0	688.8	385.2	2.12	4.58	0	1,221	58	6.25	5.5	18.8	0.0	0.0	41.39	17	1.2758	1.9586	690	690.13	1,059.69	
1543437	59	699.4	690.5	537.7	690.5	385.2	1.06	4.58	0	1,182	57	0.81	5.5	18.8	0.0	0.0	15.16	17	1.2758	1.9508	690	690.04	987.81	
1544084	58	699.3	692.2	538.7	692.8	385.2	0.56	4.58	0	1,138	54	0.00	5.5	18.8	0.0	0.0	14.79	17	1.2758	1.9508	690	689.94	971.33	
1544703	58	699.3	693.8	539.5	694.2	385.5	0.88	4.58	0	1,108	52	0.31	5.5	18.8	0.0	0.0	16.71	17	1.2758	1.9422	690	689.94	970.86	
1545254	59	699.3	694.8	540.1	694.8	385.2	1.44	4.58	0	1,205	51	0.56	5.5	18.8	0.0	0.0	17.04	17	1.2758	1.9422	690	689.94	967.50	
1545822	59	699.2	695.2	540.2	695.5	385.8	2.44	4.58	0	1,323	51	3.50	5.5	18.8	0.0	0.0	61.22	17	1.2758	1.9422	690	689.94	974.61	
1546428	60	698.9	695.2	540.5	695.5	385.5	5.38	4.58	0	1,736	51	12.69	5.5	18.8	0.0	0.0	87.38	17	1.2758	1.9500	685	689.85	1,183.75	
1547009	60	698.6	695.8	540.5	695.5	385.8	9.56	4.58	0	1,769	53	22.19	5.5	18.8	0.0	0.0	114.70	17	1.2758	1.9500	685	689.73	1,512.58	
1547570	59	698.4	696.2	541.0	696.2	385.8	14.06	4.58	0	1,852	54	32.94	5.5	18.8	0.0	0.0	124.15	17	1.2758	1.9500	685	689.43	1,602.42	
1548209	59	698.3	697.2	541.7	697.5	385.8	14.06	4.58	0	1,925	57	32.69	5.5	18.8	0.0	0.0	117.89	17	1.2758	1.9422	685	689.15	1,612.34	
1548804	58	698.4	699.2	542.7	699.2	386.2	15.50	4.58	0	2,031	59	36.75	5.5	18.4	0.0	0.0	119.88	17	1.2758	1.9430	685	688.84	1,577.11	
1549408	58	698.8	701.2	544.0	701.5	386.8	14.62	4.58	0	2,066	61	35.38	5.5	18.8	0.0	0.0	111.59	17	1.2758	1.9508	685	688.63	1,513.20	
1550041	57	699.6	704.8	545.5	704.8	387.5	12.50	4.58	0	2,113	63	28.38	5.5	18.8	0.0	0.0	80.04	17	1.2758	1.9516	685	688.35	1,172.27	
1550604	57	700.4	708.2	547.5	708.2	387.5	2.81	4.58	0	2,164	64	4.31	5.5	18.8	0.0	0.0	18.84	17	1.2758	1.9516	685	688.23	1,011.02	
1551190	56	700.9	711.8	549.5	712.2	388.2	1.06	4.58	0	1,549	63	1.12	5.5	18.8	0.0	0.0	13.50	17	1.2758	1.9516	685	688.14	981.80	
1551764	56	701.3	715.5	551.5	715.8	388.5	0.19	4.58	0	1,546	62	1.12	5.5	18.8	0.0	0.0	17.02	17	1.2758	1.9516	685	687.93	973.98	
1552444	57	701.8	718.2	553.6	718.2	388.5	0.19	4.58	0	1,384	62	0.81	5.5	18.8	0.0	0.0	17.44	17	1.2758	1.9516	685	687.93	977.27	
1553088	57	702.2	720.8	554.7	720.8	389.2	0.69	4.58	0	1,288	61	0.56	5.5	18.8	0.0	0.0	16.34	17	1.2758	1.9438	685	687.83	975.47	
1553673	58	702.8	722.2	555.8	722.5	389.5	0.56	4.58	0	1,273	60	0.56	5.5	18.8	0.0	0.0	16.55	17	1.2758	1.9516	685	687.74	974.69	
1554240	58	703.2	723.2	556.3	723.2	389.5	0.69	4.58	0	1,248	59	0.56	5.5	18.8	0.0	0.0	16.69	17	1.2758	1.9594	685	687.74	974.53	
1554820	58	703.6	722.8	556.3	723.2	389.5	0.69	4.58	0	1,235	59	0.56	5.5	18.8	0.0	0.0	16.83	17	1.2758	1.9438	685	687.65	974.06	
1555387	59	704.0	722.5	556.1	722.5	390.2	0.69	4.58	0	1,222	58	0.56	5.5	18.8	0.0	0.0	16.92	17	1.2758	1.9438	685	687.65	973.28	
1556013	59	704.4	721.5	556.0	721.8	390.2	0.69	4.58	0	1,208	57	0.56	5.5	18.8	0.0	0.0	16.90	17	1.2758	1.9438	685	687.65	973.12	
1556575	59	704.8	721.2	555.7	720.8	390.2	0.69	4.58	0	1,194	57	0.56	5.5	18.8	0.0	0.0	17.04	17	1.2758	1.9438	685	687.65	972.50	
1557171	60	705.2	719.2	554.7	718.8	390.2	0.88	4.58	0	1,179	56	0.31	5.5	18.8	0.0	0.0	17.04	17	1.2758	1.9438	685	687.65	972.42	
1557756	60	705.5	717.2	553.8	717.2	390.2	0.88	4.58	0	1,164	56	0.31	5.5	18.8	0.0	0.0	17.09	17	1.2758	1.9438	685	687.74	972.11	
1558360	60	705.8	715.5	553.1	715.5	390.5	0.88	4.58	0	1,150	55	0.56	5.5	18.8	0.0	0.0	17.25	17	1.2758	1.9594	685	687.83	971.72	
1558935	60	706.2	713.5	552.0	713.2	390.5	0.88	4.58	0	1,137	54	0.31	5.5	18.8	0.0	0.0	17.11	17	1.2758	1.9516	685	687.93	971.41	
1559480	60	706.5	711.2	550.8	711.5	390.2	0.88	4.58	0	1,122	54	0.31	5.5	18.8	0.0	0.0	17.32	17	1.2758	1.9516	685	688.05	970.70	
1560071	61	706.8	709.5	549.8	709.2	390.2	0.88	4.58	0	1,111	53	0.56	5.5	18.8	0.0	0.0	17.41	17	1.2758	1.9438	685	688.14	970.62	
1560673	61	707.1	707.2	548.6	707.2	389.8	0.88	4.58	0	1,094	52	0.56	5.5	18.8	0.0	0.0	17.20	17	1.2758	1.9516	685	688.35	970.31	
1561288	61	707.3	704.8	547.6	704.8	389.8	1.06	4.58	0	1,080	52	0.31	5.5	18.8	0.0	0.0	17.51	17	1.2758	1.9516	685	688.44	969.77	
1561983	61	707.6	702.8	546.3	702.8	389.8	1.06	4.58	0	1,062	51	0.31	5.5	18.8	0.0	0.0	17.27	17	1.2758	1.9516	685	688.63	969.06	
1562562	62	707.8	700.8	545.3	700.2	389.5	1.06	4.58	0	1,046	50	0.00	5.5	18.8	0.0	0.0	17.65	17	1.2758	1.9516	685	688.84	968.91	
1563123	62	708.1	698.2	543.7	697.8	389.2	1.06	4.58	0	1,031	49	0.00	5.5	18.8	0.0	0.0	17.53	17	1.2758	1.9516	685	688.94	968.59	
1564462	62	708.3	695.5	542.1	695.5	389.2	1.06	4.58	0	1,003	47	0.31	5.5	18.8	0.0	0.0	17.67	17	1.2758	1.9516	685	689.24	967.58	
1565057	62	708.7	690.2	539.5	690.2	388.5	1.25	4.58	0	980	47	-0.19	5.5	18.8	0.0	0.0	17.60	17	1.2758	1.9516	685	689.33	966.80	
1565650	62	708.9	687.8	538.3	687.5	388.2	1.25	4.58	0	975	46	0.00	5.5	18.8	0.0	0.0	17.67	17	1.2758	1.9516	685	689.43	966.64	
1566270	63	709.0	685.8	536.8	685.8	387.5	2.44	4.58	0	947	45	0.81	5.5	18.8	0.0	0.0	11.98	17	1.2758	1.9516	685	689.55	965.08	
1566884	63	709.2	683.5	535.3	683.5	387.5	1.06	4.58	0	1,058	44	0.00	5.5	18.8	0.0	0.0	17.06	17	1.2758	1.9516	685	689.64	965.86	
1567469	63	709.3	681.2	534.0	681.2	386.8	0.88	4.58	0	1,117	43	0.31	5.5	18.8	0.0	0.0	18.14	17	1.2758	1.9516	685	689.73	966.88	
1568064	63	709.4	679.2	533.0	679.2	386.5	1.06	4.58	0	1,083	42	0.31	5.5	18.8	0.0	0.0	18.45	17	1.2758	1.9516	685	689.85	968.20	
1568690	63	709.6	677.2	531.7	676.8	386.2	1.06	4.58	0	1,060	41	0.31	5.5	18.8	0.0	0.0	18.45	17	1.2758	1.9516	690	689.94	968.05	
1569310	63	709.7	674.8	530.1	674.5	385.8	1.06	4.58	0	1,022	40	0.00	5.5	18.8	0.0	0.0	18.19	17	1.2758	1.9516	690	690.04	967.81	
1569907	63	709.9	672.8	529.3	672.5	385.5	1.25	4.58	0	994	39	0.00	5.5	18.8	0.0	0.0	18.14	17	1.2758	1.9516	690	690.04	967.27	
1570594	63	710.0	670.2	527.5	670.2	384.8	1.25	4.58	0	963	37	0.00	5.5	18.8	0.0	0.0	18.14	17	1.2758	1.9516	690	690.04	966.09	
1571264	63	710.2	668.2	526.6	668.5	384.5	1.25	4.58	0	937	36	0.00	5.5	18.8	0.0	0.0	15.09	17	1.2758	1.9516	690	690.13	965.08	
1571910	64	710.3	666.2	525.0	665.8	383.5	1.06	4.58	0	1,182	35	0.31	5.5	18.8	0.0	0.0	11.65	17	1.2758	1.9516	690	690.13	963.36	
1572621	64	710.4	664.2	523.8	663.8	383.5	0.88	4.58	0	1,156	34	0.31	5.5	18.8	0.0	0.0	12.45	17	1.2758	1.9516	690	690.04	961.88	
1573283	64	710.4	662.2	522.3	661.8	383.2	0.88	4.58	0	1,122	33	0.56	5.5	18.8	0.0	0.0	12.47	17	1.2758	1.9516	690	690.04	957.27	
1573938	64	710.4	660.2	521.3	659.8	382.5	1.94	4.58	0	1,205	33	1.94	5.5	18.8	0.0	0.0	51.91	17	1.2758	1.9516	690	690.04	963.05	
1574551	64	710.2	658.5	520.1	658.2	381.8	2.62	4.58	0	1,207	34	5.12	5.5	18.8	0.0	0.0	69.94	17	1.2758	1.9516	690	690.13	1,023.75	
1575227	64	710.1	657.2	519.5	657.2	382.2	3.00	4.58	0	1,225	35	6.25	5.5	18.8	0.0	0.0	84.00	17	1.2758	1.9516	690	690.34	1,113.52	
1575903	63	710.0	655.8	518.7	656.2	381.2	4.69	4.58	0	1,311	37	12.44	5.5	18.8	0.0	0.0	98.72	17	1.2758	1.9516	690	690.53	1,256.17	
1576555	62	710.0	656.2	518.7	656.2	380.8	5.75	4.58	0	1,407	39	16.25	5.5	18.8	0.0	0.0	104.95	17	1.2758	1.9516	690	690.74	1,157.11	
1577168	61	710.1	657.2	518.8	656.8	380.8	2.12	4.58	0	1,370	40	4.31	5.5	18.8	0.0	0.0	27.00	17	1.2758	1.9516	690	691.05	1,026.80	
1577838	60	710.0	658.2	519.3	658.5	380.5	1.06	4.58	0	1,341	39	0.81	5.5	18.8	0.0	0.0	12.54	17	1.2758	1.9516	690	691.23	978.98	
1578466	60	709.8	659.8	520.0	660.2	380.5	0.69	4.58	0	1,268	36	0.81	5.5	18.8	0.0	0.0	17.37	17	1.2758	1.9430	690	691.44	970.70	
1579073	60	709.7	661.5	520.8	661.5	380.2	0.88	4.58	0	1,169	33	0.56	5.5	18.4	0.0	0.0	17.88	17	1.2758	1.9352	690	691.63	972.58	
1579703	60	709.6	662.5	521.3	662.8	380.2	1.06	4.58	0	1,021	30	0.00	5.5	18.8	0.0	0.0	19.92	17	1.2758	1.9508	690	691.75	971.02	
1580328	61	709.5	663.5	521.5	663.5	379.8	1.06	4.58	0	1,128	27	0.31	5.5	18.8	0.0	0.0	12.38	17	1.2758	1.9508	690	691.94	966.25	
1580977	61	709.3	663.5	521.5	663.5	379.8	1.25	4.58	0	1,215	25	0.56	5.5	18.8	0.0	0.0	12.35	17	1.2758	1.9508	690	692.15	963.91	
1581648	61	709.1	663.5	521.5	663.5	379.2	1.06	4.58	0	1,169	23	0.31	5.5	18.8	0.0	0.0	12.35	17	1.2758	1.9508	690	692.24	962.73	
1582458	61	708.9	663.5	521.2	663.2	378.8	1.25	4.58	0	1,080	22	0.31	5.5	18.8	0.0	0.0	12.66	17	1.2758	1.9508	690	692.43	961.17	
1583090	62	708.7	662.8	521.2	662.5	378.5	1.25	4.58	0	967	21	0.31	5.5	18.8	0.0	0.0	14.02	17	1.2758	1.9508	690	692.55	960.00	
1583707	62	708.4	661.8	520.3	661.5	378.5	1.44	4.58	0	965	21	0.31	5.5	18.8	0.0	0.0	18.02	17	1.2758	1.9508	690	692.73	959.84	
1584363	62	708.1	660.8	519.7	661.2	378.2	1.06	4.58	0	1,011	21	0.31	5.5	18.8	0.0	0.0	15.33	17	1.2758	1.9508	690	692.85	959.45	
1584993	62	707.8	660.2	519.3	660.5	378.2	1.25	4.58	0	983	20	0.31	5.5	18.8	0.0	0.0	15.94	17	1.2758	1.9508	690	692.94	959.06	
1585615	62	707.5	659.2	518.6	659.5	377.8	1.25	4.58	0	977	20	0.31	5.5	18.8	0.0	0.0	16.34	17	1.2758	1.9508	690	692.94	958.91	
1586230	62	707.1	658.5	518.0	658.5	377.2	1.25	4.58	0	972	19	0.31	5.5	18.8	0.0	0.0	16.90	17	1.2758	1.9508	690	693.04	958.83	
1586854	63	706.8	657.8	517.3	657.5	377.2	1.25	4.58	0	909	17	0.31	5.5	18.8	0.0	0.0	19.48	17	1.2758	1.9508	690	693.04	958.59	
1587475	63	706.4	656.2	516.5	656.2	376.8	1.25	4.58	0	916	14	0.31	5.5	18.8	0.0	0.0	20.04	17	1.2758	1.9508	690	693.13	958.75	
1588075	63	705.9	655.2	516.0	655.2	376.8	1.25	4.58	0	942	14	0.56	5.5	18.8	0.0	0.0	19.99	17	1.2758	1.9508	690	693.13	958.91	
1588673	63	705.5	653.8	515.3	654.2	376.2	1.25	4.58	0	952	14	0.56	5.5	18.8	0.0	0.0	19.59	17	1.2758	1.9508	690	693.13	959.06	
1589308	63	705.0	653.2	514.7	652.8	376.2	1.25	4.58	0	953	13	0.31	5.5	18.8	0.0	0.0	19.73	17	1.2758	1.9508	690	693.13	959.38	
1589992	63	704.5	651.8	513.8	651.5	375.5	1.25	4.58	0	956	12	0.56	5.5	18.8	0.0	0.0	19.69	17	1.2758	1.9508	690	693.13	959.38	
1590646	63	703.9	650.8	513.0	651.2	375.2	1.25	4.58	0	914	11	0.56	5.5	18.8	0.0	0.0	21.38	17	1.2758	1.9508	690	693.13	958.83	
1591289	63	703.4	649.8	512.5	649.8	375.2	1.25	4.58	0	933	11	0.56	5.5	18.8	0.0	0.0	21.09	17	1.2758	1.9508	690	693.13	959.14	
1591956	63	702.8	649.2	512.2	648.8	375.2	1.25	4.58	0	937	11	0.56	5.5	18.8	0.0	0.0	21.21	17	1.2758	1.9508	690	693.13	959.45	
1593123	63	702.2	648.2	511.5	648.5	374.5	1.44	4.58	0	937	9	0.56	5.5	18.8	0.0	0.0	22.12	17	1.2758	1.9508	690	693.04	959.30	
1593792	64	701.1	647.5	510.8	647.2	373.8	1.25	4.58	0	834	8	0.56	5.5	18.8	0.0	0.0	30.96	17	1.2758	1.9508	690	693.04	959.45	
1594436	64	700.2	646.5	510.1	646.2	373.5	1.25	4.58	0	983	8	0.56	5.5	18.8	0.0	0.0	22.95	17	1.2758	1.9508	690	693.04	961.02	
1595047	64	699.5	645.8	509.6	646.2	373.5	1.25	4.58	0	946	6	0.56	5.5	18.8	0.0	0.0	19.34	17	1.2758	1.9508	690	692.94	961.33	
1595698	64	698.8	645.5	509.2	645.5	373.2	1.25	4.58	0	811	3	0.56	5.5	18.8	0.0	0.0	21.70	17	1.2758	1.9508	690	692.94	955.94	
1596398	64	698.0	645.2	509.0	644.8	372.8	1.56	4.58	0	863	3	1.62	5.5	18.8	0.0	0.0	30.45	17	1.2758	1.9508	690	692.85	962.81	
1597009	64	697.1	644.5	508.5	644.2	372.8	1.25	4.58	0	874	3	0.81	5.5	18.8	0.0	0.0	29.91	17	1.2758	1.9508	690	692.85	962.03	
1597707	64	696.2	644.2	508.3	643.8	372.5	1.44	4.58	0	938	4	0.81	5.5	18.8	0.0	0.0	31.10	17	1.2758	1.9508	690	692.73	963.12	
1598338	64	695.3	643.5	507.8	643.8	372.2	1.44	4.58	0	997	4	1.38	5.5	18.8	0.0	0.0	27.96	18	1.2758	1.9508	690	692.73	965.78	
1598950	64	694.3	643.8	507.8	643.8	371.8	1.44	4.58	0	931	4	0.81	5.5	18.8	0.0	0.0	29.16	18	1.2758	1.9508	690	692.64	966.33	
1599574	64	693.3	643.5	507.5	643.5	371.8	1.44	4.58	0	910	2	0.81	5.5	18.8	0.0	0.0	25.90	18	1.2758	1.9508	690	692.64	966.64	
1600262	64	692.3	643.8	507.6	643.5	371.5	1.75	4.58	0	790	2	1.38	5.5	18.8	0.0	0.0	40.01	18	1.2758	1.9508	690	692.55	967.19	
1600871	64	691.2	643.5	507.3	643.8	371.2	1.44	4.58	0	849	3	1.38	5.5	18.8	0.0	0.0	39.59	18	1.2758	1.9508	690	692.43	971.02	
1601483	64	690.1	643.8	507.5	644.2	371.2	1.44	4.58	0	825	3	1.38	5.5	18.8	0.0	0.0	33.63	18	1.2758	1.9508	690	692.43	974.14	
1602101	64	689.0	643.8	507.7	644.2	371.2	1.25	4.58	0	825	2	0.81	5.5	18.8	0.0	0.0	38.72	18	1.2758	1.9508	690	692.33	971.25	
1602732	64	687.8	644.2	507.3	644.5	370.5	1.56	4.58	0	968	3	1.12	5.5	18.8	0.0	0.0	33.59	18	1.2758	1.9508	690	692.24	974.38	
1603434	64	686.6	644.2	507.5	644.2	370.8	1.56	4.58	0	927	3	0.81	5.5	18.8	0.0	0.0	31.88	18	1.2758	1.9508	690	692.15	972.03	
1604082	64	685.4	644.8	507.6	644.5	370.5	1.44	4.58	0	893	2	0.81	5.5	18.8	0.0	0.0	29.51	18	1.2758	1.9508	690	692.03	970.55	
1604701	64	684.0	645.2	507.6	644.8	370.2	1.25	4.58	0	822	1	0.81	5.5	18.8	0.0	0.0	33.96	18	1.2758	1.9508	690	691.94	966.25	
1605269	64	682.8	645.2	507.5	645.2	370.2	1.56	4.58	0	941	1	1.12	5.5	18.8	0.0	0.0	28.95	18	1.2758	1.9508	690	691.75	968.67	
1605846	64	681.7	645.5	508.0	645.2	370.5	1.44	4.58	0	939	2	0.56	5.5	18.8	0.0	0.0	28.24	18	1.2758	1.9508	690	691.63	966.33	
1606459	64	680.6	645.5	507.8	645.5	369.8	1.44	4.58	0	968	2	0.81	5.5	18.8	0.0	0.0	26.06	18	1.2758	1.9508	690	691.44	965.86	
1607113	64	679.3	645.8	507.8	645.8	370.2	1.44	4.58	0	943	2	0.56	5.5	18.8	0.0	0.0	25.27	18	1.2758	1.9508	690	691.35	964.22	
1607695	64	678.2	646.2	508.2	646.2	369.8	1.25	4.58	0	917	1	0.56	5.5	18.8	0.0	0.0	23.41	18	1.2758	1.9508	690	691.14	963.52	
1608314	64	677.1	646.5	508.1	646.5	369.8	1.25	4.58	0	830	0	0.56	5.5	18.8	0.0	0.0	23.70	18	1.2758	1.9508	690	691.05	962.42	
1608909	64	676.1	646.8	508.0	646.5	369.8	1.25	4.58	0	784	0	0.56	5.5	18.8	0.0	0.0	25.73	18	1.2758	1.9508	690	690.83	961.17	
1609589	64	675.0	646.8	508.1	647.2	370.2	1.25	4.58	0	818	0	0.56	5.5	18.8	0.0	0.0	25.31	18	1.2758	1.9508	690	690.65	960.70	
1610297	64	673.8	647.2	508.5	647.2	370.2	1.25	4.58	0	837	0	0.56	5.5	18.8	0.0	0.0	24.00	18	1.2758	1.9508	690	690.34	960.47	
1610900	64	672.8	647.5	508.3	647.2	370.2	1.25	4.58	0	845	0	0.56	5.5	18.8	0.0	0.0	22.55	18	1.2758	1.9508	690	690.13	960.39	
1611543	64	671.8	646.8	508.5	646.8	369.8	1.25	4.58	0	836	0	0.56	5.5	18.8	0.0	0.0	22.92	18	1.2758	1.9508	690	689.94	959.45	
1612159	64	670.8	647.2	508.6	647.5	370.2	1.44	4.58	0	816	0	0.56	5.5	18.8	0.0	0.0	28.69	18	1.2758	1.9508	685	689.73	959.77	
1612909	64	669.8	646.8	508.0	647.2	369.5	1.25	4.58	0	832	0	0.81	5.5	18.8	0.0	0.0	28.10	18	1.2758	1.9508	685	689.43	960.55	
1613584	64	668.7	647.2	508.7	646.8	369.8	1.56	4.58	0	883	0	1.12	5.5	18.8	0.0	0.0	34.45	18	1.2758	1.9508	685	689.15	963.28	
1614167	64	667.4	646.5	508.3	646.8	370.2	1.56	4.58	0	1,025	1	1.12	5.5	18.8	0.0	0.0	35.62	18	1.2758	1.9508	685	688.84	960.78	
1614805	64	666.2	646.2	508.1	646.5	370.2	2.25	4.58	0	1,363	3	3.25	5.5	18.8	0.0	0.0	48.54	18	1.2758	1.9508	685	688.54	980.70	
1615472	64	664.3	646.5	508.3	646.8	370.5	2.62	4.58	0	1,451	8	5.44	5.5	18.8	0.0	0.0	56.04	18	1.2758	1.9508	685	688.05	1,037.89	
1616145	64	662.2	647.2	508.8	647.5	370.2	1.25	4.58	0	1,248	11	1.94	5.5	18.8	0.0	0.0	21.23	18	1.2758	1.9508	685	687.53	991.56	
1616790	63	660.5	648.2	509.5	648.5	370.8	1.06	4.58	0	1,193	11	0.56	5.5	18.8	0.0	0.0	17.48	18	1.2758	1.9508	685	687.13	967.11	
1617482	63	659.0	649.2	509.8	648.8	370.8	1.94	4.58	0	1,267	11	1.62	5.5	18.8	0.0	0.0	37.20	18	1.2758	1.9508	685	686.55	962.50	
1618182	63	657.0	650.5	510.8	650.5	371.5	2.12	4.58	0	1,505	13	3.00	5.5	18.8	0.0	0.0	39.16	18	1.2758	1.9508	685	685.94	988.20	
1618823	64	654.9	651.8	511.5	652.2	371.5	1.94	4.58	0	1,477	15	2.44	5.5	18.8	0.0	0.0	38.77	18	1.2758	1.9508	685	685.35	994.45	
1619452	63	652.7	653.5	512.6	653.5	372.2	1.44	4.58	0	1,482	16	1.62	5.5	18.8	0.0	0.0	28.73	18	1.2758	1.9508	680	684.74	984.38	
1620056	63	651.0	654.5	513.5	654.8	371.8	2.12	4.58	0	1,467	18	3.00	5.5	18.8	0.0	0.0	39.49	18	1.2758	1.9508	680	683.94	990.55	
1620630	63	649.0	656.8	514.3	656.5	372.5	2.25	4.58	0	1,517	20	3.25	5.5	18.8	0.0	0.0	43.17	18	1.2758	1.9508	680	683.33	1,000.16	
1621306	63	646.9	657.8	515.5	658.2	372.5	3.00	4.58	0	1,688	22	4.88	5.5	18.8	0.0	0.0	54.09	18	1.2758	1.9508	680	682.35	1,036.25	
1621940	63	644.3	660.2	516.1	660.5	373.2	5.25	4.58	0	1,941	25	8.69	5.5	18.8	0.0	0.0	59.13	18	1.2758	1.9508	680	681.25	1,046.64	
1622575	63	641.3	662.5	517.8	662.8	373.5	4.38	4.58	0	1,623	27	10.25	5.5	18.8	0.0	0.0	77.58	18	1.2758	1.9508	675	679.63	1,188.75	
1623347	62	638.4	664.8	519.1	665.2	373.8	4.69	4.58	0	1,531	30	12.19	5.5	18.8	0.0	0.0	80.72	18	1.2758	1.9508	675	677.85	1,265.62	
1623989	62	636.3	667.8	521.0	668.2	374.5	7.69	4.58	0	1,621	33	21.62	5.5	18.8	0.0	0.0	104.48	18	1.2758	1.9508	675	675.65	1,435.86	
1624607	61	634.7	672.2	523.3	672.2	375.5	9.56	4.58	0	1,738	36	24.88	5.5	18.4	0.0	0.0	46.85	18	1.2758	1.9352	670	673.63	1,120.62	
1625253	61	634.2	675.2	525.3	675.5	376.2	1.75	4.58	0	1,945	36	2.19	5.5	18.8	0.0	0.0	17.11	18	1.2758	1.9352	670	672.04	1,010.00	
1625878	60	633.9	678.5	527.3	678.8	376.5	1.56	4.58	0	1,781	36	1.38	5.5	18.8	0.0	0.0	12.56	18	1.2758	1.9508	670	670.54	977.89	
1626492	60	633.7	681.8	529.2	682.2	377.2	1.25	4.58	0	1,422	35	1.12	5.5	18.8	0.0	0.0	14.93	18	1.2758	1.9430	665	669.34	969.06	
1627018	60	633.5	684.8	530.6	684.5	377.8	0.88	4.58	0	1,201	34	0.56	5.5	18.8	0.0	0.0	16.80	18	1.2758	1.9430	665	668.55	971.09	
1627629	60	633.4	686.8	532.5	686.8	378.2	0.88	4.58	0	1,136	33	0.31	5.5	18.8	0.0	0.0	17.04	18	1.2758	1.9430	665	667.63	971.02	
1628318	61	633.3	688.5	533.5	688.5	378.8	1.06	4.58	0	1,090	32	0.31	5.5	18.8	0.0	0.0	16.83	18	1.2758	1.9430	665	666.65	970.55	
1628971	61	633.3	689.5	534.3	689.5	379.2	1.06	4.58	0	1,059	31	0.31	5.5	18.8	0.0	0.0	16.78	18	1.2758	1.9430	665	665.73	969.69	
1629584	61	633.3	689.8	534.6	689.5	380.2	1.25	4.58	0	992	29	0.56	5.5	18.8	0.0	0.0	16.85	18	1.2758	1.9430	665	665.03	968.44	
1630170	61	633.4	689.5	534.8	689.5	380.2	1.06	4.58	0	939	26	0.31	5.5	18.8	0.0	0.0	12.59	18	1.2758	1.9430	660	664.44	964.38	
1630816	62	633.4	688.8	534.6	689.2	380.2	1.25	4.58	0	853	24	0.31	5.5	18.8	0.0	0.0	12.56	18	1.2758	1.9430	660	663.83	961.72	
1631492	62	633.4	687.5	534.3	687.5	380.8	1.56	4.58	0	792	22	0.31	5.5	18.4	0.0	0.0	22.59	18	1.2758	1.9344	660	663.13	960.47	
1632180	62	633.4	686.8	534.0	686.5	381.5	1.25	4.58	0	1,003	21	0.56	5.5	18.4	0.0	0.0	17.30	18	1.2758	1.9344	660	662.43	960.31	
1632806	62	633.4	685.5	533.6	685.5	381.8	1.25	4.58	0	988	20	0.56	5.5	18.8	0.0	0.0	16.85	18	1.2758	1.9422	660	661.94	959.77	
1633564	62	633.4	684.2	533.0	683.8	381.8	1.25	4.58	0	987	20	0.31	5.5	18.4	0.0	0.0	16.64	18	1.2758	1.9344	660	661.35	959.38	
1634214	63	633.3	682.5	532.0	682.2	382.5	1.44	4.58	0	964	20	0.31	5.5	18.4	0.0	0.0	16.85	18	1.2758	1.9344	660	660.83	958.75	
1634822	63	633.2	680.5	531.8	680.5	382.5	1.25	4.58	0	968	19	0.31	5.5	18.4	0.0	0.0	16.92	18	1.2758	1.9344	660	660.34	958.91	
1635499	63	633.1	679.2	531.3	679.5	383.2	1.25	4.58	0	940	18	0.31	5.5	18.4	0.0	0.0	17.20	18	1.2758	1.9344	660	659.94	958.83	
1636170	63	633.0	677.2	530.3	677.2	383.2	1.25	4.58	0	888	16	0.31	5.5	18.4	0.0	0.0	20.51	18	1.2758	1.9344	655	659.43	958.67	
1636811	63	632.9	675.8	529.5	675.2	383.5	1.44	4.58	0	928	16	0.31	5.5	18.4	0.0	0.0	20.46	18	1.2758	1.9344	655	659.03	958.67	
1637396	63	632.8	673.8	528.8	673.5	383.5	1.25	4.58	0	951	15	0.56	5.5	18.4	0.0	0.0	19.88	18	1.2758	1.9344	655	658.75	958.83	
1638045	63	632.6	672.5	528.1	672.2	384.2	1.25	4.58	0	953	14	0.31	5.5	18.4	0.0	0.0	19.80	18	1.2758	1.9344	655	658.35	959.14	
1638713	63	632.4	670.5	527.5	670.5	383.8	1.25	4.58	0	943	14	0.31	5.5	18.4	0.0	0.0	19.90	18	1.2758	1.9344	655	657.93	958.75	
1639332	63	632.2	669.2	526.7	668.8	384.5	1.25	4.58	0	945	14	0.31	5.5	18.4	0.0	0.0	19.85	18	1.2758	1.9344	655	657.65	958.83	
1639942	64	632.0	667.2	525.8	667.5	384.2	1.25	4.58	0	946	13	0.31	5.5	18.4	0.0	0.0	19.73	18	1.2758	1.9344	655	657.25	959.06	
1640590	64	631.8	665.8	525.5	665.8	384.2	1.25	4.58	0	954	13	0.56	5.5	18.4	0.0	0.0	40.15	18	1.2758	1.9344	655	656.85	955.55	
1641243	64	631.5	664.8	524.6	664.8	384.5	2.12	4.58	0	1,286	14	2.44	5.5	18.4	0.0	0.0	43.69	18	1.2758	1.9344	655	656.43	974.61	
1641873	64	631.0	663.5	524.3	663.5	384.8	1.94	4.58	0	1,410	16	3.25	5.5	18.4	0.0	0.0	50.27	18	1.2758	1.9344	655	655.94	996.95	
1642513	64	630.3	662.5	523.5	662.5	384.8	2.44	4.58	0	1,428	19	4.62	5.5	18.4	0.0	0.0	51.45	18	1.2758	1.9344	655	655.44	1,025.70	
1643161	64	629.7	662.5	523.6	662.5	385.2	2.62	4.58	0	1,558	21	4.62	5.5	18.4	0.0	0.0	32.95	18	1.2758	1.9344	655	654.93	1,010.08	
1643801	63	628.8	662.5	523.8	662.5	385.2	0.56	4.58	0	1,600	20	1.12	5.5	18.4	0.0	0.0	12.75	18	1.2758	1.9344	650	654.34	978.20	
1644402	63	628.0	663.2	524.1	663.2	385.5	0.69	4.58	0	1,556	20	1.12	5.5	18.4	0.0	0.0	11.65	18	1.2758	1.9344	650	654.04	968.52	
1644967	63	627.5	663.2	524.6	663.2	385.5	0.19	4.58	0	1,439	18	1.12	5.5	18.4	0.0	0.0	20.88	18	1.2758	1.9344	650	653.64	968.20	
1645656	63	626.9	663.8	524.8	663.5	385.8	1.06	4.58	0	1,410	18	1.12	5.5	18.4	0.0	0.0	24.70	18	1.2758	1.9344	650	653.24	963.52	
1646243	63	626.3	663.5	524.6	663.5	385.8	1.94	4.58	0	1,457	19	1.94	5.5	18.4	0.0	0.0	40.27	18	1.2758	1.9344	650	652.84	969.22	
1646857	63	625.6	663.8	524.6	663.5	386.5	2.62	4.58	0	1,571	20	4.62	5.5	18.4	0.0	0.0	49.83	18	1.2758	1.9344	650	652.23	1,007.66	
1647518	63	624.5	663.5	524.8	663.5	386.5	3.81	4.58	0	1,820	23	6.50	5.5	18.4	0.0	0.0	56.16	18	1.2758	1.9344	650	651.53	1,067.50	
1648156	63	623.2	663.8	525.0	663.8	386.5	5.56	4.58	0	1,977	26	8.94	5.5	18.4	0.0	0.0	60.30	18	1.2758	1.9344	650	650.73	1,060.31	
1649217	63	621.5	664.5	526.3	665.5	387.2	3.81	4.58	0	1,576	29	9.19	5.5	18.4	0.0	0.0	65.46	18	1.2758	1.9344	645	649.05	1,121.80	
1649863	62	618.9	666.8	526.8	666.8	387.5	4.56	4.58	0	1,606	32	11.06	5.5	18.4	0.0	0.0	69.61	18	1.2758	1.9344	645	647.94	1,133.59	
1650505	61	617.9	668.2	528.0	668.5	387.8	3.50	4.58	0	1,710	34	8.12	5.5	18.4	0.0	0.0	36.30	18	1.2758	1.9258	645	646.75	1,065.86	
1651207	61	617.2	670.2	529.2	670.5	388.2	1.56	4.58	0	1,319	35	1.12	5.5	18.8	0.0	0.0	19.57	18	1.2758	1.9414	645	645.83	987.50	
1651848	60	616.7	672.5	530.2	672.8	388.5	1.25	4.58	0	1,180	35	0.56	5.5	18.4	0.0	0.0	13.62	18	1.2758	1.9336	645	645.13	970.31	
1652496	60	616.3	673.8	531.3	674.2	388.8	1.06	4.58	0	1,159	34	0.31	5.5	18.4	0.0	0.0	16.97	18	1.2758	1.9336	640	644.43	966.25	
1653151	60	616.0	674.8	532.0	674.5	388.8	0.88	4.58	0	1,134	33	0.31	5.5	18.4	0.0	0.0	16.97	18	1.2758	1.9250	640	643.84	970.47	
1653870	61	615.7	675.5	532.5	675.2	389.2	1.06	4.58	0	1,093	32	0.31	5.5	18.4	0.0	0.0	17.48	18	1.2758	1.9250	640	643.23	969.77	
1654573	61	615.5	675.2	532.3	675.5	389.8	1.25	4.58	0	1,003	29	0.00	5.5	18.4	0.0	0.0	12.80	18	1.2758	1.9250	640	642.65	968.52	
1655216	61	615.4	675.2	532.7	674.8	389.8	1.25	4.58	0	1,133	25	0.31	5.5	18.0	0.0	0.0	12.82	18	1.2758	1.9172	640	642.25	964.92	
1655891	61	615.3	673.8	532.1	674.2	389.8	1.06	4.58	0	935	21	0.31	5.5	18.4	0.0	0.0	17.11	18	1.2758	1.9328	640	641.73	962.03	
1656588	62	615.1	672.8	531.7	672.8	389.8	1.44	4.58	0	934	16	0.31	5.5	18.4	0.0	0.0	19.48	18	1.2758	1.9250	640	641.24	961.02	
1657256	62	615.0	671.5	531.1	671.5	390.2	1.25	4.58	0	941	14	0.56	5.5	18.4	0.0	0.0	18.70	18	1.2758	1.9164	640	640.84	960.31	
1657971	62	614.8	670.2	530.5	670.2	390.5	1.25	4.58	0	911	11	0.31	5.5	18.0	0.0	0.0	19.95	18	1.2758	1.9320	640	640.35	959.69	
1658625	62	614.6	668.8	529.8	668.8	390.5	1.25	4.58	0	887	11	0.56	5.5	18.4	0.0	0.0	22.83	18	1.2758	1.9242	640	640.05	959.14	
1659357	63	614.4	666.8	529.0	666.8	390.8	1.25	4.58	0	928	11	0.56	5.5	18.4	0.0	0.0	22.52	18	1.2758	1.9242	635	639.65	954.14	
1660070	63	614.1	665.5	528.0	664.8	391.2	2.25	4.58	0	1,254	11	2.75	5.5	18.4	0.0	0.0	51.54	18	1.2758	1.9242	635	639.04	971.56	
1660699	63	613.7	663.8	527.5	663.5	390.8	2.25	4.58	0	1,472	14	7.06	5.5	18.4	0.0	0.0	54.56	18	1.2758	1.9242	635	638.64	970.31	
1661333	63	613.1	663.5	527.3	663.2	391.2	2.81	4.58	0	1,563	17	8.38	5.5	18.4	0.0	0.0	58.08	18	1.2758	1.9242	635	638.03	972.03	
1662025	63	612.2	662.2	526.7	661.8	391.2	3.12	4.58	0	1,564	20	8.38	5.5	18.4	0.0	0.0	59.91	18	1.2758	1.9242	635	637.35	1,015.94	
1662704	62	611.2	661.5	526.3	661.8	391.5	5.38	4.58	0	1,793	24	9.75	5.5	18.4	0.0	0.0	66.47	18	1.2758	1.9242	635	636.44	1,110.39	
1663353	62	610.1	661.5	526.5	661.5	391.5	7.12	4.58	0	2,070	27	14.06	5.5	18.4	0.0	0.0	74.46	18	1.2758	1.9242	635	635.64	1,301.25	
1664013	61	609.7	661.8	526.6	661.5	391.8	7.31	4.58	0	1,721	30	16.25	5.5	18.4	0.0	0.0	93.02	18	1.2758	1.9242	630	634.44	1,402.34	
1664781	61	610.1	662.2	527.0	662.5	391.8	6.44	4.58	0	1,611	33	15.44	5.5	18.0	0.0	0.0	102.73	18	1.2758	1.9078	630	633.13	1,491.09	
1665411	60	611.3	663.2	527.5	663.8	392.2	12.00	4.58	0	1,786	36	28.38	5.5	18.0	0.0	0.0	126.98	18	1.2758	1.9078	630	632.03	1,780.94	
1666099	60	614.1	665.2	528.8	665.2	392.5	19.31	4.58	0	2,000	42	46.19	5.5	18.0	0.0	0.0	133.12	18	1.2758	1.9250	630	630.93	1,825.47	
1666764	59	617.6	667.2	529.8	667.2	393.5	22.44	4.58	0	2,323	47	56.19	5.5	18.4	0.0	0.0	134.37	18	1.2758	1.9250	630	630.25	1,801.64	
1667487	59	622.7	669.5	531.3	669.2	393.5	21.00	4.58	0	2,526	52	52.38	5.5	18.4	0.0	0.0	113.27	18	1.2758	1.9344	625	629.85	1,587.03	
1668117	58	628.6	671.8	532.7	671.8	394.8	4.19	4.58	0	2,671	54	8.69	5.5	18.4	0.0	0.0	26.88	18	1.2758	1.9430	630	630.04	1,029.77	
1668818	57	633.7	674.8	535.0	675.2	395.5	0.88	4.58	0	1,762	54	1.12	5.5	18.4	0.0	0.0	17.72	18	1.2758	1.9344	630	630.25	986.17	
1669503	57	637.4	677.8	536.5	678.2	395.8	0.38	4.58	0	1,645	54	1.12	5.5	18.8	0.0	0.0	17.04	18	1.2758	1.9430	630	630.44	974.38	
1670158	58	640.5	680.2	538.1	680.5	396.8	0.38	4.58	0	1,486	53	1.12	5.5	18.4	0.0	0.0	17.91	18	1.2758	1.9352	630	630.65	978.05	
1670820	58	643.3	681.5	539.5	681.5	397.5	0.56	4.58	0	1,351	52	0.81	5.5	18.8	0.0	0.0	15.91	18	1.2758	1.9430	630	630.83	977.19	
1671488	59	645.7	682.8	540.3	682.8	397.5	0.69	4.58	0	1,334	52	0.81	5.5	18.8	0.0	0.0	16.78	18	1.2758	1.9438	630	631.05	976.72	
1672148	59	648.0	683.5	540.5	683.2	398.5	1.06	4.58	0	1,074	51	0.31	5.5	18.8	0.0	0.0	16.76	18	1.2758	1.9359	630	631.14	972.42	
1672762	59	650.1	682.8	540.6	682.8	398.8	1.06	4.58	0	1,069	50	0.31	5.5	18.8	0.0	0.0	16.64	18	1.2758	1.9438	630	631.35	970.86	
1673451	60	652.0	682.5	540.8	682.5	399.2	1.06	4.58	0	1,050	50	0.00	5.5	18.8	0.0	0.0	16.57	18	1.2758	1.9438	630	631.54	969.53	
1674085	60	653.6	681.5	540.5	681.5	399.5	1.06	4.58	0	1,041	49	0.31	5.5	18.8	0.0	0.0	16.76	18	1.2758	1.9438	630	631.75	968.83	
1674838	60	655.1	680.5	540.3	680.5	400.2	1.06	4.58	0	1,027	49	0.31	5.5	18.8	0.0	0.0	16.76	18	1.2758	1.9438	630	631.94	968.20	
1675448	60	656.4	679.2	539.7	679.2	400.5	1.06	4.58	0	1,020	48	0.56	5.5	18.8	0.0	0.0	16.55	18	1.2758	1.9438	630	632.15	967.81	
1676071	61	657.8	677.2	538.8	677.2	400.5	1.06	4.58	0	1,006	48	0.00	5.5	18.8	0.0	0.0	17.11	18	1.2758	1.9438	630	632.33	967.50	
1676676	61	658.9	675.8	538.3	675.8	400.5	1.25	4.58	0	999	48	0.00	5.5	18.8	0.0	0.0	16.83	18	1.2758	1.9438	630	632.55	967.34	
1677384	61	660.0	673.8	537.3	673.8	400.5	1.25	4.58	0	981	47	0.00	5.5	18.8	0.0	0.0	16.83	18	1.2758	1.9438	630	632.85	966.72	
1678003	61	661.0	672.2	536.6	672.2	400.8	1.25	4.58	0	968	46	0.00	5.5	18.8	0.0	0.0	17.04	18	1.2758	1.9438	630	633.04	966.09	
1678648	62	662.0	670.2	535.5	670.2	401.2	1.25	4.58	0	975	46	0.31	5.5	18.8	0.0	0.0	17.20	18	1.2758	1.9438	630	633.25	965.00	
1679249	62	662.8	668.5	534.7	668.2	401.2	1.25	4.58	0	1,183	46	0.31	5.5	18.8	0.0	0.0	23.95	18	1.2758	1.9438	630	633.53	956.09	
1680289	62	664.5	664.8	533.3	664.8	401.2	3.00	4.58	0	1,275	47	5.69	5.5	18.4	0.0	0.0	80.11	18	1.2758	1.9359	630	634.23	1,067.81	
1680964	62	666.1	663.5	532.3	663.2	401.2	4.00	4.58	0	1,246	48	9.75	5.5	18.4	0.0	0.0	96.42	18	1.2758	1.9359	630	634.84	1,219.30	
1681631	62	668.4	661.5	531.6	661.8	401.5	5.38	4.58	0	1,326	49	14.06	5.5	18.4	0.0	0.0	105.40	18	1.2758	1.9359	635	635.85	1,322.81	
1682298	61	671.1	660.5	531.1	660.8	401.5	8.00	4.58	0	1,451	51	21.38	5.5	18.4	0.0	0.0	109.01	18	1.2758	1.9359	635	637.14	1,510.16	
1682908	60	674.3	660.5	531.1	660.5	401.5	12.69	4.58	0	1,789	53	28.94	5.5	18.8	0.0	0.0	126.30	18	1.2758	1.9438	635	638.55	1,722.58	
1683596	60	678.3	660.5	531.0	660.8	401.8	17.06	4.58	0	1,913	57	37.81	5.5	18.4	0.0	0.0	126.49	18	1.2758	1.9445	640	640.84	1,718.91	
1684239	59	682.0	661.5	531.5	661.8	401.8	18.62	4.58	0	2,076	60	44.81	5.5	18.4	0.0	0.0	138.54	18	1.2758	1.9375	640	643.14	1,883.28	
1684830	58	685.6	663.2	533.0	663.5	402.5	21.38	4.58	0	2,145	64	52.94	5.5	18.4	0.0	0.0	140.13	18	1.2758	1.9453	645	645.83	1,942.73	
1685616	58	689.6	665.5	534.3	665.8	403.5	25.56	4.58	0	2,261	68	66.69	5.5	18.8	0.0	0.0	136.73	18	1.2758	1.9531	650	649.94	1,680.55	
1686247	57	693.9	668.5	536.0	668.5	404.2	16.19	4.58	0	2,405	70	23.25	5.5	19.2	0.0	0.0	78.47	18	1.2758	1.9617	650	653.15	1,228.91	
1686918	56	699.3	672.5	538.6	673.2	404.5	9.38	4.58	0	2,430	72	21.88	5.5	19.2	0.0	0.0	80.70	18	1.2758	1.9688	655	656.85	1,218.98	
1687514	56	705.5	676.8	541.1	677.2	405.5	9.75	4.58	0	1,878	73	21.62	5.5	19.2	0.0	0.0	86.48	18	1.2758	1.9617	660	660.04	1,210.47	
1688140	56	711.4	681.2	543.5	681.5	406.5	4.19	4.58	0	1,898	74	5.69	5.5	19.2	0.0	0.0	29.18	18	1.2758	1.9617	660	663.04	1,018.12	
1688723	56	714.9	685.5	545.5	685.8	406.8	0.88	4.58	0	1,519	73	1.12	5.5	19.2	0.0	0.0	12.23	18	1.2758	1.9688	665	665.15	981.33	
1689356	55	717.8	688.8	548.1	689.5	407.5	0.69	4.58	0	1,465	73	0.81	5.5	19.2	0.0	0.0	16.24	18	1.2758	1.9766	665	667.35	971.41	
1689981	56	720.5	692.2	549.8	692.5	407.8	0.19	4.58	0	1,503	72	0.81	5.5	19.2	0.0	0.0	17.44	18	1.2758	1.9766	665	669.04	969.22	
1690585	56	722.7	695.2	551.2	694.8	408.2	0.56	4.58	0	1,264	71	0.56	5.5	19.2	0.0	0.0	16.34	18	1.2758	1.9695	670	670.54	974.30	
1691284	57	724.8	697.2	552.8	696.8	408.8	0.69	4.58	0	1,250	70	0.56	5.5	19.6	0.0	0.0	16.73	18	1.2758	1.9695	670	672.25	973.36	
1691948	57	726.7	697.5	553.3	698.2	409.5	0.69	4.58	0	1,218	70	0.56	5.5	19.2	0.0	0.0	16.69	18	1.2758	1.9773	670	673.63	973.12	
1692541	58	728.2	698.2	553.6	698.5	409.5	0.69	4.58	0	1,214	69	0.56	5.5	19.6	0.0	0.0	16.92	18	1.2758	1.9844	675	674.94	973.20	
1693183	58	729.6	698.5	554.0	698.5	410.2	0.69	4.58	0	1,199	68	0.56	5.5	19.2	0.0	0.0	16.64	18	1.2758	1.9703	675	676.23	972.11	
1693862	58	731.0	697.5	553.8	697.2	410.2	0.69	4.58	0	1,188	67	0.56	5.5	19.2	0.0	0.0	16.95	18	1.2758	1.9773	675	677.33	972.11	
1694495	59	732.0	696.8	553.6	696.8	410.5	0.69	4.58	0	1,176	67	0.56	5.5	19.2	0.0	0.0	16.83	18	1.2758	1.9773	675	678.65	971.33	
1695126	59	733.0	695.5	553.0	695.2	410.5	0.69	4.58	0	1,161	66	0.56	5.5	19.2	0.0	0.0	17.04	18	1.2758	1.9703	675	679.54	971.17	
1695881	59	733.8	694.8	552.5	694.5	410.5	0.69	4.58	0	1,154	65	0.56	5.5	19.6	0.0	0.0	15.19	17	1.2758	1.9844	680	680.85	970.16	
1696544	59	734.6	692.8	551.8	692.5	410.8	0.56	4.58	0	1,342	64	0.56	5.5	19.6	0.0	0.0	17.04	17	1.2758	1.9773	680	681.74	970.94	
1697114	60	735.5	691.2	551.0	691.2	410.8	0.38	4.58	0	1,330	63	0.81	5.5	19.2	0.0	0.0	17.72	17	1.2758	1.9773	680	682.54	972.89	
1697676	60	736.0	689.5	550.3	689.5	410.8	0.56	4.58	0	1,305	63	0.81	5.5	19.2	0.0	0.0	17.79	17	1.2758	1.9695	680	683.43	973.20	
1698160	60	736.4	688.2	549.5	688.2	410.8	0.56	4.58	0	1,303	62	0.81	5.5	19.6	0.0	0.0	17.79	17	1.2758	1.9844	680	684.04	974.22	
1698643	60	736.9	687.2	549.1	686.8	410.5	0.56	4.58	0	1,287	61	0.81	5.5	19.2	0.0	0.0	17.88	17	1.2758	1.9773	680	684.65	974.38	
1699123	61	737.3	685.5	548.3	685.5	410.8	0.56	4.58	0	1,269	61	0.56	5.5	19.2	0.0	0.0	17.79	17	1.2758	1.9773	685	685.23	973.83	
1699599	61	737.6	684.2	547.3	684.2	410.2	0.69	4.58	0	1,276	60	0.56	5.5	19.2	0.0	0.0	17.72	17	1.2758	1.9773	685	685.94	974.14	
1700123	61	738.0	682.8	546.6	682.8	410.5	0.56	4.58	0	1,254	60	0.56	5.5	19.2	0.0	0.0	17.72	17	1.2758	1.9773	685	686.55	973.36	
1700587	61	738.3	681.2	546.0	681.2	410.2	0.69	4.58	0	1,244	59	0.56	5.5	19.2	0.0	0.0	17.98	17	1.2758	1.9773	685	687.13	973.12	
1701107	61	738.6	680.2	544.8	679.8	409.8	0.56	4.58	0	1,227	59	0.56	5.5	19.2	0.0	0.0	17.91	17	1.2758	1.9773	685	687.74	973.12	
1701608	62	738.8	678.5	544.5	678.5	409.8	0.69	4.58	0	1,215	58	0.56	5.5	19.2	0.0	0.0	18.26	17	1.2758	1.9773	685	688.23	972.73	
1702031	62	739.0	677.2	543.5	676.8	409.5	0.69	4.58	0	1,206	57	0.56	5.5	19.2	0.0	0.0	18.09	17	1.2758	1.9773	685	688.75	972.81	
1702489	62	739.2	675.5	542.6	675.5	409.5	0.69	4.58	0	1,193	57	0.56	5.5	19.2	0.0	0.0	18.07	17	1.2758	1.9773	685	689.24	972.73	
1702878	62	739.4	674.5	542.1	674.5	409.5	0.69	4.58	0	1,181	56	0.56	5.5	19.2	0.0	0.0	18.40	17	1.2758	1.9773	685	689.64	971.88	
1703526	62	739.6	673.2	541.3	673.2	409.5	0.88	4.58	0	1,177	56	0.56	5.5	19.2	0.0	0.0	18.26	17	1.2758	1.9773	690	690.25	971.80	
1704053	62	739.8	671.5	540.5	671.5	408.8	0.88	4.58	0	1,160	55	0.56	5.5	19.2	0.0	0.0	18.16	17	1.2758	1.9773	690	690.65	971.33	
1704571	62	740.0	670.2	539.5	670.2	408.8	0.88	4.58	0	1,147	55	0.56	5.5	19.2	0.0	0.0	18.49	17	1.2758	1.9773	690	691.23	970.78	
1705092	62	740.1	668.2	538.6	668.2	408.2	0.88	4.58	0	1,129	54	0.31	5.5	19.2	0.0	0.0	18.30	17	1.2758	1.9773	690	691.63	970.55	
1705640	63	740.2	666.8	537.8	666.8	408.2	0.88	4.58	0	1,123	54	0.31	5.5	19.2	0.0	0.0	18.33	17	1.2758	1.9773	690	692.03	969.92	
1706187	63	740.3	665.5	536.6	665.5	407.8	1.06	4.58	0	1,110	53	0.31	5.5	19.2	0.0	0.0	18.52	17	1.2758	1.9773	690	692.55	969.92	
1706670	63	740.4	664.2	535.8	664.2	407.5	1.06	4.58	0	1,094	52	0.56	5.5	19.2	0.0	0.0	18.28	17	1.2758	1.9773	690	692.94	969.30	
1707253	63	740.5	662.8	535.0	662.5	407.2	0.88	4.58	0	1,085	52	0.31	5.5	19.2	0.0	0.0	18.38	17	1.2758	1.9773	690	693.34	969.45	
1707837	63	740.5	661.2	533.8	660.8	406.8	1.06	4.58	0	1,074	51	0.31	5.5	19.2	0.0	0.0	18.52	17	1.2758	1.9773	690	693.74	968.59	
1708459	63	740.6	659.8	533.0	659.5	406.2	1.06	4.58	0	1,068	51	0.31	5.5	19.2	0.0	0.0	18.33	17	1.2758	1.9773	690	694.14	968.59	
1709047	63	740.6	657.8	532.0	657.8	405.5	1.06	4.58	0	1,052	50	0.31	5.5	19.2	0.0	0.0	18.42	17	1.2758	1.9773	690	694.54	967.89	
1709616	63	740.6	656.5	530.8	656.5	405.5	1.06	4.58	0	1,043	49	0.31	5.5	19.2	0.0	0.0	18.21	17	1.2758	1.9773	690	694.84	967.66	
1710207	63	740.6	654.8	530.2	654.5	404.8	1.06	4.58	0	1,032	48	0.31	5.5	19.2	0.0	0.0	18.52	17	1.2758	1.9773	695	695.15	967.42	
1710813	63	740.5	653.5	529.1	653.5	404.5	1.25	4.58	0	1,026	48	0.31	5.5	19.2	0.0	0.0	18.45	17	1.2758	1.9773	695	695.43	967.11	
1711391	63	740.5	652.2	528.0	651.8	403.5	1.06	4.58	0	1,013	48	-0.19	5.5	19.2	0.0	0.0	18.52	17	1.2758	1.9773	695	695.73	966.88	
1711965	64	740.4	650.8	527.1	650.8	403.5	1.25	4.58	0	999	47	-0.19	5.5	19.2	0.0	0.0	18.47	17	1.2758	1.9773	695	696.04	966.56	
1712506	64	740.4	649.8	526.5	649.5	403.2	1.06	4.58	0	985	47	0.31	5.5	19.2	0.0	0.0	18.52	17	1.2758	1.9773	695	696.25	966.80	
1713076	64	740.3	648.8	525.6	648.8	402.2	1.44	4.58	0	920	44	0.00	5.5	19.2	0.0	0.0	12.84	17	1.2758	1.9773	695	696.44	963.20	
1713671	64	740.2	646.8	524.5	646.8	401.5	1.06	4.58	0	1,077	41	0.31	5.5	19.2	0.0	0.0	12.42	17	1.2758	1.9773	695	696.65	962.19	
1714330	64	740.0	645.2	523.2	645.2	401.2	1.25	4.58	0	959	37	0.31	5.5	19.2	0.0	0.0	12.91	17	1.2758	1.9773	695	696.83	960.70	
1714915	64	739.9	643.8	522.1	643.8	400.8	1.44	4.58	0	871	34	0.31	5.5	19.2	0.0	0.0	12.14	17	1.2758	1.9773	695	697.05	960.00	
1715514	64	739.7	642.5	521.5	642.2	400.2	1.25	4.58	0	960	33	0.00	5.5	19.2	0.0	0.0	12.21	17	1.2758	1.9773	695	697.23	958.75	
1716102	64	739.5	641.2	520.6	641.2	399.8	1.56	4.58	0	1,102	32	0.31	5.5	19.2	0.0	0.0	12.68	17	1.2758	1.9773	695	697.35	959.06	
1716664	64	739.3	640.2	519.8	640.2	398.8	1.06	4.58	0	1,068	32	0.31	5.5	19.2	0.0	0.0	12.61	17	1.2758	1.9773	695	697.54	958.83	
1717259	64	739.0	638.5	518.8	638.2	398.8	1.25	4.58	0	1,078	31	0.31	5.5	19.2	0.0	0.0	21.59	17	1.2758	1.9773	695	697.75	956.02	
1717856	64	738.7	637.5	518.0	637.5	398.2	1.94	4.58	0	1,380	31	1.62	5.5	19.2	0.0	0.0	22.36	17	1.2758	1.9773	695	697.94	960.62	
1718468	64	738.3	636.5	517.0	636.2	397.5	0.88	4.58	0	1,515	31	1.38	5.5	19.2	0.0	0.0	13.15	17	1.2758	1.9773	695	698.15	961.88	
1719056	64	737.9	635.2	516.5	635.2	397.2	0.88	4.58	0	1,486	31	1.12	5.5	19.2	0.0	0.0	11.41	17	1.2758	1.9773	695	698.33	961.25	
1719656	64	737.5	634.5	515.6	634.5	396.2	0.19	4.58	0	1,442	30	1.12	5.5	19.2	0.0	0.0	19.36	17	1.2758	1.9773	695	698.55	964.14	
1720285	64	737.1	634.2	515.3	634.2	396.2	2.25	4.58	0	1,446	29	1.38	5.5	19.2	0.0	0.0	12.30	17	1.2758	1.9773	695	698.85	967.89	
1720848	64	736.8	633.2	514.7	632.8	395.5	0.88	4.58	0	1,433	29	1.38	5.5	19.2	0.0	0.0	16.90	17	1.2758	1.9773	695	698.94	965.94	
1721419	64	736.4	632.2	514.0	632.2	395.2	1.25	4.58	0	1,441	29	1.38	5.5	19.2	0.0	0.0	20.70	17	1.2758	1.9773	695	699.13	963.83	
1722125	64	735.9	631.8	513.1	631.5	395.2	1.56	4.58	0	1,467	29	1.38	5.5	19.2	0.0	0.0	35.30	17	1.2758	1.9773	695	699.53	966.64	
1722728	64	735.2	631.2	513.0	631.2	394.2	2.25	4.58	0	1,520	30	3.00	5.5	19.2	0.0	0.0	43.69	17	1.2758	1.9773	695	699.83	983.59	
1723288	64	734.0	631.2	512.7	631.5	393.8	2.62	4.58	0	1,570	32	4.62	5.5	19.2	0.0	0.0	50.91	17	1.2758	1.9773	700	700.23	1,015.78	
1723844	64	732.7	631.2	512.5	631.5	393.8	3.31	4.58	0	1,690	33	5.94	5.5	19.2	0.0	0.0	56.93	17	1.2758	1.9773	700	700.63	1,057.66	
1724439	63	730.9	632.2	512.6	632.5	393.5	2.81	4.58	0	1,275	34	6.25	5.5	19.2	0.0	0.0	73.99	17	1.2758	1.9773	700	701.15	1,086.17	
1724984	63	729.2	633.2	513.2	633.2	393.2	3.31	4.58	0	1,295	36	8.12	5.5	19.2	0.0	0.0	50.11	17	1.2758	1.9773	700	701.64	1,063.12	
1725611	62	727.5	634.5	513.6	634.8	392.8	1.25	4.58	0	1,234	36	1.38	5.5	19.2	0.0	0.0	20.39	17	1.2758	1.9773	700	702.04	994.69	
1726244	61	725.9	636.5	514.1	636.8	392.8	1.06	4.58	0	1,215	36	0.56	5.5	19.2	0.0	0.0	14.58	17	1.2758	1.9773	700	702.44	971.80	
1726808	61	724.7	637.8	515.0	638.2	391.8	0.56	4.58	0	1,198	35	0.31	5.5	19.2	0.0	0.0	16.64	17	1.2758	1.9773	700	702.74	967.42	
1727266	61	723.9	639.2	515.5	639.2	392.5	0.69	4.58	0	1,190	35	0.56	5.5	19.2	0.0	0.0	17.88	17	1.2758	1.9773	700	702.93	971.02	
1727838	61	722.8	640.2	516.0	640.2	391.8	0.88	4.58	0	1,171	34	0.31	5.5	19.2	0.0	0.0	18.16	17	1.2758	1.9773	700	703.23	970.94	
1728478	62	721.8	641.2	516.3	641.5	391.5	0.88	4.58	0	1,145	34	0.31	5.5	19.2	0.0	0.0	17.67	17	1.2758	1.9773	700	703.54	970.62	
1729064	62	721.0	642.2	516.5	642.2	391.5	0.88	4.58	0	1,118	33	0.31	5.5	19.2	0.0	0.0	17.41	17	1.2758	1.9773	700	703.75	970.55	
1729674	62	720.3	642.2	516.8	642.2	391.2	1.06	4.58	0	1,103	32	0.31	5.5	19.2	0.0	0.0	17.72	17	1.2758	1.9773	700	703.94	969.69	
1730311	62	719.6	641.8	516.5	642.2	390.8	1.06	4.58	0	1,075	32	0.31	5.5	19.2	0.0	0.0	17.70	17	1.2758	1.9773	700	704.15	968.98	
1731053	62	718.9	641.8	516.3	641.8	390.5	1.06	4.58	0	1,050	31	0.31	5.5	19.2	0.0	0.0	17.51	17	1.2758	1.9773	700	704.24	968.83	
1731635	62	718.4	641.5	515.8	641.8	389.8	1.25	4.58	0	1,013	30	0.31	5.5	19.2	0.0	0.0	17.67	17	1.2758	1.9773	700	704.33	967.81	
1732253	63	717.7	641.2	515.3	641.2	389.2	1.06	4.58	0	992	27	0.31	5.5	19.2	0.0	0.0	12.49	17	1.2758	1.9773	700	704.43	965.39	
1732816	63	717.2	640.2	514.8	640.2	388.8	1.06	4.58	0	1,079	26	0.31	5.5	19.2	0.0	0.0	12.19	17	1.2758	1.9773	700	704.55	962.73	
1733413	63	716.6	639.8	514.5	639.8	388.8	0.88	4.58	0	1,240	26	0.56	5.5	19.2	0.0	0.0	12.21	17	1.2758	1.9773	700	704.64	962.19	
1733986	63	716.1	639.5	513.8	639.2	388.2	0.69	4.58	0	1,203	25	0.31	5.5	19.2	0.0	0.0	17.44	17	1.2758	1.9773	700	704.64	965.00	
1734598	63	715.7	638.5	513.5	638.5	388.2	0.69	4.58	0	1,218	24	0.56	5.5	19.2	0.0	0.0	18.40	17	1.2758	1.9773	700	704.64	968.20	
1735224	63	715.3	638.2	512.8	637.8	387.5	1.56	4.58	0	1,187	24	0.56	5.5	19.2	0.0	0.0	36.26	17	1.2758	1.9773	700	704.64	959.69	
1735832	63	714.7	636.8	512.3	636.8	387.2	2.44	4.58	0	1,333	25	3.50	5.5	19.2	0.0	0.0	55.03	17	1.2758	1.9773	700	704.73	984.30	
1736410	64	713.7	636.2	511.5	636.2	386.5	2.44	4.58	0	1,320	26	4.62	5.5	19.2	0.0	0.0	57.33	17	1.2758	1.9773	700	704.73	1,020.47	
1736988	63	712.4	635.8	511.5	636.2	386.2	2.81	4.58	0	1,429	28	5.69	5.5	19.2	0.0	0.0	56.67	17	1.2758	1.9773	700	704.85	1,049.53	
1737601	63	710.6	636.2	511.0	636.2	386.5	2.62	4.58	0	1,476	30	5.69	5.5	19.2	0.0	0.0	56.20	17	1.2758	1.9773	700	704.85	1,062.34	
1738167	63	708.4	636.5	511.6	636.5	386.2	3.12	4.58	0	1,572	32	7.56	5.5	19.2	0.0	0.0	59.53	17	1.2758	1.9773	700	704.85	1,050.08	
1738755	62	705.8	637.5	511.7	637.5	386.2	4.38	4.58	0	1,725	34	9.19	5.5	19.2	0.0	0.0	64.48	17	1.2758	1.9773	700	704.64	1,095.16	
1739329	62	703.0	639.2	512.3	639.2	385.8	4.88	4.58	0	1,798	36	10.56	5.5	19.2	0.0	0.0	65.18	17	1.2758	1.9773	700	704.43	1,120.08	
1739885	61	699.9	640.5	513.3	640.8	386.2	3.81	4.58	0	1,445	37	12.19	5.5	19.2	0.0	0.0	73.17	17	1.2758	1.9695	700	704.03	1,132.97	
1740568	60	696.9	643.2	514.3	643.5	385.8	3.69	4.58	0	1,379	39	8.94	5.5	19.2	0.0	0.0	76.80	17	1.2758	1.9695	700	703.44	1,165.08	
1741186	60	693.9	645.8	515.6	646.2	385.8	4.19	4.58	0	1,446	41	13.00	5.5	19.2	0.0	0.0	94.69	17	1.2758	1.9695	700	702.83	1,282.66	
1741780	60	691.0	649.8	517.6	649.8	385.8	13.56	4.58	0	2,002	42	32.94	5.5	19.2	0.0	0.0	122.77	17	1.2758	1.9695	700	701.94	1,811.25	
1742372	59	688.7	653.2	519.3	653.2	386.2	24.00	4.58	0	2,289	46	66.19	5.5	19.2	0.0	0.0	142.85	17	1.2758	1.9773	700	700.54	1,971.25	
1742974	59	686.1	657.2	521.3	657.5	386.2	28.69	4.58	0	2,520	51	79.12	5.5	19.2	0.0	0.0	143.79	17	1.2758	1.9844	695	698.85	1,940.08	
1743524	59	684.6	661.5	523.8	662.2	387.2	32.69	4.58	0	2,776	56	89.69	5.5	19.6	0.0	0.0	143.37	17	1.2758	2.0000	695	697.35	1,985.31	
1744096	58	684.8	666.5	527.0	666.8	387.5	39.75	4.58	0	3,050	61	107.75	5.5	19.6	0.0	0.0	144.33	17	1.2758	2.0070	695	695.55	1,958.67	
1744677	58	687.4	672.5	530.0	672.8	388.2	38.56	4.58	0	3,268	66	98.31	5.5	20.4	0.0	0.0	122.62	17	1.2758	2.0359	690	694.23	1,694.77	
1745231	58	691.6	679.5	533.8	679.5	389.2	31.44	4.58	0	3,385	70	78.06	5.5	20.8	0.0	0.0	98.93	17	1.2758	2.0500	690	693.65	1,503.44	
1745808	57	696.6	686.5	538.0	687.2	390.5	14.62	4.58	0	2,418	72	36.19	5.5	20.8	0.0	0.0	90.28	17	1.2758	2.0563	690	693.44	1,281.02	
1746430	57	703.1	694.2	542.3	695.2	391.2	12.50	4.58	0	2,487	74	30.81	5.5	21.2	0.0	0.0	89.55	17	1.2758	2.0633	690	693.74	1,291.56	
1747023	57	709.9	701.5	546.2	701.8	392.2	11.50	4.58	0	2,366	75	28.62	5.5	20.8	0.0	0.0	96.07	17	1.2758	2.0563	690	694.35	1,295.47	
1747581	57	716.2	707.5	550.2	707.8	393.5	9.25	4.58	0	1,969	76	18.12	5.5	21.2	0.0	0.0	68.81	17	1.2758	2.0781	695	695.33	1,128.59	
1748149	57	722.4	713.8	553.7	714.2	394.5	6.25	4.58	0	1,980	77	10.00	5.5	21.2	0.0	0.0	64.71	17	1.2758	2.0773	695	696.34	1,077.34	
1748718	57	728.6	719.5	557.3	719.5	395.5	2.44	4.58	0	1,739	77	5.12	5.5	21.6	0.0	0.0	22.62	17	1.2758	2.0922	695	697.44	998.67	
1749283	57	732.4	724.2	559.3	724.5	396.2	0.56	4.58	0	1,588	76	0.81	5.5	21.6	0.0	0.0	12.07	17	1.2758	2.0984	695	698.43	974.38	
1749984	57	735.5	728.5	562.1	728.5	397.2	0.19	4.58	0	1,539	75	0.81	5.5	21.6	0.0	0.0	16.17	17	1.2758	2.1047	695	699.34	969.77	
1750548	57	738.4	731.8	564.6	732.2	397.8	0.19	4.58	0	1,469	74	0.81	5.5	22.0	0.0	0.0	17.25	17	1.2758	2.1109	700	700.05	968.98	
1751117	58	741.3	734.2	566.3	734.5	398.8	0.56	4.58	0	1,295	73	0.56	5.5	22.0	0.0	0.0	16.64	17	1.2758	2.1102	700	700.75	974.92	
1751736	58	743.5	735.5	567.3	735.5	399.5	0.56	4.58	0	1,278	72	0.56	5.5	22.0	0.0	0.0	16.62	17	1.2758	2.1094	700	701.43	974.14	
1752333	58	745.4	736.5	567.8	736.2	400.2	0.69	4.58	0	1,250	71	0.56	5.5	22.0	0.0	0.0	16.95	17	1.2758	2.1086	700	702.04	973.91	
1752911	58	747.0	736.2	568.3	736.2	400.5	0.69	4.58	0	1,231	70	0.56	5.5	22.0	0.0	0.0	16.88	17	1.2758	2.1156	700	702.65	973.12	
1753520	59	748.7	735.5	568.2	735.5	401.2	0.69	4.58	0	1,211	69	0.56	5.5	22.4	0.0	0.0	17.02	17	1.2758	2.1219	700	703.23	972.66	
1754132	59	749.9	734.2	567.8	734.5	401.8	0.69	4.58	0	1,194	68	0.56	5.5	22.4	0.0	0.0	16.99	17	1.2758	2.1219	700	703.84	972.03	
1754707	59	751.2	733.2	567.3	733.2	401.8	0.69	4.58	0	1,174	67	0.56	5.5	22.4	0.0	0.0	16.92	17	1.2758	2.1219	700	704.33	971.88	
1755332	59	752.3	731.2	567.0	731.5	402.5	0.88	4.58	0	1,157	66	0.31	5.5	22.4	0.0	0.0	17.09	17	1.2758	2.1219	700	704.85	971.48	
1755923	60	753.2	729.8	566.5	729.5	402.8	0.88	4.58	0	1,148	65	0.31	5.5	22.4	0.0	0.0	18.70	17	1.2758	2.1219	705	705.25	969.92	
1756522	60	754.1	727.8	565.5	727.8	403.5	2.25	4.58	0	1,346	64	2.44	5.5	22.4	0.0	0.0	54.59	16	1.2758	2.1219	705	705.83	967.27	
1757153	60	755.0	725.8	564.5	725.5	403.2	3.50	4.58	0	1,353	64	7.56	5.5	22.0	0.0	0.0	82.99	16	1.2758	2.1156	705	706.63	1,089.84	
1757770	60	756.2	723.8	563.3	723.5	403.8	7.31	4.58	0	1,644	64	18.94	5.5	22.4	0.0	0.0	107.62	16	1.2758	2.1227	705	707.85	1,408.20	
1758357	60	757.5	721.8	563.2	722.2	404.2	12.00	4.58	0	1,819	65	28.94	5.5	22.0	0.0	0.0	119.18	16	1.2758	2.1086	705	709.23	1,712.89	
1759085	60	758.3	721.2	562.5	721.2	404.5	24.00	4.58	0	2,271	67	61.88	5.5	22.0	0.0	0.0	140.32	16	1.2758	2.1156	710	711.44	1,930.62	
1759674	59	758.1	721.2	562.6	721.2	404.5	25.19	4.58	0	2,368	70	62.94	5.5	22.4	0.0	0.0	130.99	16	1.2758	2.1070	710	713.55	1,663.52	
1760253	58	756.8	721.8	563.6	722.5	405.5	19.81	4.58	0	2,451	73	51.56	5.5	22.0	0.0	0.0	120.05	16	1.2758	2.1195	715	715.23	1,664.61	
1760821	57	755.6	724.2	564.8	724.2	406.2	21.38	4.58	0	2,536	75	54.31	5.5	22.4	0.0	0.0	115.99	16	1.2758	2.1188	715	717.25	1,617.50	
1761400	57	754.6	726.5	566.5	727.2	407.2	22.06	4.58	0	2,624	78	58.06	5.5	22.4	0.0	0.0	117.61	16	1.2758	2.1250	715	719.24	1,624.06	
1761966	57	753.8	730.5	568.5	730.5	407.8	22.94	4.58	0	2,699	79	59.12	5.5	22.7	0.0	0.0	118.24	16	1.2758	2.1234	720	720.74	1,717.03	
1762556	56	753.5	734.5	571.1	734.5	408.8	28.50	4.58	0	2,777	82	73.75	5.5	22.4	0.0	0.0	121.05	16	1.2758	2.1367	720	722.85	1,615.62	
1763130	56	753.7	739.2	573.8	739.5	409.8	22.44	4.58	0	2,858	84	56.75	5.5	22.4	0.0	0.0	106.80	16	1.2758	2.1359	720	724.23	1,366.09	
1763746	56	754.4	744.2	577.1	744.8	411.2	3.69	4.58	0	2,874	84	7.56	5.5	22.7	0.0	0.0	27.12	16	1.2758	2.1422	725	725.64	1,031.64	
1764348	55	755.0	750.5	580.5	750.8	411.8	1.06	4.58	0	1,960	84	0.56	5.5	22.7	0.0	0.0	17.62	15	1.2758	2.1422	725	726.65	990.00	
1764915	55	755.6	755.2	583.8	755.8	412.8	1.25	4.58	0	2,002	83	1.12	5.5	22.7	0.0	0.0	17.34	15	1.2758	2.1492	725	727.44	977.66	
1765503	56	756.0	759.5	586.3	760.2	413.5	1.06	4.58	0	1,898	82	1.12	5.5	22.7	0.0	0.0	17.77	15	1.2758	2.1477	725	728.24	974.30	
1766071	57	756.6	763.2	588.1	762.8	414.2	0.88	4.58	0	1,825	81	1.38	5.5	22.7	0.0	0.0	32.65	13	1.2758	2.1531	725	728.94	967.42	
1766653	57	757.1	765.2	590.0	765.2	415.2	3.12	4.58	0	1,751	81	5.94	5.5	22.7	0.0	0.0	57.05	13	1.2758	2.1523	725	729.65	1,010.31	
1767211	58	757.7	767.5	591.3	767.2	415.8	4.56	4.58	0	1,729	82	9.75	5.5	23.1	0.0	0.0	67.64	13	1.2758	2.1586	730	730.54	1,081.64	
1767801	58	758.3	768.8	592.3	768.5	416.5	5.56	4.58	0	1,791	82	11.38	5.5	22.7	0.0	0.0	74.13	13	1.2758	2.1516	730	731.43	1,194.30	
1768505	58	759.2	770.5	593.8	770.5	417.5	5.25	4.58	0	1,579	83	13.25	5.5	23.1	0.0	0.0	84.59	13	1.2758	2.1719	730	732.53	1,252.11	
1769197	58	760.3	772.2	595.3	772.5	418.2	6.44	4.58	0	1,503	84	19.44	5.5	23.1	0.0	0.0	105.45	13	1.2758	2.1719	730	733.54	1,465.16	
1769787	58	762.1	774.8	596.6	774.8	418.8	12.19	4.58	0	1,807	85	28.62	5.5	23.1	0.0	0.0	110.41	13	1.2758	2.1648	730	734.55	1,472.81	
1770378	57	763.6	776.5	598.0	776.5	419.5	11.12	4.58	0	1,796	86	25.94	5.5	23.1	0.0	0.0	104.77	13	1.2758	2.1586	735	735.65	1,461.02	
1771013	57	765.3	779.2	599.3	779.2	420.8	12.38	4.58	0	1,860	88	28.62	5.5	23.1	0.0	0.0	108.09	13	1.2758	2.1727	735	736.75	1,293.52	
1771627	57	766.9	781.5	601.1	781.8	421.2	2.62	4.58	0	1,873	89	4.06	5.5	23.1	0.0	0.0	25.05	13	1.2758	2.1664	735	737.73	1,048.98	
1772250	56	767.6	784.5	603.2	784.5	422.2	0.88	4.58	0	1,847	89	0.81	5.5	23.1	0.0	0.0	12.54	13	1.2758	2.1602	735	738.44	987.42	
1772838	56	768.2	786.8	604.6	787.5	423.2	1.44	4.58	0	1,797	88	1.12	5.5	23.1	0.0	0.0	16.64	13	1.2758	2.1602	735	739.05	975.55	
1773413	56	768.6	788.8	606.3	789.2	423.5	0.19	4.58	0	1,706	88	1.12	5.5	23.1	0.0	0.0	17.48	13	1.2758	2.1664	735	739.63	979.22	
1774019	57	769.0	790.5	607.1	790.5	424.2	0.00	4.58	0	1,556	88	1.12	5.5	23.1	0.0	0.0	16.76	12	1.2758	2.1664	740	740.15	979.22	
1774664	57	769.4	791.2	607.8	790.8	424.8	0.00	4.58	0	1,548	88	1.12	5.5	22.7	0.0	0.0	16.92	12	1.2758	2.1523	740	740.73	978.36	
1775242	57	769.7	790.5	607.8	790.8	424.8	0.00	4.58	0	1,542	87	1.12	5.5	22.7	0.0	0.0	17.18	12	1.2758	2.1523	740	741.04	978.67	
1775877	58	769.9	789.8	607.5	789.5	425.5	0.00	4.58	0	1,534	87	1.12	5.5	22.7	0.0	0.0	17.04	12	1.2758	2.1523	740	741.53	978.20	
1776529	58	770.1	788.8	607.1	788.5	425.5	0.00	4.58	0	1,530	87	1.12	5.5	22.7	0.0	0.0	17.32	11	1.2758	2.1523	740	741.93	978.44	
1777095	58	770.3	786.8	606.3	786.5	425.5	0.19	4.58	0	1,524	87	1.38	5.5	22.7	0.0	0.0	17.48	11	1.2758	2.1461	740	742.23	978.52	
1777706	59	770.4	784.8	605.1	784.2	425.8	0.19	4.58	0	1,517	87	1.38	5.5	22.7	0.0	0.0	17.46	11	1.2758	2.1461	740	742.54	978.67	
1778373	59	770.5	782.8	604.7	782.5	425.8	0.00	4.58	0	1,518	86	1.38	5.5	22.7	0.0	0.0	17.65	11	1.2758	2.1531	740	742.94	978.44	
1778924	59	770.5	780.5	603.5	779.8	426.2	0.00	4.58	0	1,511	86	1.38	5.5	22.7	0.0	0.0	17.70	11	1.2758	2.1469	740	743.15	978.05	
1779503	59	770.6	778.2	602.0	777.8	426.2	0.00	4.58	0	1,505	86	1.12	5.5	22.7	0.0	0.0	18.00	10	1.2758	2.1469	740	743.43	978.05	
1780048	60	770.6	775.5	601.0	775.2	426.2	0.19	4.58	0	1,499	85	1.12	5.5	22.7	0.0	0.0	17.93	10	1.2758	2.1547	740	743.64	977.81	
1780696	60	770.6	772.8	599.8	772.8	426.2	0.19	4.58	0	1,487	84	1.12	5.5	22.7	0.0	0.0	18.19	10	1.2758	2.1477	740	743.94	977.50	
1781256	60	770.5	770.2	598.3	769.8	426.2	0.19	4.58	0	1,482	84	1.12	5.5	22.7	0.0	0.0	18.21	10	1.2758	2.1414	740	744.25	977.34	
1781828	60	770.5	767.8	596.8	767.2	426.2	0.19	4.58	0	1,467	83	0.81	5.5	22.7	0.0	0.0	18.49	10	1.2758	2.1492	740	744.53	977.27	
1782411	61	770.4	764.8	595.6	764.5	425.5	0.19	4.58	0	1,449	82	1.12	5.5	22.7	0.0	0.0	18.52	9	1.2758	2.1492	740	744.74	976.88	
1782978	61	770.3	762.5	594.3	762.2	425.5	0.38	4.58	0	1,415	80	0.81	5.5	22.7	0.0	0.0	18.68	9	1.2758	2.1492	745	745.05	976.88	
1783549	61	770.1	759.2	592.6	759.5	425.5	0.38	4.58	0	1,378	78	0.81	5.5	22.7	0.0	0.0	18.68	9	1.2758	2.1492	745	745.35	976.95	
1784009	61	770.0	757.5	591.5	757.5	425.2	0.56	4.58	0	1,347	76	0.81	5.5	22.7	0.0	0.0	18.73	9	1.2758	2.1492	745	745.54	976.48	
1784627	61	769.9	754.5	590.0	754.5	425.2	0.56	4.58	0	1,296	73	0.81	5.5	22.7	0.0	0.0	18.75	9	1.2758	2.1492	745	745.84	975.55	
1785225	61	769.7	752.2	588.8	752.2	425.2	0.56	4.58	0	1,264	72	0.56	5.5	22.7	0.0	0.0	18.75	9	1.2758	2.1492	745	746.15	974.45	
1785837	62	769.5	749.5	587.0	749.2	424.8	0.56	4.58	0	1,257	71	0.56	5.5	22.7	0.0	0.0	18.75	9	1.2758	2.1492	745	746.43	973.28	
1786449	62	769.3	746.5	585.8	746.2	424.5	0.69	4.58	0	1,242	71	0.56	5.5	22.7	0.0	0.0	18.73	9	1.2758	2.1492	745	746.64	973.05	
1787152	62	769.1	743.5	584.2	743.2	424.2	0.69	4.58	0	1,236	70	0.56	5.5	22.7	0.0	0.0	18.84	9	1.2758	2.1492	745	746.94	972.73	
1787734	62	768.8	740.8	582.6	740.8	423.5	0.69	4.58	0	1,222	69	0.56	5.5	22.7	0.0	0.0	18.84	9	1.2758	2.1492	745	747.13	972.27	
1788317	62	768.5	737.8	580.8	737.8	423.2	0.69	4.58	0	1,207	69	0.56	5.5	22.7	0.0	0.0	18.80	9	1.2758	2.1492	745	747.34	972.19	
1788921	62	768.2	735.5	579.5	734.8	422.8	0.69	4.58	0	1,197	68	0.56	5.5	22.7	0.0	0.0	18.98	9	1.2758	2.1492	745	747.53	972.11	
1789480	62	768.0	732.8	577.6	732.8	422.2	0.69	4.58	0	1,189	67	0.56	5.5	22.7	0.0	0.0	19.12	9	1.2758	2.1492	745	747.74	971.88	
1790073	62	767.7	730.2	576.6	730.2	422.2	0.88	4.58	0	1,171	66	0.56	5.5	22.7	0.0	0.0	18.75	9	1.2758	2.1492	745	747.93	971.48	
1790677	62	767.4	727.8	575.2	727.8	421.8	0.88	4.58	0	1,346	64	0.81	5.5	22.7	0.0	0.0	11.20	9	1.2758	2.1492	745	748.14	968.98	
1791308	63	767.1	725.2	573.3	724.8	421.2	0.69	4.58	0	1,280	62	0.81	5.5	22.7	0.0	0.0	18.63	9	1.2758	2.1492	745	748.23	971.41	
1791869	63	766.8	722.5	572.0	722.5	420.5	0.56	4.58	0	1,269	60	0.81	5.5	22.7	0.0	0.0	19.27	9	1.2758	2.1492	745	748.44	972.11	
1792458	63	766.5	720.5	570.6	720.5	420.2	0.69	4.58	0	1,255	60	0.56	5.5	22.7	0.0	0.0	19.27	9	1.2758	2.1492	745	748.54	973.12	
1793038	63	766.2	718.2	569.1	717.8	419.8	0.69	4.58	0	1,242	59	0.56	5.5	22.7	0.0	0.0	19.48	9	1.2758	2.1492	745	748.63	972.50	
1793686	63	765.9	715.2	567.7	715.5	419.2	0.69	4.58	0	1,223	59	0.56	5.5	22.7	0.0	0.0	19.38	9	1.2758	2.1492	745	748.75	972.89	
1794372	63	765.6	712.8	566.1	712.5	418.8	0.88	4.58	0	1,211	58	0.56	5.5	22.7	0.0	0.0	19.41	9	1.2758	2.1492	745	748.84	972.42	
1795085	63	765.3	710.5	564.5	710.5	418.5	1.06	4.58	0	1,196	57	0.81	5.5	22.7	0.0	0.0	22.20	8	1.2758	2.1492	745	748.84	961.02	
1795667	63	764.9	707.8	563.0	708.2	417.5	2.62	4.58	0	1,266	57	4.06	5.5	22.7	0.0	0.0	64.92	8	1.2758	2.1492	745	748.94	993.98	
1796231	63	764.1	706.2	561.8	706.5	417.5	3.12	4.58	0	1,224	58	6.50	5.5	22.7	0.0	0.0	83.06	8	1.2758	2.1492	745	749.03	1,078.28	
1796913	63	763.2	704.8	560.8	704.5	416.5	4.38	4.58	0	1,255	59	11.06	5.5	22.7	0.0	0.0	97.55	8	1.2758	2.1492	745	749.15	1,243.20	
1797519	62	762.0	703.8	560.3	703.8	416.5	5.75	4.58	0	1,403	60	16.75	5.5	22.7	0.0	0.0	106.08	8	1.2758	2.1422	745	749.15	1,290.70	
1798140	61	760.3	703.5	559.6	703.8	416.2	5.06	4.58	0	1,239	60	15.44	5.5	22.7	0.0	0.0	47.81	8	1.2758	2.1422	745	749.03	1,081.95	
1798732	60	758.9	704.2	560.0	704.2	415.8	0.88	4.58	0	1,264	61	1.38	5.5	22.7	0.0	0.0	17.37	8	1.2758	2.1422	745	748.94	998.98	
1799305	59	757.7	705.2	560.5	705.5	415.2	2.12	4.58	0	1,407	61	3.25	5.5	22.4	0.0	0.0	67.29	8	1.2758	2.1359	745	748.94	1,004.61	
1799966	59	756.0	706.5	561.0	706.5	415.2	4.00	4.58	0	1,306	61	10.25	5.5	22.4	0.0	0.0	93.26	8	1.2758	2.1437	745	748.75	1,191.64	
1800595	59	754.1	708.5	561.5	708.5	415.2	8.19	4.58	0	1,636	62	21.88	5.5	22.7	0.0	0.0	111.05	8	1.2758	2.1437	745	748.44	1,391.48	
1801195	59	752.2	710.2	562.3	710.2	414.8	8.38	4.58	0	1,633	64	23.25	5.5	22.7	0.0	0.0	101.20	8	1.2758	2.1437	745	748.05	1,369.22	
1801756	59	750.7	712.5	563.6	712.8	414.8	8.88	4.58	0	1,700	65	24.56	5.5	22.7	0.0	0.0	97.73	8	1.2758	2.1437	745	747.53	1,288.98	
1802317	58	749.8	714.8	564.6	715.5	415.2	8.00	4.58	0	1,775	67	19.44	5.5	22.4	0.0	0.0	58.20	8	1.2758	2.1297	745	746.94	1,101.25	
1802906	57	748.9	718.2	566.3	718.5	414.5	1.56	4.58	0	1,584	67	3.00	5.5	22.7	0.0	0.0	21.77	8	1.2758	2.1437	745	746.43	1,016.80	
1803509	57	748.2	722.5	568.3	722.5	414.8	1.06	4.58	0	1,388	66	0.81	5.5	22.4	0.0	0.0	12.19	8	1.2758	2.1367	745	746.03	978.83	
1804187	57	747.5	725.8	570.1	725.8	414.8	0.56	4.58	0	1,387	66	0.81	5.5	22.4	0.0	0.0	16.01	8	1.2758	2.1305	745	745.75	970.16	
1804797	57	747.0	728.5	571.5	728.8	414.5	0.56	4.58	0	1,371	65	0.81	5.5	22.4	0.0	0.0	17.48	8	1.2758	2.1305	745	745.44	974.69	
1805420	58	746.5	730.8	572.6	730.8	415.2	0.69	4.58	0	1,348	64	0.81	5.5	22.4	0.0	0.0	17.25	8	1.2758	2.1305	745	745.23	975.23	
1806019	58	746.0	732.2	573.3	732.2	414.5	0.56	4.58	0	1,337	64	0.81	5.5	22.4	0.0	0.0	16.99	8	1.2758	2.1305	745	745.05	975.08	
1806760	58	745.7	732.8	573.5	732.8	414.2	0.69	4.58	0	1,323	63	0.56	5.5	22.4	0.0	0.0	18.45	8	1.2758	2.1234	740	744.83	975.00	
1807403	59	745.3	733.2	573.8	732.5	414.5	1.94	4.58	0	1,342	62	1.62	5.5	22.4	0.0	0.0	24.21	7	1.2758	2.1234	740	744.65	973.59	
1808083	59	744.8	732.8	573.3	732.5	414.2	1.06	4.58	0	1,311	62	0.81	5.5	22.4	0.0	0.0	12.70	7	1.2758	2.1312	740	744.53	969.45	
1808723	59	744.3	731.8	572.8	731.8	414.2	0.69	4.58	0	1,252	61	0.31	5.5	22.4	0.0	0.0	16.80	7	1.2758	2.1312	740	744.44	969.22	
1809342	59	744.0	731.8	572.6	731.5	413.8	0.69	4.58	0	1,248	59	0.56	5.5	22.4	0.0	0.0	17.51	7	1.2758	2.1250	740	744.34	971.17	
1810024	59	743.7	730.5	572.0	730.5	414.2	0.69	4.58	0	1,216	58	0.56	5.5	22.4	0.0	0.0	17.67	7	1.2758	2.1180	740	744.13	971.48	
1810632	60	743.4	728.8	571.5	728.8	413.5	0.88	4.58	0	1,200	57	0.56	5.5	22.4	0.0	0.0	17.51	7	1.2758	2.1258	740	744.13	971.64	
1811210	60	743.3	727.8	570.5	727.8	413.2	0.88	4.58	0	1,184	57	0.56	5.5	22.4	0.0	0.0	17.77	7	1.2758	2.1258	740	744.04	971.64	
1811798	60	743.2	726.5	569.8	726.2	412.8	0.88	4.58	0	1,171	56	0.31	5.5	22.4	0.0	0.0	17.55	7	1.2758	2.1328	740	743.94	971.41	
1812436	60	743.1	724.8	568.8	724.5	413.2	0.88	4.58	0	1,162	55	0.31	5.5	22.4	0.0	0.0	17.46	7	1.2758	2.1266	740	743.85	971.02	
1813090	61	743.0	722.8	567.6	722.5	412.8	0.88	4.58	0	1,142	55	0.56	5.5	22.4	0.0	0.0	17.70	7	1.2758	2.1266	740	743.73	970.47	
1813694	61	742.9	721.2	566.7	720.5	411.8	1.06	4.58	0	1,127	54	0.31	5.5	22.4	0.0	0.0	17.72	7	1.2758	2.1266	740	743.64	970.08	
1814292	61	742.9	718.5	565.3	718.8	412.2	0.88	4.58	0	1,117	53	0.31	5.5	22.4	0.0	0.0	17.62	7	1.2758	2.1266	740	743.55	969.77	
1814942	61	742.8	716.8	564.3	716.8	411.5	1.06	4.58	0	1,103	53	0.31	5.5	22.4	0.0	0.0	17.48	7	1.2758	2.1266	740	743.55	969.22	
1815544	61	742.8	715.2	563.3	715.2	411.2	1.06	4.58	0	1,090	52	0.31	5.5	22.4	0.0	0.0	17.65	7	1.2758	2.1266	740	743.43	968.83	
1816266	61	742.8	713.2	562.3	712.8	410.8	1.75	4.58	0	1,096	52	0.56	5.5	22.4	0.0	0.0	43.38	6	1.2758	2.1266	740	743.33	961.33	
1816835	62	742.6	711.2	561.0	711.2	410.5	2.44	4.58	0	1,172	52	3.81	5.5	22.4	0.0	0.0	39.52	6	1.2758	2.1266	740	743.15	984.30	
1817419	62	742.3	709.2	559.7	709.2	410.2	1.25	4.58	0	1,100	52	0.81	5.5	22.4	0.0	0.0	18.21	6	1.2758	2.1266	740	743.03	972.42	
1818041	62	741.9	707.8	559.2	707.8	409.5	1.06	4.58	0	1,087	52	0.31	5.5	22.4	0.0	0.0	12.59	6	1.2758	2.1266	740	742.94	964.14	
1818657	61	741.6	706.5	558.5	706.5	409.5	1.25	4.58	0	1,061	51	0.00	5.5	22.4	0.0	0.0	18.05	6	1.2758	2.1266	740	742.84	962.73	
1819281	62	741.3	705.5	557.5	705.5	409.2	2.12	4.58	0	1,074	51	1.12	5.5	22.4	0.0	0.0	47.81	6	1.2758	2.1266	740	742.75	958.98	
1819962	62	740.8	704.2	556.5	704.2	408.8	3.00	4.58	0	1,171	51	4.88	5.5	22.4	0.0	0.0	70.73	6	1.2758	2.1266	740	742.54	1,013.28	
1820595	62	740.0	703.2	555.8	703.2	408.5	2.62	4.58	0	1,114	52	5.12	5.5	22.4	0.0	0.0	80.13	6	1.2758	2.1266	740	742.35	1,081.64	
1821210	62	739.2	702.2	555.2	702.2	408.5	2.12	4.58	0	1,133	52	4.31	5.5	22.4	0.0	0.0	28.48	6	1.2758	2.1266	740	742.05	1,024.06	
1821845	61	738.5	702.2	555.0	702.5	408.2	1.75	4.58	0	1,127	52	1.12	5.5	22.4	0.0	0.0	53.34	6	1.2758	2.1266	740	741.83	984.84	
1822421	61	737.6	702.5	555.0	702.5	407.5	4.00	4.58	0	1,398	52	9.19	5.5	22.4	0.0	0.0	84.82	6	1.2758	2.1266	740	741.65	1,105.94	
1823042	61	736.5	702.5	554.7	702.2	407.5	4.88	4.58	0	1,356	53	13.25	5.5	22.4	0.0	0.0	98.77	6	1.2758	2.1266	740	741.25	1,248.98	
1823678	61	735.2	703.8	555.5	703.8	407.5	5.75	4.58	0	1,405	55	17.31	5.5	22.4	0.0	0.0	99.47	6	1.2758	2.1195	740	740.64	1,254.22	
1824338	60	734.2	704.8	555.8	705.2	407.2	4.88	4.58	0	1,457	56	17.00	5.5	22.4	0.0	0.0	78.07	6	1.2758	2.1195	740	739.94	1,127.58	
1824849	60	733.3	706.2	556.3	706.5	407.5	3.31	4.58	0	1,546	57	12.44	5.5	22.4	0.0	0.0	65.74	6	1.2758	2.1195	735	739.44	1,026.41	
1825432	59	732.6	708.5	558.0	708.8	407.2	3.69	4.58	0	1,491	57	9.75	5.5	22.4	0.0	0.0	76.36	6	1.2758	2.1195	735	738.74	1,091.48	
1826158	59	732.0	710.8	558.8	711.2	407.5	5.38	4.58	0	1,515	58	15.94	5.5	22.4	0.0	0.0	92.55	6	1.2758	2.1195	735	737.85	1,283.91	
1826756	59	731.4	713.5	560.5	713.8	407.2	6.81	4.58	0	1,550	59	21.38	5.5	22.4	0.0	0.0	101.53	6	1.2758	2.1273	735	737.03	1,291.41	
1827305	59	731.1	716.2	562.0	716.8	407.5	7.12	4.58	0	1,645	60	20.25	5.5	22.4	0.0	0.0	94.71	6	1.2758	2.1273	735	736.23	1,295.86	
1827885	58	731.2	719.2	563.3	719.8	407.8	7.50	4.58	0	1,595	61	20.56	5.5	22.4	0.0	0.0	101.46	6	1.2758	2.1273	735	735.44	1,405.00	
1828502	58	731.6	723.2	565.3	723.5	408.2	9.38	4.58	0	1,610	63	24.88	5.5	22.4	0.0	0.0	109.08	6	1.2758	2.1273	730	734.64	1,456.95	
1829105	58	732.2	726.2	566.8	726.2	407.8	9.25	4.58	0	1,681	64	24.56	5.5	22.4	0.0	0.0	114.70	6	1.2758	2.1273	730	733.94	1,517.19	
1829711	58	732.7	729.8	569.1	730.2	408.5	10.25	4.58	0	1,715	65	25.38	5.5	22.4	0.0	0.0	111.84	6	1.2758	2.1273	730	733.14	1,568.05	
1830324	58	733.0	733.5	570.8	733.5	409.2	12.88	4.58	0	1,750	67	31.88	5.5	22.4	0.0	0.0	114.09	6	1.2758	2.1273	730	732.44	1,546.25	
1830943	58	733.1	737.5	573.0	737.5	409.5	13.75	4.58	0	1,825	69	31.62	5.5	22.4	0.0	0.0	123.87	6	1.2758	2.1273	730	731.73	1,606.64	
1831552	58	733.1	740.8	575.0	740.8	410.5	13.19	4.58	0	1,819	70	30.25	5.5	22.4	0.0	0.0	115.64	6	1.2758	2.1273	730	730.94	1,611.02	
1832182	57	732.9	744.8	577.1	745.2	410.8	14.25	4.58	0	1,853	72	31.88	5.5	22.4	0.0	0.0	52.90	6	1.2758	2.1273	730	730.23	1,173.44	
1832758	57	732.7	748.5	579.6	748.8	411.5	1.75	4.58	0	1,950	71	1.94	5.5	22.4	0.0	0.0	17.72	6	1.2758	2.1203	725	729.74	1,025.00	
1833386	56	732.4	751.8	581.6	752.5	412.2	1.06	4.58	0	1,801	71	1.38	5.5	22.4	0.0	0.0	11.65	6	1.2758	2.1203	725	729.25	981.56	
1833965	56	732.2	755.5	583.8	755.5	412.8	0.69	4.58	0	1,730	70	1.12	5.5	22.4	0.0	0.0	16.76	6	1.2758	2.1273	725	728.94	973.59	
1834558	57	732.0	757.8	585.2	757.8	413.2	0.56	4.58	0	1,770	68	1.12	5.5	22.4	0.0	0.0	17.06	6	1.2758	2.1133	725	728.64	979.61	
1835139	57	731.9	759.2	586.3	758.8	413.5	0.56	4.58	0	1,735	67	1.12	5.5	22.4	0.0	0.0	17.34	5	1.2758	2.1195	725	728.33	980.78	
1835832	58	731.8	759.5	586.8	760.2	414.5	0.38	4.58	0	1,709	66	1.12	5.5	22.4	0.0	0.0	17.32	5	1.2758	2.1266	725	727.94	980.31	
1836443	58	731.7	760.2	587.3	760.2	414.5	0.38	4.58	0	1,681	65	1.38	5.5	22.0	0.0	0.0	17.20	5	1.2758	2.1125	725	727.63	980.08	
1836979	58	731.7	759.8	587.3	759.8	414.8	0.38	4.58	0	1,649	64	1.38	5.5	22.0	0.0	0.0	17.53	5	1.2758	2.1125	725	727.44	980.23	
1837545	59	731.7	758.8	587.0	758.8	415.2	0.38	4.58	0	1,630	63	1.38	5.5	22.0	0.0	0.0	17.58	5	1.2758	2.1125	725	727.23	979.77	
1838122	59	731.7	758.5	586.8	758.2	415.5	2.44	4.58	0	1,625	62	1.62	5.5	22.0	0.0	0.0	37.80	4	1.2758	2.1125	725	726.93	966.17	
1838720	60	731.6	757.2	586.5	757.2	415.8	4.19	4.58	0	1,686	63	7.56	5.5	22.0	0.0	0.0	66.98	4	1.2758	2.1125	725	726.74	1,033.59	
1839315	60	731.3	755.8	585.6	755.8	415.8	6.44	4.58	0	1,639	63	16.75	5.5	22.4	0.0	0.0	99.30	4	1.2758	2.1195	725	726.44	1,294.92	
1839883	60	731.1	754.8	585.3	754.8	416.2	9.38	4.58	0	1,709	64	24.06	5.5	22.0	0.0	0.0	114.61	4	1.2758	2.1133	725	726.13	1,532.58	
1840491	60	731.1	753.8	585.3	754.2	416.2	12.88	4.58	0	1,709	66	31.31	5.5	22.4	0.0	0.0	121.41	4	1.2758	2.1195	725	725.85	1,558.28	
1841107	59	731.2	754.5	585.8	754.2	417.2	11.62	4.58	0	1,832	67	28.62	5.5	22.0	0.0	0.0	120.02	4	1.2758	2.1055	725	725.64	1,658.91	
1841656	59	731.4	755.5	586.3	755.5	417.5	8.19	4.58	0	1,740	69	19.44	5.5	22.0	0.0	0.0	47.67	4	1.2758	2.1125	725	725.55	1,137.34	
1842220	58	731.7	756.5	586.8	756.5	418.2	1.56	4.58	0	1,770	69	2.44	5.5	22.0	0.0	0.0	16.95	4	1.2758	2.1125	725	725.33	1,018.12	
1842910	57	731.7	758.2	588.2	758.2	418.5	0.88	4.58	0	1,738	68	0.56	5.5	22.0	0.0	0.0	12.16	4	1.2758	2.1055	725	725.24	978.59	
1843485	58	731.8	759.8	589.3	760.2	418.8	2.25	4.58	0	1,780	67	1.94	5.5	22.0	0.0	0.0	44.58	4	1.2758	2.1055	725	725.24	973.59	
1844051	58	731.7	760.8	589.8	760.5	419.2	4.69	4.58	0	1,740	67	8.94	5.5	22.0	0.0	0.0	65.62	4	1.2758	2.1055	725	725.15	1,081.56	
1844811	58	731.3	761.8	590.8	761.8	419.5	6.12	4.58	0	1,461	68	16.50	5.5	22.0	0.0	0.0	105.00	4	1.2758	2.1133	725	725.03	1,160.94	
1845360	58	731.2	762.2	591.0	762.5	420.2	3.00	4.58	0	1,439	69	8.38	5.5	22.0	0.0	0.0	28.85	4	1.2758	2.1063	725	724.94	1,044.84	
1845948	58	731.1	763.5	592.0	763.5	420.2	0.88	4.58	0	1,434	68	0.81	5.5	22.0	0.0	0.0	12.66	4	1.2758	2.1141	725	724.94	986.33	
1846496	58	731.0	764.5	592.5	764.2	420.8	1.44	4.58	0	1,353	68	0.00	5.5	22.0	0.0	0.0	14.84	4	1.2758	2.1141	725	724.94	972.73	
1847067	58	730.8	764.8	593.1	765.2	421.2	0.69	4.58	0	1,282	67	0.56	5.5	22.0	0.0	0.0	16.83	4	1.2758	2.1141	725	724.94	968.59	
1847661	58	730.8	764.8	593.3	765.5	421.8	0.88	4.58	0	1,193	67	0.31	5.5	22.0	0.0	0.0	16.03	4	1.2758	2.1070	725	724.94	971.80	
1848257	58	730.7	764.8	593.3	764.5	421.5	0.88	4.58	0	1,178	66	0.31	5.5	22.0	0.0	0.0	17.02	4	1.2758	2.1070	725	724.94	971.33	
1848833	59	730.6	763.5	592.8	763.5	421.5	0.88	4.58	0	1,155	66	0.56	5.5	22.0	0.0	0.0	16.36	4	1.2758	2.1070	725	724.94	970.86	
1849419	59	730.6	762.2	592.3	762.2	422.2	0.88	4.58	0	1,161	66	0.56	5.5	22.0	0.0	0.0	17.04	3	1.2758	2.1070	720	724.84	964.53	
1850034	59	730.5	760.5	591.5	760.5	422.2	3.00	4.58	0	1,307	66	4.31	5.5	22.0	0.0	0.0	60.12	3	1.2758	2.1000	725	724.94	983.44	
1850646	60	730.2	759.2	590.5	758.8	422.2	4.69	4.58	0	1,413	67	10.25	5.5	21.6	0.0	0.0	80.91	3	1.2758	2.1078	720	724.84	1,056.17	
1851216	59	729.9	757.2	589.8	757.5	422.2	1.94	4.58	0	1,415	68	4.06	5.5	22.0	0.0	0.0	25.78	3	1.2758	2.1008	720	724.84	1,023.98	
1851801	59	729.5	755.8	589.0	755.8	422.5	0.69	4.58	0	1,406	68	0.81	5.5	22.0	0.0	0.0	12.07	3	1.2758	2.0945	720	724.84	981.41	
1852405	59	729.1	754.8	588.8	754.8	422.5	0.00	4.58	0	1,399	68	0.56	5.5	21.6	0.0	0.0	16.50	3	1.2758	2.0945	720	724.84	970.86	
1852996	59	728.8	753.8	588.1	754.2	422.8	0.38	4.58	0	1,331	67	1.12	5.5	21.6	0.0	0.0	15.61	3	1.2758	2.0945	720	724.84	965.23	
1853578	59	728.5	752.5	587.5	752.5	422.2	2.12	4.58	0	1,330	67	2.19	5.5	21.6	0.0	0.0	38.60	3	1.2758	2.0945	720	724.84	979.14	
1854281	60	728.1	751.2	586.8	750.8	422.5	1.25	4.58	0	1,185	68	0.81	5.5	21.6	0.0	0.0	18.63	3	1.2758	2.0945	725	724.94	967.50	
1854889	60	727.6	750.2	586.2	749.5	422.5	0.88	4.58	0	1,200	68	0.56	5.5	21.6	0.0	0.0	11.04	3	1.2758	2.0945	725	724.94	962.11	
1855503	60	727.1	748.2	585.5	748.2	422.5	0.69	4.58	0	1,196	67	0.31	5.5	21.6	0.0	0.0	16.80	3	1.2758	2.0945	725	725.03	962.58	
1856148	60	726.8	746.5	584.5	746.2	422.5	0.69	4.58	0	1,185	67	0.31	5.5	21.6	0.0	0.0	17.16	3	1.2758	2.0945	725	725.03	967.42	
1856714	60	726.6	744.8	583.8	744.8	422.5	0.69	4.58	0	1,168	66	0.31	5.5	21.6	0.0	0.0	18.23	3	1.2758	2.0945	725	725.15	966.95	
1857308	60	726.4	742.8	582.5	742.5	422.2	1.06	4.58	0	1,332	64	-0.19	5.5	21.6	0.0	0.0	15.40	2	1.2758	2.0945	725	725.24	967.66	
1857881	61	726.2	740.5	581.7	740.5	421.8	0.56	4.58	0	1,289	63	0.81	5.5	21.6	0.0	0.0	17.44	2	1.2758	2.0945	725	725.24	970.31	
1858458	61	726.1	738.5	580.5	738.5	422.2	0.56	4.58	0	1,309	62	0.56	5.5	21.6	0.0	0.0	17.62	2	1.2758	2.0945	725	725.33	971.80	
1859035	61	725.9	736.2	579.0	735.8	421.5	0.56	4.58	0	1,300	62	0.56	5.5	21.6	0.0	0.0	17.62	2	1.2758	2.0945	725	725.33	972.73	
1859590	61	725.8	734.5	578.2	734.2	421.5	0.56	4.58	0	1,294	62	0.56	5.5	21.6	0.0	0.0	17.67	2	1.2758	2.0945	725	725.33	973.36	
1860208	61	725.7	731.8	576.5	731.5	421.2	0.69	4.58	0	1,289	61	0.56	5.5	21.6	0.0	0.0	17.62	2	1.2758	2.0945	725	725.43	973.83	
1860785	62	725.6	729.2	575.3	729.2	420.8	0.69	4.58	0	1,282	61	0.56	5.5	21.6	0.0	0.0	17.84	2	1.2758	2.0945	725	725.43	973.59	
1861367	62	725.5	727.2	574.3	727.2	420.5	0.56	4.58	0	1,281	61	0.56	5.5	21.6	0.0	0.0	17.84	2	1.2758	2.0945	725	725.43	973.36	
1861926	62	725.4	725.2	572.8	724.8	420.5	0.69	4.58	0	1,277	61	0.56	5.5	21.6	0.0	0.0	17.91	2	1.2758	2.0945	725	725.43	973.28	
1862517	62	725.3	722.8	571.8	722.5	420.5	0.69	4.58	0	1,271	61	0.56	5.5	21.6	0.0	0.0	19.92	2	1.2758	2.0945	725	725.43	972.03	
1863089	62	725.2	721.2	570.7	721.2	420.2	1.75	4.58	0	1,304	61	1.38	5.5	21.6	0.0	0.0	40.71	2	1.2758	2.0945	725	725.43	965.16	
1863773	62	724.9	718.5	569.3	718.5	419.8	2.62	4.58	0	1,362	61	4.62	5.5	21.6	0.0	0.0	65.65	2	1.2758	2.0945	725	725.43	1,000.70	
1864384	63	724.4	716.5	568.3	716.2	419.2	1.94	4.58	0	1,300	62	4.06	5.5	21.6	0.0	0.0	29.27	2	1.2758	2.0945	725	725.33	1,005.16	
1864981	62	723.7	714.8	567.3	714.8	419.2	0.88	4.58	0	1,288	63	0.81	5.5	21.6	0.0	0.0	13.10	2	1.2758	2.0945	725	725.24	976.64	
1865547	62	723.1	714.2	566.7	714.2	419.2	1.94	4.58	0	1,305	62	0.81	5.5	21.6	0.0	0.0	13.80	2	1.2758	2.0945	725	725.24	967.66	
1866107	62	722.6	713.2	566.0	712.8	418.8	1.06	4.58	0	1,311	62	0.81	5.5	21.6	0.0	0.0	24.47	2	1.2758	2.0945	725	725.15	958.05	
1866675	62	722.0	711.8	565.5	712.2	418.5	2.12	4.58	0	1,387	63	2.44	5.5	21.6	0.0	0.0	47.27	2	1.2758	2.0945	725	725.03	969.38	
1867248	62	721.2	711.5	565.0	711.2	418.5	2.81	4.58	0	1,391	64	5.69	5.5	21.6	0.0	0.0	65.65	2	1.2758	2.0945	725	724.94	1,013.75	
1867821	62	720.1	710.8	564.3	710.8	418.5	3.50	4.58	0	1,400	65	7.88	5.5	21.6	0.0	0.0	71.93	2	1.2758	2.0945	720	724.84	1,094.06	
1868401	62	719.1	710.2	564.3	710.2	418.2	4.19	4.58	0	1,387	66	11.62	5.5	21.6	0.0	0.0	52.12	2	1.2758	2.0945	720	724.54	1,096.72	
1868977	61	718.1	710.2	564.0	710.2	417.8	0.88	4.58	0	1,404	66	1.94	5.5	22.0	0.0	0.0	17.48	2	1.2758	2.1016	720	724.35	1,006.02	
1869542	60	717.2	710.5	564.0	710.5	417.8	-0.06	4.58	0	1,329	66	0.56	5.5	22.0	0.0	0.0	11.98	2	1.2758	2.0945	720	724.14	977.42	
1870144	60	716.4	710.8	564.3	710.8	417.8	0.19	4.58	0	1,382	66	1.38	5.5	21.6	0.0	0.0	16.83	2	1.2758	2.0945	720	723.93	964.22	
1870697	60	715.6	711.5	564.3	711.5	417.5	2.81	4.58	0	1,471	66	4.06	5.5	22.0	0.0	0.0	59.39	2	1.2758	2.1023	720	723.74	984.30	
1871265	61	714.3	711.5	564.3	711.8	417.5	3.69	4.58	0	1,494	67	8.12	5.5	21.6	0.0	0.0	70.66	2	1.2758	2.0953	720	723.44	1,069.53	
1871903	61	712.8	711.8	564.6	712.2	417.2	5.38	4.58	0	1,445	68	15.44	5.5	21.6	0.0	0.0	103.31	2	1.2758	2.0953	720	722.94	1,303.44	
1872635	60	711.3	712.8	564.8	712.5	417.5	8.50	4.58	0	1,556	69	23.00	5.5	21.6	0.0	0.0	116.46	2	1.2758	2.0953	720	722.24	1,426.72	
1873237	60	710.1	713.5	565.2	713.5	417.2	10.25	4.58	0	1,826	70	25.38	5.5	21.6	0.0	0.0	118.27	2	1.2758	2.0953	720	721.23	1,607.97	
1873819	59	709.2	715.5	566.5	715.8	417.2	13.94	4.58	0	1,856	72	32.69	5.5	22.0	0.0	0.0	116.18	2	1.2758	2.0883	720	720.25	1,535.94	
1874417	59	708.5	717.8	567.6	718.2	417.5	12.38	4.58	0	1,892	74	28.12	5.5	21.6	0.0	0.0	97.27	2	1.2758	2.0945	715	719.15	1,317.11	
1875032	58	708.6	721.2	569.5	721.2	417.8	4.88	4.58	0	1,915	74	7.88	5.5	22.0	0.0	0.0	31.10	2	1.2758	2.1016	715	718.14	1,063.75	
1875645	57	708.7	724.8	571.3	724.8	418.2	2.25	4.58	0	1,581	74	1.38	5.5	21.6	0.0	0.0	12.73	2	1.2758	2.0945	715	717.53	989.77	
1876284	57	708.8	728.5	573.0	728.8	418.5	0.00	4.58	0	1,510	73	1.38	5.5	21.6	0.0	0.0	35.55	2	1.2758	2.0945	715	716.85	970.86	
1876875	57	708.8	731.8	574.8	732.2	418.8	4.69	4.58	0	1,858	73	9.75	5.5	21.6	0.0	0.0	76.08	2	1.2758	2.0883	715	716.03	1,091.80	
1877434	58	708.8	734.2	576.1	734.5	418.5	2.81	4.58	0	1,879	73	4.31	5.5	22.0	0.0	0.0	26.04	2	1.2758	2.1023	715	715.54	1,041.09	
1878018	58	708.8	736.8	578.0	736.8	418.8	0.88	4.58	0	1,869	73	0.56	5.5	22.0	0.0	0.0	13.36	2	1.2758	2.1023	715	715.05	987.03	
1878570	58	708.8	739.2	579.0	739.2	419.2	2.81	4.58	0	1,784	72	-0.44	5.5	22.0	0.0	0.0	15.87	2	1.2758	2.1023	710	714.65	975.70	
1879143	58	708.7	740.8	580.0	740.8	418.8	0.56	4.58	0	1,702	71	1.12	5.5	22.0	0.0	0.0	17.81	2	1.2758	2.1023	710	714.25	972.27	
1879780	58	708.7	742.2	580.7	742.2	419.2	0.38	4.58	0	1,492	70	0.81	5.5	22.0	0.0	0.0	17.27	2	1.2758	2.1023	710	713.85	977.89	
1880422	59	708.8	742.8	581.2	743.2	419.5	0.38	4.58	0	1,469	69	0.81	5.5	22.0	0.0	0.0	17.41	2	1.2758	2.1023	710	713.55	978.20	
1881007	59	708.8	743.2	581.6	743.5	419.5	0.38	4.58	0	1,380	69	0.81	5.5	21.6	0.0	0.0	17.53	2	1.2758	2.0953	710	713.24	976.80	
1881561	59	708.9	743.2	581.5	743.2	419.5	0.69	4.58	0	1,205	68	0.56	5.5	21.6	0.0	0.0	16.92	2	1.2758	2.0953	710	713.03	975.39	
1882349	59	708.9	742.8	581.2	742.8	419.5	0.88	4.58	0	1,193	67	0.56	5.5	21.6	0.0	0.0	17.46	2	1.2758	2.0883	710	712.84	973.12	
1882918	60	709.0	741.8	580.5	741.8	419.2	0.88	4.58	0	1,167	66	0.31	5.5	21.6	0.0	0.0	17.39	2	1.2758	2.0883	710	712.63	971.95	
1883471	60	709.1	740.8	580.0	740.5	419.5	0.88	4.58	0	1,157	65	0.56	5.5	21.6	0.0	0.0	15.75	2	1.2758	2.0820	710	712.44	970.86	
1884081	60	709.1	739.5	579.5	739.2	419.5	0.56	4.58	0	1,338	65	0.56	5.5	21.6	0.0	0.0	16.85	1	1.2758	2.0961	710	712.35	970.47	
1884656	60	709.2	737.5	578.7	737.5	419.2	0.56	4.58	0	1,339	64	0.81	5.5	21.6	0.0	0.0	17.81	1	1.2758	2.0891	710	712.23	972.11	
1885220	61	709.2	736.5	577.6	736.5	419.5	0.56	4.58	0	1,326	63	0.81	5.5	21.6	0.0	0.0	17.93	1	1.2758	2.0820	710	712.05	973.67	
1885802	61	709.3	734.2	576.5	734.5	418.8	2.12	4.58	0	1,310	63	1.38	5.5	21.6	0.0	0.0	19.76	1	1.2758	2.0898	710	711.93	963.28	
1886367	61	709.4	732.8	575.8	732.8	418.5	2.62	4.58	0	1,386	63	3.81	5.5	21.6	0.0	0.0	57.12	1	1.2758	2.0828	710	711.83	981.33	
1886951	61	709.2	731.2	575.1	731.2	418.5	3.12	4.58	0	1,395	63	7.06	5.5	21.6	0.0	0.0	69.61	1	1.2758	2.0828	710	711.65	1,060.94	
1887521	61	708.9	730.5	574.1	730.5	418.5	4.38	4.58	0	1,352	64	11.38	5.5	21.6	0.0	0.0	90.52	1	1.2758	2.0828	710	711.44	1,177.34	
1888099	61	708.8	728.8	573.8	728.8	418.5	2.25	4.58	0	1,420	64	5.94	5.5	21.6	0.0	0.0	34.83	1	1.2758	2.0828	710	711.25	1,052.89	
1888745	60	708.4	728.5	573.5	728.8	418.2	2.44	4.58	0	1,347	64	4.62	5.5	21.2	0.0	0.0	71.23	1	1.2758	2.0758	710	711.04	1,044.22	
1889350	60	707.9	728.8	573.7	728.8	418.2	4.56	4.58	0	1,391	64	11.88	5.5	21.2	0.0	0.0	94.08	1	1.2758	2.0687	710	710.73	1,211.02	
1889999	60	707.5	729.8	573.8	729.5	418.2	6.12	4.58	0	1,421	66	16.75	5.5	21.2	0.0	0.0	109.55	1	1.2758	2.0687	710	710.43	1,369.92	
1890618	60	707.4	730.8	574.5	730.5	418.5	5.75	4.58	0	1,439	67	18.62	5.5	21.2	0.0	0.0	95.44	1	1.2758	2.0687	710	710.03	1,227.58	
1891212	59	707.6	732.5	575.0	732.5	418.8	4.69	4.58	0	1,465	68	15.69	5.5	21.2	0.0	0.0	54.75	1	1.2758	2.0687	705	709.63	1,113.12	
1891900	58	707.8	733.8	575.8	734.5	418.8	1.06	4.58	0	1,487	68	1.94	5.5	21.2	0.0	0.0	16.76	1	1.2758	2.0836	705	709.35	999.14	
1892464	58	707.9	736.2	577.0	735.8	418.8	0.19	4.58	0	1,416	67	0.81	5.5	21.2	0.0	0.0	12.02	1	1.2758	2.0766	705	709.14	975.70	
1893007	58	707.9	738.2	578.7	738.2	419.2	0.19	4.58	0	1,404	66	0.81	5.5	21.2	0.0	0.0	17.04	1	1.2758	2.0695	705	709.05	970.47	
1893592	58	707.9	739.8	579.0	739.8	418.8	1.44	4.58	0	1,326	66	0.81	5.5	21.2	0.0	0.0	37.15	1	1.2758	2.0695	705	708.93	965.62	
1894169	59	707.9	740.5	579.6	740.8	419.5	1.44	4.58	0	1,174	66	1.12	5.5	21.2	0.0	0.0	20.25	1	1.2758	2.0695	705	708.74	974.92	
1894776	59	707.8	740.8	580.0	741.2	418.8	1.06	4.58	0	1,153	66	0.31	5.5	21.2	0.0	0.0	12.14	1	1.2758	2.0625	705	708.65	969.06	
1895374	59	707.7	741.5	580.3	741.5	418.5	1.25	4.58	0	1,153	65	0.56	5.5	21.2	0.0	0.0	14.51	1	1.2758	2.0625	705	708.65	967.11	
1895976	59	707.6	741.5	580.1	741.5	418.5	0.69	4.58	0	1,344	64	0.56	5.5	21.2	0.0	0.0	16.97	1	1.2758	2.0773	705	708.53	968.44	
1896570	59	707.6	741.2	580.0	741.2	418.8	0.38	4.58	0	1,341	64	0.56	5.5	21.2	0.0	0.0	17.37	1	1.2758	2.0703	705	708.53	971.72	
1897171	60	707.6	740.5	579.6	740.2	418.8	0.69	4.58	0	1,325	63	0.81	5.5	21.2	0.0	0.0	17.18	1	1.2758	2.0703	705	708.44	972.89	
1897790	60	707.7	739.2	578.8	739.2	418.5	0.56	4.58	0	1,311	62	0.56	5.5	21.2	0.0	0.0	17.37	1	1.2758	2.0633	705	708.44	973.67	
1898344	60	707.7	737.8	578.1	737.8	418.5	1.94	4.58	0	1,311	62	1.38	5.5	20.8	0.0	0.0	17.88	0	1.2758	2.0563	705	708.44	966.80	
1898799	60	707.8	736.8	577.7	736.8	418.2	2.12	4.58	0	1,359	62	1.62	5.5	21.2	0.0	0.0	44.65	0	1.2758	2.0703	705	708.44	967.03	
1899404	61	707.8	735.5	576.7	735.2	418.2	3.00	4.58	0	1,350	62	5.69	5.5	21.2	0.0	0.0	66.84	0	1.2758	2.0633	705	708.34	1,020.78	
1899989	61	707.6	733.8	576.0	733.8	418.2	3.50	4.58	0	1,346	63	7.56	5.5	20.8	0.0	0.0	73.31	0	1.2758	2.0563	705	708.25	1,093.75	
1900690	61	707.6	732.8	575.7	732.8	417.8	3.69	4.58	0	1,359	64	8.69	5.5	21.2	0.0	0.0	77.34	0	1.2758	2.0641	705	708.13	1,150.00	
1901241	60	707.6	732.5	575.2	732.2	417.8	4.19	4.58	0	1,432	65	10.56	5.5	21.2	0.0	0.0	80.18	0	1.2758	2.0641	705	707.94	1,178.83	
1901863	60	707.7	732.5	575.2	732.5	417.8	5.75	4.58	0	1,439	66	14.31	5.5	21.2	0.0	0.0	96.30	0	1.2758	2.0641	705	707.85	1,286.25	
1902435	59	707.9	732.8	575.5	732.8	418.2	6.44	4.58	0	1,448	66	20.56	5.5	20.8	0.0	0.0	74.37	0	1.2758	2.0570	705	707.64	1,123.98	
1902969	59	708.0	733.5	575.7	733.8	418.2	1.44	4.58	0	1,406	66	3.81	5.5	20.8	0.0	0.0	21.94	0	1.2758	2.0570	705	707.55	1,029.22	
1903553	58	708.0	734.8	576.3	734.8	418.2	0.88	4.58	0	1,370	66	0.56	5.5	20.8	0.0	0.0	12.38	0	1.2758	2.0570	705	707.43	982.03	
1904145	58	707.9	735.8	577.0	736.2	417.8	0.00	4.58	0	1,370	65	0.56	5.5	20.8	0.0	0.0	16.43	0	1.2758	2.0500	705	707.33	970.94	
1904730	58	707.9	736.8	577.3	736.8	418.2	0.56	4.58	0	1,350	65	0.81	5.5	20.8	0.0	0.0	17.23	0	1.2758	2.0422	705	707.24	968.28	
1905314	59	707.8	737.5	577.8	738.2	418.2	0.56	4.58	0	1,342	64	0.56	5.5	20.8	0.0	0.0	16.99	0	1.2758	2.0570	705	707.24	973.98	
1905886	59	707.8	737.5	577.8	737.2	418.2	0.56	4.58	0	1,322	63	0.81	5.5	20.8	0.0	0.0	17.32	0	1.2758	2.0570	705	707.24	974.14	
1906454	59	707.8	737.5	577.6	737.2	417.8	0.56	4.58	0	1,314	63	0.56	5.5	20.8	0.0	0.0	17.27	0	1.2758	2.0500	705	707.24	974.30	
1907004	59	707.8	736.5	577.1	736.2	417.5	0.56	4.58	0	1,300	62	0.81	5.5	20.8	0.0	0.0	17.30	0	1.2758	2.0500	705	707.24	974.30	
1907560	59	707.8	735.8	576.5	735.5	417.5	0.56	4.58	0	1,292	61	0.56	5.5	20.8	0.0	0.0	17.32	0	1.2758	2.0430	705	707.24	973.28	
1908159	60	707.8	734.5	575.8	734.2	417.5	3.31	4.58	0	1,282	61	1.12	5.5	20.8	0.0	0.0	20.62	0	1.2758	2.0430	705	707.24	960.16	
1908783	60	707.7	733.2	575.5	732.8	417.5	2.62	4.58	0	1,361	61	4.31	5.5	20.8	0.0	0.0	61.71	0	1.2758	2.0500	705	707.15	992.11	
1909382	61	707.5	731.5	574.5	731.5	417.2	3.31	4.58	0	1,318	62	7.06	5.5	20.8	0.0	0.0	50.95	0	1.2758	2.0430	705	707.15	1,033.98	
1910058	60	707.1	730.8	574.0	730.2	417.2	1.06	4.58	0	1,304	62	1.62	5.5	20.4	0.0	0.0	17.67	0	1.2758	2.0359	705	707.03	987.27	
1910612	60	706.8	729.5	573.1	729.2	416.8	1.94	4.58	0	1,257	61	0.31	5.5	20.8	0.0	0.0	12.23	0	1.2758	2.0508	705	707.03	970.86	
1911214	60	706.4	728.5	573.0	728.5	416.8	0.69	4.58	0	1,286	61	0.56	5.5	20.8	0.0	0.0	17.34	0	1.2758	2.0508	705	706.94	967.11	
1911696	60	706.2	727.8	572.5	728.2	416.5	0.69	4.58	0	1,277	61	0.56	5.5	20.8	0.0	0.0	17.39	0	1.2758	2.0508	705	706.94	971.56	
1912324	60	705.9	726.8	571.6	726.8	416.8	0.69	4.58	0	1,259	60	0.56	5.5	20.8	0.0	0.0	17.74	0	1.2758	2.0508	705	706.94	972.50	
1912888	60	705.7	725.8	571.3	725.8	416.5	1.75	4.58	0	1,273	60	0.81	5.5	20.8	0.0	0.0	45.30	0	1.2758	2.0508	705	706.94	960.39	
1913509	61	705.3	724.5	570.3	724.5	416.2	3.31	4.58	0	1,371	60	6.25	5.5	20.8	0.0	0.0	70.59	0	1.2758	2.0508	705	706.84	1,026.02	
1914090	61	704.6	723.2	569.6	722.8	416.2	4.00	4.58	0	1,301	61	10.00	5.5	20.8	0.0	0.0	91.71	0	1.2758	2.0508	705	706.75	1,165.00	
1914681	61	704.0	721.8	569.0	721.8	415.5	5.56	4.58	0	1,363	62	14.31	5.5	20.8	0.0	0.0	103.88	0	1.2758	2.0438	705	706.44	1,290.39	
1915258	60	703.4	721.5	568.8	721.5	415.8	7.31	4.58	0	1,445	63	19.19	5.5	20.8	0.0	0.0	112.95	0	1.2758	2.0438	705	706.23	1,389.77	
1915846	60	703.0	721.8	568.8	721.5	415.8	7.81	4.58	0	1,389	65	21.38	5.5	20.4	0.0	0.0	114.02	0	1.2758	2.0289	705	705.83	1,420.78	
1916457	59	702.8	722.5	568.8	722.2	415.8	6.62	4.58	0	1,396	66	19.75	5.5	20.4	0.0	0.0	100.76	0	1.2758	2.0359	705	705.44	1,276.56	
1917057	59	702.9	723.5	569.6	723.8	415.5	5.94	4.58	0	1,442	68	18.62	5.5	20.4	0.0	0.0	85.69	0	1.2758	2.0359	705	705.04	1,137.66	
1917698	58	703.3	725.5	570.6	725.8	415.8	1.44	4.58	0	1,413	68	2.75	5.5	20.4	0.0	0.0	18.84	0	1.2758	2.0359	700	704.64	1,023.75	
1918302	57	703.4	727.2	571.6	727.5	416.2	0.88	4.58	0	1,420	68	0.56	5.5	20.4	0.0	0.0	12.33	0	1.2758	2.0289	700	704.43	979.61	
1918936	57	703.5	729.5	572.7	729.5	416.5	3.50	4.58	0	1,437	67	1.12	5.5	20.4	0.0	0.0	19.80	0	1.2758	2.0289	700	704.24	956.88	
1919697	58	703.6	731.2	573.6	730.8	416.2	2.62	4.58	0	1,455	67	5.12	5.5	20.8	0.0	0.0	64.55	0	1.2758	2.0438	700	704.03	1,026.41	
1920261	58	703.4	731.8	574.0	732.2	416.2	2.81	4.58	0	1,431	68	7.56	5.5	20.4	0.0	0.0	55.12	0	1.2758	2.0359	700	703.84	1,051.64	
1920840	58	703.2	733.2	574.8	732.8	416.5	0.56	4.58	0	1,216	68	1.62	5.5	20.4	0.0	0.0	19.73	0	1.2758	2.0359	700	703.75	995.78	
1921458	58	702.9	734.2	575.2	734.2	416.5	0.88	4.58	0	1,199	68	0.56	5.5	20.4	0.0	0.0	12.07	0	1.2758	2.0289	700	703.63	972.19	
1922056	58	702.7	734.8	575.8	735.2	416.5	1.06	4.58	0	1,187	67	0.56	5.5	20.4	0.0	0.0	16.05	0	1.2758	2.0289	700	703.54	966.88	
1922714	58	702.5	735.5	576.0	735.5	416.5	0.69	4.58	0	1,173	67	0.56	5.5	20.8	0.0	0.0	18.05	0	1.2758	2.0438	700	703.54	970.31	
1923352	58	702.4	735.2	576.0	735.5	416.5	0.88	4.58	0	1,165	66	0.56	5.5	20.4	0.0	0.0	15.59	0	1.2758	2.0367	700	703.44	962.58	
1924003	59	702.2	734.8	575.7	734.5	416.2	2.81	4.58	0	1,384	66	4.31	5.5	20.4	0.0	0.0	60.52	0	1.2758	2.0367	700	703.44	991.80	
1924559	59	701.9	733.8	575.3	733.8	416.2	3.31	4.58	0	1,407	67	7.31	5.5	20.4	0.0	0.0	71.51	0	1.2758	2.0289	700	703.35	1,072.73	
1925110	59	701.4	733.2	574.7	733.2	416.2	3.81	4.58	0	1,437	68	9.19	5.5	20.4	0.0	0.0	89.06	0	1.2758	2.0219	700	703.23	1,174.53	
1925717	59	701.0	732.8	574.3	732.8	416.2	5.75	4.58	0	1,470	69	17.00	5.5	20.4	0.0	0.0	100.34	0	1.2758	2.0367	700	702.93	1,276.80	
1926329	59	700.9	732.5	574.3	732.5	416.2	5.75	4.58	0	1,476	69	18.38	5.5	20.4	0.0	0.0	93.89	0	1.2758	2.0219	700	702.74	1,228.12	
1926930	58	701.0	733.5	574.8	733.5	416.2	3.81	4.58	0	1,476	71	11.88	5.5	20.4	0.0	0.0	43.57	0	1.2758	2.0219	700	702.44	1,101.64	
1927493	58	701.1	733.8	575.1	734.2	416.5	0.56	4.58	0	1,453	70	1.62	5.5	20.4	0.0	0.0	16.99	0	1.2758	2.0367	700	702.25	1,005.86	
1928098	57	701.1	735.5	575.8	735.2	416.5	-0.06	4.58	0	1,449	70	1.12	5.5	20.4	0.0	0.0	10.78	0	1.2758	2.0289	700	702.13	975.78	
1928775	57	701.1	736.5	576.6	736.8	416.8	0.38	4.58	0	1,467	70	1.12	5.5	20.4	0.0	0.0	17.06	0	1.2758	2.0289	700	702.04	970.16	
1929394	58	701.0	737.5	576.7	737.8	416.5	0.56	4.58	0	1,293	69	0.56	5.5	20.4	0.0	0.0	16.73	0	1.2758	2.0219	700	701.94	973.28	
1929968	58	701.0	737.8	577.1	737.8	416.2	0.69	4.58	0	1,217	68	0.56	5.5	20.4	0.0	0.0	17.06	0	1.2758	2.0219	700	701.85	972.89	
1930602	58	701.0	737.5	577.0	737.5	416.2	0.69	4.58	0	1,197	68	0.56	5.5	20.4	0.0	0.0	16.80	0	1.2758	2.0141	700	701.85	972.34	
1931175	59	701.1	737.2	576.8	737.2	416.5	0.69	4.58	0	1,187	67	0.56	5.5	20.0	0.0	0.0	17.11	0	1.2758	2.0141	700	701.73	971.88	
1931752	59	701.1	736.2	576.3	735.8	416.2	0.88	4.58	0	1,173	67	0.56	5.5	20.4	0.0	0.0	16.92	0	1.2758	2.0297	700	701.73	971.33	
1932327	59	701.1	735.2	575.6	734.8	415.8	0.88	4.58	0	1,167	66	0.56	5.5	20.4	0.0	0.0	17.02	0	1.2758	2.0219	700	701.73	971.09	
1932956	59	701.1	734.2	574.6	733.8	415.8	0.88	4.58	0	1,159	66	0.31	5.5	20.4	0.0	0.0	17.16	0	1.2758	2.0219	700	701.73	971.02	
1933561	59	701.1	732.2	573.8	732.2	415.8	0.88	4.58	0	1,149	65	0.56	5.5	20.0	0.0	0.0	17.20	0	1.2758	2.0148	700	701.73	970.70	
1934106	60	701.1	730.5	573.3	730.5	415.5	0.88	4.58	0	1,151	65	0.31	5.5	20.0	0.0	0.0	17.25	0	1.2758	2.0297	700	701.64	970.31	
1934663	60	701.1	729.2	572.0	728.8	415.5	0.88	4.58	0	1,271	65	0.81	5.5	20.4	0.0	0.0	13.48	0	1.2758	2.0219	700	701.64	968.36	
1935248	60	701.1	726.8	571.2	726.8	415.2	0.56	4.58	0	1,326	64	0.81	5.5	20.0	0.0	0.0	17.48	0	1.2758	2.0148	700	701.64	970.86	
1935816	60	701.1	725.5	570.0	725.2	414.8	0.38	4.58	0	1,334	64	0.81	5.5	20.0	0.0	0.0	17.93	0	1.2758	2.0148	700	701.64	972.89	
1936403	60	701.2	723.5	569.0	723.2	414.5	0.56	4.58	0	1,319	63	0.81	5.5	20.4	0.0	0.0	17.98	0	1.2758	2.0227	700	701.64	973.44	
1937034	61	701.2	721.5	567.8	721.2	413.8	0.56	4.58	0	1,310	62	0.56	5.5	20.4	0.0	0.0	17.98	0	1.2758	2.0227	700	701.64	974.06	
1937663	61	701.2	719.2	566.8	718.5	414.2	0.56	4.58	0	1,298	62	0.81	5.5	20.4	0.0	0.0	17.86	0	1.2758	2.0227	700	701.64	974.14	
1938482	61	701.3	717.5	565.5	717.2	413.5	0.56	4.58	0	1,281	61	0.56	5.5	20.4	0.0	0.0	18.12	0	1.2758	2.0227	700	701.55	973.98	
1939145	61	701.3	715.2	564.1	714.5	413.5	0.69	4.58	0	1,265	60	0.56	5.5	20.4	0.0	0.0	18.30	0	1.2758	2.0227	700	701.55	973.28	
1939792	62	701.4	712.2	562.6	712.2	412.8	0.69	4.58	0	1,255	60	0.56	5.5	20.4	0.0	0.0	18.05	0	1.2758	2.0227	700	701.55	973.12	
1940421	62	701.4	710.2	561.3	709.8	412.5	0.69	4.58	0	1,246	59	0.56	5.5	20.4	0.0	0.0	13.20	0	1.2758	2.0227	700	701.55	970.62	
1941045	62	701.4	708.2	560.2	707.8	411.5	2.12	4.58	0	1,299	59	2.19	5.5	20.4	0.0	0.0	54.47	0	1.2758	2.0227	700	701.43	970.39	
1941637	62	701.1	706.2	558.8	706.2	411.8	3.00	4.58	0	1,338	60	5.94	5.5	20.4	0.0	0.0	37.22	0	1.2758	2.0227	700	701.43	1,009.06	
1942246	62	700.7	704.8	558.1	704.5	411.2	1.06	4.58	0	1,264	60	1.12	5.5	20.4	0.0	0.0	16.38	0	1.2758	2.0227	700	701.33	979.61	
1942886	61	700.3	703.5	557.5	703.8	410.8	1.44	4.58	0	1,262	60	0.81	5.5	20.4	0.0	0.0	42.07	0	1.2758	2.0227	700	701.24	963.67	
1943547	62	699.7	702.5	557.0	702.2	411.2	3.12	4.58	0	1,340	60	6.25	5.5	20.4	0.0	0.0	71.86	0	1.2758	2.0227	700	701.24	1,039.22	
1944149	62	698.9	701.8	556.1	701.5	410.5	4.38	4.58	0	1,387	61	11.88	5.5	20.4	0.0	0.0	96.02	0	1.2758	2.0227	700	701.15	1,243.36	
1944765	61	698.1	701.5	556.0	701.5	410.5	8.69	4.58	0	1,617	62	23.50	5.5	20.4	0.0	0.0	115.97	0	1.2758	2.0070	700	700.94	1,462.27	
1945323	60	697.6	701.8	556.0	701.8	410.2	9.25	4.58	0	1,660	64	24.56	5.5	20.0	0.0	0.0	104.67	0	1.2758	2.0148	700	700.54	1,452.11	
1945907	60	697.2	702.8	556.3	703.2	410.2	10.25	4.58	0	1,700	66	26.19	5.5	20.0	0.0	0.0	113.30	0	1.2758	2.0148	700	700.23	1,426.48	
1946504	59	697.2	704.5	557.3	704.5	410.2	3.50	4.58	0	1,797	67	6.25	5.5	20.0	0.0	0.0	31.62	0	1.2758	2.0070	695	699.83	1,068.83	
1947142	58	697.1	707.2	558.7	707.5	410.2	1.06	4.58	0	1,699	67	1.38	5.5	20.0	0.0	0.0	12.38	0	1.2758	2.0219	695	699.53	990.62	
1947860	58	697.0	709.8	560.0	710.2	410.2	2.81	4.58	0	1,659	67	0.00	5.5	20.0	0.0	0.0	16.69	0	1.2758	2.0148	695	699.34	972.66	
1948613	58	696.9	713.2	561.3	712.8	410.2	0.19	4.58	0	1,385	66	0.81	5.5	20.0	0.0	0.0	17.44	0	1.2758	2.0148	695	699.13	970.16	
1949285	58	696.9	714.5	562.5	714.8	410.2	3.31	4.58	0	1,371	65	1.12	5.5	20.0	0.0	0.0	14.11	0	1.2758	2.0148	695	699.04	971.17	
1949904	58	696.8	716.2	563.2	716.2	410.2	1.44	4.58	0	1,381	65	1.38	5.5	20.0	0.0	0.0	33.45	0	1.2758	2.0148	695	698.94	962.03	
1950525	59	696.7	717.2	563.7	717.5	410.2	2.81	4.58	0	1,467	65	4.88	5.5	20.0	0.0	0.0	57.56	0	1.2758	2.0148	695	698.73	992.58	
1951109	59	696.3	717.8	563.8	717.5	410.2	2.81	4.58	0	1,424	66	7.88	5.5	20.0	0.0	0.0	61.80	0	1.2758	2.0070	695	698.55	1,003.05	
1951690	59	695.7	718.2	563.8	718.2	410.2	3.50	4.58	0	1,450	67	7.88	5.5	20.0	0.0	0.0	72.38	0	1.2758	2.0148	695	698.33	1,075.86	
1952361	59	695.0	718.8	564.3	719.2	410.2	5.38	4.58	0	1,441	68	15.12	5.5	20.0	0.0	0.0	101.81	0	1.2758	2.0148	695	698.15	1,303.20	
1952939	59	694.5	720.5	564.8	720.5	409.8	7.69	4.58	0	1,672	69	22.69	5.5	20.0	0.0	0.0	110.93	0	1.2758	2.0070	695	697.75	1,547.89	
1953588	58	694.4	721.8	565.8	721.8	410.2	13.56	4.58	0	1,828	70	31.06	5.5	20.0	0.0	0.0	110.06	0	1.2758	2.0148	695	697.23	1,516.95	
1954218	58	694.6	723.8	567.0	724.5	410.5	13.06	4.58	0	1,856	72	30.50	5.5	19.6	0.0	0.0	118.27	0	1.2758	2.0070	695	696.83	1,573.75	
1954882	58	695.5	726.5	568.7	726.8	411.2	14.25	4.58	0	1,901	74	32.69	5.5	20.0	0.0	0.0	115.88	0	1.2758	2.0148	695	696.44	1,542.27	
1955507	57	696.8	730.2	570.8	730.5	411.2	13.56	4.58	0	1,943	75	31.06	5.5	20.0	0.0	0.0	115.27	0	1.2758	2.0070	695	696.13	1,543.83	
1956142	57	698.1	733.8	572.1	733.8	411.8	4.19	4.58	0	2,139	76	7.06	5.5	20.0	0.0	0.0	31.12	0	1.2758	2.0148	695	695.94	1,034.45	
1956743	56	699.0	737.5	574.8	737.8	412.5	1.25	4.58	0	1,891	75	1.38	5.5	20.0	0.0	0.0	17.95	0	1.2758	2.0070	695	695.85	982.73	
1957463	56	699.6	741.8	577.0	741.8	412.8	1.25	4.58	0	1,477	74	0.56	5.5	20.0	0.0	0.0	16.83	0	1.2758	2.0070	695	695.64	970.39	
1958236	56	700.3	744.5	578.8	745.2	413.5	0.38	4.58	0	1,430	73	0.81	5.5	20.0	0.0	0.0	16.99	0	1.2758	2.0070	695	695.55	975.70	
1958878	57	700.9	747.5	580.5	747.5	413.5	0.38	4.58	0	1,448	71	1.12	5.5	20.0	0.0	0.0	16.36	0	1.2758	2.0148	695	695.43	975.78	
1959496	57	701.4	748.8	581.3	748.8	413.8	0.38	4.58	0	1,453	70	1.12	5.5	20.0	0.0	0.0	17.37	0	1.2758	2.0070	695	695.33	976.25	
1960037	57	701.9	749.5	581.5	749.5	413.8	0.69	4.58	0	1,222	69	0.56	5.5	20.0	0.0	0.0	16.50	0	1.2758	2.0070	695	695.33	975.08	
1960605	58	702.3	749.2	581.6	749.2	414.2	0.69	4.58	0	1,209	68	0.56	5.5	20.0	0.0	0.0	17.11	0	1.2758	2.0070	695	695.24	973.28	
1961217	58	702.7	748.5	581.5	748.5	414.5	0.88	4.58	0	1,183	67	0.56	5.5	20.0	0.0	0.0	16.99	0	1.2758	2.0070	695	695.24	971.64	
1961850	58	703.0	747.5	581.1	747.5	414.5	0.88	4.58	0	1,167	66	0.56	5.5	20.0	0.0	0.0	17.11	0	1.2758	2.0070	695	695.24	970.86	
1962502	58	703.4	746.5	580.3	746.2	414.5	0.88	4.58	0	1,139	65	0.31	5.5	20.0	0.0	0.0	13.43	0	1.2758	2.0070	695	695.24	970.16	
1963134	59	703.8	744.8	579.6	744.8	414.5	0.56	4.58	0	1,326	64	0.31	5.5	20.0	0.0	0.0	16.52	0	1.2758	2.0070	695	695.24	969.92	
1963758	59	704.0	742.8	578.6	742.5	414.5	1.25	4.58	0	1,314	63	0.81	5.5	19.6	0.0	0.0	37.59	0	1.2758	2.0000	695	695.24	961.56	
1964389	59	704.3	740.8	577.8	740.8	414.5	3.00	4.58	0	1,444	62	5.94	5.5	20.0	0.0	0.0	52.15	0	1.2758	2.0148	695	695.33	1,000.16	
1964937	60	704.4	738.8	576.8	738.8	414.5	1.25	4.58	0	1,311	62	1.62	5.5	20.0	0.0	0.0	19.69	0	1.2758	2.0070	695	695.33	985.23	
1965559	59	704.5	737.5	576.0	737.2	414.5	0.88	4.58	0	1,262	61	0.56	5.5	19.6	0.0	0.0	12.14	0	1.2758	2.0000	695	695.43	969.06	
1966149	59	704.5	735.8	575.1	735.8	414.5	0.19	4.58	0	1,260	60	0.56	5.5	20.0	0.0	0.0	16.69	0	1.2758	2.0148	695	695.55	965.94	
1966799	59	704.5	734.5	574.5	734.2	414.2	0.69	4.58	0	1,245	59	0.56	5.5	20.0	0.0	0.0	17.55	0	1.2758	2.0148	695	695.64	969.92	
1967438	59	704.5	733.2	573.5	732.5	414.2	0.88	4.58	0	1,216	58	0.56	5.5	20.0	0.0	0.0	17.46	0	1.2758	2.0148	695	695.73	970.47	
1968168	60	704.6	730.8	572.7	730.8	414.2	0.88	4.58	0	1,193	57	0.56	5.5	20.0	0.0	0.0	17.62	0	1.2758	2.0148	695	695.85	970.31	
1968795	60	704.7	728.8	571.5	728.5	413.8	0.88	4.58	0	1,169	56	0.31	5.5	20.0	0.0	0.0	17.62	0	1.2758	2.0148	695	695.94	970.94	
1969388	60	704.8	726.5	570.0	726.2	413.5	0.88	4.58	0	1,148	55	0.56	5.5	20.0	0.0	0.0	17.58	0	1.2758	2.0148	695	696.04	970.16	
1969969	60	704.9	724.5	569.0	724.5	413.5	0.88	4.58	0	1,126	54	0.31	5.5	20.0	0.0	0.0	17.51	0	1.2758	2.0148	695	696.13	969.45	
1970594	60	705.0	722.2	568.1	721.8	413.2	1.06	4.58	0	1,114	53	0.31	5.5	20.0	0.0	0.0	17.23	0	1.2758	2.0148	695	696.25	969.14	
1971196	60	705.0	720.2	566.6	719.8	412.5	1.56	4.58	0	1,126	52	0.56	5.5	20.0	0.0	0.0	51.28	0	1.2758	2.0148	695	696.34	954.77	
1971844	61	705.0	717.8	565.6	717.8	412.2	3.69	4.58	0	1,426	53	8.38	5.5	20.0	0.0	0.0	80.53	0	1.2758	2.0148	695	696.44	1,062.19	
1972405	61	704.9	715.5	563.8	715.5	412.5	9.25	4.58	0	1,794	53	20.00	5.5	20.0	0.0	0.0	108.96	0	1.2758	2.0148	695	696.53	1,408.98	
1973040	60	704.8	714.2	563.3	714.2	412.2	13.56	4.58	0	1,851	55	32.12	5.5	19.6	0.0	0.0	128.88	0	1.2758	2.0000	695	696.65	1,774.61	
1973622	60	704.6	713.8	563.0	713.5	411.8	18.62	4.58	0	1,960	58	45.12	5.5	19.6	0.0	0.0	136.34	0	1.2758	1.9922	695	696.65	1,825.62	
1974168	59	704.0	714.2	563.0	714.2	412.2	19.62	4.58	0	2,057	60	49.19	5.5	20.0	0.0	0.0	135.70	0	1.2758	1.9922	695	696.65	1,809.30	
1974753	58	703.4	715.5	563.7	715.5	412.8	19.62	4.58	0	2,122	62	49.69	5.5	19.6	0.0	0.0	129.87	0	1.2758	2.0000	695	696.65	1,711.41	
1975373	58	703.0	717.5	564.8	717.8	412.5	20.00	4.58	0	2,225	65	52.12	5.5	19.6	0.0	0.0	123.59	0	1.2758	2.0070	695	696.65	1,558.75	
1975937	57	703.1	721.2	567.0	721.5	412.8	14.75	4.58	0	2,249	67	38.38	5.5	20.4	0.0	0.0	109.43	0	1.2758	2.0070	695	696.53	1,506.88	
1976558	56	703.4	724.8	568.6	725.2	413.2	17.06	4.58	0	2,335	68	44.31	5.5	20.0	0.0	0.0	110.70	0	1.2758	2.0141	695	696.53	1,438.83	
1977138	56	704.0	728.5	571.0	728.8	414.5	10.94	4.58	0	2,362	70	25.94	5.5	20.4	0.0	0.0	63.42	0	1.2758	2.0211	695	696.53	1,156.95	
1977871	55	704.7	733.2	573.3	733.5	414.8	5.75	4.58	0	2,135	69	3.25	5.5	20.4	0.0	0.0	20.44	0	1.2758	2.0211	695	696.53	993.12	
1978440	55	705.2	737.5	576.2	737.8	415.5	0.56	4.58	0	1,716	68	1.12	5.5	20.4	0.0	0.0	17.44	0	1.2758	2.0211	695	696.53	976.95	
1979041	55	705.9	742.5	578.6	742.5	415.8	0.56	4.58	0	1,720	66	0.81	5.5	20.0	0.0	0.0	16.17	0	1.2758	2.0141	695	696.53	971.33	
1979601	56	706.4	745.2	580.6	745.2	416.2	0.19	4.58	0	1,566	66	1.12	5.5	20.4	0.0	0.0	17.60	0	1.2758	2.0281	695	696.65	974.92	
1980197	56	707.0	748.2	582.0	747.8	416.8	0.56	4.58	0	1,388	65	0.81	5.5	20.4	0.0	0.0	17.25	0	1.2758	2.0211	695	696.65	975.62	
1980790	57	707.5	749.2	582.6	748.8	416.5	0.56	4.58	0	1,358	64	0.81	5.5	20.0	0.0	0.0	17.11	0	1.2758	2.0141	695	696.65	975.08	
1981436	57	708.1	749.5	583.3	750.2	416.8	0.56	4.58	0	1,356	65	0.81	5.5	20.4	0.0	0.0	17.34	0	1.2758	2.0281	695	696.65	974.69	
1982004	57	708.6	749.5	583.5	749.5	417.2	0.56	4.58	0	1,349	64	0.56	5.5	20.4	0.0	0.0	20.04	0	1.2758	2.0133	695	696.65	975.39	
1982611	58	709.1	749.5	583.5	749.5	417.5	2.12	4.58	0	1,402	65	1.94	5.5	20.4	0.0	0.0	46.43	0	1.2758	2.0203	695	696.74	967.89	
1983190	58	709.7	748.5	583.0	748.2	417.5	3.31	4.58	0	1,449	66	6.75	5.5	20.4	0.0	0.0	63.09	0	1.2758	2.0203	695	696.83	1,031.48	
1983753	58	710.2	747.8	582.8	747.8	417.8	3.50	4.58	0	1,408	67	7.88	5.5	20.4	0.0	0.0	71.46	0	1.2758	2.0352	695	696.93	1,101.33	
1984355	58	710.8	747.5	582.8	747.5	418.5	5.06	4.58	0	1,453	69	14.06	5.5	20.4	0.0	0.0	96.05	0	1.2758	2.0281	695	697.14	1,242.58	
1984922	58	711.9	747.8	583.0	747.2	418.2	5.94	4.58	0	1,510	70	19.19	5.5	20.4	0.0	0.0	96.70	0	1.2758	2.0211	695	697.44	1,261.09	
1985551	57	713.2	747.8	583.0	747.5	418.8	4.56	4.58	0	1,512	71	16.75	5.5	20.4	0.0	0.0	47.84	0	1.2758	2.0211	695	697.84	1,092.50	
1986239	57	714.5	748.5	583.5	748.5	418.8	0.69	4.58	0	1,517	72	1.38	5.5	20.4	0.0	0.0	15.42	0	1.2758	2.0352	695	698.15	995.47	
1986924	56	715.2	749.2	583.8	749.2	419.2	0.69	4.58	0	1,474	72	1.12	5.5	20.4	0.0	0.0	10.78	0	1.2758	2.0281	695	698.43	975.23	
1987464	56	715.7	749.8	584.3	750.2	419.5	0.19	4.58	0	1,524	72	1.12	5.5	20.4	0.0	0.0	17.62	0	1.2758	2.0211	695	698.73	969.77	
1988122	57	716.3	750.5	584.7	750.8	419.2	0.56	4.58	0	1,280	72	0.56	5.5	20.4	0.0	0.0	16.69	0	1.2758	2.0211	695	699.04	974.53	
1988702	57	716.9	751.2	585.3	751.2	419.2	0.69	4.58	0	1,263	71	0.56	5.5	20.4	0.0	0.0	17.34	0	1.2758	2.0211	695	699.34	973.98	
1989280	57	717.3	750.2	585.0	750.5	419.5	0.69	4.58	0	1,240	70	0.31	5.5	20.0	0.0	0.0	17.91	0	1.2758	2.0141	695	699.53	972.58	
1989763	58	717.6	749.5	584.6	749.5	419.5	0.56	4.58	0	1,467	69	0.56	5.5	20.0	0.0	0.0	15.33	0	1.2758	2.0141	695	699.74	971.02	
1990370	58	718.0	748.5	584.0	748.5	419.5	0.38	4.58	0	1,365	67	0.81	5.5	20.4	0.0	0.0	17.30	0	1.2758	2.0281	700	700.05	973.59	
1990957	58	718.3	746.8	583.5	747.2	419.5	0.56	4.58	0	1,346	64	0.81	5.5	20.4	0.0	0.0	17.72	0	1.2758	2.0211	700	700.23	974.69	
1991526	58	718.6	745.5	582.5	745.5	419.5	0.69	4.58	0	1,342	64	0.81	5.5	20.4	0.0	0.0	17.74	0	1.2758	2.0211	700	700.54	975.00	
1992127	59	718.9	744.2	581.8	744.2	419.5	0.38	4.58	0	1,347	64	0.81	5.5	20.0	0.0	0.0	17.62	0	1.2758	2.0141	700	700.84	975.16	
1992699	59	719.1	742.5	580.8	742.2	419.2	0.56	4.58	0	1,347	64	0.81	5.5	20.4	0.0	0.0	17.81	0	1.2758	2.0211	700	701.03	975.23	
1993277	59	719.4	740.5	579.8	740.5	419.2	0.56	4.58	0	1,351	64	0.81	5.5	20.4	0.0	0.0	17.65	0	1.2758	2.0211	700	701.33	975.23	
1993866	59	719.6	738.5	578.6	738.2	418.8	0.69	4.58	0	1,329	63	0.81	5.5	20.0	0.0	0.0	18.00	0	1.2758	2.0141	700	701.55	975.55	
1994445	59	719.8	736.5	577.8	736.5	418.5	0.69	4.58	0	1,282	61	0.56	5.5	20.4	0.0	0.0	17.77	0	1.2758	2.0211	700	701.73	974.61	
1995032	60	719.9	734.8	576.6	734.5	418.8	0.88	4.58	0	1,233	58	0.56	5.5	20.4	0.0	0.0	17.84	0	1.2758	2.0211	700	701.94	973.67	
1995619	60	720.1	732.5	575.5	732.5	418.2	1.06	4.58	0	1,155	54	0.31	5.5	20.4	0.0	0.0	17.53	0	1.2758	2.0211	700	702.25	972.66	
1996389	60	720.2	729.8	574.5	729.8	418.5	0.88	4.58	0	1,123	53	0.31	5.5	20.4	0.0	0.0	14.16	0	1.2758	2.0211	700	702.44	970.00	
1996976	60	720.4	727.8	573.0	727.8	418.2	-0.44	4.58	0	1,331	53	0.31	5.5	20.4	0.0	0.0	17.41	0	1.2758	2.0211	700	702.65	970.62	
1997577	60	720.5	725.8	571.3	725.5	417.5	0.69	4.58	0	1,317	51	0.81	5.5	20.4	0.0	0.0	18.33	0	1.2758	2.0211	700	702.83	971.88	
1998166	60	720.5	723.5	570.3	723.5	416.8	0.69	4.58	0	1,243	47	0.56	5.5	20.4	0.0	0.0	18.35	0	1.2758	2.0211	700	703.05	972.42	
1998703	61	720.6	721.8	569.3	721.8	417.2	0.88	4.58	0	1,160	45	0.56	5.5	20.4	0.0	0.0	18.05	0	1.2758	2.0211	700	703.14	971.72	
1999235	61	720.7	719.5	568.0	719.5	416.8	1.06	4.58	0	1,110	42	0.56	5.5	20.4	0.0	0.0	18.40	0	1.2758	2.0211	700	703.35	970.86	
1999852	61	720.8	717.2	567.0	717.2	415.8	1.44	4.58	0	1,128	40	0.81	5.5	20.4	0.0	0.0	13.03	0	1.2758	2.0211	700	703.54	968.28	
2000433	61	720.8	715.5	565.5	715.5	415.8	0.69	4.58	0	1,318	40	0.81	5.5	20.4	0.0	0.0	18.07	0	1.2758	2.0211	700	703.63	970.00	
2001005	61	720.8	713.2	564.6	713.2	415.5	0.56	4.58	0	1,334	39	1.12	5.5	20.4	0.0	0.0	18.98	0	1.2758	2.0211	700	703.84	972.19	
2001590	61	720.9	711.5	563.3	711.5	414.8	0.69	4.58	0	1,298	38	0.81	5.5	20.4	0.0	0.0	19.03	0	1.2758	2.0211	700	703.94	972.97	
2002206	61	720.9	709.5	562.3	709.5	414.8	0.69	4.58	0	1,276	37	0.81	5.5	20.4	0.0	0.0	18.77	0	1.2758	2.0211	700	704.03	973.36	
2002818	61	721.0	707.8	561.1	707.5	414.2	0.88	4.58	0	1,246	37	0.56	5.5	20.4	0.0	0.0	18.61	0	1.2758	2.0211	700	704.15	973.28	
2003435	62	721.0	705.8	559.6	705.5	413.8	0.88	4.58	0	1,219	36	0.56	5.5	20.4	0.0	0.0	19.05	0	1.2758	2.0211	700	704.24	973.12	
2004071	62	721.0	703.5	559.0	703.5	413.5	0.88	4.58	0	1,196	35	0.56	5.5	20.4	0.0	0.0	18.82	0	1.2758	2.0211	700	704.33	972.42	
2004699	62	721.1	701.8	557.8	702.2	412.5	1.06	4.58	0	1,152	33	0.31	5.5	20.4	0.0	0.0	18.59	0	1.2758	2.0211	700	704.43	971.48	
2005375	62	721.1	700.2	556.1	699.8	412.5	1.06	4.58	0	1,066	31	0.00	5.5	20.4	0.0	0.0	18.77	0	1.2758	2.0211	700	704.55	969.84	
2006094	62	721.1	698.5	555.1	698.2	411.8	1.06	4.58	0	1,114	30	0.56	5.5	20.4	0.0	0.0	25.03	0	1.2758	2.0211	700	704.55	956.17	
2006769	62	721.1	696.5	554.1	696.5	411.5	3.12	4.58	0	1,510	30	5.69	5.5	20.4	0.0	0.0	59.91	0	1.2758	2.0211	700	704.64	1,007.97	
2007390	62	720.6	694.2	552.8	694.2	411.2	4.00	4.58	0	1,606	32	8.38	5.5	20.4	0.0	0.0	68.67	0	1.2758	2.0211	700	704.85	1,097.66	
2007990	61	719.8	693.8	552.3	693.5	410.8	5.38	4.58	0	1,719	35	12.19	5.5	20.4	0.0	0.0	75.77	0	1.2758	2.0141	705	705.04	1,193.98	
2008608	61	719.2	693.5	552.0	693.2	410.2	7.31	4.58	0	1,878	37	15.44	5.5	20.0	0.0	0.0	80.20	0	1.2758	2.0141	705	705.25	1,249.77	
2009221	60	718.5	694.2	552.0	693.8	410.2	8.19	4.58	0	1,966	40	17.31	5.5	19.6	0.0	0.0	76.88	0	1.2758	2.0070	705	705.53	1,218.59	
2010733	59	718.0	695.2	554.0	699.5	410.2	4.69	4.58	0	1,560	45	12.69	5.5	20.0	0.0	0.0	76.15	0	1.2758	2.0070	705	705.93	1,166.25	
2011210	58	717.2	701.5	555.8	701.5	409.8	5.06	4.58	0	1,564	46	11.88	5.5	20.0	0.0	0.0	73.90	0	1.2758	2.0070	705	706.14	1,165.78	
2011695	57	717.1	704.5	557.1	704.8	409.8	4.88	4.58	0	1,639	47	12.19	5.5	20.0	0.0	0.0	72.87	0	1.2758	2.0070	705	706.23	1,158.52	
2012188	57	717.1	707.2	558.3	707.2	409.8	5.25	4.58	0	1,674	49	12.44	5.5	19.6	0.0	0.0	72.68	0	1.2758	2.0000	705	706.44	1,158.67	
2012674	57	717.1	710.5	560.2	710.8	410.2	5.38	4.58	0	1,714	50	13.00	5.5	19.6	0.0	0.0	72.84	0	1.2758	2.0000	705	706.54	1,156.02	
2013125	56	717.3	713.2	561.1	713.5	409.8	5.75	4.58	0	1,768	51	13.00	5.5	20.0	0.0	0.0	72.47	0	1.2758	2.0070	705	706.63	1,156.48	
2013548	56	717.4	715.8	563.0	716.2	410.2	6.12	4.58	0	1,782	53	13.25	5.5	20.0	0.0	0.0	72.12	0	1.2758	2.0070	705	706.75	1,160.78	
2013932	56	717.7	718.8	564.5	719.2	409.8	6.62	4.58	0	1,816	53	13.25	5.5	19.6	0.0	0.0	73.50	0	1.2758	2.0000	705	706.94	1,191.17	
2014352	56	717.9	721.8	565.8	722.2	410.5	5.56	4.58	0	1,662	54	13.50	5.5	19.6	0.0	0.0	84.73	0	1.2758	2.0000	705	707.03	1,249.69	
2014857	56	718.1	724.5	567.1	724.8	410.8	5.38	4.58	0	1,537	55	14.88	5.5	20.0	0.0	0.0	52.52	0	1.2758	2.0070	705	707.24	1,117.50	
2015482	56	718.3	727.5	569.1	728.5	410.8	1.44	4.58	0	1,437	56	2.44	5.5	20.0	0.0	0.0	19.92	0	1.2758	2.0070	705	707.43	1,006.88	
2016022	55	718.2	731.8	571.3	732.8	411.2	0.88	4.58	0	1,428	55	0.81	5.5	19.6	0.0	0.0	12.33	0	1.2758	2.0000	705	707.55	977.81	
2016521	55	718.2	735.2	573.2	735.5	411.5	0.38	4.58	0	1,380	55	0.31	5.5	19.6	0.0	0.0	16.17	0	1.2758	2.0000	705	707.64	971.41	
2017032	55	718.1	737.8	574.5	738.2	411.2	0.38	4.58	0	1,408	54	0.81	5.5	19.6	0.0	0.0	17.25	0	1.2758	2.0000	705	707.73	971.48	
2017531	56	718.0	739.8	575.8	740.5	411.5	0.56	4.58	0	1,353	52	0.81	5.5	19.6	0.0	0.0	17.34	0	1.2758	2.0000	705	707.85	975.31	
2018049	56	718.0	741.2	576.5	741.2	412.2	0.69	4.58	0	1,310	50	0.56	5.5	19.6	0.0	0.0	17.32	0	1.2758	2.0000	705	708.04	974.69	
2018617	56	717.9	742.2	577.3	742.5	411.8	0.88	4.58	0	1,256	48	0.56	5.5	19.6	0.0	0.0	17.13	0	1.2758	2.0000	705	708.13	973.83	
2019165	57	717.9	742.5	577.5	742.8	412.2	0.88	4.58	0	1,192	46	0.56	5.5	19.6	0.0	0.0	17.09	0	1.2758	2.0000	705	708.25	972.66	
2019720	57	717.9	742.8	577.3	742.8	412.2	1.06	4.58	0	1,110	43	0.31	5.5	19.6	0.0	0.0	17.20	0	1.2758	2.0000	705	708.44	971.72	
2020214	57	717.9	742.2	577.2	742.2	412.2	1.94	4.58	0	1,048	40	0.81	5.5	19.6	0.0	0.0	14.53	0	1.2758	1.9922	705	708.53	969.69	
2020771	58	717.8	741.5	576.8	741.5	412.5	0.88	4.58	0	1,206	36	0.31	5.5	19.6	0.0	0.0	16.55	0	1.2758	1.9922	705	708.65	968.59	
2021389	58	717.8	740.5	576.5	740.8	412.2	1.25	4.58	0	1,030	34	0.31	5.5	19.6	0.0	0.0	15.98	0	1.2758	1.9922	705	708.83	968.44	
2021993	58	717.7	739.5	576.0	739.2	412.2	1.06	4.58	0	1,119	32	0.31	5.5	19.6	0.0	0.0	17.34	0	1.2758	1.9852	705	709.05	968.67	
2022588	58	717.7	737.5	575.3	737.5	412.2	0.88	4.58	0	1,268	30	0.56	5.5	19.6	0.0	0.0	17.91	0	1.2758	1.9852	705	709.14	970.70	
2023183	58	717.7	736.2	574.1	736.2	411.8	0.69	4.58	0	1,356	28	0.81	5.5	19.6	0.0	0.0	17.79	0	1.2758	1.9922	705	709.35	972.97	
2023898	59	717.6	734.2	573.5	734.2	411.8	0.88	4.58	0	1,273	25	0.81	5.5	19.6	0.0	0.0	17.81	0	1.2758	1.9852	705	709.44	973.44	
2024480	59	717.6	732.5	572.3	732.5	411.5	1.06	4.58	0	1,151	22	0.31	5.5	19.6	0.0	0.0	17.53	0	1.2758	1.9922	705	709.63	971.41	
2025064	59	717.6	730.5	571.1	730.5	411.5	1.25	4.58	0	1,044	21	0.31	5.5	19.6	0.0	0.0	13.15	0	1.2758	1.9922	705	709.75	968.36	
2025675	59	717.5	728.5	570.0	727.8	411.5	1.44	4.58	0	878	17	0.31	5.5	19.6	0.0	0.0	18.91	0	1.2758	1.9922	705	709.84	964.22	
2026276	59	717.4	726.5	569.3	726.5	410.8	1.25	4.58	0	955	13	0.31	5.5	19.6	0.0	0.0	17.13	0	1.2758	1.9922	710	709.94	961.64	
2026921	60	717.2	724.5	567.8	724.2	411.2	1.44	4.58	0	891	9	0.31	5.5	19.6	0.0	0.0	19.80	0	1.2758	1.9922	710	710.03	959.84	
2027503	60	717.0	722.8	566.6	722.8	410.5	1.44	4.58	0	935	5	0.31	5.5	19.6	0.0	0.0	17.70	0	1.2758	1.9922	710	710.15	960.16	
2028082	60	716.8	720.2	565.6	720.2	410.8	1.25	4.58	0	810	2	0.31	5.5	19.6	0.0	0.0	19.43	0	1.2758	1.9922	710	710.24	958.59	
2028663	60	716.6	718.5	564.5	718.2	410.5	1.44	4.58	0	779	0	0.31	5.5	19.6	0.0	0.0	23.93	0	1.2758	1.9922	710	710.33	958.44	
2029253	60	716.3	716.5	563.5	716.2	410.2	1.44	4.58	0	826	0	0.56	5.5	19.6	0.0	0.0	24.16	0	1.2758	1.9922	710	710.43	958.75	
2029837	60	715.9	714.8	562.5	714.5	409.8	1.44	4.58	0	854	0	0.56	5.5	19.6	0.0	0.0	21.07	0	1.2758	1.9922	710	710.55	959.38	
2030450	60	715.6	713.2	561.5	713.2	409.8	1.25	4.58	0	863	0	0.56	5.5	19.6	0.0	0.0	19.71	0	1.2758	1.9922	710	710.64	958.91	
2031041	60	715.2	711.2	560.5	711.2	409.5	1.44	4.58	0	832	0	0.56	5.5	19.6	0.0	0.0	26.65	0	1.2758	1.9922	710	710.64	957.97	
2031631	60	714.7	709.8	559.6	709.8	409.2	1.44	4.58	0	809	0	0.81	5.5	19.6	0.0	0.0	28.15	0	1.2758	1.9922	710	710.73	959.84	
2032190	61	714.3	708.2	559.0	708.2	408.8	1.44	4.58	0	821	0	0.81	5.5	19.6	0.0	0.0	27.82	0	1.2758	1.9922	710	710.73	960.62	
2032793	61	713.8	706.8	558.0	706.8	408.5	1.44	4.58	0	815	0	0.81	5.5	19.6	0.0	0.0	27.68	0	1.2758	1.9922	710	710.85	961.25	
2033488	61	713.2	705.5	557.0	705.2	408.5	1.44	4.58	0	816	0	0.81	5.5	19.6	0.0	0.0	25.85	0	1.2758	1.9922	710	710.85	961.72	
2034121	61	712.7	704.2	556.3	704.2	408.2	1.25	4.58	0	808	0	0.56	5.5	19.6	0.0	0.0	36.70	0	1.2758	1.9922	710	710.85	957.03	
2034740	61	711.9	702.8	555.1	702.5	407.8	2.12	4.58	0	1,195	1	2.19	5.5	19.6	0.0	0.0	40.43	0	1.2758	1.9922	710	710.94	968.44	
2035294	61	711.0	701.5	554.8	701.2	407.5	2.12	4.58	0	1,230	4	2.44	5.5	19.6	0.0	0.0	43.34	0	1.2758	1.9922	710	710.94	979.45	
2035922	61	709.9	700.8	554.1	700.5	407.5	2.12	4.58	0	1,318	7	2.75	5.5	19.6	0.0	0.0	41.72	0	1.2758	1.9922	710	710.94	988.52	
2036547	61	708.6	699.8	553.5	700.2	407.2	2.12	4.58	0	1,336	10	2.44	5.5	19.6	0.0	0.0	39.49	0	1.2758	1.9922	710	710.85	991.95	
2037169	61	707.2	700.2	553.8	700.2	406.8	2.12	4.58	0	1,455	11	2.75	5.5	19.6	0.0	0.0	42.16	0	1.2758	1.9922	710	710.85	992.66	
2037778	60	705.6	700.5	553.5	700.2	406.5	2.25	4.58	0	1,427	13	3.81	5.5	19.6	0.0	0.0	45.52	0	1.2758	1.9922	710	710.73	1,008.12	
2038351	60	703.8	701.2	554.0	701.5	406.8	2.12	4.58	0	1,367	15	3.00	5.5	19.6	0.0	0.0	41.27	0	1.2758	1.9922	710	710.64	1,009.06	
2038986	60	702.0	701.8	554.1	702.2	406.8	3.00	4.58	0	1,211	16	1.62	5.5	19.6	0.0	0.0	19.34	0	1.2758	1.9922	710	710.43	983.67	
2039634	60	700.5	703.2	554.8	703.2	407.2	0.88	4.58	0	1,270	16	0.56	5.5	19.6	0.0	0.0	13.20	0	1.2758	1.9922	710	710.33	968.91	
2040216	59	699.2	704.2	555.5	704.2	406.5	1.25	4.58	0	1,124	13	0.31	5.5	19.6	0.0	0.0	13.45	0	1.2758	1.9922	710	710.24	962.89	
2040827	60	698.1	705.2	555.8	705.2	406.8	1.06	4.58	0	880	10	0.31	5.5	19.6	0.0	0.0	15.26	0	1.2758	1.9922	710	710.15	959.38	
2041398	60	697.0	705.2	556.0	705.5	406.8	1.44	4.58	0	699	8	0.56	5.5	19.6	0.0	0.0	24.59	0	1.2758	1.9922	710	710.03	959.53	
2041973	60	696.0	705.5	556.0	705.5	406.8	1.44	4.58	0	750	9	0.81	5.5	19.6	0.0	0.0	33.89	0	1.2758	1.9922	710	709.94	960.00	
2042569	60	694.9	705.2	556.3	705.2	406.8	1.44	4.58	0	921	9	0.81	5.5	19.6	0.0	0.0	24.16	0	1.2758	1.9922	705	709.75	961.02	
2043355	60	693.7	705.5	555.8	704.8	406.8	1.44	4.58	0	941	9	0.81	5.5	19.6	0.0	0.0	23.74	0	1.2758	1.9922	705	709.63	960.62	
2043974	60	692.6	704.5	555.8	704.5	406.5	1.44	4.58	0	979	9	0.56	5.5	19.6	0.0	0.0	43.59	0	1.2758	1.9922	705	709.44	957.27	
2044547	61	691.2	704.2	555.5	704.2	406.5	2.12	4.58	0	1,346	10	2.75	5.5	19.6	0.0	0.0	42.30	0	1.2758	1.9922	705	709.23	972.66	
2045156	61	689.8	703.8	555.3	703.5	406.5	1.94	4.58	0	1,308	12	2.44	5.5	19.6	0.0	0.0	41.16	0	1.2758	1.9922	705	708.93	984.38	
2045600	61	688.7	703.5	554.7	703.5	406.5	1.94	4.58	0	1,354	13	2.75	5.5	19.6	0.0	0.0	38.91	0	1.2758	1.9922	705	708.74	993.59	
2046164	60	687.2	703.5	555.0	703.5	406.5	3.31	4.58	0	1,210	14	1.38	5.5	19.6	0.0	0.0	19.59	0	1.2758	1.9922	705	708.53	975.39	
2046725	60	685.9	703.5	555.0	703.5	406.5	1.25	4.58	0	1,130	14	0.81	5.5	19.6	0.0	0.0	26.74	0	1.2758	1.9922	705	708.25	962.11	
2047308	60	684.7	704.2	555.3	704.2	406.2	1.56	4.58	0	1,273	15	1.38	5.5	19.6	0.0	0.0	23.95	0	1.2758	1.9922	705	707.94	965.94	
2047907	60	683.3	704.5	555.6	704.5	406.8	1.94	4.58	0	1,127	15	0.56	5.5	19.6	0.0	0.0	16.76	0	1.2758	1.9922	705	707.64	963.52	
2048487	60	682.1	705.2	555.8	704.8	406.5	0.88	4.58	0	1,154	15	0.56	5.5	19.6	0.0	0.0	12.84	0	1.2758	1.9922	705	707.43	964.30	
2049117	60	681.1	704.8	556.2	704.8	406.8	1.75	4.58	0	1,103	14	0.31	5.5	19.6	0.0	0.0	12.07	0	1.2758	1.9922	705	707.15	962.42	
2049725	60	679.9	704.5	555.8	704.8	406.8	1.25	4.58	0	1,041	13	0.31	5.5	19.6	0.0	0.0	12.82	0	1.2758	1.9922	705	706.94	958.75	
2050306	60	678.9	704.8	555.6	704.5	406.8	1.75	4.58	0	1,120	13	1.94	5.5	19.6	0.0	0.0	52.73	0	1.2758	1.9922	705	706.63	953.67	
2050890	61	677.5	704.2	555.1	704.2	406.8	3.50	4.58	0	1,513	15	6.75	5.5	19.6	0.0	0.0	61.05	0	1.2758	1.9922	705	706.14	1,028.67	
2051512	61	675.6	703.8	555.3	703.5	406.8	3.81	4.58	0	1,564	19	8.69	5.5	19.6	0.0	0.0	68.95	0	1.2758	1.9922	705	705.53	1,101.56	
2052203	60	673.6	703.8	555.5	703.5	407.2	4.56	4.58	0	1,634	22	11.62	5.5	19.6	0.0	0.0	61.27	0	1.2758	1.9922	700	704.64	1,096.88	
2052754	60	671.6	704.5	555.5	704.2	407.2	4.38	4.58	0	1,845	24	7.31	5.5	19.6	0.0	0.0	53.27	0	1.2758	1.9852	700	703.84	1,125.55	
2053303	60	669.2	705.2	556.5	705.2	407.8	3.69	4.58	0	1,388	25	3.81	5.5	19.6	0.0	0.0	22.20	0	1.2758	1.9852	700	702.93	1,018.52	
2053900	59	667.6	706.8	557.1	707.2	407.5	1.06	4.58	0	1,260	25	0.81	5.5	19.6	0.0	0.0	16.55	0	1.2758	1.9773	700	702.25	979.61	
2054504	59	665.9	708.2	557.8	708.2	407.8	1.25	4.58	0	1,207	25	0.56	5.5	19.6	0.0	0.0	13.03	0	1.2758	1.9922	700	701.55	967.81	
2055071	59	664.6	709.5	558.7	709.5	408.2	1.44	4.58	0	1,167	23	0.00	5.5	19.6	0.0	0.0	16.71	0	1.2758	1.9844	700	700.94	964.38	
2055694	59	663.4	710.5	559.2	710.8	408.5	1.06	4.58	0	1,096	22	0.31	5.5	19.6	0.0	0.0	17.06	0	1.2758	1.9844	700	700.35	968.05	
2056282	59	662.4	710.8	559.6	711.2	408.5	1.06	4.58	0	883	21	0.56	5.5	19.6	0.0	0.0	13.12	0	1.2758	1.9844	695	699.83	963.75	
2056854	60	661.5	711.2	559.8	710.8	408.8	2.44	4.58	0	984	21	1.62	5.5	19.6	0.0	0.0	45.70	0	1.2758	1.9844	695	699.25	963.52	
2057424	60	660.2	711.2	559.6	710.8	408.8	3.00	4.58	0	1,658	22	6.75	5.5	19.6	0.0	0.0	49.29	0	1.2758	1.9844	695	698.43	971.33	
2058039	60	658.6	710.5	559.6	710.5	408.8	3.81	4.58	0	1,803	23	6.50	5.5	19.6	0.0	0.0	48.63	0	1.2758	1.9844	695	697.44	966.33	
2058709	60	656.9	710.5	559.6	710.5	409.2	5.25	4.58	0	1,966	25	6.75	5.5	19.6	0.0	0.0	50.11	0	1.2758	1.9844	695	696.13	972.81	
2059364	60	654.4	710.8	560.1	710.8	409.5	2.44	4.58	0	1,469	27	7.88	5.5	19.6	0.0	0.0	53.37	0	1.2758	1.9844	695	694.94	977.03	
2059941	59	652.3	711.5	560.5	711.2	409.8	3.12	4.58	0	1,476	29	6.50	5.5	19.6	0.0	0.0	59.55	0	1.2758	1.9844	690	693.65	1,019.38	
2060519	59	650.3	711.8	561.0	712.2	409.8	4.19	4.58	0	1,560	31	8.94	5.5	19.6	0.0	0.0	68.86	0	1.2758	1.9844	690	692.24	1,107.89	
2061096	59	648.4	712.2	561.3	712.5	409.8	5.94	4.58	0	1,645	33	15.69	5.5	19.6	0.0	0.0	91.48	0	1.2758	1.9844	690	690.65	1,304.53	
2061794	59	647.0	713.8	562.0	714.2	410.5	10.44	4.58	0	1,751	36	24.56	5.5	19.2	0.0	0.0	110.77	0	1.2758	1.9844	685	688.54	1,478.91	
2062425	59	646.0	715.5	563.0	715.5	410.8	13.56	4.58	0	1,952	40	31.06	5.5	19.6	0.0	0.0	109.43	0	1.2758	1.9844	685	686.33	1,485.00	
2062994	58	645.8	718.2	564.5	718.5	411.5	14.25	4.58	0	2,129	43	34.06	5.5	19.2	0.0	0.0	106.69	0	1.2758	1.9773	680	684.13	1,475.62	
2063588	58	646.5	720.5	565.6	720.2	411.8	15.62	4.58	0	2,306	47	39.19	5.5	19.6	0.0	0.0	106.27	0	1.2758	1.9852	680	681.93	1,445.70	
2064146	58	648.0	722.8	567.5	722.8	413.2	16.00	4.58	0	2,468	50	39.69	5.5	19.6	0.0	0.0	97.66	0	1.2758	1.9852	680	680.15	1,349.61	
2064707	57	650.4	725.8	569.5	725.8	413.5	14.62	4.58	0	2,687	53	35.94	5.5	19.6	0.0	0.0	94.43	0	1.2758	1.9922	675	678.25	1,330.86	
2065317	57	653.8	728.8	571.5	729.5	414.2	9.94	4.58	0	1,866	55	21.88	5.5	19.6	0.0	0.0	88.73	0	1.2758	1.9852	675	676.63	1,233.44	
2065933	57	658.1	732.5	573.5	732.8	415.2	9.56	4.58	0	1,932	57	19.75	5.5	19.6	0.0	0.0	87.07	0	1.2758	1.9852	675	675.44	1,233.05	
2066514	57	663.1	736.2	575.6	736.2	416.2	10.25	4.58	0	1,981	59	21.38	5.5	19.6	0.0	0.0	88.38	0	1.2758	1.9922	670	674.55	1,253.12	
2067099	57	668.1	739.2	577.6	739.2	416.5	10.25	4.58	0	2,064	61	21.62	5.5	19.6	0.0	0.0	79.31	0	1.2758	1.9852	670	673.94	1,188.44	
2067724	57	672.7	742.5	579.8	742.2	418.2	1.44	4.58	0	1,804	61	3.81	5.5	19.6	0.0	0.0	18.91	0	1.2758	1.9852	670	673.54	999.77	
2068194	56	675.3	743.8	580.8	744.2	418.5	0.88	4.58	0	1,553	61	1.12	5.5	19.6	0.0	0.0	12.21	0	1.2758	1.9852	670	673.35	977.89	
2068763	56	677.5	746.5	582.5	746.8	418.8	1.06	4.58	0	1,462	61	0.56	5.5	19.6	0.0	0.0	16.45	0	1.2758	1.9922	670	673.23	970.86	
2069365	56	679.6	748.5	583.7	748.8	419.5	0.69	4.58	0	1,270	60	0.56	5.5	19.6	0.0	0.0	16.64	0	1.2758	1.9852	670	673.14	968.36	
2069923	57	681.5	749.2	584.7	749.5	420.2	0.69	4.58	0	1,252	59	0.56	5.5	19.6	0.0	0.0	16.27	0	1.2758	1.9922	670	672.93	972.73	
2070578	57	683.2	749.8	585.1	749.8	421.2	0.88	4.58	0	1,237	59	0.56	5.5	19.2	0.0	0.0	16.64	0	1.2758	1.9852	670	672.83	972.73	
2071329	57	684.9	749.8	585.5	749.2	421.2	0.88	4.58	0	1,217	58	0.56	5.5	19.6	0.0	0.0	16.59	0	1.2758	1.9852	670	672.74	972.11	
2071916	58	686.1	748.5	585.3	748.5	422.2	0.88	4.58	0	1,205	58	0.56	5.5	19.6	0.0	0.0	16.85	0	1.2758	1.9922	670	672.65	972.27	
2072491	58	687.7	747.2	584.8	747.2	422.5	0.88	4.58	0	1,191	57	0.56	5.5	19.6	0.0	0.0	16.90	0	1.2758	1.9922	670	672.65	971.80	
2073068	58	688.7	745.5	584.5	745.5	423.2	0.88	4.58	0	1,182	56	0.56	5.5	19.6	0.0	0.0	16.97	0	1.2758	1.9922	670	672.53	971.48	
2073723	58	689.9	744.2	583.8	743.8	423.5	0.88	4.58	0	1,165	56	0.56	5.5	19.6	0.0	0.0	16.97	0	1.2758	1.9922	670	672.53	971.17	
2074306	59	690.7	742.2	583.0	741.8	424.2	1.06	4.58	0	1,153	55	0.56	5.5	19.6	0.0	0.0	16.88	0	1.2758	1.9852	670	672.53	970.70	
2074914	59	691.5	739.8	582.3	739.8	424.2	1.06	4.58	0	1,136	54	0.31	5.5	19.6	0.0	0.0	17.02	0	1.2758	1.9852	670	672.53	971.02	
2075503	59	692.2	737.8	581.3	737.8	424.5	0.88	4.58	0	1,122	54	0.31	5.5	19.6	0.0	0.0	17.30	0	1.2758	1.9781	670	672.65	970.16	
2076134	59	692.9	735.8	580.1	735.8	424.5	0.88	4.58	0	1,111	53	0.31	5.5	19.2	0.0	0.0	16.80	0	1.2758	1.9781	670	672.65	970.00	
2076745	59	693.5	733.2	579.3	733.5	424.8	0.88	4.58	0	1,096	52	0.31	5.5	19.6	0.0	0.0	17.30	0	1.2758	1.9852	670	672.74	969.84	
2077337	60	694.1	730.8	578.0	730.8	424.8	1.06	4.58	0	1,080	51	0.31	5.5	19.6	0.0	0.0	17.37	0	1.2758	1.9852	670	672.83	969.22	
2077911	60	694.5	728.8	577.2	728.5	425.2	1.06	4.58	0	1,070	51	0.31	5.5	19.2	0.0	0.0	17.20	0	1.2758	1.9773	670	672.93	968.59	
2078511	60	695.0	726.2	575.6	726.2	425.2	1.06	4.58	0	1,053	50	0.31	5.5	19.2	0.0	0.0	17.34	0	1.2758	1.9773	670	673.05	968.44	
2079107	60	695.4	723.8	574.6	723.5	425.5	1.06	4.58	0	1,048	50	0.00	5.5	19.2	0.0	0.0	17.27	0	1.2758	1.9773	670	673.14	967.89	
2079693	60	695.7	721.5	573.6	721.8	425.2	1.06	4.58	0	1,030	49	0.31	5.5	19.2	0.0	0.0	17.60	0	1.2758	1.9773	670	673.23	967.73	
2080345	60	696.0	719.5	572.5	719.2	425.2	1.25	4.58	0	1,016	49	-0.19	5.5	19.2	0.0	0.0	17.32	0	1.2758	1.9773	670	673.35	967.50	
2080885	60	696.3	716.8	571.3	716.8	425.2	1.25	4.58	0	1,006	48	0.31	5.5	19.2	0.0	0.0	17.34	0	1.2758	1.9773	670	673.44	967.19	
2081460	61	696.5	713.8	569.8	713.8	425.2	1.25	4.58	0	997	47	0.00	5.5	19.2	0.0	0.0	17.74	0	1.2758	1.9773	670	673.54	966.48	
2081994	61	696.7	712.5	568.8	712.2	424.8	1.25	4.58	0	982	47	0.31	5.5	19.2	0.0	0.0	17.34	0	1.2758	1.9773	670	673.63	965.86	
2082568	61	696.9	709.8	567.8	709.8	425.2	1.25	4.58	0	970	46	0.31	5.5	19.2	0.0	0.0	17.81	0	1.2758	1.9773	670	673.75	965.78	
2083138	61	697.1	707.8	566.7	707.8	425.2	2.44	4.58	0	1,012	46	0.56	5.5	19.2	0.0	0.0	28.10	0	1.2758	1.9773	670	673.84	952.66	
2083710	61	697.2	705.5	565.0	705.5	424.8	2.81	4.58	0	1,200	46	4.06	5.5	19.2	0.0	0.0	67.69	0	1.2758	1.9773	670	674.03	991.72	
2084274	62	697.4	703.8	564.3	703.5	424.5	3.12	4.58	0	1,216	47	5.94	5.5	19.2	0.0	0.0	78.73	0	1.2758	1.9773	670	674.33	1,056.02	
2084857	61	697.5	701.8	563.1	701.8	424.5	4.19	4.58	0	1,234	48	9.19	5.5	19.2	0.0	0.0	73.05	0	1.2758	1.9773	670	674.55	1,085.78	
2085461	60	697.6	700.5	562.6	700.5	424.5	1.75	4.58	0	1,268	48	3.25	5.5	19.2	0.0	0.0	20.91	0	1.2758	1.9703	675	674.94	1,019.61	
2086095	60	697.6	699.5	562.1	699.2	424.5	1.56	4.58	0	1,010	47	0.31	5.5	19.6	0.0	0.0	13.55	0	1.2758	1.9852	675	675.25	978.44	
2086704	60	697.5	698.5	561.2	698.5	424.2	1.06	4.58	0	985	47	0.00	5.5	19.2	0.0	0.0	13.76	0	1.2758	1.9773	675	675.53	958.75	
2087285	60	697.4	697.8	560.8	697.5	424.2	2.62	4.58	0	1,206	47	3.25	5.5	19.2	0.0	0.0	63.49	0	1.2758	1.9773	675	675.93	982.73	
2087886	60	697.2	696.8	560.8	696.5	424.2	3.00	4.58	0	1,241	48	5.94	5.5	19.6	0.0	0.0	72.42	0	1.2758	1.9852	675	676.35	1,058.59	
2088478	60	697.0	695.8	560.2	695.8	423.8	2.12	4.58	0	1,236	48	3.50	5.5	19.6	0.0	0.0	27.02	0	1.2758	1.9852	675	676.63	1,014.69	
2089123	59	696.8	695.5	559.6	695.2	424.2	1.06	4.58	0	1,208	48	0.56	5.5	19.6	0.0	0.0	13.80	0	1.2758	1.9852	675	677.03	977.50	
2089877	59	696.5	695.2	559.5	695.5	423.8	1.75	4.58	0	1,213	47	0.31	5.5	19.6	0.0	0.0	15.59	0	1.2758	1.9852	675	677.55	967.89	
2090507	59	696.2	694.5	559.3	694.5	424.2	0.69	4.58	0	1,184	46	0.56	5.5	19.6	0.0	0.0	17.58	0	1.2758	1.9852	675	677.85	970.70	
2091188	60	696.0	693.5	558.8	693.5	424.2	0.88	4.58	0	1,170	45	0.56	5.5	19.6	0.0	0.0	17.37	0	1.2758	1.9852	675	678.13	970.86	
2091843	60	695.8	692.8	558.1	692.5	423.5	0.56	4.58	0	1,173	45	0.56	5.5	19.6	0.0	0.0	35.44	0	1.2758	1.9852	675	678.44	960.16	
2092436	60	695.4	691.8	557.6	691.8	423.8	3.12	4.58	0	1,285	45	5.12	5.5	19.6	0.0	0.0	67.03	0	1.2758	1.9852	675	678.83	1,005.55	
2093015	60	695.0	690.5	556.8	690.5	423.5	3.69	4.58	0	1,196	46	7.06	5.5	19.6	0.0	0.0	84.84	0	1.2758	1.9852	675	679.14	1,108.36	
2093635	60	694.4	689.8	557.0	689.8	423.2	4.56	4.58	0	1,266	47	10.81	5.5	19.6	0.0	0.0	96.77	0	1.2758	1.9852	675	679.54	1,229.77	
2094193	60	694.0	689.2	556.2	689.5	423.2	5.38	4.58	0	1,257	48	13.81	5.5	19.2	0.0	0.0	94.83	0	1.2758	1.9773	680	679.94	1,126.09	
2094743	59	693.6	688.8	556.2	688.8	423.2	3.12	4.58	0	1,263	49	6.50	5.5	19.2	0.0	0.0	45.84	0	1.2758	1.9773	680	680.24	1,071.48	
2095379	59	693.2	689.5	556.3	689.5	423.2	1.75	4.58	0	1,259	49	0.81	5.5	19.2	0.0	0.0	15.73	0	1.2758	1.9773	680	680.55	991.09	
2095980	58	692.8	690.2	556.3	689.5	423.5	1.44	4.58	0	1,035	49	0.56	5.5	19.2	0.0	0.0	50.11	0	1.2758	1.9703	680	680.73	969.30	
2096659	58	692.3	689.8	556.7	689.8	422.8	3.00	4.58	0	1,101	49	5.69	5.5	19.2	0.0	0.0	79.41	0	1.2758	1.9773	680	681.13	1,057.42	
2097343	59	691.7	690.5	557.0	690.5	423.2	4.56	4.58	0	1,257	50	11.62	5.5	19.2	0.0	0.0	60.56	0	1.2758	1.9695	680	681.53	1,103.44	
2097964	58	691.1	691.2	557.2	691.2	423.5	1.06	4.58	0	1,276	50	1.62	5.5	19.2	0.0	0.0	19.34	0	1.2758	1.9695	680	681.74	1,003.98	
2098536	58	690.7	691.8	557.3	691.8	423.5	0.38	4.58	0	1,226	49	0.31	5.5	19.2	0.0	0.0	12.09	0	1.2758	1.9695	680	681.93	976.56	
2099170	58	690.3	692.5	557.8	692.5	423.2	0.88	4.58	0	1,234	49	0.56	5.5	19.2	0.0	0.0	17.13	0	1.2758	1.9695	680	682.23	968.75	
2099865	58	689.9	692.5	558.1	692.8	423.2	1.25	4.58	0	1,014	48	-0.19	5.5	19.2	0.0	0.0	15.84	0	1.2758	1.9695	680	682.44	969.45	
2100469	58	689.6	692.8	557.8	692.8	422.8	1.56	4.58	0	1,045	46	0.56	5.5	19.2	0.0	0.0	12.42	0	1.2758	1.9695	680	682.63	966.48	
2101019	59	689.2	692.8	558.0	692.8	423.2	1.25	4.58	0	1,122	43	0.31	5.5	19.2	0.0	0.0	12.63	0	1.2758	1.9695	680	682.84	964.14	
2101598	59	689.0	691.8	557.7	692.2	423.2	1.06	4.58	0	1,044	40	0.31	5.5	19.2	0.0	0.0	13.76	0	1.2758	1.9695	680	683.03	961.17	
2102237	59	688.6	691.5	557.0	691.5	422.8	1.06	4.58	0	1,232	36	0.56	5.5	19.2	0.0	0.0	12.05	0	1.2758	1.9695	680	683.15	961.17	
2102812	59	688.3	690.2	556.5	690.5	422.5	-0.06	4.58	0	1,190	35	0.00	5.5	19.2	0.0	0.0	16.55	0	1.2758	1.9695	680	683.33	962.27	
2103437	59	688.0	689.5	556.0	689.5	422.8	0.88	4.58	0	1,173	34	0.56	5.5	19.2	0.0	0.0	17.53	0	1.2758	1.9695	680	683.43	965.62	
2104046	60	687.8	688.2	555.3	687.8	422.2	0.88	4.58	0	1,201	33	0.56	5.5	19.2	0.0	0.0	17.48	0	1.2758	1.9695	680	683.64	968.52	
2104647	60	687.8	686.8	554.3	686.5	422.2	0.56	4.58	0	1,376	32	0.81	5.5	19.2	0.0	0.0	17.53	0	1.2758	1.9695	680	683.73	971.56	
2105212	60	687.7	685.8	554.0	685.8	421.8	0.38	4.58	0	1,526	31	1.12	5.5	19.2	0.0	0.0	17.79	0	1.2758	1.9695	680	683.85	974.14	
2105801	60	687.8	684.5	553.1	684.5	421.8	0.38	4.58	0	1,477	29	1.12	5.5	19.2	0.0	0.0	17.98	0	1.2758	1.9695	680	684.04	975.78	
2106366	60	687.9	683.5	552.5	683.2	421.2	0.69	4.58	0	1,464	29	0.81	5.5	19.2	0.0	0.0	14.74	0	1.2758	1.9695	680	684.13	970.62	
2106952	61	687.9	681.8	551.7	682.2	421.5	1.75	4.58	0	1,502	29	1.62	5.5	19.2	0.0	0.0	32.74	0	1.2758	1.9695	680	684.25	967.11	
2107517	61	687.8	680.8	551.0	680.5	421.5	2.25	4.58	0	1,545	30	2.75	5.5	19.2	0.0	0.0	42.12	0	1.2758	1.9695	680	684.34	982.11	
2108131	61	687.4	679.5	550.5	679.5	421.2	2.44	4.58	0	1,528	31	3.50	5.5	19.2	0.0	0.0	42.42	0	1.2758	1.9695	680	684.44	1,000.16	
2108846	61	686.8	678.8	549.8	679.2	421.2	2.25	4.58	0	1,582	32	3.00	5.5	19.2	0.0	0.0	35.62	0	1.2758	1.9695	680	684.53	1,003.91	
2109445	61	686.1	678.5	549.8	678.5	420.8	1.44	4.58	0	1,223	32	2.19	5.5	19.2	0.0	0.0	43.73	0	1.2758	1.9695	680	684.65	1,005.39	
2110091	61	684.9	678.5	549.8	678.2	420.8	1.94	4.58	0	1,204	33	2.44	5.5	19.2	0.0	0.0	42.26	0	1.2758	1.9695	680	684.74	1,000.55	
2110655	60	683.9	679.2	550.0	679.2	420.5	2.12	4.58	0	1,204	34	2.44	5.5	19.2	0.0	0.0	55.34	0	1.2758	1.9695	680	684.74	999.92	
2111271	60	682.7	679.5	550.0	679.8	420.5	2.62	4.58	0	1,215	35	5.12	5.5	19.2	0.0	0.0	57.61	0	1.2758	1.9695	680	684.74	997.97	
2111898	60	681.4	680.5	550.6	680.2	420.5	1.75	4.58	0	1,203	36	3.00	5.5	19.2	0.0	0.0	25.80	0	1.2758	1.9695	680	684.74	990.39	
2112476	60	680.5	681.2	550.8	680.8	420.5	1.06	4.58	0	1,221	35	0.56	5.5	19.2	0.0	0.0	16.27	0	1.2758	1.9695	680	684.65	972.50	
2113063	60	679.6	681.8	551.0	681.8	420.5	1.25	4.58	0	1,192	35	0.31	5.5	19.2	0.0	0.0	13.88	0	1.2758	1.9695	680	684.65	965.55	
2113652	60	678.8	682.5	551.5	682.8	420.2	1.06	4.58	0	1,168	34	0.31	5.5	19.2	0.0	0.0	17.32	0	1.2758	1.9695	680	684.65	964.45	
2114296	60	678.0	683.2	551.7	683.2	420.5	1.06	4.58	0	1,129	33	0.00	5.5	19.2	0.0	0.0	16.83	0	1.2758	1.9695	680	684.65	968.59	
2114894	60	677.4	683.5	551.5	683.2	419.8	1.06	4.58	0	1,075	32	0.00	5.5	19.2	0.0	0.0	16.97	0	1.2758	1.9695	680	684.53	968.59	
2115508	60	676.9	683.2	551.5	683.2	419.8	1.25	4.58	0	982	28	0.00	5.5	19.2	0.0	0.0	11.60	0	1.2758	1.9695	680	684.53	967.19	
2116087	60	676.5	682.5	551.1	682.5	419.5	1.44	4.58	0	995	25	0.00	5.5	19.2	0.0	0.0	13.45	0	1.2758	1.9695	680	684.53	963.98	
2116658	60	676.0	682.2	551.0	682.2	419.5	1.44	4.58	0	860	21	0.31	5.5	19.2	0.0	0.0	20.91	0	1.2758	1.9695	680	684.44	961.02	
2117216	61	675.5	681.5	550.3	681.5	419.2	1.44	4.58	0	930	17	0.31	5.5	19.2	0.0	0.0	19.29	0	1.2758	1.9695	680	684.44	960.47	
2117792	61	675.0	680.5	550.0	680.2	418.8	1.44	4.58	0	939	13	0.56	5.5	19.2	0.0	0.0	19.12	0	1.2758	1.9695	680	684.34	959.77	
2118438	61	674.7	679.8	549.3	679.8	418.8	1.25	4.58	0	918	10	0.56	5.5	19.2	0.0	0.0	20.23	0	1.2758	1.9695	680	684.25	958.98	
2119029	61	674.1	679.2	549.0	678.8	418.5	1.44	4.58	0	882	8	0.56	5.5	19.2	0.0	0.0	21.70	0	1.2758	1.9695	680	684.13	959.45	
2119592	61	673.4	677.8	548.2	678.2	418.5	1.25	4.58	0	835	5	0.56	5.5	19.2	0.0	0.0	22.03	0	1.2758	1.9695	680	684.13	958.75	
2120153	61	672.9	677.5	547.5	677.5	418.2	1.44	4.58	0	826	3	0.56	5.5	19.2	0.0	0.0	22.92	0	1.2758	1.9695	680	684.04	958.75	
2120764	61	672.3	676.2	547.0	676.2	417.5	1.44	4.58	0	838	0	0.56	5.5	19.2	0.0	0.0	22.59	0	1.2758	1.9695	680	683.94	958.67	
2121371	61	671.7	675.5	546.5	675.5	417.2	1.25	4.58	0	817	0	0.56	5.5	19.2	0.0	0.0	23.81	0	1.2758	1.9695	680	683.85	957.66	
2121988	61	671.1	674.5	546.0	674.8	417.2	1.44	4.58	0	839	0	1.12	5.5	19.2	0.0	0.0	28.45	0	1.2758	1.9695	680	683.64	959.69	
2122547	62	670.4	674.2	545.3	673.8	416.8	1.25	4.58	0	841	0	0.81	5.5	19.2	0.0	0.0	27.47	0	1.2758	1.9695	680	683.55	960.62	
2123114	62	669.8	673.5	545.3	673.5	416.5	1.44	4.58	0	846	0	0.81	5.5	19.2	0.0	0.0	26.11	0	1.2758	1.9695	680	683.43	961.17	
2123711	62	669.1	672.8	544.5	672.5	416.2	1.44	4.58	0	832	0	0.81	5.5	19.2	0.0	0.0	26.70	0	1.2758	1.9695	680	683.24	961.41	
2124334	62	668.3	672.2	544.2	671.8	416.2	1.44	4.58	0	841	0	0.56	5.5	19.2	0.0	0.0	24.52	0	1.2758	1.9695	680	683.15	961.48	
2124924	62	667.6	671.5	543.6	671.8	415.5	1.44	4.58	0	826	0	0.56	5.5	19.2	0.0	0.0	23.20	0	1.2758	1.9695	680	682.94	961.02	
2125501	62	666.9	671.2	543.5	671.2	415.5	1.44	4.58	0	827	0	0.56	5.5	19.2	0.0	0.0	22.03	0	1.2758	1.9695	680	682.84	960.31	
2126111	62	666.2	670.5	542.8	670.5	414.8	1.25	4.58	0	818	0	0.56	5.5	19.2	0.0	0.0	21.96	0	1.2758	1.9695	680	682.63	959.45	
2126731	62	665.4	670.2	542.6	669.8	414.8	1.44	4.58	0	809	0	0.31	5.5	19.2	0.0	0.0	22.20	0	1.2758	1.9695	680	682.44	958.67	
2127317	62	664.7	670.2	542.3	670.2	414.5	1.44	4.58	0	803	0	0.56	5.5	19.2	0.0	0.0	22.66	0	1.2758	1.9695	680	682.35	958.59	
2128013	62	664.0	669.5	541.8	669.5	414.5	1.44	4.58	0	814	0	0.31	5.5	19.2	0.0	0.0	22.29	0	1.2758	1.9695	680	682.14	958.36	
2128666	62	663.3	669.2	541.7	668.5	413.8	1.25	4.58	0	818	0	0.56	5.5	19.2	0.0	0.0	21.82	0	1.2758	1.9695	680	681.93	958.12	
2129211	62	662.4	668.8	541.5	668.8	413.5	1.25	4.58	0	811	0	0.56	5.5	19.2	0.0	0.0	21.96	0	1.2758	1.9695	680	681.74	957.97	
2129746	62	661.8	667.8	541.1	668.2	413.2	1.44	4.58	0	805	0	0.56	5.5	19.2	0.0	0.0	22.01	0	1.2758	1.9695	680	681.65	958.05	
2130391	62	661.0	667.5	540.5	667.8	413.5	1.44	4.58	0	804	0	0.56	5.5	19.2	0.0	0.0	22.12	0	1.2758	1.9695	680	681.44	957.81	
2130966	62	660.3	667.2	540.3	667.5	413.2	1.25	4.58	0	803	0	0.31	5.5	19.2	0.0	0.0	22.15	0	1.2758	1.9695	680	681.25	957.73	
2131570	62	659.6	667.2	540.3	667.2	413.2	1.44	4.58	0	792	0	0.56	5.5	19.2	0.0	0.0	22.45	0	1.2758	1.9695	680	681.04	956.17	
2132248	62	658.8	666.5	539.5	666.5	412.8	1.94	4.58	0	838	0	1.62	5.5	19.2	0.0	0.0	41.72	0	1.2758	1.9695	680	680.85	960.86	
2132852	63	657.8	666.5	539.5	666.2	412.5	1.56	4.58	0	1,073	2	1.38	5.5	19.2	0.0	0.0	42.96	0	1.2758	1.9695	680	680.64	966.25	
2133525	63	656.6	666.2	539.3	666.5	412.2	1.94	4.58	0	1,148	5	1.94	5.5	19.2	0.0	0.0	39.02	0	1.2758	1.9695	680	680.33	974.84	
2134093	62	655.4	666.5	539.5	666.8	412.5	1.75	4.58	0	1,219	7	1.62	5.5	19.2	0.0	0.0	27.70	0	1.2758	1.9695	680	680.03	978.59	
2134693	62	654.2	666.5	539.5	666.8	412.2	1.44	4.58	0	1,032	8	0.81	5.5	19.2	0.0	0.0	27.63	0	1.2758	1.9695	675	679.75	969.92	
2135283	62	653.1	667.5	539.8	667.5	412.2	1.75	4.58	0	1,195	9	1.12	5.5	19.2	0.0	0.0	31.20	0	1.2758	1.9695	675	679.44	967.50	
2135859	62	651.9	668.2	540.0	668.2	412.5	1.56	4.58	0	1,293	9	1.38	5.5	19.2	0.0	0.0	28.64	0	1.2758	1.9695	675	679.23	971.72	
2136464	62	650.6	668.8	540.3	668.8	412.2	-0.06	4.58	0	1,124	10	0.81	5.5	19.2	0.0	0.0	21.52	0	1.2758	1.9695	675	678.93	963.59	
2137193	62	649.5	669.8	540.6	669.8	411.8	1.44	4.58	0	920	10	0.31	5.5	19.2	0.0	0.0	22.50	0	1.2758	1.9695	675	678.53	959.61	
2137801	62	648.4	670.8	541.3	670.8	411.8	1.44	4.58	0	910	10	0.56	5.5	19.2	0.0	0.0	23.55	0	1.2758	1.9695	675	678.25	957.89	
2138400	62	647.1	671.5	541.6	671.8	412.2	1.44	4.58	0	961	10	0.56	5.5	19.2	0.0	0.0	21.91	0	1.2758	1.9695	675	677.94	959.45	
2138976	62	646.0	672.2	542.1	672.5	411.8	1.75	4.58	0	1,033	10	1.12	5.5	19.2	0.0	0.0	31.17	0	1.2758	1.9695	675	677.64	958.75	
2139542	62	644.8	673.2	542.3	673.5	411.8	1.94	4.58	0	1,254	10	1.62	5.5	19.2	0.0	0.0	35.13	0	1.2758	1.9695	675	677.24	963.12	
2140096	62	643.6	673.5	542.8	673.5	412.2	2.25	4.58	0	1,361	11	2.44	5.5	19.2	0.0	0.0	42.49	0	1.2758	1.9695	675	676.84	973.28	
2140765	62	641.9	674.2	543.0	674.5	412.2	2.44	4.58	0	1,444	13	3.81	5.5	19.2	0.0	0.0	47.13	0	1.2758	1.9695	675	676.35	996.80	
2141361	62	640.2	675.5	543.6	675.5	411.5	2.44	4.58	0	1,443	15	4.06	5.5	19.2	0.0	0.0	47.13	0	1.2758	1.9695	675	675.74	1,012.89	
2141953	62	638.3	676.5	544.3	676.8	412.2	2.12	4.58	0	1,410	17	3.25	5.5	19.2	0.0	0.0	45.16	0	1.2758	1.9695	675	675.13	1,011.48	
2142557	62	636.3	678.5	545.2	678.2	412.2	2.44	4.58	0	1,488	19	4.31	5.5	19.2	0.0	0.0	50.02	0	1.2758	1.9695	670	674.43	1,024.69	
2143149	61	634.2	680.2	546.2	680.2	412.5	3.31	4.58	0	1,670	21	5.69	5.5	19.2	0.0	0.0	54.82	0	1.2758	1.9695	670	673.63	1,051.17	
2143728	61	631.8	682.5	547.3	682.5	412.8	4.69	4.58	0	1,843	24	8.38	5.5	19.2	0.0	0.0	62.88	0	1.2758	1.9695	670	672.53	1,094.45	
2144318	61	629.1	685.2	548.8	684.8	412.8	7.31	4.58	0	2,081	27	14.62	5.5	19.2	0.0	0.0	77.74	0	1.2758	1.9695	670	671.24	1,267.34	
2144879	61	627.0	687.5	550.0	687.8	413.5	5.56	4.58	0	1,598	29	14.31	5.5	19.2	0.0	0.0	87.09	0	1.2758	1.9695	670	670.05	1,280.16	
2145465	60	625.4	690.8	551.8	690.8	413.5	5.75	4.58	0	1,556	32	14.31	5.5	19.2	0.0	0.0	83.20	0	1.2758	1.9695	665	668.33	1,298.12	
2146105	60	624.2	694.2	553.6	694.5	413.8	6.62	4.58	0	1,724	35	14.88	5.5	19.2	0.0	0.0	82.50	0	1.2758	1.9695	665	666.34	1,308.75	
2146818	60	623.8	698.5	556.0	698.5	414.2	10.94	4.58	0	1,863	37	25.94	5.5	19.2	0.0	0.0	118.76	0	1.2758	1.9695	660	664.05	1,614.92	
2147412	59	624.1	702.5	558.3	702.8	414.8	15.81	4.58	0	2,030	42	37.00	5.5	19.2	0.0	0.0	112.20	0	1.2758	1.9625	660	662.03	1,553.67	
2147972	59	625.5	707.2	561.3	707.2	415.8	16.50	4.58	0	2,227	45	42.44	5.5	19.2	0.0	0.0	117.05	0	1.2758	1.9703	660	660.34	1,585.39	
2148531	59	628.0	711.2	563.6	711.5	416.5	18.25	4.58	0	2,428	49	46.75	5.5	19.6	0.0	0.0	112.17	0	1.2758	1.9703	655	658.54	1,560.16	
2149115	59	631.3	716.2	565.6	716.5	417.5	20.19	4.58	0	2,640	53	51.06	5.5	19.6	0.0	0.0	108.96	0	1.2758	1.9852	655	656.94	1,508.83	
2149689	58	636.0	720.8	569.2	721.5	418.5	18.75	4.58	0	2,781	56	45.12	5.5	19.6	0.0	0.0	94.90	0	1.2758	1.9852	655	655.75	1,244.06	
2150311	58	641.4	726.5	572.3	726.5	419.2	3.31	4.58	0	2,065	57	6.75	5.5	19.6	0.0	0.0	21.02	0	1.2758	1.9922	655	655.05	1,015.23	
2150904	57	645.1	730.5	575.1	731.2	420.2	1.25	4.58	0	1,913	57	0.81	5.5	19.6	0.0	0.0	21.96	0	1.2758	1.9922	650	654.65	956.09	
2151490	57	648.6	735.2	577.6	735.5	420.8	5.75	4.58	0	1,972	58	8.94	5.5	19.6	0.0	0.0	64.36	0	1.2758	1.9922	650	654.13	976.80	
2152057	58	652.4	738.2	579.2	738.5	421.8	7.81	4.58	0	1,998	59	15.12	5.5	19.6	0.0	0.0	87.91	0	1.2758	1.9922	650	653.94	1,286.72	
2152690	58	657.3	740.8	581.5	741.5	422.5	13.19	4.58	0	2,044	61	31.06	5.5	19.6	0.0	0.0	120.45	0	1.2758	2.0000	650	654.04	1,745.70	
2153319	58	663.4	743.5	583.5	743.8	423.2	19.31	4.58	0	2,174	64	45.38	5.5	19.6	0.0	0.0	126.42	0	1.2758	1.9922	650	654.65	1,748.75	
2153898	58	669.3	745.5	585.0	746.2	424.5	11.62	4.58	0	2,289	66	21.06	5.5	19.6	0.0	0.0	44.32	0	1.2758	1.9922	655	655.63	1,089.14	
2154458	58	673.8	748.2	586.3	748.2	425.5	1.25	4.58	0	2,261	67	1.94	5.5	20.0	0.0	0.0	15.33	0	1.2758	2.0070	655	656.43	987.97	
2155054	57	677.0	749.5	587.6	749.5	426.5	2.44	4.58	0	2,226	66	0.31	5.5	20.0	0.0	0.0	11.77	0	1.2758	2.0070	655	657.13	965.47	
2155670	57	680.2	750.8	589.0	750.8	427.2	1.94	4.58	0	2,126	66	1.38	5.5	19.6	0.0	0.0	17.77	0	1.2758	1.9922	655	657.93	968.20	
2156394	57	682.7	751.5	589.8	751.8	427.8	0.56	4.58	0	1,727	65	1.12	5.5	19.6	0.0	0.0	17.23	0	1.2758	2.0070	655	658.84	976.95	
2156981	58	685.0	751.8	590.1	752.2	428.8	0.38	4.58	0	1,658	64	1.38	5.5	19.6	0.0	0.0	17.23	0	1.2758	2.0000	655	659.33	977.97	
2157622	58	687.5	751.5	590.7	751.8	429.2	0.38	4.58	0	1,476	64	1.12	5.5	19.6	0.0	0.0	17.72	0	1.2758	2.0000	660	660.04	977.03	
2158241	58	689.3	750.5	590.3	750.5	429.8	0.56	4.58	0	1,328	63	0.81	5.5	19.6	0.0	0.0	16.92	0	1.2758	1.9922	660	660.65	976.02	
2158830	59	691.1	749.2	589.8	749.2	430.2	0.56	4.58	0	1,319	62	0.81	5.5	19.6	0.0	0.0	17.34	0	1.2758	1.9922	660	661.14	975.23	
2159471	59	692.4	747.8	589.1	747.8	431.2	0.69	4.58	0	1,295	62	0.56	5.5	19.6	0.0	0.0	17.34	0	1.2758	2.0000	660	661.63	975.23	
2160066	59	693.8	745.5	588.5	745.5	431.5	0.69	4.58	0	1,286	61	0.81	5.5	19.6	0.0	0.0	17.30	0	1.2758	2.0000	660	662.15	974.38	
2160728	59	695.1	743.5	588.0	743.2	432.2	0.88	4.58	0	1,273	61	0.56	5.5	19.6	0.0	0.0	17.27	0	1.2758	1.9922	660	662.73	973.83	
2161351	60	696.2	741.2	586.8	741.2	432.5	0.88	4.58	0	1,264	60	0.81	5.5	19.6	0.0	0.0	17.13	0	1.2758	1.9922	660	663.13	973.52	
2161945	60	697.2	738.5	585.8	738.2	432.8	0.88	4.58	0	1,248	60	0.56	5.5	19.6	0.0	0.0	17.48	0	1.2758	1.9922	660	663.53	973.44	
2162543	60	698.1	736.2	584.7	735.8	433.2	0.88	4.58	0	1,240	59	0.56	5.5	19.6	0.0	0.0	17.25	0	1.2758	1.9852	660	664.05	972.97	
2163124	60	698.8	733.5	583.5	733.5	433.5	0.88	4.58	0	1,229	59	0.56	5.5	19.6	0.0	0.0	17.62	0	1.2758	2.0000	660	664.44	972.42	
2163705	60	699.5	731.2	582.0	730.8	433.5	0.88	4.58	0	1,218	58	0.56	5.5	19.6	0.0	0.0	17.74	0	1.2758	1.9922	660	664.84	972.42	
2164336	61	700.2	728.8	581.3	728.5	433.8	0.88	4.58	0	1,208	58	0.56	5.5	19.6	0.0	0.0	17.51	0	1.2758	1.9852	665	665.24	972.19	
2164961	61	700.8	725.2	579.8	725.5	433.5	0.88	4.58	0	1,199	57	0.56	5.5	19.6	0.0	0.0	17.95	0	1.2758	1.9922	665	665.64	972.03	
2165648	61	701.4	723.2	578.6	722.8	433.5	0.88	4.58	0	1,187	57	0.56	5.5	19.6	0.0	0.0	18.02	0	1.2758	1.9922	665	666.04	971.72	
2166259	61	701.8	719.8	577.1	719.8	433.5	0.88	4.58	0	1,175	56	0.56	5.5	19.6	0.0	0.0	18.09	0	1.2758	1.9922	665	666.44	971.56	
2166846	61	702.4	717.2	575.5	716.5	433.8	0.88	4.58	0	1,154	55	0.56	5.5	19.6	0.0	0.0	17.95	0	1.2758	1.9922	665	666.83	970.86	
2167476	61	702.8	714.5	574.3	714.2	433.8	0.88	4.58	0	1,123	53	0.31	5.5	19.6	0.0	0.0	17.91	0	1.2758	1.9922	665	667.23	970.08	
2168043	62	703.1	712.5	573.0	712.2	433.5	1.06	4.58	0	1,115	53	0.31	5.5	19.6	0.0	0.0	15.21	0	1.2758	1.9922	665	667.54	969.30	
2168672	62	703.4	709.5	571.6	709.2	433.8	1.06	4.58	0	1,344	52	0.31	5.5	19.6	0.0	0.0	17.11	0	1.2758	1.9922	665	667.94	969.06	
2169239	62	703.7	706.8	570.5	706.5	433.8	0.69	4.58	0	1,315	52	0.81	5.5	19.6	0.0	0.0	18.45	0	1.2758	1.9922	665	668.24	971.48	
2169846	62	704.0	704.5	569.3	704.5	433.2	0.69	4.58	0	1,327	51	0.81	5.5	19.6	0.0	0.0	19.03	0	1.2758	1.9922	665	668.64	972.73	
2170465	62	704.3	702.2	567.6	701.8	433.2	0.69	4.58	0	1,305	51	0.81	5.5	19.6	0.0	0.0	18.61	0	1.2758	1.9922	665	668.94	973.75	
2171070	62	704.6	699.5	566.5	699.5	433.2	0.69	4.58	0	1,288	50	0.81	5.5	19.6	0.0	0.0	19.01	0	1.2758	1.9922	665	669.25	974.14	
2171672	62	704.9	697.5	565.3	697.2	432.8	0.69	4.58	0	1,282	49	0.56	5.5	19.6	0.0	0.0	18.91	0	1.2758	1.9922	665	669.53	974.06	
2172262	63	705.2	695.2	564.3	694.8	432.5	0.69	4.58	0	1,253	49	0.56	5.5	19.6	0.0	0.0	18.89	0	1.2758	1.9922	670	669.93	973.75	
2172857	63	705.4	693.2	562.8	692.8	432.8	0.69	4.58	0	1,240	48	0.56	5.5	19.6	0.0	0.0	19.17	0	1.2758	1.9922	670	670.23	972.97	
2173415	63	705.6	690.8	561.8	690.8	432.5	0.88	4.58	0	1,227	48	0.56	5.5	19.6	0.0	0.0	19.10	0	1.2758	1.9922	670	670.54	972.97	
2173978	63	705.8	688.5	560.6	688.5	431.8	0.88	4.58	0	1,209	47	0.56	5.5	19.6	0.0	0.0	18.98	0	1.2758	1.9922	670	670.75	972.66	
2174516	63	706.0	687.2	559.5	687.2	431.5	0.88	4.58	0	1,201	47	0.56	5.5	19.6	0.0	0.0	19.05	0	1.2758	1.9922	670	671.03	972.11	
2175203	63	706.2	684.8	558.3	685.2	431.8	0.88	4.58	0	1,181	46	0.56	5.5	19.6	0.0	0.0	19.10	0	1.2758	1.9922	670	671.33	971.33	
2175794	63	706.3	683.2	557.5	683.2	431.5	0.88	4.58	0	1,176	46	0.56	5.5	19.6	0.0	0.0	19.27	0	1.2758	1.9922	670	671.55	971.56	
2176359	63	706.5	681.2	556.0	680.8	430.8	0.88	4.58	0	1,154	45	0.56	5.5	19.6	0.0	0.0	19.08	0	1.2758	1.9922	670	671.73	970.94	
2176962	63	706.6	679.5	555.0	679.2	430.5	0.88	4.58	0	1,138	44	0.56	5.5	19.6	0.0	0.0	18.82	0	1.2758	1.9922	670	672.04	970.47	
2177506	63	706.7	677.2	553.8	677.2	429.8	1.06	4.58	0	1,342	43	0.81	5.5	19.6	0.0	0.0	12.82	0	1.2758	1.9922	670	672.25	968.36	
2178109	63	706.8	675.5	553.0	675.5	429.8	0.56	4.58	0	1,380	42	0.81	5.5	19.6	0.0	0.0	19.01	0	1.2758	1.9922	670	672.44	970.47	
2178718	63	706.9	674.2	551.6	673.8	429.5	0.56	4.58	0	1,388	41	0.81	5.5	19.6	0.0	0.0	20.04	0	1.2758	1.9922	670	672.65	972.97	
2179329	64	706.9	672.2	550.8	672.2	429.2	0.56	4.58	0	1,321	39	0.81	5.5	19.6	0.0	0.0	20.04	0	1.2758	1.9922	670	672.83	974.14	
2179872	64	707.0	670.8	549.8	670.5	428.5	0.88	4.58	0	1,259	36	0.56	5.5	19.6	0.0	0.0	19.31	0	1.2758	1.9922	670	673.05	973.91	
2180489	64	707.1	669.2	548.8	668.8	428.5	1.06	4.58	0	1,075	32	0.56	5.5	19.6	0.0	0.0	19.88	0	1.2758	1.9922	670	673.23	971.33	
2181066	64	707.2	667.8	548.0	667.5	428.2	1.25	4.58	0	1,093	27	0.31	5.5	19.6	0.0	0.0	11.58	0	1.2758	1.9922	670	673.44	967.50	
2181644	64	707.2	666.2	547.0	665.8	428.5	1.25	4.58	0	1,080	24	0.31	5.5	19.6	0.0	0.0	13.59	0	1.2758	1.9922	670	673.63	964.06	
2182219	64	707.2	664.8	546.1	664.5	427.2	1.44	4.58	0	902	22	0.31	5.5	19.6	0.0	0.0	17.23	0	1.2758	1.9922	670	673.84	961.88	
2182789	64	707.2	663.2	545.3	663.2	426.8	1.44	4.58	0	947	19	0.56	5.5	19.6	0.0	0.0	17.79	0	1.2758	1.9922	670	673.94	960.47	
2183348	64	707.1	661.5	544.1	661.8	426.5	1.44	4.58	0	930	17	0.31	5.5	19.6	0.0	0.0	18.28	0	1.2758	1.9922	670	674.15	959.45	
2183934	64	707.0	660.5	543.5	660.2	426.2	1.44	4.58	0	936	14	0.31	5.5	19.6	0.0	0.0	18.59	0	1.2758	1.9922	670	674.33	958.91	
2184653	64	706.8	659.2	542.3	658.8	425.5	1.25	4.58	0	927	11	0.31	5.5	19.6	0.0	0.0	19.71	0	1.2758	1.9922	670	674.55	957.97	
2185223	64	706.6	657.5	541.5	657.2	425.5	1.44	4.58	0	922	8	0.56	5.5	19.6	0.0	0.0	21.42	0	1.2758	1.9922	670	674.73	957.73	
2185788	64	706.3	656.2	541.0	656.2	424.8	1.44	4.58	0	860	8	0.56	5.5	19.6	0.0	0.0	27.80	0	1.2758	1.9922	675	674.94	958.36	
2186367	64	706.0	654.8	539.8	654.8	424.8	1.44	4.58	0	1,001	9	1.12	5.5	19.6	0.0	0.0	21.63	0	1.2758	1.9922	675	675.13	960.62	
2186926	64	705.7	653.2	538.6	653.5	423.8	1.44	4.58	0	969	9	0.56	5.5	19.6	0.0	0.0	21.33	0	1.2758	1.9922	675	675.34	960.31	
2187517	64	705.3	652.5	538.0	652.8	423.2	1.44	4.58	0	954	9	0.56	5.5	19.6	0.0	0.0	21.87	0	1.2758	1.9922	675	675.53	959.92	
2188099	64	704.9	651.5	537.1	651.5	423.2	1.44	4.58	0	951	8	0.56	5.5	19.6	0.0	0.0	21.87	0	1.2758	1.9922	675	675.83	959.77	
2188704	64	704.4	650.8	536.6	650.5	422.5	1.44	4.58	0	942	8	0.56	5.5	19.6	0.0	0.0	21.77	0	1.2758	1.9922	675	676.05	959.61	
2189289	64	704.0	649.8	536.2	649.8	422.5	1.44	4.58	0	939	8	0.56	5.5	19.6	0.0	0.0	22.01	0	1.2758	1.9922	675	676.35	959.30	
2189826	64	703.5	649.5	535.8	649.2	421.8	1.44	4.58	0	933	7	0.56	5.5	19.6	0.0	0.0	22.64	0	1.2758	1.9922	675	676.54	959.38	
2190401	64	703.0	648.5	534.8	648.2	421.2	1.44	4.58	0	953	7	0.56	5.5	19.6	0.0	0.0	22.80	0	1.2758	1.9922	675	676.75	959.61	
2190945	64	702.4	647.8	534.0	647.5	421.2	1.44	4.58	0	950	6	0.56	5.5	19.6	0.0	0.0	22.90	0	1.2758	1.9922	675	676.94	959.53	
2191568	64	701.8	646.8	534.0	646.8	420.5	1.44	4.58	0	954	6	0.56	5.5	19.6	0.0	0.0	36.54	0	1.2758	1.9922	675	677.15	956.33	
2192140	64	701.1	646.2	533.2	646.2	420.5	2.12	4.58	0	1,270	5	2.19	5.5	19.6	0.0	0.0	41.51	0	1.2758	1.9922	675	677.43	967.03	
2192741	64	700.2	645.8	532.5	645.5	419.8	2.12	4.58	0	1,302	6	2.75	5.5	19.6	0.0	0.0	46.17	0	1.2758	1.9922	675	677.85	981.88	
2193448	64	699.0	645.5	532.3	645.5	419.5	2.25	4.58	0	1,400	7	3.50	5.5	19.6	0.0	0.0	43.15	0	1.2758	1.9922	675	678.25	993.83	
2194000	64	697.7	645.2	532.2	644.5	419.5	1.44	4.58	0	1,204	7	0.81	5.5	19.6	0.0	0.0	18.77	0	1.2758	1.9922	675	678.65	974.38	
2194570	63	696.5	645.5	532.0	645.5	418.8	1.56	4.58	0	925	6	0.56	5.5	19.6	0.0	0.0	35.44	0	1.2758	1.9922	675	678.83	967.11	
2195189	63	695.1	645.5	532.0	645.5	418.8	2.12	4.58	0	1,293	4	2.19	5.5	19.6	0.0	0.0	56.55	0	1.2758	1.9922	675	679.23	971.02	
2195767	63	693.6	645.5	532.0	645.8	418.5	2.81	4.58	0	1,464	5	5.44	5.5	19.6	0.0	0.0	56.81	0	1.2758	1.9922	675	679.63	1,024.06	
2196329	63	691.7	646.2	532.2	646.2	417.8	3.00	4.58	0	1,514	6	5.69	5.5	19.6	0.0	0.0	56.46	0	1.2758	1.9922	680	679.94	1,049.61	
2196939	63	689.6	647.2	532.1	647.2	417.5	3.31	4.58	0	1,586	8	6.25	5.5	19.6	0.0	0.0	56.72	0	1.2758	1.9922	680	680.24	1,071.09	
2197564	62	687.0	647.5	532.8	648.2	417.8	3.31	4.58	0	1,588	9	6.75	5.5	19.6	0.0	0.0	52.55	0	1.2758	1.9922	680	680.55	1,050.94	
2198182	62	684.4	649.2	533.3	649.5	417.5	2.12	4.58	0	1,445	9	3.50	5.5	19.6	0.0	0.0	40.12	0	1.2758	1.9922	680	680.73	1,001.25	
2198773	62	682.1	650.5	533.8	650.8	417.5	2.12	4.58	0	1,349	10	2.44	5.5	19.6	0.0	0.0	37.52	0	1.2758	1.9922	680	680.85	1,008.67	
2199406	61	679.7	652.2	534.7	652.2	416.8	1.94	4.58	0	1,382	10	2.19	5.5	19.6	0.0	0.0	38.34	0	1.2758	1.9922	680	680.94	994.84	
2199977	61	677.4	653.8	535.3	654.2	417.5	2.44	4.58	0	1,501	10	3.50	5.5	19.6	0.0	0.0	47.67	0	1.2758	1.9922	680	680.94	1,003.98	
2200543	61	675.3	655.5	536.5	655.8	417.2	2.62	4.58	0	1,535	12	4.62	5.5	19.6	0.0	0.0	49.05	0	1.2758	1.9922	680	680.94	1,022.19	
2201137	61	673.1	657.2	537.2	657.5	417.5	3.00	4.58	0	1,539	15	5.44	5.5	19.6	0.0	0.0	54.45	0	1.2758	1.9922	680	680.94	1,043.12	
2201702	61	670.7	658.8	538.0	658.8	417.5	3.00	4.58	0	1,507	18	5.44	5.5	19.6	0.0	0.0	53.06	0	1.2758	1.9922	680	680.73	1,057.03	
2202290	61	668.3	660.8	539.0	660.8	417.5	3.00	4.58	0	1,565	20	5.44	5.5	19.6	0.0	0.0	46.83	0	1.2758	1.9922	680	680.55	1,056.72	
2203066	61	665.7	662.8	540.0	663.5	417.2	2.81	4.58	0	1,724	22	4.06	5.5	19.6	0.0	0.0	41.60	0	1.2758	1.9922	680	680.24	1,037.11	
2203676	61	663.4	664.8	541.1	665.2	417.5	3.12	4.58	0	1,809	23	5.94	5.5	19.6	0.0	0.0	55.88	0	1.2758	1.9922	675	679.84	1,065.47	
2204285	60	660.5	667.8	542.5	667.8	417.5	2.62	4.58	0	1,355	25	5.44	5.5	19.6	0.0	0.0	55.10	0	1.2758	1.9922	675	679.35	1,074.30	
2204884	60	658.4	670.5	543.6	670.2	417.8	1.56	4.58	0	1,142	25	1.94	5.5	19.6	0.0	0.0	27.33	0	1.2758	1.9922	675	678.93	1,009.22	
2205478	60	656.7	671.5	544.6	672.2	417.8	1.06	4.58	0	1,246	25	0.81	5.5	19.6	0.0	0.0	16.52	0	1.2758	1.9922	675	678.53	975.94	
2206061	60	655.3	673.8	545.6	674.2	418.2	1.25	4.58	0	1,220	25	0.81	5.5	19.6	0.0	0.0	28.41	0	1.2758	1.9922	675	678.25	967.50	
2206624	60	653.8	675.5	547.0	675.8	418.2	1.94	4.58	0	1,237	25	1.94	5.5	19.6	0.0	0.0	37.80	0	1.2758	1.9922	675	677.94	978.52	
2207194	61	652.5	676.8	547.5	676.8	418.2	2.25	4.58	0	1,138	25	1.38	5.5	19.6	0.0	0.0	18.14	0	1.2758	1.9922	675	677.55	967.97	
2207849	60	651.2	677.8	548.2	677.8	418.2	1.06	4.58	0	1,218	25	0.56	5.5	19.6	0.0	0.0	14.67	0	1.2758	1.9922	675	677.24	962.66	
2208463	60	650.1	678.8	548.6	679.2	418.5	1.06	4.58	0	1,201	24	0.56	5.5	19.6	0.0	0.0	11.67	0	1.2758	1.9922	675	676.84	960.94	
2209076	60	649.1	679.8	549.0	679.5	418.5	0.88	4.58	0	1,128	23	0.31	5.5	19.6	0.0	0.0	16.62	0	1.2758	1.9922	675	676.63	961.72	
2209667	61	648.3	680.2	549.5	680.5	418.5	1.06	4.58	0	1,112	22	0.56	5.5	19.6	0.0	0.0	17.30	0	1.2758	1.9922	675	676.35	966.33	
2210238	61	647.6	680.2	549.5	680.5	418.5	1.25	4.58	0	989	21	0.31	5.5	19.6	0.0	0.0	12.54	0	1.2758	1.9922	675	676.05	963.75	
2210824	61	647.0	679.8	549.5	679.8	418.8	1.75	4.58	0	786	20	0.56	5.5	19.6	0.0	0.0	24.35	0	1.2758	1.9922	675	675.74	963.67	
2211393	61	646.4	679.5	549.0	679.8	418.5	1.25	4.58	0	1,044	18	0.56	5.5	19.6	0.0	0.0	15.23	0	1.2758	1.9922	675	675.44	962.27	
2211975	61	645.8	679.2	548.6	679.2	418.5	1.44	4.58	0	951	16	0.56	5.5	19.6	0.0	0.0	18.35	0	1.2758	1.9922	675	675.25	960.31	
2212689	61	645.2	678.2	548.5	677.8	418.8	1.25	4.58	0	961	14	0.56	5.5	19.6	0.0	0.0	18.33	0	1.2758	1.9922	675	674.85	959.77	
2213207	62	644.6	677.5	548.1	677.5	418.5	1.25	4.58	0	930	12	0.31	5.5	19.6	0.0	0.0	18.96	0	1.2758	1.9922	670	674.64	959.30	
2213789	62	644.1	676.8	547.6	676.8	418.5	1.25	4.58	0	915	11	0.56	5.5	19.6	0.0	0.0	20.41	0	1.2758	1.9922	670	674.33	958.75	
2214386	62	643.5	675.5	547.1	675.8	418.2	1.44	4.58	0	896	10	0.56	5.5	19.6	0.0	0.0	21.89	0	1.2758	1.9922	670	674.15	958.75	
2214969	62	642.9	674.8	546.6	674.8	418.5	1.44	4.58	0	913	10	0.56	5.5	19.6	0.0	0.0	23.04	0	1.2758	1.9922	670	673.94	958.20	
2215551	62	642.3	673.8	546.0	673.5	418.2	1.44	4.58	0	961	9	0.56	5.5	19.6	0.0	0.0	22.76	0	1.2758	1.9922	670	673.63	959.06	
2216144	62	641.7	673.2	545.7	673.2	418.2	1.44	4.58	0	967	9	0.56	5.5	19.6	0.0	0.0	23.18	0	1.2758	1.9922	670	673.35	959.61	
2216692	62	641.2	672.5	545.3	672.2	418.5	1.44	4.58	0	959	8	0.56	5.5	19.6	0.0	0.0	23.11	0	1.2758	1.9922	670	673.05	959.45	
2217261	62	640.6	671.5	545.0	671.5	418.2	1.44	4.58	0	958	8	0.31	5.5	19.6	0.0	0.0	22.85	0	1.2758	1.9922	670	672.74	959.77	
2217880	62	640.0	670.5	544.5	670.5	418.2	1.44	4.58	0	964	8	0.56	5.5	19.6	0.0	0.0	23.41	0	1.2758	1.9922	670	672.34	959.77	
2218470	62	639.3	670.2	544.0	670.2	418.2	1.44	4.58	0	946	8	0.56	5.5	19.6	0.0	0.0	23.27	0	1.2758	1.9922	670	672.13	959.92	
2219031	62	638.7	669.2	543.6	669.2	417.8	1.44	4.58	0	951	9	0.56	5.5	19.6	0.0	0.0	23.30	0	1.2758	1.9922	670	671.85	959.61	
2219599	63	638.1	668.5	543.3	668.8	417.8	1.44	4.58	0	955	11	0.56	5.5	19.6	0.0	0.0	24.66	0	1.2758	1.9922	670	671.43	960.47	
2220177	63	637.5	668.2	543.0	667.8	417.8	1.25	4.58	0	1,008	13	0.56	5.5	19.6	0.0	0.0	19.36	0	1.2758	1.9922	670	671.15	960.31	
2220801	63	636.7	667.8	542.5	667.5	417.5	1.25	4.58	0	1,072	14	0.56	5.5	19.6	0.0	0.0	14.53	0	1.2758	1.9922	670	670.84	960.70	
2221513	63	636.2	667.5	542.3	667.2	417.5	1.44	4.58	0	1,105	14	0.31	5.5	19.6	0.0	0.0	12.19	0	1.2758	1.9922	670	670.44	960.16	
2222082	63	635.5	666.8	542.1	666.8	417.5	1.25	4.58	0	1,147	15	0.31	5.5	19.6	0.0	0.0	12.52	0	1.2758	1.9922	670	670.14	959.45	
2222643	63	634.8	666.2	541.5	665.8	417.2	1.56	4.58	0	1,268	16	0.31	5.5	19.6	0.0	0.0	12.49	0	1.2758	1.9922	670	669.93	959.77	
2223276	63	634.3	665.8	541.0	665.8	417.5	2.12	4.58	0	1,321	17	0.31	5.5	19.6	0.0	0.0	11.88	0	1.2758	1.9922	665	669.65	960.16	
2223937	63	633.6	664.5	540.8	664.5	417.2	0.56	4.58	0	1,249	16	0.56	5.5	19.6	0.0	0.0	18.02	0	1.2758	1.9922	665	669.25	965.08	
2224547	63	633.2	663.8	540.3	663.8	416.8	0.69	4.58	0	1,167	15	0.56	5.5	19.6	0.0	0.0	12.87	0	1.2758	1.9922	665	668.94	967.11	
2225147	63	632.7	663.2	539.8	663.2	416.5	1.25	4.58	0	1,186	15	0.31	5.5	19.6	0.0	0.0	12.35	0	1.2758	1.9922	665	668.64	964.30	
2225709	63	632.3	662.2	539.3	662.2	416.5	1.06	4.58	0	1,184	15	0.31	5.5	19.6	0.0	0.0	12.45	0	1.2758	1.9922	665	668.33	962.97	
2226288	63	631.8	661.2	538.8	661.2	416.5	0.88	4.58	0	1,146	15	0.31	5.5	19.6	0.0	0.0	12.07	0	1.2758	1.9922	665	668.03	961.88	
2226898	63	631.3	660.2	538.6	660.2	416.2	1.06	4.58	0	1,064	13	0.00	5.5	19.6	0.0	0.0	12.16	0	1.2758	1.9922	665	667.75	960.94	
2227609	63	630.8	659.2	537.8	659.5	416.5	1.44	4.58	0	1,058	14	0.31	5.5	19.6	0.0	0.0	11.84	0	1.2758	1.9922	665	667.35	959.61	
2228289	63	630.3	658.2	537.2	658.2	416.2	1.25	4.58	0	1,103	15	0.31	5.5	19.6	0.0	0.0	12.38	0	1.2758	1.9922	665	667.05	959.38	
2228943	63	629.8	657.2	536.6	657.2	415.8	1.25	4.58	0	1,130	14	0.31	5.5	19.6	0.0	0.0	13.27	0	1.2758	1.9922	665	666.65	959.06	
2229587	63	629.3	656.5	536.0	656.2	416.2	1.25	4.58	0	1,027	13	0.31	5.5	19.6	0.0	0.0	12.75	0	1.2758	1.9922	665	666.34	958.59	
2230234	64	628.7	655.5	535.6	655.5	416.2	1.25	4.58	0	935	12	0.31	5.5	19.6	0.0	0.0	14.09	0	1.2758	1.9922	665	666.04	957.97	
2230837	64	628.3	654.2	534.8	654.5	415.8	1.44	4.58	0	909	11	0.31	5.5	19.6	0.0	0.0	16.83	0	1.2758	1.9922	665	665.64	957.73	
2231606	64	627.8	653.5	534.5	653.8	415.8	1.25	4.58	0	907	11	0.31	5.5	19.6	0.0	0.0	18.98	0	1.2758	1.9922	665	665.24	957.73	
2232269	64	627.2	652.5	534.1	652.5	415.5	1.25	4.58	0	900	11	0.56	5.5	19.6	0.0	0.0	20.53	0	1.2758	1.9922	665	664.94	957.66	
2232978	64	626.5	651.2	533.3	650.8	415.5	1.44	4.58	0	881	11	0.31	5.5	19.6	0.0	0.0	17.98	0	1.2758	1.9922	660	664.54	957.89	
2233647	64	625.9	649.8	532.7	649.8	415.2	1.25	4.58	0	897	11	0.31	5.5	19.6	0.0	0.0	20.55	0	1.2758	1.9922	660	664.14	957.73	
2234244	64	625.2	649.5	532.3	649.5	414.8	1.44	4.58	0	909	11	0.31	5.5	19.6	0.0	0.0	22.27	0	1.2758	1.9922	660	663.83	957.89	
2234821	64	624.6	648.5	531.6	648.8	414.5	1.44	4.58	0	896	10	0.31	5.5	19.6	0.0	0.0	26.88	0	1.2758	1.9922	660	663.44	958.12	
2235403	64	624.0	648.2	531.5	648.2	414.8	1.44	4.58	0	992	10	0.56	5.5	19.6	0.0	0.0	20.86	0	1.2758	1.9922	660	663.13	958.75	
2235958	64	623.3	647.5	531.0	647.5	414.5	1.94	4.58	0	1,080	10	0.81	5.5	19.6	0.0	0.0	36.82	0	1.2758	1.9922	660	662.73	957.73	
2236579	64	622.5	646.8	530.6	646.5	414.5	1.94	4.58	0	1,326	12	2.44	5.5	19.6	0.0	0.0	41.95	0	1.2758	1.9922	660	662.33	971.48	
2237178	64	621.4	647.2	530.6	647.2	414.2	2.12	4.58	0	1,360	13	2.75	5.5	19.6	0.0	0.0	44.58	0	1.2758	1.9922	660	661.84	990.16	
2237901	64	620.0	646.8	530.7	646.8	414.2	2.44	4.58	0	1,097	14	1.62	5.5	19.6	0.0	0.0	18.59	0	1.2758	1.9922	660	661.14	974.45	
2238492	63	618.9	647.5	530.8	647.2	414.5	1.25	4.58	0	1,043	14	0.56	5.5	19.6	0.0	0.0	15.52	0	1.2758	1.9922	660	660.74	965.23	
2239119	63	617.8	648.2	531.0	648.2	414.5	1.25	4.58	0	1,018	13	0.31	5.5	19.6	0.0	0.0	13.95	0	1.2758	1.9922	660	660.25	961.41	
2239756	63	616.9	648.8	531.5	648.8	414.2	1.44	4.58	0	942	12	0.31	5.5	19.6	0.0	0.0	15.73	0	1.2758	1.9922	655	659.85	959.30	
2240352	63	616.0	649.5	531.7	649.2	414.2	1.44	4.58	0	875	11	0.31	5.5	19.6	0.0	0.0	21.94	0	1.2758	1.9922	655	659.43	959.45	
2240955	63	615.1	649.5	531.8	649.2	414.2	1.44	4.58	0	898	11	0.56	5.5	19.6	0.0	0.0	23.09	0	1.2758	1.9922	655	659.03	959.22	
2241649	63	614.3	649.5	531.8	649.2	414.2	1.56	4.58	0	963	11	0.81	5.5	19.6	0.0	0.0	36.98	0	1.2758	1.9922	655	658.44	958.05	
2242289	63	613.3	649.5	531.5	649.2	413.8	1.94	4.58	0	1,317	12	2.19	5.5	19.6	0.0	0.0	27.23	0	1.2758	1.9922	655	657.93	969.30	
2242959	63	611.9	649.5	531.6	649.8	413.8	2.12	4.58	0	1,293	12	1.94	5.5	19.6	0.0	0.0	40.69	0	1.2758	1.9922	655	657.34	972.27	
2243569	63	610.6	650.2	531.6	650.2	413.5	1.94	4.58	0	1,413	14	2.44	5.5	19.6	0.0	0.0	38.93	0	1.2758	1.9922	655	656.64	981.48	
2244151	63	609.1	650.5	532.1	651.2	414.2	2.12	4.58	0	1,474	16	2.75	5.5	19.6	0.0	0.0	41.06	0	1.2758	1.9922	655	655.94	989.06	
2244784	63	607.5	651.5	532.3	651.5	413.8	2.12	4.58	0	1,480	17	2.75	5.5	19.6	0.0	0.0	28.73	0	1.2758	1.9922	655	655.14	989.30	
2245390	63	606.1	652.8	533.0	652.8	413.8	1.94	4.58	0	1,342	17	0.81	5.5	19.6	0.0	0.0	13.17	0	1.2758	1.9922	650	654.53	972.11	
2246040	62	604.8	654.2	534.0	654.2	413.8	0.56	4.58	0	1,359	17	0.81	5.5	19.6	0.0	0.0	12.33	0	1.2758	1.9922	650	653.94	965.23	
2246677	62	603.6	655.5	534.6	655.5	413.8	0.88	4.58	0	1,287	16	0.56	5.5	19.6	0.0	0.0	11.65	0	1.2758	1.9922	650	653.33	961.88	
2247363	62	602.6	656.5	535.1	656.8	413.8	0.88	4.58	0	1,184	15	0.31	5.5	19.6	0.0	0.0	17.11	0	1.2758	1.9922	650	652.75	967.34	
2247984	62	601.7	657.2	535.5	657.2	413.5	1.44	4.58	0	1,084	14	0.31	5.5	19.6	0.0	0.0	11.39	0	1.2758	1.9922	650	652.14	965.00	
2248589	62	600.9	657.5	536.0	657.8	414.2	1.25	4.58	0	1,074	13	0.31	5.5	19.6	0.0	0.0	12.61	0	1.2758	1.9922	650	651.53	962.58	
2249270	63	600.1	658.2	535.8	658.2	413.8	1.25	4.58	0	999	13	0.31	5.5	19.6	0.0	0.0	12.05	0	1.2758	1.9922	650	651.04	961.33	
2249857	63	599.3	657.8	535.8	657.8	413.8	1.25	4.58	0	985	12	0.31	5.5	19.6	0.0	0.0	13.64	0	1.2758	1.9922	650	650.55	960.23	
2250423	63	598.7	657.2	535.5	657.8	413.8	1.25	4.58	0	934	12	0.31	5.5	19.6	0.0	0.0	16.62	0	1.2758	1.9922	650	650.03	958.12	
2251132	63	598.0	657.2	535.5	657.2	413.8	1.56	4.58	0	1,003	12	0.81	5.5	19.6	0.0	0.0	33.33	0	1.2758	1.9922	645	649.54	959.30	
2251807	63	597.2	656.8	535.1	656.8	413.8	1.56	4.58	0	1,225	13	1.38	5.5	19.6	0.0	0.0	31.20	0	1.2758	1.9922	645	648.74	965.78	
2252464	63	596.0	656.5	535.1	656.2	413.8	0.19	4.58	0	1,220	14	1.38	5.5	19.6	0.0	0.0	19.55	0	1.2758	1.9922	645	648.13	963.67	
2253023	63	595.1	656.5	534.8	656.2	413.8	1.25	4.58	0	1,084	14	0.31	5.5	19.6	0.0	0.0	14.11	0	1.2758	1.9922	645	647.55	961.33	
2253646	63	594.4	655.8	535.2	655.8	414.2	1.25	4.58	0	1,035	13	0.31	5.5	19.6	0.0	0.0	13.73	0	1.2758	1.9922	645	647.03	959.69	
2254224	63	593.7	656.5	535.0	656.2	414.2	1.06	4.58	0	990	12	0.31	5.5	19.6	0.0	0.0	14.11	0	1.2758	1.9922	645	646.44	958.75	
2254797	63	593.0	656.2	535.2	656.2	413.8	1.25	4.58	0	917	11	0.31	5.5	19.6	0.0	0.0	14.23	0	1.2758	1.9922	645	645.93	959.45	
2255396	63	592.3	655.8	535.0	655.5	413.8	1.44	4.58	0	847	10	0.31	5.5	19.6	0.0	0.0	22.01	0	1.2758	1.9922	645	645.44	958.59	
2256009	63	591.6	655.5	534.6	655.2	413.8	1.44	4.58	0	851	8	0.56	5.5	19.6	0.0	0.0	23.77	0	1.2758	1.9922	645	644.94	958.91	
2256640	63	590.9	654.8	534.1	654.8	413.8	1.44	4.58	0	905	5	0.56	5.5	19.6	0.0	0.0	18.82	0	1.2758	1.9922	640	644.43	959.06	
2257274	63	590.2	654.5	533.8	654.5	413.8	1.44	4.58	0	818	2	0.31	5.5	19.6	0.0	0.0	20.70	0	1.2758	1.9922	640	643.94	958.59	
2257901	63	589.4	653.5	533.5	653.5	413.5	1.44	4.58	0	780	0	0.31	5.5	19.6	0.0	0.0	21.28	0	1.2758	1.9922	640	643.35	957.73	
2258496	63	588.8	653.5	533.5	653.2	413.5	1.44	4.58	0	802	0	0.56	5.5	19.6	0.0	0.0	31.05	0	1.2758	1.9922	640	642.83	956.09	
2258993	63	588.3	652.5	533.3	652.8	413.5	1.56	4.58	0	912	0	0.81	5.5	19.6	0.0	0.0	36.02	0	1.2758	1.9922	640	642.34	958.52	
2259600	64	587.4	652.5	532.8	652.2	413.2	1.56	4.58	0	931	1	1.38	5.5	19.6	0.0	0.0	38.72	0	1.2758	1.9922	640	641.73	963.44	
2260185	64	586.6	651.8	532.5	651.8	413.2	1.56	4.58	0	906	2	1.38	5.5	19.6	0.0	0.0	40.88	0	1.2758	1.9922	640	641.24	970.86	
2260944	63	585.7	651.2	532.0	651.2	412.8	1.75	4.58	0	925	3	1.38	5.5	19.6	0.0	0.0	35.91	0	1.2758	1.9922	640	640.44	974.92	
2261569	63	584.7	651.2	532.1	651.2	412.5	1.56	4.58	0	959	4	1.12	5.5	19.6	0.0	0.0	29.41	0	1.2758	1.9922	635	639.83	971.88	
2262250	63	583.5	651.2	532.0	651.2	412.8	1.56	4.58	0	960	5	0.56	5.5	19.6	0.0	0.0	26.37	0	1.2758	1.9922	635	639.13	968.36	
2262863	63	582.5	651.5	532.1	651.2	412.5	1.44	4.58	0	975	6	0.81	5.5	19.6	0.0	0.0	24.40	0	1.2758	1.9922	635	638.55	966.48	
2263501	63	581.6	651.2	531.8	650.8	412.5	1.44	4.58	0	975	6	0.56	5.5	19.6	0.0	0.0	24.23	0	1.2758	1.9922	635	637.84	964.14	
2264095	63	580.7	651.2	531.8	650.8	412.5	1.44	4.58	0	963	5	0.56	5.5	19.6	0.0	0.0	24.59	0	1.2758	1.9922	635	637.23	962.73	
2264693	63	579.8	651.2	531.6	650.8	412.5	1.44	4.58	0	955	5	0.56	5.5	19.6	0.0	0.0	24.68	0	1.2758	1.9922	635	636.74	962.66	
2265286	63	579.0	651.2	531.8	650.8	412.2	1.44	4.58	0	918	4	0.56	5.5	19.6	0.0	0.0	21.96	0	1.2758	1.9922	635	636.25	961.64	
2265928	63	578.1	651.2	531.5	650.8	412.2	1.44	4.58	0	819	3	0.31	5.5	19.6	0.0	0.0	32.32	0	1.2758	1.9922	635	635.55	959.45	
2266630	63	577.2	650.8	531.5	650.8	411.8	1.56	4.58	0	1,002	3	1.12	5.5	19.6	0.0	0.0	26.48	0	1.2758	1.9922	630	634.84	962.73	
2267199	63	576.3	650.8	531.0	650.8	411.8	1.56	4.58	0	983	4	0.56	5.5	19.6	0.0	0.0	25.69	0	1.2758	1.9922	630	634.23	962.89	
2267764	63	575.5	650.5	531.1	650.5	411.8	1.44	4.58	0	977	3	0.56	5.5	19.6	0.0	0.0	25.20	0	1.2758	1.9922	630	633.74	963.12	
2268359	63	574.7	650.5	531.1	650.8	412.2	1.44	4.58	0	930	2	0.56	5.5	19.6	0.0	0.0	21.73	0	1.2758	1.9922	630	633.13	962.97	
2268927	63	573.9	650.5	531.1	650.5	411.5	1.25	4.58	0	839	1	0.31	5.5	19.6	0.0	0.0	19.99	0	1.2758	1.9922	630	632.64	960.16	
2269497	63	573.2	650.5	530.8	650.5	411.5	1.94	4.58	0	865	0	1.38	5.5	19.6	0.0	0.0	42.14	0	1.2758	1.9922	630	632.03	963.12	
2270085	63	572.3	650.5	531.0	650.2	411.8	1.75	4.58	0	962	1	1.38	5.5	19.6	0.0	0.0	40.17	0	1.2758	1.9922	630	631.35	967.81	
2270791	63	571.5	650.2	531.1	650.5	411.8	1.56	4.58	0	1,076	3	1.12	5.5	19.6	0.0	0.0	32.51	0	1.2758	1.9922	630	630.53	969.14	
2271462	63	570.5	650.5	530.8	650.2	411.5	1.56	4.58	0	1,047	5	1.12	5.5	19.6	0.0	0.0	33.35	0	1.2758	1.9922	625	629.85	968.20	
2272011	63	569.3	650.2	530.8	650.2	411.8	1.56	4.58	0	1,090	6	1.12	5.5	19.6	0.0	0.0	30.35	0	1.2758	1.9922	625	629.15	967.58	
2272633	63	568.3	650.5	531.0	650.8	411.8	1.56	4.58	0	1,170	8	1.38	5.5	19.6	0.0	0.0	32.51	0	1.2758	1.9922	625	628.44	967.50	
2273215	63	567.4	650.5	531.1	650.8	411.5	1.56	4.58	0	1,252	10	1.38	5.5	19.6	0.0	0.0	33.87	0	1.2758	1.9922	625	627.74	969.77	
2273802	63	566.3	650.8	531.3	650.8	411.5	1.75	4.58	0	1,394	11	1.62	5.5	19.6	0.0	0.0	28.50	0	1.2758	1.9922	625	626.94	975.55	
2274356	63	565.3	651.5	531.8	651.5	412.2	0.00	4.58	0	1,095	11	0.56	5.5	19.6	0.0	0.0	22.17	0	1.2758	1.9922	625	626.24	966.80	
2274912	63	564.4	651.5	531.6	651.8	411.8	1.25	4.58	0	1,016	11	0.31	5.5	19.6	0.0	0.0	17.62	0	1.2758	1.9922	625	625.54	962.42	
2275502	63	563.5	652.5	532.0	652.5	412.2	1.44	4.58	0	905	11	0.31	5.5	19.6	0.0	0.0	18.77	0	1.2758	1.9922	625	624.93	959.22	
2276110	63	562.7	652.8	532.5	652.8	412.2	1.56	4.58	0	980	11	0.56	5.5	19.6	0.0	0.0	29.30	0	1.2758	1.9922	620	624.25	957.19	
2276707	63	561.8	653.2	532.8	652.8	412.2	1.44	4.58	0	1,128	11	1.12	5.5	19.6	0.0	0.0	27.96	0	1.2758	1.9922	620	623.43	964.38	
2277264	63	561.0	653.2	532.8	653.2	412.5	0.88	4.58	0	998	12	0.56	5.5	19.6	0.0	0.0	20.77	0	1.2758	1.9922	620	622.94	959.92	
2277893	63	560.2	653.2	532.7	653.5	412.2	1.25	4.58	0	930	12	0.56	5.5	19.6	0.0	0.0	19.73	0	1.2758	1.9922	620	622.14	959.22	
2278482	63	559.5	653.5	532.7	653.5	412.2	1.25	4.58	0	922	11	0.31	5.5	19.6	0.0	0.0	19.90	0	1.2758	1.9922	620	621.65	957.89	
2279126	63	558.7	653.5	532.8	653.2	412.5	1.44	4.58	0	902	11	0.31	5.5	19.6	0.0	0.0	22.22	0	1.2758	1.9922	620	620.85	957.19	
2279877	63	557.9	652.8	533.0	652.8	412.8	1.25	4.58	0	898	9	0.56	5.5	19.6	0.0	0.0	20.51	0	1.2758	1.9922	620	620.24	959.45	
2280494	63	557.2	652.5	532.6	652.5	412.8	1.25	4.58	0	807	7	0.31	5.5	19.6	0.0	0.0	21.75	0	1.2758	1.9922	615	619.44	958.44	
2281110	63	556.5	652.2	532.3	652.5	412.8	1.44	4.58	0	770	5	0.31	5.5	19.6	0.0	0.0	23.91	0	1.2758	1.9922	615	618.93	958.52	
2281711	63	555.9	651.5	532.5	651.5	412.8	1.44	4.58	0	776	3	0.31	5.5	19.6	0.0	0.0	20.67	0	1.2758	1.9922	615	618.34	958.59	
2282288	63	555.2	651.5	532.1	651.5	412.8	1.44	4.58	0	800	1	0.31	5.5	19.6	0.0	0.0	21.59	0	1.2758	1.9922	615	617.73	958.05	
2282898	63	554.6	650.2	531.6	650.5	412.8	1.25	4.58	0	821	0	0.31	5.5	19.6	0.0	0.0	30.96	0	1.2758	1.9922	615	617.24	956.72	
2283556	63	554.0	650.2	531.6	650.2	412.5	1.56	4.58	0	918	0	0.81	5.5	19.6	0.0	0.0	31.17	0	1.2758	1.9922	615	616.63	959.38	
2284167	64	553.3	649.5	531.0	649.5	412.8	1.75	4.58	0	986	1	0.81	5.5	19.6	0.0	0.0	33.45	0	1.2758	1.9922	615	615.93	961.56	
2284723	64	552.7	648.8	531.0	648.8	412.5	1.56	4.58	0	923	2	1.12	5.5	19.6	0.0	0.0	37.64	0	1.2758	1.9922	615	615.34	966.72	
2285338	64	551.9	648.8	530.6	648.5	412.5	1.56	4.58	0	948	3	1.12	5.5	19.6	0.0	0.0	33.89	0	1.2758	1.9922	610	614.73	970.62	
2285938	64	551.1	648.2	530.3	647.8	412.8	1.56	4.58	0	917	3	1.12	5.5	19.6	0.0	0.0	32.70	0	1.2758	1.9922	610	614.03	970.78	
2286494	63	550.4	647.8	530.1	647.5	412.8	1.56	4.58	0	932	3	0.81	5.5	19.6	0.0	0.0	30.80	0	1.2758	1.9922	610	613.35	970.39	
2287035	63	549.7	647.5	529.8	647.5	412.5	1.56	4.58	0	939	3	0.81	5.5	19.6	0.0	0.0	28.92	0	1.2758	1.9922	610	612.83	968.98	
2287666	63	549.0	647.2	529.8	647.2	412.5	1.56	4.58	0	934	3	0.56	5.5	19.6	0.0	0.0	27.59	0	1.2758	1.9922	610	612.13	966.95	
2288220	63	548.3	646.5	529.6	646.5	412.8	1.44	4.58	0	937	3	0.56	5.5	19.6	0.0	0.0	27.02	0	1.2758	1.9922	610	611.55	965.39	
2288808	63	547.6	646.5	529.6	646.2	412.8	1.56	4.58	0	954	3	0.56	5.5	19.6	0.0	0.0	26.77	0	1.2758	1.9922	610	610.84	964.30	
2289522	63	546.9	646.2	529.1	646.2	412.8	1.44	4.58	0	955	2	0.81	5.5	19.6	0.0	0.0	26.74	0	1.2758	1.9922	610	610.14	963.67	
2290082	63	546.2	645.8	529.3	645.8	412.8	1.44	4.58	0	967	2	0.56	5.5	19.6	0.0	0.0	26.48	0	1.2758	1.9922	605	609.53	963.44	
2290678	63	545.4	645.5	529.1	645.2	412.5	1.44	4.58	0	967	2	0.56	5.5	19.6	0.0	0.0	26.30	0	1.2758	1.9922	605	608.94	962.97	
2291299	63	544.6	645.2	529.2	644.8	412.8	1.44	4.58	0	970	1	0.81	5.5	19.6	0.0	0.0	26.60	0	1.2758	1.9922	605	608.15	962.89	
2291932	63	544.0	644.2	528.8	644.2	412.8	1.44	4.58	0	966	1	0.56	5.5	19.6	0.0	0.0	26.55	0	1.2758	1.9922	605	607.54	962.66	
2292533	64	543.2	644.2	528.3	644.2	412.8	1.44	4.58	0	969	0	0.81	5.5	19.6	0.0	0.0	26.37	0	1.2758	1.9922	605	606.83	962.81	
2293127	64	542.6	643.8	528.5	644.2	412.8	1.44	4.58	0	961	0	0.56	5.5	19.6	0.0	0.0	26.30	0	1.2758	1.9922	605	606.25	962.73	
2293745	64	541.9	643.5	528.1	643.5	412.8	1.75	4.58	0	980	1	0.81	5.5	19.6	0.0	0.0	34.15	0	1.2758	1.9922	605	605.55	963.28	
2294374	64	541.2	643.5	528.0	643.2	413.2	1.75	4.58	0	961	1	1.12	5.5	19.6	0.0	0.0	34.05	0	1.2758	1.9922	600	604.84	967.34	
2294945	64	540.5	643.2	528.2	643.2	412.8	1.56	4.58	0	921	0	1.12	5.5	19.6	0.0	0.0	30.91	0	1.2758	1.9922	600	604.23	971.33	
2295538	64	539.8	642.8	527.8	642.8	412.8	1.25	4.58	0	831	0	0.56	5.5	19.6	0.0	0.0	36.21	0	1.2758	1.9922	600	603.53	965.94	
2296156	64	539.1	642.8	527.8	642.8	413.2	1.75	4.58	0	963	0	1.38	5.5	19.6	0.0	0.0	35.46	0	1.2758	1.9922	600	602.85	968.52	
2296730	64	538.4	642.2	527.8	642.2	412.8	1.75	4.58	0	969	2	1.12	5.5	19.6	0.0	0.0	37.55	0	1.2758	1.9922	600	602.15	971.56	
2297314	64	537.7	641.8	527.5	642.2	412.8	1.75	4.58	0	943	2	1.38	5.5	19.6	0.0	0.0	34.41	0	1.2758	1.9922	600	601.44	975.00	
2297933	64	536.9	641.2	527.5	641.5	413.2	1.44	4.58	0	861	2	0.81	5.5	19.6	0.0	0.0	27.30	0	1.2758	1.9922	600	600.74	973.12	
2298519	64	536.2	641.5	527.3	641.2	413.5	1.56	4.58	0	881	0	0.81	5.5	19.6	0.0	0.0	25.50	0	1.2758	1.9922	600	600.04	968.83	
2299229	63	535.6	641.5	527.5	641.5	413.5	1.75	4.58	0	896	0	0.81	5.5	19.6	0.0	0.0	35.30	0	1.2758	1.9922	595	599.24	966.33	
2299799	64	535.0	640.8	527.2	641.2	413.2	1.75	4.58	0	981	1	1.38	5.5	19.6	0.0	0.0	35.84	0	1.2758	1.9922	595	598.44	968.75	
2300444	64	534.1	640.8	527.1	640.8	413.5	1.75	4.58	0	963	2	1.12	5.5	19.6	0.0	0.0	37.24	0	1.2758	1.9922	595	597.74	973.28	
2300999	64	533.4	640.5	527.1	640.5	413.8	1.56	4.58	0	911	2	1.12	5.5	19.6	0.0	0.0	33.89	0	1.2758	1.9922	595	597.04	973.12	
2301557	64	532.8	640.2	526.8	640.2	413.5	1.56	4.58	0	924	1	1.12	5.5	19.6	0.0	0.0	32.25	0	1.2758	1.9922	595	596.43	972.19	
2302189	64	532.0	639.8	527.0	639.5	413.8	1.56	4.58	0	922	1	0.81	5.5	19.6	0.0	0.0	31.57	0	1.2758	1.9922	595	595.54	969.92	
2302768	64	531.5	639.5	527.0	639.8	413.2	1.56	4.58	0	977	1	0.81	5.5	19.6	0.0	0.0	28.31	0	1.2758	1.9922	595	594.93	969.06	
2303354	64	530.8	639.8	526.6	639.8	414.2	1.56	4.58	0	969	0	0.81	5.5	19.6	0.0	0.0	26.93	0	1.2758	1.9922	590	594.25	967.11	
2303891	64	530.3	639.5	526.6	639.5	413.8	1.56	4.58	0	965	0	0.81	5.5	19.6	0.0	0.0	26.20	0	1.2758	1.9922	590	593.55	965.94	
2304482	64	529.7	639.2	526.7	639.2	414.2	1.44	4.58	0	957	0	0.56	5.5	19.6	0.0	0.0	26.34	0	1.2758	1.9922	590	593.03	964.38	
2305080	64	529.2	639.2	526.5	638.8	414.2	1.56	4.58	0	961	0	0.56	5.5	19.6	0.0	0.0	26.41	0	1.2758	1.9922	590	592.35	963.91	
2305717	64	528.6	638.8	526.6	638.5	414.5	1.44	4.58	0	968	0	0.81	5.5	19.6	0.0	0.0	25.66	0	1.2758	1.9922	590	591.53	963.36	
2306306	64	528.1	638.2	526.0	638.2	414.2	1.44	4.58	0	949	0	0.56	5.5	19.6	0.0	0.0	26.02	0	1.2758	1.9922	590	590.94	962.81	
2306928	64	527.5	638.2	526.3	638.2	414.5	1.56	4.58	0	946	0	0.56	5.5	19.6	0.0	0.0	25.85	0	1.2758	1.9922	590	590.24	962.19	
2307512	64	527.0	637.8	526.0	638.2	414.5	1.44	4.58	0	957	0	0.56	5.5	19.6	0.0	0.0	23.02	0	1.2758	1.9922	585	589.63	963.59	
2308230	64	526.6	637.5	526.1	637.2	414.8	1.25	4.58	0	854	0	0.31	5.5	19.6	0.0	0.0	17.30	0	1.2758	1.9922	585	589.05	960.86	
2308768	64	526.2	637.2	526.1	637.2	414.8	1.44	4.58	0	794	0	0.31	5.5	19.6	0.0	0.0	20.67	0	1.2758	1.9922	585	588.44	959.69	
2309328	64	525.7	636.5	525.8	636.5	414.8	1.44	4.58	0	793	0	0.31	5.5	19.6	0.0	0.0	20.84	0	1.2758	1.9922	585	587.85	959.06	
2309842	64	525.3	636.5	525.3	636.5	415.2	1.44	4.58	0	788	0	0.31	5.5	19.6	0.0	0.0	22.43	0	1.2758	1.9922	585	587.43	958.83	
2310370	64	525.0	635.8	525.5	635.8	415.5	1.44	4.58	0	785	0	0.31	5.5	19.6	0.0	0.0	22.80	0	1.2758	1.9922	585	586.94	958.59	
2310912	64	524.6	635.5	525.3	635.5	415.2	1.44	4.58	0	793	0	0.31	5.5	19.6	0.0	0.0	22.59	0	1.2758	1.9922	585	586.44	958.75	
2311481	64	524.3	634.8	525.1	634.8	415.2	1.44	4.58	0	784	0	0.31	5.5	19.6	0.0	0.0	22.66	0	1.2758	1.9922	585	586.05	958.75	
2312022	64	523.9	634.5	524.8	634.2	415.8	1.44	4.58	0	793	0	0.31	5.5	19.6	0.0	0.0	22.36	0	1.2758	1.9922	585	585.53	958.75	
2312578	64	523.6	633.5	524.6	633.8	415.5	1.44	4.58	0	803	0	0.31	5.5	19.6	0.0	0.0	21.28	0	1.2758	1.9922	585	585.13	958.67	
2313148	64	523.3	632.8	524.5	633.2	415.5	1.44	4.58	0	813	0	0.56	5.5	19.6	0.0	0.0	12.73	0	1.2758	1.9922	580	584.64	958.91	
2313708	64	523.0	632.5	524.5	632.5	415.8	1.06	4.58	0	401	0	0.00	5.5	19.6	0.0	0.0	7.10	0	1.2758	1.9922	580	584.24	957.73	
2314343	64	522.8	631.8	524.5	631.8	415.8	0.88	4.58	0	0	0	0.00	5.5	19.6	0.0	0.0	28.36	0	1.2758	1.9922	580	583.84	953.67	
2314925	64	522.5	630.8	524.5	630.8	415.8	1.25	4.58	0	0	0	0.31	5.5	19.6	0.0	0.0	64.36	0	1.2758	1.9922	580	583.54	956.56	
2315508	65	522.3	630.2	524.5	629.8	415.8	1.25	4.58	0	0	0	0.31	5.5	19.6	0.0	0.0	64.36	0	1.2758	1.9922	580	583.23	956.33	
2316079	65	522.2	628.5	524.5	628.5	416.5	1.25	4.58	0	0	0	0.31	5.5	19.6	0.0	0.0	64.36	0	1.2758	1.9922	580	582.93	956.33	
2316677	65	522.0	627.5	524.5	627.2	416.5	1.25	4.58	0	0	0	0.31	5.5	19.6	0.0	0.0	64.36	0	1.2758	1.9922	580	582.74	956.09	
2317375	65	521.9	625.8	524.5	625.5	416.5	1.25	4.58	0	0	0	0.31	5.5	19.6	0.0	0.0	64.36	0	1.2758	1.9922	580	582.44	956.09	
2317974	65	521.7	624.5	524.5	624.2	416.5	1.25	4.58	0	0	0	0.31	5.5	19.6	0.0	0.0	64.36	0	1.2758	1.9922	580	582.13	956.17	
2318533	65	521.6	622.2	524.5	621.8	416.5	1.25	4.58	0	0	0	0.31	5.5	19.6	0.0	0.0	64.36	0	1.2758	1.9922	580	581.94	955.94	
2319078	65	521.5	620.5	524.5	620.2	416.8	1.25	4.58	0	0	0	0.00	5.5	19.6	0.0	0.0	64.36	0	1.2758	1.9922	580	581.73	956.17	
2319665	65	521.4	618.8	524.5	618.5	416.8	1.25	4.58	0	0	0	0.31	5.5	19.6	0.0	0.0	64.36	0	1.2758	1.9922	580	581.55	955.78	
2320151	65	521.3	616.8	524.5	616.8	417.2	1.25	4.58	0	0	0	0.00	5.5	19.6	0.0	0.0	64.36	0	1.2758	1.9922	580	581.43	955.94	
2320640	65	521.3	615.2	524.5	614.8	417.5	1.25	4.58	0	0	0	0.00	5.5	19.6	0.0	0.0	64.36	0	1.2758	1.9922	580	581.24	956.17	
2321098	65	521.2	613.5	524.5	613.5	417.5	1.25	4.58	0	0	0	0.31	5.5	19.6	0.0	0.0	64.34	0	1.2758	1.9922	580	581.15	955.94	
2321565	65	521.2	611.8	524.5	611.5	417.5	1.25	4.58	0	0	0	0.00	5.5	19.6	0.0	0.0	64.36	0	1.2758	1.9922	580	581.03	956.33	
2322078	65	521.1	610.2	524.5	609.8	417.5	1.25	4.58	0	0	0	0.31	5.5	19.6	0.0	0.0	64.36	0	1.2758	1.9922	580	580.84	956.09	
2322552	65	521.1	608.8	524.5	608.2	417.8	1.25	4.58	0	0	0	0.31	5.5	19.6	0.0	0.0	64.36	0	1.2758	1.9922	580	580.75	955.78	
2323001	65	521.1	607.5	524.5	606.8	418.2	1.25	4.58	0	0	0	0.31	5.5	19.6	0.0	0.0	64.34	0	1.2758	1.9922	580	580.63	956.02	
2323495	65	521.0	605.2	524.5	605.2	417.8	1.25	4.58	0	0	0	0.31	5.5	19.6	0.0	0.0	64.34	0	1.2758	1.9922	580	580.54	956.02	
2323957	65	521.0	603.5	524.5	603.2	418.2	1.25	4.58	0	0	0	0.31	5.5	19.6	0.0	0.0	64.34	0	1.2758	1.9922	580	580.44	956.25	
2324469	65	521.0	601.8	524.5	601.5	418.5	1.25	4.58	0	0	0	0.00	5.5	19.6	0.0	0.0	64.34	0	1.2758	1.9922	580	580.35	956.02	
2324963	65	520.9	599.8	524.5	599.5	418.8	1.25	4.58	0	0	0	0.31	5.5	19.6	0.0	0.0	64.36	0	1.2758	1.9922	580	580.23	955.86	
2325627	65	520.9	598.2	524.5	597.8	418.5	1.25	4.58	0	0	0	0.31	5.5	19.6	0.0	0.0	64.34	0	1.2758	1.9922	580	580.14	956.02	
2326265	65	520.9	596.2	524.5	595.8	418.5	1.25	4.58	0	0	0	0.31	5.5	19.6	0.0	0.0	64.34	0	1.2758	1.9922	580	580.05	955.62	
