#2026-07-28 08:02:56 LSVZM60T8N2105404
#Time	01/进气温度/---	01/废气温度1，气缸列1/---	01/微粒过滤器之前的废气温度/---	01/颗粒过滤器中的废气温度，计算所得/---	01/气缸列1颗粒过滤器入口，温度传感器1，原始值/---	01/气缸列1颗粒过滤器出口，温度传感器1，原始值/---	01/颗粒过滤器，颗粒过滤器上游的相对压力/---	01/颗粒过滤器，油灰质量（克）/---	01/颗粒过滤器，负荷级/---	01/发动机转速/---	01/车速/---	01/微粒过滤器，压差/---	01/颗粒过滤器，测得的机油灰分负荷/---	01/颗粒过滤器，测得的积碳负荷/---	01/颗粒过滤器，计算出的积碳负荷/---	01/颗粒过滤器，水分负荷/---	01/相对负荷值/---	01/微粒过滤器，计算的碳微粒质量/---	01/颗粒过滤器，积灰量比例/---	01/颗粒过滤器，炭灰量比例/---	01/催化转化器温度，模型/---	01/催化转换器后的气缸列 1 氧传感器，计算所得废气温度/---	01/增压压力，实际值/---	
#Time	01----	01----	01----	01----	01----	01----	01----	01----	01----	01----	01----	01----	01----	01----	01----	01----	01----	01----	01----	01----	01----	01----	01----	
#ms	℃	℃	℃	℃	℃	℃	hPa	g	-	rpm	km/h	hPa	%	%	%	%	%	mg	-	-	℃	℃	hPa	
186	28	385.7	218.2	136.3	217.8	55.2	2.12	4.59	0	801	0	0.31	5.5	20.0	0.0	7.5	21.68	30	1.2758	2.0187	330	334.75	951.48	
742	28	385.5	218.5	136.8	218.5	55.2	2.12	4.59	0	799	0	0.56	5.5	20.0	0.0	7.5	21.75	30	1.2758	2.0187	335	334.94	951.41	
1241	28	385.3	219.2	137.0	218.8	54.8	2.25	4.59	0	797	0	0.31	5.5	20.0	0.0	7.5	22.12	30	1.2758	2.0187	335	335.15	950.70	
1782	28	385.1	219.8	137.8	219.8	55.5	2.25	4.59	0	783	0	0.56	5.5	20.0	0.0	7.5	27.84	30	1.2758	2.0187	335	335.43	951.33	
2337	29	384.9	220.2	137.7	220.5	55.5	2.44	4.59	0	869	0	0.56	5.5	20.0	0.0	7.5	32.06	30	1.2758	2.0187	335	335.73	949.14	
2891	29	384.6	220.8	138.0	221.2	55.5	2.25	4.59	0	1,100	0	1.12	5.5	20.0	0.0	7.5	33.02	30	1.2758	2.0187	335	336.04	951.09	
3446	29	384.3	221.5	138.3	221.5	55.2	2.44	4.59	0	1,010	3	1.12	5.5	20.0	0.0	7.5	32.53	30	1.2758	2.0187	335	336.44	955.39	
3970	29	384.1	222.5	138.8	221.8	55.2	2.12	4.59	0	1,028	5	0.81	5.5	20.0	0.0	7.5	32.74	30	1.2758	2.0187	335	336.83	955.39	
4523	29	383.7	223.2	139.3	223.2	55.8	1.94	4.59	0	1,078	7	1.12	5.5	20.0	0.0	7.5	26.70	30	1.2758	2.0187	335	337.14	954.92	
5120	29	383.4	224.2	140.2	223.8	56.5	2.12	4.59	0	1,120	8	1.12	5.5	20.0	0.0	7.5	25.64	30	1.2758	2.0187	335	337.63	954.14	
5669	29	383.1	224.8	140.5	225.2	55.8	1.94	4.59	0	1,198	9	1.12	5.5	20.0	0.0	7.5	24.98	30	1.2758	2.0187	335	338.03	953.83	
6212	29	382.7	225.8	141.1	225.8	56.2	1.75	4.59	0	1,220	9	1.38	5.5	20.0	0.0	7.5	19.71	30	1.2758	2.0187	335	338.43	954.38	
6738	29	382.4	227.2	141.8	227.2	56.5	1.44	4.59	0	1,069	9	0.56	5.5	20.0	0.0	7.5	17.23	30	1.2758	2.0187	335	338.73	953.28	
7315	28	382.1	228.8	142.3	228.5	56.5	2.12	4.59	0	981	9	0.56	5.5	20.0	0.0	7.5	20.70	30	1.2758	2.0187	335	339.13	952.66	
7987	28	381.8	229.8	142.8	230.2	56.8	1.94	4.59	0	1,020	9	0.56	5.5	20.0	0.0	7.5	20.27	30	1.2758	2.0187	335	339.65	952.19	
8590	28	381.5	231.2	144.0	231.2	56.8	1.75	4.59	0	1,142	9	0.81	5.5	20.0	0.0	7.5	18.19	30	1.2758	2.0187	340	339.93	952.34	
9214	28	381.2	232.2	144.3	232.2	57.2	1.94	4.59	0	1,056	9	0.56	5.5	20.0	0.0	7.5	23.02	30	1.2758	2.0187	340	340.35	951.56	
9797	29	380.9	233.2	145.3	233.5	57.5	1.94	4.59	0	1,148	10	0.81	5.5	20.0	0.0	7.5	25.69	30	1.2758	2.0187	340	340.75	951.88	
10371	29	380.6	234.2	145.7	234.2	57.8	2.12	4.59	0	1,147	11	1.12	5.5	20.0	0.0	7.5	34.31	30	1.2758	2.0187	340	341.15	951.56	
10953	29	380.2	235.5	146.6	235.5	57.8	2.25	4.59	0	1,257	12	1.38	5.5	20.0	0.0	7.5	35.84	30	1.2758	2.0187	340	341.55	955.23	
11523	29	379.9	236.5	147.3	236.5	57.8	2.25	4.59	0	1,262	14	1.38	5.5	20.0	0.0	7.5	36.33	30	1.2758	2.0187	340	341.94	957.19	
12095	29	379.5	237.8	147.8	237.8	58.2	2.25	4.59	0	1,333	15	1.62	5.5	20.0	0.0	7.5	26.46	30	1.2758	2.0187	340	342.44	961.25	
12658	29	379.1	238.8	148.5	239.2	58.5	1.56	4.59	0	1,179	15	0.81	5.5	20.0	0.0	7.5	14.91	30	1.2758	2.0187	340	342.83	956.41	
13208	28	378.8	240.2	149.2	240.5	58.5	1.75	4.59	0	1,141	15	0.81	5.5	20.0	0.0	7.5	13.08	30	1.2758	2.0187	340	343.23	953.12	
13737	28	378.5	241.8	150.1	241.8	58.8	1.94	4.59	0	1,155	14	1.12	5.5	20.0	0.0	7.5	20.72	30	1.2758	2.0187	340	343.54	952.50	
14297	28	378.2	242.8	150.8	243.2	59.2	1.94	4.59	0	1,166	15	1.12	5.5	20.0	0.0	7.5	25.88	30	1.2758	2.0187	340	343.94	951.09	
14880	29	377.9	244.2	151.7	244.5	59.5	2.25	4.59	0	1,274	16	1.38	5.5	20.0	0.0	7.5	33.63	30	1.2758	2.0187	340	344.33	952.34	
15455	29	377.5	245.2	152.1	245.5	59.8	2.25	4.59	0	1,366	17	1.62	5.5	20.0	0.0	7.1	35.39	30	1.2758	2.0187	340	344.85	956.25	
16007	29	377.2	246.8	153.1	247.5	59.8	2.62	4.59	0	1,437	18	1.62	5.5	20.0	0.0	7.1	39.91	30	1.2758	2.0187	345	345.25	961.80	
16547	29	376.8	248.5	153.6	248.2	60.2	2.81	4.59	0	1,575	20	2.19	5.5	20.0	0.0	7.1	41.25	30	1.2758	2.0187	345	345.65	975.39	
17087	29	376.5	249.5	154.5	249.8	60.2	2.81	4.59	0	1,617	20	2.19	5.5	20.0	0.0	6.7	45.94	30	1.2758	2.0187	345	346.14	985.39	
17711	29	376.1	250.8	155.6	250.8	60.5	3.00	4.59	0	1,534	20	2.75	5.5	20.0	0.0	6.7	46.85	30	1.2758	2.0187	345	346.75	1,002.11	
18296	29	375.7	252.5	156.3	252.5	60.5	3.12	4.59	0	1,534	19	2.75	5.5	20.0	0.0	6.3	48.07	30	1.2758	2.0187	345	347.33	1,009.14	
18827	28	375.4	254.5	157.8	254.8	60.8	2.81	4.59	0	1,482	19	3.00	5.5	20.0	0.0	5.9	43.57	30	1.2758	2.0187	345	347.73	1,007.11	
19376	28	375.2	256.5	159.0	256.5	61.2	2.44	4.59	0	1,423	18	1.94	5.5	20.0	0.0	5.9	30.94	30	1.2758	2.0187	345	348.25	992.58	
19926	28	375.1	258.8	160.0	258.8	61.5	1.94	4.59	0	1,312	16	1.38	5.5	20.0	0.0	5.5	23.06	30	1.2758	2.0187	345	348.65	971.88	
20508	28	375.0	260.8	161.3	260.8	61.5	1.75	4.59	0	1,150	14	1.12	5.5	20.0	0.0	5.5	21.02	30	1.2758	2.0187	345	349.14	961.72	
21031	28	375.0	263.2	162.1	263.2	62.2	2.12	4.59	0	1,066	12	0.81	5.5	20.0	0.0	5.5	22.08	30	1.2758	2.0187	345	349.44	956.95	
21565	28	374.9	265.2	163.6	265.5	61.8	2.12	4.59	0	1,049	10	0.81	5.5	20.0	0.0	5.1	25.08	30	1.2758	2.0187	345	349.94	954.22	
22152	28	374.9	266.5	164.5	267.5	62.5	1.94	4.59	0	1,097	8	0.81	5.5	20.0	0.0	5.1	25.20	30	1.2758	2.0187	350	350.33	953.67	
22674	28	374.9	268.8	166.0	268.8	63.2	2.12	4.59	0	1,072	7	0.81	5.5	20.0	0.0	4.7	26.88	30	1.2758	2.0187	350	350.64	953.67	
23192	28	375.0	270.2	166.5	270.5	63.2	1.94	4.59	0	1,103	5	0.81	5.5	20.0	0.0	4.3	33.91	30	1.2758	2.0187	350	350.94	948.59	
23805	28	375.0	272.2	167.5	272.2	63.5	2.81	4.59	0	1,448	4	3.25	5.5	20.0	0.0	3.9	53.04	30	1.2758	2.0187	350	351.44	971.02	
24411	28	375.2	273.2	168.5	273.5	63.5	2.81	4.59	0	1,355	4	4.31	5.5	20.0	0.0	2.7	57.12	30	1.2758	2.0187	350	351.93	1,004.14	
24984	28	375.4	275.2	169.5	275.2	64.2	3.00	4.59	0	1,387	5	4.31	5.5	20.0	0.0	1.6	55.85	30	1.2758	2.0187	350	352.44	1,023.05	
25514	28	375.6	276.5	170.5	276.8	64.2	3.12	4.59	0	1,438	7	4.06	5.5	20.0	0.0	0.0	53.65	30	1.2758	2.0187	350	352.84	1,033.28	
26040	28	375.9	278.2	171.0	278.5	64.5	3.50	4.59	0	1,495	9	3.50	5.5	20.0	0.0	0.0	36.80	30	1.2758	2.0187	350	353.24	1,014.61	
26692	28	376.3	280.2	172.3	280.2	64.8	1.75	4.59	0	1,175	9	1.38	5.5	20.0	0.0	0.0	19.62	30	1.2758	2.0187	350	353.73	971.33	
27312	28	376.6	282.5	173.3	282.2	65.2	1.75	4.59	0	1,024	8	0.31	5.5	20.0	0.0	0.0	15.75	30	1.2758	2.0187	350	354.13	957.03	
27826	27	376.9	284.5	174.8	284.5	65.5	2.12	4.59	0	1,040	8	0.56	5.5	20.0	0.0	0.0	15.70	30	1.2758	2.0187	350	354.44	953.59	
28344	28	377.2	286.2	175.6	286.2	65.8	1.94	4.59	0	1,035	8	0.56	5.5	20.0	0.0	0.0	14.86	30	1.2758	2.0187	350	354.74	953.67	
28885	28	377.4	287.5	176.6	287.8	66.2	1.94	4.59	0	1,057	9	0.56	5.5	20.0	0.0	0.0	12.70	30	1.2758	2.0187	355	355.05	952.89	
29451	28	377.7	288.8	177.6	289.2	66.5	2.44	4.59	0	1,075	9	0.56	5.5	20.0	0.0	0.0	12.54	30	1.2758	2.0187	355	355.35	952.11	
29975	28	377.9	290.5	178.3	290.5	66.5	1.94	4.59	0	1,073	8	0.56	5.5	20.0	0.0	0.0	12.63	30	1.2758	2.0187	355	355.63	951.56	
30562	28	378.2	291.2	178.6	291.5	67.2	1.75	4.59	0	1,111	8	0.56	5.5	20.0	0.0	0.0	16.38	30	1.2758	2.0187	355	355.94	951.56	
31094	28	378.4	291.8	179.3	292.2	66.8	1.94	4.59	0	1,139	9	0.81	5.5	20.0	0.0	0.0	17.67	30	1.2758	2.0187	355	356.24	951.48	
31687	28	378.6	292.8	179.8	292.8	67.5	1.75	4.59	0	1,161	9	0.81	5.5	20.0	0.0	0.0	18.28	30	1.2758	2.0187	355	356.55	951.72	
32285	28	378.9	293.5	180.6	293.5	67.5	1.75	4.59	0	1,177	9	0.81	5.5	20.0	0.0	0.0	16.92	30	1.2758	2.0187	355	356.85	952.11	
32842	28	379.1	293.5	180.6	293.8	68.2	1.56	4.59	0	1,208	9	1.12	5.5	20.0	0.0	0.0	17.11	30	1.2758	2.0187	355	357.13	952.42	
33372	28	379.3	293.8	181.1	294.2	68.2	1.75	4.59	0	1,253	10	1.12	5.5	20.0	0.0	0.0	18.19	30	1.2758	2.0187	355	357.44	951.95	
33997	29	379.6	294.5	181.5	294.5	68.5	1.75	4.59	0	1,274	10	1.12	5.5	20.0	0.0	0.0	21.70	30	1.2758	2.0187	355	357.65	951.56	
34602	29	379.8	294.8	181.6	294.8	68.8	1.94	4.59	0	1,134	11	1.12	5.5	20.0	0.0	0.0	25.17	30	1.2758	2.0187	355	357.93	952.66	
35128	29	380.0	294.8	181.8	294.8	68.8	1.75	4.59	0	1,207	12	1.12	5.5	20.0	0.0	0.0	22.57	30	1.2758	2.0187	355	358.14	953.36	
35777	29	380.3	295.2	182.2	294.8	69.5	1.75	4.59	0	1,175	13	1.12	5.5	20.0	0.0	0.0	22.38	30	1.2758	2.0187	355	358.44	952.19	
36315	29	380.5	295.2	182.5	295.8	69.5	2.25	4.59	0	1,286	14	1.38	5.5	20.0	0.0	0.0	31.80	30	1.2758	2.0187	355	358.75	950.55	
36914	29	380.8	295.5	182.6	296.2	69.8	2.44	4.59	0	1,389	16	1.94	5.5	20.0	0.0	0.0	39.77	30	1.2758	2.0187	355	359.03	959.84	
37455	29	381.0	296.2	183.2	295.8	70.5	2.25	4.59	0	1,397	18	2.19	5.5	20.0	0.0	0.0	36.35	30	1.2758	2.0187	355	359.33	971.56	
37964	29	381.3	296.5	183.3	296.5	70.2	1.25	4.59	0	1,420	19	1.62	5.5	20.0	0.0	0.0	17.09	30	1.2758	2.0187	355	359.64	962.11	
38519	29	381.5	296.8	183.8	297.2	70.8	1.94	4.59	0	1,433	19	0.81	5.5	20.0	0.0	0.0	12.56	30	1.2758	2.0187	355	359.85	955.62	
39103	28	381.8	297.5	184.5	297.8	71.2	1.75	4.59	0	1,481	19	0.81	5.5	20.0	0.0	0.0	12.02	30	1.2758	2.0187	360	360.13	953.67	
39775	28	382.0	298.2	184.7	298.5	71.5	1.25	4.59	0	1,386	18	0.81	5.5	20.0	0.0	0.0	17.67	30	1.2758	2.0187	360	360.44	954.84	
40317	29	382.3	298.8	185.1	299.2	71.2	1.25	4.59	0	1,391	18	0.81	5.5	20.0	0.0	0.0	18.70	30	1.2758	2.0187	360	360.65	959.22	
40873	29	382.5	298.8	185.5	298.8	71.5	1.06	4.59	0	1,325	17	1.12	5.5	20.0	0.0	0.0	18.49	30	1.2758	2.0187	360	360.93	959.61	
41443	29	382.8	299.5	185.6	299.5	72.2	1.06	4.59	0	1,291	16	1.38	5.5	20.0	0.0	0.0	18.30	30	1.2758	2.0187	360	361.14	959.84	
42027	29	383.1	299.5	186.0	299.5	72.5	0.88	4.59	0	1,264	16	1.12	5.5	20.0	0.0	0.0	18.30	30	1.2758	2.0187	360	361.35	959.69	
42558	29	383.4	299.5	186.1	299.5	72.5	0.88	4.59	0	1,245	16	1.12	5.5	20.0	0.0	0.0	18.49	30	1.2758	2.0187	360	361.54	959.45	
43102	29	383.8	299.2	186.0	299.2	73.2	1.06	4.59	0	1,210	15	1.12	5.5	20.0	0.0	0.0	18.49	30	1.2758	2.0187	360	361.63	959.45	
43714	29	384.1	298.8	186.0	298.5	73.2	1.06	4.59	0	1,173	14	0.81	5.5	20.0	0.0	0.0	18.40	30	1.2758	2.0187	360	361.84	958.91	
44379	29	384.4	298.2	185.7	298.2	73.8	1.06	4.59	0	1,148	14	0.81	5.5	20.0	0.0	0.0	12.96	30	1.2758	2.0187	360	362.03	957.66	
44890	29	384.7	297.5	185.5	297.5	73.5	1.94	4.59	0	1,156	15	0.56	5.5	20.0	0.0	0.0	12.77	30	1.2758	2.0187	360	362.15	954.53	
45456	29	385.0	297.2	185.5	297.2	73.8	1.94	4.59	0	1,146	14	0.56	5.5	20.0	0.0	0.0	12.73	30	1.2758	2.0187	360	362.24	953.12	
45977	29	385.2	296.5	185.3	296.5	74.2	1.94	4.59	0	1,120	14	0.56	5.5	20.0	0.0	0.0	12.61	30	1.2758	2.0187	360	362.33	952.19	
46508	29	385.4	296.2	185.2	295.8	74.5	2.44	4.59	0	1,112	14	0.31	5.5	20.0	0.0	0.0	12.16	30	1.2758	2.0187	360	362.43	951.88	
47080	29	385.6	295.2	184.8	295.2	74.5	1.75	4.59	0	1,073	14	0.56	5.5	20.0	0.0	0.0	12.33	30	1.2758	2.0187	360	362.55	951.41	
47612	29	385.7	294.8	184.8	294.8	74.8	1.94	4.59	0	1,047	13	0.56	5.5	20.0	0.0	0.0	13.17	30	1.2758	2.0187	360	362.64	951.25	
48156	29	385.9	294.2	184.8	294.2	75.5	1.94	4.59	0	1,008	13	0.56	5.5	20.0	0.0	0.0	14.18	30	1.2758	2.0187	360	362.73	951.25	
48686	29	386.0	293.5	184.5	293.5	75.8	1.56	4.59	0	1,045	13	0.31	5.5	20.0	0.0	0.0	15.52	30	1.2758	2.0187	360	362.73	951.02	
49268	29	386.1	293.2	184.3	292.8	75.5	1.94	4.59	0	1,030	13	0.56	5.5	20.0	0.0	0.0	19.20	30	1.2758	2.0187	360	362.85	950.55	
49786	30	386.2	292.5	184.1	292.5	75.8	2.12	4.59	0	1,071	13	0.81	5.5	20.0	0.0	0.0	23.88	30	1.2758	2.0187	360	362.85	951.41	
50337	30	386.3	291.8	184.2	291.8	76.2	1.94	4.59	0	1,154	14	1.12	5.5	20.0	0.0	0.0	23.95	30	1.2758	2.0187	360	362.94	951.88	
50922	30	386.3	291.5	184.0	291.2	76.2	1.94	4.59	0	1,210	15	1.12	5.5	20.0	0.0	0.0	23.70	30	1.2758	2.0187	360	362.94	952.50	
51478	30	386.4	291.2	184.1	291.5	76.8	1.94	4.59	0	1,255	16	1.12	5.5	20.0	0.0	0.0	23.70	30	1.2758	2.0187	360	363.04	952.97	
52009	30	386.4	291.2	184.2	291.2	77.2	1.94	4.59	0	1,293	16	1.38	5.5	20.0	0.0	0.0	24.63	30	1.2758	2.0187	360	363.13	952.27	
52531	30	386.4	290.8	184.2	291.2	77.2	2.44	4.59	0	1,398	17	1.38	5.5	20.0	0.0	0.0	31.78	30	1.2758	2.0187	360	363.25	953.67	
53154	30	386.4	291.2	184.3	291.2	77.5	2.44	4.59	0	1,495	19	1.12	5.5	20.0	0.0	0.0	28.78	30	1.2758	2.0187	360	363.44	958.75	
53684	30	386.4	291.5	184.5	291.5	77.8	2.44	4.59	0	1,563	20	0.81	5.5	20.0	0.0	0.0	24.82	30	1.2758	2.0187	360	363.65	958.20	
54234	30	386.4	291.5	184.5	291.5	77.8	2.44	4.59	0	1,640	21	0.81	5.5	20.0	0.0	0.0	23.55	30	1.2758	2.0187	360	363.83	958.20	
54811	30	386.3	292.2	185.2	292.2	78.2	2.81	4.59	0	1,759	23	0.81	5.5	20.0	0.0	0.0	23.55	30	1.2758	2.0187	360	364.14	960.00	
55348	30	386.3	292.8	185.5	292.8	78.8	2.44	4.59	0	1,825	24	1.12	5.5	20.0	0.0	0.0	23.70	30	1.2758	2.0187	360	364.35	961.33	
55919	30	386.2	293.8	186.1	293.5	78.5	2.81	4.59	0	1,925	25	1.12	5.5	20.0	0.0	0.0	28.38	30	1.2758	2.0187	360	364.63	964.45	
56415	30	386.1	294.5	186.6	294.2	79.2	1.06	4.59	0	1,505	26	1.62	5.5	20.0	0.0	0.0	22.71	30	1.2758	2.0187	360	364.84	974.06	
56991	29	386.1	295.5	187.1	295.5	79.5	1.75	4.59	0	1,316	26	1.12	5.5	20.0	0.0	0.0	16.69	30	1.2758	2.0187	365	365.15	958.44	
57562	29	386.1	296.2	187.8	296.5	79.5	1.75	4.59	0	1,316	27	1.12	5.5	20.0	0.0	0.0	12.84	30	1.2758	2.0187	365	365.43	954.14	
58104	29	386.0	297.5	188.5	297.5	79.8	1.94	4.59	0	1,247	26	0.56	5.5	20.0	0.0	0.0	17.16	30	1.2758	2.0187	365	365.64	954.30	
58662	29	386.0	298.5	189.3	298.2	79.8	0.88	4.59	0	1,275	26	1.12	5.5	20.0	0.0	0.0	18.49	30	1.2758	2.0187	365	365.85	955.31	
59241	29	386.1	299.2	189.7	299.2	80.2	0.88	4.59	0	1,294	25	0.81	5.5	20.0	0.0	0.0	13.05	30	1.2758	2.0187	365	366.04	955.39	
59775	29	386.1	299.8	190.0	300.2	80.5	1.56	4.59	0	1,281	26	1.12	5.5	20.0	0.0	0.0	16.22	30	1.2758	2.0187	365	366.25	953.52	
60357	29	386.1	300.5	190.5	300.2	80.8	1.75	4.59	0	1,309	26	1.12	5.5	20.0	0.0	0.0	18.23	30	1.2758	2.0187	365	366.44	952.19	
60877	29	386.2	300.8	190.8	300.8	81.2	2.12	4.59	0	1,382	26	1.12	5.5	20.0	0.0	0.0	25.12	30	1.2758	2.0187	365	366.53	951.25	
61409	30	386.2	300.5	191.0	300.8	81.2	2.25	4.59	0	1,359	27	1.38	5.5	20.0	0.0	0.0	28.41	30	1.2758	2.0187	365	366.74	953.12	
62058	30	386.2	301.2	191.3	300.8	81.5	2.25	4.59	0	1,395	28	1.38	5.5	20.0	0.0	0.0	28.52	30	1.2758	2.0187	365	366.93	955.31	
62656	30	386.2	301.8	191.3	301.5	81.8	2.25	4.59	0	1,470	29	1.38	5.5	20.0	0.0	0.0	25.50	30	1.2758	2.0187	365	367.14	956.95	
63223	30	386.1	302.2	191.8	302.2	82.5	1.75	4.59	0	1,458	29	0.81	5.5	20.0	0.0	0.0	14.09	30	1.2758	2.0187	365	367.35	955.23	
63709	29	386.1	302.2	192.3	302.2	82.5	1.56	4.59	0	1,424	30	1.12	5.5	20.0	0.0	0.0	12.23	30	1.2758	2.0187	365	367.54	953.44	
64247	29	386.1	302.8	192.8	302.8	82.5	0.88	4.59	0	1,294	29	0.00	5.5	20.0	0.0	0.0	15.94	30	1.2758	2.0187	365	367.63	953.83	
64812	29	386.1	303.5	193.0	303.5	82.8	1.44	4.59	0	1,421	29	0.81	5.5	20.0	0.0	0.0	18.70	30	1.2758	2.0187	365	367.84	955.55	
65332	29	386.2	303.5	193.3	303.8	83.2	1.44	4.59	0	1,399	29	1.12	5.5	20.0	0.0	0.0	18.82	30	1.2758	2.0187	365	367.94	959.61	
65875	29	386.3	304.2	193.7	304.5	83.5	1.25	4.59	0	1,370	28	1.12	5.5	20.0	0.0	0.0	18.75	30	1.2758	2.0187	365	368.15	960.94	
66419	30	386.4	304.5	194.0	304.5	83.5	1.25	4.59	0	1,352	27	1.12	5.5	20.0	0.0	0.0	18.80	30	1.2758	2.0187	365	368.24	961.09	
67023	30	386.6	304.5	194.1	304.5	84.2	1.06	4.59	0	1,328	27	1.12	5.5	20.0	0.0	0.0	18.63	30	1.2758	2.0187	365	368.43	961.09	
67598	30	386.8	304.8	194.1	304.2	83.8	1.06	4.59	0	1,296	26	1.12	5.5	20.0	0.0	0.0	18.75	30	1.2758	2.0187	365	368.55	960.86	
68141	30	387.0	303.8	194.0	304.2	84.2	1.06	4.59	0	1,269	26	1.12	5.5	20.0	0.0	0.0	18.63	30	1.2758	2.0187	365	368.64	961.02	
68660	30	387.2	303.8	194.3	303.8	84.8	1.06	4.59	0	1,135	23	0.81	5.5	20.0	0.0	0.0	18.45	30	1.2758	2.0187	365	368.85	960.62	
69222	30	387.4	303.5	194.0	303.5	85.2	1.44	4.59	0	1,044	21	0.31	5.5	20.0	0.0	0.0	14.98	30	1.2758	2.0187	365	368.94	959.38	
69742	30	387.6	303.2	194.0	303.2	85.2	2.25	4.59	0	803	21	0.00	5.5	20.0	0.0	0.0	24.45	30	1.2758	2.0187	365	369.04	954.38	
70377	30	387.7	302.5	194.0	302.5	85.2	2.44	4.59	0	1,124	21	0.56	5.5	20.0	0.0	0.0	53.55	30	1.2758	2.0187	365	369.13	954.53	
70912	30	387.9	302.5	193.8	301.8	85.5	4.00	4.59	0	1,613	22	3.81	5.5	20.0	0.0	0.0	58.83	30	1.2758	2.0187	365	369.34	1,031.80	
71503	30	387.9	301.5	193.5	301.8	85.5	4.00	4.59	0	1,969	24	3.81	5.5	20.0	0.0	0.0	48.19	30	1.2758	2.0187	365	369.65	1,075.62	
72055	30	387.8	301.5	193.5	301.5	85.8	3.50	4.59	0	1,980	26	3.81	5.5	20.0	0.0	0.0	40.24	30	1.2758	2.0187	365	369.93	1,004.53	
72579	30	387.7	301.8	193.6	301.8	86.2	4.69	4.59	0	1,810	28	2.75	5.5	20.0	0.0	0.0	50.23	30	1.2758	2.0187	370	370.14	988.28	
73130	30	387.6	302.2	194.2	302.2	86.2	2.81	4.59	0	1,413	29	3.81	5.5	20.0	0.0	0.0	50.46	30	1.2758	2.0187	370	370.44	1,007.42	
73660	30	387.5	303.5	194.8	302.8	86.5	2.81	4.59	0	1,486	30	3.00	5.5	20.0	0.0	0.0	43.48	30	1.2758	2.0187	370	370.75	1,010.86	
74267	30	387.5	304.2	195.1	304.5	86.5	1.94	4.59	0	1,298	31	1.62	5.5	20.0	0.0	0.0	25.10	30	1.2758	2.0187	370	371.03	976.80	
74811	29	387.5	305.2	195.8	305.2	86.8	2.12	4.59	0	1,043	30	0.56	5.5	20.0	0.0	0.0	19.22	30	1.2758	2.0187	370	371.24	961.72	
75310	29	387.5	306.2	196.7	306.5	86.8	2.12	4.59	0	1,022	30	0.31	5.5	20.0	0.0	0.0	17.06	30	1.2758	2.0187	370	371.43	956.95	
75872	29	387.5	307.2	197.1	307.2	87.2	2.12	4.59	0	1,003	30	0.31	5.5	20.0	0.0	0.0	15.26	30	1.2758	2.0187	370	371.64	954.06	
76400	29	387.6	307.8	197.6	307.5	87.8	1.94	4.59	0	1,016	29	0.31	5.5	20.0	0.0	0.0	12.70	30	1.2758	2.0187	370	371.85	953.91	
76957	29	387.6	308.8	198.3	308.8	88.2	3.12	4.59	0	969	29	0.31	5.5	20.0	0.0	0.0	12.49	30	1.2758	2.0187	370	372.04	952.89	
77494	29	387.6	309.5	198.8	309.5	88.8	2.12	4.59	0	957	28	0.00	5.5	20.0	0.0	0.0	13.01	30	1.2758	2.0187	370	372.25	952.34	
78000	29	387.7	310.2	199.2	310.2	88.5	2.12	4.59	0	919	26	0.00	5.5	20.0	0.0	0.0	12.91	30	1.2758	2.0187	370	372.44	952.11	
78565	29	387.7	310.5	199.3	310.5	88.5	1.75	4.59	0	848	24	0.00	5.5	20.0	0.0	0.0	12.26	30	1.2758	2.0187	370	372.65	949.69	
79224	29	387.8	310.8	199.8	311.2	88.8	3.00	4.59	0	745	22	0.56	5.5	20.0	0.0	0.0	29.20	30	1.2758	2.0187	370	372.83	952.42	
79768	30	387.8	311.2	200.0	311.2	89.2	2.25	4.59	0	893	22	0.31	5.5	20.0	0.0	0.0	21.70	30	1.2758	2.0187	370	372.93	952.42	
80323	30	387.9	311.5	200.2	311.5	89.5	2.25	4.59	0	920	21	0.31	5.5	20.0	0.0	0.0	22.01	30	1.2758	2.0187	370	373.14	952.11	
80834	30	387.9	311.2	200.3	311.5	89.5	2.12	4.59	0	956	21	0.56	5.5	20.0	0.0	0.0	21.45	30	1.2758	2.0187	370	373.23	952.42	
81364	30	388.0	311.8	200.5	311.2	89.8	2.25	4.59	0	941	20	0.31	5.5	20.0	0.0	0.0	20.34	30	1.2758	2.0187	370	373.44	952.58	
81927	30	388.1	311.5	200.8	311.5	89.8	2.12	4.59	0	918	19	0.56	5.5	20.0	0.0	0.0	20.67	30	1.2758	2.0187	370	373.54	952.27	
82457	30	388.1	311.2	201.0	311.2	90.2	2.25	4.59	0	911	18	0.56	5.5	20.0	0.0	0.0	21.96	30	1.2758	2.0187	370	373.75	952.11	
83006	30	388.2	311.5	201.1	311.2	90.5	2.25	4.59	0	912	16	0.31	5.5	20.0	0.0	0.0	22.55	30	1.2758	2.0187	370	373.84	952.27	
83543	30	388.2	311.2	200.8	311.2	90.8	2.25	4.59	0	921	14	0.31	5.5	20.0	0.0	0.0	22.78	30	1.2758	2.0187	370	373.94	952.42	
84110	30	388.3	311.5	201.3	311.2	91.2	2.25	4.59	0	929	13	0.31	5.5	20.0	0.0	0.0	23.32	30	1.2758	2.0187	370	374.03	952.50	
84618	30	388.4	311.5	201.3	311.5	91.2	2.25	4.59	0	932	12	0.56	5.5	20.0	0.0	0.0	23.74	30	1.2758	2.0187	370	374.15	952.42	
85149	30	388.4	311.2	201.3	311.5	91.5	2.25	4.59	0	917	11	0.56	5.5	20.0	0.0	0.0	25.05	30	1.2758	2.0187	370	374.24	952.42	
85698	30	388.5	311.2	201.3	311.5	91.5	2.25	4.59	0	965	9	0.56	5.5	20.0	0.0	0.0	26.93	30	1.2758	2.0187	370	374.43	953.52	
86260	30	388.5	311.2	201.5	311.2	92.2	2.25	4.59	0	884	7	0.31	5.5	20.0	0.0	0.0	26.27	30	1.2758	2.0187	370	374.55	952.03	
86838	30	388.6	311.8	201.6	311.5	91.8	2.25	4.59	0	926	7	0.56	5.5	20.0	0.0	0.0	28.24	30	1.2758	2.0187	370	374.64	953.52	
87401	30	388.6	311.5	201.8	311.5	92.2	2.25	4.59	0	1,003	7	0.81	5.5	20.0	0.0	0.0	30.54	30	1.2758	2.0187	370	374.73	953.05	
88057	30	388.7	311.5	201.8	311.5	92.5	2.25	4.59	0	1,127	8	1.12	5.5	20.0	0.0	0.0	38.58	30	1.2758	2.0187	375	374.94	953.67	
88651	30	388.7	311.5	202.1	311.5	92.8	2.44	4.59	0	1,234	9	1.62	5.5	20.0	0.0	0.0	38.65	30	1.2758	2.0187	375	375.13	960.00	
89220	30	388.8	311.5	202.3	311.8	92.8	2.25	4.59	0	1,244	10	1.62	5.5	20.0	0.0	0.0	35.88	30	1.2758	2.0187	375	375.34	964.30	
89742	30	388.8	312.2	202.5	311.8	93.2	2.25	4.59	0	1,253	11	1.38	5.5	20.0	0.0	0.0	32.41	30	1.2758	2.0187	375	375.44	962.50	
90173	30	388.9	312.2	202.8	312.2	93.5	2.25	4.59	0	1,272	11	1.38	5.5	20.0	0.0	0.0	31.73	30	1.2758	2.0187	375	375.65	961.64	
90656	30	388.9	312.5	203.1	312.5	93.5	2.25	4.59	0	1,307	12	1.38	5.5	20.0	0.0	0.0	32.84	30	1.2758	2.0187	375	375.83	962.58	
91246	30	389.0	313.2	203.2	312.8	93.5	1.44	4.59	0	1,205	13	1.12	5.5	20.0	0.0	0.0	21.00	30	1.2758	2.0187	375	375.93	958.52	
91795	30	389.0	313.5	203.5	313.5	93.5	2.12	4.59	0	984	12	0.56	5.5	20.0	0.0	0.0	26.20	30	1.2758	2.0187	375	376.14	954.06	
92304	30	389.1	314.5	204.3	314.2	93.8	2.25	4.59	0	1,167	13	0.81	5.5	20.0	0.0	0.0	30.77	30	1.2758	2.0187	375	376.35	954.22	
92820	30	389.2	314.8	204.5	314.8	94.2	2.25	4.59	0	1,177	14	1.38	5.5	20.0	0.0	0.0	36.02	30	1.2758	2.0187	375	376.54	956.48	
93345	30	389.2	315.5	204.8	315.5	94.5	2.25	4.59	0	1,260	15	1.62	5.5	20.0	0.0	0.0	35.65	30	1.2758	2.0187	375	376.75	960.47	
93905	30	389.3	315.5	205.0	316.2	94.5	2.25	4.59	0	1,289	16	1.38	5.5	20.0	0.0	0.0	24.89	30	1.2758	2.0187	375	376.94	959.61	
94465	30	389.4	317.2	205.6	316.8	94.8	1.44	4.59	0	1,209	16	1.12	5.5	20.0	0.0	0.0	14.37	30	1.2758	2.0187	375	377.15	957.42	
95002	30	389.5	317.8	206.3	317.8	95.2	1.75	4.59	0	1,200	15	0.81	5.5	20.0	0.0	0.0	13.80	30	1.2758	2.0187	375	377.33	954.22	
95524	30	389.5	318.2	206.8	318.2	95.2	1.56	4.59	0	1,147	14	0.56	5.5	20.0	0.0	0.0	12.94	30	1.2758	2.0187	375	377.55	953.28	
96162	30	389.6	318.5	207.3	319.2	95.5	1.75	4.59	0	1,075	14	0.31	5.5	20.0	0.0	0.0	12.94	30	1.2758	2.0187	375	377.64	952.89	
96716	30	389.7	319.5	207.3	319.5	95.5	2.12	4.59	0	973	12	0.31	5.5	20.0	0.0	0.0	13.48	30	1.2758	2.0187	375	377.85	952.50	
97226	30	389.8	319.8	207.6	319.8	95.8	2.44	4.59	0	855	11	0.31	5.5	20.0	0.0	0.0	24.38	30	1.2758	2.0187	375	377.94	952.19	
97734	30	389.8	320.2	208.0	320.2	96.2	2.12	4.59	0	850	11	0.31	5.5	20.0	0.0	0.0	27.73	30	1.2758	2.0187	375	378.13	951.56	
98303	30	389.9	320.5	208.3	320.2	96.5	2.25	4.59	0	928	11	0.56	5.5	20.0	0.0	0.0	26.30	30	1.2758	2.0187	375	378.25	952.58	
98897	30	390.0	320.5	208.6	320.8	96.8	2.12	4.59	0	998	11	0.81	5.5	20.0	0.0	0.0	27.05	30	1.2758	2.0187	375	378.44	952.19	
99464	30	390.0	320.5	208.6	320.5	96.8	2.25	4.59	0	1,110	12	0.81	5.5	20.0	0.0	0.0	33.66	30	1.2758	2.0187	375	378.53	951.80	
100008	30	390.1	321.2	208.8	320.8	96.8	2.25	4.59	0	1,195	13	1.38	5.5	20.0	0.0	0.0	37.73	30	1.2758	2.0187	375	378.74	955.55	
100533	31	390.2	320.8	209.2	320.8	96.8	2.44	4.59	0	1,268	14	2.19	5.5	20.0	0.0	0.0	43.41	30	1.2758	2.0187	375	378.83	961.56	
101093	31	390.3	320.8	209.3	321.2	97.2	2.62	4.59	0	1,422	15	3.50	5.5	20.0	0.0	0.0	49.69	30	1.2758	2.0187	375	379.14	983.98	
101634	31	390.4	321.5	209.6	321.5	97.8	2.81	4.59	0	1,474	17	3.50	5.5	20.0	0.0	0.0	49.36	30	1.2758	2.0187	375	379.35	1,006.48	
102143	31	390.5	322.2	209.8	322.2	98.2	2.62	4.59	0	1,482	19	3.00	5.5	20.0	0.0	0.0	41.27	30	1.2758	2.0187	375	379.54	1,006.48	
102669	31	390.7	322.5	210.3	322.8	98.2	2.81	4.59	0	1,580	20	2.44	5.5	20.0	0.0	0.0	42.80	30	1.2758	2.0187	375	379.75	1,003.05	
103200	31	390.9	323.5	210.7	323.8	98.5	3.12	4.59	0	1,671	22	2.44	5.5	20.0	0.0	0.0	42.45	30	1.2758	2.0187	380	380.03	1,007.97	
103727	31	391.1	324.5	211.3	324.2	98.5	3.31	4.59	0	1,790	23	2.19	5.5	20.0	0.0	0.0	36.14	30	1.2758	2.0187	380	380.24	1,022.89	
104269	31	391.4	325.2	211.8	325.2	98.8	2.12	4.59	0	1,703	23	0.81	5.5	20.0	0.0	0.0	15.09	30	1.2758	2.0187	380	380.55	976.41	
104768	31	391.7	326.2	212.3	326.2	98.8	1.75	4.59	0	1,257	23	1.12	5.5	20.0	0.0	0.0	19.83	30	1.2758	2.0187	380	380.64	966.17	
105327	31	391.9	327.2	213.0	327.2	99.5	1.56	4.59	0	896	21	0.31	5.5	20.0	0.0	0.0	18.56	30	1.2758	2.0187	380	380.85	959.84	
105906	30	392.3	328.5	213.8	328.5	99.5	2.25	4.59	0	858	20	0.00	5.5	20.0	0.0	0.0	16.97	30	1.2758	2.0187	380	381.04	953.12	
106431	30	392.6	328.8	214.3	329.2	100.2	2.25	4.59	0	847	20	0.56	5.5	20.0	0.0	0.0	21.47	30	1.2758	2.0187	380	381.25	954.69	
106947	31	392.9	329.8	215.0	329.8	100.2	2.12	4.59	0	997	20	0.31	5.5	20.0	0.0	0.0	17.91	30	1.2758	2.0187	380	381.44	954.06	
107499	31	393.1	330.5	215.5	330.5	100.5	2.12	4.59	0	973	19	0.31	5.5	20.0	0.0	0.0	18.77	30	1.2758	2.0187	380	381.65	953.52	
108004	31	393.4	330.8	215.8	331.2	100.8	2.12	4.59	0	969	19	0.31	5.5	20.0	0.0	0.0	19.03	30	1.2758	2.0187	380	381.74	953.44	
108533	31	393.6	331.2	216.0	330.8	100.8	2.12	4.59	0	955	19	0.31	5.5	20.0	0.0	0.0	19.62	30	1.2758	2.0187	380	381.93	952.97	
109047	31	393.8	331.2	216.1	331.2	101.2	2.12	4.59	0	943	18	0.31	5.5	20.0	0.0	0.0	19.88	30	1.2758	2.0187	380	382.05	952.97	
109610	31	394.1	331.5	216.3	331.8	101.5	2.12	4.59	0	931	18	0.31	5.5	20.0	0.0	0.0	20.20	30	1.2758	2.0187	380	382.23	952.58	
110131	31	394.3	331.8	216.8	331.8	101.5	2.12	4.59	0	936	18	0.31	5.5	20.0	0.0	0.0	20.55	30	1.2758	2.0187	380	382.35	952.66	
110670	31	394.5	331.8	217.0	332.2	101.8	2.12	4.59	0	932	18	0.56	5.5	20.0	0.0	0.0	20.88	30	1.2758	2.0187	380	382.44	952.97	
111202	31	394.7	332.2	217.2	332.5	102.2	2.25	4.59	0	933	17	0.31	5.5	20.0	0.0	0.0	21.73	30	1.2758	2.0187	380	382.54	952.58	
111729	31	394.8	332.5	217.3	332.2	102.2	2.25	4.59	0	938	16	0.56	5.5	20.0	0.0	0.0	21.47	30	1.2758	2.0187	380	382.63	952.58	
112235	31	395.0	332.5	217.3	332.8	102.5	2.12	4.59	0	925	15	0.31	5.5	20.0	0.0	0.0	22.43	30	1.2758	2.0187	380	382.75	952.73	
112749	31	395.2	332.5	217.6	332.5	102.8	2.25	4.59	0	917	13	0.31	5.5	20.0	0.0	0.0	23.30	30	1.2758	2.0187	380	382.84	952.89	
113354	31	395.3	332.8	217.8	332.5	102.8	2.25	4.59	0	891	12	0.56	5.5	20.0	0.0	0.0	25.34	30	1.2758	2.0187	380	382.94	952.42	
113868	31	395.5	332.8	218.0	332.8	103.2	2.25	4.59	0	920	12	0.56	5.5	20.0	0.0	0.0	25.43	30	1.2758	2.0187	380	383.03	952.89	
114433	31	395.7	332.8	218.1	332.8	103.5	2.25	4.59	0	915	11	0.31	5.5	20.0	0.0	0.0	25.99	30	1.2758	2.0187	380	383.15	953.20	
115004	31	395.9	332.8	218.5	332.8	103.5	2.25	4.59	0	920	10	0.56	5.5	20.0	0.0	0.0	28.41	30	1.2758	2.0187	380	383.24	953.83	
115559	31	396.0	333.2	218.5	333.2	103.5	2.12	4.59	0	983	10	0.81	5.5	20.0	0.0	0.0	28.64	30	1.2758	2.0187	380	383.33	954.38	
116136	31	396.1	333.5	218.6	333.2	104.2	2.12	4.59	0	976	10	0.56	5.5	20.0	0.0	0.0	26.37	30	1.2758	2.0187	380	383.43	954.84	
116645	31	396.3	333.2	218.7	333.5	104.2	2.12	4.59	0	980	10	0.31	5.5	20.0	0.0	0.0	26.74	30	1.2758	2.0187	380	383.55	955.00	
117198	31	396.4	333.5	219.0	333.5	104.5	2.25	4.59	0	1,005	10	0.81	5.5	20.0	0.0	0.0	25.90	30	1.2758	2.0187	380	383.73	955.62	
117776	31	396.5	333.5	219.1	333.5	104.5	2.12	4.59	0	979	10	0.31	5.5	20.0	0.0	0.0	27.70	30	1.2758	2.0187	380	383.85	954.53	
118283	31	396.6	333.8	219.3	333.8	104.8	2.25	4.59	0	1,106	10	0.81	5.5	20.0	0.0	0.0	29.65	30	1.2758	2.0187	380	383.94	948.05	
118788	31	396.8	333.5	219.5	333.8	105.2	2.62	4.59	0	1,236	10	2.75	5.5	20.0	0.0	0.0	47.39	30	1.2758	2.0187	380	384.13	960.70	
119320	32	396.9	334.5	219.8	334.2	105.8	3.31	4.59	0	1,421	12	5.12	5.5	20.0	0.0	0.0	64.66	30	1.2758	2.0187	380	384.34	996.09	
119822	32	397.1	334.5	219.6	334.5	105.5	4.00	4.59	0	1,478	15	6.25	5.5	20.0	0.0	0.0	70.27	30	1.2758	2.0187	380	384.53	1,054.92	
120337	32	397.3	334.8	220.0	334.8	106.2	4.88	4.59	0	1,590	17	6.50	5.5	20.0	0.0	0.0	76.88	30	1.2758	2.0187	380	384.74	1,131.56	
120881	33	397.8	335.5	220.6	335.5	105.8	6.25	4.59	0	1,738	20	9.19	5.5	20.0	0.0	0.0	95.32	30	1.2758	2.0187	385	385.05	1,298.20	
121534	33	399.5	336.2	221.2	336.2	106.5	11.12	4.59	0	1,918	25	22.44	5.5	20.0	0.0	0.0	114.80	30	1.2758	2.0187	385	385.35	1,461.95	
122057	34	402.0	336.8	221.6	337.2	106.5	13.06	4.59	0	2,343	31	27.00	5.5	20.0	0.0	0.0	106.78	30	1.2758	2.0187	385	385.84	1,435.31	
122625	34	406.2	339.5	222.8	339.8	106.8	16.31	4.59	0	2,739	37	35.69	5.5	20.4	0.0	0.0	111.59	30	1.2758	2.0281	385	386.64	1,532.50	
123143	35	412.7	341.5	223.8	341.5	107.5	20.31	4.59	0	3,086	41	43.25	5.5	20.4	0.0	0.0	109.50	30	1.2758	2.0281	385	387.74	1,554.14	
123676	36	421.1	344.2	226.0	344.2	107.5	17.38	4.59	0	2,350	44	37.00	5.5	20.4	0.0	0.0	107.06	30	1.2758	2.0469	390	389.94	1,398.67	
124203	36	430.9	346.8	227.5	347.2	108.2	11.12	4.59	0	2,301	47	22.19	5.5	20.4	0.0	0.0	102.91	30	1.2758	2.0367	390	392.15	1,375.55	
124781	36	442.4	350.8	229.3	350.8	108.8	11.62	4.59	0	2,483	50	25.12	5.5	20.8	0.0	0.0	93.02	30	1.2758	2.0461	395	395.55	1,242.03	
125309	36	454.9	354.2	231.5	354.8	109.5	11.12	4.59	0	2,613	53	22.69	5.5	20.8	0.0	0.0	90.09	30	1.2758	2.0555	395	398.85	1,236.56	
125834	36	466.6	358.2	233.8	358.5	110.2	12.88	4.59	0	2,716	54	23.50	5.5	20.8	0.0	0.0	66.30	30	1.2758	2.0555	400	402.74	1,153.12	
126404	37	478.8	362.5	236.5	362.8	110.5	3.81	4.59	0	1,857	55	1.12	5.5	20.8	0.0	0.0	22.48	30	1.2758	2.0461	405	406.54	986.95	
126955	36	486.0	366.8	238.7	367.2	110.8	2.12	4.59	0	1,783	55	-0.44	5.5	20.8	0.0	0.0	17.06	30	1.2758	2.0461	405	409.05	965.08	
127489	35	492.4	370.8	241.0	371.2	111.8	1.56	4.59	0	1,189	54	0.31	5.5	20.8	0.0	0.0	15.28	30	1.2758	2.0555	410	411.83	958.05	
128007	35	497.9	374.8	243.3	375.2	112.5	1.25	4.59	0	1,299	53	0.81	5.5	21.2	0.0	0.0	17.04	30	1.2758	2.0648	410	413.94	957.34	
128557	35	503.0	377.8	244.5	377.8	112.8	1.06	4.59	0	1,260	52	0.56	5.5	21.2	0.0	0.0	16.80	30	1.2758	2.0742	415	416.33	960.16	
129106	35	507.6	380.5	247.0	380.8	113.5	1.25	4.59	0	1,253	51	0.81	5.5	20.8	0.0	0.0	16.64	30	1.2758	2.0555	415	418.23	960.31	
129678	35	511.8	382.8	248.1	382.8	113.8	1.56	4.59	0	1,066	50	0.31	5.5	21.2	0.0	0.0	15.84	30	1.2758	2.0641	420	420.34	959.30	
130327	35	515.6	384.5	249.5	384.5	114.8	1.75	4.59	0	1,055	49	0.56	5.5	21.2	0.0	0.0	16.43	30	1.2758	2.0641	420	422.33	958.52	
130860	35	519.0	385.8	250.5	385.8	115.2	1.75	4.59	0	1,020	49	0.31	5.5	21.2	0.0	0.0	16.31	30	1.2758	2.0641	420	424.23	957.73	
131421	35	522.7	387.2	251.3	387.2	115.8	1.75	4.59	0	1,010	48	0.00	5.5	21.2	0.0	0.0	16.41	30	1.2758	2.0641	425	425.73	957.42	
131952	35	525.3	386.8	251.7	387.5	116.5	1.94	4.59	0	990	47	0.00	5.5	21.2	0.0	0.0	16.80	30	1.2758	2.0641	425	427.14	957.03	
132462	35	528.0	387.8	251.8	387.8	116.8	1.94	4.59	0	981	47	0.56	5.5	21.2	0.0	0.0	17.30	30	1.2758	2.0641	425	428.85	956.80	
132968	35	530.2	387.8	252.6	387.5	117.5	2.12	4.59	0	1,111	46	0.56	5.5	21.2	0.0	0.0	12.63	30	1.2758	2.0641	430	430.23	955.23	
133532	35	532.5	387.8	252.6	387.8	117.8	2.12	4.59	0	1,193	46	0.56	5.5	21.2	0.0	0.0	12.49	30	1.2758	2.0836	430	431.55	953.91	
134098	34	534.7	387.5	252.8	387.5	118.2	1.75	4.59	0	1,189	46	0.56	5.5	21.2	0.0	0.0	12.49	30	1.2758	2.0742	430	433.05	953.44	
134631	34	536.4	387.5	253.3	387.5	118.5	1.94	4.59	0	1,177	46	0.56	5.5	21.2	0.0	0.0	12.19	30	1.2758	2.0742	430	434.33	952.97	
135151	34	538.2	387.2	253.2	387.2	119.2	2.44	4.59	0	1,151	45	0.56	5.5	21.2	0.0	0.0	12.38	30	1.2758	2.0648	435	435.83	952.97	
135684	34	539.6	386.5	253.1	386.5	119.5	1.75	4.59	0	1,142	44	0.56	5.5	21.2	0.0	0.0	12.59	30	1.2758	2.0648	435	437.03	952.97	
136219	34	541.1	385.8	253.0	385.8	120.2	2.12	4.59	0	1,114	42	0.31	5.5	21.2	0.0	0.0	14.23	30	1.2758	2.0648	435	438.25	952.66	
136786	34	542.5	385.5	252.8	385.5	120.5	1.75	4.59	0	1,239	40	0.81	5.5	21.2	0.0	0.0	13.01	30	1.2758	2.0648	435	439.63	953.59	
137334	34	543.8	385.2	253.0	385.5	120.8	1.25	4.59	0	1,240	36	0.56	5.5	21.2	0.0	0.0	17.32	30	1.2758	2.0648	440	440.85	956.09	
137898	34	545.2	384.5	253.0	384.5	121.2	1.44	4.59	0	1,116	33	0.56	5.5	21.2	0.0	0.0	17.16	30	1.2758	2.0648	440	442.14	957.97	
138418	34	546.4	383.8	252.3	383.8	121.5	1.56	4.59	0	1,079	32	0.31	5.5	21.2	0.0	0.0	17.30	30	1.2758	2.0648	440	443.33	958.91	
139060	34	547.6	382.8	252.5	383.2	122.2	1.44	4.59	0	1,151	30	0.56	5.5	21.2	0.0	0.0	17.72	30	1.2758	2.0648	440	444.83	960.31	
139649	34	548.8	382.5	252.3	382.5	122.5	1.44	4.59	0	1,193	27	0.56	5.5	21.2	0.0	0.0	17.88	30	1.2758	2.0648	445	445.84	961.17	
140208	34	550.4	381.5	251.8	381.5	122.8	1.44	4.59	0	1,181	24	0.56	5.5	21.2	0.0	0.0	17.70	30	1.2758	2.0648	445	447.04	961.25	
140748	34	551.6	380.5	251.5	380.5	122.8	1.75	4.59	0	1,048	20	0.31	5.5	21.2	0.0	0.0	14.18	30	1.2758	2.0648	445	448.05	960.23	
141328	34	552.7	379.5	251.3	379.5	123.5	2.44	4.59	0	742	15	0.31	5.5	21.2	0.0	0.0	30.70	30	1.2758	2.0648	445	449.24	955.39	
141842	34	553.7	379.2	250.8	378.8	123.5	2.25	4.59	0	910	12	0.56	5.5	21.2	0.0	0.0	22.05	30	1.2758	2.0648	450	450.34	955.39	
142379	34	554.8	377.5	250.6	377.5	123.8	2.12	4.59	0	918	7	0.31	5.5	21.2	0.0	0.0	24.52	30	1.2758	2.0648	450	451.54	954.53	
142898	34	555.8	376.8	250.1	376.8	123.8	2.12	4.59	0	930	3	0.31	5.5	21.2	0.0	0.0	19.66	30	1.2758	2.0648	450	452.55	954.38	
143453	34	556.7	376.2	250.2	376.2	124.5	2.25	4.59	0	833	0	0.31	5.5	21.2	0.0	0.0	27.14	30	1.2758	2.0648	450	453.74	953.36	
143976	34	557.5	375.5	250.0	375.2	124.5	2.25	4.59	0	876	0	0.56	5.5	21.2	0.0	0.0	23.95	30	1.2758	2.0648	450	454.75	953.83	
144547	34	558.3	374.5	249.8	374.8	124.8	2.25	4.59	0	869	0	0.56	5.5	21.2	0.0	0.0	25.48	30	1.2758	2.0648	455	455.73	953.52	
145061	34	559.1	374.5	249.6	374.2	124.8	2.44	4.59	0	829	0	0.56	5.5	21.2	0.0	0.0	30.54	30	1.2758	2.0648	455	456.93	953.44	
145611	34	559.8	373.8	249.5	373.8	125.2	2.44	4.59	0	821	0	0.56	5.5	21.2	0.0	0.0	32.37	30	1.2758	2.0648	455	457.94	955.08	
146168	34	560.5	373.2	249.3	373.2	125.5	2.44	4.59	0	847	0	0.56	5.5	21.2	0.0	0.0	31.01	30	1.2758	2.0648	455	459.13	956.33	
146709	34	561.2	372.8	249.3	372.5	125.8	2.44	4.59	0	834	0	0.81	5.5	21.2	0.0	0.0	30.42	30	1.2758	2.0648	460	460.05	956.33	
147323	34	561.7	372.5	249.1	372.5	125.8	2.25	4.59	0	815	0	0.56	5.5	21.2	0.0	0.0	31.12	30	1.2758	2.0648	460	461.03	956.33	
147831	34	562.3	372.2	249.0	371.8	125.8	2.25	4.59	0	788	0	0.56	5.5	21.2	0.0	0.0	30.02	30	1.2758	2.0648	460	462.25	955.78	
148351	34	562.8	371.8	248.8	371.8	126.2	2.25	4.59	0	822	0	0.56	5.5	21.2	0.0	0.0	27.68	30	1.2758	2.0648	460	463.23	955.55	
148919	34	563.3	371.5	248.8	371.5	126.5	2.25	4.59	0	822	0	0.56	5.5	21.2	0.0	0.0	26.27	30	1.2758	2.0648	460	464.33	954.69	
149467	34	563.7	371.5	249.0	371.8	126.5	2.25	4.59	0	821	0	0.56	5.5	21.2	0.0	0.0	25.95	30	1.2758	2.0648	465	465.44	954.14	
150022	34	564.1	371.5	249.0	371.5	126.5	2.25	4.59	0	822	0	0.31	5.5	21.2	0.0	0.0	25.45	30	1.2758	2.0648	465	466.35	953.44	
150589	34	564.5	371.5	249.1	371.5	126.8	2.25	4.59	0	819	0	0.56	5.5	21.2	0.0	0.0	25.85	30	1.2758	2.0648	465	467.33	953.28	
151107	34	564.8	371.5	249.1	371.5	126.8	2.25	4.59	0	815	0	0.56	5.5	21.2	0.0	0.0	25.83	30	1.2758	2.0648	465	468.25	953.36	
151631	34	565.0	371.2	249.2	371.2	127.2	2.25	4.59	0	800	0	0.56	5.5	21.2	0.0	0.0	26.34	30	1.2758	2.0648	465	469.14	953.36	
152149	34	565.2	371.2	249.1	371.5	126.8	2.12	4.59	0	788	0	0.56	5.5	21.2	0.0	0.0	26.55	30	1.2758	2.0648	470	469.94	953.12	
152697	34	565.5	371.5	249.2	371.5	127.2	2.12	4.59	0	792	0	0.56	5.5	21.2	0.0	0.0	26.53	30	1.2758	2.0648	470	470.94	953.28	
153211	34	565.6	370.8	249.3	371.2	127.5	2.12	4.59	0	796	0	0.56	5.5	21.2	0.0	0.0	26.41	30	1.2758	2.0648	470	471.83	953.12	
153734	34	565.8	371.8	249.5	371.5	127.8	2.12	4.59	0	799	0	0.56	5.5	21.2	0.0	0.0	26.55	30	1.2758	2.0648	470	472.63	953.36	
154256	34	565.9	371.2	249.3	371.5	127.8	2.12	4.59	0	797	0	0.56	5.5	21.2	0.0	0.0	26.53	30	1.2758	2.0648	470	473.64	953.28	
154763	34	566.0	371.2	249.5	371.5	127.5	2.25	4.59	0	802	0	0.56	5.5	21.2	0.0	0.0	26.34	30	1.2758	2.0648	470	474.34	953.52	
155326	34	566.1	371.8	249.5	371.5	127.8	2.25	4.59	0	795	0	0.56	5.5	21.2	0.0	0.0	26.72	30	1.2758	2.0648	475	475.14	953.28	
155944	34	566.1	371.5	249.8	371.5	128.2	2.25	4.59	0	794	0	0.31	5.5	21.2	0.0	0.0	26.53	30	1.2758	2.0648	475	476.15	953.28	
156490	34	566.2	371.8	249.6	371.5	127.8	2.25	4.59	0	800	0	0.56	5.5	21.2	0.0	0.0	26.55	30	1.2758	2.0648	475	477.04	953.12	
157001	34	566.2	371.8	250.1	371.8	128.2	2.25	4.59	0	794	0	0.56	5.5	21.2	0.0	0.0	26.55	30	1.2758	2.0648	475	477.74	953.28	
157518	34	566.2	371.8	250.1	371.8	128.2	2.25	4.59	0	800	0	0.31	5.5	21.2	0.0	0.0	26.48	30	1.2758	2.0648	475	478.54	953.05	
158025	34	566.1	372.2	250.2	372.2	128.8	2.25	4.59	0	791	0	0.56	5.5	21.2	0.0	0.0	26.77	30	1.2758	2.0648	475	479.24	953.12	
158573	34	566.1	372.2	250.3	372.2	128.5	2.25	4.59	0	799	0	0.56	5.5	21.2	0.0	0.0	26.46	30	1.2758	2.0648	480	480.04	952.89	
159085	34	566.0	372.5	250.3	372.2	128.8	2.25	4.59	0	795	0	0.56	5.5	21.2	0.0	0.0	26.72	30	1.2758	2.0648	480	480.83	952.89	
159627	34	565.9	372.8	250.6	372.5	128.5	2.12	4.59	0	801	0	0.56	5.5	21.2	0.0	0.0	26.53	30	1.2758	2.0648	480	481.54	953.05	
160148	34	565.8	373.2	251.0	372.8	128.8	2.25	4.59	0	797	0	0.56	5.5	21.2	0.0	0.0	26.65	30	1.2758	2.0648	480	482.15	953.05	
160664	34	565.7	372.8	250.8	372.8	128.8	2.12	4.59	0	796	0	0.56	5.5	21.2	0.0	0.0	26.65	30	1.2758	2.0648	480	483.04	953.28	
161187	34	565.5	373.5	251.2	373.5	129.5	2.12	4.59	0	797	0	0.56	5.5	21.2	0.0	0.0	26.60	30	1.2758	2.0648	480	483.65	953.20	
161697	34	565.4	373.2	251.0	373.2	129.5	2.25	4.59	0	797	0	0.56	5.5	21.2	0.0	0.0	26.67	30	1.2758	2.0648	480	484.35	953.12	
162236	34	565.2	373.5	251.5	373.5	129.5	2.25	4.59	0	799	0	0.56	5.5	21.2	0.0	0.0	26.62	30	1.2758	2.0648	485	485.03	953.12	
162763	34	565.0	373.8	251.3	373.8	129.8	2.25	4.59	0	799	0	0.56	5.5	21.2	0.0	0.0	26.72	30	1.2758	2.0648	485	485.73	953.20	
163292	34	564.8	373.8	252.0	374.2	129.8	2.25	4.59	0	800	0	0.56	5.5	21.2	0.0	0.0	26.48	30	1.2758	2.0648	485	486.44	953.20	
163837	34	564.6	374.2	252.0	374.2	129.8	2.12	4.59	0	797	0	0.56	5.5	21.2	0.0	0.0	26.72	30	1.2758	2.0648	485	487.05	953.20	
164438	34	564.3	374.5	252.3	374.2	130.2	2.12	4.59	0	798	0	0.56	5.5	21.2	0.0	0.0	26.48	30	1.2758	2.0648	485	487.75	953.12	
164939	34	564.0	374.8	252.0	374.5	130.5	2.12	4.59	0	797	0	0.56	5.5	21.2	0.0	0.0	26.55	30	1.2758	2.0648	485	488.33	953.28	
165508	34	563.7	374.5	252.6	374.5	130.5	2.25	4.59	0	794	0	0.56	5.5	21.2	0.0	0.0	26.62	30	1.2758	2.0648	485	489.13	952.97	
166094	34	563.4	375.2	252.8	374.8	130.8	2.12	4.59	0	794	0	0.31	5.5	21.2	0.0	0.0	26.67	30	1.2758	2.0648	485	489.83	953.20	
166658	34	563.1	375.5	253.0	375.2	130.8	2.25	4.59	0	797	0	0.56	5.5	21.2	0.0	0.0	26.60	30	1.2758	2.0648	490	490.44	953.20	
167154	34	562.8	375.8	253.3	375.8	130.8	2.25	4.59	0	797	0	0.56	5.5	21.2	0.0	0.0	26.41	30	1.2758	2.0648	490	491.03	953.20	
167683	34	562.4	376.2	253.5	375.8	131.5	2.12	4.59	0	776	0	0.56	5.5	21.2	0.0	0.0	27.68	30	1.2758	2.0648	490	491.64	952.89	
168206	34	562.1	376.2	253.8	376.5	131.2	2.25	4.59	0	799	0	0.56	5.5	21.2	0.0	0.0	27.33	30	1.2758	2.0648	490	492.25	953.28	
168767	34	561.7	376.2	253.8	376.5	131.2	2.25	4.59	0	815	0	0.56	5.5	21.2	0.0	0.0	26.74	30	1.2758	2.0648	490	492.83	953.20	
169325	34	561.3	376.5	254.3	376.5	131.5	2.25	4.59	0	820	0	0.56	5.5	21.2	0.0	0.0	26.37	30	1.2758	2.0648	490	493.44	953.52	
169830	34	560.9	377.2	254.5	377.2	131.5	2.25	4.59	0	819	0	0.56	5.5	21.2	0.0	0.0	26.37	30	1.2758	2.0648	490	493.94	953.44	
170397	34	560.5	377.2	254.5	377.2	131.8	2.25	4.59	0	819	0	0.56	5.5	21.2	0.0	0.0	26.79	30	1.2758	2.0648	490	494.64	952.42	
170974	34	560.0	377.8	255.2	377.5	131.8	2.81	4.59	0	922	0	1.12	5.5	21.2	0.0	0.0	36.38	30	1.2758	2.0648	495	495.25	955.23	
171533	34	559.5	378.2	255.0	377.8	131.8	2.25	4.59	0	976	1	1.12	5.5	21.2	0.0	0.0	31.31	30	1.2758	2.0648	495	495.83	957.50	
172084	34	559.0	378.5	255.5	378.5	132.2	2.25	4.59	0	923	1	0.56	5.5	21.2	0.0	0.0	32.58	30	1.2758	2.0648	495	496.54	955.70	
172769	34	558.4	378.8	255.6	378.8	132.5	2.25	4.59	0	976	2	0.81	5.5	21.2	0.0	0.0	34.55	30	1.2758	2.0648	495	497.24	959.06	
173282	34	557.8	379.2	255.8	379.2	132.5	2.25	4.59	0	1,129	4	1.12	5.5	21.2	0.0	0.0	36.07	30	1.2758	2.0648	495	497.94	957.81	
173848	34	557.0	380.2	256.1	380.2	132.8	2.44	4.59	0	1,188	6	1.94	5.5	21.2	0.0	0.0	45.54	30	1.2758	2.0648	495	498.65	966.33	
174366	34	556.1	380.2	256.5	380.5	132.8	2.44	4.59	0	1,309	9	3.00	5.5	21.2	0.0	0.0	48.30	30	1.2758	2.0648	495	499.54	979.69	
174897	34	555.2	380.8	257.2	380.8	133.2	3.00	4.59	0	1,524	12	3.81	5.5	21.2	0.0	0.0	54.30	30	1.2758	2.0648	500	500.33	1,005.86	
175430	34	554.0	382.2	257.8	382.2	133.5	3.31	4.59	0	1,582	14	4.88	5.5	21.2	0.0	0.0	58.55	30	1.2758	2.0648	500	501.25	1,050.78	
175938	35	552.8	383.2	258.1	383.2	133.5	3.50	4.59	0	1,520	17	5.69	5.5	21.2	0.0	0.0	62.98	30	1.2758	2.0648	500	502.05	1,086.72	
176461	35	551.4	384.5	259.0	384.5	134.2	4.00	4.59	0	1,632	19	5.94	5.5	21.2	0.0	0.0	57.84	30	1.2758	2.0648	500	503.15	1,110.00	
176999	35	549.8	385.8	259.8	385.8	134.5	4.69	4.59	0	1,722	22	4.88	5.5	21.2	0.0	0.0	56.04	30	1.2758	2.0648	500	503.94	1,120.31	
177517	35	548.5	387.5	260.8	387.8	134.8	4.00	4.59	0	1,873	24	4.06	5.5	21.2	0.0	0.0	45.05	30	1.2758	2.0648	500	504.74	1,093.20	
178080	35	547.0	389.5	262.0	389.8	134.8	4.19	4.59	0	1,789	25	3.81	5.5	21.2	0.0	0.0	45.35	30	1.2758	2.0648	505	505.63	1,071.48	
178639	35	545.8	391.5	263.0	391.5	134.8	2.62	4.59	0	1,485	27	4.06	5.5	21.2	0.0	0.0	48.49	30	1.2758	2.0648	505	506.33	1,047.27	
179209	35	544.5	394.5	264.8	394.5	135.2	2.44	4.59	0	1,463	28	4.06	5.5	21.2	0.0	0.0	25.66	30	1.2758	2.0648	505	507.13	1,026.95	
179733	35	543.7	396.2	265.8	396.8	135.8	1.56	4.59	0	1,445	29	1.38	5.5	21.2	0.0	0.0	17.27	30	1.2758	2.0648	505	507.74	975.86	
180270	34	542.9	398.8	267.7	399.5	135.8	1.75	4.59	0	1,437	29	1.12	5.5	21.2	0.0	0.0	13.20	30	1.2758	2.0648	505	508.35	962.27	
180836	34	542.3	401.5	268.8	401.5	136.5	2.44	4.59	0	1,321	29	0.56	5.5	21.2	0.0	0.0	16.52	30	1.2758	2.0648	505	508.75	959.06	
181437	34	541.7	403.8	270.0	404.2	136.5	1.25	4.59	0	1,412	28	0.81	5.5	21.2	0.0	0.0	17.86	30	1.2758	2.0648	505	509.33	959.22	
181947	34	541.4	405.2	270.8	405.5	137.2	1.06	4.59	0	1,379	28	0.81	5.5	21.2	0.0	0.0	17.77	30	1.2758	2.0648	505	509.73	963.20	
182465	34	541.0	407.2	272.2	407.2	137.2	1.25	4.59	0	1,345	27	0.81	5.5	21.2	0.0	0.0	17.84	30	1.2758	2.0648	510	510.25	963.98	
183009	34	540.8	408.5	273.0	408.5	137.5	1.06	4.59	0	1,325	27	1.12	5.5	21.2	0.0	0.0	17.48	30	1.2758	2.0648	510	510.65	964.30	
183538	34	540.7	409.5	273.6	409.5	137.8	1.06	4.59	0	1,298	26	0.81	5.5	21.2	0.0	0.0	17.53	30	1.2758	2.0648	510	511.14	964.30	
184053	34	540.6	410.2	274.1	410.5	138.2	1.25	4.59	0	1,274	26	0.81	5.5	21.2	0.0	0.0	17.60	30	1.2758	2.0648	510	511.54	964.30	
184582	34	540.5	410.8	274.3	410.8	138.2	1.06	4.59	0	1,260	25	0.81	5.5	21.2	0.0	0.0	17.67	30	1.2758	2.0648	510	511.94	964.06	
185139	35	540.5	410.8	275.0	411.2	138.5	1.25	4.59	0	1,236	25	0.81	5.5	21.2	0.0	0.0	17.70	30	1.2758	2.0648	510	512.24	964.14	
185708	35	540.5	411.5	274.8	411.5	138.8	1.25	4.59	0	1,207	24	0.81	5.5	21.2	0.0	0.0	17.81	30	1.2758	2.0648	510	512.73	963.98	
186226	35	540.5	411.5	275.3	411.5	139.5	1.25	4.59	0	1,189	24	0.56	5.5	21.2	0.0	0.0	12.87	30	1.2758	2.0648	510	513.04	962.81	
186740	35	540.5	411.5	275.3	411.5	139.8	1.94	4.59	0	1,203	24	0.81	5.5	21.2	0.0	0.0	17.74	30	1.2758	2.0648	510	513.34	956.33	
187260	35	540.5	410.8	275.5	411.2	139.8	2.25	4.59	0	1,275	24	1.38	5.5	21.2	0.0	0.0	31.97	30	1.2758	2.0648	510	513.74	955.55	
187788	35	540.5	411.2	275.7	410.8	140.2	2.44	4.59	0	1,292	25	1.62	5.5	21.2	0.0	0.0	35.77	30	1.2758	2.0648	510	514.14	959.77	
188295	35	540.4	410.8	275.8	410.8	140.8	2.44	4.59	0	1,336	27	1.94	5.5	21.2	0.0	0.0	36.56	30	1.2758	2.0648	510	514.44	964.30	
188821	35	540.2	410.8	275.8	410.8	140.8	2.44	4.59	0	1,380	28	1.94	5.5	21.2	0.0	0.0	35.91	30	1.2758	2.0648	510	514.84	968.75	
189362	35	539.9	411.2	276.0	411.2	141.2	2.44	4.59	0	1,445	29	1.94	5.5	21.2	0.0	0.0	34.80	30	1.2758	2.0648	515	515.15	971.88	
189981	35	539.5	411.5	276.5	411.5	141.8	2.25	4.59	0	1,488	30	1.62	5.5	21.2	0.0	0.0	20.32	30	1.2758	2.0648	515	515.55	967.11	
190556	35	539.1	412.2	277.0	412.5	141.8	1.75	4.59	0	1,465	30	0.81	5.5	21.2	0.0	0.0	13.20	30	1.2758	2.0648	515	515.73	959.61	
191031	35	538.7	413.5	277.8	413.2	142.5	1.56	4.59	0	1,437	30	0.81	5.5	21.2	0.0	0.0	11.77	30	1.2758	2.0648	515	515.94	957.58	
191610	35	538.4	413.8	278.0	414.2	142.5	1.25	4.59	0	1,437	30	0.81	5.5	21.2	0.0	0.0	18.02	30	1.2758	2.0648	515	516.25	958.59	
192157	35	538.2	414.5	278.6	414.8	142.5	1.25	4.59	0	1,446	29	0.81	5.5	21.2	0.0	0.0	18.70	30	1.2758	2.0648	515	516.53	963.83	
192679	35	538.1	415.5	279.0	415.8	143.2	1.06	4.59	0	1,361	27	1.12	5.5	21.2	0.0	0.0	18.38	30	1.2758	2.0648	515	516.74	963.75	
193191	35	538.1	415.5	279.5	415.8	142.8	1.06	4.59	0	1,296	26	0.81	5.5	21.2	0.0	0.0	18.12	30	1.2758	2.0648	515	516.93	964.30	
193763	35	538.1	416.2	280.0	416.2	143.5	1.25	4.59	0	1,180	23	0.56	5.5	21.2	0.0	0.0	17.86	30	1.2758	2.0648	515	517.23	963.98	
194286	35	538.2	416.2	280.1	416.5	143.8	1.56	4.59	0	1,040	21	0.31	5.5	21.2	0.0	0.0	19.73	30	1.2758	2.0648	515	517.44	962.27	
194799	35	538.3	416.8	280.5	416.8	143.8	1.56	4.59	0	910	19	0.00	5.5	21.2	0.0	0.0	15.70	30	1.2758	2.0648	515	517.63	957.89	
195365	35	538.3	416.5	280.5	416.2	144.5	2.25	4.59	0	916	18	0.31	5.5	21.2	0.0	0.0	18.89	30	1.2758	2.0648	515	517.84	955.55	
195929	35	538.3	416.5	280.3	416.2	144.8	2.12	4.59	0	956	19	0.31	5.5	21.2	0.0	0.0	17.86	30	1.2758	2.0648	515	518.03	954.30	
196482	35	538.3	416.2	280.5	416.5	145.5	2.12	4.59	0	977	19	0.31	5.5	21.2	0.0	0.0	18.77	30	1.2758	2.0648	515	518.15	953.83	
197046	35	538.2	416.2	281.0	416.2	145.5	2.12	4.59	0	990	19	0.56	5.5	21.2	0.0	0.0	17.91	30	1.2758	2.0648	515	518.33	954.14	
197576	35	538.1	415.8	280.8	415.8	145.5	2.12	4.59	0	972	19	0.31	5.5	21.2	0.0	0.0	17.88	30	1.2758	2.0648	515	518.43	953.83	
198221	35	538.0	416.2	280.8	416.2	145.8	2.12	4.59	0	968	18	0.31	5.5	21.2	0.0	0.0	18.05	30	1.2758	2.0648	515	518.55	953.75	
198721	35	537.8	416.2	280.8	415.8	146.2	2.12	4.59	0	962	17	0.31	5.5	21.2	0.0	0.0	18.47	30	1.2758	2.0648	515	518.64	953.52	
199312	35	537.6	416.2	281.0	416.2	146.5	2.12	4.59	0	942	15	0.56	5.5	21.2	0.0	0.0	18.75	30	1.2758	2.0648	515	518.73	953.52	
199825	35	537.4	415.8	281.1	415.8	146.5	2.12	4.59	0	933	14	0.31	5.5	21.2	0.0	0.0	19.55	30	1.2758	2.0648	515	518.73	953.44	
200341	35	537.2	416.2	281.3	415.8	147.2	2.25	4.59	0	912	12	0.31	5.5	21.2	0.0	0.0	21.05	30	1.2758	2.0648	515	518.85	953.36	
200845	35	536.9	415.8	281.5	416.2	147.2	2.25	4.59	0	891	10	0.56	5.5	21.2	0.0	0.0	23.06	30	1.2758	2.0648	515	518.85	953.28	
201359	35	536.7	416.2	281.1	415.8	147.5	2.25	4.59	0	965	9	0.56	5.5	21.2	0.0	0.0	21.73	30	1.2758	2.0648	515	518.94	954.30	
201879	35	536.4	416.2	281.8	416.2	147.5	2.12	4.59	0	987	9	0.56	5.5	21.2	0.0	0.0	22.97	30	1.2758	2.0648	515	518.94	954.38	
202448	35	536.0	416.2	282.0	416.2	147.8	2.12	4.59	0	1,004	8	0.31	5.5	21.2	0.0	0.0	22.50	30	1.2758	2.0648	515	518.94	954.84	
202965	35	535.7	416.2	281.8	416.2	148.2	2.12	4.59	0	988	6	0.56	5.5	21.2	0.0	0.0	20.93	30	1.2758	2.0648	515	519.04	955.39	
203530	35	535.4	416.5	282.5	416.5	148.2	2.12	4.59	0	886	4	0.31	5.5	21.2	0.0	0.0	19.78	30	1.2758	2.0648	515	519.04	954.61	
204109	35	534.9	416.5	282.5	416.8	148.8	2.12	4.59	0	814	3	0.31	5.5	21.2	0.0	0.0	25.73	30	1.2758	2.0648	515	519.04	953.83	
204679	35	534.5	417.2	282.8	416.8	148.5	2.25	4.59	0	845	1	0.56	5.5	21.2	0.0	0.0	24.21	30	1.2758	2.0648	515	519.04	955.31	
205208	35	534.1	417.2	283.0	417.5	148.8	2.12	4.59	0	837	0	0.31	5.5	21.2	0.0	0.0	18.09	30	1.2758	2.0648	515	519.04	953.98	
205726	35	533.7	418.2	283.3	417.8	149.2	2.12	4.59	0	794	0	0.31	5.5	21.2	0.0	0.0	19.17	30	1.2758	2.0648	515	519.13	953.67	
206239	35	533.4	417.8	283.3	417.8	149.2	2.12	4.59	0	787	0	0.31	5.5	21.2	0.0	0.0	19.88	30	1.2758	2.0648	515	519.13	953.28	
206880	35	533.0	418.5	284.1	418.5	149.8	2.12	4.59	0	786	0	0.31	5.5	21.2	0.0	0.0	19.76	30	1.2758	2.0648	515	519.04	953.12	
207424	35	532.6	418.5	284.1	418.5	149.5	2.12	4.59	0	782	0	0.31	5.5	21.2	0.0	0.0	20.46	30	1.2758	2.0648	515	519.04	952.97	
207934	35	532.1	418.8	284.5	419.2	150.2	2.12	4.59	0	790	0	0.31	5.5	21.2	0.0	0.0	20.39	30	1.2758	2.0648	515	519.04	952.97	
208469	35	531.7	419.2	284.7	419.2	149.8	2.12	4.59	0	794	0	0.31	5.5	21.2	0.0	0.0	20.65	30	1.2758	2.0648	515	519.04	952.97	
208975	35	531.4	419.5	284.6	419.5	150.2	2.12	4.59	0	784	0	0.31	5.5	21.2	0.0	0.0	20.93	30	1.2758	2.0648	515	519.04	952.97	
209550	35	530.9	419.5	284.8	419.2	150.5	2.12	4.59	0	814	0	0.56	5.5	21.2	0.0	0.0	20.62	30	1.2758	2.0648	515	519.04	952.81	
210101	35	530.5	419.5	285.0	419.5	150.5	2.12	4.59	0	813	0	0.31	5.5	21.2	0.0	0.0	19.99	30	1.2758	2.0648	515	518.94	952.66	
210677	35	530.1	419.8	285.1	419.8	150.5	2.12	4.59	0	789	0	0.31	5.5	21.2	0.0	0.0	20.39	30	1.2758	2.0648	515	518.94	952.58	
211244	35	529.7	419.8	285.3	420.2	150.8	2.12	4.59	0	789	0	0.31	5.5	21.2	0.0	0.0	20.46	30	1.2758	2.0648	515	518.94	952.81	
211763	35	529.2	420.2	285.6	420.2	151.5	2.12	4.59	0	800	0	0.31	5.5	21.2	0.0	0.0	20.32	30	1.2758	2.0648	515	518.85	952.66	
212357	35	528.8	420.2	286.0	420.5	151.2	2.12	4.59	0	796	0	0.31	5.5	21.2	0.0	0.0	20.25	30	1.2758	2.0648	515	518.85	952.66	
212904	35	528.4	420.8	285.8	420.5	151.5	2.12	4.59	0	793	0	0.31	5.5	21.2	0.0	0.0	20.13	30	1.2758	2.0648	515	518.73	952.50	
213416	35	528.0	420.8	286.1	420.8	151.5	2.12	4.59	0	797	0	0.31	5.5	21.2	0.0	0.0	20.09	30	1.2758	2.0648	515	518.73	952.50	
213950	35	527.6	420.8	286.5	420.8	152.2	2.12	4.59	0	797	0	0.31	5.5	21.2	0.0	0.0	20.02	30	1.2758	2.0648	515	518.64	952.50	
214493	35	527.1	421.2	286.3	421.2	151.5	2.12	4.59	0	796	0	0.31	5.5	21.2	0.0	0.0	20.16	30	1.2758	2.0648	515	518.64	952.42	
215024	35	526.7	421.2	286.7	421.2	152.2	2.12	4.59	0	799	0	0.31	5.5	21.2	0.0	0.0	20.11	30	1.2758	2.0648	515	518.55	952.42	
215633	35	526.3	421.5	286.8	421.8	152.5	2.12	4.59	0	798	0	0.31	5.5	21.2	0.0	0.0	20.25	30	1.2758	2.0648	515	518.43	952.50	
216206	35	525.8	421.5	287.0	421.5	152.5	2.12	4.59	0	798	0	0.31	5.5	21.2	0.0	0.0	20.20	30	1.2758	2.0648	515	518.43	952.58	
216790	35	525.3	421.8	287.1	421.8	152.8	2.12	4.59	0	798	0	0.31	5.5	21.2	0.0	0.0	20.23	30	1.2758	2.0648	515	518.33	952.58	
217364	35	524.8	421.8	287.3	422.2	152.8	2.12	4.59	0	797	0	0.31	5.5	21.2	0.0	0.0	20.16	30	1.2758	2.0648	515	518.24	952.58	
217871	35	524.4	422.2	287.7	422.2	152.5	2.12	4.59	0	801	0	0.31	5.5	21.2	0.0	0.0	20.13	30	1.2758	2.0648	515	518.24	952.58	
218445	35	523.9	422.5	288.0	422.8	152.8	2.12	4.59	0	804	0	0.31	5.5	21.2	0.0	0.0	20.16	30	1.2758	2.0648	515	518.15	952.58	
218967	35	523.5	422.5	288.0	422.5	153.5	2.12	4.59	0	798	0	0.31	5.5	21.2	0.0	0.0	20.30	30	1.2758	2.0648	515	518.03	952.97	
219486	35	523.1	422.8	288.0	422.8	153.5	2.12	4.59	0	794	0	0.31	5.5	21.2	0.0	0.0	20.11	30	1.2758	2.0648	515	517.94	952.66	
219996	35	522.6	423.5	288.5	423.5	153.8	2.12	4.59	0	789	0	0.31	5.5	21.2	0.0	0.0	20.16	30	1.2758	2.0648	515	517.94	952.81	
220529	35	522.2	423.2	288.5	423.5	153.8	2.12	4.59	0	795	0	0.31	5.5	21.2	0.0	0.0	20.25	30	1.2758	2.0648	515	517.84	952.89	
221057	35	521.8	423.5	288.8	423.5	154.5	2.12	4.59	0	797	0	0.31	5.5	21.2	0.0	0.0	20.04	30	1.2758	2.0648	515	517.75	952.58	
221596	35	521.4	423.5	288.8	423.5	154.5	2.12	4.59	0	797	0	0.31	5.5	21.2	0.0	0.0	20.25	30	1.2758	2.0648	515	517.63	952.81	
222122	35	520.9	423.5	289.1	423.8	154.5	2.12	4.59	0	799	0	0.31	5.5	21.2	0.0	0.0	20.37	30	1.2758	2.0648	515	517.54	952.81	
222694	35	520.4	423.5	289.3	423.8	154.8	2.12	4.59	0	794	0	0.31	5.5	21.2	0.0	0.0	20.70	30	1.2758	2.0648	515	517.44	952.58	
223202	35	520.0	423.8	289.3	423.8	154.8	2.12	4.59	0	807	0	0.31	5.5	21.2	0.0	0.0	20.55	30	1.2758	2.0648	515	517.35	952.58	
223713	35	519.5	423.8	289.5	424.2	155.2	2.12	4.59	0	798	0	0.31	5.5	21.2	0.0	0.0	20.11	30	1.2758	2.0648	515	517.35	952.89	
224318	35	519.1	424.2	289.7	424.2	155.2	2.12	4.59	0	798	0	0.31	5.5	21.2	0.0	0.0	20.16	30	1.2758	2.0648	515	517.23	952.81	
224861	36	518.6	424.8	290.1	424.5	155.5	2.12	4.59	0	804	0	0.31	5.5	21.2	0.0	0.0	20.23	30	1.2758	2.0648	515	517.05	952.81	
225370	36	518.1	424.5	290.1	424.8	155.8	2.12	4.59	0	802	0	0.31	5.5	21.2	0.0	0.0	20.27	30	1.2758	2.0648	515	517.05	952.97	
225886	36	517.7	424.8	290.5	424.8	155.8	2.12	4.59	0	809	0	0.31	5.5	21.2	0.0	0.0	20.32	30	1.2758	2.0648	515	516.93	952.58	
226398	36	517.2	424.5	290.5	424.5	156.5	2.12	4.59	0	808	0	0.31	5.5	21.2	0.0	0.0	19.95	30	1.2758	2.0648	515	516.83	952.58	
226943	36	516.8	425.5	290.8	425.2	156.5	2.12	4.59	0	801	0	0.31	5.5	21.2	0.0	0.0	20.13	30	1.2758	2.0648	515	516.74	952.58	
227467	36	516.3	425.5	291.1	425.5	156.8	2.12	4.59	0	792	0	0.31	5.5	21.2	0.0	0.0	20.23	30	1.2758	2.0648	515	516.65	952.66	
227981	36	515.8	425.5	291.1	425.5	157.2	2.12	4.59	0	799	0	0.31	5.5	21.2	0.0	0.0	20.34	30	1.2758	2.0648	515	516.53	952.81	
228507	36	515.4	425.5	291.1	425.8	156.5	2.12	4.59	0	796	0	0.31	5.5	21.2	0.0	0.0	20.46	30	1.2758	2.0648	515	516.44	952.73	
229079	36	514.9	425.8	291.5	425.8	156.8	2.12	4.59	0	802	0	0.31	5.5	21.2	0.0	0.0	20.32	30	1.2758	2.0648	515	516.25	952.73	
229621	36	514.4	426.2	291.7	426.2	157.5	2.12	4.59	0	804	0	0.31	5.5	21.2	0.0	0.0	20.37	30	1.2758	2.0648	515	516.13	952.97	
230164	36	513.9	426.5	292.0	426.5	157.2	2.12	4.59	0	805	0	0.31	5.5	21.2	0.0	0.0	20.13	30	1.2758	2.0648	515	516.04	952.66	
230693	36	513.5	426.8	292.0	426.5	157.8	2.12	4.59	0	801	0	0.31	5.5	21.2	0.0	0.0	20.20	30	1.2758	2.0648	515	515.94	952.81	
231262	36	512.9	426.5	292.0	426.5	157.8	2.12	4.59	0	801	0	0.31	5.5	21.2	0.0	0.0	20.34	30	1.2758	2.0648	515	515.85	952.97	
231849	36	512.4	426.8	292.7	426.8	158.2	2.12	4.59	0	798	0	0.31	5.5	21.2	0.0	0.0	20.23	30	1.2758	2.0648	515	515.73	952.58	
232489	36	511.9	427.2	293.0	427.5	158.5	2.12	4.59	0	809	0	0.31	5.5	21.2	0.0	0.0	20.13	30	1.2758	2.0648	515	515.55	952.66	
233042	36	511.4	427.5	292.8	427.5	158.5	2.12	4.59	0	803	0	0.31	5.5	21.2	0.0	0.0	19.69	30	1.2758	2.0648	515	515.43	952.50	
233617	36	510.8	427.5	292.8	427.5	159.2	1.94	4.59	0	791	0	0.31	5.5	21.2	0.0	0.0	20.23	30	1.2758	2.0648	515	515.24	952.34	
234113	36	510.4	427.5	293.3	427.8	158.8	2.12	4.59	0	806	0	0.31	5.5	21.2	0.0	0.0	20.30	30	1.2758	2.0648	515	515.15	952.73	
234655	36	509.9	427.8	293.7	427.8	159.2	2.12	4.59	0	797	0	0.56	5.5	21.2	0.0	0.0	19.78	30	1.2758	2.0648	515	515.03	952.58	
235172	36	509.4	428.2	293.7	428.2	159.5	2.12	4.59	0	789	0	0.31	5.5	21.2	0.0	0.0	20.04	30	1.2758	2.0648	515	514.94	952.50	
235701	36	508.9	428.2	294.0	428.2	159.5	2.12	4.59	0	796	0	0.31	5.5	21.2	0.0	0.0	20.27	30	1.2758	2.0648	510	514.75	952.50	
236260	36	508.5	428.5	294.1	428.5	159.8	2.12	4.59	0	794	0	0.31	5.5	21.2	0.0	0.0	20.25	30	1.2758	2.0648	510	514.63	952.58	
236779	36	508.0	428.5	294.3	428.8	159.8	2.12	4.59	0	801	0	0.31	5.5	21.2	0.0	0.0	20.39	30	1.2758	2.0648	510	514.54	952.42	
237305	36	507.5	428.5	294.6	428.5	160.8	2.12	4.59	0	803	0	0.31	5.5	21.2	0.0	0.0	20.02	30	1.2758	2.0648	510	514.35	952.58	
237872	36	507.0	429.2	294.8	429.2	160.2	2.12	4.59	0	791	0	0.31	5.5	21.2	0.0	0.0	19.83	30	1.2758	2.0648	510	514.23	952.89	
238404	36	506.5	429.5	294.8	429.2	160.5	2.12	4.59	0	797	0	0.31	5.5	21.2	0.0	0.0	20.34	30	1.2758	2.0648	510	514.14	952.81	
238940	36	506.0	429.2	295.1	429.2	160.8	2.12	4.59	0	794	0	0.31	5.5	21.2	0.0	0.0	20.44	30	1.2758	2.0648	510	513.93	952.58	
239472	36	505.5	429.5	295.2	429.5	160.8	2.12	4.59	0	805	0	0.31	5.5	21.2	0.0	0.0	20.20	30	1.2758	2.0648	510	513.83	953.05	
239980	36	505.1	429.5	295.3	429.5	161.2	2.12	4.59	0	802	0	0.31	5.5	21.2	0.0	0.0	20.39	30	1.2758	2.0648	510	513.65	952.81	
240499	36	504.6	429.5	295.5	429.8	161.5	2.12	4.59	0	797	0	0.31	5.5	21.2	0.0	0.0	20.27	30	1.2758	2.0648	510	513.53	952.50	
241149	36	504.1	429.8	295.8	429.8	161.8	2.12	4.59	0	796	0	0.31	5.5	21.2	0.0	0.0	20.34	30	1.2758	2.0648	510	513.34	952.58	
241656	36	503.6	430.2	296.0	430.2	161.5	2.12	4.59	0	795	0	0.31	5.5	21.2	0.0	0.0	20.46	30	1.2758	2.0648	510	513.25	952.81	
242152	36	503.1	430.8	296.1	430.5	162.5	2.12	4.59	0	792	0	0.31	5.5	21.2	0.0	0.0	20.37	30	1.2758	2.0648	510	513.13	952.66	
242670	36	502.6	430.5	296.6	430.5	162.5	2.12	4.59	0	792	0	0.31	5.5	21.2	0.0	0.0	20.25	30	1.2758	2.0648	510	512.94	952.66	
243186	36	502.2	430.5	296.6	430.8	162.8	2.12	4.59	0	790	0	0.31	5.5	21.2	0.0	0.0	20.16	30	1.2758	2.0648	510	512.85	952.42	
243695	36	501.6	430.8	296.8	430.5	162.5	2.12	4.59	0	791	0	0.31	5.5	21.2	0.0	0.0	20.20	30	1.2758	2.0648	510	512.64	952.42	
244266	36	501.1	431.2	297.0	431.5	163.2	2.12	4.59	0	786	0	0.31	5.5	21.2	0.0	0.0	20.44	30	1.2758	2.0648	510	512.43	952.50	
244799	36	500.6	431.2	297.0	431.2	163.2	2.12	4.59	0	805	0	0.31	5.5	21.2	0.0	0.0	20.51	30	1.2758	2.0648	510	512.33	952.73	
245330	36	500.2	431.5	297.3	431.2	163.2	2.12	4.59	0	804	0	0.31	5.5	21.2	0.0	0.0	20.39	30	1.2758	2.0648	510	512.15	952.58	
245912	36	499.7	431.5	297.5	431.8	163.5	2.12	4.59	0	810	0	0.31	5.5	21.2	0.0	0.0	20.20	30	1.2758	2.0648	510	512.03	953.05	
246457	36	499.2	431.5	297.6	431.5	163.8	2.12	4.59	0	805	0	0.31	5.5	21.2	0.0	0.0	20.20	30	1.2758	2.0648	510	511.84	952.89	
246995	36	498.7	432.2	297.8	431.8	163.8	2.12	4.59	0	800	0	0.31	5.5	21.2	0.0	0.0	20.39	30	1.2758	2.0648	510	511.63	952.97	
247529	36	498.2	432.5	297.8	431.8	164.2	2.12	4.59	0	802	0	0.31	5.5	21.2	0.0	0.0	20.51	30	1.2758	2.0648	510	511.54	952.97	
248092	36	497.7	432.2	298.3	432.2	164.2	2.12	4.59	0	804	0	0.31	5.5	21.2	0.0	0.0	20.51	30	1.2758	2.0648	510	511.35	952.97	
248649	36	497.2	432.5	298.5	432.2	164.8	2.12	4.59	0	797	0	0.31	5.5	21.2	0.0	0.0	20.39	30	1.2758	2.0648	510	511.14	952.81	
249157	36	496.7	432.5	298.6	432.5	164.8	2.12	4.59	0	804	0	0.31	5.5	21.2	0.0	0.0	20.46	30	1.2758	2.0648	510	511.05	952.58	
249731	36	496.2	432.8	298.8	432.8	164.8	2.12	4.59	0	800	0	0.31	5.5	21.2	0.0	0.0	20.32	30	1.2758	2.0648	510	510.83	952.89	
250318	36	495.7	432.8	298.6	432.8	164.8	2.12	4.59	0	806	0	0.31	5.5	21.2	0.0	0.0	20.39	30	1.2758	2.0648	510	510.65	952.89	
250859	36	495.1	432.8	299.0	432.8	165.5	2.12	4.59	0	812	0	0.31	5.5	21.2	0.0	0.0	20.11	30	1.2758	2.0648	510	510.44	952.97	
251420	36	494.6	433.5	299.1	433.5	165.8	2.12	4.59	0	797	0	0.31	5.5	21.2	0.0	0.0	20.25	30	1.2758	2.0648	510	510.25	952.97	
251955	36	494.1	433.2	299.3	433.2	166.2	2.12	4.59	0	794	0	0.31	5.5	21.2	0.0	0.0	20.37	30	1.2758	2.0648	510	510.04	952.89	
252466	36	493.6	433.5	299.8	433.8	165.8	2.12	4.59	0	799	0	0.31	5.5	21.2	0.0	0.0	20.16	30	1.2758	2.0648	510	509.94	952.81	
253029	36	493.1	433.8	300.0	433.8	166.5	2.12	4.59	0	795	0	0.31	5.5	21.2	0.0	0.0	20.48	30	1.2758	2.0648	505	509.73	952.97	
253601	36	492.5	433.8	300.1	433.5	166.2	2.12	4.59	0	803	0	0.31	5.5	21.2	0.0	0.0	20.20	30	1.2758	2.0648	505	509.55	952.97	
254177	36	492.0	433.5	300.3	433.5	166.8	2.12	4.59	0	789	0	0.31	5.5	21.2	0.0	0.0	20.41	30	1.2758	2.0648	505	509.33	952.97	
254698	36	491.5	433.8	300.7	433.8	166.5	2.12	4.59	0	808	0	0.31	5.5	21.2	0.0	0.0	20.41	30	1.2758	2.0648	505	509.15	952.97	
255270	36	491.0	434.2	300.5	434.5	167.2	2.12	4.59	0	799	0	0.31	5.5	21.2	0.0	0.0	19.78	30	1.2758	2.0648	505	508.94	952.97	
255798	36	490.6	434.2	300.8	434.5	167.5	2.12	4.59	0	785	0	0.31	5.5	21.2	0.0	0.0	20.55	30	1.2758	2.0648	505	508.84	952.81	
256305	36	490.1	434.2	300.7	434.5	167.8	2.12	4.59	0	801	0	0.31	5.5	21.2	0.0	0.0	20.34	30	1.2758	2.0648	505	508.63	952.81	
256821	36	489.6	434.5	301.3	434.5	167.8	2.12	4.59	0	806	0	0.31	5.5	21.2	0.0	0.0	20.27	30	1.2758	2.0648	505	508.44	953.12	
257348	36	489.1	434.5	301.1	434.5	168.2	2.12	4.59	0	805	0	0.31	5.5	21.2	0.0	0.0	20.13	30	1.2758	2.0648	505	508.23	953.12	
257956	36	488.7	434.8	301.1	434.5	168.2	2.12	4.59	0	804	0	0.31	5.5	21.2	0.0	0.0	20.27	30	1.2758	2.0648	505	508.05	952.97	
258520	36	488.2	434.5	301.5	434.5	168.5	2.12	4.59	0	809	0	0.31	5.5	21.2	0.0	0.0	20.16	30	1.2758	2.0648	505	507.83	953.05	
259035	36	487.6	435.2	301.6	434.8	168.8	2.12	4.59	0	790	0	0.31	5.5	21.2	0.0	0.0	20.16	30	1.2758	2.0648	505	507.65	952.97	
259554	36	487.2	434.5	301.8	434.8	168.5	2.12	4.59	0	789	0	0.31	5.5	21.2	0.0	0.0	20.62	30	1.2758	2.0648	505	507.53	952.81	
260120	36	486.6	435.2	302.0	434.8	168.8	2.12	4.59	0	782	0	0.31	5.5	21.2	0.0	0.0	20.53	30	1.2758	2.0648	505	507.25	952.89	
260635	36	486.2	434.8	302.3	435.2	169.5	2.12	4.59	0	783	0	0.31	5.5	21.2	0.0	0.0	21.38	30	1.2758	2.0648	505	507.13	952.97	
261169	36	485.7	435.2	302.3	435.2	169.5	2.12	4.59	0	793	0	0.31	5.5	21.2	0.0	0.0	21.21	30	1.2758	2.0648	505	506.85	952.81	
261682	36	485.2	435.2	302.3	435.5	169.8	2.12	4.59	0	800	0	0.31	5.5	21.2	0.0	0.0	21.33	30	1.2758	2.0648	505	506.64	952.81	
262240	36	484.7	435.8	302.6	435.5	169.8	2.12	4.59	0	799	0	0.31	5.5	21.2	0.0	0.0	21.19	30	1.2758	2.0648	505	506.55	952.81	
262753	36	484.2	435.5	303.0	435.2	170.2	2.12	4.59	0	805	0	0.31	5.5	21.2	0.0	0.0	21.16	30	1.2758	2.0648	505	506.33	952.81	
263343	36	483.7	435.8	302.8	435.5	170.2	2.12	4.59	0	815	0	0.31	5.5	21.2	0.0	0.0	20.84	30	1.2758	2.0648	505	506.03	952.50	
263866	36	483.2	435.5	303.0	435.5	170.5	2.12	4.59	0	821	0	0.31	5.5	21.2	0.0	0.0	19.92	30	1.2758	2.0648	505	505.84	952.66	
264386	36	482.8	435.5	302.8	435.5	170.5	2.12	4.59	0	814	0	0.31	5.5	21.2	0.0	0.0	20.60	30	1.2758	2.0648	505	505.63	952.97	
264968	36	482.3	435.5	303.0	435.8	170.8	2.12	4.59	0	810	0	0.31	5.5	21.2	0.0	0.0	20.46	30	1.2758	2.0648	505	505.44	952.89	
265517	36	481.8	435.8	303.1	435.8	170.8	2.12	4.59	0	811	0	0.31	5.5	21.2	0.0	0.0	20.53	30	1.2758	2.0648	505	505.23	953.05	
266046	36	481.2	435.5	303.3	435.5	171.2	2.12	4.59	0	811	0	0.31	5.5	21.2	0.0	0.0	22.48	30	1.2758	2.0648	505	505.05	951.56	
266650	36	480.7	435.8	303.5	435.5	171.2	2.25	4.59	0	880	0	0.81	5.5	21.2	0.0	0.0	24.16	30	1.2758	2.0648	500	504.74	953.52	
267178	37	480.2	436.2	304.0	436.2	171.5	2.12	4.59	0	878	0	0.56	5.5	21.2	0.0	0.0	23.25	30	1.2758	2.0648	500	504.53	953.75	
267690	37	479.6	436.2	304.0	436.2	171.8	2.12	4.59	0	852	0	0.56	5.5	21.2	0.0	0.0	25.88	30	1.2758	2.0648	500	504.34	953.91	
268237	37	479.1	436.2	303.8	436.2	172.2	2.12	4.59	0	861	0	0.56	5.5	21.2	0.0	0.0	24.84	30	1.2758	2.0648	500	504.13	954.38	
268772	37	478.5	436.5	304.3	436.2	172.5	2.12	4.59	0	860	0	0.31	5.5	21.2	0.0	0.0	23.06	30	1.2758	2.0648	500	503.85	954.53	
269360	37	477.9	436.5	304.5	436.5	172.8	2.12	4.59	0	846	0	0.56	5.5	21.2	0.0	0.0	23.72	30	1.2758	2.0648	500	503.64	954.38	
269876	37	477.4	436.8	304.6	436.8	172.5	2.25	4.59	0	841	0	0.56	5.5	21.2	0.0	0.0	42.96	30	1.2758	2.0648	500	503.33	954.84	
270406	37	476.7	436.8	304.8	436.8	172.8	2.25	4.59	0	977	1	1.38	5.5	21.2	0.0	0.0	37.90	30	1.2758	2.0648	500	503.15	961.95	
270941	37	476.1	437.2	304.8	437.2	173.2	2.25	4.59	0	956	3	1.12	5.5	21.2	0.0	0.0	35.25	30	1.2758	2.0648	500	502.84	964.38	
271445	37	475.4	437.5	305.3	437.2	173.5	2.25	4.59	0	973	4	1.12	5.5	21.2	0.0	0.0	30.73	30	1.2758	2.0648	500	502.63	962.81	
271974	37	474.7	437.5	305.5	437.5	173.5	1.94	4.59	0	1,160	5	1.12	5.5	21.2	0.0	0.0	30.21	30	1.2758	2.0648	500	502.35	960.39	
272543	37	473.9	438.2	305.6	437.8	173.8	2.25	4.59	0	1,097	7	1.12	5.5	21.2	0.0	0.0	37.01	30	1.2758	2.0648	500	502.05	959.06	
273073	37	473.1	438.5	306.3	438.5	174.2	2.25	4.59	0	1,287	9	1.94	5.5	21.2	0.0	0.0	39.84	30	1.2758	2.0648	500	501.65	964.77	
273582	37	472.2	439.2	306.6	439.5	174.2	2.62	4.59	0	1,437	11	2.44	5.5	21.2	0.0	0.0	47.11	30	1.2758	2.0648	500	501.34	970.39	
274093	37	471.1	440.2	307.0	439.8	174.5	3.50	4.59	0	1,513	14	4.62	5.5	21.2	0.0	0.0	57.87	30	1.2758	2.0648	500	500.94	1,016.25	
274614	37	470.0	440.8	307.8	441.5	174.8	3.31	4.59	0	1,505	16	5.94	5.5	21.2	0.0	0.0	59.09	30	1.2758	2.0648	500	500.43	1,063.28	
275292	37	468.7	442.5	308.6	442.2	175.2	3.50	4.59	0	1,517	19	6.25	5.5	21.2	0.0	0.0	56.06	30	1.2758	2.0648	495	499.63	1,098.59	
275794	37	467.4	443.5	309.5	443.8	175.2	4.00	4.59	0	1,726	22	4.62	5.5	21.2	0.0	0.0	52.01	30	1.2758	2.0648	495	498.93	1,090.55	
276310	37	466.0	445.2	310.5	444.8	175.8	4.38	4.59	0	1,870	24	4.31	5.5	21.2	0.0	0.0	50.25	30	1.2758	2.0648	495	498.25	1,097.58	
276845	37	465.0	446.8	311.3	446.8	176.2	2.62	4.59	0	1,972	26	2.19	5.5	21.2	0.0	0.0	21.82	30	1.2758	2.0648	495	497.55	1,009.14	
277348	37	464.2	448.5	312.0	448.5	176.5	2.25	4.59	0	1,475	26	1.12	5.5	21.2	0.0	0.0	16.76	30	1.2758	2.0648	495	497.03	977.73	
277901	37	463.7	450.5	313.5	450.8	176.8	3.12	4.59	0	1,559	26	1.12	5.5	21.2	0.0	0.0	19.01	30	1.2758	2.0648	495	496.35	961.02	
278419	37	463.1	452.5	314.5	452.5	176.8	2.12	4.59	0	1,410	26	1.38	5.5	21.2	0.0	0.0	27.40	30	1.2758	2.0648	495	495.83	959.53	
278951	37	462.7	454.2	315.5	454.5	177.2	1.75	4.59	0	1,315	27	1.38	5.5	21.2	0.0	0.0	18.84	30	1.2758	2.0648	495	495.25	957.73	
279501	37	462.2	455.5	316.3	455.5	177.5	1.75	4.59	0	1,343	27	1.12	5.5	21.2	0.0	0.0	15.70	30	1.2758	2.0648	490	494.73	956.48	
280056	37	461.9	456.8	317.5	456.8	177.8	1.25	4.59	0	1,336	27	0.81	5.5	21.2	0.0	0.0	23.77	30	1.2758	2.0648	490	494.33	951.48	
280665	37	461.5	458.2	318.3	458.5	178.2	2.62	4.59	0	1,471	28	2.19	5.5	21.2	0.0	0.0	44.91	30	1.2758	2.0648	490	493.54	961.64	
281215	37	461.1	459.5	319.0	459.5	178.8	3.12	4.59	0	1,531	30	4.06	5.5	21.2	0.0	0.0	54.59	30	1.2758	2.0648	490	493.05	1,000.70	
281752	37	460.8	460.5	319.6	460.5	179.2	3.69	4.59	0	1,585	31	5.69	5.5	21.2	0.0	0.0	62.77	30	1.2758	2.0648	490	492.34	1,016.48	
282320	38	460.5	461.5	320.3	461.5	179.5	4.69	4.59	0	1,676	33	6.50	5.5	21.2	0.0	0.0	69.98	30	1.2758	2.0648	490	491.55	1,101.09	
282850	38	460.3	462.8	321.0	462.8	179.8	2.81	4.59	0	1,717	35	4.31	5.5	21.2	0.0	0.0	30.75	30	1.2758	2.0648	490	490.84	1,033.05	
283446	38	460.2	463.5	321.8	464.2	179.8	1.56	4.59	0	1,277	35	1.38	5.5	21.2	0.0	0.0	18.02	30	1.2758	2.0648	490	490.14	976.09	
283968	37	460.2	465.5	322.8	465.5	180.2	1.75	4.59	0	1,154	32	0.56	5.5	21.2	0.0	0.0	15.42	30	1.2758	2.0648	485	489.65	963.83	
284519	37	460.2	466.5	323.8	466.8	180.8	1.94	4.59	0	973	28	0.31	5.5	21.2	0.0	0.0	13.99	30	1.2758	2.0648	485	489.13	957.19	
285085	37	460.1	468.2	324.7	467.8	181.2	2.25	4.59	0	871	23	0.00	5.5	21.2	0.0	0.0	16.97	30	1.2758	2.0648	485	488.64	956.09	
285605	37	460.1	468.8	325.1	469.2	181.8	2.12	4.59	0	904	18	0.31	5.5	21.2	0.0	0.0	19.22	30	1.2758	2.0648	485	488.33	954.69	
286118	37	460.2	469.5	325.5	469.5	181.5	2.12	4.59	0	923	14	0.31	5.5	21.2	0.0	0.0	20.51	30	1.2758	2.0648	485	487.94	954.30	
286729	37	460.2	470.2	326.1	470.2	182.2	2.12	4.59	0	854	9	0.31	5.5	21.2	0.0	0.0	24.16	30	1.2758	2.0648	485	487.54	953.52	
287277	37	460.2	470.5	326.5	470.5	182.8	2.25	4.59	0	939	6	0.56	5.5	21.2	0.0	0.0	20.02	30	1.2758	2.0648	485	487.14	955.16	
287797	37	460.2	470.5	326.5	470.5	182.8	2.12	4.59	0	879	3	0.31	5.5	21.2	0.0	0.0	20.58	30	1.2758	2.0648	485	486.83	953.98	
288304	37	460.3	470.5	327.0	470.5	183.2	2.12	4.59	0	857	0	0.56	5.5	21.2	0.0	0.0	24.61	30	1.2758	2.0648	485	486.53	954.77	
288839	37	460.3	470.8	327.0	470.8	183.5	1.94	4.59	0	853	0	0.56	5.5	21.2	0.0	0.0	17.34	30	1.2758	2.0648	485	486.25	954.45	
289373	37	460.4	470.5	327.0	470.2	183.8	2.12	4.59	0	792	0	0.31	5.5	21.2	0.0	0.0	19.38	30	1.2758	2.0648	485	485.94	953.75	
289908	37	460.4	470.2	327.2	470.5	183.8	2.12	4.59	0	782	0	0.31	5.5	21.2	0.0	0.0	19.88	30	1.2758	2.0648	485	485.73	953.05	
290457	37	460.5	470.2	327.0	470.2	184.2	2.12	4.59	0	786	0	0.31	5.5	21.2	0.0	0.0	20.06	30	1.2758	2.0648	485	485.43	953.20	
291060	37	460.5	469.8	327.0	469.5	184.8	2.12	4.59	0	796	0	0.31	5.5	21.2	0.0	0.0	20.18	30	1.2758	2.0648	485	485.24	953.20	
291603	37	460.5	469.2	327.0	469.2	184.8	2.12	4.59	0	810	0	0.31	5.5	21.2	0.0	0.0	19.62	30	1.2758	2.0648	485	484.94	953.12	
292207	37	460.6	468.5	327.2	468.5	184.8	2.12	4.59	0	801	0	0.31	5.5	21.2	0.0	0.0	19.64	30	1.2758	2.0648	480	484.75	952.97	
292777	37	460.6	467.8	327.0	468.2	185.5	2.12	4.59	0	790	0	0.31	5.5	21.2	0.0	0.0	19.36	30	1.2758	2.0648	480	484.44	952.73	
293326	37	460.7	467.8	326.5	467.5	185.8	1.94	4.59	0	791	0	0.31	5.5	21.2	0.0	0.0	19.88	30	1.2758	2.0648	480	484.23	952.97	
293917	37	460.7	467.2	326.5	466.8	185.8	1.94	4.59	0	792	0	0.31	5.5	21.2	0.0	0.0	19.62	30	1.2758	2.0648	480	484.05	952.73	
294435	37	460.7	466.2	326.1	466.2	185.8	2.12	4.59	0	787	0	0.31	5.5	21.2	0.0	0.0	19.57	30	1.2758	2.0648	480	483.83	953.12	
294955	37	460.8	465.5	326.0	465.5	186.5	2.12	4.59	0	792	0	0.31	5.5	21.2	0.0	0.0	20.06	30	1.2758	2.0648	480	483.65	952.97	
295511	37	460.8	465.2	325.8	464.8	186.5	2.12	4.59	0	802	0	0.31	5.5	21.2	0.0	0.0	19.69	30	1.2758	2.0648	480	483.44	952.97	
296032	37	460.8	464.2	325.5	464.2	186.8	2.12	4.59	0	807	0	0.31	5.5	21.2	0.0	0.0	19.80	30	1.2758	2.0648	480	483.34	953.12	
296549	37	460.9	463.5	325.3	463.5	187.5	1.94	4.59	0	803	0	0.56	5.5	21.2	0.0	0.0	19.83	30	1.2758	2.0648	480	483.13	953.12	
297127	37	460.9	463.2	325.0	462.5	187.5	2.12	4.59	0	801	0	0.31	5.5	21.2	0.0	0.0	19.88	30	1.2758	2.0648	480	482.94	953.12	
297701	37	460.9	462.5	324.6	462.2	187.5	1.94	4.59	0	794	0	0.31	5.5	21.2	0.0	0.0	19.99	30	1.2758	2.0648	480	482.73	953.28	
298320	37	460.9	461.2	324.3	461.5	187.5	1.94	4.59	0	802	0	0.31	5.5	21.2	0.0	0.0	19.95	30	1.2758	2.0648	480	482.55	953.12	
298844	37	460.9	460.8	324.1	460.5	187.8	1.94	4.59	0	802	0	0.31	5.5	21.2	0.0	0.0	19.97	30	1.2758	2.0648	480	482.43	953.20	
299367	38	460.9	459.5	324.0	459.5	188.2	2.12	4.59	0	797	0	0.31	5.5	21.2	0.0	0.0	19.48	30	1.2758	2.0648	480	482.24	953.20	
299884	38	460.9	459.2	323.7	459.2	188.2	1.94	4.59	0	792	0	0.31	5.5	21.2	0.0	0.0	19.71	30	1.2758	2.0648	480	482.03	953.28	
300429	38	460.9	458.8	323.7	458.8	188.8	1.94	4.59	0	796	0	0.31	5.5	21.2	0.0	0.0	20.02	30	1.2758	2.0648	480	481.94	953.28	
301043	38	460.9	457.8	323.5	457.8	188.5	2.12	4.59	0	801	0	0.31	5.5	21.2	0.0	0.0	19.95	30	1.2758	2.0648	480	481.75	953.12	
301598	38	460.9	457.5	323.0	456.8	188.8	2.12	4.59	0	799	0	0.31	5.5	21.2	0.0	0.0	19.92	30	1.2758	2.0648	480	481.54	953.12	
302113	38	460.8	456.8	323.0	456.5	189.2	2.12	4.59	0	801	0	0.31	5.5	21.2	0.0	0.0	20.09	30	1.2758	2.0648	480	481.44	953.28	
302629	38	460.8	455.8	322.8	455.8	189.2	2.12	4.59	0	798	0	0.31	5.5	21.2	0.0	0.0	19.50	30	1.2758	2.0648	480	481.35	953.52	
303177	38	460.8	455.5	322.0	455.2	189.2	2.12	4.59	0	797	0	0.31	5.5	21.2	0.0	0.0	20.04	30	1.2758	2.0648	480	481.14	953.36	
303743	38	460.8	454.8	322.0	454.8	189.5	2.12	4.59	0	791	0	0.31	5.5	21.2	0.0	0.0	19.99	30	1.2758	2.0648	480	481.05	953.28	
304296	38	460.7	453.8	321.8	453.8	189.5	2.12	4.59	0	799	0	0.31	5.5	21.2	0.0	0.0	19.97	30	1.2758	2.0648	480	480.83	953.12	
304834	38	460.7	453.5	321.6	453.2	189.8	2.12	4.59	0	793	0	0.31	5.5	21.2	0.0	0.0	19.85	30	1.2758	2.0648	480	480.74	953.28	
305364	38	460.6	452.5	321.5	452.5	190.2	2.12	4.59	0	800	0	0.31	5.5	21.2	0.0	0.0	19.83	30	1.2758	2.0648	480	480.53	953.28	
305943	38	460.6	452.2	321.5	451.8	190.2	2.12	4.59	0	802	0	0.31	5.5	21.2	0.0	0.0	19.88	30	1.2758	2.0648	480	480.44	953.28	
306461	38	460.5	451.5	321.1	451.5	190.5	2.12	4.59	0	799	0	0.31	5.5	21.2	0.0	0.0	19.90	30	1.2758	2.0648	480	480.25	953.20	
307009	38	460.5	450.8	320.6	450.8	190.5	2.12	4.59	0	799	0	0.31	5.5	21.2	0.0	0.0	20.13	30	1.2758	2.0648	480	480.13	953.12	
307545	38	460.4	450.5	320.5	450.2	190.8	2.12	4.59	0	803	0	0.31	5.5	21.2	0.0	0.0	20.06	30	1.2758	2.0648	480	480.04	953.20	
308090	38	460.3	449.8	320.6	449.8	191.2	2.12	4.59	0	796	0	0.31	5.5	21.2	0.0	0.0	20.18	30	1.2758	2.0648	480	479.94	953.20	
308662	38	460.3	449.5	320.1	449.2	191.2	2.12	4.59	0	800	0	0.31	5.5	21.2	0.0	0.0	19.97	30	1.2758	2.0648	475	479.73	953.52	
309273	38	460.2	448.8	320.2	449.2	191.2	2.12	4.59	0	795	0	0.31	5.5	21.2	0.0	0.0	19.99	30	1.2758	2.0648	475	479.64	953.83	
309781	38	460.1	448.5	319.8	448.2	191.5	2.12	4.59	0	787	0	0.31	5.5	21.2	0.0	0.0	20.30	30	1.2758	2.0648	475	479.55	953.28	
310319	38	460.0	447.8	319.5	447.5	191.5	2.12	4.59	0	795	0	0.31	5.5	21.2	0.0	0.0	20.16	30	1.2758	2.0648	475	479.43	953.52	
310860	38	460.0	447.2	319.3	447.2	191.5	2.12	4.59	0	797	0	0.31	5.5	21.2	0.0	0.0	20.06	30	1.2758	2.0648	475	479.24	953.52	
311440	38	459.9	446.5	319.1	446.5	191.8	2.12	4.59	0	798	0	0.31	5.5	21.2	0.0	0.0	20.13	30	1.2758	2.0648	475	479.15	953.83	
311934	38	459.8	445.8	319.2	446.2	192.2	2.12	4.59	0	800	0	0.31	5.5	21.2	0.0	0.0	20.25	30	1.2758	2.0648	475	479.03	953.52	
312509	38	459.7	445.5	318.8	445.5	192.2	2.12	4.59	0	802	0	0.31	5.5	21.2	0.0	0.0	20.27	30	1.2758	2.0648	475	478.94	953.67	
313102	38	459.6	444.8	318.8	444.8	192.5	2.12	4.59	0	800	0	0.31	5.5	21.2	0.0	0.0	20.30	30	1.2758	2.0648	475	478.75	953.67	
313640	38	459.5	444.2	318.5	444.5	192.5	2.12	4.59	0	804	0	0.31	5.5	21.2	0.0	0.0	20.30	30	1.2758	2.0648	475	478.63	953.52	
314207	38	459.3	443.8	318.1	443.5	193.2	2.12	4.59	0	803	0	0.56	5.5	21.2	0.0	0.0	20.25	30	1.2758	2.0648	475	478.54	953.52	
314773	38	459.2	443.5	318.5	443.5	192.8	1.94	4.59	0	798	0	0.31	5.5	21.2	0.0	0.0	20.09	30	1.2758	2.0648	475	478.44	953.36	
315286	38	459.1	442.8	318.2	442.8	193.2	2.12	4.59	0	798	0	0.31	5.5	21.2	0.0	0.0	20.27	30	1.2758	2.0648	475	478.35	953.52	
315854	38	459.0	442.5	318.0	442.5	193.2	2.12	4.59	0	801	0	0.31	5.5	21.2	0.0	0.0	20.23	30	1.2758	2.0648	475	478.23	953.52	
316385	38	458.9	442.2	317.8	442.2	193.5	2.12	4.59	0	806	0	0.31	5.5	21.2	0.0	0.0	20.16	30	1.2758	2.0648	475	478.05	953.12	
316939	38	458.7	441.5	317.6	441.5	193.5	2.12	4.59	0	790	0	0.31	5.5	21.2	0.0	0.0	20.06	30	1.2758	2.0648	475	477.93	953.67	
317490	38	458.6	441.5	317.5	441.5	193.2	2.12	4.59	0	794	0	0.31	5.5	21.2	0.0	0.0	20.13	30	1.2758	2.0648	475	477.83	953.83	
318125	38	458.5	440.8	317.3	441.2	193.8	2.12	4.59	0	793	0	0.31	5.5	21.2	0.0	0.0	19.95	30	1.2758	2.0648	475	477.74	953.83	
318657	38	458.3	440.8	317.3	440.5	193.8	2.12	4.59	0	790	0	0.31	5.5	21.2	0.0	0.0	20.18	30	1.2758	2.0648	475	477.65	953.59	
319173	38	458.2	440.2	317.3	440.5	194.2	2.12	4.59	0	790	0	0.31	5.5	21.2	0.0	0.0	20.70	30	1.2758	2.0648	475	477.53	953.52	
319744	38	458.0	439.8	317.0	439.8	194.5	2.12	4.59	0	799	0	0.31	5.5	21.2	0.0	0.0	20.39	30	1.2758	2.0648	475	477.44	953.28	
320277	38	457.9	439.5	317.0	439.2	194.5	2.12	4.59	0	804	0	0.31	5.5	21.2	0.0	0.0	20.32	30	1.2758	2.0648	475	477.25	953.67	
320796	38	457.8	439.5	316.8	439.2	194.2	2.12	4.59	0	811	0	0.31	5.5	21.2	0.0	0.0	20.27	30	1.2758	2.0648	475	477.13	953.83	
321366	38	457.6	438.8	316.6	438.8	194.8	1.94	4.59	0	812	0	0.31	5.5	21.2	0.0	0.0	20.20	30	1.2758	2.0648	475	477.04	953.91	
321962	38	457.4	438.5	316.6	438.8	195.2	2.12	4.59	0	801	0	0.31	5.5	21.2	0.0	0.0	19.92	30	1.2758	2.0648	475	476.94	953.83	
322570	38	457.2	438.2	316.5	437.8	194.8	2.12	4.59	0	792	0	0.31	5.5	21.2	0.0	0.0	20.16	30	1.2758	2.0648	475	476.85	953.52	
323125	38	457.1	437.5	316.5	437.5	195.5	2.12	4.59	0	793	0	0.31	5.5	21.2	0.0	0.0	20.16	30	1.2758	2.0648	475	476.73	953.83	
323672	38	456.9	437.5	316.3	437.2	195.2	2.12	4.59	0	789	0	0.31	5.5	21.2	0.0	0.0	20.25	30	1.2758	2.0648	475	476.64	953.59	
324194	38	456.8	437.2	316.3	437.2	195.5	2.12	4.59	0	796	0	0.31	5.5	21.2	0.0	0.0	20.34	30	1.2758	2.0648	475	476.55	953.59	
324761	38	456.6	436.5	316.0	436.5	195.5	2.12	4.59	0	797	0	0.31	5.5	21.2	0.0	0.0	20.27	30	1.2758	2.0648	475	476.43	953.75	
325292	38	456.4	436.2	316.1	436.2	195.5	2.12	4.59	0	802	0	0.31	5.5	21.2	0.0	0.0	20.48	30	1.2758	2.0648	475	476.33	953.52	
325846	38	456.2	435.8	315.8	435.8	195.8	1.94	4.59	0	800	0	0.31	5.5	21.2	0.0	0.0	20.30	30	1.2758	2.0648	475	476.24	953.59	
326394	38	456.1	435.2	315.8	435.2	195.8	2.12	4.59	0	807	0	0.31	5.5	21.2	0.0	0.0	20.32	30	1.2758	2.0648	475	476.03	953.83	
326997	38	455.9	435.2	315.7	434.8	196.2	2.12	4.59	0	797	0	0.31	5.5	21.2	0.0	0.0	20.13	30	1.2758	2.0648	475	475.94	953.67	
327530	38	455.7	434.8	315.5	435.2	196.5	2.12	4.59	0	790	0	0.31	5.5	21.2	0.0	0.0	19.92	30	1.2758	2.0648	475	475.84	953.52	
328046	38	455.5	434.2	315.3	434.2	196.8	2.12	4.59	0	797	0	0.31	5.5	21.2	0.0	0.0	20.32	30	1.2758	2.0648	475	475.75	953.44	
328585	38	455.3	433.8	315.3	434.2	196.8	2.12	4.59	0	801	0	0.31	5.5	21.2	0.0	0.0	20.13	30	1.2758	2.0648	475	475.63	953.28	
329112	38	455.2	433.8	315.3	433.5	196.8	2.12	4.59	0	798	0	0.31	5.5	21.2	0.0	0.0	20.41	30	1.2758	2.0648	475	475.54	953.44	
329631	38	455.0	433.5	315.1	433.5	196.8	2.12	4.59	0	802	0	0.31	5.5	21.2	0.0	0.0	20.06	30	1.2758	2.0648	475	475.44	953.44	
330160	38	454.8	433.2	315.0	433.2	197.2	2.12	4.59	0	802	0	0.31	5.5	21.2	0.0	0.0	20.51	30	1.2758	2.0648	475	475.35	953.44	
330676	38	454.6	432.8	315.0	432.8	197.2	2.12	4.59	0	800	0	0.31	5.5	21.2	0.0	0.0	20.06	30	1.2758	2.0648	475	475.23	953.44	
331180	38	454.4	432.5	314.8	432.5	197.2	2.12	4.59	0	800	0	0.56	5.5	21.2	0.0	0.0	20.18	30	1.2758	2.0648	475	475.14	953.44	
331750	38	454.2	432.2	314.7	432.2	197.5	1.94	4.59	0	795	0	0.31	5.5	21.2	0.0	0.0	20.16	30	1.2758	2.0648	475	475.05	953.44	
332325	38	454.0	431.8	314.5	431.5	197.2	2.12	4.59	0	800	0	0.31	5.5	21.2	0.0	0.0	20.32	30	1.2758	2.0648	475	474.93	953.59	
332859	38	453.8	431.5	315.0	431.5	197.5	2.12	4.59	0	800	0	0.31	5.5	21.2	0.0	0.0	20.13	30	1.2758	2.0648	470	474.83	953.91	
333375	38	453.6	431.2	314.6	430.8	197.8	2.12	4.59	0	799	0	0.31	5.5	21.2	0.0	0.0	20.27	30	1.2758	2.0648	470	474.74	953.75	
333937	38	453.4	430.8	314.3	431.2	198.2	2.12	4.59	0	795	0	0.31	5.5	21.2	0.0	0.0	20.27	30	1.2758	2.0648	470	474.65	953.44	
334471	38	453.2	430.8	314.5	430.8	197.8	1.94	4.59	0	800	0	0.31	5.5	21.2	0.0	0.0	20.27	30	1.2758	2.0648	470	474.44	953.83	
335090	38	453.0	430.5	314.3	430.5	198.2	2.12	4.59	0	798	0	0.31	5.5	21.2	0.0	0.0	20.13	30	1.2758	2.0648	470	474.34	953.52	
335660	38	452.8	430.2	314.3	429.8	198.5	2.12	4.59	0	797	0	0.31	5.5	21.2	0.0	0.0	20.06	30	1.2758	2.0648	470	474.25	953.59	
336245	38	452.5	429.8	314.1	429.8	198.5	1.94	4.59	0	797	0	0.31	5.5	21.2	0.0	0.0	20.09	30	1.2758	2.0648	470	474.13	953.67	
336795	38	452.3	429.5	314.1	429.5	198.5	2.12	4.59	0	799	0	0.31	5.5	21.2	0.0	0.0	20.06	30	1.2758	2.0648	470	474.04	953.36	
337323	38	452.1	429.5	314.0	429.5	198.8	1.94	4.59	0	800	0	0.31	5.5	21.2	0.0	0.0	20.11	30	1.2758	2.0648	470	473.94	953.28	
337840	38	451.9	428.8	314.0	429.2	198.8	2.12	4.59	0	791	0	0.31	5.5	21.2	0.0	0.0	20.34	30	1.2758	2.0648	470	473.85	953.36	
338396	38	451.7	428.8	313.6	428.8	199.5	2.12	4.59	0	795	0	0.31	5.5	21.2	0.0	0.0	19.92	30	1.2758	2.0648	470	473.73	953.52	
338932	38	451.5	428.5	313.7	428.5	199.2	1.94	4.59	0	795	0	0.31	5.5	21.2	0.0	0.0	19.83	30	1.2758	2.0648	470	473.64	953.28	
339453	38	451.3	428.5	313.8	428.5	199.5	2.12	4.59	0	795	0	0.31	5.5	21.2	0.0	0.0	20.58	30	1.2758	2.0648	470	473.55	953.44	
339989	38	451.0	428.2	314.0	427.8	199.8	2.12	4.59	0	799	0	0.31	5.5	21.2	0.0	0.0	20.27	30	1.2758	2.0648	470	473.33	953.52	
340538	38	450.8	427.5	313.8	427.5	199.8	2.12	4.59	0	803	0	0.31	5.5	21.2	0.0	0.0	20.25	30	1.2758	2.0648	470	473.24	953.67	
341091	38	450.6	427.5	313.6	427.5	199.8	2.12	4.59	0	808	0	0.31	5.5	21.2	0.0	0.0	20.39	30	1.2758	2.0648	470	473.15	953.67	
341657	38	450.4	427.2	313.5	427.5	200.2	1.94	4.59	0	811	0	0.31	5.5	21.2	0.0	0.0	19.88	30	1.2758	2.0648	470	473.03	953.75	
342247	38	450.1	426.8	313.5	426.8	199.8	2.12	4.59	0	798	0	0.31	5.5	21.2	0.0	0.0	19.92	30	1.2758	2.0648	470	472.94	953.67	
342783	39	449.9	426.5	313.5	426.5	200.2	2.12	4.59	0	784	0	0.31	5.5	21.2	0.0	0.0	20.23	30	1.2758	2.0648	470	472.84	953.12	
343286	39	449.7	426.5	313.3	426.2	200.5	2.12	4.59	0	787	0	0.31	5.5	21.2	0.0	0.0	20.60	30	1.2758	2.0648	470	472.75	953.44	
343896	39	449.4	426.2	313.3	426.2	200.5	2.12	4.59	0	792	0	0.31	5.5	21.2	0.0	0.0	20.93	30	1.2758	2.0648	470	472.54	953.59	
344405	39	449.2	425.8	313.1	425.5	200.8	2.12	4.59	0	793	0	0.31	5.5	21.2	0.0	0.0	20.74	30	1.2758	2.0648	470	472.44	953.44	
344915	39	449.0	425.5	313.1	425.5	200.8	2.12	4.59	0	794	0	0.31	5.5	21.2	0.0	0.0	20.72	30	1.2758	2.0648	470	472.35	953.44	
345494	39	448.7	425.2	313.3	424.8	200.8	2.12	4.59	0	787	0	0.31	5.5	21.2	0.0	0.0	20.98	30	1.2758	2.0648	470	472.23	953.52	
346028	39	448.5	425.2	313.1	425.2	201.5	2.12	4.59	0	787	0	0.31	5.5	21.2	0.0	0.0	21.42	30	1.2758	2.0648	470	472.14	953.28	
346579	39	448.3	424.8	313.0	424.5	201.5	2.12	4.59	0	808	0	0.31	5.5	21.2	0.0	0.0	21.02	30	1.2758	2.0648	470	471.93	953.83	
347129	39	448.0	424.8	313.0	424.8	201.5	2.12	4.59	0	821	0	0.31	5.5	21.2	0.0	0.0	20.25	30	1.2758	2.0648	470	471.83	953.83	
347660	39	447.8	424.5	312.8	424.5	201.5	2.12	4.59	0	814	0	0.31	5.5	21.2	0.0	0.0	20.11	30	1.2758	2.0648	470	471.74	953.75	
348184	39	447.5	423.8	312.6	423.8	201.8	2.12	4.59	0	816	0	0.31	5.5	21.2	0.0	0.0	20.37	30	1.2758	2.0648	470	471.65	953.83	
348744	39	447.3	423.8	312.6	423.8	201.8	2.12	4.59	0	813	0	0.31	5.5	21.2	0.0	0.0	20.23	30	1.2758	2.0648	470	471.53	953.52	
349285	39	447.0	423.5	312.8	423.5	202.2	2.12	4.59	0	810	0	0.31	5.5	21.2	0.0	0.0	20.51	30	1.2758	2.0648	470	471.44	953.52	
349807	39	446.8	423.5	313.0	423.5	202.5	2.12	4.59	0	806	0	0.31	5.5	21.2	0.0	0.0	20.04	30	1.2758	2.0648	470	471.25	953.20	
350321	39	446.6	423.5	312.8	423.5	202.2	2.12	4.59	0	801	0	0.31	5.5	21.2	0.0	0.0	20.48	30	1.2758	2.0648	470	471.13	953.20	
350836	39	446.3	422.8	312.8	422.8	202.2	1.94	4.59	0	808	0	0.31	5.5	21.2	0.0	0.0	20.37	30	1.2758	2.0648	470	471.04	953.59	
351434	39	446.1	422.8	312.6	422.8	202.8	2.12	4.59	0	814	0	0.31	5.5	21.2	0.0	0.0	20.18	30	1.2758	2.0648	470	470.94	953.67	
351963	39	445.8	422.5	312.6	422.5	202.8	2.12	4.59	0	810	0	0.31	5.5	21.2	0.0	0.0	20.06	30	1.2758	2.0648	470	470.73	953.67	
352635	39	445.5	422.5	312.5	422.5	202.8	2.12	4.59	0	801	0	0.31	5.5	21.2	0.0	0.0	20.53	30	1.2758	2.0648	470	470.64	953.36	
353184	39	445.3	422.2	312.3	421.8	202.8	2.12	4.59	0	794	0	0.31	5.5	21.2	0.0	0.0	20.09	30	1.2758	2.0648	470	470.55	953.44	
353727	39	445.0	421.8	312.7	421.8	202.8	2.12	4.59	0	792	0	0.31	5.5	21.2	0.0	0.0	20.32	30	1.2758	2.0648	470	470.43	953.12	
354252	39	444.8	421.8	312.5	421.8	203.2	2.12	4.59	0	796	0	0.31	5.5	21.2	0.0	0.0	20.44	30	1.2758	2.0648	470	470.24	953.20	
354698	39	444.6	421.5	312.3	421.5	202.8	2.12	4.59	0	807	0	0.31	5.5	21.2	0.0	0.0	20.51	30	1.2758	2.0648	470	470.15	953.20	
355267	39	444.3	421.5	312.5	421.5	203.8	2.12	4.59	0	789	0	0.31	5.5	21.2	0.0	0.0	20.44	30	1.2758	2.0648	470	470.03	953.28	
355830	39	444.0	421.2	312.5	420.8	203.8	1.94	4.59	0	791	0	0.31	5.5	21.2	0.0	0.0	20.58	30	1.2758	2.0648	470	469.94	953.44	
356405	39	443.8	420.8	312.3	420.8	203.5	2.12	4.59	0	802	0	0.31	5.5	21.2	0.0	0.0	20.48	30	1.2758	2.0648	465	469.75	953.36	
356946	39	443.5	420.5	312.3	420.5	204.5	2.12	4.59	0	796	0	0.31	5.5	21.2	0.0	0.0	20.34	30	1.2758	2.0648	465	469.63	953.59	
357457	39	443.3	420.5	312.3	420.5	203.5	1.94	4.59	0	798	0	0.31	5.5	21.2	0.0	0.0	20.34	30	1.2758	2.0648	465	469.54	953.44	
358037	39	443.0	420.5	312.5	420.2	204.5	2.12	4.59	0	798	0	0.31	5.5	21.2	0.0	0.0	20.46	30	1.2758	2.0648	465	469.35	953.44	
358591	39	442.8	420.2	312.3	420.2	204.8	2.12	4.59	0	795	0	0.31	5.5	21.2	0.0	0.0	20.44	30	1.2758	2.0648	465	469.23	953.52	
359102	39	442.5	419.8	312.1	419.8	204.5	2.12	4.59	0	797	0	0.31	5.5	21.2	0.0	0.0	20.46	30	1.2758	2.0648	465	469.14	953.28	
359619	39	442.3	419.8	312.1	419.8	204.8	2.12	4.59	0	809	0	0.31	5.5	21.2	0.0	0.0	20.44	30	1.2758	2.0648	465	469.05	953.59	
360185	39	442.0	419.2	312.3	419.2	204.8	2.12	4.59	0	802	0	0.31	5.5	21.2	0.0	0.0	20.34	30	1.2758	2.0648	465	468.83	953.67	
360828	39	441.7	419.2	312.3	419.5	205.2	2.12	4.59	0	802	0	0.31	5.5	21.2	0.0	0.0	20.62	30	1.2758	2.0648	465	468.74	953.67	
361343	39	441.5	419.2	312.0	419.2	205.2	1.94	4.59	0	805	0	0.31	5.5	21.2	0.0	0.0	20.60	30	1.2758	2.0648	465	468.53	953.75	
361883	39	441.2	418.8	312.2	419.2	205.5	2.12	4.59	0	815	0	0.31	5.5	21.2	0.0	0.0	20.27	30	1.2758	2.0648	465	468.44	953.75	
362423	39	441.0	418.5	312.0	418.8	205.5	2.12	4.59	0	800	0	0.31	5.5	21.2	0.0	0.0	19.64	30	1.2758	2.0648	465	468.34	953.52	
362974	39	440.7	418.5	312.1	418.8	205.8	2.12	4.59	0	787	0	0.31	5.5	21.2	0.0	0.0	20.72	30	1.2758	2.0648	465	468.13	953.44	
363543	39	440.4	418.2	311.6	418.2	205.5	2.12	4.59	0	801	0	0.31	5.5	21.2	0.0	0.0	20.58	30	1.2758	2.0648	465	468.04	953.75	
364067	39	440.2	418.5	312.0	417.8	205.8	2.12	4.59	0	792	0	0.31	5.5	21.2	0.0	0.0	20.41	30	1.2758	2.0648	465	467.94	953.44	
364616	39	439.9	417.8	312.0	417.8	206.5	2.12	4.59	0	801	0	0.56	5.5	21.2	0.0	0.0	20.55	30	1.2758	2.0648	465	467.73	953.36	
365142	39	439.7	417.5	312.0	417.5	206.2	1.94	4.59	0	802	0	0.56	5.5	21.2	0.0	0.0	20.58	30	1.2758	2.0648	465	467.64	953.44	
365701	39	439.4	417.5	312.0	417.8	206.5	2.12	4.59	0	807	0	0.31	5.5	21.2	0.0	0.0	20.20	30	1.2758	2.0648	465	467.55	953.67	
366229	39	439.2	417.5	312.0	417.2	206.2	2.12	4.59	0	794	0	0.31	5.5	21.2	0.0	0.0	20.20	30	1.2758	2.0648	465	467.33	953.59	
366741	39	438.9	417.2	311.8	417.2	206.5	2.12	4.59	0	797	0	0.31	5.5	21.2	0.0	0.0	20.25	30	1.2758	2.0648	465	467.24	953.44	
367290	39	438.7	417.2	311.8	417.5	206.8	2.12	4.59	0	792	0	0.31	5.5	21.2	0.0	0.0	20.18	30	1.2758	2.0648	465	467.03	953.20	
367810	39	438.4	416.8	311.8	416.8	207.2	2.12	4.59	0	798	0	0.31	5.5	21.2	0.0	0.0	20.58	30	1.2758	2.0648	465	466.94	953.28	
368390	39	438.1	416.5	311.8	416.5	207.2	2.12	4.59	0	799	0	0.31	5.5	21.2	0.0	0.0	20.58	30	1.2758	2.0648	465	466.84	953.59	
368925	39	437.9	416.5	311.8	416.2	206.8	2.12	4.59	0	801	0	0.31	5.5	21.2	0.0	0.0	20.13	30	1.2758	2.0648	465	466.63	953.44	
369521	39	437.6	416.5	311.7	416.2	207.2	2.12	4.59	0	795	0	0.31	5.5	21.2	0.0	0.0	20.16	30	1.2758	2.0648	465	466.54	953.36	
370025	39	437.4	415.8	312.0	415.8	207.5	1.94	4.59	0	791	0	0.31	5.5	21.2	0.0	0.0	20.37	31	1.2758	2.0648	465	466.35	953.36	
370588	39	437.1	415.8	311.6	415.8	207.2	2.12	4.59	0	803	0	0.31	5.5	21.2	0.0	0.0	20.62	31	1.2758	2.0648	465	466.23	953.67	
371106	39	436.8	415.5	311.6	415.5	207.5	1.94	4.59	0	796	0	0.31	5.5	21.2	0.0	0.0	20.13	31	1.2758	2.0648	465	466.14	953.67	
371665	39	436.6	415.5	311.6	415.5	207.8	2.12	4.59	0	802	0	0.31	5.5	21.2	0.0	0.0	20.48	31	1.2758	2.0648	465	465.93	953.67	
372205	39	436.3	415.5	311.7	415.2	207.8	2.12	4.59	0	790	0	0.31	5.5	21.2	0.0	0.0	20.48	31	1.2758	2.0648	465	465.83	953.67	
372757	39	436.1	414.8	311.7	415.2	208.2	2.12	4.59	0	808	0	0.31	5.5	21.2	0.0	0.0	20.70	31	1.2758	2.0648	465	465.65	953.67	
373289	39	435.8	414.8	311.5	415.2	208.2	2.12	4.59	0	800	0	0.31	5.5	21.2	0.0	0.0	20.23	31	1.2758	2.0648	465	465.53	953.52	
373868	39	435.5	414.8	311.6	415.2	208.5	1.94	4.59	0	792	0	0.31	5.5	21.2	0.0	0.0	20.41	31	1.2758	2.0648	465	465.34	953.67	
374362	39	435.3	414.5	311.6	414.5	208.8	1.94	4.59	0	801	0	0.31	5.5	21.2	0.0	0.0	20.44	31	1.2758	2.0648	465	465.25	953.67	
374896	39	435.0	414.5	311.6	414.5	208.5	2.12	4.59	0	790	0	0.31	5.5	21.2	0.0	0.0	20.46	31	1.2758	2.0648	465	465.04	953.67	
375424	39	434.8	414.2	311.6	414.2	208.8	1.94	4.59	0	797	0	0.31	5.5	21.2	0.0	0.0	20.70	31	1.2758	2.0648	465	464.94	953.75	
375991	39	434.5	414.2	311.6	413.8	208.8	1.94	4.59	0	799	0	0.31	5.5	21.2	0.0	0.0	20.81	31	1.2758	2.0648	460	464.73	953.52	
376506	39	434.3	413.8	311.3	413.8	208.8	2.12	4.59	0	799	0	0.31	5.5	21.2	0.0	0.0	20.91	31	1.2758	2.0648	460	464.64	953.75	
377044	39	434.0	413.5	311.3	413.5	209.2	2.12	4.59	0	807	0	0.31	5.5	21.2	0.0	0.0	20.84	31	1.2758	2.0648	460	464.55	953.44	
377589	39	433.8	413.5	311.3	413.5	209.5	2.12	4.59	0	805	0	0.31	5.5	21.2	0.0	0.0	20.65	31	1.2758	2.0648	460	464.33	953.67	
378227	39	433.5	412.8	311.3	413.2	209.5	2.12	4.59	0	797	0	0.31	5.5	21.2	0.0	0.0	20.16	31	1.2758	2.0648	460	464.15	953.83	
378751	39	433.2	413.2	311.3	413.2	210.2	2.12	4.59	0	794	0	0.31	5.5	21.2	0.0	0.0	20.86	31	1.2758	2.0648	460	464.03	953.59	
379332	39	432.9	412.8	311.3	412.8	209.5	2.12	4.59	0	799	0	0.31	5.5	21.2	0.0	0.0	20.77	31	1.2758	2.0648	460	463.84	953.83	
379932	39	432.6	412.5	311.3	412.8	210.2	2.12	4.59	0	799	0	0.31	5.5	21.2	0.0	0.0	20.46	31	1.2758	2.0648	460	463.63	953.67	
380486	39	432.4	412.5	311.3	412.8	210.2	2.12	4.59	0	799	0	0.31	5.5	21.2	0.0	0.0	20.70	31	1.2758	2.0648	460	463.54	953.67	
381032	39	432.1	412.2	311.3	412.5	210.2	2.12	4.59	0	801	0	0.31	5.5	21.2	0.0	0.0	20.34	31	1.2758	2.0648	460	463.35	953.67	
381564	39	431.8	412.5	311.3	412.2	210.5	2.12	4.59	0	800	0	0.31	5.5	21.2	0.0	0.0	20.09	31	1.2758	2.0648	460	463.23	953.44	
382124	39	431.6	412.5	311.3	412.2	210.8	2.12	4.59	0	796	0	0.31	5.5	21.2	0.0	0.0	20.20	31	1.2758	2.0648	460	463.05	953.44	
382670	39	431.3	412.2	311.5	412.2	210.8	2.12	4.59	0	792	0	0.31	5.5	21.2	0.0	0.0	20.34	31	1.2758	2.0648	460	462.93	953.59	
383178	39	431.1	411.8	311.3	411.5	210.5	2.12	4.59	0	800	0	0.31	5.5	21.2	0.0	0.0	20.46	31	1.2758	2.0648	460	462.74	953.52	
383689	39	430.8	411.8	311.3	411.8	210.5	2.12	4.59	0	798	0	0.31	5.5	21.2	0.0	0.0	20.37	31	1.2758	2.0648	460	462.65	953.52	
384210	39	430.6	411.5	311.3	411.8	211.5	2.12	4.59	0	806	0	0.31	5.5	21.2	0.0	0.0	20.32	31	1.2758	2.0648	460	462.44	953.59	
384730	39	430.3	412.2	311.0	411.5	211.2	2.12	4.59	0	792	0	0.31	5.5	21.2	0.0	0.0	20.18	31	1.2758	2.0648	460	462.34	953.44	
385266	39	430.1	411.5	311.5	411.5	211.5	2.12	4.59	0	801	0	0.31	5.5	21.2	0.0	0.0	20.39	31	1.2758	2.0648	460	462.13	953.44	
385792	39	429.9	410.8	311.1	411.2	211.5	2.12	4.59	0	805	0	0.31	5.5	21.2	0.0	0.0	19.99	31	1.2758	2.0648	460	462.04	953.36	
386399	39	429.6	411.2	311.5	410.8	211.5	2.12	4.59	0	797	0	0.31	5.5	21.2	0.0	0.0	20.06	31	1.2758	2.0648	460	461.85	953.28	
386915	39	429.4	410.8	311.5	410.5	211.5	2.12	4.59	0	791	0	0.31	5.5	21.2	0.0	0.0	20.37	31	1.2758	2.0648	460	461.73	953.20	
387423	39	429.1	410.5	311.3	410.8	211.5	2.12	4.59	0	796	0	0.31	5.5	21.2	0.0	0.0	20.79	31	1.2758	2.0648	460	461.55	952.97	
388006	39	428.8	410.5	311.1	410.5	211.8	2.25	4.59	0	871	0	0.56	5.5	21.2	0.0	0.0	23.79	31	1.2758	2.0648	460	461.33	954.61	
388552	39	428.5	410.5	311.3	410.5	212.2	2.12	4.59	0	884	0	0.31	5.5	21.2	0.0	0.0	22.01	31	1.2758	2.0648	460	461.24	954.53	
389122	39	428.3	410.5	311.5	410.5	212.5	2.12	4.59	0	862	0	0.56	5.5	21.2	0.0	0.0	26.51	31	1.2758	2.0648	460	461.03	952.27	
389639	40	428.0	410.2	311.5	410.2	212.5	2.81	4.59	0	857	0	1.12	5.5	21.2	0.0	0.0	38.48	31	1.2758	2.0648	460	460.84	957.19	
390204	40	427.6	410.5	311.5	410.5	212.5	2.25	4.59	0	969	1	1.12	5.5	21.2	0.0	0.0	35.95	31	1.2758	2.0648	460	460.63	962.27	
390733	40	427.3	410.2	311.3	410.2	212.5	2.25	4.59	0	988	2	0.81	5.5	21.2	0.0	0.0	36.00	31	1.2758	2.0648	460	460.44	964.92	
391306	40	426.9	410.2	311.1	410.2	212.8	2.25	4.59	0	975	2	0.81	5.5	21.2	0.0	0.0	34.76	31	1.2758	2.0648	460	460.14	966.80	
391820	40	426.5	410.5	311.7	410.5	213.2	2.44	4.59	0	1,113	4	1.38	5.5	21.2	0.0	0.0	39.00	31	1.2758	2.0648	460	459.93	965.47	
392320	40	426.1	410.5	311.6	410.5	212.8	2.25	4.59	0	1,261	5	2.19	5.5	21.2	0.0	0.0	42.96	31	1.2758	2.0648	455	459.74	973.20	
392841	40	425.7	410.5	312.1	410.2	213.2	2.44	4.59	0	1,294	8	2.75	5.5	21.2	0.0	0.0	44.48	31	1.2758	2.0648	455	459.44	983.28	
393356	40	425.1	411.2	312.0	411.2	213.5	2.62	4.59	0	1,435	10	3.00	5.5	21.2	0.0	0.0	43.97	31	1.2758	2.0648	455	459.13	992.58	
393919	40	424.6	411.2	312.3	411.5	213.5	2.44	4.59	0	1,429	12	2.75	5.5	21.2	0.0	0.0	41.79	31	1.2758	2.0648	455	458.73	999.14	
394440	40	424.1	411.8	312.6	412.2	213.5	0.56	4.59	0	1,245	13	1.38	5.5	21.2	0.0	0.0	27.59	31	1.2758	2.0648	455	458.43	978.20	
395107	40	423.7	412.5	313.1	412.5	213.8	1.94	4.59	0	1,069	13	0.56	5.5	21.2	0.0	0.0	17.51	31	1.2758	2.0648	455	458.03	963.28	
395623	39	423.3	412.8	313.5	413.2	214.2	2.12	4.59	0	957	12	0.56	5.5	21.2	0.0	0.0	18.00	31	1.2758	2.0648	455	457.75	957.73	
396168	39	423.0	413.8	314.0	413.8	214.2	2.12	4.59	0	959	11	0.56	5.5	21.2	0.0	0.0	21.07	31	1.2758	2.0648	455	457.44	955.55	
396681	39	422.7	414.5	314.3	414.5	214.2	2.12	4.59	0	933	10	0.56	5.5	21.2	0.0	0.0	22.05	31	1.2758	2.0648	455	457.23	956.33	
397240	39	422.4	414.8	314.5	414.8	214.5	2.12	4.59	0	937	9	0.56	5.5	21.2	0.0	0.0	22.34	31	1.2758	2.0648	455	456.93	955.78	
397742	39	422.1	415.2	315.1	415.2	214.8	2.12	4.59	0	943	7	0.56	5.5	21.2	0.0	0.0	22.71	31	1.2758	2.0648	455	456.74	955.47	
398255	39	421.9	415.5	315.1	415.5	214.8	2.12	4.59	0	966	6	0.56	5.5	21.2	0.0	0.0	24.52	31	1.2758	2.0648	455	456.44	954.92	
398806	39	421.7	416.2	315.7	416.2	215.2	2.12	4.59	0	980	6	0.81	5.5	21.2	0.0	0.0	24.23	31	1.2758	2.0648	455	456.13	956.48	
399330	39	421.5	416.2	315.7	416.5	215.5	2.12	4.59	0	944	6	0.56	5.5	21.2	0.0	0.0	23.53	31	1.2758	2.0648	455	455.94	956.25	
399856	39	421.3	416.5	315.8	416.8	215.2	2.12	4.59	0	920	6	0.56	5.5	21.2	0.0	0.0	24.54	31	1.2758	2.0648	455	455.73	956.25	
400430	39	421.1	416.8	316.1	416.8	215.5	2.12	4.59	0	950	6	0.81	5.5	21.2	0.0	0.0	23.98	31	1.2758	2.0648	455	455.43	956.41	
400960	39	420.9	417.2	316.3	417.5	215.8	2.12	4.59	0	987	5	0.56	5.5	21.2	0.0	0.0	22.92	31	1.2758	2.0648	455	455.15	956.56	
401492	39	420.7	417.5	316.6	417.2	216.2	2.12	4.59	0	954	5	0.56	5.5	21.2	0.0	0.0	23.95	31	1.2758	2.0648	455	454.94	956.41	
402040	39	420.6	417.5	316.6	417.5	215.8	2.12	4.59	0	965	4	0.56	5.5	21.2	0.0	0.0	24.26	31	1.2758	2.0648	450	454.75	956.72	
402591	40	420.4	417.8	317.1	417.8	216.5	2.12	4.59	0	978	3	0.56	5.5	21.2	0.0	0.0	25.97	31	1.2758	2.0648	450	454.44	955.62	
403147	40	420.2	418.2	317.1	418.2	216.5	2.12	4.59	0	985	4	0.56	5.5	21.2	0.0	0.0	29.60	31	1.2758	2.0648	450	454.23	957.42	
403792	40	420.0	418.5	317.8	418.5	216.8	2.25	4.59	0	933	4	0.81	5.5	21.2	0.0	0.0	30.77	31	1.2758	2.0648	450	453.93	960.00	
404310	40	419.9	418.8	317.8	418.5	216.5	2.44	4.59	0	1,150	4	1.12	5.5	21.2	0.0	0.0	35.18	31	1.2758	2.0648	450	453.65	960.16	
404894	40	419.7	418.8	318.0	418.8	216.8	1.94	4.59	0	1,047	5	1.38	5.5	21.2	0.0	0.0	31.52	31	1.2758	2.0648	450	453.34	968.20	
405412	40	419.5	418.8	318.0	419.2	217.5	2.25	4.59	0	944	5	1.12	5.5	21.2	0.0	0.0	29.44	31	1.2758	2.0648	450	453.13	969.22	
405947	40	419.4	419.5	318.3	419.5	217.5	2.12	4.59	0	898	4	0.56	5.5	21.2	0.0	0.0	26.44	31	1.2758	2.0648	450	452.94	965.55	
406487	40	419.2	419.5	318.5	419.5	217.5	2.25	4.59	0	903	3	0.56	5.5	21.2	0.0	0.0	29.23	31	1.2758	2.0648	450	452.64	961.33	
407042	40	419.1	420.2	318.8	419.8	217.8	2.12	4.59	0	977	3	0.56	5.5	21.2	0.0	0.0	26.79	31	1.2758	2.0648	450	452.43	961.02	
407556	40	419.0	419.8	319.0	420.2	217.8	2.12	4.59	0	954	2	0.81	5.5	21.2	0.0	0.0	26.55	31	1.2758	2.0648	450	452.15	959.61	
408122	40	418.8	420.5	319.3	420.5	218.2	2.12	4.59	0	965	2	0.56	5.5	21.2	0.0	0.0	29.37	31	1.2758	2.0648	450	451.94	959.45	
408650	40	418.7	420.8	319.5	420.5	218.5	2.25	4.59	0	909	3	0.56	5.5	21.2	0.0	0.0	32.86	31	1.2758	2.0648	450	451.75	959.45	
409204	40	418.6	420.8	319.8	420.8	218.2	2.25	4.59	0	920	3	0.81	5.5	21.2	0.0	0.0	29.44	31	1.2758	2.0648	450	451.44	961.25	
409728	40	418.5	421.2	319.8	421.2	218.5	2.12	4.59	0	940	1	0.56	5.5	21.2	0.0	0.0	22.69	31	1.2758	2.0648	450	451.23	961.41	
410248	40	418.4	421.8	320.1	421.8	218.8	2.12	4.59	0	877	0	0.31	5.5	21.2	0.0	0.0	37.57	31	1.2758	2.0648	450	451.05	956.88	
410776	40	418.3	421.8	320.1	421.8	218.8	2.25	4.59	0	993	0	1.12	5.5	21.2	0.0	0.0	36.07	31	1.2758	2.0648	450	450.74	962.89	
411323	40	418.2	421.8	320.5	422.2	219.2	2.25	4.59	0	961	2	0.81	5.5	21.2	0.0	0.0	38.58	31	1.2758	2.0648	450	450.53	965.78	
411970	40	418.0	422.2	320.7	422.5	219.2	2.25	4.59	0	963	3	0.81	5.5	21.2	0.0	0.0	35.58	31	1.2758	2.0648	450	450.25	968.36	
412475	40	418.0	422.5	321.1	422.5	219.2	2.25	4.59	0	1,123	4	1.12	5.5	21.2	0.0	0.0	32.88	31	1.2758	2.0648	450	449.94	966.25	
413064	40	417.8	423.2	321.0	422.8	219.5	2.25	4.59	0	1,192	6	1.38	5.5	21.2	0.0	0.0	38.74	31	1.2758	2.0648	445	449.64	967.03	
413639	40	417.7	423.2	321.3	423.2	219.8	2.25	4.59	0	1,300	8	2.19	5.5	21.2	0.0	0.0	39.14	31	1.2758	2.0648	445	449.43	974.69	
414200	40	417.6	423.8	321.8	423.8	220.2	2.44	4.59	0	1,392	10	2.19	5.5	21.2	0.0	0.0	35.93	31	1.2758	2.0648	445	449.15	978.67	
414719	40	417.6	423.8	321.8	424.2	219.8	2.25	4.59	0	1,421	12	1.94	5.5	21.2	0.0	0.0	36.23	31	1.2758	2.0648	445	448.84	979.06	
415273	40	417.5	424.8	322.5	424.8	220.2	2.44	4.59	0	1,350	13	2.19	5.5	21.2	0.0	0.0	43.03	31	1.2758	2.0648	445	448.54	982.19	
415778	40	417.5	425.5	322.8	425.5	220.5	2.44	4.59	0	1,375	15	2.75	5.5	21.2	0.0	0.0	43.27	31	1.2758	2.0648	445	448.23	989.69	
416294	40	417.5	425.8	323.1	425.8	220.5	2.44	4.59	0	1,372	17	3.25	5.5	21.2	0.0	0.0	45.56	31	1.2758	2.0648	445	447.83	999.84	
416824	40	417.5	426.5	323.3	426.5	220.8	2.44	4.59	0	1,422	18	3.00	5.5	21.2	0.0	0.0	42.40	31	1.2758	2.0648	445	447.53	1,003.52	
417385	40	417.6	426.8	323.8	427.2	220.8	2.81	4.59	0	1,534	20	2.44	5.5	21.2	0.0	0.0	31.48	31	1.2758	2.0648	445	447.13	1,005.08	
417901	40	417.7	428.2	324.5	427.8	220.8	2.25	4.59	0	1,599	21	1.94	5.5	21.2	0.0	0.0	17.62	31	1.2758	2.0648	445	446.94	977.50	
418418	40	417.8	429.2	325.0	428.8	221.2	1.75	4.59	0	1,615	21	0.81	5.5	21.2	0.0	0.0	16.66	31	1.2758	2.0648	445	446.64	961.72	
418969	40	418.0	429.8	325.5	429.8	221.5	2.44	4.59	0	1,703	21	1.62	5.5	21.2	0.0	0.0	31.88	31	1.2758	2.0648	445	446.33	964.84	
419481	40	418.2	430.5	326.0	430.2	221.8	3.00	4.59	0	1,768	22	2.75	5.5	21.2	0.0	0.0	48.80	31	1.2758	2.0648	445	446.03	985.08	
419991	40	418.4	430.5	326.3	430.8	221.8	4.56	4.59	0	1,886	24	5.12	5.5	21.2	0.0	0.0	56.65	31	1.2758	2.0648	445	445.63	1,058.67	
420599	40	418.9	431.5	326.8	431.8	221.8	5.06	4.59	0	2,039	26	5.12	5.5	21.2	0.0	0.0	52.36	31	1.2758	2.0648	445	445.23	1,005.55	
421099	41	419.4	432.8	327.3	432.8	222.2	4.00	4.59	0	1,658	28	5.12	5.5	21.2	0.0	0.0	57.80	31	1.2758	2.0648	440	444.83	1,034.69	
421689	41	420.3	433.8	328.0	433.8	222.5	4.38	4.59	0	1,630	30	7.06	5.5	21.2	0.0	0.0	65.62	31	1.2758	2.0648	440	444.44	1,074.30	
422250	41	421.3	435.2	328.5	434.8	222.8	5.56	4.59	0	1,681	32	7.88	5.5	21.2	0.0	0.0	67.57	31	1.2758	2.0648	440	444.04	1,056.88	
422771	41	422.5	436.2	329.5	435.8	222.8	2.62	4.59	0	1,678	34	2.19	5.5	21.2	0.0	0.0	22.48	31	1.2758	2.0648	440	443.64	1,010.08	
423293	40	423.5	436.8	330.1	436.8	223.2	1.94	4.59	0	1,727	34	0.81	5.5	21.2	0.0	0.0	14.16	31	1.2758	2.0648	440	443.43	976.72	
423848	40	424.4	438.2	330.5	437.8	223.5	2.12	4.59	0	1,676	34	0.56	5.5	21.2	0.0	0.0	11.93	31	1.2758	2.0648	440	443.24	965.62	
424370	40	425.3	438.8	331.5	439.2	223.8	2.44	4.59	0	1,478	34	0.56	5.5	21.2	0.0	0.0	17.72	31	1.2758	2.0648	440	443.03	962.73	
424881	40	426.0	439.8	331.8	440.2	223.8	1.25	4.59	0	1,245	33	0.81	5.5	21.2	0.0	0.0	17.67	31	1.2758	2.0648	440	442.94	967.11	
425420	40	426.9	440.5	332.1	440.5	224.2	1.25	4.59	0	1,187	33	0.56	5.5	21.2	0.0	0.0	17.02	31	1.2758	2.0648	440	442.75	967.11	
425933	40	427.6	441.5	332.5	440.8	224.5	1.56	4.59	0	1,105	32	0.56	5.5	21.2	0.0	0.0	16.88	31	1.2758	2.0648	440	442.63	966.80	
426476	40	428.4	441.5	332.8	441.5	224.2	1.56	4.59	0	1,079	32	0.31	5.5	21.2	0.0	0.0	18.63	31	1.2758	2.0648	440	442.54	964.69	
427049	40	429.3	441.8	333.1	441.5	224.2	3.12	4.59	0	1,107	32	1.94	5.5	21.2	0.0	0.0	52.88	31	1.2758	2.0648	440	442.44	964.38	
427566	41	430.2	441.8	333.1	441.5	224.8	3.12	4.59	0	1,263	34	4.88	5.5	21.2	0.0	0.0	72.94	31	1.2758	2.0648	440	442.35	1,017.03	
428071	41	431.4	441.2	333.0	441.2	225.2	3.12	4.59	0	1,209	35	5.94	5.5	21.2	0.0	0.0	51.61	31	1.2758	2.0648	440	442.23	1,032.97	
428582	41	432.7	441.2	333.2	441.2	224.8	1.75	4.59	0	1,208	36	1.94	5.5	21.2	0.0	0.0	24.40	31	1.2758	2.0648	440	442.14	992.42	
429172	41	433.9	441.2	333.3	441.5	225.5	1.56	4.59	0	1,230	36	0.81	5.5	21.2	0.0	0.0	14.95	31	1.2758	2.0648	440	442.14	968.36	
429680	40	434.7	441.2	333.5	441.5	225.8	1.75	4.59	0	1,209	36	0.81	5.5	21.2	0.0	0.0	11.67	31	1.2758	2.0648	440	442.14	961.25	
430204	40	435.8	441.2	333.3	441.2	226.2	1.06	4.59	0	1,209	36	0.56	5.5	21.2	0.0	0.0	17.09	31	1.2758	2.0648	440	442.05	960.70	
430751	40	436.6	441.5	333.8	441.2	226.2	1.25	4.59	0	1,166	34	0.56	5.5	21.2	0.0	0.0	16.92	31	1.2758	2.0648	440	442.14	966.02	
431311	41	437.5	440.8	333.7	440.8	226.2	1.44	4.59	0	1,097	32	0.56	5.5	21.2	0.0	0.0	16.88	31	1.2758	2.0648	440	442.14	965.62	
431829	41	438.2	440.8	333.8	441.2	226.8	1.56	4.59	0	1,086	31	0.56	5.5	21.2	0.0	0.0	16.90	31	1.2758	2.0648	440	442.14	966.41	
432350	41	439.0	440.8	333.8	440.8	226.5	1.25	4.59	0	1,252	30	0.56	5.5	21.2	0.0	0.0	17.70	31	1.2758	2.0648	440	442.14	967.19	
432873	41	439.7	440.2	333.5	440.5	226.8	1.06	4.59	0	1,374	29	0.81	5.5	21.2	0.0	0.0	17.62	31	1.2758	2.0648	440	442.23	968.59	
433399	41	440.4	439.8	333.5	439.8	227.2	1.25	4.59	0	1,444	29	1.12	5.5	21.2	0.0	0.0	18.23	31	1.2758	2.0648	440	442.35	969.61	
433921	41	441.1	439.5	333.3	439.5	226.8	1.06	4.59	0	1,407	28	1.12	5.5	21.2	0.0	0.0	15.00	31	1.2758	2.0648	440	442.35	970.31	
434493	41	441.9	438.5	332.6	438.5	227.2	1.56	4.59	0	1,407	28	1.12	5.5	21.2	0.0	0.0	25.24	31	1.2758	2.0648	440	442.44	960.16	
435069	41	442.7	438.5	332.8	438.2	227.5	2.62	4.59	0	1,514	29	2.19	5.5	21.2	0.0	0.0	41.16	31	1.2758	2.0648	440	442.54	967.11	
435585	41	443.5	437.5	332.5	437.5	227.5	3.12	4.59	0	1,559	31	3.50	5.5	21.2	0.0	0.0	47.41	31	1.2758	2.0648	440	442.63	1,002.81	
436145	42	444.2	437.2	332.3	437.2	227.5	1.94	4.59	0	1,552	32	2.19	5.5	21.2	0.0	0.0	17.39	31	1.2758	2.0648	440	442.84	979.61	
436641	41	444.9	437.2	332.5	436.8	227.8	1.56	4.59	0	1,572	32	0.81	5.5	21.2	0.0	0.0	11.95	31	1.2758	2.0648	440	442.94	966.80	
437248	41	445.4	436.5	332.1	436.2	228.2	1.94	4.59	0	1,554	32	0.81	5.5	21.2	0.0	0.0	10.73	31	1.2758	2.0648	440	443.03	961.09	
437784	41	445.9	436.2	332.1	436.2	227.8	1.06	4.59	0	1,479	32	0.81	5.5	21.2	0.0	0.0	18.54	31	1.2758	2.0648	440	443.15	962.11	
438306	41	446.6	436.2	331.8	436.2	227.8	1.25	4.59	0	1,210	31	0.81	5.5	21.2	0.0	0.0	17.32	31	1.2758	2.0648	440	443.33	966.09	
438873	41	447.2	435.8	332.0	435.8	227.8	1.44	4.59	0	1,104	31	0.56	5.5	21.2	0.0	0.0	17.84	31	1.2758	2.0648	440	443.55	966.33	
439391	41	447.8	435.5	331.8	435.8	228.5	1.56	4.59	0	1,027	30	0.00	5.5	21.2	0.0	0.0	17.34	31	1.2758	2.0648	440	443.64	965.39	
439916	41	448.5	435.2	331.8	435.2	228.5	1.56	4.59	0	1,032	30	0.31	5.5	21.2	0.0	0.0	22.78	31	1.2758	2.0648	440	443.85	958.59	
440471	41	449.1	435.2	331.6	434.8	228.2	2.44	4.59	0	1,168	31	1.38	5.5	21.2	0.0	0.0	49.64	31	1.2758	2.0648	440	444.04	961.88	
441021	42	449.8	434.5	331.5	434.2	228.2	2.62	4.59	0	1,164	32	3.25	5.5	21.2	0.0	0.0	59.39	31	1.2758	2.0648	440	444.25	995.55	
441518	42	450.4	433.8	331.5	433.8	228.8	2.62	4.59	0	1,178	34	3.50	5.5	21.2	0.0	0.0	45.49	31	1.2758	2.0648	440	444.53	1,021.88	
442116	41	451.0	433.8	331.3	433.5	228.8	1.75	4.59	0	1,175	34	1.12	5.5	21.2	0.0	0.0	19.20	31	1.2758	2.0648	440	444.74	978.59	
442622	41	451.4	433.8	331.1	433.8	228.8	1.75	4.59	0	1,178	35	0.56	5.5	21.2	0.0	0.0	15.21	31	1.2758	2.0648	445	444.93	965.08	
443189	41	451.8	433.2	331.1	433.5	229.5	1.06	4.59	0	1,151	35	0.31	5.5	21.2	0.0	0.0	15.35	31	1.2758	2.0648	445	445.23	960.62	
443739	41	452.2	433.5	331.3	433.2	228.8	1.25	4.59	0	1,155	34	0.56	5.5	21.2	0.0	0.0	17.67	31	1.2758	2.0648	445	445.44	960.47	
444310	41	452.7	433.5	331.0	433.2	228.8	1.44	4.59	0	1,146	34	0.56	5.5	21.2	0.0	0.0	18.07	31	1.2758	2.0648	445	445.63	964.45	
444820	41	453.1	432.8	330.8	432.5	229.2	1.44	4.59	0	1,148	34	0.56	5.5	21.2	0.0	0.0	17.16	31	1.2758	2.0648	445	445.84	965.62	
445384	41	453.6	432.5	331.0	432.5	229.5	1.44	4.59	0	1,123	33	0.56	5.5	21.2	0.0	0.0	17.48	31	1.2758	2.0648	445	446.15	966.02	
445991	41	454.1	431.8	330.8	431.8	229.2	1.44	4.59	0	1,119	33	0.56	5.5	21.2	0.0	0.0	17.79	31	1.2758	2.0648	445	446.33	966.25	
446516	41	454.6	431.8	331.0	431.5	229.5	1.56	4.59	0	1,164	32	0.56	5.5	21.2	0.0	0.0	13.38	31	1.2758	2.0648	445	446.55	965.55	
447080	41	455.2	431.5	330.5	431.2	229.5	2.44	4.59	0	1,570	32	1.38	5.5	21.2	0.0	0.0	26.60	31	1.2758	2.0648	445	446.85	958.59	
447599	41	455.7	430.8	330.1	430.8	229.8	2.44	4.59	0	1,635	33	1.62	5.5	21.2	0.0	0.0	25.83	31	1.2758	2.0648	445	447.04	964.92	
448126	41	456.2	430.5	330.0	430.5	229.5	1.75	4.59	0	1,626	33	0.56	5.5	21.2	0.0	0.0	11.91	31	1.2758	2.0648	445	447.25	961.41	
448650	41	456.5	430.2	330.0	430.2	229.5	2.12	4.59	0	1,613	33	1.12	5.5	21.2	0.0	0.0	11.53	31	1.2758	2.0648	445	447.53	959.77	
449221	41	456.9	429.5	329.5	429.8	229.5	1.44	4.59	0	1,593	33	0.81	5.5	21.2	0.0	0.0	18.56	31	1.2758	2.0648	445	447.74	962.42	
449763	41	457.4	429.5	329.5	429.5	229.5	1.56	4.59	0	1,610	32	0.81	5.5	21.2	0.0	0.0	18.96	31	1.2758	2.0648	445	448.05	963.83	
450277	41	457.9	428.8	329.3	428.8	229.5	1.44	4.59	0	1,566	32	0.81	5.5	21.2	0.0	0.0	18.54	31	1.2758	2.0648	445	448.23	971.56	
450843	41	458.5	428.8	329.0	429.2	229.5	1.44	4.59	0	1,562	31	0.81	5.5	21.2	0.0	0.0	18.96	31	1.2758	2.0648	445	448.54	972.97	
451368	42	459.2	428.5	329.1	428.5	229.8	1.25	4.59	0	1,437	31	1.12	5.5	21.2	0.0	0.0	19.01	31	1.2758	2.0648	445	448.84	972.81	
451887	42	459.8	427.8	328.8	427.8	229.5	1.06	4.59	0	1,411	29	1.12	5.5	21.2	0.0	0.0	18.54	31	1.2758	2.0648	445	449.15	972.58	
452403	42	460.4	427.5	329.0	427.5	229.8	1.06	4.59	0	1,392	28	1.12	5.5	21.2	0.0	0.0	19.08	31	1.2758	2.0648	445	449.43	972.11	
452994	42	461.3	427.5	328.6	427.5	229.5	1.06	4.59	0	1,355	27	0.81	5.5	21.2	0.0	0.0	19.01	31	1.2758	2.0648	445	449.73	971.56	
453556	42	462.0	426.8	328.1	426.5	229.8	1.06	4.59	0	1,327	27	1.62	5.5	21.2	0.0	0.0	13.22	31	1.2758	2.0648	450	450.13	969.53	
454110	42	462.7	426.5	328.1	426.5	229.8	2.25	4.59	0	1,422	27	1.62	5.5	21.2	0.0	0.0	33.02	31	1.2758	2.0648	450	450.44	961.02	
454702	42	463.3	425.8	327.6	425.8	229.5	2.44	4.59	0	1,468	28	2.19	5.5	21.2	0.0	0.0	26.79	31	1.2758	2.0648	450	450.74	968.20	
455253	42	463.9	425.5	327.6	425.5	229.5	1.56	4.59	0	1,412	29	1.12	5.5	21.2	0.0	0.0	13.90	31	1.2758	2.0648	450	451.14	961.88	
455769	42	464.4	425.5	327.5	425.2	229.5	1.56	4.59	0	1,419	29	1.12	5.5	21.2	0.0	0.0	12.07	31	1.2758	2.0648	450	451.44	959.30	
456308	42	464.7	425.2	327.5	425.2	229.5	0.56	4.59	0	1,320	28	0.81	5.5	21.2	0.0	0.0	17.34	31	1.2758	2.0648	450	451.63	960.08	
456824	42	465.1	424.8	327.3	424.8	229.8	1.06	4.59	0	1,394	27	1.12	5.5	21.2	0.0	0.0	19.29	31	1.2758	2.0648	450	451.94	961.25	
457325	42	465.6	424.8	327.1	425.2	229.5	1.06	4.59	0	1,284	26	0.81	5.5	21.2	0.0	0.0	18.59	31	1.2758	2.0648	450	452.24	967.27	
457826	42	466.1	424.5	327.0	424.5	229.5	1.44	4.59	0	1,184	23	0.56	5.5	21.2	0.0	0.0	18.30	31	1.2758	2.0648	450	452.55	967.50	
458397	42	466.7	424.2	326.8	424.5	229.5	1.75	4.59	0	1,049	20	0.56	5.5	21.2	0.0	0.0	14.79	31	1.2758	2.0648	450	452.85	965.94	
458955	42	467.3	423.8	326.6	423.5	229.5	2.12	4.59	0	895	19	0.31	5.5	21.2	0.0	0.0	15.75	31	1.2758	2.0648	450	453.13	961.02	
459462	42	467.7	423.8	326.6	423.5	229.5	1.94	4.59	0	942	18	0.31	5.5	21.2	0.0	0.0	16.24	31	1.2758	2.0648	450	453.44	958.67	
460035	42	468.1	423.5	326.3	423.5	229.5	1.94	4.59	0	955	18	0.31	5.5	21.2	0.0	0.0	17.18	31	1.2758	2.0648	450	453.65	956.64	
460536	42	468.5	422.8	326.1	422.5	229.5	1.94	4.59	0	984	16	0.31	5.5	21.2	0.0	0.0	16.69	31	1.2758	2.0648	450	453.83	956.09	
461048	42	468.8	422.8	326.0	422.5	229.5	2.12	4.59	0	965	13	0.31	5.5	21.2	0.0	0.0	17.23	31	1.2758	2.0648	450	454.14	955.47	
461554	42	469.0	422.2	325.8	421.8	229.5	2.12	4.59	0	920	11	0.31	5.5	21.2	0.0	0.0	18.16	31	1.2758	2.0648	450	454.35	955.08	
462067	42	469.2	421.8	325.6	421.8	229.5	2.12	4.59	0	959	7	0.31	5.5	21.2	0.0	0.0	21.09	31	1.2758	2.0648	450	454.63	955.39	
462685	42	469.4	421.5	325.5	421.8	229.8	1.94	4.59	0	953	5	0.31	5.5	21.2	0.0	0.0	16.08	31	1.2758	2.0648	450	454.84	955.23	
463189	42	469.6	421.2	325.3	421.5	229.5	2.12	4.59	0	843	2	0.31	5.5	21.2	0.0	0.0	20.98	31	1.2758	2.0648	455	455.03	954.53	
463755	42	469.7	421.2	325.2	421.2	229.2	2.12	4.59	0	880	0	0.56	5.5	21.2	0.0	0.0	19.90	31	1.2758	2.0648	455	455.33	955.08	
464259	42	469.8	420.5	325.0	420.5	229.5	1.94	4.59	0	844	0	0.31	5.5	21.2	0.0	0.0	20.98	31	1.2758	2.0648	455	455.55	954.53	
464816	42	469.9	420.2	324.8	420.5	229.2	2.12	4.59	0	868	0	0.56	5.5	21.2	0.0	0.0	20.06	31	1.2758	2.0648	455	455.64	955.08	
465347	42	470.0	420.2	324.8	419.8	228.8	2.12	4.59	0	859	0	0.56	5.5	21.2	0.0	0.0	19.57	31	1.2758	2.0648	455	455.85	954.77	
465919	42	470.0	419.8	324.8	419.8	229.2	2.12	4.59	0	850	0	0.31	5.5	21.2	0.0	0.0	20.48	31	1.2758	2.0648	455	456.13	954.61	
466444	42	470.0	419.8	324.3	419.5	229.2	1.94	4.59	0	845	0	0.56	5.5	21.2	0.0	0.0	19.92	31	1.2758	2.0648	455	456.25	954.53	
466948	42	470.0	419.5	324.5	419.2	228.8	1.94	4.59	0	828	0	0.31	5.5	21.2	0.0	0.0	20.51	31	1.2758	2.0648	455	456.44	954.53	
467487	42	470.0	419.2	324.1	419.2	228.8	1.94	4.59	0	816	0	0.31	5.5	21.2	0.0	0.0	22.20	31	1.2758	2.0648	455	456.65	953.52	
468015	42	469.9	419.2	324.0	418.8	228.5	2.12	4.59	0	795	0	0.56	5.5	21.2	0.0	0.0	27.73	31	1.2758	2.0648	455	456.83	954.77	
468527	42	469.9	419.2	323.8	418.8	228.5	2.12	4.59	0	794	0	0.56	5.5	21.2	0.0	0.0	28.34	31	1.2758	2.0648	455	457.05	955.55	
469087	42	469.8	418.8	323.8	418.8	228.5	2.12	4.59	0	817	0	0.56	5.5	21.2	0.0	0.0	27.52	31	1.2758	2.0648	455	457.23	956.64	
469659	42	469.7	418.5	323.8	418.2	228.5	2.12	4.59	0	817	0	0.56	5.5	21.2	0.0	0.0	26.34	31	1.2758	2.0648	455	457.44	957.42	
470200	42	469.6	418.5	323.5	418.5	228.5	2.12	4.59	0	834	0	0.56	5.5	21.2	0.0	0.0	24.30	31	1.2758	2.0648	455	457.63	957.27	
470719	42	469.5	418.2	323.3	418.5	228.2	2.12	4.59	0	822	0	0.56	5.5	21.2	0.0	0.0	23.20	31	1.2758	2.0648	455	457.84	956.80	
471316	42	469.4	418.5	323.3	418.5	228.5	2.12	4.59	0	816	0	0.31	5.5	21.2	0.0	0.0	22.34	31	1.2758	2.0648	455	458.03	956.25	
471823	42	469.2	418.5	323.2	418.5	227.8	2.12	4.59	0	802	0	0.31	5.5	21.2	0.0	0.0	21.59	31	1.2758	2.0648	455	458.15	955.55	
472326	42	469.1	418.2	323.2	418.2	228.2	1.94	4.59	0	788	0	0.31	5.5	21.2	0.0	0.0	21.84	31	1.2758	2.0648	455	458.33	954.92	
472876	42	468.9	418.2	322.8	418.2	228.2	1.94	4.59	0	791	0	0.31	5.5	21.2	0.0	0.0	22.12	31	1.2758	2.0648	455	458.55	954.69	
473392	42	468.8	417.8	322.8	417.8	227.8	1.94	4.59	0	795	0	0.31	5.5	21.2	0.0	0.0	22.41	31	1.2758	2.0648	455	458.73	954.61	
473909	42	468.6	417.8	322.8	417.8	227.8	1.94	4.59	0	795	0	0.31	5.5	21.2	0.0	0.0	22.22	31	1.2758	2.0648	455	458.85	954.53	
474427	42	468.5	417.8	322.8	417.8	227.5	2.12	4.59	0	810	0	0.31	5.5	21.2	0.0	0.0	37.43	31	1.2758	2.0648	455	459.04	953.28	
474974	42	468.3	417.8	322.8	417.5	227.8	2.12	4.59	0	1,026	0	0.81	5.5	21.2	0.0	0.0	26.72	31	1.2758	2.0648	455	459.25	957.03	
475479	42	468.1	417.5	322.5	417.8	227.5	2.12	4.59	0	1,004	2	0.56	5.5	21.2	0.0	0.0	29.18	31	1.2758	2.0648	455	459.44	958.91	
475981	42	467.9	417.8	322.5	417.8	227.5	2.12	4.59	0	932	2	0.81	5.5	21.2	0.0	0.0	20.09	31	1.2758	2.0648	455	459.65	959.84	
476510	42	467.7	417.8	322.6	417.8	227.5	1.94	4.59	0	886	1	0.56	5.5	21.2	0.0	0.0	15.42	31	1.2758	2.0648	455	459.74	957.66	
477032	41	467.5	417.5	322.6	417.8	227.8	2.12	4.59	0	801	0	0.31	5.5	21.2	0.0	0.0	17.95	31	1.2758	2.0648	460	459.93	955.94	
477580	41	467.3	417.8	322.8	418.2	227.5	1.94	4.59	0	782	0	0.31	5.5	21.2	0.0	0.0	19.57	31	1.2758	2.0648	460	460.14	954.92	
478082	41	467.1	417.8	322.5	417.8	227.5	1.94	4.59	0	799	0	0.31	5.5	21.2	0.0	0.0	19.71	31	1.2758	2.0648	460	460.23	954.53	
478588	41	466.9	417.8	322.5	418.2	227.2	1.94	4.59	0	804	0	0.31	5.5	21.2	0.0	0.0	19.43	31	1.2758	2.0648	460	460.44	954.53	
479114	41	466.7	418.2	322.8	417.8	227.2	1.94	4.59	0	788	0	0.31	5.5	21.2	0.0	0.0	19.45	31	1.2758	2.0648	460	460.54	954.61	
479740	41	466.5	417.8	322.7	417.8	227.5	1.94	4.59	0	797	0	0.31	5.5	21.2	0.0	0.0	19.43	31	1.2758	2.0648	460	460.75	954.53	
480290	41	466.3	417.8	322.8	417.8	227.5	1.94	4.59	0	793	0	0.31	5.5	21.2	0.0	0.0	19.10	31	1.2758	2.0648	460	460.84	954.22	
480859	42	466.1	417.5	322.1	417.8	227.5	1.94	4.59	0	798	0	0.31	5.5	21.2	0.0	0.0	19.17	31	1.2758	2.0648	460	461.03	954.22	
481369	42	465.9	417.8	322.3	417.8	227.2	1.94	4.59	0	802	0	0.31	5.5	21.2	0.0	0.0	19.34	31	1.2758	2.0648	460	461.15	954.06	
481894	42	465.7	417.5	322.3	417.8	227.5	1.94	4.59	0	805	0	0.31	5.5	21.2	0.0	0.0	19.41	31	1.2758	2.0648	460	461.24	954.14	
482405	42	465.5	417.8	322.5	417.5	227.2	1.94	4.59	0	803	0	0.31	5.5	21.2	0.0	0.0	19.48	31	1.2758	2.0648	460	461.33	953.91	
482953	42	465.3	417.8	322.6	417.8	227.2	1.94	4.59	0	807	0	0.31	5.5	21.2	0.0	0.0	19.17	31	1.2758	2.0648	460	461.43	954.14	
483521	42	465.1	417.5	322.3	417.5	227.5	1.94	4.59	0	814	0	0.31	5.5	21.2	0.0	0.0	35.32	31	1.2758	2.0648	460	461.64	952.11	
484060	42	464.9	417.2	322.5	417.2	227.2	2.25	4.59	0	995	0	1.12	5.5	21.2	0.0	0.0	29.60	31	1.2758	2.0648	460	461.73	957.66	
484595	42	464.6	417.2	322.3	417.5	227.2	2.12	4.59	0	1,031	0	0.81	5.5	21.2	0.0	0.0	30.12	31	1.2758	2.0648	460	461.85	957.66	
485115	42	464.3	417.2	322.2	417.5	227.5	2.12	4.59	0	1,132	1	1.12	5.5	21.2	0.0	0.0	32.91	31	1.2758	2.0648	460	462.04	958.91	
485635	42	464.1	417.2	322.2	417.5	227.2	2.12	4.59	0	1,119	3	1.12	5.5	21.2	0.0	0.0	37.48	31	1.2758	2.0648	460	462.13	960.62	
486181	42	463.7	417.5	322.5	417.5	227.5	2.44	4.59	0	1,191	6	1.94	5.5	21.2	0.0	0.0	41.48	31	1.2758	2.0648	460	462.34	968.59	
486701	42	463.3	417.5	322.3	417.5	227.5	2.25	4.59	0	1,330	8	2.44	5.5	21.2	0.0	0.0	40.85	31	1.2758	2.0648	460	462.44	977.50	
487288	42	462.9	418.2	322.7	418.2	227.5	2.44	4.59	0	1,446	11	2.44	5.5	21.2	0.0	0.0	28.59	31	1.2758	2.0648	460	462.65	984.92	
487928	42	462.4	418.2	322.8	418.5	227.8	1.94	4.59	0	1,274	12	1.12	5.5	21.2	0.0	0.0	21.33	31	1.2758	2.0648	460	462.83	973.98	
488448	42	461.9	418.8	323.3	419.2	227.5	1.75	4.59	0	1,273	13	1.12	5.5	21.2	0.0	0.0	20.70	31	1.2758	2.0648	460	462.93	965.39	
489017	42	461.5	419.5	323.6	419.5	227.5	2.12	4.59	0	1,280	14	1.38	5.5	21.2	0.0	0.0	25.76	31	1.2758	2.0648	460	463.14	964.30	
489519	42	461.1	420.5	324.0	420.5	227.5	1.94	4.59	0	1,376	14	1.38	5.5	21.2	0.0	0.0	17.48	31	1.2758	2.0648	460	463.23	960.23	
490038	41	460.8	421.2	324.3	421.2	228.2	1.56	4.59	0	1,316	15	1.12	5.5	21.2	0.0	0.0	15.47	31	1.2758	2.0648	460	463.44	958.20	
490587	41	460.4	421.5	324.8	421.5	227.8	1.94	4.59	0	1,134	15	0.56	5.5	21.2	0.0	0.0	14.11	31	1.2758	2.0648	460	463.54	956.33	
491107	41	460.1	422.2	325.2	422.2	228.2	1.94	4.59	0	1,043	15	0.31	5.5	21.2	0.0	0.0	13.43	31	1.2758	2.0648	460	463.63	955.39	
491668	41	459.8	422.8	325.3	422.5	228.5	1.94	4.59	0	1,076	14	0.31	5.5	21.2	0.0	0.0	12.66	31	1.2758	2.0648	460	463.75	956.25	
492219	41	459.5	422.8	325.5	423.2	228.2	1.94	4.59	0	1,036	13	0.31	5.5	21.2	0.0	0.0	12.94	31	1.2758	2.0648	460	463.84	955.62	
492753	41	459.2	423.2	325.8	423.5	228.5	1.94	4.59	0	945	12	0.31	5.5	21.2	0.0	0.0	13.27	31	1.2758	2.0648	460	463.84	954.84	
493286	41	459.0	423.8	326.3	423.8	228.5	1.94	4.59	0	877	12	0.31	5.5	21.2	0.0	0.0	15.38	31	1.2758	2.0648	460	463.94	954.69	
493810	41	458.8	424.2	326.3	424.2	228.2	2.12	4.59	0	871	10	0.31	5.5	21.2	0.0	0.0	22.71	31	1.2758	2.0648	460	464.03	953.83	
494330	42	458.5	423.8	326.1	424.2	228.8	2.12	4.59	0	936	9	0.56	5.5	21.2	0.0	0.0	22.48	31	1.2758	2.0648	460	464.15	955.31	
494901	42	458.3	424.5	326.5	424.8	228.5	1.94	4.59	0	927	7	0.56	5.5	21.2	0.0	0.0	18.87	31	1.2758	2.0648	460	464.15	955.78	
495425	42	458.0	424.2	326.6	424.5	228.8	1.94	4.59	0	837	5	0.31	5.5	21.2	0.0	0.0	21.02	31	1.2758	2.0648	460	464.24	954.77	
495956	42	457.8	424.5	327.1	424.5	228.8	2.12	4.59	0	821	3	0.31	5.5	21.2	0.0	0.0	23.67	31	1.2758	2.0648	460	464.24	955.16	
496638	42	457.6	424.8	326.8	424.8	229.2	2.12	4.59	0	845	1	0.56	5.5	21.2	0.0	0.0	22.15	31	1.2758	2.0648	460	464.33	955.39	
497144	42	457.3	424.5	327.0	424.5	229.2	2.12	4.59	0	841	0	0.31	5.5	21.2	0.0	0.0	22.36	31	1.2758	2.0648	460	464.33	955.23	
497665	42	457.1	424.8	326.8	424.8	229.5	2.12	4.59	0	823	0	0.56	5.5	21.2	0.0	0.0	24.49	31	1.2758	2.0648	460	464.43	955.39	
498180	42	456.9	425.2	327.0	425.2	229.2	1.94	4.59	0	861	0	0.56	5.5	21.2	0.0	0.0	15.89	31	1.2758	2.0648	460	464.43	955.78	
498715	42	456.7	425.2	327.2	425.2	229.5	1.94	4.59	0	782	0	0.31	5.5	21.2	0.0	0.0	18.21	31	1.2758	2.0648	460	464.55	954.92	
499247	42	456.5	425.2	327.5	425.2	228.8	1.94	4.59	0	766	0	0.31	5.5	21.2	0.0	0.0	19.76	31	1.2758	2.0648	460	464.55	954.69	
499811	42	456.2	425.2	327.3	425.2	229.2	1.94	4.59	0	788	0	0.31	5.5	21.2	0.0	0.0	19.99	31	1.2758	2.0648	460	464.55	954.53	
500391	42	456.0	425.2	327.2	425.2	229.5	1.94	4.59	0	802	0	0.31	5.5	21.2	0.0	0.0	19.45	31	1.2758	2.0648	460	464.55	954.61	
500973	42	455.8	424.8	327.3	424.8	229.2	1.94	4.59	0	803	0	0.31	5.5	21.2	0.0	0.0	19.24	31	1.2758	2.0648	460	464.64	954.53	
501498	42	455.6	425.2	327.6	425.2	229.5	1.94	4.59	0	798	0	0.31	5.5	21.2	0.0	0.0	19.22	31	1.2758	2.0648	460	464.64	954.53	
502013	42	455.4	424.8	327.2	425.2	229.2	2.12	4.59	0	796	0	0.31	5.5	21.2	0.0	0.0	19.03	31	1.2758	2.0648	460	464.64	954.30	
502530	42	455.2	425.2	327.3	425.2	229.2	1.94	4.59	0	796	0	0.31	5.5	21.2	0.0	0.0	19.27	31	1.2758	2.0648	460	464.64	954.30	
503051	42	455.0	424.8	327.3	424.8	229.5	1.94	4.59	0	792	0	0.31	5.5	21.2	0.0	0.0	19.20	31	1.2758	2.0648	460	464.64	954.22	
503564	42	454.8	424.8	327.3	424.8	229.2	2.12	4.59	0	792	0	0.31	5.5	21.2	0.0	0.0	19.45	31	1.2758	2.0648	460	464.64	954.38	
504099	42	454.6	424.8	327.0	424.8	229.5	1.94	4.59	0	797	0	0.31	5.5	21.2	0.0	0.0	19.27	31	1.2758	2.0648	460	464.64	954.45	
504634	42	454.4	425.2	327.1	424.8	229.5	1.94	4.59	0	803	0	0.31	5.5	21.2	0.0	0.0	19.05	31	1.2758	2.0648	460	464.64	954.14	
505249	42	454.2	424.8	327.1	424.8	229.5	1.94	4.59	0	797	0	0.31	5.5	21.2	0.0	0.0	19.10	31	1.2758	2.0648	460	464.64	954.14	
505816	42	454.0	424.5	327.1	424.8	229.5	1.94	4.59	0	800	0	0.31	5.5	21.2	0.0	0.0	19.34	31	1.2758	2.0648	460	464.64	954.14	
506322	42	453.8	424.5	326.8	424.5	229.2	1.94	4.59	0	799	0	0.31	5.5	21.2	0.0	0.0	19.10	31	1.2758	2.0648	460	464.64	953.98	
506875	42	453.6	424.5	327.0	424.8	229.5	1.94	4.59	0	798	0	0.31	5.5	21.2	0.0	0.0	19.10	31	1.2758	2.0648	460	464.64	954.38	
507421	42	453.4	424.5	327.1	424.5	229.2	1.94	4.59	0	795	0	0.31	5.5	21.2	0.0	0.0	19.20	31	1.2758	2.0648	460	464.64	954.22	
507942	42	453.2	424.5	327.0	424.5	229.8	1.94	4.59	0	794	0	0.31	5.5	21.2	0.0	0.0	19.36	31	1.2758	2.0648	460	464.64	954.06	
508467	42	453.0	424.5	326.8	424.2	229.5	1.94	4.59	0	799	0	0.31	5.5	21.2	0.0	0.0	19.24	31	1.2758	2.0648	460	464.64	954.14	
508995	42	452.8	424.5	326.8	424.5	229.5	1.94	4.59	0	793	0	0.31	5.5	21.2	0.0	0.0	19.31	31	1.2758	2.0648	460	464.64	954.22	
509573	42	452.6	424.2	327.1	424.5	229.5	1.94	4.59	0	797	0	0.31	5.5	21.2	0.0	0.0	19.22	31	1.2758	2.0648	460	464.64	954.06	
510076	42	452.4	423.8	326.8	424.2	229.8	1.94	4.59	0	798	0	0.31	5.5	21.2	0.0	0.0	19.15	31	1.2758	2.0648	460	464.64	954.06	
510656	42	452.2	424.2	326.6	423.8	229.2	1.94	4.59	0	792	0	0.31	5.5	21.2	0.0	0.0	19.50	31	1.2758	2.0648	460	464.55	954.53	
511209	42	452.0	424.2	326.8	423.8	229.5	1.94	4.59	0	804	0	0.31	5.5	21.2	0.0	0.0	19.50	31	1.2758	2.0648	460	464.55	953.98	
511741	42	451.8	423.8	327.0	424.2	229.8	1.94	4.59	0	795	0	0.31	5.5	21.2	0.0	0.0	19.01	31	1.2758	2.0648	460	464.55	954.06	
512254	42	451.6	423.8	327.0	423.8	229.8	1.94	4.59	0	797	0	0.31	5.5	21.2	0.0	0.0	19.08	31	1.2758	2.0648	460	464.55	953.98	
512776	42	451.4	423.8	326.8	423.8	230.2	1.94	4.59	0	803	0	0.31	5.5	21.2	0.0	0.0	19.45	31	1.2758	2.0648	460	464.43	954.14	
513391	42	451.2	423.8	327.0	423.5	229.8	1.94	4.59	0	797	0	0.31	5.5	21.2	0.0	0.0	19.20	31	1.2758	2.0648	460	464.43	954.22	
513886	42	451.0	423.8	326.8	423.8	230.2	1.94	4.59	0	799	0	0.31	5.5	21.2	0.0	0.0	19.55	31	1.2758	2.0648	460	464.43	954.45	
514384	42	450.8	423.5	327.0	423.8	230.2	1.94	4.59	0	788	0	0.31	5.5	21.2	0.0	0.0	19.24	31	1.2758	2.0648	460	464.43	954.45	
514907	42	450.6	423.8	326.8	423.8	229.5	1.94	4.59	0	803	0	0.31	5.5	21.2	0.0	0.0	19.66	31	1.2758	2.0648	460	464.33	954.53	
515477	42	450.4	423.5	327.0	423.8	230.2	1.94	4.59	0	804	0	0.31	5.5	21.2	0.0	0.0	18.87	31	1.2758	2.0648	460	464.33	954.53	
516052	42	450.1	424.2	327.0	423.8	230.2	1.94	4.59	0	796	0	0.31	5.5	21.2	0.0	0.0	19.12	31	1.2758	2.0648	460	464.33	954.45	
516580	42	449.9	423.8	327.0	423.8	230.2	1.94	4.59	0	791	0	0.31	5.5	21.2	0.0	0.0	19.22	31	1.2758	2.0648	460	464.24	954.22	
517126	42	449.7	423.8	327.0	423.5	230.2	1.94	4.59	0	792	0	0.31	5.5	21.2	0.0	0.0	19.45	31	1.2758	2.0648	460	464.24	954.22	
517628	42	449.5	423.8	327.0	424.2	230.5	1.94	4.59	0	804	0	0.31	5.5	21.2	0.0	0.0	19.41	31	1.2758	2.0648	460	464.24	954.61	
518159	42	449.3	423.8	327.3	423.8	230.5	1.94	4.59	0	798	0	0.31	5.5	21.2	0.0	0.0	19.59	31	1.2758	2.0648	460	464.15	954.53	
518749	42	449.1	423.5	327.1	423.8	230.5	1.94	4.59	0	803	0	0.31	5.5	21.2	0.0	0.0	19.34	31	1.2758	2.0648	460	464.15	954.38	
519277	42	448.8	423.8	327.3	423.8	230.5	1.94	4.59	0	800	0	0.31	5.5	21.2	0.0	0.0	19.08	31	1.2758	2.0648	460	464.15	954.14	
519836	42	448.6	423.8	327.3	423.5	231.2	1.94	4.59	0	796	0	0.31	5.5	21.2	0.0	0.0	19.29	31	1.2758	2.0648	460	464.03	954.14	
520346	42	448.4	423.5	327.1	423.8	230.5	1.94	4.59	0	799	0	0.31	5.5	21.2	0.0	0.0	19.64	31	1.2758	2.0648	460	464.03	954.14	
520861	42	448.2	423.8	327.5	423.5	230.5	1.94	4.59	0	803	0	0.31	5.5	21.2	0.0	0.0	19.66	31	1.2758	2.0648	460	463.94	954.45	
521390	42	448.0	423.5	327.1	423.8	230.2	1.94	4.59	0	793	0	0.31	5.5	21.2	0.0	0.0	19.27	31	1.2758	2.0648	460	463.94	954.38	
522082	42	447.7	423.8	327.5	423.8	231.5	1.94	4.59	0	801	0	0.31	5.5	21.2	0.0	0.0	19.29	31	1.2758	2.0648	460	463.84	954.22	
522584	42	447.5	423.5	327.1	423.8	230.8	1.94	4.59	0	798	0	0.31	5.5	21.2	0.0	0.0	19.55	31	1.2758	2.0648	460	463.84	954.53	
523088	42	447.3	423.8	327.3	423.8	231.2	1.94	4.59	0	799	0	0.31	5.5	21.2	0.0	0.0	19.71	31	1.2758	2.0648	460	463.75	954.61	
523597	42	447.1	424.2	327.3	424.2	230.8	1.94	4.59	0	798	0	0.31	5.5	21.2	0.0	0.0	19.57	31	1.2758	2.0648	460	463.75	954.53	
524112	42	446.8	424.2	327.7	424.5	231.2	1.94	4.59	0	792	0	0.31	5.5	21.2	0.0	0.0	19.36	31	1.2758	2.0648	460	463.63	954.38	
524619	42	446.6	424.2	327.7	424.2	230.8	1.94	4.59	0	799	0	0.31	5.5	21.2	0.0	0.0	19.57	31	1.2758	2.0648	460	463.63	954.38	
525142	42	446.4	423.8	327.5	423.8	231.2	1.94	4.59	0	800	0	0.31	5.5	21.2	0.0	0.0	19.31	31	1.2758	2.0648	460	463.54	954.38	
525675	42	446.2	424.2	327.7	424.2	230.8	1.94	4.59	0	790	0	0.31	5.5	21.2	0.0	0.0	19.01	31	1.2758	2.0648	460	463.54	954.22	
526189	42	446.0	424.5	327.7	424.2	231.2	2.12	4.59	0	795	0	0.31	5.5	21.2	0.0	0.0	19.69	31	1.2758	2.0648	460	463.44	954.30	
526697	42	445.7	423.8	327.7	424.2	231.2	1.94	4.59	0	805	0	0.31	5.5	21.2	0.0	0.0	19.52	31	1.2758	2.0648	460	463.44	954.22	
527213	42	445.5	424.5	328.0	424.8	231.5	1.94	4.59	0	807	0	0.31	5.5	21.2	0.0	0.0	19.36	31	1.2758	2.0648	460	463.35	954.30	
527782	42	445.3	424.2	327.7	424.5	231.5	1.94	4.59	0	793	0	0.31	5.5	21.2	0.0	0.0	19.15	31	1.2758	2.0648	460	463.35	954.45	
528315	42	445.0	424.2	328.0	424.5	231.8	1.94	4.59	0	800	0	0.31	5.5	21.2	0.0	0.0	19.62	31	1.2758	2.0648	460	463.23	954.14	
528852	42	444.8	424.5	328.0	424.5	231.5	1.94	4.59	0	794	0	0.31	5.5	21.2	0.0	0.0	19.24	31	1.2758	2.0648	460	463.14	954.06	
529365	42	444.6	424.5	328.1	424.5	231.5	1.94	4.59	0	803	0	0.31	5.5	21.2	0.0	0.0	19.48	31	1.2758	2.0648	460	463.14	954.38	
529881	42	444.4	424.5	328.0	424.5	231.5	1.94	4.59	0	795	0	0.31	5.5	21.2	0.0	0.0	19.41	31	1.2758	2.0648	460	463.05	954.30	
530510	42	444.1	424.8	328.5	424.5	231.8	1.94	4.59	0	801	0	0.31	5.5	21.2	0.0	0.0	19.36	31	1.2758	2.0648	460	462.93	954.53	
531058	42	443.9	424.8	328.1	424.5	232.2	1.94	4.59	0	799	0	0.31	5.5	21.2	0.0	0.0	19.62	31	1.2758	2.0648	460	462.93	954.53	
531581	42	443.6	424.8	328.3	424.5	231.8	1.94	4.59	0	799	0	0.31	5.5	21.2	0.0	0.0	21.63	31	1.2758	2.0648	460	462.83	953.52	
532135	42	443.4	425.2	328.5	425.2	231.8	2.12	4.59	0	887	0	0.56	5.5	21.2	0.0	0.0	23.55	31	1.2758	2.0648	460	462.83	954.69	
532659	43	443.1	424.8	328.7	425.2	232.2	2.12	4.59	0	856	0	0.56	5.5	21.2	0.0	0.0	27.38	31	1.2758	2.0648	460	462.74	955.55	
533228	43	442.8	425.2	328.8	425.2	232.2	2.12	4.59	0	858	0	0.56	5.5	21.2	0.0	0.0	27.07	31	1.2758	2.0648	460	462.65	956.09	
533743	43	442.5	425.5	328.6	425.5	232.5	2.44	4.59	0	1,009	0	1.12	5.5	21.2	0.0	0.0	39.52	31	1.2758	2.0648	460	462.53	956.09	
534284	43	442.2	425.5	328.6	425.5	232.2	2.25	4.59	0	1,247	2	2.44	5.5	21.2	0.0	0.0	42.61	31	1.2758	2.0648	460	462.44	970.62	
534809	43	441.8	425.8	328.8	425.8	232.5	2.25	4.59	0	1,244	5	2.19	5.5	21.2	0.0	0.0	43.17	31	1.2758	2.0648	460	462.34	981.25	
535342	43	441.3	426.2	329.1	426.2	232.2	2.25	4.59	0	1,342	8	3.00	5.5	21.2	0.0	0.0	47.67	31	1.2758	2.0648	460	462.25	988.52	
535869	43	440.7	426.5	329.5	426.8	232.2	3.12	4.59	0	1,569	11	4.06	5.5	21.2	0.0	0.0	53.48	31	1.2758	2.0648	460	462.04	1,020.62	
536450	43	440.1	427.5	330.0	427.5	232.5	3.69	4.59	0	1,625	14	5.12	5.5	21.2	0.0	0.0	59.32	31	1.2758	2.0648	460	461.85	1,059.38	
537015	43	439.3	428.5	330.5	428.5	232.8	3.12	4.59	0	1,496	17	5.94	5.5	21.2	0.0	0.0	60.28	31	1.2758	2.0648	460	461.64	1,089.30	
537590	43	438.7	429.5	331.3	429.5	233.2	3.50	4.59	0	1,555	19	5.69	5.5	21.2	0.0	0.0	54.96	31	1.2758	2.0648	460	461.24	1,099.61	
538122	43	438.1	430.8	331.8	431.5	233.2	4.38	4.59	0	1,773	22	5.44	5.5	21.2	0.0	0.0	59.84	31	1.2758	2.0648	460	460.94	1,059.84	
538734	43	437.6	432.5	332.6	432.5	233.5	5.56	4.59	0	1,933	25	7.31	5.5	21.2	0.0	0.0	64.17	31	1.2758	2.0648	460	460.54	1,052.34	
539289	43	437.3	434.5	333.8	434.5	233.5	6.12	4.59	0	2,126	28	11.06	5.5	21.2	0.0	0.0	69.87	31	1.2758	2.0648	460	459.93	1,081.56	
539799	43	437.3	436.5	335.1	436.8	233.8	5.25	4.59	0	1,633	30	9.75	5.5	21.2	0.0	0.0	66.45	31	1.2758	2.0648	455	459.44	1,051.64	
540368	43	437.7	439.2	336.7	439.5	233.5	5.25	4.59	0	1,684	33	8.12	5.5	21.2	0.0	0.0	67.83	31	1.2758	2.0648	455	458.94	1,066.64	
540892	43	438.3	441.5	337.7	441.5	234.2	6.12	4.59	0	1,761	35	8.12	5.5	21.2	0.0	0.0	63.70	31	1.2758	2.0648	455	458.43	1,089.38	
541426	43	439.3	443.8	339.0	444.2	234.5	2.62	4.59	0	1,788	36	2.75	5.5	21.2	0.0	0.0	20.04	31	1.2758	2.0648	455	458.03	1,021.64	
542006	42	440.2	446.5	340.5	446.5	234.8	1.25	4.59	0	1,586	36	1.12	5.5	21.2	0.0	0.0	18.35	31	1.2758	2.0648	455	457.75	981.41	
542530	42	441.1	449.2	341.5	449.2	234.8	1.06	4.59	0	1,368	35	0.81	5.5	21.2	0.0	0.0	17.88	31	1.2758	2.0648	455	457.54	970.70	
543060	42	441.9	451.2	342.8	451.2	234.8	1.06	4.59	0	1,314	35	0.81	5.5	21.2	0.0	0.0	17.53	31	1.2758	2.0648	455	457.35	966.72	
543591	42	442.7	453.5	344.2	453.5	235.2	1.06	4.59	0	1,230	35	0.81	5.5	21.2	0.0	0.0	17.81	31	1.2758	2.0648	455	457.14	969.30	
544103	42	443.6	454.8	345.1	454.8	235.5	1.75	4.59	0	1,382	34	1.12	5.5	21.2	0.0	0.0	34.85	31	1.2758	2.0648	455	456.93	959.38	
544663	42	444.6	456.2	345.8	456.2	235.8	3.00	4.59	0	1,323	35	4.31	5.5	21.2	0.0	0.0	64.85	31	1.2758	2.0648	455	456.74	985.94	
545182	43	445.7	457.5	346.6	457.5	236.2	3.31	4.59	0	1,327	37	6.75	5.5	21.2	0.0	0.0	75.33	31	1.2758	2.0648	455	456.65	1,064.61	
545716	43	447.2	458.5	347.3	458.8	236.2	3.50	4.59	0	1,346	39	8.69	5.5	21.2	0.0	0.0	78.91	31	1.2758	2.0648	455	456.44	1,106.80	
546247	43	449.0	459.8	348.0	459.5	236.5	3.69	4.59	0	1,395	41	9.75	5.5	21.2	0.0	0.0	78.89	31	1.2758	2.0648	455	456.34	1,117.50	
546769	43	451.5	460.8	348.6	460.8	236.8	3.81	4.59	0	1,480	43	10.25	5.5	21.2	0.0	0.0	49.90	31	1.2758	2.0648	455	456.34	1,069.61	
547395	43	453.9	462.2	349.5	462.5	236.8	1.75	4.59	0	1,476	43	1.94	5.5	21.2	0.0	0.0	18.49	31	1.2758	2.0648	455	456.44	993.05	
547897	42	455.6	464.2	350.1	463.8	237.2	1.56	4.59	0	1,470	44	1.12	5.5	21.2	0.0	0.0	11.95	31	1.2758	2.0648	455	456.44	970.86	
548402	42	457.2	464.8	351.5	465.2	237.5	1.06	4.59	0	1,440	44	0.81	5.5	21.2	0.0	0.0	17.55	31	1.2758	2.0648	455	456.53	966.25	
548958	42	458.7	466.8	352.0	466.5	237.8	1.06	4.59	0	1,231	44	0.56	5.5	21.2	0.0	0.0	17.44	31	1.2758	2.0648	455	456.65	964.30	
549474	42	459.9	467.5	352.6	467.5	237.8	1.44	4.59	0	1,126	43	0.56	5.5	21.2	0.0	0.0	16.59	31	1.2758	2.0648	455	456.74	968.52	
550007	42	461.2	468.2	353.1	468.8	238.2	1.75	4.59	0	1,277	42	1.12	5.5	21.2	0.0	0.0	11.98	31	1.2758	2.0648	455	456.83	965.39	
550523	42	462.3	469.2	353.7	469.5	238.5	1.75	4.59	0	1,372	40	0.56	5.5	21.2	0.0	0.0	15.16	31	1.2758	2.0648	455	456.93	963.59	
551034	42	463.3	469.5	354.0	469.8	238.5	1.06	4.59	0	1,310	38	0.81	5.5	21.2	0.0	0.0	17.25	31	1.2758	2.0648	455	457.05	966.80	
551572	43	464.4	469.8	354.3	469.8	239.2	1.06	4.59	0	1,210	35	0.56	5.5	21.2	0.0	0.0	17.53	31	1.2758	2.0648	455	457.23	967.81	
552120	43	465.4	470.2	354.7	470.2	239.2	1.44	4.59	0	1,122	32	0.56	5.5	21.2	0.0	0.0	17.25	31	1.2758	2.0648	455	457.35	968.36	
552663	43	466.5	470.2	354.5	470.2	239.2	1.06	4.59	0	1,300	31	0.81	5.5	21.2	0.0	0.0	17.41	31	1.2758	2.0648	455	457.54	969.14	
553224	43	467.5	469.8	354.8	470.2	239.5	1.06	4.59	0	1,394	31	1.12	5.5	21.2	0.0	0.0	17.79	31	1.2758	2.0648	455	457.75	970.94	
553787	43	468.5	470.2	354.6	469.8	239.5	1.25	4.59	0	1,537	31	0.81	5.5	21.2	0.0	0.0	18.19	31	1.2758	2.0648	455	457.94	972.97	
554341	43	469.5	469.5	354.3	469.5	239.8	1.25	4.59	0	1,486	30	1.12	5.5	21.2	0.0	0.0	18.28	31	1.2758	2.0648	455	458.15	974.06	
554877	43	470.5	469.2	354.3	469.2	239.8	1.06	4.59	0	1,403	28	1.12	5.5	21.2	0.0	0.0	18.42	31	1.2758	2.0648	455	458.33	973.67	
555429	43	471.5	468.8	354.1	468.8	240.2	1.06	4.59	0	1,357	27	1.12	5.5	21.2	0.0	0.0	18.28	31	1.2758	2.0648	455	458.55	973.05	
556022	43	472.4	468.2	354.2	467.8	240.2	1.06	4.59	0	1,355	27	0.81	5.5	21.2	0.0	0.0	18.38	31	1.2758	2.0648	455	458.73	972.81	
556530	43	473.3	467.5	354.1	467.5	240.2	1.06	4.59	0	1,345	27	1.12	5.5	21.2	0.0	0.0	18.68	31	1.2758	2.0648	455	458.94	973.05	
557073	43	474.3	467.5	354.0	467.5	240.5	1.06	4.59	0	1,335	27	1.12	5.5	21.2	0.0	0.0	18.40	31	1.2758	2.0648	455	459.25	972.73	
557592	43	475.1	466.8	353.6	466.5	240.5	0.88	4.59	0	1,319	26	0.81	5.5	21.2	0.0	0.0	18.56	31	1.2758	2.0648	455	459.44	972.81	
558102	44	475.9	466.2	353.3	466.2	240.8	1.06	4.59	0	1,261	25	0.81	5.5	21.2	0.0	0.0	18.68	31	1.2758	2.0648	455	459.65	972.03	
558651	44	476.7	465.5	353.3	465.5	240.8	1.25	4.59	0	1,201	24	0.56	5.5	21.2	0.0	0.0	18.80	31	1.2758	2.0648	455	459.83	971.02	
559264	44	477.5	464.8	353.0	464.5	240.8	1.56	4.59	0	1,067	22	0.31	5.5	21.2	0.0	0.0	18.59	31	1.2758	2.0648	460	460.14	968.98	
559800	44	478.2	464.2	352.3	464.2	240.8	3.00	4.59	0	868	21	0.56	5.5	21.2	0.0	0.0	14.72	31	1.2758	2.0648	460	460.35	964.92	
560359	44	478.9	463.2	351.8	463.5	240.8	1.94	4.59	0	932	22	0.31	5.5	21.2	0.0	0.0	16.03	31	1.2758	2.0648	460	460.54	961.33	
560930	44	479.6	462.5	352.0	462.5	241.2	1.94	4.59	0	970	22	0.31	5.5	21.2	0.0	0.0	14.02	31	1.2758	2.0648	460	460.75	958.75	
561464	44	480.1	462.2	351.7	462.2	241.5	2.12	4.59	0	1,020	22	0.31	5.5	21.2	0.0	0.0	14.72	31	1.2758	2.0648	460	460.94	957.97	
562042	44	480.7	461.2	351.3	461.2	241.2	1.75	4.59	0	1,107	22	0.56	5.5	21.2	0.0	0.0	12.75	31	1.2758	2.0648	460	461.15	957.03	
562602	44	481.2	460.5	350.8	460.5	241.5	0.56	4.59	0	1,261	21	0.56	5.5	21.2	0.0	0.0	12.52	31	1.2758	2.0648	460	461.33	957.03	
563124	44	481.6	459.8	350.7	459.8	241.5	1.75	4.59	0	1,383	21	0.81	5.5	21.2	0.0	0.0	12.26	31	1.2758	2.0648	460	461.55	957.27	
563683	44	482.0	459.2	350.3	459.2	241.5	2.12	4.59	0	1,359	21	0.56	5.5	21.2	0.0	0.0	18.80	31	1.2758	2.0648	460	461.73	961.09	
564182	44	482.4	458.8	350.3	458.8	241.5	-0.06	4.59	0	1,493	21	0.56	5.5	21.2	0.0	0.0	14.86	31	1.2758	2.0648	460	461.94	960.55	
564801	44	482.9	458.2	349.8	458.2	241.2	2.62	4.59	0	1,706	21	1.38	5.5	21.2	0.0	0.0	30.02	31	1.2758	2.0648	460	462.25	959.38	
565296	44	483.4	457.8	349.6	457.5	241.5	2.62	4.59	0	1,782	23	1.94	5.5	21.2	0.0	0.0	32.37	31	1.2758	2.0648	460	462.53	972.89	
565813	44	483.9	456.8	349.1	457.2	241.5	2.81	4.59	0	1,867	24	2.19	5.5	21.2	0.0	0.0	32.62	31	1.2758	2.0648	460	462.83	986.25	
566362	44	484.3	456.5	349.0	456.5	241.8	3.81	4.59	0	2,031	26	4.06	5.5	21.2	0.0	0.0	45.28	31	1.2758	2.0648	460	463.23	970.94	
566916	44	484.8	456.5	349.3	456.5	241.5	2.81	4.59	0	1,574	28	5.94	5.5	21.2	0.0	0.0	52.92	31	1.2758	2.0648	460	463.75	994.84	
567445	44	485.1	456.5	349.1	456.5	241.8	3.50	4.59	0	1,557	30	5.44	5.5	21.2	0.0	0.0	56.13	31	1.2758	2.0648	460	464.24	1,052.03	
567946	44	485.4	457.2	349.3	457.2	241.8	2.44	4.59	0	1,566	32	3.00	5.5	21.2	0.0	0.0	35.46	31	1.2758	2.0648	460	464.73	1,042.89	
568466	43	485.7	457.5	349.5	457.5	241.8	1.94	4.59	0	1,549	33	1.12	5.5	21.2	0.0	0.0	12.82	31	1.2758	2.0648	465	465.25	986.41	
568989	43	485.9	458.5	350.0	458.5	242.2	2.25	4.59	0	1,304	33	1.62	5.5	21.2	0.0	0.0	12.40	31	1.2758	2.0648	465	465.65	970.39	
569493	43	486.2	459.2	350.7	459.2	242.2	1.75	4.59	0	1,436	33	0.81	5.5	21.2	0.0	0.0	11.74	31	1.2758	2.0648	465	466.05	963.44	
570051	43	486.4	459.8	350.8	459.8	241.8	1.25	4.59	0	1,214	33	0.56	5.5	21.2	0.0	0.0	17.70	31	1.2758	2.0648	465	466.44	963.44	
570607	43	486.7	460.2	351.2	460.2	242.2	1.44	4.59	0	1,107	30	0.56	5.5	21.2	0.0	0.0	17.18	31	1.2758	2.0648	465	466.84	967.42	
571219	43	487.1	460.8	351.6	460.8	242.2	1.25	4.59	0	1,200	27	0.81	5.5	21.2	0.0	0.0	18.21	31	1.2758	2.0648	465	467.24	968.36	
571729	43	487.4	460.8	351.8	460.8	242.5	1.25	4.59	0	1,223	26	0.81	5.5	21.2	0.0	0.0	18.14	31	1.2758	2.0648	465	467.55	969.84	
572254	43	487.7	461.2	351.7	460.8	242.5	1.25	4.59	0	1,227	24	0.56	5.5	21.2	0.0	0.0	18.05	31	1.2758	2.0648	465	467.94	970.16	
572877	43	488.1	460.8	351.8	461.2	242.5	1.44	4.59	0	1,117	22	0.56	5.5	21.2	0.0	0.0	18.02	31	1.2758	2.0648	465	468.34	969.22	
573418	43	488.4	461.2	351.7	461.2	242.5	1.94	4.59	0	831	19	0.56	5.5	21.2	0.0	0.0	15.30	31	1.2758	2.0648	465	468.65	964.38	
573922	43	488.8	460.8	351.8	460.8	242.5	1.94	4.59	0	927	17	0.31	5.5	21.2	0.0	0.0	17.16	31	1.2758	2.0648	465	468.93	961.33	
574468	43	489.1	460.5	351.5	460.5	242.5	1.94	4.59	0	1,002	15	0.31	5.5	21.2	0.0	0.0	15.98	31	1.2758	2.0648	465	469.23	959.61	
575022	43	489.3	460.2	351.3	460.2	242.8	1.94	4.59	0	970	12	0.31	5.5	21.2	0.0	0.0	16.66	31	1.2758	2.0648	465	469.54	957.97	
575565	43	489.6	459.5	350.8	459.5	242.5	1.94	4.59	0	918	9	0.31	5.5	21.2	0.0	0.0	19.12	31	1.2758	2.0648	465	469.84	957.03	
576086	43	489.7	459.2	351.0	459.5	242.5	2.12	4.59	0	972	6	0.31	5.5	21.2	0.0	0.0	15.96	31	1.2758	2.0648	470	470.03	957.81	
576652	43	489.9	459.2	350.8	459.2	242.5	1.75	4.59	0	883	3	0.31	5.5	21.2	0.0	0.0	16.80	31	1.2758	2.0648	470	470.33	956.64	
577226	43	490.1	458.5	350.5	458.5	242.5	1.94	4.59	0	854	1	0.31	5.5	21.2	0.0	0.0	20.41	31	1.2758	2.0648	470	470.55	956.48	
577773	43	490.2	458.2	350.3	458.2	242.5	1.94	4.59	0	876	0	0.56	5.5	21.2	0.0	0.0	18.73	31	1.2758	2.0648	470	470.85	956.25	
578326	43	490.3	457.5	350.0	457.8	242.8	1.94	4.59	0	819	0	0.31	5.5	21.2	0.0	0.0	22.59	31	1.2758	2.0648	470	471.04	956.09	
578871	43	490.4	457.2	349.8	457.2	242.5	2.12	4.59	0	849	0	0.56	5.5	21.2	0.0	0.0	25.29	31	1.2758	2.0648	470	471.34	956.33	
579374	43	490.4	456.8	349.6	456.8	242.5	2.12	4.59	0	842	0	0.56	5.5	21.2	0.0	0.0	25.99	31	1.2758	2.0648	470	471.53	956.48	
579884	43	490.5	456.5	349.6	456.5	242.5	2.12	4.59	0	948	0	0.56	5.5	21.2	0.0	0.0	31.22	31	1.2758	2.0648	470	471.74	956.09	
580431	43	490.5	456.2	349.3	455.8	242.5	1.75	4.59	0	1,147	1	1.12	5.5	21.2	0.0	0.0	24.52	31	1.2758	2.0648	470	471.93	959.30	
580957	44	490.5	455.5	348.8	455.5	242.2	2.12	4.59	0	1,019	3	0.81	5.5	21.2	0.0	0.0	27.02	31	1.2758	2.0648	470	472.23	961.02	
581677	43	490.5	455.5	348.8	455.2	242.2	1.94	4.59	0	1,023	4	0.56	5.5	21.2	0.0	0.0	22.15	31	1.2758	2.0648	470	472.54	961.88	
582182	43	490.4	454.8	348.5	454.8	242.2	1.94	4.59	0	928	4	0.56	5.5	21.2	0.0	0.0	20.70	31	1.2758	2.0648	470	472.84	960.31	
582728	43	490.3	454.8	348.5	455.2	242.2	2.12	4.59	0	845	3	0.31	5.5	21.2	0.0	0.0	20.11	31	1.2758	2.0648	470	473.03	958.44	
583246	43	490.3	454.5	348.5	454.5	242.2	1.94	4.59	0	834	4	0.31	5.5	21.2	0.0	0.0	27.02	31	1.2758	2.0648	470	473.24	957.73	
583813	43	490.2	454.8	348.0	454.5	241.8	1.94	4.59	0	1,007	3	0.81	5.5	21.2	0.0	0.0	20.02	31	1.2758	2.0648	470	473.55	958.59	
584323	43	490.1	454.5	348.2	454.5	241.8	1.94	4.59	0	982	2	0.56	5.5	21.2	0.0	0.0	19.69	31	1.2758	2.0648	470	473.73	958.91	
584915	43	490.0	454.8	348.0	454.5	241.8	1.75	4.59	0	862	1	0.31	5.5	21.2	0.0	0.0	14.72	31	1.2758	2.0648	470	473.94	957.34	
585431	43	489.9	454.2	348.1	454.2	241.8	1.94	4.59	0	804	0	0.31	5.5	21.2	0.0	0.0	17.48	31	1.2758	2.0648	470	474.13	956.72	
585978	43	489.8	453.8	348.0	454.2	241.8	1.94	4.59	0	811	0	0.31	5.5	21.2	0.0	0.0	18.38	31	1.2758	2.0648	470	474.34	956.33	
586497	43	489.7	454.2	348.0	453.8	241.8	1.94	4.59	0	815	0	0.31	5.5	21.2	0.0	0.0	17.77	31	1.2758	2.0648	470	474.53	955.94	
587090	43	489.5	453.8	347.5	453.8	241.8	1.94	4.59	0	802	0	0.31	5.5	21.2	0.0	0.0	17.86	31	1.2758	2.0648	470	474.74	955.62	
587676	43	489.4	453.2	347.5	453.2	241.8	1.94	4.59	0	816	0	0.31	5.5	21.2	0.0	0.0	18.54	31	1.2758	2.0648	475	474.93	955.55	
588236	43	489.3	453.2	347.3	452.8	241.8	1.94	4.59	0	824	0	0.31	5.5	21.2	0.0	0.0	17.34	31	1.2758	2.0648	475	475.14	955.55	
588756	43	489.2	453.2	347.1	453.2	241.5	1.94	4.59	0	804	0	0.31	5.5	21.2	0.0	0.0	17.65	31	1.2758	2.0648	475	475.35	955.39	
589270	43	489.0	452.5	347.0	452.5	241.5	1.94	4.59	0	796	0	0.31	5.5	21.2	0.0	0.0	17.95	31	1.2758	2.0648	475	475.54	955.39	
589796	43	488.9	452.2	347.0	451.8	241.8	1.94	4.59	0	792	0	0.31	5.5	21.2	0.0	0.0	18.63	31	1.2758	2.0648	475	475.63	955.39	
590436	43	488.8	451.8	346.8	452.2	241.8	1.94	4.59	0	797	0	0.31	5.5	21.2	0.0	0.0	18.26	31	1.2758	2.0648	475	475.84	955.62	
590959	43	488.6	451.5	346.6	451.2	241.5	1.94	4.59	0	795	0	0.31	5.5	21.2	0.0	0.0	17.95	31	1.2758	2.0648	475	475.94	955.23	
591475	43	488.5	450.8	346.5	450.8	241.8	1.94	4.59	0	788	0	0.31	5.5	21.2	0.0	0.0	18.42	31	1.2758	2.0648	475	476.15	955.47	
592032	43	488.3	450.8	346.1	450.5	241.5	1.94	4.59	0	789	0	0.31	5.5	21.2	0.0	0.0	18.84	31	1.2758	2.0648	475	476.33	955.08	
592607	44	488.2	450.2	346.1	450.2	241.5	1.94	4.59	0	800	0	0.31	5.5	21.2	0.0	0.0	18.54	31	1.2758	2.0648	475	476.43	955.39	
593130	44	488.0	449.8	345.6	449.8	241.5	1.94	4.59	0	802	0	0.31	5.5	21.2	0.0	0.0	18.26	31	1.2758	2.0648	475	476.64	955.23	
593649	44	487.9	449.8	345.6	449.5	242.2	1.94	4.59	0	794	0	0.31	5.5	21.2	0.0	0.0	18.12	31	1.2758	2.0648	475	476.73	955.39	
594199	44	487.7	449.5	345.2	449.2	241.5	1.94	4.59	0	790	0	0.31	5.5	21.2	0.0	0.0	18.49	31	1.2758	2.0648	475	476.85	955.39	
594705	44	487.6	448.8	345.3	448.8	241.5	1.94	4.59	0	796	0	0.31	5.5	21.2	0.0	0.0	18.54	31	1.2758	2.0648	475	477.04	955.47	
595234	44	487.4	448.5	345.0	448.2	241.5	1.94	4.59	0	799	0	0.31	5.5	21.2	0.0	0.0	18.47	31	1.2758	2.0648	475	477.13	955.39	
595765	44	487.2	448.2	344.8	448.5	241.5	1.94	4.59	0	790	0	0.31	5.5	21.2	0.0	0.0	18.47	31	1.2758	2.0648	475	477.25	955.39	
596299	44	487.1	447.8	344.5	447.5	241.5	1.94	4.59	0	794	0	0.31	5.5	21.2	0.0	0.0	18.47	31	1.2758	2.0648	475	477.44	955.39	
596823	44	486.9	447.2	344.5	447.5	241.5	1.94	4.59	0	790	0	0.31	5.5	21.2	0.0	0.0	18.47	31	1.2758	2.0648	475	477.53	955.47	
597340	44	486.7	447.5	344.5	446.8	241.5	1.94	4.59	0	793	0	0.31	5.5	21.2	0.0	0.0	18.73	31	1.2758	2.0648	475	477.65	955.55	
597893	44	486.6	446.5	344.1	446.5	241.2	1.94	4.59	0	791	0	0.31	5.5	21.2	0.0	0.0	18.70	31	1.2758	2.0648	475	477.74	955.47	
598494	44	486.4	446.2	344.0	445.8	241.5	1.94	4.59	0	791	0	0.31	5.5	21.2	0.0	0.0	18.68	31	1.2758	2.0648	475	477.83	955.55	
599020	44	486.2	445.8	343.6	445.8	241.2	1.94	4.59	0	792	0	0.31	5.5	21.2	0.0	0.0	18.68	31	1.2758	2.0648	475	477.93	955.23	
599598	44	486.0	445.5	343.5	445.2	241.5	1.94	4.59	0	792	0	0.31	5.5	21.2	0.0	0.0	18.75	31	1.2758	2.0648	475	478.14	955.16	
600121	44	485.8	445.5	343.6	445.2	241.8	1.94	4.59	0	783	0	0.31	5.5	21.2	0.0	0.0	18.87	31	1.2758	2.0648	475	478.14	954.92	
600695	44	485.6	444.8	343.2	445.2	241.5	1.94	4.59	0	790	0	0.31	5.5	21.2	0.0	0.0	18.87	31	1.2758	2.0648	475	478.35	955.39	
601229	44	485.4	444.8	343.1	444.8	241.5	1.94	4.59	0	795	0	0.31	5.5	21.2	0.0	0.0	18.73	31	1.2758	2.0648	475	478.44	955.39	
601762	44	485.2	443.8	343.0	444.2	241.8	1.94	4.59	0	789	0	0.31	5.5	21.2	0.0	0.0	18.75	31	1.2758	2.0648	475	478.54	955.39	
602295	44	485.0	443.8	343.0	444.2	241.8	1.94	4.59	0	797	0	0.31	5.5	21.2	0.0	0.0	19.03	31	1.2758	2.0648	475	478.63	955.47	
602797	44	484.8	443.5	342.3	443.5	241.5	1.94	4.59	0	802	0	0.31	5.5	21.2	0.0	0.0	18.84	31	1.2758	2.0648	475	478.63	955.39	
603378	44	484.6	443.5	342.5	443.2	241.8	1.94	4.59	0	798	0	0.31	5.5	21.2	0.0	0.0	18.75	31	1.2758	2.0648	475	478.75	955.47	
603946	44	484.3	443.5	342.6	442.8	241.8	1.94	4.59	0	796	0	0.31	5.5	21.2	0.0	0.0	19.01	31	1.2758	2.0648	475	478.84	955.31	
604464	44	484.1	442.8	342.3	443.2	242.2	1.94	4.59	0	805	0	0.31	5.5	21.2	0.0	0.0	18.82	31	1.2758	2.0648	475	478.94	955.39	
605032	44	483.9	442.8	342.3	442.5	241.8	1.94	4.59	0	787	0	0.31	5.5	21.2	0.0	0.0	18.80	31	1.2758	2.0648	475	479.03	955.08	
605566	44	483.7	442.5	342.1	442.2	241.8	1.94	4.59	0	800	0	0.31	5.5	21.2	0.0	0.0	18.96	31	1.2758	2.0648	475	479.15	955.08	
606087	44	483.5	441.8	342.0	441.8	241.8	1.94	4.59	0	798	0	0.31	5.5	21.2	0.0	0.0	18.68	31	1.2758	2.0648	475	479.24	955.16	
606626	44	483.2	441.8	342.0	441.8	242.2	1.94	4.59	0	793	0	0.31	5.5	21.2	0.0	0.0	18.49	31	1.2758	2.0648	475	479.24	955.23	
607284	44	483.0	441.5	341.6	441.5	241.8	1.94	4.59	0	798	0	0.31	5.5	21.2	0.0	0.0	18.91	31	1.2758	2.0648	475	479.33	955.62	
607820	44	482.8	441.5	341.7	441.2	242.2	1.94	4.59	0	801	0	0.31	5.5	21.2	0.0	0.0	18.89	31	1.2758	2.0648	475	479.43	955.16	
608352	44	482.5	441.2	341.8	440.8	241.8	1.94	4.59	0	806	0	0.31	5.5	21.2	0.0	0.0	18.84	31	1.2758	2.0648	475	479.55	955.31	
608851	44	482.3	440.5	341.5	440.8	242.5	1.94	4.59	0	797	0	0.31	5.5	21.2	0.0	0.0	18.40	31	1.2758	2.0648	475	479.55	955.39	
609460	44	482.0	440.8	341.1	440.5	242.2	1.94	4.59	0	789	0	0.31	5.5	21.2	0.0	0.0	19.08	31	1.2758	2.0648	475	479.64	954.69	
609985	44	481.8	440.5	341.3	440.5	242.2	1.94	4.59	0	801	0	0.31	5.5	21.2	0.0	0.0	18.94	31	1.2758	2.0648	475	479.73	955.08	
610520	44	481.5	439.8	341.3	439.8	242.2	1.94	4.59	0	799	0	0.31	5.5	21.2	0.0	0.0	19.10	31	1.2758	2.0648	475	479.73	955.16	
611060	44	481.3	439.8	341.0	439.8	242.5	1.94	4.59	0	799	0	0.31	5.5	21.2	0.0	0.0	18.98	31	1.2758	2.0648	475	479.85	955.31	
611568	44	481.0	439.5	341.0	439.5	242.2	1.94	4.59	0	794	0	0.31	5.5	21.2	0.0	0.0	18.52	31	1.2758	2.0648	480	479.94	955.39	
612111	44	480.8	439.5	341.0	439.5	242.5	1.94	4.59	0	794	0	0.31	5.5	21.2	0.0	0.0	18.84	31	1.2758	2.0648	480	479.94	955.31	
612622	44	480.6	439.2	340.8	439.5	242.8	1.94	4.59	0	799	0	0.31	5.5	21.2	0.0	0.0	18.82	31	1.2758	2.0648	480	480.04	955.00	
613141	44	480.3	439.2	340.8	439.2	242.8	1.94	4.59	0	799	0	0.31	5.5	21.2	0.0	0.0	18.82	31	1.2758	2.0648	480	480.04	954.92	
613687	44	480.1	439.2	340.7	438.8	242.5	1.94	4.59	0	801	0	0.31	5.5	21.2	0.0	0.0	18.84	31	1.2758	2.0648	480	480.13	954.84	
614214	44	479.8	438.8	340.6	438.8	242.5	1.94	4.59	0	802	0	0.31	5.5	21.2	0.0	0.0	18.94	31	1.2758	2.0648	480	480.13	954.84	
614738	44	479.6	438.5	340.6	438.5	242.5	1.94	4.59	0	801	0	0.31	5.5	21.2	0.0	0.0	18.89	31	1.2758	2.0648	480	480.25	955.23	
615304	44	479.3	438.8	340.8	438.5	242.5	1.94	4.59	0	796	0	0.31	5.5	21.2	0.0	0.0	18.73	31	1.2758	2.0648	480	480.25	955.08	
615915	44	479.0	438.5	340.6	438.5	242.8	1.94	4.59	0	798	0	0.56	5.5	21.2	0.0	0.0	18.89	31	1.2758	2.0648	480	480.25	955.23	
616452	44	478.8	438.2	340.3	438.2	242.8	1.94	4.59	0	797	0	0.31	5.5	21.2	0.0	0.0	18.87	31	1.2758	2.0648	480	480.34	954.84	
616999	44	478.5	438.2	340.7	438.2	243.2	1.94	4.59	0	794	0	0.31	5.5	21.2	0.0	0.0	19.03	31	1.2758	2.0648	480	480.34	954.92	
617524	44	478.2	437.8	340.3	437.8	243.2	1.94	4.59	0	797	0	0.31	5.5	21.2	0.0	0.0	19.01	31	1.2758	2.0648	480	480.34	954.69	
618059	44	477.9	437.8	340.3	437.8	242.8	1.94	4.59	0	796	0	0.31	5.5	21.2	0.0	0.0	18.87	31	1.2758	2.0648	480	480.44	955.31	
618605	44	477.6	437.5	340.1	437.5	242.8	1.94	4.59	0	792	0	0.31	5.5	21.2	0.0	0.0	18.89	31	1.2758	2.0648	480	480.44	954.92	
619156	44	477.4	437.5	340.3	437.2	243.2	1.94	4.59	0	795	0	0.31	5.5	21.2	0.0	0.0	19.08	31	1.2758	2.0648	480	480.44	955.23	
619697	44	477.1	437.5	340.3	437.2	243.2	1.94	4.59	0	799	0	0.31	5.5	21.2	0.0	0.0	19.10	31	1.2758	2.0648	480	480.53	955.16	
620240	44	476.8	437.5	340.2	437.2	242.8	1.94	4.59	0	800	0	0.31	5.5	21.2	0.0	0.0	18.66	31	1.2758	2.0648	480	480.53	955.00	
620770	44	476.5	437.5	340.3	437.5	243.5	1.94	4.59	0	799	0	0.31	5.5	21.2	0.0	0.0	18.77	31	1.2758	2.0648	480	480.53	955.23	
621328	44	476.3	436.8	340.2	437.2	243.5	1.94	4.59	0	797	0	0.31	5.5	21.2	0.0	0.0	18.96	31	1.2758	2.0648	480	480.53	954.84	
621870	44	476.0	437.2	339.8	436.8	243.8	1.94	4.59	0	789	0	0.31	5.5	21.2	0.0	0.0	19.05	31	1.2758	2.0648	480	480.65	955.16	
622394	44	475.7	436.8	340.1	437.2	243.5	1.94	4.59	0	793	0	0.31	5.5	21.2	0.0	0.0	19.22	31	1.2758	2.0648	480	480.65	954.92	
622928	44	475.4	436.8	340.0	436.5	243.8	1.94	4.59	0	800	0	0.31	5.5	21.2	0.0	0.0	19.10	31	1.2758	2.0648	480	480.65	954.92	
623518	44	475.1	436.8	340.1	436.8	243.8	1.94	4.59	0	793	0	0.31	5.5	21.2	0.0	0.0	18.89	31	1.2758	2.0648	480	480.65	954.92	
624156	44	474.8	436.5	340.0	436.2	243.8	1.94	4.59	0	789	0	0.31	5.5	21.2	0.0	0.0	18.61	31	1.2758	2.0648	480	480.65	955.16	
624707	44	474.5	436.5	340.1	436.2	243.8	1.94	4.59	0	799	0	0.31	5.5	21.2	0.0	0.0	19.20	31	1.2758	2.0648	480	480.65	954.92	
625207	44	474.2	436.5	340.0	436.5	244.2	1.94	4.59	0	805	0	0.31	5.5	21.2	0.0	0.0	19.03	31	1.2758	2.0648	480	480.65	954.92	
625718	44	473.9	436.2	340.1	436.2	244.2	1.94	4.59	0	794	0	0.31	5.5	21.2	0.0	0.0	18.77	31	1.2758	2.0648	480	480.74	954.92	
626253	44	473.7	435.8	340.2	436.2	244.2	1.94	4.59	0	793	0	0.31	5.5	21.2	0.0	0.0	18.84	31	1.2758	2.0648	480	480.74	955.08	
626782	44	473.4	436.2	340.0	436.2	243.8	1.94	4.59	0	802	0	0.31	5.5	21.2	0.0	0.0	18.94	31	1.2758	2.0648	480	480.74	955.16	
627317	44	473.1	436.2	340.3	436.2	244.2	1.94	4.59	0	797	0	0.31	5.5	21.2	0.0	0.0	18.68	31	1.2758	2.0648	480	480.74	954.69	
627840	44	472.8	435.8	340.2	435.5	244.5	1.94	4.59	0	792	0	0.31	5.5	21.2	0.0	0.0	18.80	31	1.2758	2.0648	480	480.74	954.84	
628350	44	472.5	435.5	340.1	435.5	244.2	1.94	4.59	0	805	0	0.31	5.5	21.2	0.0	0.0	19.08	31	1.2758	2.0648	480	480.74	955.16	
628882	44	472.2	435.8	340.0	435.8	244.5	1.94	4.59	0	792	0	0.31	5.5	21.2	0.0	0.0	18.77	31	1.2758	2.0648	480	480.74	955.23	
629426	44	471.9	435.5	340.0	435.5	244.5	1.94	4.59	0	807	0	0.31	5.5	21.2	0.0	0.0	18.96	31	1.2758	2.0648	480	480.65	954.92	
629963	44	471.6	435.5	340.0	435.5	244.5	1.94	4.59	0	799	0	0.31	5.5	21.2	0.0	0.0	18.70	31	1.2758	2.0648	480	480.65	955.39	
630469	44	471.3	435.5	340.0	435.5	244.8	1.94	4.59	0	795	0	0.31	5.5	21.2	0.0	0.0	18.84	31	1.2758	2.0648	480	480.65	955.23	
630996	44	471.1	435.5	340.0	435.5	244.5	1.94	4.59	0	804	0	0.31	5.5	21.2	0.0	0.0	19.55	31	1.2758	2.0648	480	480.65	955.47	
631513	44	470.8	435.5	340.3	435.5	244.8	1.94	4.59	0	806	0	0.31	5.5	21.2	0.0	0.0	18.91	31	1.2758	2.0648	480	480.65	955.39	
632036	44	470.5	435.2	340.3	435.2	244.5	1.94	4.59	0	797	0	0.31	5.5	21.2	0.0	0.0	18.80	31	1.2758	2.0648	480	480.65	955.23	
632670	44	470.2	435.2	340.2	435.2	245.2	1.94	4.59	0	787	0	0.31	5.5	21.2	0.0	0.0	19.57	31	1.2758	2.0648	480	480.65	955.08	
633252	44	469.8	435.2	340.3	435.2	245.2	1.94	4.59	0	806	0	0.31	5.5	21.2	0.0	0.0	19.10	31	1.2758	2.0648	480	480.53	955.39	
633786	44	469.5	435.2	340.3	435.2	245.2	1.94	4.59	0	812	0	0.31	5.5	21.2	0.0	0.0	18.87	31	1.2758	2.0648	480	480.53	955.55	
634378	44	469.1	435.2	340.5	434.8	245.2	1.94	4.59	0	801	0	0.31	5.5	21.2	0.0	0.0	19.15	31	1.2758	2.0648	480	480.53	955.39	
634904	44	468.8	434.8	340.3	435.2	245.5	1.94	4.59	0	807	0	0.31	5.5	21.2	0.0	0.0	19.08	31	1.2758	2.0648	480	480.53	955.31	
635464	44	468.5	435.2	340.3	435.5	245.8	1.94	4.59	0	796	0	0.31	5.5	21.2	0.0	0.0	18.68	31	1.2758	2.0648	480	480.44	955.55	
635982	44	468.2	435.2	340.3	435.2	245.5	1.94	4.59	0	788	0	0.31	5.5	21.2	0.0	0.0	19.24	31	1.2758	2.0648	480	480.44	955.23	
636491	44	467.9	435.2	340.5	435.2	245.5	1.94	4.59	0	803	0	0.31	5.5	21.2	0.0	0.0	19.24	31	1.2758	2.0648	480	480.44	955.39	
637020	44	467.6	434.8	340.5	434.8	245.8	1.94	4.59	0	805	0	0.31	5.5	21.2	0.0	0.0	19.05	31	1.2758	2.0648	480	480.34	955.39	
637604	44	467.3	435.2	340.3	434.8	245.5	1.94	4.59	0	800	0	0.31	5.5	21.2	0.0	0.0	18.98	31	1.2758	2.0648	480	480.34	955.16	
638163	44	467.0	435.2	340.5	434.8	245.8	1.94	4.59	0	786	0	0.31	5.5	21.2	0.0	0.0	19.52	31	1.2758	2.0648	480	480.34	955.39	
638693	44	466.7	434.8	340.3	434.8	245.8	1.94	4.59	0	786	0	0.31	5.5	21.2	0.0	0.0	19.69	31	1.2758	2.0648	480	480.25	955.23	
639246	44	466.4	434.8	340.1	434.8	246.2	1.94	4.59	0	792	0	0.31	5.5	21.2	0.0	0.0	19.85	31	1.2758	2.0648	480	480.25	955.23	
639772	44	466.0	434.8	340.5	434.8	245.8	1.94	4.59	0	802	0	0.31	5.5	21.2	0.0	0.0	19.88	31	1.2758	2.0648	480	480.13	955.39	
640278	44	465.7	435.2	340.7	435.2	245.8	1.94	4.59	0	794	0	0.31	5.5	21.2	0.0	0.0	19.36	31	1.2758	2.0648	480	480.13	955.23	
640788	44	465.4	435.2	340.8	434.8	246.2	1.75	4.59	0	800	0	0.31	5.5	21.2	0.0	0.0	19.90	31	1.2758	2.0648	480	480.13	955.31	
641449	44	465.1	434.8	340.5	434.5	246.5	1.94	4.59	0	792	0	0.31	5.5	21.2	0.0	0.0	19.55	31	1.2758	2.0648	480	480.04	955.23	
641961	44	464.8	434.8	340.6	434.8	246.2	1.94	4.59	0	806	0	0.31	5.5	21.2	0.0	0.0	19.69	31	1.2758	2.0648	480	480.04	955.23	
642517	44	464.4	434.8	340.6	434.8	246.2	1.94	4.59	0	803	0	0.31	5.5	21.2	0.0	0.0	19.17	31	1.2758	2.0648	480	479.94	955.23	
643103	44	464.1	434.8	340.6	434.8	246.8	1.94	4.59	0	794	0	0.31	5.5	21.2	0.0	0.0	19.29	31	1.2758	2.0648	480	479.94	955.23	
643644	44	463.8	435.2	340.8	435.2	246.8	1.94	4.59	0	802	0	0.31	5.5	21.2	0.0	0.0	19.17	31	1.2758	2.0648	475	479.85	955.39	
644155	44	463.4	434.8	340.6	434.8	246.8	1.94	4.59	0	804	0	0.31	5.5	21.2	0.0	0.0	19.12	31	1.2758	2.0648	475	479.73	955.47	
644665	44	463.1	435.2	340.8	435.2	246.5	1.94	4.59	0	801	0	0.31	5.5	21.2	0.0	0.0	19.20	31	1.2758	2.0648	475	479.73	955.39	
645206	44	462.8	434.8	340.8	435.2	246.8	1.94	4.59	0	805	0	0.56	5.5	21.2	0.0	0.0	19.12	31	1.2758	2.0648	475	479.64	955.31	
645711	44	462.5	435.2	341.2	435.2	247.2	1.94	4.59	0	806	0	0.31	5.5	21.2	0.0	0.0	19.05	31	1.2758	2.0648	475	479.64	955.23	
646281	44	462.2	434.8	340.8	434.8	246.8	1.94	4.59	0	800	0	0.31	5.5	21.2	0.0	0.0	19.17	31	1.2758	2.0648	475	479.55	955.23	
646805	44	461.9	435.2	341.2	435.2	246.8	1.94	4.59	0	798	0	0.31	5.5	21.2	0.0	0.0	19.22	31	1.2758	2.0648	475	479.55	955.39	
647359	44	461.6	435.2	341.2	435.2	247.5	1.94	4.59	0	806	0	0.31	5.5	21.2	0.0	0.0	19.34	31	1.2758	2.0648	475	479.43	955.39	
647882	44	461.2	435.2	340.8	435.2	246.8	1.94	4.59	0	808	0	0.31	5.5	21.2	0.0	0.0	19.05	31	1.2758	2.0648	475	479.33	955.47	
648410	44	460.9	435.2	341.2	435.2	246.8	1.94	4.59	0	797	0	0.31	5.5	21.2	0.0	0.0	19.12	31	1.2758	2.0648	475	479.24	955.39	
648971	44	460.6	435.5	341.3	435.2	247.2	1.94	4.59	0	804	0	0.31	5.5	21.2	0.0	0.0	19.05	31	1.2758	2.0648	475	479.24	955.47	
649608	44	460.2	435.5	341.3	435.5	247.5	1.94	4.59	0	796	0	0.31	5.5	21.2	0.0	0.0	18.68	31	1.2758	2.0648	475	479.15	955.31	
650116	44	460.0	435.2	341.5	435.5	247.5	1.94	4.59	0	791	0	0.31	5.5	21.2	0.0	0.0	19.34	31	1.2758	2.0648	475	479.03	955.16	
650644	44	459.6	435.5	341.5	435.5	247.5	1.94	4.59	0	800	0	0.31	5.5	21.2	0.0	0.0	19.08	31	1.2758	2.0648	475	479.03	955.39	
651146	44	459.3	435.5	341.8	435.5	247.8	1.94	4.59	0	805	0	0.31	5.5	21.2	0.0	0.0	19.12	31	1.2758	2.0648	475	478.94	955.55	
651674	44	459.0	435.5	341.6	435.5	247.8	1.94	4.59	0	799	0	0.31	5.5	21.2	0.0	0.0	19.08	31	1.2758	2.0648	475	478.84	955.39	
652194	44	458.7	436.2	341.6	436.2	248.2	1.94	4.59	0	793	0	0.31	5.5	21.2	0.0	0.0	19.10	31	1.2758	2.0648	475	478.75	955.16	
652750	44	458.3	435.5	341.6	435.5	248.2	1.94	4.59	0	800	0	0.31	5.5	21.2	0.0	0.0	19.20	31	1.2758	2.0648	475	478.75	955.08	
653255	44	458.0	435.8	342.0	435.5	247.8	1.94	4.59	0	796	0	0.31	5.5	21.2	0.0	0.0	18.84	31	1.2758	2.0648	475	478.63	955.39	
653815	44	457.7	435.8	341.8	435.8	248.2	1.94	4.59	0	796	0	0.31	5.5	21.2	0.0	0.0	19.15	31	1.2758	2.0648	475	478.54	955.31	
654318	44	457.4	435.5	342.0	435.8	248.5	1.94	4.59	0	802	0	0.31	5.5	21.2	0.0	0.0	19.27	31	1.2758	2.0648	475	478.44	955.16	
654826	44	457.1	435.8	342.0	435.8	248.2	1.94	4.59	0	806	0	0.31	5.5	21.2	0.0	0.0	18.80	31	1.2758	2.0648	475	478.35	955.16	
655439	44	456.8	435.5	342.0	435.8	248.2	1.94	4.59	0	789	0	0.31	5.5	21.2	0.0	0.0	19.03	31	1.2758	2.0648	475	478.23	955.23	
655964	44	456.4	436.2	342.2	436.2	248.5	1.94	4.59	0	806	0	0.31	5.5	21.2	0.0	0.0	19.03	31	1.2758	2.0648	475	478.14	955.31	
656525	44	456.1	436.2	342.3	436.2	248.8	1.94	4.59	0	796	0	0.31	5.5	21.2	0.0	0.0	18.96	31	1.2758	2.0648	475	478.05	955.47	
657049	44	455.8	436.5	342.3	436.2	248.8	1.94	4.59	0	798	0	0.31	5.5	21.2	0.0	0.0	19.15	31	1.2758	2.0648	475	478.05	955.23	
657590	44	455.5	436.2	342.5	435.8	248.8	1.94	4.59	0	801	0	0.31	5.5	21.2	0.0	0.0	19.01	31	1.2758	2.0648	475	477.93	955.23	
658206	44	455.2	436.2	342.6	436.5	248.5	1.94	4.59	0	800	0	0.31	5.5	21.2	0.0	0.0	19.12	31	1.2758	2.0648	475	477.83	955.55	
658783	44	454.8	436.8	342.6	436.5	248.8	1.94	4.59	0	799	0	0.31	5.5	21.2	0.0	0.0	18.91	31	1.2758	2.0648	475	477.65	955.39	
659324	44	454.4	436.8	342.6	436.5	248.8	1.94	4.59	0	796	0	0.31	5.5	21.2	0.0	0.0	19.10	31	1.2758	2.0648	475	477.53	955.16	
659858	44	454.2	436.5	342.8	436.5	248.8	1.94	4.59	0	796	0	0.31	5.5	21.2	0.0	0.0	18.89	31	1.2758	2.0648	475	477.53	955.31	
660405	45	453.8	436.8	342.6	436.8	248.8	1.94	4.59	0	795	0	0.31	5.5	21.2	0.0	0.0	18.94	31	1.2758	2.0648	475	477.34	955.39	
660940	45	453.5	436.5	343.1	436.8	249.2	1.94	4.59	0	795	0	0.31	5.5	21.2	0.0	0.0	19.12	31	1.2758	2.0648	475	477.25	955.39	
661521	45	453.2	436.8	343.1	437.2	249.5	1.94	4.59	0	805	0	0.31	5.5	21.2	0.0	0.0	19.45	31	1.2758	2.0648	475	477.13	955.31	
662126	45	452.8	436.8	343.1	436.8	249.8	1.94	4.59	0	795	0	0.31	5.5	21.2	0.0	0.0	18.87	31	1.2758	2.0648	475	477.04	954.84	
662713	45	452.5	437.2	343.0	436.8	249.2	1.94	4.59	0	791	0	0.31	5.5	21.2	0.0	0.0	19.03	31	1.2758	2.0648	475	476.94	954.92	
663228	45	452.2	436.8	343.5	437.2	249.5	1.94	4.59	0	799	0	0.31	5.5	21.2	0.0	0.0	19.03	31	1.2758	2.0648	475	476.85	954.84	
663819	45	451.8	437.2	343.3	436.8	249.5	1.94	4.59	0	798	0	0.31	5.5	21.2	0.0	0.0	19.10	31	1.2758	2.0648	475	476.73	955.08	
664341	45	451.5	437.5	343.8	437.5	249.8	1.94	4.59	0	795	0	0.31	5.5	21.2	0.0	0.0	19.10	31	1.2758	2.0648	475	476.64	955.16	
664937	45	451.2	437.5	343.6	437.2	249.5	1.94	4.59	0	802	0	0.31	5.5	21.2	0.0	0.0	19.22	31	1.2758	2.0648	475	476.55	955.23	
665482	45	450.8	437.2	343.5	437.5	249.8	1.94	4.59	0	796	0	0.31	5.5	21.2	0.0	0.0	19.05	31	1.2758	2.0648	475	476.33	954.92	
665998	45	450.6	437.5	343.8	437.5	250.2	1.94	4.59	0	796	0	0.31	5.5	21.2	0.0	0.0	18.94	31	1.2758	2.0648	475	476.24	955.00	
666544	45	450.2	437.8	344.0	437.8	250.2	1.94	4.59	0	792	0	0.31	5.5	21.2	0.0	0.0	19.31	31	1.2758	2.0648	475	476.15	955.08	
667198	45	449.9	437.8	344.0	437.5	250.2	1.94	4.59	0	808	0	0.31	5.5	21.2	0.0	0.0	18.82	31	1.2758	2.0648	475	476.03	955.55	
667768	45	449.6	438.2	344.1	437.8	250.2	1.94	4.59	0	802	0	0.31	5.5	21.2	0.0	0.0	18.73	31	1.2758	2.0648	475	475.84	955.23	
668285	45	449.2	438.2	344.3	438.2	250.2	1.94	4.59	0	795	0	0.31	5.5	21.2	0.0	0.0	18.94	31	1.2758	2.0648	475	475.75	955.23	
668801	45	448.9	437.8	344.3	438.2	250.5	1.94	4.59	0	791	0	0.31	5.5	21.2	0.0	0.0	19.05	31	1.2758	2.0648	475	475.63	955.08	
669348	45	448.6	438.2	344.5	438.2	250.5	1.94	4.59	0	800	0	0.31	5.5	21.2	0.0	0.0	19.03	31	1.2758	2.0648	475	475.54	955.08	
669928	45	448.3	438.5	344.6	438.5	250.8	1.94	4.59	0	799	0	0.31	5.5	21.2	0.0	0.0	19.15	31	1.2758	2.0648	475	475.44	955.31	
670464	45	447.9	438.5	344.5	438.5	250.8	1.94	4.59	0	791	0	0.31	5.5	21.2	0.0	0.0	19.03	31	1.2758	2.0648	475	475.23	955.39	
670973	45	447.7	438.5	344.6	438.5	250.8	1.94	4.59	0	798	0	0.31	5.5	21.2	0.0	0.0	19.38	31	1.2758	2.0648	475	475.14	955.39	
671493	45	447.4	438.5	344.8	438.5	250.8	1.94	4.59	0	801	0	0.31	5.5	21.2	0.0	0.0	18.89	31	1.2758	2.0648	475	475.05	955.55	
672090	45	447.0	438.8	344.8	438.5	251.2	1.94	4.59	0	792	0	0.31	5.5	21.2	0.0	0.0	19.01	31	1.2758	2.0648	475	474.93	955.23	
672622	45	446.7	438.8	345.0	438.8	250.8	2.12	4.59	0	815	0	0.56	5.5	21.2	0.0	0.0	31.31	31	1.2758	2.0648	470	474.74	950.94	
673140	45	446.4	438.8	345.2	438.8	251.2	2.81	4.59	0	1,619	0	3.00	5.5	21.2	0.0	0.0	17.53	31	1.2758	2.0648	470	474.65	961.48	
673661	45	446.0	439.2	345.1	439.2	251.5	2.81	4.59	0	1,030	0	0.56	5.5	21.2	0.0	0.0	14.16	31	1.2758	2.0648	470	474.44	960.86	
674168	45	445.7	439.5	345.5	439.5	251.2	2.25	4.59	0	824	0	0.31	5.5	21.2	0.0	0.0	36.02	31	1.2758	2.0648	470	474.34	951.88	
674745	45	445.3	439.8	345.6	439.5	251.5	3.00	4.59	0	1,438	1	4.62	5.5	21.2	0.0	0.0	58.71	31	1.2758	2.0648	470	474.13	988.91	
675362	45	444.7	439.5	345.5	439.8	251.8	2.44	4.59	0	1,393	6	6.50	5.5	21.2	0.0	0.0	59.51	31	1.2758	2.0648	470	473.73	1,015.70	
675883	45	444.0	440.2	346.1	440.5	251.8	3.12	4.59	0	1,496	10	5.69	5.5	21.2	0.0	0.0	58.83	31	1.2758	2.0648	470	473.43	1,057.81	
676391	45	443.0	441.2	346.1	440.8	252.2	5.56	4.59	0	1,836	15	6.25	5.5	21.2	0.0	0.0	59.34	31	1.2758	2.0648	470	473.03	1,015.00	
676951	45	441.9	441.8	346.8	441.8	252.2	6.25	4.59	0	1,801	18	7.56	5.5	21.2	0.0	0.0	69.12	31	1.2758	2.0648	470	472.54	1,082.81	
677495	45	440.9	442.8	347.3	442.8	252.2	6.62	4.59	0	1,808	22	8.94	5.5	20.8	0.0	0.0	72.16	31	1.2758	2.0555	470	471.74	1,126.33	
678014	45	440.0	444.8	348.5	444.5	252.5	7.12	4.59	0	1,985	26	10.25	5.5	20.8	0.0	0.0	71.65	31	1.2758	2.0555	470	471.04	1,132.97	
678528	45	439.5	446.2	349.0	445.8	252.5	6.81	4.59	0	2,223	29	12.69	5.5	20.8	0.0	0.0	69.91	31	1.2758	2.0555	470	470.24	1,141.72	
679046	45	439.3	448.2	350.1	448.2	252.5	3.50	4.59	0	2,237	31	2.75	5.5	20.8	0.0	0.0	26.02	31	1.2758	2.0555	465	469.54	1,013.44	
679622	44	439.3	450.8	351.8	451.2	252.8	1.75	4.59	0	1,648	32	1.12	5.5	20.8	0.0	0.0	14.88	31	1.2758	2.0555	465	468.83	976.48	
680179	44	439.5	453.2	353.0	453.5	252.8	0.38	4.59	0	1,498	33	0.56	5.5	21.2	0.0	0.0	13.64	31	1.2758	2.0656	465	468.25	968.12	
680763	44	439.6	455.8	354.3	456.2	253.5	1.75	4.59	0	1,088	33	0.31	5.5	21.2	0.0	0.0	12.52	31	1.2758	2.0656	465	467.73	961.17	
681284	44	439.8	458.2	356.0	458.2	253.8	1.75	4.59	0	1,053	33	0.31	5.5	21.2	0.0	0.0	12.61	31	1.2758	2.0563	465	467.33	960.94	
681828	44	440.0	459.8	356.8	460.2	254.2	3.00	4.59	0	1,131	34	1.94	5.5	20.8	0.0	0.0	51.21	31	1.2758	2.0563	465	466.84	956.95	
682339	44	440.2	461.8	357.8	461.8	254.5	3.12	4.59	0	1,312	35	4.88	5.5	20.8	0.0	0.0	41.79	31	1.2758	2.0563	465	466.35	991.72	
682872	44	440.6	463.5	359.0	463.5	254.8	1.94	4.59	0	1,238	36	1.38	5.5	20.8	0.0	0.0	17.95	31	1.2758	2.0563	465	465.93	975.94	
683483	44	441.0	464.8	359.6	464.8	254.5	1.75	4.59	0	1,124	33	0.56	5.5	20.8	0.0	0.0	14.72	31	1.2758	2.0563	465	465.53	963.98	
684109	44	441.4	466.2	360.5	466.5	255.2	1.94	4.59	0	963	26	0.31	5.5	20.8	0.0	0.0	13.22	31	1.2758	2.0563	465	465.13	958.75	
684623	44	441.7	467.2	361.2	467.2	255.2	2.12	4.59	0	869	24	0.31	5.5	20.8	0.0	0.0	17.60	31	1.2758	2.0563	465	464.94	958.83	
685130	44	442.0	468.5	361.8	468.5	255.5	1.94	4.59	0	973	23	0.31	5.5	20.8	0.0	0.0	17.30	31	1.2758	2.0563	460	464.64	958.59	
685634	44	442.3	469.2	362.5	469.5	255.5	1.94	4.59	0	983	21	0.31	5.5	20.8	0.0	0.0	16.17	31	1.2758	2.0563	460	464.43	957.81	
686147	44	442.6	469.8	362.8	470.2	256.2	1.94	4.59	0	982	19	0.31	5.5	20.8	0.0	0.0	16.45	31	1.2758	2.0563	460	464.15	957.50	
686660	44	442.9	470.5	363.1	470.5	256.5	1.94	4.59	0	953	17	0.31	5.5	20.8	0.0	0.0	16.66	31	1.2758	2.0563	460	463.94	957.11	
687169	44	443.1	471.2	363.5	470.8	255.8	1.94	4.59	0	960	17	0.31	5.5	20.8	0.0	0.0	17.06	31	1.2758	2.0563	460	463.75	956.95	
687715	44	443.4	471.5	363.8	471.5	256.5	1.75	4.59	0	971	18	0.31	5.5	20.8	0.0	0.0	16.17	31	1.2758	2.0563	460	463.54	956.80	
688239	44	443.7	471.8	363.8	471.5	256.2	1.75	4.59	0	963	18	0.31	5.5	20.8	0.0	0.0	16.41	31	1.2758	2.0563	460	463.35	956.33	
688787	44	444.0	472.2	364.2	471.8	256.8	2.12	4.59	0	982	19	0.56	5.5	20.8	0.0	0.0	34.85	31	1.2758	2.0563	460	463.14	953.28	
689338	44	444.3	472.5	364.3	472.2	256.5	2.44	4.59	0	1,445	19	2.44	5.5	20.8	0.0	0.0	39.05	31	1.2758	2.0563	460	463.05	965.23	
689876	45	444.7	472.2	364.7	472.2	256.5	2.62	4.59	0	1,604	21	2.44	5.5	20.8	0.0	0.0	29.44	31	1.2758	2.0563	460	462.83	980.23	
690466	45	445.1	472.5	365.0	472.5	257.2	1.94	4.59	0	1,669	21	0.81	5.5	20.8	0.0	0.0	12.35	31	1.2758	2.0563	460	462.65	968.52	
690991	44	445.4	472.8	365.0	472.8	257.5	1.94	4.59	0	1,617	21	1.12	5.5	20.8	0.0	0.0	10.64	31	1.2758	2.0563	460	462.53	963.44	
691552	44	445.8	472.8	365.0	472.8	257.5	1.44	4.59	0	1,627	21	0.81	5.5	20.8	0.0	0.0	18.07	31	1.2758	2.0563	460	462.44	965.39	
692100	44	446.2	473.5	365.2	473.2	257.5	1.44	4.59	0	1,598	20	0.81	5.5	20.8	0.0	0.0	18.52	31	1.2758	2.0563	460	462.34	966.48	
692742	44	446.6	473.5	365.6	473.8	257.5	1.25	4.59	0	1,561	20	1.12	5.5	20.8	0.0	0.0	18.54	31	1.2758	2.0563	460	462.25	974.38	
693239	45	447.0	473.8	365.8	473.5	258.2	1.06	4.59	0	1,519	19	1.12	5.5	20.8	0.0	0.0	18.47	31	1.2758	2.0563	460	462.25	975.08	
693798	45	447.5	473.8	365.6	473.8	258.5	1.06	4.59	0	1,473	19	1.12	5.5	20.8	0.0	0.0	18.56	31	1.2758	2.0563	460	462.13	975.23	
694325	45	448.0	473.5	365.6	473.8	258.2	1.06	4.59	0	1,429	18	1.12	5.5	20.8	0.0	0.0	18.56	31	1.2758	2.0563	460	462.13	974.53	
694843	45	448.5	473.5	365.6	473.8	258.2	1.25	4.59	0	1,407	18	0.81	5.5	20.8	0.0	0.0	13.83	31	1.2758	2.0563	460	462.13	969.45	
695349	45	448.9	473.5	365.6	473.5	258.2	2.12	4.59	0	1,526	19	1.62	5.5	20.8	0.0	0.0	31.76	31	1.2758	2.0563	460	462.04	963.91	
695843	45	449.4	473.5	365.7	473.2	258.2	2.44	4.59	0	1,538	20	2.44	5.5	20.8	0.0	0.0	40.85	31	1.2758	2.0563	460	462.04	974.69	
696431	45	449.9	473.2	365.8	473.2	258.5	3.50	4.59	0	1,709	23	3.81	5.5	20.8	0.0	0.0	48.66	31	1.2758	2.0563	460	461.94	1,015.94	
697012	45	450.5	473.2	365.8	473.2	258.5	3.50	4.59	0	1,887	25	3.50	5.5	20.8	0.0	0.0	39.07	31	1.2758	2.0563	460	461.85	1,055.00	
697541	45	450.9	473.2	365.7	473.5	258.5	0.56	4.59	0	1,645	26	0.56	5.5	20.8	0.0	0.0	23.53	31	1.2758	2.0563	460	461.85	998.52	
698095	45	451.2	473.8	366.0	473.5	258.8	1.75	4.59	0	1,272	26	0.81	5.5	20.8	0.0	0.0	12.16	31	1.2758	2.0563	460	461.85	972.66	
698638	44	451.6	474.5	366.5	474.2	258.5	1.56	4.59	0	1,274	26	0.81	5.5	20.8	0.0	0.0	12.14	31	1.2758	2.0563	460	461.85	964.22	
699180	44	451.9	474.5	366.8	474.8	258.8	0.00	4.59	0	1,241	26	0.31	5.5	20.8	0.0	0.0	16.71	31	1.2758	2.0563	460	461.73	962.11	
699659	44	452.2	474.8	367.2	474.8	259.2	1.25	4.59	0	1,169	25	0.56	5.5	20.8	0.0	0.0	17.60	31	1.2758	2.0563	460	461.73	967.11	
700246	44	452.6	475.5	367.3	475.2	259.2	1.06	4.59	0	1,226	25	0.56	5.5	20.8	0.0	0.0	17.74	31	1.2758	2.0563	460	461.85	968.98	
700862	45	453.0	475.5	367.3	475.2	259.5	1.25	4.59	0	1,202	24	0.56	5.5	20.8	0.0	0.0	17.70	31	1.2758	2.0563	460	461.85	970.16	
701402	45	453.5	475.5	367.3	475.5	259.5	1.44	4.59	0	1,161	23	0.56	5.5	20.8	0.0	0.0	17.51	31	1.2758	2.0563	460	461.94	970.23	
701928	45	454.1	475.2	367.2	475.2	259.5	1.56	4.59	0	1,096	22	0.31	5.5	20.8	0.0	0.0	17.37	31	1.2758	2.0563	460	462.04	969.69	
702437	45	454.6	474.8	367.3	475.2	259.8	1.75	4.59	0	1,022	21	0.56	5.5	20.8	0.0	0.0	13.36	31	1.2758	2.0563	460	462.04	967.11	
702953	45	455.1	474.5	367.1	474.5	260.2	1.94	4.59	0	913	19	0.31	5.5	20.8	0.0	0.0	15.02	31	1.2758	2.0563	460	462.13	963.28	
703471	45	455.5	474.2	366.8	474.5	259.5	1.75	4.59	0	943	19	0.31	5.5	20.8	0.0	0.0	14.72	31	1.2758	2.0563	460	462.25	961.17	
703979	45	455.9	473.8	366.6	473.8	259.8	1.94	4.59	0	945	18	0.31	5.5	20.8	0.0	0.0	15.42	31	1.2758	2.0563	460	462.25	959.30	
704499	45	456.3	473.5	366.6	473.2	259.8	1.94	4.59	0	981	18	0.31	5.5	20.8	0.0	0.0	15.89	31	1.2758	2.0563	460	462.34	958.59	
705001	45	456.6	473.2	366.5	472.8	259.2	1.75	4.59	0	981	18	0.31	5.5	20.8	0.0	0.0	15.52	31	1.2758	2.0563	460	462.34	957.66	
705529	45	456.9	472.5	366.3	472.5	260.2	1.94	4.59	0	959	18	0.31	5.5	20.8	0.0	0.0	16.05	31	1.2758	2.0563	460	462.44	949.30	
706041	45	457.2	472.2	366.2	471.8	260.2	3.12	4.59	0	1,145	19	3.25	5.5	20.8	0.0	0.0	55.57	31	1.2758	2.0563	460	462.44	963.20	
706577	45	457.5	471.5	365.6	471.5	259.8	4.38	4.59	0	1,674	20	6.75	5.5	20.8	0.0	0.0	55.92	31	1.2758	2.0563	460	462.53	1,017.03	
707140	45	457.8	470.8	365.6	470.8	260.2	3.12	4.59	0	1,777	23	3.00	5.5	20.8	0.0	0.0	37.55	31	1.2758	2.0563	460	462.65	1,036.02	
707676	45	458.0	470.5	365.5	470.5	259.8	3.69	4.59	0	1,992	24	3.25	5.5	20.8	0.0	0.0	41.81	31	1.2758	2.0563	460	462.74	1,067.58	
708207	45	458.2	470.8	365.6	470.5	260.5	1.56	4.59	0	1,368	25	1.62	5.5	20.8	0.0	0.0	19.80	31	1.2758	2.0563	460	462.83	988.67	
708753	45	458.3	470.8	365.5	470.8	260.5	2.25	4.59	0	1,385	26	1.62	5.5	20.8	0.0	0.0	40.90	31	1.2758	2.0563	460	462.93	980.62	
709428	45	458.5	471.5	365.7	471.5	260.5	2.44	4.59	0	1,398	27	3.81	5.5	20.8	0.0	0.0	48.12	31	1.2758	2.0563	460	463.05	1,003.67	
709986	45	458.7	471.8	366.1	471.5	260.5	2.62	4.59	0	1,458	29	3.81	5.5	20.8	0.0	0.0	47.84	31	1.2758	2.0563	460	463.23	1,016.48	
710531	45	458.8	472.5	366.5	472.5	260.5	2.62	4.59	0	1,495	30	3.25	5.5	20.8	0.0	0.0	26.93	31	1.2758	2.0563	460	463.35	1,013.98	
711058	44	459.0	472.8	366.6	472.8	260.8	1.75	4.59	0	1,482	30	1.38	5.5	20.8	0.0	0.0	19.22	31	1.2758	2.0563	460	463.44	979.92	
711569	44	459.2	473.5	367.1	473.5	260.8	1.94	4.59	0	1,041	30	0.31	5.5	20.8	0.0	0.0	13.41	31	1.2758	2.0563	460	463.54	968.28	
712102	44	459.3	474.2	367.3	474.2	260.8	1.75	4.59	0	998	29	0.31	5.5	20.8	0.0	0.0	12.47	31	1.2758	2.0563	460	463.63	961.56	
712666	44	459.4	474.8	367.8	474.8	261.5	1.94	4.59	0	960	27	0.31	5.5	20.8	0.0	0.0	12.82	31	1.2758	2.0563	460	463.75	958.67	
713229	44	459.6	475.2	368.1	475.5	261.2	1.75	4.59	0	916	26	0.31	5.5	20.8	0.0	0.0	11.41	31	1.2758	2.0563	460	463.84	958.75	
713819	44	459.7	475.5	368.3	475.5	261.5	1.56	4.59	0	1,114	25	0.56	5.5	20.8	0.0	0.0	12.12	31	1.2758	2.0563	460	463.94	957.89	
714322	44	459.8	475.5	368.5	475.5	261.5	1.56	4.59	0	1,219	24	-0.19	5.5	20.8	0.0	0.0	15.80	31	1.2758	2.0563	460	464.03	959.61	
714867	44	459.9	475.5	368.2	475.5	261.2	1.25	4.59	0	1,191	24	0.56	5.5	20.8	0.0	0.0	18.33	31	1.2758	2.0563	460	464.15	963.52	
715382	44	460.1	475.5	368.2	475.2	261.2	1.56	4.59	0	1,179	23	0.56	5.5	20.8	0.0	0.0	50.18	31	1.2758	2.0563	460	464.15	957.42	
715898	44	460.3	475.2	368.1	474.8	261.2	3.31	4.59	0	1,338	25	5.12	5.5	20.8	0.0	0.0	66.59	31	1.2758	2.0563	460	464.24	1,004.14	
716500	45	460.5	474.5	368.3	474.8	261.2	3.50	4.59	0	1,381	27	7.06	5.5	20.8	0.0	0.0	76.20	31	1.2758	2.0563	460	464.43	1,084.92	
717025	45	460.8	474.2	368.1	474.2	261.8	3.12	4.59	0	1,432	29	8.69	5.5	20.8	0.0	0.0	62.60	31	1.2758	2.0563	460	464.55	1,071.64	
717565	44	461.2	473.8	368.0	473.8	261.8	3.50	4.59	0	1,583	31	5.44	5.5	20.8	0.0	0.0	54.02	31	1.2758	2.0563	460	464.64	1,083.05	
718156	44	461.5	474.5	368.0	474.2	261.8	3.50	4.59	0	1,631	33	5.12	5.5	20.8	0.0	0.0	53.84	31	1.2758	2.0563	460	464.73	1,087.03	
718669	44	461.9	474.5	368.0	474.5	261.8	4.00	4.59	0	1,704	34	4.62	5.5	20.8	0.0	0.0	52.15	31	1.2758	2.0563	465	464.94	1,101.80	
719179	44	462.3	475.2	368.5	474.5	261.8	2.81	4.59	0	1,362	35	5.94	5.5	20.8	0.0	0.0	58.34	31	1.2758	2.0563	465	465.04	1,104.22	
719718	44	462.8	475.5	368.8	475.5	262.2	1.75	4.59	0	1,212	36	3.00	5.5	20.8	0.0	0.0	27.19	31	1.2758	2.0563	465	465.25	1,025.70	
720225	44	463.1	475.8	368.8	476.2	262.2	1.75	4.59	0	1,227	36	0.81	5.5	20.8	0.0	0.0	15.94	31	1.2758	2.0563	465	465.34	983.12	
720795	43	463.4	476.5	369.5	476.5	262.5	1.75	4.59	0	1,221	36	0.81	5.5	20.8	0.0	0.0	11.79	31	1.2758	2.0563	465	465.44	968.05	
721319	43	463.8	477.2	369.5	476.8	262.5	1.44	4.59	0	1,207	36	0.56	5.5	20.8	0.0	0.0	16.99	31	1.2758	2.0563	465	465.53	965.62	
721832	43	464.1	477.2	369.8	477.5	262.5	1.25	4.59	0	1,193	35	0.56	5.5	20.8	0.0	0.0	17.23	31	1.2758	2.0563	465	465.74	964.84	
722401	43	464.4	477.5	370.0	477.5	262.5	1.25	4.59	0	1,174	35	0.56	5.5	20.8	0.0	0.0	17.04	31	1.2758	2.0563	465	465.83	969.77	
722911	44	464.8	477.8	370.0	477.5	262.8	1.44	4.59	0	1,157	34	0.56	5.5	20.8	0.0	0.0	17.13	31	1.2758	2.0563	465	465.93	969.53	
723451	44	465.2	477.2	369.8	477.5	262.5	1.44	4.59	0	1,140	34	0.56	5.5	20.8	0.0	0.0	17.32	31	1.2758	2.0563	465	466.14	969.53	
723963	44	465.6	476.8	370.0	477.2	262.8	2.62	4.59	0	1,125	33	0.81	5.5	20.8	0.0	0.0	15.80	31	1.2758	2.0563	465	466.23	959.30	
724495	44	466.0	476.5	369.8	476.8	262.8	2.62	4.59	0	1,244	34	2.75	5.5	20.8	0.0	0.0	58.48	31	1.2758	2.0563	465	466.35	968.91	
725030	44	466.5	476.8	370.2	476.5	263.2	3.00	4.59	0	1,284	35	5.69	5.5	20.8	0.0	0.0	73.10	31	1.2758	2.0563	465	466.54	1,039.53	
725555	44	467.0	476.2	369.5	476.2	263.2	2.62	4.59	0	1,258	36	5.94	5.5	20.8	0.0	0.0	58.01	31	1.2758	2.0563	465	466.75	1,078.59	
726178	44	467.5	475.8	369.7	475.5	263.2	1.56	4.59	0	1,259	37	1.94	5.5	20.8	0.0	0.0	22.08	31	1.2758	2.0563	465	466.94	991.72	
726730	44	467.9	475.8	369.5	475.8	263.2	1.44	4.59	0	1,257	37	0.81	5.5	20.8	0.0	0.0	29.48	31	1.2758	2.0563	465	467.03	964.45	
727247	44	468.3	475.5	369.3	475.5	263.5	2.44	4.59	0	1,357	38	2.19	5.5	20.8	0.0	0.0	35.65	31	1.2758	2.0563	465	467.24	982.58	
727826	44	468.7	475.5	369.5	475.5	263.2	1.06	4.59	0	1,268	38	1.12	5.5	20.8	0.0	0.0	16.12	31	1.2758	2.0563	465	467.43	969.45	
728390	44	469.0	475.2	369.3	475.5	263.2	1.56	4.59	0	1,271	38	0.81	5.5	20.8	0.0	0.0	11.04	31	1.2758	2.0563	465	467.64	963.12	
728908	44	469.2	475.2	369.3	475.5	263.5	1.06	4.59	0	1,259	37	0.56	5.5	20.8	0.0	0.0	17.20	31	1.2758	2.0563	465	467.73	963.98	
729432	44	469.5	475.5	369.3	475.2	263.5	1.25	4.59	0	1,229	36	0.56	5.5	20.8	0.0	0.0	17.74	31	1.2758	2.0563	465	467.94	964.14	
729961	44	469.8	475.2	369.3	475.2	263.5	1.25	4.59	0	1,192	35	0.56	5.5	20.8	0.0	0.0	17.74	31	1.2758	2.0563	465	468.04	968.67	
730525	44	470.2	474.8	369.5	475.2	263.8	1.25	4.59	0	1,242	34	0.56	5.5	20.8	0.0	0.0	20.32	31	1.2758	2.0563	465	468.25	969.38	
731074	44	470.6	474.5	369.1	474.2	263.8	3.31	4.59	0	1,692	33	1.94	5.5	20.8	0.0	0.0	46.43	31	1.2758	2.0563	465	468.44	960.31	
731667	44	471.0	474.2	368.6	473.8	263.8	4.69	4.59	0	1,752	35	6.25	5.5	20.8	0.0	0.0	65.02	31	1.2758	2.0563	465	468.74	1,071.48	
732215	45	471.5	473.5	368.3	473.5	264.2	6.44	4.59	0	1,861	38	9.19	5.5	20.8	0.0	0.0	77.86	31	1.2758	2.0563	465	468.93	1,178.83	
732737	44	471.9	473.5	368.3	473.5	263.5	7.69	4.59	0	1,971	40	10.56	5.5	20.8	0.0	0.0	70.78	31	1.2758	2.0563	465	469.14	1,102.11	
733253	44	472.4	473.8	368.8	473.5	264.2	6.25	4.59	0	2,054	42	7.31	5.5	20.8	0.0	0.0	55.59	31	1.2758	2.0563	465	469.44	1,008.52	
733796	44	472.9	473.8	369.0	474.2	264.2	5.75	4.59	0	2,207	44	10.00	5.5	20.8	0.0	0.0	62.11	31	1.2758	2.0563	465	469.75	1,026.95	
734243	44	473.5	474.2	369.2	474.2	264.2	4.56	4.59	0	1,658	45	9.50	5.5	20.8	0.0	0.0	61.01	31	1.2758	2.0563	470	469.94	1,013.75	
734865	43	474.2	475.2	369.7	474.8	264.5	2.12	4.59	0	1,546	46	3.00	5.5	20.8	0.0	0.0	22.57	31	1.2758	2.0563	470	470.33	997.19	
735401	43	474.8	475.8	370.2	476.2	264.2	1.25	4.59	0	1,151	46	0.56	5.5	20.8	0.0	0.0	12.63	31	1.2758	2.0469	470	470.55	975.08	
735890	43	475.4	477.5	371.0	477.5	264.8	1.75	4.59	0	1,188	46	0.56	5.5	20.8	0.0	0.0	12.19	31	1.2758	2.0469	470	470.73	965.78	
736392	43	475.8	478.5	371.5	478.2	264.8	1.56	4.59	0	1,185	46	0.56	5.5	20.4	0.0	0.0	12.26	31	1.2758	2.0375	470	470.94	961.33	
736914	43	476.2	479.2	371.6	479.2	264.8	1.75	4.59	0	1,172	46	0.56	5.5	20.4	0.0	0.0	12.73	31	1.2758	2.0375	470	471.04	961.41	
737440	43	476.7	480.2	372.1	480.2	264.5	1.75	4.59	0	1,172	45	0.56	5.5	20.4	0.0	0.0	12.45	31	1.2758	2.0375	470	471.25	959.84	
737941	43	477.1	480.8	372.5	480.5	264.8	1.56	4.59	0	1,166	45	0.31	5.5	20.4	0.0	0.0	12.52	31	1.2758	2.0375	470	471.44	958.91	
738459	43	477.5	480.8	373.0	480.5	265.2	1.56	4.59	0	1,149	45	0.00	5.5	20.4	0.0	0.0	16.29	31	1.2758	2.0375	470	471.65	961.02	
739021	43	477.9	481.8	373.5	481.8	264.8	1.25	4.59	0	1,159	45	0.56	5.5	20.4	0.0	0.0	17.02	31	1.2758	2.0375	470	471.83	964.14	
739562	43	478.3	481.5	373.1	481.5	265.2	1.44	4.59	0	1,139	44	0.31	5.5	20.4	0.0	0.0	17.04	31	1.2758	2.0375	470	472.05	966.41	
740094	43	478.7	481.5	373.5	481.8	264.8	1.44	4.59	0	1,126	44	0.31	5.5	20.4	0.0	0.0	17.11	31	1.2758	2.0375	470	472.23	968.05	
740639	44	479.2	481.2	373.2	481.5	265.5	1.44	4.59	0	1,111	43	0.56	5.5	20.4	0.0	0.0	16.99	31	1.2758	2.0375	470	472.44	968.36	
741169	44	479.6	480.8	373.2	481.2	265.2	1.56	4.59	0	1,074	42	0.31	5.5	20.4	0.0	0.0	14.32	31	1.2758	2.0375	470	472.63	966.95	
741676	44	480.0	481.2	373.0	480.8	265.2	1.25	4.59	0	1,391	41	0.81	5.5	20.4	0.0	0.0	13.52	31	1.2758	2.0375	470	472.84	965.08	
742184	44	480.4	480.5	373.0	480.5	265.5	1.06	4.59	0	1,360	40	1.12	5.5	20.4	0.0	0.0	17.46	31	1.2758	2.0375	470	472.94	968.75	
742703	44	480.9	480.2	372.8	480.2	265.2	0.88	4.59	0	1,319	39	0.81	5.5	20.4	0.0	0.0	17.60	31	1.2758	2.0375	470	473.15	970.70	
743277	44	481.4	479.5	372.5	479.5	265.2	1.06	4.59	0	1,318	39	0.81	5.5	20.4	0.0	0.0	17.91	31	1.2758	2.0375	470	473.33	971.88	
743803	44	481.8	479.2	372.2	479.2	265.2	1.06	4.59	0	1,282	38	0.56	5.5	20.4	0.0	0.0	17.81	31	1.2758	2.0375	470	473.55	972.19	
744371	44	482.5	478.8	372.1	478.5	265.2	1.06	4.59	0	1,253	37	0.81	5.5	20.4	0.0	0.0	17.84	31	1.2758	2.0375	470	473.73	972.42	
744900	44	482.9	477.8	371.8	477.8	265.2	1.25	4.59	0	1,193	35	0.56	5.5	20.4	0.0	0.0	17.93	31	1.2758	2.0375	470	473.94	971.88	
745466	45	483.5	477.8	371.5	477.5	265.2	1.44	4.59	0	1,061	31	0.56	5.5	20.4	0.0	0.0	19.48	31	1.2758	2.0375	470	474.13	970.23	
745975	45	484.0	477.5	371.3	477.2	265.2	1.75	4.59	0	1,060	27	0.31	5.5	20.4	0.0	0.0	11.65	31	1.2758	2.0375	470	474.34	966.48	
746488	45	484.4	476.5	371.1	476.8	265.2	1.94	4.59	0	1,106	25	0.31	5.5	20.4	0.0	0.0	13.15	31	1.2758	2.0375	470	474.44	963.52	
747075	45	484.8	476.2	370.7	475.8	265.2	1.94	4.59	0	956	24	0.31	5.5	20.4	0.0	0.0	15.07	31	1.2758	2.0375	470	474.65	961.02	
747605	45	485.2	475.8	370.5	475.8	265.2	1.94	4.59	0	967	23	0.31	5.5	20.4	0.0	0.0	20.04	31	1.2758	2.0375	470	474.83	946.25	
748128	45	485.6	475.5	370.3	475.5	265.2	3.00	4.59	0	1,440	23	3.50	5.5	20.4	0.0	0.0	48.56	31	1.2758	2.0375	475	475.05	974.45	
748648	45	486.0	474.8	369.8	474.8	264.8	2.81	4.59	0	1,456	25	4.31	5.5	20.4	0.0	0.0	54.77	31	1.2758	2.0375	475	475.23	1,012.50	
749162	45	486.4	474.8	369.8	474.8	265.2	2.62	4.59	0	1,360	26	4.62	5.5	20.4	0.0	0.0	56.18	31	1.2758	2.0375	475	475.54	1,033.98	
749698	45	486.7	474.2	369.8	474.2	265.2	2.81	4.59	0	1,392	28	4.88	5.5	20.4	0.0	0.0	56.70	31	1.2758	2.0375	475	475.84	1,049.22	
750223	45	487.1	474.5	369.7	474.2	265.2	3.12	4.59	0	1,465	29	5.44	5.5	20.4	0.0	0.0	58.80	31	1.2758	2.0375	475	476.24	1,065.31	
750790	44	487.4	474.5	370.0	474.5	264.8	3.50	4.59	0	1,538	30	5.69	5.5	20.4	0.0	0.0	56.04	31	1.2758	2.0375	475	476.64	1,081.48	
751381	44	487.7	475.2	370.0	475.5	265.2	3.31	4.59	0	1,607	32	4.88	5.5	20.4	0.0	0.0	52.03	31	1.2758	2.0375	475	476.94	1,075.16	
751939	44	487.9	476.5	370.5	476.2	265.2	3.31	4.59	0	1,667	33	3.81	5.5	20.4	0.0	0.0	49.50	31	1.2758	2.0375	475	477.44	1,071.41	
752496	44	488.3	477.5	371.3	477.5	265.2	2.81	4.59	0	1,288	34	5.69	5.5	20.4	0.0	0.0	72.30	31	1.2758	2.0375	475	477.83	1,083.67	
753041	44	488.6	478.8	371.8	478.5	265.2	3.31	4.59	0	1,308	35	8.94	5.5	20.4	0.0	0.0	76.29	31	1.2758	2.0375	475	478.23	1,079.69	
753581	44	489.0	480.2	372.5	480.5	265.2	2.81	4.59	0	1,267	36	7.56	5.5	20.4	0.0	0.0	66.30	31	1.2758	2.0375	475	478.75	1,027.66	
754137	43	489.5	481.8	373.3	482.2	265.5	2.81	4.59	0	1,307	38	5.44	5.5	20.4	0.0	0.0	57.68	31	1.2758	2.0375	475	479.24	1,046.72	
754656	43	490.0	483.8	374.3	483.8	265.5	3.00	4.59	0	1,335	38	5.44	5.5	20.4	0.0	0.0	62.88	31	1.2758	2.0375	475	479.64	1,044.30	
755199	43	490.7	485.5	375.3	485.5	264.8	2.81	4.59	0	1,367	40	7.31	5.5	20.4	0.0	0.0	65.67	31	1.2758	2.0375	480	480.13	1,023.75	
755766	43	491.4	487.2	376.1	487.5	265.5	3.00	4.59	0	1,409	41	8.38	5.5	20.4	0.0	0.0	50.72	31	1.2758	2.0375	480	480.74	1,030.94	
756321	43	492.1	489.2	377.0	489.5	265.2	1.56	4.59	0	1,399	41	1.94	5.5	20.4	0.0	0.0	18.19	31	1.2758	2.0375	480	481.14	990.23	
756910	42	492.7	491.2	378.3	491.2	265.5	2.25	4.59	0	1,466	41	1.94	5.5	20.4	0.0	0.0	37.36	31	1.2758	2.0375	480	481.54	975.16	
757447	43	493.4	493.2	379.0	493.2	265.5	3.12	4.59	0	1,509	41	5.44	5.5	20.4	0.0	0.0	59.88	31	1.2758	2.0375	480	482.03	1,018.36	
758026	43	494.4	494.8	380.0	495.5	265.5	3.81	4.59	0	1,520	42	7.56	5.5	20.4	0.0	0.0	69.38	31	1.2758	2.0375	480	482.64	1,055.31	
758539	43	495.3	496.5	380.8	496.8	265.8	4.00	4.59	0	1,550	44	9.50	5.5	20.4	0.0	0.0	70.27	31	1.2758	2.0375	480	483.13	1,061.56	
759042	43	496.3	498.2	381.8	498.5	265.5	4.19	4.59	0	1,560	45	9.50	5.5	20.4	0.0	0.0	67.34	31	1.2758	2.0375	480	483.74	1,055.62	
759624	43	497.7	500.5	382.6	500.5	266.2	4.38	4.59	0	1,595	46	9.19	5.5	20.4	0.0	0.0	65.62	31	1.2758	2.0375	480	484.35	1,050.08	
760260	43	499.1	502.5	383.8	502.5	265.8	4.56	4.59	0	1,637	48	8.94	5.5	20.4	0.0	0.0	64.85	31	1.2758	2.0375	485	485.03	1,046.56	
760819	42	500.7	504.5	385.1	504.8	266.2	5.06	4.59	0	1,687	49	8.69	5.5	20.4	0.0	0.0	60.16	31	1.2758	2.0375	485	485.85	1,074.61	
761353	42	502.5	507.2	386.3	507.5	265.5	4.19	4.59	0	1,725	50	6.50	5.5	20.4	0.0	0.0	58.92	31	1.2758	2.0375	485	486.44	1,106.72	
761875	42	504.2	509.5	387.8	509.8	266.5	3.12	4.59	0	1,453	51	8.12	5.5	20.4	0.0	0.0	71.81	31	1.2758	2.0375	485	487.23	1,109.84	
762447	42	506.0	511.8	389.0	511.8	266.2	4.00	4.59	0	1,438	52	10.00	5.5	20.4	0.0	0.0	80.16	31	1.2758	2.0375	485	487.94	1,158.36	
762997	42	508.4	514.5	390.2	514.5	266.5	4.00	4.59	0	1,471	53	11.06	5.5	20.4	0.0	0.0	73.15	31	1.2758	2.0375	485	488.85	1,116.25	
763518	42	511.1	516.5	391.8	517.2	266.5	2.62	4.59	0	1,415	54	7.06	5.5	20.4	0.0	0.0	59.02	31	1.2758	2.0375	485	489.65	1,082.81	
764035	42	513.4	518.8	392.6	519.5	266.5	1.56	4.59	0	1,381	55	3.00	5.5	20.4	0.0	0.0	21.54	31	1.2758	2.0375	490	490.35	1,010.94	
764564	42	515.3	521.8	394.1	522.2	266.8	1.25	4.59	0	1,155	54	0.81	5.5	20.4	0.0	0.0	31.05	31	1.2758	2.0375	490	491.03	969.69	
765112	42	517.2	524.2	395.5	524.2	266.8	2.25	4.59	0	1,232	55	1.94	5.5	20.4	0.0	0.0	30.23	31	1.2758	2.0375	490	491.85	984.38	
765669	42	518.9	526.5	396.5	526.5	267.2	1.44	4.59	0	1,145	55	0.81	5.5	20.4	0.0	0.0	16.08	31	1.2758	2.0375	490	492.53	968.36	
766183	42	520.2	528.2	397.7	528.2	267.5	1.75	4.59	0	1,130	54	0.56	5.5	20.4	0.0	0.0	11.72	31	1.2758	2.0375	490	493.14	962.73	
766711	42	521.5	529.8	398.5	529.8	267.2	1.56	4.59	0	1,139	54	0.31	5.5	20.4	0.0	0.0	16.34	31	1.2758	2.0375	490	493.63	962.11	
767224	42	522.6	531.5	399.3	531.2	267.5	1.44	4.59	0	1,127	54	0.56	5.5	20.4	0.0	0.0	16.97	31	1.2758	2.0375	490	494.15	962.27	
767764	42	523.7	531.8	400.1	531.8	267.8	1.44	4.59	0	1,106	53	0.31	5.5	20.4	0.0	0.0	16.38	31	1.2758	2.0375	490	494.85	966.02	
768311	42	524.7	532.8	400.1	532.8	267.8	1.44	4.59	0	1,097	52	0.56	5.5	20.4	0.0	0.0	16.83	31	1.2758	2.0375	495	495.34	966.80	
768907	42	525.7	533.5	400.5	533.2	267.8	0.88	4.59	0	1,100	52	0.56	5.5	20.4	0.0	0.0	42.49	31	1.2758	2.0375	495	495.93	957.19	
769460	43	526.9	534.2	400.8	533.8	267.8	2.44	4.59	0	1,214	52	3.25	5.5	20.4	0.0	0.0	45.33	31	1.2758	2.0375	495	496.63	987.97	
770010	43	528.3	533.5	400.7	533.5	268.2	2.25	4.59	0	1,156	52	2.44	5.5	20.4	0.0	0.0	46.76	31	1.2758	2.0375	495	497.33	995.55	
770535	43	529.3	533.5	400.7	533.5	268.2	1.75	4.59	0	1,096	53	1.94	5.5	20.4	0.0	0.0	25.24	31	1.2758	2.0375	495	497.94	982.97	
771108	43	530.1	533.5	400.7	533.5	268.5	1.56	4.59	0	1,104	52	0.56	5.5	20.4	0.0	0.0	13.92	31	1.2758	2.0375	495	498.65	968.52	
771671	43	531.0	533.5	401.0	533.5	268.2	0.69	4.59	0	1,043	51	-0.19	5.5	20.4	0.0	0.0	15.63	31	1.2758	2.0375	495	499.23	963.05	
772179	42	531.6	534.2	401.0	533.8	268.5	1.56	4.59	0	1,032	48	0.31	5.5	20.4	0.0	0.0	12.96	31	1.2758	2.0375	495	499.75	961.17	
772688	43	532.3	533.5	400.8	533.5	268.2	1.75	4.59	0	1,137	45	0.56	5.5	20.4	0.0	0.0	13.17	31	1.2758	2.0375	500	500.24	962.19	
773202	43	532.9	534.2	401.1	533.5	268.5	1.75	4.59	0	1,117	42	0.56	5.5	20.4	0.0	0.0	12.38	31	1.2758	2.0375	500	500.64	961.25	
773724	43	533.4	533.5	401.0	533.5	268.5	1.94	4.59	0	1,008	38	0.31	5.5	20.4	0.0	0.0	12.77	31	1.2758	2.0375	500	501.13	959.69	
774254	43	533.9	533.5	400.8	533.5	268.5	1.44	4.59	0	1,052	35	0.31	5.5	20.4	0.0	0.0	12.61	31	1.2758	2.0375	500	501.53	959.45	
774831	43	534.5	532.5	400.6	532.8	268.5	1.94	4.59	0	955	31	0.31	5.5	20.4	0.0	0.0	12.96	31	1.2758	2.0375	500	502.05	958.59	
775389	43	534.9	532.2	400.3	531.8	268.8	2.12	4.59	0	889	26	0.31	5.5	20.4	0.0	0.0	12.30	31	1.2758	2.0375	500	502.54	957.50	
775923	43	535.3	531.2	400.0	530.8	268.5	2.12	4.59	0	815	23	0.31	5.5	20.4	0.0	0.0	19.83	31	1.2758	2.0375	500	502.94	956.72	
776524	43	535.7	530.8	399.6	530.8	268.8	1.94	4.59	0	967	20	0.56	5.5	20.4	0.0	0.0	18.26	31	1.2758	2.0375	500	503.33	957.66	
777123	43	536.0	529.8	399.5	530.2	268.8	1.75	4.59	0	987	19	0.31	5.5	20.4	0.0	0.0	16.59	31	1.2758	2.0375	500	503.73	957.66	
777670	43	536.3	529.2	398.7	529.2	268.5	1.94	4.59	0	930	17	0.31	5.5	20.4	0.0	0.0	16.80	31	1.2758	2.0375	500	504.25	957.27	
778197	43	536.6	528.5	398.3	528.2	268.8	1.94	4.59	0	936	14	0.31	5.5	20.4	0.0	0.0	17.44	31	1.2758	2.0375	500	504.65	957.34	
778770	43	536.9	527.2	398.3	527.2	268.2	1.94	4.59	0	940	12	0.31	5.5	20.4	0.0	0.0	17.86	31	1.2758	2.0375	505	505.05	957.34	
779296	44	537.1	526.8	397.6	526.8	268.5	1.94	4.59	0	912	11	0.31	5.5	20.4	0.0	0.0	18.94	31	1.2758	2.0375	505	505.44	956.88	
779840	44	537.4	525.5	397.2	525.8	268.2	1.94	4.59	0	920	11	0.56	5.5	20.4	0.0	0.0	19.97	31	1.2758	2.0375	505	505.75	957.27	
780345	44	537.5	525.5	397.0	525.2	268.5	1.94	4.59	0	943	11	0.31	5.5	20.4	0.0	0.0	19.80	31	1.2758	2.0375	505	506.15	957.66	
780851	44	537.7	524.5	396.6	524.2	267.8	1.94	4.59	0	944	10	0.31	5.5	20.4	0.0	0.0	20.02	31	1.2758	2.0375	505	506.43	957.66	
781363	44	537.9	523.8	396.0	523.8	268.2	1.94	4.59	0	965	9	0.56	5.5	20.4	0.0	0.0	20.02	31	1.2758	2.0375	505	506.85	958.28	
781887	44	538.0	523.5	395.8	523.2	268.2	1.94	4.59	0	886	8	0.31	5.5	20.4	0.0	0.0	16.95	31	1.2758	2.0375	505	507.13	957.81	
782398	44	538.1	522.2	395.0	522.5	267.8	1.94	4.59	0	803	8	0.31	5.5	20.4	0.0	0.0	30.21	31	1.2758	2.0375	505	507.44	956.64	
782894	44	538.2	521.8	394.5	521.5	267.8	2.12	4.59	0	955	8	0.81	5.5	20.4	0.0	0.0	23.27	31	1.2758	2.0375	505	507.74	958.91	
783456	44	538.3	521.2	394.6	521.5	267.8	1.94	4.59	0	995	8	0.31	5.5	20.4	0.0	0.0	20.41	31	1.2758	2.0375	505	508.14	958.75	
783978	44	538.4	520.8	394.1	520.8	267.2	1.94	4.59	0	990	8	0.56	5.5	20.4	0.0	0.0	20.86	31	1.2758	2.0375	505	508.44	959.30	
784522	44	538.5	520.5	393.8	520.5	267.5	1.94	4.59	0	978	7	0.56	5.5	20.4	0.0	0.0	21.14	31	1.2758	2.0375	505	508.75	959.06	
785081	44	538.5	519.5	393.6	519.5	267.2	2.12	4.59	0	968	6	0.56	5.5	20.4	0.0	0.0	20.46	31	1.2758	2.0375	505	509.15	959.38	
785761	44	538.6	519.5	393.2	519.5	267.2	1.94	4.59	0	862	4	0.31	5.5	20.4	0.0	0.0	19.59	31	1.2758	2.0375	505	509.43	954.92	
786284	44	538.6	518.8	392.8	519.2	267.2	2.62	4.59	0	930	4	1.12	5.5	20.4	0.0	0.0	34.43	31	1.2758	2.0375	505	509.85	961.88	
786833	44	538.6	518.5	393.0	518.5	267.2	2.12	4.59	0	954	5	0.81	5.5	20.4	0.0	0.0	28.95	31	1.2758	2.0375	510	510.13	964.22	
787339	44	538.6	518.2	392.5	517.8	266.8	2.12	4.59	0	969	5	0.81	5.5	20.4	0.0	0.0	27.59	31	1.2758	2.0375	510	510.53	965.08	
787851	44	538.5	517.8	392.1	517.8	266.8	2.12	4.59	0	979	5	0.81	5.5	20.4	0.0	0.0	26.39	31	1.2758	2.0375	510	510.83	965.23	
788361	44	538.5	517.5	392.0	517.5	266.5	2.12	4.59	0	1,001	5	0.56	5.5	20.4	0.0	0.0	24.35	31	1.2758	2.0375	510	511.14	964.69	
788920	44	538.4	517.5	392.0	517.5	266.2	1.94	4.59	0	979	5	0.81	5.5	20.4	0.0	0.0	23.11	31	1.2758	2.0375	510	511.54	963.28	
789452	44	538.4	517.2	391.7	516.8	266.2	1.94	4.59	0	973	5	0.56	5.5	20.4	0.0	0.0	33.09	31	1.2758	2.0375	510	511.84	958.28	
789973	44	538.3	516.8	391.7	516.8	265.8	2.62	4.59	0	1,263	6	2.19	5.5	20.4	0.0	0.0	41.93	31	1.2758	2.0375	510	512.33	968.52	
790485	44	538.1	516.8	391.5	516.8	266.2	2.25	4.59	0	1,309	7	2.44	5.5	20.4	0.0	0.0	43.15	31	1.2758	2.0375	510	512.73	982.27	
790999	44	537.9	516.8	391.1	516.5	265.8	2.62	4.59	0	1,329	9	3.00	5.5	20.4	0.0	0.0	46.15	31	1.2758	2.0375	510	513.13	995.16	
791509	44	537.7	516.5	391.1	516.8	265.8	2.44	4.59	0	1,387	11	3.50	5.5	20.4	0.0	0.0	25.83	31	1.2758	2.0375	510	513.65	991.09	
792018	44	537.5	517.5	391.3	517.5	265.8	1.75	4.59	0	1,162	11	0.81	5.5	20.4	0.0	0.0	18.09	31	1.2758	2.0375	510	514.05	973.12	
792555	44	537.3	517.5	391.5	517.5	265.8	1.75	4.59	0	957	11	0.31	5.5	20.4	0.0	0.0	18.84	31	1.2758	2.0375	510	514.35	963.75	
793059	44	537.1	517.8	391.6	517.8	265.5	1.94	4.59	0	928	11	0.31	5.5	20.4	0.0	0.0	19.73	31	1.2758	2.0375	510	514.75	960.00	
793615	44	536.9	518.5	391.8	518.5	265.5	1.94	4.59	0	942	11	0.31	5.5	20.4	0.0	0.0	19.90	31	1.2758	2.0375	515	515.15	958.05	
794251	44	536.7	518.5	392.0	518.8	265.2	1.94	4.59	0	952	11	0.56	5.5	20.4	0.0	0.0	19.73	31	1.2758	2.0375	515	515.55	959.38	
794807	44	536.5	519.2	392.3	518.8	265.5	1.94	4.59	0	961	11	0.56	5.5	20.4	0.0	0.0	19.55	31	1.2758	2.0375	515	515.85	958.91	
795371	44	536.2	519.2	392.5	519.2	265.2	1.94	4.59	0	961	11	0.31	5.5	20.4	0.0	0.0	19.80	31	1.2758	2.0375	515	516.25	958.98	
795913	44	536.0	519.2	392.5	519.2	265.5	1.94	4.59	0	954	11	0.56	5.5	20.4	0.0	0.0	19.78	31	1.2758	2.0375	515	516.44	958.44	
796412	44	535.8	519.2	392.2	519.5	265.5	1.94	4.59	0	951	11	0.56	5.5	20.4	0.0	0.0	19.73	31	1.2758	2.0375	515	516.74	958.59	
796953	44	535.6	519.5	392.2	519.5	265.2	1.94	4.59	0	947	11	0.56	5.5	20.4	0.0	0.0	19.69	31	1.2758	2.0375	515	517.05	958.36	
797484	44	535.4	519.2	392.3	519.2	265.5	1.94	4.59	0	946	11	0.56	5.5	20.4	0.0	0.0	19.31	31	1.2758	2.0375	515	517.35	957.89	
797987	44	535.3	519.2	392.2	519.2	265.5	1.94	4.59	0	937	11	0.56	5.5	20.4	0.0	0.0	19.45	31	1.2758	2.0375	515	517.54	957.73	
798492	44	535.1	518.8	392.3	518.8	265.2	1.94	4.59	0	937	11	0.31	5.5	20.4	0.0	0.0	19.78	31	1.2758	2.0375	515	517.75	957.73	
798990	44	534.9	518.8	392.1	518.8	265.2	1.94	4.59	0	939	11	0.56	5.5	20.4	0.0	0.0	19.88	31	1.2758	2.0375	515	518.03	957.58	
799495	44	534.7	518.8	392.2	519.2	265.5	1.94	4.59	0	947	11	0.56	5.5	20.4	0.0	0.0	20.16	31	1.2758	2.0375	515	518.24	957.58	
800034	44	534.5	518.5	391.8	518.8	265.5	1.94	4.59	0	934	10	0.31	5.5	20.4	0.0	0.0	20.13	31	1.2758	2.0375	515	518.43	957.97	
800527	44	534.3	518.2	392.0	518.2	265.2	1.94	4.59	0	860	8	0.31	5.5	20.4	0.0	0.0	18.66	31	1.2758	2.0375	515	518.64	957.73	
801027	44	534.1	518.5	391.8	518.5	265.5	1.94	4.59	0	816	6	0.31	5.5	20.4	0.0	0.0	21.40	31	1.2758	2.0375	515	518.85	957.19	
801612	44	533.9	517.8	391.8	517.8	265.5	1.94	4.59	0	824	4	0.31	5.5	20.4	0.0	0.0	22.17	31	1.2758	2.0375	515	519.04	957.19	
802190	44	533.7	517.8	391.3	517.8	265.5	1.94	4.59	0	829	4	0.56	5.5	20.4	0.0	0.0	28.24	31	1.2758	2.0375	515	519.25	957.19	
802701	44	533.5	517.5	391.3	517.8	265.5	2.12	4.59	0	949	3	0.81	5.5	20.4	0.0	0.0	25.27	31	1.2758	2.0375	515	519.44	958.05	
803223	44	533.2	517.2	391.5	516.8	265.5	2.12	4.59	0	993	3	0.56	5.5	20.4	0.0	0.0	28.48	31	1.2758	2.0375	515	519.65	958.36	
803741	44	532.9	516.5	391.3	516.5	265.2	2.12	4.59	0	972	4	0.56	5.5	20.4	0.0	0.0	29.95	31	1.2758	2.0375	515	519.83	961.33	
804274	44	532.6	516.5	391.3	516.5	265.5	2.12	4.59	0	954	4	0.81	5.5	20.4	0.0	0.0	30.05	31	1.2758	2.0375	520	520.05	963.59	
804853	44	532.3	516.5	390.8	516.5	265.2	2.12	4.59	0	966	4	0.81	5.5	20.4	0.0	0.0	28.41	31	1.2758	2.0375	520	520.23	964.69	
805362	44	532.0	516.5	391.0	516.2	265.5	2.12	4.59	0	965	5	0.81	5.5	20.4	0.0	0.0	27.40	31	1.2758	2.0375	520	520.44	964.84	
805888	44	531.7	516.5	390.8	515.8	265.5	1.94	4.59	0	968	5	0.56	5.5	20.4	0.0	0.0	25.20	31	1.2758	2.0375	520	520.63	964.77	
806444	44	531.4	516.2	390.7	515.8	265.5	1.94	4.59	0	956	5	0.56	5.5	20.4	0.0	0.0	23.11	31	1.2758	2.0375	520	520.75	963.28	
806989	44	531.0	515.8	390.5	515.8	265.5	1.94	4.59	0	934	6	0.56	5.5	20.4	0.0	0.0	26.48	31	1.2758	2.0375	520	520.94	959.06	
807485	44	530.7	516.2	390.6	515.8	265.5	2.44	4.59	0	1,167	6	1.12	5.5	20.4	0.0	0.0	34.57	31	1.2758	2.0375	520	521.15	960.70	
807988	44	530.3	515.8	390.6	516.2	265.5	2.25	4.59	0	1,249	7	1.62	5.5	20.4	0.0	0.0	36.70	31	1.2758	2.0375	520	521.33	967.11	
808488	44	529.9	516.2	390.6	516.2	265.5	2.25	4.59	0	1,257	8	1.62	5.5	20.4	0.0	0.0	35.62	31	1.2758	2.0375	520	521.55	971.17	
808982	44	529.5	516.2	390.8	516.2	265.5	2.25	4.59	0	1,280	10	1.62	5.5	20.4	0.0	0.0	37.01	31	1.2758	2.0375	520	521.73	974.38	
809522	44	529.0	516.5	391.0	516.5	265.5	2.25	4.59	0	1,337	11	1.94	5.5	20.4	0.0	0.0	36.63	31	1.2758	2.0375	520	521.94	977.11	
810057	44	528.4	516.8	391.0	516.5	265.5	2.25	4.59	0	1,355	12	1.94	5.5	20.4	0.0	0.0	36.56	31	1.2758	2.0375	520	522.13	979.53	
810636	44	527.9	517.2	391.7	517.2	265.8	2.25	4.59	0	1,367	14	2.19	5.5	20.4	0.0	0.0	39.21	31	1.2758	2.0375	520	522.25	981.72	
811177	44	527.3	517.8	392.0	517.8	266.2	2.44	4.59	0	1,405	16	2.44	5.5	20.4	0.0	0.0	40.59	32	1.2758	2.0375	520	522.53	988.05	
811713	44	526.5	518.5	392.1	518.5	265.8	1.94	4.59	0	1,340	17	1.62	5.5	20.4	0.0	0.0	22.55	32	1.2758	2.0375	520	522.65	979.06	
812221	44	526.0	519.2	392.8	519.5	266.2	1.44	4.59	0	1,348	17	0.81	5.5	20.4	0.0	0.0	13.52	32	1.2758	2.0375	520	522.74	967.89	
812741	43	525.5	520.5	393.3	520.5	266.5	1.44	4.59	0	1,208	16	0.56	5.5	20.4	0.0	0.0	12.26	32	1.2758	2.0375	520	522.93	962.73	
813252	43	525.1	520.8	393.6	520.8	266.5	1.75	4.59	0	1,222	15	0.00	5.5	20.4	0.0	0.0	15.59	32	1.2758	2.0375	520	523.05	961.02	
813815	44	524.7	521.5	394.0	521.8	266.5	2.62	4.59	0	1,122	14	0.56	5.5	20.4	0.0	0.0	11.88	32	1.2758	2.0375	520	523.14	960.47	
814335	44	524.3	522.2	394.3	522.2	266.8	1.94	4.59	0	1,119	14	0.56	5.5	20.4	0.0	0.0	21.00	32	1.2758	2.0375	520	523.23	960.39	
814880	44	524.0	522.2	394.5	522.2	266.5	1.94	4.59	0	1,170	14	0.81	5.5	20.4	0.0	0.0	30.35	32	1.2758	2.0375	520	523.35	957.89	
815402	44	523.5	522.5	394.8	522.5	267.5	2.44	4.59	0	1,235	15	1.62	5.5	20.4	0.0	0.0	37.34	32	1.2758	2.0375	520	523.44	965.31	
815923	44	523.1	522.5	394.6	522.5	267.5	2.25	4.59	0	1,396	17	2.19	5.5	20.4	0.0	0.0	35.74	32	1.2758	2.0375	520	523.54	976.25	
816471	44	522.6	522.8	395.0	522.8	267.2	1.75	4.59	0	1,389	17	1.62	5.5	20.4	0.0	0.0	21.45	32	1.2758	2.0375	520	523.63	970.23	
817063	44	522.1	522.8	395.3	523.2	267.8	1.56	4.59	0	1,372	18	1.12	5.5	20.4	0.0	0.0	12.26	32	1.2758	2.0375	520	523.75	963.98	
817564	44	521.7	523.5	395.3	523.5	267.8	1.75	4.59	0	1,275	17	0.31	5.5	20.4	0.0	0.0	16.92	32	1.2758	2.0375	520	523.84	962.97	
818102	44	521.4	523.5	395.6	523.5	268.2	1.56	4.59	0	1,148	16	1.12	5.5	20.4	0.0	0.0	12.30	32	1.2758	2.0375	520	523.84	962.73	
818603	44	521.1	523.8	395.8	523.5	268.2	1.94	4.59	0	1,191	15	0.56	5.5	20.4	0.0	0.0	12.52	32	1.2758	2.0375	520	523.94	960.16	
819222	44	520.9	523.8	395.8	523.8	268.2	1.75	4.59	0	1,209	15	0.81	5.5	20.4	0.0	0.0	20.84	32	1.2758	2.0375	520	523.94	960.62	
819734	44	520.6	523.8	396.1	523.8	268.5	1.94	4.59	0	1,196	15	1.12	5.5	20.4	0.0	0.0	27.98	32	1.2758	2.0375	520	524.03	959.77	
820321	44	520.1	523.5	396.1	523.5	268.5	2.12	4.59	0	1,247	16	1.12	5.5	20.4	0.0	0.0	26.32	32	1.2758	2.0375	520	524.03	961.41	
820848	44	519.8	523.5	396.1	523.5	268.8	1.75	4.59	0	1,255	16	0.81	5.5	20.4	0.0	0.0	14.13	32	1.2758	2.0375	520	524.03	961.88	
821354	44	519.5	523.5	396.1	523.5	268.8	1.44	4.59	0	1,240	16	0.81	5.5	20.4	0.0	0.0	12.45	32	1.2758	2.0375	520	524.03	960.47	
821853	44	519.2	523.2	396.0	523.5	268.8	1.56	4.59	0	1,212	15	0.56	5.5	20.4	0.0	0.0	12.26	32	1.2758	2.0375	520	524.03	959.38	
822429	44	518.9	523.2	396.2	523.2	269.2	1.56	4.59	0	1,157	15	0.56	5.5	20.4	0.0	0.0	12.23	32	1.2758	2.0375	520	524.03	957.81	
822949	44	518.6	523.2	396.3	523.2	269.2	1.75	4.59	0	1,091	14	0.56	5.5	20.4	0.0	0.0	12.07	32	1.2758	2.0375	520	524.03	959.30	
823460	44	518.3	522.8	396.1	522.8	269.5	1.94	4.59	0	1,060	13	0.31	5.5	20.4	0.0	0.0	12.84	32	1.2758	2.0375	520	524.03	958.75	
823983	44	518.0	522.8	396.0	522.5	269.8	1.94	4.59	0	1,003	13	0.00	5.5	20.4	0.0	0.0	15.12	32	1.2758	2.0375	520	523.94	955.86	
824542	44	517.7	522.2	396.0	522.2	269.8	1.94	4.59	0	1,042	13	0.81	5.5	20.4	0.0	0.0	37.95	32	1.2758	2.0375	520	523.94	955.31	
825066	45	517.3	521.8	396.2	521.8	270.2	2.62	4.59	0	1,352	14	2.75	5.5	20.4	0.0	0.0	44.98	32	1.2758	2.0375	520	523.94	970.78	
825574	45	516.9	521.5	395.8	521.5	270.2	2.12	4.59	0	1,397	15	2.44	5.5	20.4	0.0	0.0	25.03	32	1.2758	2.0375	520	523.84	977.58	
826084	45	516.5	521.5	396.0	521.5	270.5	1.56	4.59	0	1,219	15	0.81	5.5	20.4	0.0	0.0	14.32	32	1.2758	2.0375	520	523.84	968.44	
826638	44	516.1	521.5	395.8	521.2	270.5	2.12	4.59	0	1,201	15	1.12	5.5	20.4	0.0	0.0	28.43	32	1.2758	2.0375	520	523.75	958.83	
827263	44	515.6	521.2	396.0	521.2	270.5	1.94	4.59	0	1,322	16	1.38	5.5	20.4	0.0	0.0	24.84	32	1.2758	2.0375	520	523.75	963.44	
827790	44	515.2	521.2	395.8	521.2	270.8	1.75	4.59	0	1,229	16	0.81	5.5	20.4	0.0	0.0	13.43	32	1.2758	2.0375	520	523.63	961.41	
828376	44	514.7	521.2	396.3	521.2	271.2	1.56	4.59	0	1,214	15	0.56	5.5	20.4	0.0	0.0	12.40	32	1.2758	2.0375	520	523.63	962.81	
828884	44	514.3	521.5	396.3	521.5	271.2	2.25	4.59	0	1,096	14	0.56	5.5	20.4	0.0	0.0	12.54	32	1.2758	2.0375	520	523.54	961.17	
829457	44	513.9	521.2	396.3	521.2	271.5	1.94	4.59	0	987	12	0.31	5.5	20.4	0.0	0.0	13.45	32	1.2758	2.0375	520	523.54	959.92	
829954	44	513.6	521.2	396.5	521.5	271.2	1.56	4.59	0	831	10	0.00	5.5	20.4	0.0	0.0	15.33	32	1.2758	2.0375	520	523.44	957.73	
830504	44	513.3	521.2	396.6	521.5	271.8	2.12	4.59	0	868	10	0.56	5.5	20.4	0.0	0.0	25.10	32	1.2758	2.0375	520	523.44	957.81	
831015	45	512.9	520.8	396.5	520.8	271.5	1.94	4.59	0	933	10	0.31	5.5	20.4	0.0	0.0	21.61	32	1.2758	2.0375	520	523.35	958.36	
831535	45	512.6	520.8	396.5	520.8	272.2	1.94	4.59	0	944	10	0.56	5.5	20.4	0.0	0.0	21.35	32	1.2758	2.0375	520	523.23	958.83	
832079	45	512.3	520.5	396.0	520.5	271.8	1.94	4.59	0	939	10	0.56	5.5	20.4	0.0	0.0	21.21	32	1.2758	2.0375	520	523.23	958.75	
832658	45	511.9	520.5	396.3	520.5	272.2	1.94	4.59	0	947	10	0.56	5.5	20.4	0.0	0.0	20.91	32	1.2758	2.0375	520	523.14	958.83	
833176	45	511.6	519.8	396.0	519.8	272.2	1.94	4.59	0	934	9	0.31	5.5	20.4	0.0	0.0	21.52	32	1.2758	2.0375	520	523.05	958.44	
833747	45	511.2	519.8	396.3	519.8	272.5	1.94	4.59	0	912	8	0.56	5.5	20.4	0.0	0.0	21.26	32	1.2758	2.0375	520	522.93	958.75	
834275	45	510.9	519.5	395.8	519.2	272.5	1.94	4.59	0	825	7	0.56	5.5	20.4	0.0	0.0	21.47	32	1.2758	2.0375	520	522.93	958.20	
834828	45	510.6	518.8	395.8	519.2	272.8	1.94	4.59	0	805	6	0.56	5.5	20.4	0.0	0.0	26.55	32	1.2758	2.0375	520	522.83	957.50	
835353	45	510.2	518.8	396.0	518.5	272.8	2.12	4.59	0	958	6	0.56	5.5	20.4	0.0	0.0	25.48	32	1.2758	2.0375	520	522.74	959.30	
835991	45	509.9	518.2	395.6	518.5	273.2	1.75	4.59	0	977	6	0.31	5.5	20.4	0.0	0.0	21.75	32	1.2758	2.0375	520	522.65	959.45	
836558	45	509.5	518.5	395.7	518.5	272.8	2.12	4.59	0	983	6	0.56	5.5	20.4	0.0	0.0	22.36	32	1.2758	2.0375	520	522.53	959.77	
837111	45	509.1	518.2	395.3	517.8	273.2	1.94	4.59	0	971	6	0.31	5.5	20.4	0.0	0.0	22.03	32	1.2758	2.0375	520	522.44	959.53	
837611	45	508.7	517.5	395.5	517.5	273.2	1.94	4.59	0	949	6	0.56	5.5	20.4	0.0	0.0	23.11	32	1.2758	2.0375	520	522.34	959.61	
838137	45	508.4	517.5	395.5	517.8	273.2	1.94	4.59	0	942	5	0.56	5.5	20.4	0.0	0.0	23.18	32	1.2758	2.0375	520	522.34	958.75	
838650	45	508.1	517.5	395.5	517.8	273.5	2.12	4.59	0	947	5	0.56	5.5	20.4	0.0	0.0	26.13	32	1.2758	2.0375	520	522.25	960.16	
839210	45	507.6	517.2	395.1	516.8	273.5	1.94	4.59	0	956	6	0.56	5.5	20.4	0.0	0.0	23.04	32	1.2758	2.0375	520	522.13	960.62	
839724	45	507.3	516.8	395.1	517.2	273.5	1.94	4.59	0	946	6	0.56	5.5	20.4	0.0	0.0	22.76	32	1.2758	2.0375	520	522.04	959.84	
840256	45	507.0	517.2	395.1	517.2	273.8	2.12	4.59	0	967	6	0.56	5.5	20.4	0.0	0.0	33.59	32	1.2758	2.0375	520	521.94	958.20	
840803	45	506.5	516.8	395.3	516.8	273.8	2.44	4.59	0	1,255	7	1.94	5.5	20.4	0.0	0.0	41.84	32	1.2758	2.0375	520	521.73	965.16	
841325	45	506.0	516.8	395.1	516.8	274.2	2.44	4.59	0	1,364	8	3.00	5.5	20.4	0.0	0.0	45.66	32	1.2758	2.0375	520	521.64	982.19	
841846	45	505.4	516.8	395.3	516.8	273.8	2.44	4.59	0	1,394	10	3.25	5.5	20.4	0.0	0.0	38.98	32	1.2758	2.0375	520	521.55	996.72	
842371	45	504.8	517.5	395.7	517.2	273.8	2.12	4.59	0	1,346	11	1.62	5.5	20.4	0.0	0.0	29.58	32	1.2758	2.0375	520	521.33	987.11	
842898	45	504.2	517.5	396.0	517.8	274.2	1.94	4.59	0	1,349	12	1.38	5.5	20.4	0.0	0.0	27.77	32	1.2758	2.0375	520	521.24	977.50	
843477	45	503.6	517.8	396.3	518.2	274.5	2.25	4.59	0	1,414	13	1.94	5.5	20.4	0.0	0.0	34.71	32	1.2758	2.0375	520	521.03	977.50	
843996	45	502.9	518.5	396.5	518.8	274.8	2.25	4.59	0	1,471	14	1.94	5.5	20.4	0.0	0.0	29.06	32	1.2758	2.0375	520	520.94	978.98	
844610	45	502.3	519.5	397.0	519.5	274.5	2.12	4.59	0	1,423	15	1.38	5.5	20.4	0.0	0.0	22.83	32	1.2758	2.0375	520	520.75	977.19	
845131	45	501.8	520.2	397.3	520.5	274.8	1.56	4.59	0	1,292	16	1.12	5.5	20.4	0.0	0.0	18.23	32	1.2758	2.0375	520	520.54	969.92	
845681	44	501.1	521.5	398.3	521.2	274.8	1.94	4.59	0	1,274	16	1.12	5.5	20.4	0.0	0.0	23.70	32	1.2758	2.0375	520	520.44	965.70	
846186	44	500.7	522.2	398.5	522.2	275.2	2.44	4.59	0	1,373	16	1.94	5.5	20.4	0.0	0.0	18.66	32	1.2758	2.0375	520	520.23	963.67	
846732	44	500.2	522.5	398.7	522.8	275.2	1.44	4.59	0	1,248	16	0.81	5.5	20.4	0.0	0.0	13.78	32	1.2758	2.0375	520	520.14	961.09	
847303	44	499.7	523.5	399.5	523.5	275.8	1.44	4.59	0	1,239	16	0.81	5.5	20.4	0.0	0.0	23.16	32	1.2758	2.0375	520	519.93	956.17	
847823	44	499.2	523.8	399.8	523.8	275.8	2.25	4.59	0	1,309	16	1.38	5.5	20.4	0.0	0.0	33.80	32	1.2758	2.0375	515	519.74	959.84	
848343	45	498.8	524.5	400.0	524.8	275.8	2.44	4.59	0	1,451	17	2.44	5.5	20.4	0.0	0.0	41.86	32	1.2758	2.0375	515	519.53	972.81	
848880	45	498.2	525.2	400.7	524.8	276.5	2.25	4.59	0	1,455	19	2.44	5.5	20.4	0.0	0.0	34.66	32	1.2758	2.0375	515	519.34	986.56	
849395	45	497.7	525.5	401.0	525.5	276.5	2.12	4.59	0	1,532	20	2.19	5.5	20.4	0.0	0.0	18.38	32	1.2758	2.0375	515	519.13	977.03	
849936	44	497.2	526.2	401.5	526.5	276.8	1.44	4.59	0	1,521	20	1.12	5.5	20.4	0.0	0.0	12.14	32	1.2758	2.0375	515	518.94	967.42	
850452	44	496.8	526.8	401.6	526.8	276.8	1.25	4.59	0	1,512	19	1.12	5.5	20.4	0.0	0.0	14.65	32	1.2758	2.0375	515	518.73	963.67	
850960	44	496.4	527.5	402.1	527.5	276.8	0.88	4.59	0	1,401	18	0.81	5.5	20.4	0.0	0.0	17.95	32	1.2758	2.0375	515	518.64	964.38	
851484	44	496.1	527.8	402.5	527.8	277.2	0.88	4.59	0	1,352	17	0.81	5.5	20.4	0.0	0.0	18.54	32	1.2758	2.0375	515	518.43	965.00	
852000	44	496.0	528.2	402.8	527.8	277.2	1.06	4.59	0	1,289	16	0.81	5.5	20.4	0.0	0.0	17.91	32	1.2758	2.0375	515	518.33	970.86	
852692	45	495.8	528.2	403.0	528.5	277.5	2.44	4.59	0	1,198	15	1.12	5.5	20.4	0.0	0.0	12.23	32	1.2758	2.0375	515	518.15	969.30	
853211	45	495.7	528.2	403.0	528.2	277.8	2.25	4.59	0	1,197	15	0.81	5.5	20.4	0.0	0.0	34.73	32	1.2758	2.0375	515	517.94	961.80	
853764	45	495.5	528.2	403.1	528.5	277.8	2.44	4.59	0	1,473	16	2.19	5.5	20.4	0.0	0.0	34.55	32	1.2758	2.0375	515	517.75	975.55	
854273	45	495.2	527.8	403.0	528.2	277.5	2.12	4.59	0	1,374	18	1.62	5.5	20.4	0.0	0.0	27.38	32	1.2758	2.0375	515	517.44	977.27	
854814	45	494.9	527.8	403.2	528.2	278.2	1.94	4.59	0	1,422	18	1.38	5.5	20.4	0.0	0.0	24.49	32	1.2758	2.0375	515	517.23	972.58	
855399	45	494.5	527.5	403.1	527.8	278.5	1.94	4.59	0	1,481	19	1.38	5.5	20.4	0.0	0.0	24.00	32	1.2758	2.0375	515	517.05	969.14	
855911	45	494.2	528.2	403.3	528.2	278.5	1.94	4.59	0	1,533	20	1.62	5.5	20.4	0.0	0.0	23.58	32	1.2758	2.0375	515	516.74	968.28	
856430	45	493.9	528.2	403.5	528.2	278.5	2.25	4.59	0	1,565	20	1.94	5.5	20.4	0.0	0.0	16.90	32	1.2758	2.0375	515	516.53	965.94	
856952	45	493.5	528.5	403.7	528.2	278.8	1.56	4.59	0	1,566	20	1.12	5.5	20.4	0.0	0.0	11.79	32	1.2758	2.0375	515	516.34	961.64	
857514	45	493.2	528.8	403.8	528.5	278.8	2.12	4.59	0	1,646	20	1.62	5.5	20.4	0.0	0.0	30.02	32	1.2758	2.0375	515	516.04	961.72	
858039	45	492.8	529.2	404.0	528.8	279.5	2.44	4.59	0	1,630	21	2.19	5.5	20.4	0.0	0.0	33.14	32	1.2758	2.0375	515	515.73	975.31	
858578	45	492.3	529.5	404.2	529.2	279.5	1.56	4.59	0	1,654	21	1.62	5.5	20.4	0.0	0.0	14.46	32	1.2758	2.0375	515	515.43	970.31	
859099	45	491.9	529.8	404.5	529.8	279.5	1.56	4.59	0	1,639	21	0.81	5.5	20.4	0.0	0.0	11.84	32	1.2758	2.0375	515	515.24	965.08	
859657	44	491.5	530.2	404.8	530.2	279.8	1.94	4.59	0	1,654	21	1.38	5.5	20.4	0.0	0.0	23.93	32	1.2758	2.0375	515	515.03	957.34	
860193	45	491.2	530.5	405.1	530.5	279.8	2.62	4.59	0	1,728	22	2.19	5.5	20.4	0.0	0.0	36.26	32	1.2758	2.0375	510	514.63	970.31	
860761	45	490.6	530.8	405.3	530.8	280.2	3.00	4.59	0	1,799	23	2.75	5.5	20.4	0.0	0.0	40.83	32	1.2758	2.0375	510	514.35	995.47	
861388	45	490.1	531.2	405.7	530.8	280.2	3.12	4.59	0	1,904	25	3.00	5.5	20.4	0.0	0.0	32.11	32	1.2758	2.0375	510	513.93	998.05	
861892	45	489.5	531.8	406.0	531.8	280.5	1.75	4.59	0	1,786	25	0.31	5.5	20.4	0.0	0.0	19.01	32	1.2758	2.0375	510	513.65	979.61	
862413	44	489.1	532.5	406.3	532.5	280.8	0.88	4.59	0	1,323	24	1.12	5.5	20.4	0.0	0.0	18.49	32	1.2758	2.0375	510	513.34	971.72	
862971	44	488.9	533.2	406.8	532.8	280.8	1.25	4.59	0	1,181	24	0.56	5.5	20.4	0.0	0.0	17.79	32	1.2758	2.0375	510	513.13	967.58	
863536	44	488.7	533.8	407.3	533.5	281.2	1.44	4.59	0	1,138	23	0.56	5.5	20.4	0.0	0.0	17.48	32	1.2758	2.0375	510	512.94	965.16	
864052	45	488.6	534.5	407.8	534.2	281.5	1.56	4.59	0	1,104	22	0.56	5.5	20.4	0.0	0.0	17.34	32	1.2758	2.0375	510	512.73	968.36	
864607	45	488.5	534.2	408.0	533.8	281.5	1.56	4.59	0	1,047	21	0.31	5.5	20.4	0.0	0.0	14.25	32	1.2758	2.0375	510	512.55	966.80	
865163	45	488.4	534.2	407.8	534.2	281.5	1.75	4.59	0	925	21	0.31	5.5	20.4	0.0	0.0	14.55	32	1.2758	2.0375	510	512.33	963.12	
865717	45	488.4	534.2	408.1	534.2	281.5	1.75	4.59	0	969	20	0.31	5.5	20.4	0.0	0.0	13.80	32	1.2758	2.0375	510	512.15	961.02	
866235	45	488.3	533.8	407.8	533.5	282.2	1.75	4.59	0	998	20	0.31	5.5	20.4	0.0	0.0	14.13	32	1.2758	2.0375	510	511.94	960.16	
866770	45	488.2	532.8	407.5	532.8	281.8	1.75	4.59	0	990	20	0.31	5.5	20.4	0.0	0.0	14.16	32	1.2758	2.0375	510	511.75	959.14	
867305	45	488.2	532.5	407.3	532.8	282.2	1.75	4.59	0	975	19	0.31	5.5	20.4	0.0	0.0	14.48	32	1.2758	2.0375	510	511.54	958.28	
867859	45	488.1	532.2	407.2	532.2	282.5	1.94	4.59	0	963	19	0.31	5.5	20.4	0.0	0.0	15.19	32	1.2758	2.0375	510	511.35	957.73	
868370	45	488.0	531.8	407.0	531.5	282.5	1.94	4.59	0	952	19	0.31	5.5	20.4	0.0	0.0	15.52	32	1.2758	2.0375	510	511.14	957.11	
868880	45	487.9	530.5	406.6	530.8	282.2	1.94	4.59	0	934	18	0.31	5.5	20.4	0.0	0.0	15.63	32	1.2758	2.0375	510	511.05	957.03	
869475	45	487.8	530.5	406.3	530.2	282.5	1.94	4.59	0	925	18	0.31	5.5	20.4	0.0	0.0	16.20	32	1.2758	2.0375	510	510.74	957.03	
870074	45	487.7	529.5	406.0	529.5	282.5	1.94	4.59	0	935	16	0.31	5.5	20.4	0.0	0.0	16.73	32	1.2758	2.0375	510	510.53	956.95	
870590	45	487.6	528.8	405.8	528.8	282.8	1.94	4.59	0	946	15	0.31	5.5	20.4	0.0	0.0	16.41	32	1.2758	2.0375	510	510.34	956.80	
871182	45	487.4	527.8	405.5	527.8	282.8	1.94	4.59	0	933	14	0.31	5.5	20.4	0.0	0.0	16.59	32	1.2758	2.0375	510	510.13	956.41	
871699	45	487.3	527.2	405.1	526.5	282.8	1.94	4.59	0	943	14	0.31	5.5	20.4	0.0	0.0	17.06	32	1.2758	2.0375	510	510.04	956.72	
872224	45	487.2	526.5	404.5	526.5	282.8	1.94	4.59	0	953	14	0.31	5.5	20.4	0.0	0.0	16.99	32	1.2758	2.0375	505	509.85	956.56	
872768	45	487.0	525.8	404.3	525.8	282.5	1.94	4.59	0	954	13	0.31	5.5	20.4	0.0	0.0	16.88	32	1.2758	2.0375	505	509.64	956.72	
873291	45	486.9	525.2	404.3	524.8	283.2	1.94	4.59	0	937	13	0.31	5.5	20.4	0.0	0.0	16.97	32	1.2758	2.0375	505	509.43	956.41	
873799	45	486.8	524.5	403.3	524.2	283.2	1.94	4.59	0	939	13	0.31	5.5	20.4	0.0	0.0	17.02	32	1.2758	2.0375	505	509.24	956.64	
874379	45	486.6	523.5	403.5	523.5	283.2	1.94	4.59	0	939	13	0.31	5.5	20.4	0.0	0.0	17.30	32	1.2758	2.0375	505	509.03	956.72	
874896	45	486.4	522.8	403.3	522.5	283.5	1.94	4.59	0	945	13	0.31	5.5	20.4	0.0	0.0	16.99	32	1.2758	2.0375	505	508.94	956.80	
875428	45	486.3	522.2	402.8	521.8	283.5	1.75	4.59	0	955	12	0.31	5.5	20.4	0.0	0.0	17.13	32	1.2758	2.0375	505	508.75	956.80	
875948	45	486.1	521.5	402.6	521.2	283.2	1.75	4.59	0	958	12	0.56	5.5	20.4	0.0	0.0	16.88	32	1.2758	2.0375	505	508.54	956.72	
876453	45	486.0	520.5	402.3	520.8	283.5	1.94	4.59	0	952	12	0.56	5.5	20.4	0.0	0.0	17.27	32	1.2758	2.0375	505	508.44	956.64	
876981	45	485.8	520.5	401.8	520.2	283.8	1.94	4.59	0	954	12	0.31	5.5	20.4	0.0	0.0	17.32	32	1.2758	2.0375	505	508.23	956.80	
877549	45	485.6	519.5	401.6	519.5	283.8	1.94	4.59	0	946	12	0.31	5.5	20.4	0.0	0.0	17.51	32	1.2758	2.0375	505	508.05	957.03	
878178	45	485.5	518.8	401.3	519.2	283.5	1.94	4.59	0	928	12	0.31	5.5	20.4	0.0	0.0	17.65	32	1.2758	2.0375	505	507.93	956.95	
878689	45	485.3	518.2	401.0	518.5	283.8	1.94	4.59	0	912	11	0.31	5.5	20.4	0.0	0.0	19.62	32	1.2758	2.0375	505	507.74	956.88	
879189	46	485.1	517.5	400.6	517.2	284.2	1.94	4.59	0	932	9	0.31	5.5	20.4	0.0	0.0	20.02	32	1.2758	2.0375	505	507.53	957.34	
879686	46	484.9	516.8	400.3	516.8	284.5	1.94	4.59	0	958	8	0.31	5.5	20.4	0.0	0.0	16.52	32	1.2758	2.0375	505	507.44	957.89	
880270	46	484.7	516.5	400.3	516.5	284.2	2.12	4.59	0	818	7	0.31	5.5	20.4	0.0	0.0	19.20	32	1.2758	2.0375	505	507.25	956.41	
880779	46	484.5	515.8	400.0	515.8	283.8	1.94	4.59	0	806	6	0.56	5.5	20.4	0.0	0.0	28.15	32	1.2758	2.0375	505	507.13	956.95	
881300	46	484.3	515.5	399.6	515.2	284.2	2.12	4.59	0	995	6	0.56	5.5	20.4	0.0	0.0	20.32	32	1.2758	2.0375	505	506.94	957.89	
881813	46	484.1	514.8	399.1	514.8	284.5	1.94	4.59	0	994	7	0.31	5.5	20.4	0.0	0.0	19.85	32	1.2758	2.0375	505	506.85	957.89	
882333	46	483.9	514.2	399.1	514.5	284.2	1.94	4.59	0	966	7	0.31	5.5	20.4	0.0	0.0	20.79	32	1.2758	2.0375	505	506.64	957.89	
882853	46	483.7	514.2	399.2	514.2	284.2	1.94	4.59	0	981	7	0.31	5.5	20.4	0.0	0.0	17.98	32	1.2758	2.0375	505	506.55	957.66	
883440	46	483.5	513.2	399.0	513.2	284.5	2.25	4.59	0	1,000	7	0.81	5.5	20.4	0.0	0.0	33.52	32	1.2758	2.0375	505	506.33	956.41	
883978	46	483.2	513.5	399.1	513.2	284.5	2.25	4.59	0	1,283	8	1.94	5.5	20.4	0.0	0.0	39.47	32	1.2758	2.0375	505	506.15	963.05	
884527	46	482.8	513.2	398.6	513.2	284.5	2.44	4.59	0	1,363	10	3.00	5.5	20.4	0.0	0.0	44.79	32	1.2758	2.0375	505	505.94	979.61	
885062	46	482.4	513.2	398.6	512.8	284.5	2.44	4.59	0	1,403	12	3.50	5.5	20.4	0.0	0.0	45.87	32	1.2758	2.0375	505	505.75	996.95	
885590	46	482.0	512.8	398.6	512.8	284.8	2.62	4.59	0	1,449	14	3.50	5.5	20.4	0.0	0.0	45.82	32	1.2758	2.0375	505	505.44	1,007.27	
886126	46	481.4	513.2	398.6	513.2	284.8	2.25	4.59	0	1,440	16	3.00	5.5	20.4	0.0	0.0	33.87	32	1.2758	2.0375	505	505.23	1,009.06	
886746	46	481.0	513.5	399.1	513.8	284.8	2.81	4.59	0	1,366	17	1.94	5.5	20.4	0.0	0.0	17.60	32	1.2758	2.0375	505	504.93	977.66	
887305	45	480.6	514.5	399.7	514.5	285.2	1.44	4.59	0	1,277	16	0.81	5.5	20.4	0.0	0.0	12.38	32	1.2758	2.0375	500	504.74	966.48	
887818	45	480.2	514.8	399.8	514.8	284.8	1.75	4.59	0	1,254	16	0.81	5.5	20.4	0.0	0.0	12.05	32	1.2758	2.0375	500	504.53	962.42	
888363	45	479.8	515.5	400.2	515.5	285.2	-0.44	4.59	0	1,163	15	0.00	5.5	20.4	0.0	0.0	15.94	32	1.2758	2.0375	500	504.34	961.80	
888870	45	479.6	515.5	400.6	516.2	285.5	2.12	4.59	0	1,020	13	0.56	5.5	20.4	0.0	0.0	12.82	32	1.2758	2.0375	500	504.13	962.27	
889438	45	479.3	516.8	401.0	516.5	285.5	1.94	4.59	0	954	12	0.31	5.5	20.4	0.0	0.0	12.70	32	1.2758	2.0375	500	503.94	960.47	
889959	45	479.1	516.5	401.1	516.5	285.8	1.75	4.59	0	821	10	0.31	5.5	20.4	0.0	0.0	13.41	32	1.2758	2.0375	500	503.85	958.67	
890456	45	478.8	516.5	401.0	516.5	285.8	1.94	4.59	0	709	8	0.56	5.5	20.4	0.0	0.0	24.38	32	1.2758	2.0375	500	503.64	957.66	
891024	45	478.6	516.2	401.0	516.5	285.8	1.94	4.59	0	847	5	0.56	5.5	20.4	0.0	0.0	20.86	32	1.2758	2.0375	500	503.43	957.89	
891567	45	478.4	516.5	401.1	516.5	286.5	1.75	4.59	0	869	3	0.56	5.5	20.4	0.0	0.0	18.45	32	1.2758	2.0375	500	503.24	957.66	
892128	45	478.2	516.5	401.0	516.5	286.2	1.94	4.59	0	829	1	0.31	5.5	20.4	0.0	0.0	21.75	32	1.2758	2.0375	500	503.03	957.03	
892685	45	478.0	516.2	401.2	515.8	286.2	1.94	4.59	0	823	0	0.31	5.5	20.4	0.0	0.0	23.34	32	1.2758	2.0375	500	502.84	956.95	
893233	45	477.7	515.8	401.1	515.8	286.2	1.94	4.59	0	806	0	0.56	5.5	20.4	0.0	0.0	22.41	32	1.2758	2.0375	500	502.63	957.50	
893779	45	477.5	515.8	400.8	515.8	286.2	1.94	4.59	0	873	0	0.56	5.5	20.4	0.0	0.0	22.78	32	1.2758	2.0375	500	502.54	956.95	
894280	45	477.3	515.8	400.8	515.5	286.5	2.12	4.59	0	835	0	0.56	5.5	20.4	0.0	0.0	25.99	32	1.2758	2.0375	500	502.35	957.73	
894831	45	477.1	515.2	400.7	514.8	286.5	1.94	4.59	0	817	0	0.56	5.5	20.4	0.0	0.0	26.95	32	1.2758	2.0375	500	502.14	958.59	
895498	46	476.9	514.5	400.5	514.5	286.5	1.94	4.59	0	835	0	0.56	5.5	20.4	0.0	0.0	25.78	32	1.2758	2.0375	500	501.93	959.30	
896081	46	476.7	514.5	400.3	514.5	286.5	1.94	4.59	0	831	0	0.56	5.5	20.4	0.0	0.0	24.91	32	1.2758	2.0375	500	501.74	959.61	
896614	46	476.4	514.2	400.5	514.2	286.8	1.94	4.59	0	833	0	0.56	5.5	20.4	0.0	0.0	22.90	32	1.2758	2.0375	500	501.53	959.61	
897122	46	476.2	513.5	400.0	514.2	286.5	1.94	4.59	0	819	0	0.56	5.5	20.4	0.0	0.0	38.95	32	1.2758	2.0375	500	501.44	957.03	
897632	46	476.0	513.5	400.1	513.8	286.8	2.12	4.59	0	1,053	1	1.38	5.5	20.4	0.0	0.0	29.13	32	1.2758	2.0375	500	501.25	960.70	
898188	46	475.8	513.8	400.0	513.5	286.5	2.12	4.59	0	950	2	0.81	5.5	20.4	0.0	0.0	34.17	32	1.2758	2.0375	500	501.04	962.58	
898684	46	475.6	513.2	400.0	513.2	286.5	1.94	4.59	0	1,017	4	0.81	5.5	20.4	0.0	0.0	30.68	32	1.2758	2.0375	500	500.85	962.97	
899246	46	475.3	512.8	400.0	512.8	286.5	2.12	4.59	0	1,058	6	1.12	5.5	20.4	0.0	0.0	34.62	32	1.2758	2.0375	500	500.73	964.53	
899803	46	475.0	513.5	400.1	513.5	286.5	2.12	4.59	0	1,159	8	1.38	5.5	20.4	0.0	0.0	34.15	32	1.2758	2.0375	500	500.43	969.92	
900382	46	474.7	513.2	400.3	513.5	286.8	2.12	4.59	0	1,103	8	0.81	5.5	20.4	0.0	0.0	19.97	32	1.2758	2.0375	500	500.24	964.84	
900943	45	474.4	513.5	400.0	513.5	286.8	1.75	4.59	0	987	8	0.31	5.5	20.4	0.0	0.0	17.74	32	1.2758	2.0375	500	500.15	960.23	
901469	45	474.2	513.8	400.0	513.8	287.2	1.75	4.59	0	928	8	0.56	5.5	20.4	0.0	0.0	19.15	32	1.2758	2.0375	500	499.94	958.52	
902018	45	473.9	513.8	400.3	513.8	287.2	1.94	4.59	0	946	8	0.31	5.5	20.4	0.0	0.0	19.17	32	1.2758	2.0375	495	499.75	957.03	
902570	45	473.7	513.8	400.5	514.2	286.8	2.25	4.59	0	981	8	0.81	5.5	20.4	0.0	0.0	41.51	32	1.2758	2.0375	495	499.54	956.17	
903109	46	473.4	514.2	400.7	514.2	287.2	2.44	4.59	0	1,359	10	2.75	5.5	20.4	0.0	0.0	43.78	32	1.2758	2.0375	495	499.35	972.58	
903619	46	473.1	513.8	400.3	514.2	287.5	2.62	4.59	0	1,396	12	3.81	5.5	20.4	0.0	0.0	52.62	32	1.2758	2.0375	495	499.05	997.66	
904260	46	472.7	514.5	400.7	514.5	287.8	3.00	4.59	0	1,460	14	4.88	5.5	20.4	0.0	0.0	54.30	32	1.2758	2.0375	495	498.74	1,032.19	
904783	46	472.3	514.5	400.7	514.5	287.5	3.31	4.59	0	1,563	17	5.44	5.5	20.4	0.0	0.0	58.41	32	1.2758	2.0375	495	498.34	1,060.62	
905341	46	471.8	514.8	401.5	515.2	287.8	3.50	4.59	0	1,601	20	5.69	5.5	20.4	0.0	0.0	43.66	32	1.2758	2.0375	495	498.04	1,056.48	
905940	46	471.4	515.5	401.8	515.5	288.2	0.56	4.59	0	1,407	20	1.38	5.5	20.4	0.0	0.0	17.53	32	1.2758	2.0375	495	497.64	992.27	
906470	45	471.1	516.5	402.3	516.5	288.2	1.75	4.59	0	1,034	20	0.56	5.5	20.4	0.0	0.0	14.88	32	1.2758	2.0375	495	497.33	971.72	
907076	45	470.9	517.5	402.8	517.5	288.5	1.75	4.59	0	991	20	0.31	5.5	20.4	0.0	0.0	12.80	32	1.2758	2.0375	495	497.15	962.58	
907615	45	470.6	518.2	403.3	518.5	288.5	1.56	4.59	0	890	19	0.31	5.5	20.4	0.0	0.0	12.00	32	1.2758	2.0375	495	496.84	960.31	
908138	45	470.5	518.5	404.1	518.8	288.8	1.75	4.59	0	867	18	0.31	5.5	20.4	0.0	0.0	16.31	32	1.2758	2.0375	495	496.63	960.08	
908663	45	470.3	519.2	404.0	519.2	289.2	1.94	4.59	0	890	16	0.56	5.5	20.4	0.0	0.0	19.15	32	1.2758	2.0375	495	496.44	959.61	
909182	45	470.2	519.2	404.5	518.8	288.8	1.94	4.59	0	1,000	13	0.56	5.5	20.4	0.0	0.0	16.27	32	1.2758	2.0375	495	496.14	959.30	
909709	45	470.1	519.2	404.0	519.2	289.2	1.94	4.59	0	917	10	0.31	5.5	20.4	0.0	0.0	17.70	32	1.2758	2.0375	495	495.93	958.05	
910237	45	469.9	519.5	404.3	519.2	289.5	1.94	4.59	0	917	8	0.56	5.5	20.4	0.0	0.0	19.78	32	1.2758	2.0375	495	495.74	958.20	
910763	45	469.8	519.2	404.1	519.2	289.8	1.94	4.59	0	904	6	0.31	5.5	20.4	0.0	0.0	15.82	32	1.2758	2.0375	495	495.53	957.73	
911297	45	469.7	519.2	404.7	519.2	290.2	1.94	4.59	0	800	5	0.31	5.5	20.4	0.0	0.0	20.93	32	1.2758	2.0375	495	495.34	956.80	
911811	45	469.6	519.2	404.3	518.8	290.2	2.12	4.59	0	828	4	0.31	5.5	20.4	0.0	0.0	26.32	32	1.2758	2.0375	495	495.13	957.19	
912412	45	469.5	518.5	404.3	518.8	290.5	1.94	4.59	0	1,017	3	0.81	5.5	20.4	0.0	0.0	20.02	32	1.2758	2.0375	495	494.94	957.97	
912987	46	469.4	518.5	404.3	518.5	290.5	1.94	4.59	0	972	2	0.56	5.5	20.4	0.0	0.0	27.87	32	1.2758	2.0375	490	494.73	957.27	
913578	46	469.3	518.2	404.5	517.8	290.5	2.12	4.59	0	962	3	1.12	5.5	20.4	0.0	0.0	33.09	32	1.2758	2.0375	490	494.55	960.94	
914092	46	469.2	517.5	404.1	517.5	290.5	2.25	4.59	0	931	3	0.81	5.5	20.4	0.0	0.0	30.84	32	1.2758	2.0375	490	494.33	964.69	
914703	46	469.1	517.8	404.0	517.5	291.2	2.12	4.59	0	920	2	0.81	5.5	20.4	0.0	0.0	26.39	32	1.2758	2.0375	490	494.15	966.72	
915255	46	469.0	517.2	403.8	517.2	290.8	1.94	4.59	0	868	0	0.56	5.5	20.4	0.0	0.0	24.09	32	1.2758	2.0375	490	493.94	964.30	
915775	46	469.0	516.8	403.6	516.8	290.8	1.94	4.59	0	843	0	0.56	5.5	20.4	0.0	0.0	24.45	32	1.2758	2.0375	490	493.75	962.73	
916290	46	468.9	516.8	404.2	516.5	291.2	1.94	4.59	0	843	0	0.56	5.5	20.4	0.0	0.0	22.78	32	1.2758	2.0375	490	493.63	961.41	
916812	46	468.8	516.8	403.6	516.8	291.2	1.94	4.59	0	832	0	0.31	5.5	20.4	0.0	0.0	21.59	32	1.2758	2.0375	490	493.44	960.39	
917334	46	468.7	516.2	403.6	516.5	290.8	1.94	4.59	0	827	0	0.31	5.5	20.4	0.0	0.0	25.76	32	1.2758	2.0375	490	493.35	958.91	
917850	46	468.6	516.2	403.5	516.2	290.8	1.94	4.59	0	824	0	0.56	5.5	20.4	0.0	0.0	26.88	32	1.2758	2.0375	490	493.14	959.53	
918380	46	468.6	515.8	403.1	515.8	290.8	1.94	4.59	0	816	0	0.56	5.5	20.4	0.0	0.0	27.00	32	1.2758	2.0375	490	492.93	959.84	
918942	46	468.5	515.5	403.3	515.5	290.8	1.94	4.59	0	829	0	0.56	5.5	20.4	0.0	0.0	26.02	32	1.2758	2.0375	490	492.83	960.31	
919468	46	468.4	515.2	403.1	515.5	291.2	1.94	4.59	0	818	0	0.56	5.5	20.4	0.0	0.0	25.69	32	1.2758	2.0375	490	492.65	960.31	
920036	46	468.3	514.8	403.0	515.2	291.2	1.94	4.59	0	827	0	0.56	5.5	20.4	0.0	0.0	23.41	32	1.2758	2.0375	490	492.53	960.08	
920619	46	468.2	514.8	403.0	514.5	290.8	1.94	4.59	0	818	0	0.56	5.5	20.4	0.0	0.0	22.31	32	1.2758	2.0375	490	492.34	959.61	
921244	46	468.1	514.2	402.8	514.2	291.2	1.94	4.59	0	815	0	0.31	5.5	20.4	0.0	0.0	21.07	32	1.2758	2.0375	490	492.13	958.20	
921779	46	468.0	513.8	402.8	513.8	291.2	1.94	4.59	0	810	0	0.31	5.5	20.4	0.0	0.0	21.07	32	1.2758	2.0375	490	492.04	957.66	
922284	46	468.0	513.8	402.5	513.8	291.2	1.94	4.59	0	805	0	0.31	5.5	20.4	0.0	0.0	22.69	32	1.2758	2.0375	490	491.94	954.53	
922816	46	467.9	513.5	402.5	513.5	291.5	2.44	4.59	0	849	0	1.38	5.5	20.4	0.0	0.0	35.60	32	1.2758	2.0375	490	491.73	959.45	
923323	46	467.8	513.5	402.3	513.5	291.5	2.12	4.59	0	1,092	2	1.12	5.5	20.4	0.0	0.0	35.27	32	1.2758	2.0375	490	491.64	962.89	
923837	46	467.7	513.2	402.3	513.2	291.5	2.12	4.59	0	1,081	4	1.12	5.5	20.4	0.0	0.0	35.13	32	1.2758	2.0375	490	491.43	966.72	
924399	46	467.5	512.8	402.1	512.8	291.8	1.94	4.59	0	1,104	5	1.12	5.5	20.4	0.0	0.0	25.69	32	1.2758	2.0375	490	491.24	968.75	
924918	46	467.4	512.8	402.5	512.8	292.2	1.94	4.59	0	1,089	6	0.81	5.5	20.4	0.0	0.0	19.64	32	1.2758	2.0375	490	491.15	966.95	
925482	46	467.3	512.8	402.5	512.5	291.8	1.94	4.59	0	925	7	0.31	5.5	20.4	0.0	0.0	20.13	32	1.2758	2.0375	490	490.94	963.05	
926091	46	467.2	512.8	402.5	512.8	292.2	1.94	4.59	0	941	7	0.31	5.5	20.4	0.0	0.0	19.59	32	1.2758	2.0375	490	490.84	960.94	
926604	46	467.1	512.8	402.6	512.8	292.2	1.94	4.59	0	956	7	0.31	5.5	20.4	0.0	0.0	19.66	32	1.2758	2.0375	490	490.75	959.84	
927084	46	467.0	512.8	402.7	512.8	292.5	1.94	4.59	0	966	7	0.31	5.5	20.4	0.0	0.0	19.50	32	1.2758	2.0375	490	490.54	959.30	
927608	46	466.9	513.2	403.0	512.8	292.8	1.94	4.59	0	965	7	0.31	5.5	20.4	0.0	0.0	19.50	32	1.2758	2.0375	490	490.44	959.14	
928190	46	466.8	513.2	402.8	513.2	292.5	1.94	4.59	0	932	5	0.31	5.5	20.4	0.0	0.0	20.46	32	1.2758	2.0375	490	490.35	958.75	
928701	46	466.7	512.8	402.8	512.8	292.8	1.94	4.59	0	873	4	0.31	5.5	20.4	0.0	0.0	18.70	32	1.2758	2.0375	490	490.23	958.52	
929277	46	466.6	512.5	402.5	512.5	292.5	1.75	4.59	0	822	2	0.31	5.5	20.4	0.0	0.0	21.80	32	1.2758	2.0375	490	490.05	957.42	
929830	46	466.5	512.5	403.0	512.8	293.2	1.94	4.59	0	834	0	0.56	5.5	20.4	0.0	0.0	22.03	32	1.2758	2.0375	490	489.93	957.73	
930335	46	466.4	512.5	402.6	512.5	292.8	1.94	4.59	0	843	0	0.56	5.5	20.4	0.0	0.0	21.09	32	1.2758	2.0375	485	489.83	957.42	
930867	46	466.3	512.5	402.8	512.2	293.2	1.94	4.59	0	836	0	0.31	5.5	20.4	0.0	0.0	20.86	32	1.2758	2.0375	485	489.65	957.27	
931416	46	466.2	512.2	402.6	512.2	293.5	1.94	4.59	0	831	0	0.31	5.5	20.4	0.0	0.0	21.26	32	1.2758	2.0375	485	489.53	957.11	
931975	46	466.1	512.2	402.5	511.8	293.5	1.94	4.59	0	826	0	0.31	5.5	20.4	0.0	0.0	21.40	32	1.2758	2.0375	485	489.44	957.34	
932525	46	466.0	511.5	402.3	511.5	293.5	1.94	4.59	0	826	0	0.31	5.5	20.4	0.0	0.0	21.47	32	1.2758	2.0375	485	489.34	957.11	
933031	46	465.9	511.2	402.3	511.2	293.5	1.94	4.59	0	824	0	0.31	5.5	20.4	0.0	0.0	21.35	32	1.2758	2.0375	485	489.25	957.03	
933545	46	465.8	511.2	402.3	510.8	293.5	1.94	4.59	0	822	0	0.31	5.5	20.4	0.0	0.0	21.45	32	1.2758	2.0375	485	489.13	957.03	
934117	46	465.6	510.8	402.3	510.8	293.8	1.94	4.59	0	821	0	0.31	5.5	20.4	0.0	0.0	21.28	32	1.2758	2.0375	485	488.94	957.03	
934647	46	465.5	510.5	401.8	510.2	294.2	1.94	4.59	0	817	0	0.56	5.5	20.4	0.0	0.0	21.40	32	1.2758	2.0375	485	488.85	956.88	
935185	46	465.4	510.2	402.0	510.2	294.2	1.75	4.59	0	814	0	0.56	5.5	20.4	0.0	0.0	21.40	32	1.2758	2.0375	485	488.73	956.95	
935744	46	465.3	509.5	401.8	509.8	293.8	1.94	4.59	0	814	0	0.31	5.5	20.4	0.0	0.0	21.38	32	1.2758	2.0375	485	488.64	956.95	
936318	46	465.2	509.5	401.8	509.2	294.2	1.94	4.59	0	809	0	0.31	5.5	20.4	0.0	0.0	21.40	32	1.2758	2.0375	485	488.55	956.72	
936877	46	465.1	509.2	401.5	509.2	294.2	1.94	4.59	0	807	0	0.31	5.5	20.4	0.0	0.0	21.54	32	1.2758	2.0375	485	488.33	956.95	
937392	46	465.0	508.8	401.5	508.5	294.2	1.94	4.59	0	801	0	0.31	5.5	20.4	0.0	0.0	21.61	32	1.2758	2.0375	485	488.24	956.88	
938038	46	464.8	508.2	401.5	508.2	294.2	1.94	4.59	0	798	0	0.31	5.5	20.4	0.0	0.0	21.40	32	1.2758	2.0375	485	488.15	956.64	
938558	46	464.7	508.5	401.3	508.5	294.5	1.94	4.59	0	800	0	0.31	5.5	20.4	0.0	0.0	21.84	32	1.2758	2.0375	485	488.03	955.62	
939062	46	464.6	507.8	401.3	507.8	294.5	1.94	4.59	0	786	0	0.56	5.5	20.4	0.0	0.0	27.21	32	1.2758	2.0375	485	487.94	956.80	
939627	46	464.5	507.5	401.0	507.8	294.2	1.94	4.59	0	792	0	0.81	5.5	20.4	0.0	0.0	27.59	32	1.2758	2.0375	485	487.84	957.66	
940189	46	464.3	507.5	401.0	507.5	294.8	1.94	4.59	0	792	0	0.81	5.5	20.4	0.0	0.0	27.33	32	1.2758	2.0375	485	487.75	958.91	
940689	46	464.2	507.2	400.8	507.2	294.5	1.94	4.59	0	815	0	0.56	5.5	20.4	0.0	0.0	26.84	32	1.2758	2.0375	485	487.63	959.30	
941274	46	464.1	506.5	400.8	506.5	294.5	1.94	4.59	0	812	0	0.56	5.5	20.4	0.0	0.0	25.59	32	1.2758	2.0375	485	487.44	959.77	
941794	46	463.9	506.5	400.6	506.5	294.8	1.94	4.59	0	815	0	0.56	5.5	20.4	0.0	0.0	24.21	32	1.2758	2.0375	485	487.35	958.75	
942324	46	463.8	506.5	400.5	506.2	295.2	2.25	4.59	0	960	0	0.81	5.5	20.4	0.0	0.0	35.60	32	1.2758	2.0375	485	487.23	958.98	
942869	47	463.6	506.2	400.5	505.8	295.2	2.12	4.59	0	1,080	1	1.12	5.5	20.4	0.0	0.0	38.81	32	1.2758	2.0375	485	487.14	961.33	
943395	47	463.4	505.8	400.5	505.8	294.8	2.44	4.59	0	1,195	3	1.94	5.5	20.4	0.0	0.0	41.09	32	1.2758	2.0375	485	486.93	970.70	
943944	47	463.2	505.8	400.5	506.2	295.8	2.25	4.59	0	1,260	6	2.19	5.5	20.4	0.0	0.0	39.59	32	1.2758	2.0375	485	486.83	978.36	
944482	47	462.9	505.8	400.5	505.8	295.5	2.25	4.59	0	1,330	9	2.19	5.5	20.4	0.0	0.0	39.91	32	1.2758	2.0375	485	486.65	982.81	
945003	47	462.7	506.2	400.8	506.2	295.8	2.44	4.59	0	1,391	11	2.75	5.5	20.4	0.0	0.0	42.33	32	1.2758	2.0375	485	486.53	988.98	
945522	47	462.4	506.5	401.1	506.5	295.8	2.44	4.59	0	1,477	12	3.81	5.5	20.4	0.0	0.0	47.06	32	1.2758	2.0375	485	486.34	1,006.48	
946046	47	462.1	506.5	401.5	506.5	295.8	2.44	4.59	0	1,417	14	4.06	5.5	20.4	0.0	0.0	48.40	32	1.2758	2.0375	485	486.13	1,022.58	
946719	47	461.8	507.2	401.7	507.5	296.2	2.44	4.59	0	1,403	16	3.50	5.5	20.4	0.0	0.0	46.45	32	1.2758	2.0375	485	485.73	1,022.27	
947275	46	461.5	508.2	402.2	508.2	296.2	2.81	4.59	0	1,490	18	4.31	5.5	20.4	0.0	0.0	52.38	32	1.2758	2.0375	485	485.43	1,030.70	
947779	46	461.3	509.2	402.6	509.2	296.5	3.50	4.59	0	1,646	21	4.88	5.5	20.4	0.0	0.0	53.44	32	1.2758	2.0375	485	485.24	1,057.11	
948287	46	461.1	510.2	403.3	510.2	296.8	3.81	4.59	0	1,775	23	4.88	5.5	20.4	0.0	0.0	50.18	32	1.2758	2.0375	485	484.94	1,071.48	
948797	46	461.0	510.8	404.0	510.8	297.2	3.31	4.59	0	1,863	24	3.25	5.5	20.4	0.0	0.0	36.56	32	1.2758	2.0375	480	484.54	1,060.78	
949326	46	461.0	512.2	404.7	511.8	296.8	1.75	4.59	0	1,635	25	1.94	5.5	20.4	0.0	0.0	19.57	32	1.2758	2.0375	480	484.35	1,011.17	
949832	46	461.1	513.2	405.5	513.5	297.2	1.94	4.59	0	1,330	25	0.81	5.5	20.4	0.0	0.0	14.79	32	1.2758	2.0375	480	484.05	981.09	
950368	46	461.1	514.5	405.8	514.8	297.5	1.56	4.59	0	1,169	24	0.56	5.5	20.4	0.0	0.0	12.28	32	1.2758	2.0375	480	483.83	967.27	
950893	46	461.2	515.5	406.6	515.8	297.8	1.56	4.59	0	1,170	24	0.56	5.5	20.4	0.0	0.0	11.91	32	1.2758	2.0375	480	483.65	961.95	
951489	46	461.3	516.8	407.5	516.8	297.8	1.75	4.59	0	1,156	23	0.56	5.5	20.4	0.0	0.0	12.28	32	1.2758	2.0375	480	483.44	959.53	
952081	46	461.4	518.2	408.0	517.8	298.2	1.94	4.59	0	1,123	23	0.56	5.5	20.4	0.0	0.0	12.21	32	1.2758	2.0375	480	483.25	960.39	
952623	46	461.5	518.2	408.3	518.2	298.8	1.75	4.59	0	1,109	22	0.31	5.5	20.4	0.0	0.0	12.14	32	1.2758	2.0375	480	483.04	959.61	
953192	46	461.6	518.8	408.8	518.5	298.8	1.75	4.59	0	1,088	22	0.31	5.5	20.4	0.0	0.0	12.30	32	1.2758	2.0375	480	482.85	958.59	
953706	46	461.7	518.8	409.0	518.8	298.8	1.75	4.59	0	1,052	21	0.31	5.5	20.4	0.0	0.0	13.31	32	1.2758	2.0375	480	482.73	957.89	
954245	46	461.7	518.8	409.1	518.5	299.5	1.75	4.59	0	847	21	0.31	5.5	20.4	0.0	0.0	21.96	32	1.2758	2.0375	480	482.55	956.64	
954758	46	461.8	519.2	409.1	518.8	299.5	1.75	4.59	0	959	21	0.56	5.5	20.4	0.0	0.0	18.94	32	1.2758	2.0375	480	482.43	957.89	
955360	46	461.9	518.8	409.1	518.8	299.5	1.75	4.59	0	1,010	20	0.56	5.5	20.4	0.0	0.0	15.05	32	1.2758	2.0375	480	482.33	957.73	
955858	46	462.0	518.5	409.1	518.5	299.8	1.75	4.59	0	977	20	0.31	5.5	20.4	0.0	0.0	15.68	32	1.2758	2.0375	480	482.15	957.58	
956374	46	462.1	518.5	409.3	518.2	300.2	1.94	4.59	0	957	19	0.31	5.5	20.4	0.0	0.0	16.36	32	1.2758	2.0375	480	482.03	957.19	
956928	46	462.2	518.2	409.2	518.2	300.2	1.75	4.59	0	931	18	0.31	5.5	20.4	0.0	0.0	17.04	32	1.2758	2.0375	480	481.94	956.88	
957439	46	462.3	517.8	409.1	517.8	300.5	1.94	4.59	0	937	18	0.31	5.5	20.4	0.0	0.0	17.46	32	1.2758	2.0375	480	481.84	957.11	
957946	46	462.4	517.5	408.8	517.5	300.8	1.94	4.59	0	947	18	0.31	5.5	20.4	0.0	0.0	17.41	32	1.2758	2.0375	480	481.75	956.95	
958526	46	462.5	516.8	408.8	516.8	301.2	1.94	4.59	0	946	18	0.31	5.5	20.4	0.0	0.0	17.32	32	1.2758	2.0375	480	481.63	956.80	
959058	46	462.6	516.5	408.8	516.5	300.8	1.75	4.59	0	939	17	0.31	5.5	20.4	0.0	0.0	17.06	32	1.2758	2.0375	480	481.54	956.80	
959571	46	462.7	515.8	408.7	515.8	301.5	1.94	4.59	0	933	17	0.31	5.5	20.4	0.0	0.0	17.30	32	1.2758	2.0375	480	481.44	956.64	
960126	46	462.8	515.5	408.3	515.5	301.2	2.12	4.59	0	1,006	17	0.56	5.5	20.4	0.0	0.0	40.45	32	1.2758	2.0375	480	481.35	949.14	
960648	47	462.9	514.8	408.3	514.8	301.5	2.62	4.59	0	1,430	18	3.81	5.5	20.4	0.0	0.0	48.94	32	1.2758	2.0375	480	481.23	981.72	
961168	47	463.0	514.5	408.0	514.2	301.5	2.81	4.59	0	1,547	19	3.81	5.5	20.4	0.0	0.0	49.59	32	1.2758	2.0375	480	481.14	1,011.02	
961703	47	463.1	514.2	407.8	513.8	301.8	3.00	4.59	0	1,660	21	3.81	5.5	20.4	0.0	0.0	44.02	32	1.2758	2.0375	480	480.93	1,026.48	
962213	47	463.3	513.8	407.6	514.2	301.5	2.81	4.59	0	1,766	23	2.75	5.5	20.4	0.0	0.0	36.30	32	1.2758	2.0375	480	480.83	1,028.12	
962722	47	463.5	514.2	407.8	513.8	301.8	2.25	4.59	0	1,844	24	1.94	5.5	20.4	0.0	0.0	26.18	32	1.2758	2.0375	480	480.74	1,003.12	
963354	47	463.7	514.2	408.0	514.2	302.2	0.69	4.59	0	1,536	24	0.00	5.5	20.4	0.0	0.0	14.58	32	1.2758	2.0375	480	480.65	975.70	
963871	46	463.8	514.8	408.3	514.8	302.2	1.56	4.59	0	1,105	24	0.31	5.5	20.4	0.0	0.0	34.95	32	1.2758	2.0375	480	480.53	962.97	
964364	46	464.0	514.8	408.1	514.8	301.8	2.62	4.59	0	1,384	24	3.50	5.5	20.4	0.0	0.0	55.97	32	1.2758	2.0375	480	480.34	988.52	
964860	47	464.2	514.8	408.8	515.5	302.5	2.81	4.59	0	1,370	26	5.12	5.5	20.4	0.0	0.0	61.17	32	1.2758	2.0375	480	480.25	1,030.23	
965398	47	464.5	516.2	409.1	515.5	302.8	2.62	4.59	0	1,373	28	4.88	5.5	20.4	0.0	0.0	48.56	32	1.2758	2.0375	480	480.13	1,055.94	
965928	47	464.7	516.2	409.1	516.2	302.5	1.94	4.59	0	1,326	28	1.62	5.5	20.4	0.0	0.0	17.91	32	1.2758	2.0375	480	480.04	993.36	
966483	46	464.9	516.5	409.5	516.5	303.2	1.44	4.59	0	1,381	28	1.12	5.5	20.4	0.0	0.0	22.34	32	1.2758	2.0375	480	479.94	966.25	
967004	46	465.1	517.2	410.0	517.5	302.8	1.56	4.59	0	1,486	28	1.62	5.5	20.4	0.0	0.0	17.46	32	1.2758	2.0375	475	479.85	966.33	
967538	46	465.3	517.5	410.1	517.5	303.2	1.44	4.59	0	1,398	28	0.81	5.5	20.4	0.0	0.0	13.34	32	1.2758	2.0375	475	479.73	963.36	
968074	46	465.5	517.8	410.3	517.8	303.5	1.94	4.59	0	1,255	26	0.81	5.5	20.4	0.0	0.0	11.51	32	1.2758	2.0375	475	479.73	964.45	
968610	46	465.7	518.2	410.8	517.8	303.5	1.44	4.59	0	1,154	23	0.31	5.5	20.4	0.0	0.0	17.18	32	1.2758	2.0375	475	479.64	966.33	
969146	46	465.9	518.2	410.6	517.8	303.5	1.75	4.59	0	966	19	0.31	5.5	20.4	0.0	0.0	12.94	32	1.2758	2.0375	475	479.64	964.53	
969671	46	466.1	518.2	410.8	517.8	303.8	1.94	4.59	0	926	18	0.31	5.5	20.4	0.0	0.0	16.27	32	1.2758	2.0375	475	479.55	961.80	
970182	46	466.3	517.8	411.0	518.2	303.8	1.75	4.59	0	979	18	0.31	5.5	20.4	0.0	0.0	16.34	32	1.2758	2.0375	475	479.55	960.70	
970730	46	466.5	517.8	410.6	517.5	303.8	1.94	4.59	0	967	17	0.31	5.5	20.4	0.0	0.0	16.01	32	1.2758	2.0375	475	479.55	959.38	
971256	46	466.7	517.5	410.3	517.5	303.8	1.94	4.59	0	954	15	0.31	5.5	20.4	0.0	0.0	16.80	32	1.2758	2.0375	475	479.43	958.75	
971870	46	466.8	516.8	410.5	516.8	304.2	1.75	4.59	0	933	13	0.31	5.5	20.4	0.0	0.0	16.92	32	1.2758	2.0375	475	479.43	957.73	
972460	46	467.0	516.8	410.3	516.5	304.5	1.94	4.59	0	919	12	0.31	5.5	20.4	0.0	0.0	18.00	32	1.2758	2.0375	475	479.33	957.34	
973003	47	467.1	516.2	410.2	515.8	304.2	1.94	4.59	0	943	12	0.31	5.5	20.4	0.0	0.0	18.26	32	1.2758	2.0375	475	479.33	957.19	
973532	47	467.3	515.5	410.1	515.5	304.2	1.94	4.59	0	953	12	0.31	5.5	20.4	0.0	0.0	17.95	32	1.2758	2.0375	475	479.24	957.03	
974062	47	467.4	515.2	409.7	514.8	304.2	1.94	4.59	0	943	12	0.31	5.5	20.4	0.0	0.0	18.82	32	1.2758	2.0375	475	479.24	951.72	
974582	47	467.5	514.5	409.5	514.2	304.2	2.81	4.59	0	1,132	12	1.62	5.5	20.4	0.0	0.0	42.54	32	1.2758	2.0375	475	479.15	960.47	
975108	47	467.6	514.2	409.0	513.5	304.5	2.44	4.59	0	1,375	14	3.25	5.5	20.4	0.0	0.0	46.48	32	1.2758	2.0375	475	479.15	982.97	
975628	47	467.7	513.5	409.0	513.8	304.8	2.62	4.59	0	1,385	16	3.50	5.5	20.4	0.0	0.0	47.91	32	1.2758	2.0375	475	479.03	1,002.34	
976161	47	467.9	512.8	408.8	512.8	304.8	2.62	4.59	0	1,440	18	3.50	5.5	20.4	0.0	0.0	46.90	32	1.2758	2.0375	475	479.03	1,015.16	
976672	47	468.0	512.8	408.6	513.2	304.5	2.81	4.59	0	1,570	20	3.50	5.5	20.4	0.0	0.0	41.98	32	1.2758	2.0375	475	479.03	1,021.09	
977187	47	468.1	512.8	408.6	512.5	304.5	3.00	4.59	0	1,688	22	3.00	5.5	20.4	0.0	0.0	41.39	32	1.2758	2.0375	475	478.94	1,020.39	
977717	47	468.2	513.2	409.0	512.8	304.8	3.12	4.59	0	1,824	23	3.25	5.5	20.4	0.0	0.0	41.74	32	1.2758	2.0375	475	478.94	1,027.03	
978330	47	468.3	512.8	409.0	513.2	305.2	4.56	4.59	0	1,793	25	4.31	5.5	20.4	0.0	0.0	50.46	32	1.2758	2.0375	475	478.94	1,059.22	
978848	47	468.5	513.8	409.3	513.8	304.8	2.62	4.59	0	1,463	26	5.12	5.5	20.4	0.0	0.0	52.62	32	1.2758	2.0375	475	478.84	1,062.66	
979410	47	468.8	514.2	409.5	514.5	305.2	3.00	4.59	0	1,461	28	5.44	5.5	20.4	0.0	0.0	58.92	32	1.2758	2.0375	475	478.84	1,061.95	
979971	47	469.1	514.5	410.0	514.8	305.2	3.31	4.59	0	1,535	30	7.06	5.5	20.4	0.0	0.0	56.77	32	1.2758	2.0375	475	478.84	1,068.20	
980642	47	469.5	515.5	410.5	515.8	305.2	1.75	4.59	0	1,517	31	2.44	5.5	20.4	0.0	0.0	17.25	32	1.2758	2.0375	475	478.84	999.30	
981173	46	469.9	516.5	410.5	516.5	305.2	1.56	4.59	0	1,108	31	0.81	5.5	20.4	0.0	0.0	19.31	32	1.2758	2.0375	475	478.84	977.73	
981690	46	470.3	516.8	411.3	516.8	305.8	1.75	4.59	0	971	31	0.56	5.5	20.4	0.0	0.0	11.04	32	1.2758	2.0375	475	478.84	967.81	
982198	46	470.7	517.5	411.6	517.8	305.5	1.56	4.59	0	1,004	30	0.31	5.5	20.4	0.0	0.0	12.14	32	1.2758	2.0375	475	478.84	961.88	
982733	46	471.0	518.2	411.6	518.2	305.2	1.75	4.59	0	1,031	30	0.31	5.5	20.4	0.0	0.0	12.45	32	1.2758	2.0375	475	478.84	961.88	
983328	46	471.4	518.2	411.7	518.2	305.5	1.75	4.59	0	1,014	30	0.31	5.5	20.4	0.0	0.0	12.70	32	1.2758	2.0375	475	478.84	960.39	
983882	46	471.7	518.5	412.0	518.5	305.5	1.75	4.59	0	1,006	30	0.31	5.5	20.4	0.0	0.0	12.49	32	1.2758	2.0375	475	478.84	959.45	
984427	46	472.0	518.5	412.1	518.2	305.8	1.75	4.59	0	1,004	30	0.31	5.5	20.4	0.0	0.0	12.98	32	1.2758	2.0375	475	478.94	958.67	
984979	46	472.3	517.5	411.5	517.8	305.5	1.56	4.59	0	993	29	0.31	5.5	20.4	0.0	0.0	12.70	32	1.2758	2.0375	475	478.94	958.05	
985511	46	472.6	517.5	411.6	517.5	305.8	1.75	4.59	0	980	29	0.31	5.5	20.4	0.0	0.0	13.31	32	1.2758	2.0375	475	478.94	956.02	
986065	46	472.8	517.2	411.6	517.2	305.5	2.44	4.59	0	1,110	29	1.12	5.5	20.4	0.0	0.0	43.05	32	1.2758	2.0375	475	478.94	955.94	
986599	47	473.1	516.8	411.3	516.8	305.8	2.44	4.59	0	1,111	30	2.19	5.5	20.4	0.0	0.0	37.55	32	1.2758	2.0375	475	478.94	970.31	
987144	47	473.4	516.2	411.0	515.8	305.8	2.12	4.59	0	1,119	30	1.12	5.5	20.4	0.0	0.0	17.60	32	1.2758	2.0375	475	479.03	967.11	
987690	47	473.7	516.2	411.2	515.8	306.2	1.75	4.59	0	1,017	30	0.31	5.5	20.4	0.0	0.0	13.50	32	1.2758	2.0375	475	479.03	962.03	
988266	46	473.9	515.5	410.8	515.5	306.2	1.94	4.59	0	1,022	30	0.00	5.5	20.4	0.0	0.0	12.49	32	1.2758	2.0375	475	479.03	959.30	
988870	46	474.1	515.5	410.8	515.5	306.5	1.44	4.59	0	1,010	30	0.56	5.5	20.4	0.0	0.0	12.38	32	1.2758	2.0375	475	479.15	957.34	
989369	46	474.3	514.5	410.1	514.8	305.8	1.75	4.59	0	987	29	0.31	5.5	20.4	0.0	0.0	12.23	32	1.2758	2.0375	475	479.15	958.36	
989940	46	474.6	514.2	410.1	514.2	306.2	1.75	4.59	0	995	29	0.31	5.5	20.4	0.0	0.0	12.54	32	1.2758	2.0375	475	479.15	957.89	
990494	47	474.7	513.2	409.6	513.5	306.5	1.75	4.59	0	945	28	0.31	5.5	20.4	0.0	0.0	12.91	32	1.2758	2.0375	475	479.15	957.42	
990988	47	474.9	513.2	409.7	513.5	306.5	1.44	4.59	0	867	26	0.31	5.5	20.4	0.0	0.0	12.45	32	1.2758	2.0375	475	479.24	957.19	
991516	47	475.0	512.5	409.3	512.5	306.2	1.75	4.59	0	827	24	0.00	5.5	20.4	0.0	0.0	16.43	32	1.2758	2.0375	475	479.24	956.33	
992074	47	475.2	511.8	409.0	511.8	306.2	1.75	4.59	0	963	23	0.31	5.5	20.4	0.0	0.0	18.54	32	1.2758	2.0375	475	479.24	957.03	
992616	47	475.3	511.2	408.5	511.2	306.5	1.75	4.59	0	1,007	23	0.56	5.5	20.4	0.0	0.0	18.75	32	1.2758	2.0375	475	479.24	948.36	
993160	47	475.5	510.5	408.3	509.8	306.2	2.44	4.59	0	1,334	23	2.44	5.5	20.4	0.0	0.0	41.23	32	1.2758	2.0375	475	479.33	964.22	
993665	47	475.7	509.5	408.0	509.5	306.5	2.12	4.59	0	1,371	24	2.19	5.5	20.4	0.0	0.0	28.92	32	1.2758	2.0375	475	479.33	972.97	
994181	47	475.8	509.2	407.7	509.2	306.5	1.44	4.59	0	1,230	24	0.56	5.5	20.4	0.0	0.0	13.80	32	1.2758	2.0375	475	479.43	966.48	
994700	47	475.9	508.5	407.3	508.5	306.2	1.44	4.59	0	1,214	24	0.56	5.5	20.4	0.0	0.0	13.24	32	1.2758	2.0375	475	479.55	962.11	
995225	47	476.1	508.2	407.3	508.2	305.8	1.56	4.59	0	1,211	24	0.56	5.5	20.4	0.0	0.0	13.48	32	1.2758	2.0375	475	479.55	960.47	
995755	47	476.2	507.8	407.0	507.5	306.2	0.19	4.59	0	1,097	24	0.31	5.5	20.4	0.0	0.0	16.27	32	1.2758	2.0375	475	479.64	960.39	
996326	47	476.3	507.2	406.7	506.8	305.8	1.44	4.59	0	1,136	23	0.31	5.5	20.4	0.0	0.0	17.34	32	1.2758	2.0375	475	479.64	965.16	
996839	47	476.5	506.8	406.5	506.8	305.8	1.44	4.59	0	1,138	23	0.56	5.5	20.4	0.0	0.0	17.95	32	1.2758	2.0375	475	479.73	967.66	
997445	47	476.7	506.2	406.2	506.2	305.8	1.56	4.59	0	1,076	21	0.31	5.5	20.4	0.0	0.0	18.33	32	1.2758	2.0375	475	479.73	967.11	
997963	47	477.0	505.8	406.0	505.5	306.5	1.75	4.59	0	839	18	0.31	5.5	20.4	0.0	0.0	17.11	32	1.2758	2.0375	475	479.85	963.12	
998469	47	477.2	505.2	405.7	504.8	305.8	1.94	4.59	0	983	16	0.31	5.5	20.4	0.0	0.0	18.35	32	1.2758	2.0375	475	479.85	961.88	
998966	47	477.4	504.5	405.1	504.5	306.2	1.75	4.59	0	1,024	13	0.31	5.5	20.4	0.0	0.0	15.09	32	1.2758	2.0375	480	479.94	960.70	
999482	47	477.5	503.8	404.6	503.8	305.8	1.94	4.59	0	931	11	0.31	5.5	20.4	0.0	0.0	17.34	32	1.2758	2.0375	480	479.94	959.30	
1000035	47	477.7	503.2	404.3	502.8	305.8	1.94	4.59	0	932	9	0.31	5.5	20.4	0.0	0.0	19.20	32	1.2758	2.0375	480	480.04	958.44	
1000624	47	477.8	502.8	404.0	502.5	305.8	1.94	4.59	0	945	9	0.31	5.5	20.4	0.0	0.0	20.34	32	1.2758	2.0375	480	480.04	957.97	
1001153	47	477.9	501.5	404.0	501.5	305.5	1.94	4.59	0	955	9	0.31	5.5	20.4	0.0	0.0	22.73	32	1.2758	2.0375	480	480.13	957.66	
1001681	47	478.0	501.2	403.5	500.8	305.8	1.94	4.59	0	1,008	9	0.81	5.5	20.4	0.0	0.0	19.48	32	1.2758	2.0375	480	480.13	959.30	
1002280	47	478.1	500.8	403.1	500.8	305.5	1.75	4.59	0	981	9	0.56	5.5	20.4	0.0	0.0	18.19	32	1.2758	2.0375	480	480.13	958.52	
1002855	47	478.2	500.2	402.7	499.8	305.2	1.94	4.59	0	957	9	0.31	5.5	20.4	0.0	0.0	19.59	32	1.2758	2.0375	480	480.25	958.28	
1003478	47	478.3	499.2	402.2	499.2	305.5	1.94	4.59	0	977	9	0.56	5.5	20.4	0.0	0.0	19.01	32	1.2758	2.0375	480	480.25	958.05	
1003999	47	478.3	499.2	402.3	498.8	305.5	1.75	4.59	0	966	10	0.31	5.5	20.4	0.0	0.0	18.56	32	1.2758	2.0375	480	480.25	957.89	
1004588	47	478.4	498.5	401.8	498.5	305.2	1.94	4.59	0	949	10	0.31	5.5	20.4	0.0	0.0	19.01	32	1.2758	2.0375	480	480.34	957.89	
1005115	47	478.4	497.8	401.3	497.8	304.8	1.94	4.59	0	955	10	0.31	5.5	20.4	0.0	0.0	18.87	32	1.2758	2.0375	480	480.34	958.44	
1005638	47	478.4	497.8	401.1	497.5	304.8	1.94	4.59	0	970	10	0.31	5.5	20.4	0.0	0.0	29.86	32	1.2758	2.0375	480	480.34	956.56	
1006224	47	478.4	497.5	401.1	496.8	304.8	2.12	4.59	0	1,225	11	1.12	5.5	20.4	0.0	0.0	30.23	32	1.2758	2.0375	480	480.44	959.77	
1006759	48	478.4	496.8	400.8	496.5	304.5	2.12	4.59	0	1,237	12	1.12	5.5	20.4	0.0	0.0	28.97	32	1.2758	2.0375	480	480.44	962.73	
1007288	48	478.4	496.5	400.5	496.2	304.8	2.12	4.59	0	1,221	13	1.12	5.5	20.4	0.0	0.0	31.52	32	1.2758	2.0375	480	480.53	962.11	
1007789	48	478.3	496.2	400.5	496.2	305.2	2.44	4.59	0	1,349	15	1.94	5.5	20.4	0.0	0.0	37.88	32	1.2758	2.0375	480	480.53	968.59	
1008282	48	478.3	495.8	400.3	495.8	304.8	2.44	4.59	0	1,411	16	2.19	5.5	20.4	0.0	0.0	36.23	32	1.2758	2.0375	480	480.65	978.36	
1008789	48	478.2	495.8	400.3	495.8	304.5	2.12	4.59	0	1,415	18	1.62	5.5	20.4	0.0	0.0	27.12	32	1.2758	2.0375	480	480.74	978.36	
1009311	47	478.0	496.5	400.3	496.2	304.5	2.12	4.59	0	1,460	19	1.62	5.5	20.4	0.0	0.0	21.33	32	1.2758	2.0375	480	480.83	969.06	
1009865	47	477.9	496.5	400.5	496.2	304.5	1.44	4.59	0	1,510	19	1.12	5.5	20.4	0.0	0.0	12.42	32	1.2758	2.0375	480	480.93	964.30	
1010417	47	477.8	496.8	400.6	496.8	304.5	1.56	4.59	0	1,500	19	1.38	5.5	20.4	0.0	0.0	11.65	32	1.2758	2.0375	480	481.05	961.72	
1011007	47	477.8	496.8	400.5	496.8	304.2	0.88	4.59	0	1,396	18	1.12	5.5	20.4	0.0	0.0	18.19	32	1.2758	2.0375	480	481.05	963.67	
1011564	47	477.7	497.2	400.7	497.2	304.5	0.88	4.59	0	1,360	17	0.81	5.5	20.4	0.0	0.0	18.73	32	1.2758	2.0375	480	481.14	970.31	
1012130	47	477.8	497.2	400.7	497.5	304.5	1.06	4.59	0	1,282	16	0.81	5.5	20.4	0.0	0.0	18.38	32	1.2758	2.0375	480	481.23	971.17	
1012642	47	477.9	497.2	400.7	497.2	304.5	1.25	4.59	0	1,237	16	0.56	5.5	20.4	0.0	0.0	18.56	32	1.2758	2.0375	480	481.35	972.03	
1013190	47	478.0	497.2	400.7	497.2	304.2	1.44	4.59	0	1,169	15	0.56	5.5	20.4	0.0	0.0	18.91	32	1.2758	2.0375	480	481.44	971.56	
1013747	47	478.1	497.2	400.5	497.2	304.2	1.44	4.59	0	1,124	14	0.31	5.5	20.4	0.0	0.0	11.44	32	1.2758	2.0375	480	481.54	967.66	
1014327	47	478.2	496.8	400.7	496.8	304.2	1.56	4.59	0	1,118	14	0.31	5.5	20.4	0.0	0.0	12.52	32	1.2758	2.0375	480	481.63	964.14	
1014885	47	478.3	496.5	400.6	496.8	304.2	1.75	4.59	0	1,103	14	0.56	5.5	20.4	0.0	0.0	17.93	32	1.2758	2.0375	480	481.63	961.72	
1015468	47	478.4	496.5	400.2	496.5	303.8	1.75	4.59	0	1,125	14	0.81	5.5	20.4	0.0	0.0	18.16	32	1.2758	2.0375	480	481.75	962.58	
1016017	48	478.4	496.2	400.2	496.2	304.2	1.75	4.59	0	1,099	14	0.56	5.5	20.4	0.0	0.0	12.26	32	1.2758	2.0375	480	481.75	961.17	
1016538	47	478.5	495.8	399.8	495.8	304.2	1.56	4.59	0	1,113	14	0.56	5.5	20.4	0.0	0.0	12.42	32	1.2758	2.0375	480	481.84	959.77	
1017062	47	478.5	495.5	399.7	495.5	303.8	1.56	4.59	0	1,094	14	0.56	5.5	20.4	0.0	0.0	12.38	32	1.2758	2.0375	480	481.84	959.22	
1017583	47	478.4	495.2	399.8	495.2	304.2	1.75	4.59	0	1,052	13	0.31	5.5	20.4	0.0	0.0	12.33	32	1.2758	2.0375	480	481.94	958.59	
1018096	47	478.4	494.8	399.5	495.2	304.2	1.75	4.59	0	1,020	13	0.31	5.5	20.4	0.0	0.0	12.56	32	1.2758	2.0375	480	481.94	958.20	
1018600	47	478.4	494.5	399.0	494.5	304.2	1.75	4.59	0	998	12	0.00	5.5	20.4	0.0	0.0	12.73	32	1.2758	2.0375	480	481.94	957.66	
1019144	47	478.4	494.2	398.8	494.2	303.8	1.75	4.59	0	968	12	0.00	5.5	20.4	0.0	0.0	13.83	32	1.2758	2.0375	480	481.94	957.50	
1019655	48	478.3	493.8	399.0	493.8	304.2	1.75	4.59	0	950	12	0.31	5.5	20.4	0.0	0.0	14.58	32	1.2758	2.0375	480	482.03	957.03	
1020170	48	478.3	493.5	398.6	493.5	304.2	1.75	4.59	0	887	11	0.31	5.5	20.4	0.0	0.0	17.74	32	1.2758	2.0375	480	482.03	956.64	
1020708	48	478.2	493.2	398.5	492.8	303.8	1.94	4.59	0	879	9	0.56	5.5	20.4	0.0	0.0	23.30	32	1.2758	2.0375	480	482.03	957.03	
1021273	48	478.1	492.5	398.3	492.5	303.8	1.94	4.59	0	978	8	0.56	5.5	20.4	0.0	0.0	18.94	32	1.2758	2.0375	480	482.03	957.81	
1021797	48	478.0	492.2	398.0	492.2	303.8	1.94	4.59	0	945	7	0.31	5.5	20.4	0.0	0.0	17.39	32	1.2758	2.0375	480	482.03	957.66	
1022325	48	477.9	491.8	397.8	491.8	303.5	1.75	4.59	0	762	7	0.31	5.5	20.4	0.0	0.0	33.26	32	1.2758	2.0375	480	482.15	957.11	
1022997	48	477.8	491.8	397.6	491.8	303.8	1.94	4.59	0	949	7	0.56	5.5	20.4	0.0	0.0	21.56	32	1.2758	2.0375	480	482.15	958.59	
1023551	48	477.7	491.2	397.8	490.8	303.8	1.94	4.59	0	928	6	0.56	5.5	20.4	0.0	0.0	21.96	32	1.2758	2.0375	480	482.15	958.67	
1024092	48	477.5	490.8	397.5	490.8	303.8	1.75	4.59	0	882	5	0.56	5.5	20.4	0.0	0.0	18.28	32	1.2758	2.0375	480	482.15	958.20	
1024601	48	477.4	490.8	397.1	490.5	303.5	1.94	4.59	0	756	5	0.56	5.5	20.4	0.0	0.0	35.72	32	1.2758	2.0375	480	482.15	957.19	
1025117	48	477.2	490.8	397.1	490.5	303.5	2.12	4.59	0	952	5	0.81	5.5	20.4	0.0	0.0	25.10	32	1.2758	2.0375	480	482.15	960.31	
1025621	48	477.1	490.5	397.1	490.2	303.8	1.94	4.59	0	953	6	0.31	5.5	20.4	0.0	0.0	21.07	32	1.2758	2.0375	480	482.24	959.84	
1026168	48	476.9	490.2	397.1	490.2	303.2	1.94	4.59	0	972	6	0.56	5.5	20.4	0.0	0.0	20.74	32	1.2758	2.0375	480	482.24	959.61	
1026754	48	476.7	490.2	396.8	490.2	303.5	1.94	4.59	0	978	6	0.56	5.5	20.4	0.0	0.0	20.25	32	1.2758	2.0375	480	482.24	959.14	
1027280	48	476.5	490.2	396.8	489.8	303.5	1.94	4.59	0	964	7	0.31	5.5	20.4	0.0	0.0	20.11	32	1.2758	2.0375	480	482.24	958.98	
1027802	48	476.3	489.8	396.6	490.2	303.5	1.75	4.59	0	966	7	0.56	5.5	20.4	0.0	0.0	20.23	32	1.2758	2.0375	480	482.33	958.91	
1028308	48	476.1	489.8	396.6	490.2	303.5	1.94	4.59	0	969	7	0.31	5.5	20.4	0.0	0.0	40.27	32	1.2758	2.0375	480	482.33	953.91	
1028837	48	475.9	489.8	396.6	489.8	303.5	2.44	4.59	0	1,363	8	2.75	5.5	20.4	0.0	0.0	44.60	32	1.2758	2.0375	480	482.33	972.11	
1029344	48	475.6	489.8	396.6	489.8	302.8	2.44	4.59	0	1,383	10	3.25	5.5	20.4	0.0	0.0	48.61	32	1.2758	2.0375	480	482.43	992.19	
1029876	48	475.2	490.2	396.8	489.8	303.5	3.31	4.59	0	1,521	13	5.12	5.5	20.4	0.0	0.0	58.64	32	1.2758	2.0375	480	482.43	1,026.80	
1030352	48	474.9	490.2	396.8	490.2	303.2	3.50	4.59	0	1,593	16	7.88	5.5	20.4	0.0	0.0	58.43	32	1.2758	2.0375	480	482.43	995.47	
1030892	48	474.4	490.5	397.0	490.5	302.8	3.69	4.59	0	1,600	19	5.94	5.5	20.4	0.0	0.0	35.53	32	1.2758	2.0375	480	482.55	1,031.88	
1031532	48	473.9	491.5	397.3	491.2	303.5	1.25	4.59	0	1,482	19	1.12	5.5	20.4	0.0	0.0	12.77	32	1.2758	2.0375	480	482.55	982.03	
1032097	47	473.6	492.2	397.8	492.5	303.5	1.44	4.59	0	1,512	19	1.38	5.5	20.4	0.0	0.0	11.23	32	1.2758	2.0375	480	482.55	969.06	
1032610	47	473.3	492.8	398.5	492.8	303.8	0.69	4.59	0	1,424	19	1.12	5.5	20.4	0.0	0.0	17.91	32	1.2758	2.0375	480	482.55	967.27	
1033142	47	473.1	493.5	398.6	493.8	303.5	0.88	4.59	0	1,403	18	1.12	5.5	20.4	0.0	0.0	18.52	32	1.2758	2.0375	480	482.55	966.88	
1033669	47	473.0	493.8	398.8	494.5	303.5	0.88	4.59	0	1,354	17	1.12	5.5	20.4	0.0	0.0	18.33	32	1.2758	2.0375	480	482.55	972.97	
1034195	47	472.9	494.8	399.3	494.8	303.8	1.06	4.59	0	1,275	16	0.81	5.5	20.4	0.0	0.0	18.26	32	1.2758	2.0375	480	482.64	973.44	
1034758	47	472.9	495.2	399.1	495.5	303.5	1.25	4.59	0	1,201	15	0.56	5.5	20.4	0.0	0.0	18.02	32	1.2758	2.0375	480	482.64	972.81	
1035312	48	473.0	495.5	399.6	495.5	303.5	1.56	4.59	0	1,151	14	1.38	5.5	20.4	0.0	0.0	12.47	32	1.2758	2.0375	480	482.64	970.70	
1035921	48	473.0	495.5	399.6	495.5	303.5	1.75	4.59	0	1,120	14	0.31	5.5	20.4	0.0	0.0	13.10	32	1.2758	2.0375	480	482.73	965.55	
1036463	48	473.1	495.8	399.8	495.8	303.8	1.75	4.59	0	1,078	13	0.31	5.5	20.4	0.0	0.0	13.01	32	1.2758	2.0375	480	482.73	962.81	
1037029	48	473.1	495.5	399.5	495.5	303.5	1.94	4.59	0	953	11	0.31	5.5	20.4	0.0	0.0	12.77	32	1.2758	2.0375	480	482.73	960.94	
1037542	48	473.1	495.8	399.5	495.8	304.2	1.75	4.59	0	806	10	0.31	5.5	20.4	0.0	0.0	13.50	32	1.2758	2.0375	480	482.73	958.83	
1038100	48	473.1	495.5	399.8	495.5	303.8	1.94	4.59	0	724	8	0.31	5.5	20.4	0.0	0.0	22.78	32	1.2758	2.0375	480	482.73	957.34	
1038661	48	473.1	495.5	400.0	495.5	303.8	1.94	4.59	0	799	7	0.31	5.5	20.4	0.0	0.0	22.97	32	1.2758	2.0375	480	482.73	957.50	
1039193	48	473.0	495.5	399.6	495.5	303.8	1.94	4.59	0	837	6	0.56	5.5	20.4	0.0	0.0	21.26	32	1.2758	2.0375	480	482.73	957.73	
1039803	48	473.0	495.5	399.5	495.5	303.8	1.94	4.59	0	832	4	0.31	5.5	20.4	0.0	0.0	21.12	32	1.2758	2.0375	480	482.64	957.89	
1040365	48	473.0	495.2	399.5	494.8	303.8	1.75	4.59	0	840	3	0.31	5.5	20.4	0.0	0.0	31.24	32	1.2758	2.0375	480	482.64	955.78	
1040922	48	472.9	495.2	399.3	495.2	303.8	2.12	4.59	0	926	3	0.81	5.5	20.4	0.0	0.0	28.20	32	1.2758	2.0375	480	482.64	959.45	
1041427	48	472.8	494.8	399.3	494.8	303.8	1.94	4.59	0	933	3	0.56	5.5	20.4	0.0	0.0	26.79	32	1.2758	2.0375	480	482.64	959.22	
1042018	48	472.7	494.8	399.3	494.8	303.8	1.94	4.59	0	978	4	0.81	5.5	20.4	0.0	0.0	28.59	32	1.2758	2.0375	480	482.64	960.47	
1042542	48	472.6	494.5	399.1	494.5	303.5	2.25	4.59	0	931	4	0.81	5.5	20.4	0.0	0.0	29.20	32	1.2758	2.0375	480	482.55	962.81	
1043085	48	472.5	494.8	399.3	494.5	303.8	2.12	4.59	0	916	3	0.81	5.5	20.4	0.0	0.0	27.42	32	1.2758	2.0375	480	482.55	963.98	
1043604	48	472.3	494.8	399.3	494.5	303.8	1.94	4.59	0	856	2	0.56	5.5	20.4	0.0	0.0	27.89	32	1.2758	2.0375	480	482.55	962.11	
1044125	48	472.2	495.2	399.1	494.8	303.8	2.25	4.59	0	901	2	0.81	5.5	20.4	0.0	0.0	33.73	32	1.2758	2.0375	480	482.55	962.73	
1044664	48	472.0	495.2	399.1	495.2	303.8	2.12	4.59	0	947	3	0.81	5.5	20.4	0.0	0.0	34.57	32	1.2758	2.0375	480	482.55	964.22	
1045214	48	471.8	495.2	399.1	495.5	303.8	2.25	4.59	0	964	4	1.12	5.5	20.4	0.0	0.0	30.66	32	1.2758	2.0375	480	482.43	968.59	
1045803	48	471.6	495.2	399.3	495.2	303.2	2.12	4.59	0	988	4	0.56	5.5	20.4	0.0	0.0	27.19	32	1.2758	2.0375	480	482.43	968.52	
1046356	48	471.4	495.5	399.5	495.5	303.5	2.12	4.59	0	1,010	3	0.31	5.5	20.4	0.0	0.0	25.05	32	1.2758	2.0375	480	482.43	967.34	
1046885	48	471.3	495.5	399.6	495.8	303.8	1.94	4.59	0	1,012	3	0.56	5.5	20.4	0.0	0.0	23.67	32	1.2758	2.0375	480	482.43	966.02	
1047422	48	471.1	496.2	400.0	496.2	304.2	1.94	4.59	0	1,009	3	0.56	5.5	20.4	0.0	0.0	21.73	32	1.2758	2.0375	480	482.43	964.14	
1047948	48	470.9	496.8	399.8	496.5	303.5	1.94	4.59	0	987	2	0.56	5.5	20.4	0.0	0.0	20.23	32	1.2758	2.0375	480	482.43	963.12	
1048596	48	470.7	496.5	400.1	496.5	303.8	1.94	4.59	0	912	1	0.31	5.5	20.4	0.0	0.0	17.91	32	1.2758	2.0375	480	482.33	960.94	
1049167	48	470.5	496.8	400.1	496.8	303.5	1.94	4.59	0	852	0	0.31	5.5	20.4	0.0	0.0	20.34	32	1.2758	2.0375	480	482.33	959.61	
1049734	48	470.3	497.5	400.3	497.5	303.8	1.94	4.59	0	853	0	0.31	5.5	20.4	0.0	0.0	20.13	32	1.2758	2.0375	480	482.33	958.52	
1050321	48	470.1	497.2	400.5	497.5	303.8	1.94	4.59	0	830	0	0.56	5.5	20.4	0.0	0.0	25.48	32	1.2758	2.0375	480	482.33	957.81	
1050835	48	470.0	497.5	400.5	497.5	303.8	1.94	4.59	0	809	0	0.56	5.5	20.4	0.0	0.0	27.75	32	1.2758	2.0375	480	482.33	958.59	
1051426	48	469.8	497.8	400.6	497.8	303.5	1.94	4.59	0	838	0	0.81	5.5	20.4	0.0	0.0	25.88	32	1.2758	2.0375	480	482.33	959.77	
1051930	48	469.6	498.2	400.8	498.2	303.8	1.94	4.59	0	827	0	0.56	5.5	20.4	0.0	0.0	25.34	32	1.2758	2.0375	480	482.24	960.16	
1052493	48	469.4	497.8	400.6	497.8	303.5	1.94	4.59	0	835	0	0.56	5.5	20.4	0.0	0.0	23.62	32	1.2758	2.0375	480	482.24	960.23	
1053004	48	469.3	497.8	400.8	497.8	303.8	1.75	4.59	0	830	0	0.56	5.5	20.4	0.0	0.0	22.43	32	1.2758	2.0375	480	482.24	959.61	
1053546	48	469.1	498.2	400.8	497.8	303.5	1.94	4.59	0	812	0	0.56	5.5	20.4	0.0	0.0	21.82	32	1.2758	2.0375	480	482.24	959.45	
1054057	48	469.0	498.2	401.3	498.5	303.8	1.75	4.59	0	815	0	0.31	5.5	20.4	0.0	0.0	20.62	32	1.2758	2.0375	480	482.24	958.75	
1054595	48	468.8	498.2	401.0	498.2	303.8	1.75	4.59	0	808	0	0.31	5.5	20.4	0.0	0.0	20.53	32	1.2758	2.0375	480	482.15	957.81	
1055195	48	468.6	498.5	401.1	498.5	303.8	1.94	4.59	0	802	0	0.31	5.5	20.4	0.0	0.0	20.53	32	1.2758	2.0375	480	482.15	957.34	
1055701	48	468.5	498.2	401.1	498.5	303.8	1.75	4.59	0	807	0	0.31	5.5	20.4	0.0	0.0	20.72	32	1.2758	2.0375	480	482.15	957.11	
1056274	48	468.3	498.2	401.1	498.2	304.2	1.94	4.59	0	805	0	0.31	5.5	20.4	0.0	0.0	20.72	32	1.2758	2.0375	480	482.03	957.03	
1056835	48	468.2	498.5	401.1	498.2	303.8	1.94	4.59	0	801	0	0.31	5.5	20.4	0.0	0.0	20.88	32	1.2758	2.0375	480	482.03	957.11	
1057459	48	468.0	498.5	401.1	498.2	303.8	1.94	4.59	0	797	0	0.31	5.5	20.4	0.0	0.0	20.72	32	1.2758	2.0375	480	482.03	956.88	
1057964	48	467.9	498.2	401.0	498.2	304.2	1.94	4.59	0	795	0	0.31	5.5	20.4	0.0	0.0	21.02	32	1.2758	2.0375	480	481.94	957.11	
1058534	48	467.7	498.2	401.1	498.5	304.2	1.94	4.59	0	801	0	0.31	5.5	20.4	0.0	0.0	32.84	32	1.2758	2.0375	480	481.94	952.97	
1059040	48	467.6	498.5	401.3	498.2	303.8	2.62	4.59	0	988	0	1.62	5.5	20.4	0.0	0.0	36.33	32	1.2758	2.0375	480	481.94	961.48	
1059549	49	467.4	498.2	401.0	498.2	304.2	2.12	4.59	0	1,118	3	1.12	5.5	20.4	0.0	0.0	30.84	32	1.2758	2.0375	480	481.84	968.75	
1060131	49	467.1	497.8	401.2	497.8	304.2	1.75	4.59	0	1,045	4	0.81	5.5	20.4	0.0	0.0	22.64	32	1.2758	2.0375	480	481.84	967.19	
1060656	48	467.0	498.2	401.0	498.2	304.2	1.94	4.59	0	981	5	0.31	5.5	20.4	0.0	0.0	21.68	32	1.2758	2.0375	480	481.84	964.14	
1061262	48	466.7	498.5	401.3	498.5	304.5	1.75	4.59	0	957	5	0.56	5.5	20.4	0.0	0.0	20.04	32	1.2758	2.0375	480	481.75	962.19	
1061768	48	466.5	499.2	401.5	499.2	304.5	1.94	4.59	0	927	6	0.31	5.5	20.4	0.0	0.0	20.27	32	1.2758	2.0375	480	481.75	960.31	
1062284	48	466.4	498.8	401.8	498.8	304.2	1.94	4.59	0	923	6	0.31	5.5	20.4	0.0	0.0	20.60	32	1.2758	2.0375	480	481.75	959.45	
1062827	48	466.2	499.5	402.0	499.2	304.8	1.94	4.59	0	940	6	0.56	5.5	20.4	0.0	0.0	20.44	32	1.2758	2.0375	480	481.63	959.30	
1063340	48	466.0	499.5	402.1	499.5	304.5	1.94	4.59	0	968	7	0.31	5.5	20.4	0.0	0.0	20.11	32	1.2758	2.0375	480	481.63	959.06	
1063906	48	465.8	499.8	402.1	499.5	304.8	1.94	4.59	0	963	6	0.56	5.5	20.4	0.0	0.0	20.25	32	1.2758	2.0375	480	481.54	958.98	
1064439	48	465.6	499.8	402.1	500.2	304.8	1.94	4.59	0	951	6	0.31	5.5	20.4	0.0	0.0	20.58	32	1.2758	2.0375	480	481.54	958.67	
1065016	48	465.5	500.2	402.3	499.8	304.8	1.94	4.59	0	932	5	0.56	5.5	20.4	0.0	0.0	21.26	32	1.2758	2.0375	480	481.54	958.59	
1065657	48	465.3	500.2	402.5	500.5	304.8	1.94	4.59	0	948	4	0.56	5.5	20.4	0.0	0.0	21.75	32	1.2758	2.0375	480	481.44	958.75	
1066264	49	465.1	500.5	402.6	500.5	305.2	1.94	4.59	0	970	3	0.56	5.5	20.4	0.0	0.0	20.60	32	1.2758	2.0375	480	481.44	959.14	
1066836	49	464.8	500.5	402.8	500.5	304.8	1.75	4.59	0	878	2	0.56	5.5	20.4	0.0	0.0	27.89	32	1.2758	2.0375	480	481.35	956.09	
1067363	49	464.7	500.5	402.5	501.2	305.2	2.25	4.59	0	952	3	1.12	5.5	20.4	0.0	0.0	34.08	32	1.2758	2.0375	480	481.35	962.03	
1067889	49	464.5	500.8	402.8	500.8	305.2	2.12	4.59	0	950	4	0.56	5.5	20.4	0.0	0.0	28.80	32	1.2758	2.0375	480	481.23	964.06	
1068440	49	464.2	501.5	403.1	501.2	305.2	1.94	4.59	0	1,004	4	0.56	5.5	20.4	0.0	0.0	26.67	32	1.2758	2.0375	480	481.23	965.31	
1068988	49	464.0	501.5	403.6	501.2	305.5	2.12	4.59	0	998	5	0.81	5.5	20.4	0.0	0.0	24.52	32	1.2758	2.0375	480	481.14	965.39	
1069520	49	463.8	501.5	403.5	501.5	305.2	1.94	4.59	0	986	5	0.81	5.5	20.4	0.0	0.0	21.80	32	1.2758	2.0375	480	481.05	963.83	
1070057	49	463.6	501.8	403.5	501.8	305.8	1.94	4.59	0	960	6	0.56	5.5	20.4	0.0	0.0	21.63	32	1.2758	2.0375	480	481.05	962.58	
1070614	49	463.4	502.5	404.0	502.2	305.8	1.94	4.59	0	961	6	0.31	5.5	20.4	0.0	0.0	19.80	32	1.2758	2.0375	480	480.93	961.25	
1071205	49	463.2	502.5	404.0	502.2	305.5	1.94	4.59	0	944	6	0.31	5.5	20.4	0.0	0.0	19.69	32	1.2758	2.0375	480	480.93	959.84	
1071725	49	463.0	502.5	404.3	502.5	305.8	1.94	4.59	0	937	7	0.31	5.5	20.4	0.0	0.0	19.62	32	1.2758	2.0375	480	480.83	958.91	
1072235	49	462.8	502.8	404.5	502.8	306.2	1.94	4.59	0	944	7	0.31	5.5	20.4	0.0	0.0	19.57	32	1.2758	2.0375	480	480.74	958.75	
1072767	49	462.6	503.2	404.5	502.8	305.8	1.94	4.59	0	957	7	0.56	5.5	20.4	0.0	0.0	18.30	32	1.2758	2.0375	480	480.74	957.50	
1073294	49	462.4	503.2	405.0	503.2	305.8	2.12	4.59	0	1,081	7	0.81	5.5	20.4	0.0	0.0	29.81	32	1.2758	2.0375	480	480.65	956.95	
1073885	49	462.2	503.5	405.0	503.5	305.8	2.12	4.59	0	1,316	9	1.38	5.5	20.4	0.0	0.0	31.85	32	1.2758	2.0375	480	480.53	961.56	
1074492	49	462.0	503.8	405.0	503.8	306.2	2.12	4.59	0	1,309	11	1.38	5.5	20.4	0.0	0.0	29.13	32	1.2758	2.0375	480	480.53	964.92	
1075077	49	461.7	504.5	405.3	504.2	306.2	2.12	4.59	0	1,425	12	1.62	5.5	20.4	0.0	0.0	32.62	32	1.2758	2.0375	480	480.44	969.69	
1075618	49	461.4	504.5	405.6	504.5	306.8	2.12	4.59	0	1,361	13	1.62	5.5	20.4	0.0	0.0	34.10	32	1.2758	2.0375	480	480.34	973.12	
1076131	49	461.1	505.2	405.6	505.2	306.5	2.12	4.59	0	1,309	15	1.38	5.5	20.4	0.0	0.0	33.68	32	1.2758	2.0375	480	480.25	974.30	
1076651	49	460.8	506.2	406.1	505.8	306.5	1.94	4.59	0	1,256	16	1.38	5.5	20.4	0.0	0.0	19.95	32	1.2758	2.0375	480	480.13	971.02	
1077163	49	460.6	506.5	406.6	506.5	307.2	1.44	4.59	0	1,257	16	0.56	5.5	20.4	0.0	0.0	13.05	32	1.2758	2.0375	480	480.04	964.61	
1077681	48	460.4	506.8	407.2	507.2	307.2	1.44	4.59	0	1,223	16	0.56	5.5	20.4	0.0	0.0	12.19	32	1.2758	2.0375	480	479.94	961.33	
1078205	48	460.2	508.5	407.5	508.2	307.2	1.94	4.59	0	1,173	15	0.31	5.5	20.4	0.0	0.0	17.30	32	1.2758	2.0375	480	479.94	961.33	
1078786	48	460.0	508.8	408.0	508.5	307.5	2.12	4.59	0	1,165	14	0.31	5.5	20.4	0.0	0.0	13.59	32	1.2758	2.0375	475	479.85	960.86	
1079339	48	459.8	509.5	408.5	509.5	307.5	1.75	4.59	0	1,155	14	0.81	5.5	20.4	0.0	0.0	18.52	32	1.2758	2.0375	475	479.73	961.09	
1079856	48	459.7	510.2	408.5	510.5	307.8	1.75	4.59	0	1,151	15	0.56	5.5	20.4	0.0	0.0	25.29	32	1.2758	2.0375	475	479.64	959.69	
1080444	49	459.5	510.2	409.0	510.5	307.5	2.12	4.59	0	1,187	15	1.38	5.5	20.4	0.0	0.0	32.79	32	1.2758	2.0375	475	479.55	961.48	
1080992	49	459.3	510.8	409.3	510.8	308.2	2.12	4.59	0	1,336	17	1.38	5.5	20.4	0.0	0.0	32.20	32	1.2758	2.0375	475	479.43	964.45	
1081536	49	459.1	511.2	409.1	510.8	308.5	2.25	4.59	0	1,405	18	1.94	5.5	20.4	0.0	0.0	35.04	32	1.2758	2.0375	475	479.33	970.47	
1082080	49	458.9	511.5	409.7	511.5	308.2	2.12	4.59	0	1,518	19	1.94	5.5	20.4	0.0	0.0	24.70	32	1.2758	2.0375	475	479.15	975.23	
1082613	49	458.7	512.2	410.1	511.8	308.5	2.12	4.59	0	1,573	20	1.62	5.5	20.4	0.0	0.0	30.82	32	1.2758	2.0375	475	479.03	971.09	
1083261	49	458.4	512.2	410.3	512.5	308.8	3.00	4.59	0	1,683	21	2.44	5.5	20.4	0.0	0.0	30.33	32	1.2758	2.0375	475	478.84	979.38	
1083809	49	458.2	513.2	410.8	513.2	308.8	0.38	4.59	0	1,762	22	0.81	5.5	20.4	0.0	0.0	12.63	32	1.2758	2.0375	475	478.75	971.56	
1084326	48	457.9	514.2	411.5	514.2	308.5	1.56	4.59	0	1,674	22	1.12	5.5	20.4	0.0	0.0	12.05	32	1.2758	2.0375	475	478.63	966.09	
1084913	48	457.8	515.2	412.2	515.2	308.8	0.88	4.59	0	1,634	21	0.81	5.5	20.4	0.0	0.0	18.07	32	1.2758	2.0375	475	478.54	966.48	
1085462	48	457.7	515.8	412.5	516.2	309.5	1.06	4.59	0	1,595	20	1.12	5.5	20.4	0.0	0.0	18.77	32	1.2758	2.0375	475	478.44	967.19	
1085980	48	457.7	516.8	412.8	516.8	309.2	1.25	4.59	0	1,570	20	1.12	5.5	20.4	0.0	0.0	11.11	32	1.2758	2.0375	475	478.35	969.92	
1086584	48	457.6	516.8	413.2	517.2	309.5	1.56	4.59	0	1,553	20	1.38	5.5	20.4	0.0	0.0	19.97	32	1.2758	2.0375	475	478.23	965.47	
1087108	49	457.6	517.5	413.2	517.5	309.5	1.94	4.59	0	1,557	20	1.38	5.5	20.4	0.0	0.0	17.37	32	1.2758	2.0375	475	478.14	965.08	
1087668	49	457.6	517.8	413.5	517.8	309.5	1.94	4.59	0	1,601	20	1.38	5.5	20.4	0.0	0.0	23.46	32	1.2758	2.0375	475	477.93	964.84	
1088181	49	457.5	517.8	413.6	518.2	309.5	2.25	4.59	0	1,651	21	1.94	5.5	20.4	0.0	0.0	18.23	32	1.2758	2.0375	475	477.83	966.25	
1088710	49	457.4	518.5	414.3	518.2	309.8	1.56	4.59	0	1,635	21	1.12	5.5	20.4	0.0	0.0	11.65	32	1.2758	2.0375	475	477.74	963.12	
1089262	49	457.3	518.8	414.0	519.2	309.8	1.44	4.59	0	1,602	21	-0.44	5.5	20.4	0.0	0.0	16.15	32	1.2758	2.0375	475	477.65	962.66	
1089811	49	457.3	519.2	414.7	519.5	310.2	1.06	4.59	0	1,558	20	1.12	5.5	20.4	0.0	0.0	18.68	32	1.2758	2.0375	475	477.53	964.45	
1090350	49	457.5	519.2	415.0	519.5	310.2	0.88	4.59	0	1,488	19	1.12	5.5	20.4	0.0	0.0	18.66	32	1.2758	2.0375	475	477.44	966.80	
1090868	49	457.7	519.8	414.8	519.8	310.5	0.88	4.59	0	1,344	17	1.12	5.5	20.4	0.0	0.0	18.94	32	1.2758	2.0375	475	477.44	972.73	
1091467	49	458.0	519.5	415.0	519.5	310.2	1.44	4.59	0	1,166	15	1.12	5.5	20.4	0.0	0.0	12.14	32	1.2758	2.0375	475	477.44	969.61	
1092032	49	458.3	519.5	415.1	519.5	310.2	1.44	4.59	0	1,108	14	0.31	5.5	20.4	0.0	0.0	14.41	32	1.2758	2.0375	475	477.34	964.69	
1092614	49	458.6	519.5	415.0	519.5	310.5	1.94	4.59	0	1,144	14	0.81	5.5	20.4	0.0	0.0	28.15	32	1.2758	2.0375	475	477.34	960.31	
1093190	49	458.8	519.5	415.3	519.5	310.5	2.81	4.59	0	1,369	15	2.75	5.5	20.4	0.0	0.0	49.85	32	1.2758	2.0375	475	477.25	971.33	
1093788	49	458.9	519.2	415.1	519.2	310.5	3.50	4.59	0	1,610	18	5.44	5.5	20.4	0.0	0.0	58.22	32	1.2758	2.0375	475	477.13	1,035.70	
1094323	49	459.0	519.5	415.1	519.2	310.8	3.50	4.59	0	1,583	21	5.94	5.5	20.4	0.0	0.0	55.36	32	1.2758	2.0375	475	477.04	1,073.75	
1094883	49	458.9	519.8	415.1	519.8	310.8	3.50	4.59	0	1,744	23	4.06	5.5	20.4	0.0	0.0	29.27	32	1.2758	2.0375	475	476.85	1,038.59	
1095426	49	458.9	520.2	415.3	520.5	311.2	0.69	4.59	0	1,600	23	1.38	5.5	20.4	0.0	0.0	21.30	32	1.2758	2.0375	475	476.73	990.86	
1096052	49	459.0	521.2	416.3	521.5	310.8	1.44	4.59	0	1,102	22	0.56	5.5	20.4	0.0	0.0	18.68	32	1.2758	2.0375	475	476.64	972.66	
1096608	49	459.2	522.2	416.8	522.2	311.2	2.81	4.59	0	1,080	22	0.56	5.5	20.4	0.0	0.0	11.55	32	1.2758	2.0375	475	476.64	965.08	
1097185	49	459.3	523.2	417.0	523.2	311.2	1.75	4.59	0	1,079	21	0.31	5.5	20.4	0.0	0.0	12.47	32	1.2758	2.0375	475	476.55	961.17	
1097736	49	459.5	523.5	417.5	523.8	311.2	1.56	4.59	0	940	21	0.00	5.5	20.4	0.0	0.0	14.86	32	1.2758	2.0375	475	476.43	961.41	
1098282	49	459.6	523.8	417.6	523.8	311.2	1.94	4.59	0	941	20	0.31	5.5	20.4	0.0	0.0	16.62	32	1.2758	2.0375	475	476.43	960.86	
1098826	49	459.7	524.2	418.0	524.2	311.5	1.75	4.59	0	1,008	20	0.31	5.5	20.4	0.0	0.0	14.67	32	1.2758	2.0375	475	476.33	959.45	
1099421	49	459.8	524.5	417.8	524.5	311.5	1.75	4.59	0	968	19	0.31	5.5	20.4	0.0	0.0	15.98	32	1.2758	2.0375	475	476.24	958.83	
1099950	49	459.8	524.8	418.0	524.5	311.8	1.75	4.59	0	964	18	0.31	5.5	20.4	0.0	0.0	16.38	32	1.2758	2.0375	475	476.24	958.44	
1100576	49	459.9	524.5	418.1	524.5	311.5	1.75	4.59	0	938	17	0.31	5.5	20.4	0.0	0.0	16.41	32	1.2758	2.0375	475	476.15	957.73	
1101124	49	459.9	524.5	418.1	524.5	311.8	1.75	4.59	0	936	17	0.31	5.5	20.4	0.0	0.0	16.95	32	1.2758	2.0375	475	476.03	957.58	
1101725	49	459.9	524.2	418.1	524.5	311.8	1.94	4.59	0	955	17	0.31	5.5	20.4	0.0	0.0	16.95	32	1.2758	2.0375	475	475.94	957.34	
1102324	49	459.9	524.2	418.0	523.8	312.2	1.75	4.59	0	949	17	0.56	5.5	20.4	0.0	0.0	16.69	32	1.2758	2.0375	475	475.84	957.34	
1102879	49	459.9	523.5	417.8	523.5	311.8	1.94	4.59	0	945	17	0.31	5.5	20.4	0.0	0.0	16.62	32	1.2758	2.0375	475	475.75	957.03	
1103439	49	459.9	523.5	417.6	523.5	311.8	1.94	4.59	0	939	17	0.31	5.5	20.4	0.0	0.0	17.04	32	1.2758	2.0375	475	475.75	957.19	
1103966	49	459.9	523.5	417.8	523.5	312.2	1.94	4.59	0	943	17	0.31	5.5	20.4	0.0	0.0	17.06	32	1.2758	2.0375	475	475.63	957.03	
1104559	49	459.9	522.5	417.3	522.5	312.2	1.94	4.59	0	948	16	0.31	5.5	20.4	0.0	0.0	16.92	32	1.2758	2.0375	475	475.54	957.03	
1105079	49	459.8	522.5	417.5	522.2	312.2	1.94	4.59	0	948	16	0.31	5.5	20.4	0.0	0.0	17.20	32	1.2758	2.0375	475	475.44	957.03	
1105618	49	459.8	521.8	417.3	521.8	312.2	1.94	4.59	0	936	16	0.31	5.5	20.4	0.0	0.0	17.11	32	1.2758	2.0375	475	475.44	957.27	
1106144	49	459.8	521.5	417.1	521.5	312.2	1.75	4.59	0	945	16	0.31	5.5	20.4	0.0	0.0	17.79	32	1.2758	2.0375	475	475.35	957.19	
1106688	49	459.7	520.8	416.5	520.5	312.2	1.75	4.59	0	959	15	0.31	5.5	20.4	0.0	0.0	17.55	32	1.2758	2.0375	475	475.23	957.27	
1107253	49	459.7	520.8	416.3	520.5	311.8	1.75	4.59	0	969	15	0.31	5.5	20.4	0.0	0.0	17.18	32	1.2758	2.0375	475	475.23	957.34	
1107779	49	459.6	520.2	416.0	520.5	312.5	1.75	4.59	0	951	14	0.56	5.5	20.4	0.0	0.0	17.39	32	1.2758	2.0375	475	475.14	957.34	
1108324	49	459.5	520.2	415.8	519.8	312.2	1.75	4.59	0	955	14	0.31	5.5	20.4	0.0	0.0	17.51	32	1.2758	2.0375	475	475.05	957.50	
1108877	49	459.5	519.2	415.8	519.2	311.8	1.75	4.59	0	955	14	0.31	5.5	20.4	0.0	0.0	17.27	32	1.2758	2.0375	475	474.93	957.27	
1109469	49	459.4	518.8	415.3	518.5	311.8	1.75	4.59	0	948	14	0.31	5.5	20.4	0.0	0.0	17.34	32	1.2758	2.0375	475	474.93	957.42	
1109996	49	459.3	518.5	415.3	518.5	312.2	1.94	4.59	0	943	14	0.31	5.5	20.4	0.0	0.0	16.99	32	1.2758	2.0375	470	474.83	957.27	
1110530	49	459.2	517.8	415.3	518.2	311.8	1.75	4.59	0	935	14	0.31	5.5	20.4	0.0	0.0	16.95	32	1.2758	2.0375	470	474.83	956.41	
1111076	49	459.2	517.5	414.8	517.5	311.8	2.44	4.59	0	1,154	14	0.81	5.5	20.4	0.0	0.0	30.87	32	1.2758	2.0375	470	474.74	955.86	
1111587	50	459.0	517.5	414.5	517.2	311.8	2.12	4.59	0	1,214	15	1.12	5.5	20.4	0.0	0.0	31.59	32	1.2758	2.0375	470	474.65	960.55	
1112131	50	458.9	517.2	414.1	516.8	311.8	2.12	4.59	0	1,331	16	1.38	5.5	20.4	0.0	0.0	25.57	32	1.2758	2.0375	470	474.65	962.58	
1112664	50	458.8	516.5	414.1	516.5	311.8	1.56	4.59	0	1,317	17	1.12	5.5	20.4	0.0	0.0	18.30	32	1.2758	2.0375	470	474.53	962.66	
1113272	49	458.6	516.5	414.0	516.5	312.2	1.56	4.59	0	1,303	17	0.81	5.5	20.4	0.0	0.0	12.33	32	1.2758	2.0375	470	474.53	960.55	
1113858	49	458.5	516.5	414.1	516.8	311.8	0.88	4.59	0	1,285	16	0.56	5.5	20.4	0.0	0.0	12.07	32	1.2758	2.0375	470	474.44	959.61	
1114407	49	458.4	516.8	414.1	516.8	311.8	1.44	4.59	0	1,284	16	0.81	5.5	20.4	0.0	0.0	14.88	32	1.2758	2.0375	470	474.34	958.83	
1114973	49	458.2	516.5	414.1	516.8	312.2	1.75	4.59	0	1,318	16	1.12	5.5	20.4	0.0	0.0	20.25	32	1.2758	2.0375	470	474.34	960.31	
1115574	49	458.1	516.8	414.1	516.5	312.2	1.94	4.59	0	1,332	17	1.38	5.5	20.4	0.0	0.0	24.91	32	1.2758	2.0375	470	474.25	960.55	
1116105	50	457.9	516.8	414.5	516.5	312.2	2.12	4.59	0	1,396	18	1.38	5.5	20.4	0.0	0.0	27.75	32	1.2758	2.0375	470	474.25	962.50	
1116630	50	457.7	516.8	414.1	516.8	311.5	2.12	4.59	0	1,455	19	1.38	5.5	20.4	0.0	0.0	27.66	32	1.2758	2.0375	470	474.13	966.64	
1117219	50	457.5	517.2	414.7	517.2	312.2	1.75	4.59	0	1,538	20	1.38	5.5	20.4	0.0	0.0	25.12	32	1.2758	2.0375	470	474.04	966.25	
1117842	49	457.3	517.2	414.8	517.5	311.8	2.25	4.59	0	1,639	21	1.38	5.5	20.4	0.0	0.0	27.00	32	1.2758	2.0375	470	474.04	971.56	
1118392	49	457.1	517.5	414.6	517.5	311.8	1.75	4.59	0	1,659	21	1.38	5.5	20.4	0.0	0.0	15.12	32	1.2758	2.0375	470	473.94	964.84	
1118981	49	456.9	518.5	415.2	518.2	312.2	1.75	4.59	0	1,689	22	1.12	5.5	20.4	0.0	0.0	23.06	32	1.2758	2.0375	470	473.85	963.36	
1119571	49	456.6	518.5	415.0	518.8	312.2	2.62	4.59	0	1,786	23	1.94	5.5	20.4	0.0	0.0	30.98	32	1.2758	2.0375	470	473.73	973.52	
1120088	49	456.4	519.5	415.8	519.2	312.2	2.25	4.59	0	1,829	24	1.62	5.5	20.4	0.0	0.0	19.20	32	1.2758	2.0375	470	473.73	971.33	
1120615	49	456.2	519.5	415.8	519.8	311.8	3.69	4.59	0	1,696	24	0.56	5.5	20.4	0.0	0.0	13.80	32	1.2758	2.0375	470	473.64	967.50	
1121145	49	456.1	520.2	416.2	520.2	312.5	0.88	4.59	0	1,152	23	0.31	5.5	20.4	0.0	0.0	14.23	32	1.2758	2.0375	470	473.64	963.36	
1121660	49	455.9	520.8	416.5	520.8	312.2	1.44	4.59	0	1,161	23	0.31	5.5	20.4	0.0	0.0	17.51	32	1.2758	2.0375	470	473.55	963.67	
1122202	49	455.9	521.8	416.8	521.5	312.2	1.44	4.59	0	1,114	22	0.31	5.5	20.4	0.0	0.0	17.84	32	1.2758	2.0375	470	473.55	962.97	
1122806	49	455.9	521.8	417.1	522.2	312.2	1.56	4.59	0	1,071	21	0.31	5.5	20.4	0.0	0.0	17.98	32	1.2758	2.0375	470	473.43	967.58	
1123388	49	455.9	522.2	417.2	522.5	312.2	1.44	4.59	0	925	21	0.31	5.5	20.4	0.0	0.0	18.00	32	1.2758	2.0375	470	473.43	960.62	
1123931	49	455.9	522.2	417.3	522.5	312.5	2.44	4.59	0	1,432	21	1.62	5.5	20.4	0.0	0.0	32.20	32	1.2758	2.0375	470	473.33	963.28	
1124481	49	455.8	521.8	417.2	521.8	312.5	2.25	4.59	0	1,609	22	1.94	5.5	20.4	0.0	0.0	30.61	32	1.2758	2.0375	470	473.24	970.94	
1125000	49	455.8	522.2	417.3	522.2	312.2	2.44	4.59	0	1,750	22	1.94	5.5	20.4	0.0	0.0	30.66	32	1.2758	2.0375	470	473.15	978.67	
1125576	49	455.7	521.8	417.0	521.8	312.2	2.62	4.59	0	1,884	23	2.19	5.5	20.4	0.0	0.0	31.83	32	1.2758	2.0375	470	473.03	989.45	
1126110	49	455.5	521.8	417.2	522.2	312.2	2.25	4.59	0	1,889	24	1.62	5.5	20.4	0.0	0.0	20.27	32	1.2758	2.0375	470	472.94	980.78	
1126744	49	455.4	522.2	417.3	522.2	312.2	2.12	4.59	0	1,792	25	1.12	5.5	20.4	0.0	0.0	15.56	32	1.2758	2.0375	470	472.75	969.45	
1127254	49	455.2	522.8	417.5	522.8	312.2	1.56	4.59	0	1,322	25	0.81	5.5	20.4	0.0	0.0	17.18	32	1.2758	2.0375	470	472.63	962.42	
1127832	49	455.0	523.5	418.0	523.2	312.5	1.75	4.59	0	1,340	25	1.38	5.5	20.4	0.0	0.0	27.82	32	1.2758	2.0375	470	472.54	962.11	
1128346	49	454.9	523.8	418.0	523.5	312.5	2.25	4.59	0	1,376	26	1.94	5.5	20.4	0.0	0.0	39.19	32	1.2758	2.0375	470	472.44	969.22	
1128913	49	454.7	524.2	418.1	524.2	312.5	2.25	4.59	0	1,416	27	2.44	5.5	20.4	0.0	0.0	39.16	32	1.2758	2.0375	470	472.23	981.17	
1129452	49	454.5	524.5	418.5	524.5	312.5	2.25	4.59	0	1,441	28	2.19	5.5	20.4	0.0	0.0	35.13	32	1.2758	2.0375	470	472.14	984.84	
1129969	49	454.3	524.8	418.8	525.2	312.5	2.25	4.59	0	1,484	29	1.62	5.5	20.4	0.0	0.0	27.21	32	1.2758	2.0375	470	471.93	984.84	
1130496	49	454.1	525.5	419.1	525.5	312.8	2.12	4.59	0	1,505	30	1.62	5.5	20.4	0.0	0.0	19.48	32	1.2758	2.0375	470	471.83	973.28	
1131024	49	453.9	526.2	419.5	525.8	312.8	1.25	4.59	0	1,515	30	1.12	5.5	20.4	0.0	0.0	13.15	32	1.2758	2.0375	470	471.74	966.25	
1131534	49	453.8	526.5	419.8	526.5	312.8	1.44	4.59	0	1,469	30	1.38	5.5	20.4	0.0	0.0	11.46	32	1.2758	2.0375	470	471.65	962.97	
1132115	49	453.7	527.2	419.6	527.2	313.2	1.06	4.59	0	1,440	29	1.12	5.5	20.4	0.0	0.0	17.81	32	1.2758	2.0375	470	471.53	964.45	
1132734	49	453.6	527.2	420.1	527.5	312.8	0.69	4.59	0	1,421	28	1.12	5.5	20.4	0.0	0.0	18.54	32	1.2758	2.0375	470	471.44	971.88	
1133249	49	453.7	527.5	420.1	527.8	312.5	0.88	4.59	0	1,368	27	1.12	5.5	20.4	0.0	0.0	18.66	32	1.2758	2.0375	470	471.34	972.89	
1133786	49	453.7	527.5	420.1	527.5	312.5	1.06	4.59	0	1,267	25	0.81	5.5	20.4	0.0	0.0	18.21	32	1.2758	2.0375	470	471.34	973.52	
1134379	49	453.9	527.2	420.1	526.8	312.8	1.44	4.59	0	1,127	22	0.56	5.5	20.4	0.0	0.0	18.05	32	1.2758	2.0375	470	471.25	972.11	
1134892	49	454.0	527.2	420.2	527.2	312.8	1.75	4.59	0	865	20	0.31	5.5	20.4	0.0	0.0	13.10	32	1.2758	2.0375	470	471.25	968.67	
1135577	49	454.2	526.5	419.8	526.5	312.8	1.94	4.59	0	939	20	0.31	5.5	20.4	0.0	0.0	16.88	32	1.2758	2.0375	470	471.13	963.98	
1136087	49	454.3	526.5	419.5	525.8	312.8	1.75	4.59	0	978	20	0.56	5.5	20.4	0.0	0.0	14.39	32	1.2758	2.0375	470	471.13	961.80	
1136669	49	454.4	525.8	419.1	525.5	313.2	1.75	4.59	0	982	20	0.56	5.5	20.4	0.0	0.0	15.61	32	1.2758	2.0375	470	471.04	960.31	
1137178	49	454.4	524.8	419.0	524.8	313.2	1.75	4.59	0	985	20	0.31	5.5	20.4	0.0	0.0	15.91	32	1.2758	2.0375	470	470.94	959.38	
1137708	49	454.5	524.2	418.6	524.2	312.8	1.94	4.59	0	975	19	0.31	5.5	20.4	0.0	0.0	15.89	32	1.2758	2.0375	470	470.94	958.91	
1138247	49	454.5	523.5	418.5	523.5	312.8	1.75	4.59	0	971	19	0.31	5.5	20.4	0.0	0.0	15.84	32	1.2758	2.0375	470	470.85	958.12	
1138770	49	454.5	523.2	418.1	523.5	312.8	1.75	4.59	0	969	19	0.31	5.5	20.4	0.0	0.0	16.12	32	1.2758	2.0375	470	470.85	957.89	
1139313	49	454.5	522.2	417.7	522.2	312.5	1.75	4.59	0	966	19	0.31	5.5	20.4	0.0	0.0	16.29	32	1.2758	2.0375	470	470.73	957.97	
1139818	49	454.5	521.8	417.3	521.8	312.8	1.75	4.59	0	965	19	0.31	5.5	20.4	0.0	0.0	16.10	32	1.2758	2.0375	470	470.64	957.50	
1140341	49	454.5	520.8	417.0	520.8	312.8	1.75	4.59	0	954	19	0.31	5.5	20.4	0.0	0.0	16.20	32	1.2758	2.0375	470	470.64	957.50	
1140876	49	454.5	520.2	416.5	520.5	312.5	1.75	4.59	0	951	19	0.56	5.5	20.4	0.0	0.0	16.29	32	1.2758	2.0375	470	470.55	957.50	
1141453	49	454.5	519.5	415.8	519.5	312.5	1.75	4.59	0	947	19	0.31	5.5	20.4	0.0	0.0	16.24	32	1.2758	2.0375	470	470.43	957.50	
1142056	49	454.4	518.8	415.8	518.8	312.5	1.94	4.59	0	945	19	0.31	5.5	20.4	0.0	0.0	16.12	32	1.2758	2.0375	470	470.43	957.19	
1142563	49	454.4	517.8	415.5	518.2	312.5	1.75	4.59	0	939	19	0.31	5.5	20.4	0.0	0.0	16.41	32	1.2758	2.0375	470	470.33	957.19	
1143093	50	454.3	517.5	415.0	517.2	312.2	1.94	4.59	0	941	19	0.31	5.5	20.4	0.0	0.0	16.55	32	1.2758	2.0375	470	470.24	957.11	
1143727	50	454.2	516.5	414.3	516.5	312.2	1.94	4.59	0	936	18	0.31	5.5	20.4	0.0	0.0	16.92	32	1.2758	2.0375	470	470.24	957.34	
1144240	50	454.2	515.8	414.1	515.5	312.5	1.75	4.59	0	930	18	0.31	5.5	20.4	0.0	0.0	17.72	32	1.2758	2.0375	470	470.15	957.03	
1144813	50	454.1	515.5	413.7	515.2	312.2	1.94	4.59	0	951	16	0.31	5.5	20.4	0.0	0.0	17.93	32	1.2758	2.0375	470	470.03	957.03	
1145401	50	454.0	514.5	413.5	514.5	312.2	1.75	4.59	0	971	15	0.31	5.5	20.4	0.0	0.0	17.41	32	1.2758	2.0375	470	469.94	957.66	
1145959	50	453.9	513.8	412.8	513.8	311.8	1.75	4.59	0	941	12	0.31	5.5	20.4	0.0	0.0	17.74	32	1.2758	2.0375	470	469.94	957.66	
1146508	50	453.8	513.2	412.5	513.2	312.2	1.75	4.59	0	900	11	0.31	5.5	20.4	0.0	0.0	19.97	32	1.2758	2.0375	465	469.84	957.19	
1147041	50	453.7	512.2	412.1	512.2	312.2	1.94	4.59	0	922	11	0.56	5.5	20.4	0.0	0.0	20.34	32	1.2758	2.0375	465	469.75	957.58	
1147589	50	453.6	511.8	411.5	511.8	311.5	1.94	4.59	0	956	11	0.56	5.5	20.4	0.0	0.0	19.97	32	1.2758	2.0375	465	469.75	958.05	
1148119	50	453.5	511.2	411.5	510.8	311.5	1.75	4.59	0	956	11	0.56	5.5	20.4	0.0	0.0	19.71	32	1.2758	2.0375	465	469.63	958.05	
1148688	50	453.4	510.8	411.0	510.8	311.2	1.94	4.59	0	942	11	0.56	5.5	20.4	0.0	0.0	19.73	32	1.2758	2.0375	465	469.54	957.89	
1149200	50	453.3	510.2	410.7	510.2	311.2	1.94	4.59	0	940	12	0.56	5.5	20.4	0.0	0.0	19.90	32	1.2758	2.0375	465	469.54	957.89	
1149761	50	453.1	509.5	410.5	509.5	311.2	1.94	4.59	0	939	12	0.31	5.5	20.4	0.0	0.0	19.92	32	1.2758	2.0375	465	469.44	957.89	
1150283	50	453.0	509.2	410.5	509.5	311.2	1.94	4.59	0	950	12	0.31	5.5	20.4	0.0	0.0	19.78	32	1.2758	2.0375	465	469.44	958.05	
1150817	50	452.9	508.5	409.6	508.8	310.8	1.75	4.59	0	955	12	0.31	5.5	20.4	0.0	0.0	19.69	32	1.2758	2.0375	465	469.35	958.05	
1151399	50	452.7	508.2	409.6	508.2	310.8	1.94	4.59	0	960	12	0.31	5.5	20.4	0.0	0.0	19.52	32	1.2758	2.0375	465	469.35	958.28	
1151966	50	452.6	507.8	409.5	507.8	310.5	1.75	4.59	0	966	12	0.56	5.5	20.4	0.0	0.0	19.55	32	1.2758	2.0375	465	469.23	958.52	
1152609	50	452.4	507.5	409.0	507.5	310.8	1.94	4.59	0	969	12	0.31	5.5	20.4	0.0	0.0	19.15	32	1.2758	2.0375	465	469.14	958.59	
1153134	50	452.3	507.5	408.8	507.5	310.8	1.75	4.59	0	972	12	0.56	5.5	20.4	0.0	0.0	18.84	32	1.2758	2.0375	465	469.14	958.20	
1153648	50	452.1	506.5	408.5	506.5	310.8	1.75	4.59	0	973	12	0.56	5.5	20.4	0.0	0.0	18.75	32	1.2758	2.0375	465	469.05	954.69	
1154185	50	452.0	506.5	408.5	506.5	310.8	2.44	4.59	0	1,182	13	1.62	5.5	20.4	0.0	0.0	41.65	32	1.2758	2.0375	465	469.05	960.39	
1154719	50	451.7	506.2	408.1	506.2	310.2	2.44	4.59	0	1,397	14	3.00	5.5	20.4	0.0	0.0	45.87	32	1.2758	2.0375	465	468.93	980.94	
1155259	50	451.5	506.2	408.3	505.8	310.5	2.44	4.59	0	1,392	17	3.25	5.5	20.4	0.0	0.0	47.20	32	1.2758	2.0375	465	468.83	999.84	
1155814	50	451.2	505.5	407.8	505.8	310.2	2.62	4.59	0	1,437	19	3.25	5.5	20.4	0.0	0.0	43.48	32	1.2758	2.0375	465	468.74	1,007.66	
1156343	50	450.9	505.8	408.0	505.8	310.2	2.81	4.59	0	1,590	21	3.25	5.5	20.4	0.0	0.0	41.48	32	1.2758	2.0375	465	468.65	1,012.89	
1156862	50	450.6	506.2	408.0	506.2	309.8	2.81	4.59	0	1,705	22	2.75	5.5	20.4	0.0	0.0	34.92	32	1.2758	2.0375	465	468.53	1,017.19	
1157448	50	450.2	506.5	408.5	506.5	309.8	2.12	4.59	0	1,819	23	1.94	5.5	20.4	0.0	0.0	17.65	32	1.2758	2.0375	465	468.44	989.06	
1157959	49	450.0	506.8	408.5	506.8	310.2	1.06	4.59	0	1,447	23	0.81	5.5	20.4	0.0	0.0	15.28	32	1.2758	2.0375	465	468.34	975.94	
1158506	49	449.8	507.8	408.8	507.5	310.2	1.75	4.59	0	1,416	23	1.12	5.5	20.4	0.0	0.0	24.63	32	1.2758	2.0375	465	468.13	960.78	
1159062	49	449.6	508.2	409.3	508.2	310.2	2.44	4.59	0	1,303	23	1.94	5.5	20.4	0.0	0.0	47.41	32	1.2758	2.0375	465	468.04	975.23	
1159570	49	449.4	509.2	409.5	508.8	310.2	2.25	4.59	0	1,225	24	3.25	5.5	20.4	0.0	0.0	55.12	32	1.2758	2.0375	465	467.94	1,001.56	
1160124	49	449.2	509.5	409.6	509.5	309.8	2.44	4.59	0	1,290	26	3.50	5.5	20.4	0.0	0.0	33.84	32	1.2758	2.0375	465	467.73	1,002.19	
1160738	49	449.1	509.8	410.0	510.2	310.2	1.44	4.59	0	1,369	26	1.12	5.5	20.4	0.0	0.0	16.50	32	1.2758	2.0375	465	467.64	976.17	
1161402	49	449.0	510.8	410.0	510.5	310.2	1.25	4.59	0	1,275	26	0.81	5.5	20.4	0.0	0.0	12.45	32	1.2758	2.0375	465	467.43	965.39	
1161925	49	448.9	511.2	410.7	511.2	309.8	1.56	4.59	0	1,261	26	0.31	5.5	20.4	0.0	0.0	17.11	32	1.2758	2.0375	465	467.33	963.98	
1162518	49	448.8	511.8	410.6	511.8	309.8	1.06	4.59	0	1,242	25	0.56	5.5	20.4	0.0	0.0	18.02	32	1.2758	2.0375	465	467.24	970.00	
1163030	49	448.9	511.8	411.2	511.8	310.2	1.25	4.59	0	1,213	24	0.56	5.5	20.4	0.0	0.0	17.62	32	1.2758	2.0375	465	467.24	970.62	
1163612	49	449.0	512.5	410.8	512.2	309.8	1.44	4.59	0	1,156	23	0.31	5.5	20.4	0.0	0.0	17.27	32	1.2758	2.0375	465	467.15	970.94	
1164187	49	449.1	512.2	411.0	512.2	310.2	1.56	4.59	0	1,071	21	0.31	5.5	20.4	0.0	0.0	17.72	32	1.2758	2.0375	465	467.03	969.77	
1164688	49	449.2	511.5	410.8	511.8	309.8	1.56	4.59	0	842	20	0.31	5.5	20.4	0.0	0.0	16.10	32	1.2758	2.0375	465	467.03	965.55	
1165270	49	449.3	511.5	410.5	511.5	309.5	1.94	4.59	0	923	19	0.56	5.5	20.4	0.0	0.0	17.70	32	1.2758	2.0375	465	466.94	963.28	
1165803	49	449.4	511.2	410.5	511.2	309.8	1.75	4.59	0	978	18	0.31	5.5	20.4	0.0	0.0	15.84	32	1.2758	2.0375	465	466.94	961.41	
1166348	49	449.5	510.8	410.3	511.2	310.2	1.94	4.59	0	970	18	0.31	5.5	20.4	0.0	0.0	17.91	32	1.2758	2.0375	465	466.84	960.31	
1166892	49	449.6	510.2	410.1	510.5	310.5	1.75	4.59	0	995	18	0.31	5.5	20.4	0.0	0.0	16.57	32	1.2758	2.0375	465	466.75	959.38	
1167435	50	449.7	510.2	410.2	509.8	310.2	1.75	4.59	0	970	18	0.31	5.5	20.4	0.0	0.0	17.04	32	1.2758	2.0375	465	466.63	958.91	
1167970	50	449.7	509.8	409.6	509.5	310.5	1.75	4.59	0	962	18	0.56	5.5	20.4	0.0	0.0	17.48	32	1.2758	2.0375	465	466.54	958.44	
1168535	50	449.8	509.2	409.7	509.2	309.8	1.94	4.59	0	962	18	0.31	5.5	20.4	0.0	0.0	17.51	32	1.2758	2.0375	465	466.54	958.36	
1169093	50	449.8	508.8	409.1	508.5	309.8	1.94	4.59	0	953	18	0.31	5.5	20.4	0.0	0.0	17.46	32	1.2758	2.0375	465	466.44	958.20	
1169692	50	449.8	508.5	408.8	508.5	309.8	1.75	4.59	0	948	18	0.31	5.5	20.4	0.0	0.0	17.55	32	1.2758	2.0375	465	466.35	957.97	
1170237	50	449.8	507.5	408.5	507.8	310.2	1.75	4.59	0	946	18	0.31	5.5	20.4	0.0	0.0	17.48	32	1.2758	2.0375	465	466.23	957.81	
1170761	50	449.9	507.2	408.6	507.2	309.8	1.75	4.59	0	945	18	0.31	5.5	20.4	0.0	0.0	17.53	32	1.2758	2.0375	465	466.14	957.81	
1171319	50	449.9	506.8	408.5	506.8	309.8	1.94	4.59	0	987	18	0.31	5.5	20.4	0.0	0.0	32.91	32	1.2758	2.0375	465	466.14	953.91	
1171850	50	449.8	506.2	408.1	506.5	309.8	2.25	4.59	0	1,368	18	1.94	5.5	20.4	0.0	0.0	33.84	32	1.2758	2.0375	465	466.05	964.22	
1172362	50	449.8	506.5	408.0	506.2	309.8	2.12	4.59	0	1,462	19	1.62	5.5	20.4	0.0	0.0	25.71	32	1.2758	2.0375	465	465.93	967.11	
1172900	50	449.8	505.5	407.6	505.5	309.8	1.25	4.59	0	1,495	19	1.12	5.5	20.4	0.0	0.0	13.95	32	1.2758	2.0375	465	465.83	963.83	
1173465	50	449.7	505.5	407.5	505.5	309.8	1.25	4.59	0	1,493	19	1.12	5.5	20.4	0.0	0.0	12.19	32	1.2758	2.0375	465	465.74	962.11	
1174047	50	449.7	505.5	407.5	505.5	309.5	1.44	4.59	0	1,480	19	1.12	5.5	20.4	0.0	0.0	11.74	32	1.2758	2.0375	465	465.65	961.17	
1174558	50	449.6	505.2	407.3	505.2	309.5	1.25	4.59	0	1,345	18	0.81	5.5	20.4	0.0	0.0	17.81	32	1.2758	2.0375	465	465.65	962.89	
1175112	50	449.7	504.8	407.1	504.8	309.5	0.69	4.59	0	1,346	17	1.12	5.5	20.4	0.0	0.0	18.75	32	1.2758	2.0375	465	465.53	969.92	
1175636	50	449.8	504.8	407.5	504.8	309.5	1.06	4.59	0	1,289	16	0.81	5.5	20.4	0.0	0.0	18.45	32	1.2758	2.0375	465	465.53	971.88	
1176205	50	450.0	504.5	406.8	504.8	309.5	1.25	4.59	0	1,195	15	0.81	5.5	20.4	0.0	0.0	18.35	32	1.2758	2.0375	465	465.53	971.48	
1176766	50	450.3	504.2	407.0	504.5	309.5	2.44	4.59	0	1,179	14	0.56	5.5	20.4	0.0	0.0	12.40	32	1.2758	2.0375	465	465.53	968.20	
1177318	50	450.5	504.2	406.7	504.2	309.2	2.12	4.59	0	1,163	14	0.81	5.5	20.4	0.0	0.0	25.88	32	1.2758	2.0375	465	465.53	961.64	
1177888	50	450.7	503.5	406.5	503.8	308.8	2.25	4.59	0	1,313	15	1.38	5.5	20.4	0.0	0.0	39.05	32	1.2758	2.0375	465	465.53	963.91	
1178480	51	450.9	503.2	406.0	503.5	308.8	2.62	4.59	0	1,492	16	3.00	5.5	20.4	0.0	0.0	45.21	32	1.2758	2.0375	465	465.44	987.97	
1179034	51	451.0	503.2	406.2	503.5	309.2	2.62	4.59	0	1,468	19	3.50	5.5	20.4	0.0	0.0	46.29	32	1.2758	2.0375	465	465.44	1,005.70	
1179543	50	451.0	503.5	406.3	503.2	308.8	2.81	4.59	0	1,614	21	3.25	5.5	20.4	0.0	0.0	41.95	32	1.2758	2.0375	465	465.34	1,015.39	
1180105	50	451.0	503.2	406.3	503.2	309.2	1.94	4.59	0	1,683	22	2.19	5.5	20.4	0.0	0.0	20.77	32	1.2758	2.0375	465	465.25	993.59	
1180625	50	450.9	503.8	406.3	504.2	309.5	1.56	4.59	0	1,685	22	0.81	5.5	20.4	0.0	0.0	11.58	32	1.2758	2.0375	465	465.13	973.91	
1181122	49	450.9	504.2	406.5	504.2	308.8	2.12	4.59	0	1,680	22	1.12	5.5	20.4	0.0	0.0	11.39	32	1.2758	2.0375	465	465.13	967.58	
1181616	49	450.9	504.5	406.8	504.5	309.2	1.06	4.59	0	1,570	21	1.12	5.5	20.4	0.0	0.0	18.42	32	1.2758	2.0375	465	465.04	967.50	
1182145	50	451.0	505.2	407.3	505.2	309.2	0.88	4.59	0	1,566	20	0.81	5.5	20.4	0.0	0.0	12.91	32	1.2758	2.0375	465	465.04	963.28	
1182650	50	451.0	505.8	407.5	505.5	309.2	1.75	4.59	0	1,596	20	1.38	5.5	20.4	0.0	0.0	18.66	32	1.2758	2.0375	465	465.04	965.08	
1183201	50	451.1	505.8	407.5	505.8	309.5	2.12	4.59	0	1,590	20	1.62	5.5	20.4	0.0	0.0	28.20	32	1.2758	2.0375	465	464.94	962.89	
1183710	50	451.1	506.2	407.7	505.8	308.8	2.62	4.59	0	1,702	22	2.19	5.5	20.4	0.0	0.0	39.45	32	1.2758	2.0375	465	464.94	974.69	
1184268	50	451.1	506.5	407.6	506.5	309.2	3.00	4.59	0	1,783	23	2.75	5.5	20.4	0.0	0.0	38.13	32	1.2758	2.0375	460	464.85	997.89	
1184782	50	451.0	506.5	407.6	506.5	309.5	3.00	4.59	0	1,889	25	2.75	5.5	20.4	0.0	0.0	45.49	32	1.2758	2.0375	460	464.73	1,010.55	
1185339	50	451.0	507.2	408.1	507.2	309.2	5.38	4.59	0	2,024	26	6.75	5.5	20.4	0.0	0.0	52.15	32	1.2758	2.0375	460	464.64	999.06	
1185848	50	450.9	507.8	408.7	507.8	309.2	3.12	4.59	0	1,548	28	5.69	5.5	20.4	0.0	0.0	56.20	32	1.2758	2.0375	460	464.43	1,051.25	
1186354	50	450.8	508.5	409.0	508.8	309.2	3.00	4.59	0	1,536	29	5.69	5.5	20.4	0.0	0.0	54.49	32	1.2758	2.0375	460	464.33	1,076.72	
1186973	50	450.9	509.5	409.3	509.5	309.2	2.62	4.59	0	1,554	31	4.06	5.5	20.4	0.0	0.0	30.49	32	1.2758	2.0375	460	464.15	1,030.47	
1187472	50	450.9	510.5	409.8	510.8	309.2	1.44	4.59	0	1,449	31	0.56	5.5	20.4	0.0	0.0	22.64	32	1.2758	2.0375	460	464.03	991.72	
1187962	49	451.1	511.8	410.5	511.8	309.5	1.44	4.59	0	1,089	31	0.81	5.5	20.4	0.0	0.0	18.14	32	1.2758	2.0375	460	464.03	975.78	
1188453	49	451.2	513.2	411.1	513.5	309.2	1.56	4.59	0	1,043	30	0.56	5.5	20.4	0.0	0.0	17.02	32	1.2758	2.0375	460	463.94	968.52	
1188954	49	451.4	513.8	411.5	514.2	309.5	1.75	4.59	0	1,029	30	0.56	5.5	20.4	0.0	0.0	17.06	32	1.2758	2.0375	460	463.94	965.39	
1189465	49	451.7	514.8	412.1	514.8	309.5	1.75	4.59	0	1,010	30	-0.19	5.5	20.4	0.0	0.0	17.04	32	1.2758	2.0375	460	463.94	967.11	
1189986	49	451.9	515.5	412.3	515.5	309.5	1.75	4.59	0	999	29	-0.19	5.5	20.4	0.0	0.0	17.06	32	1.2758	2.0375	460	463.84	967.11	
1190508	49	452.2	515.8	412.6	515.8	309.5	1.94	4.59	0	979	29	0.31	5.5	20.4	0.0	0.0	17.02	32	1.2758	2.0375	460	463.84	966.80	
1191021	49	452.5	516.2	412.8	516.2	309.5	3.00	4.59	0	959	27	0.56	5.5	20.4	0.0	0.0	12.94	32	1.2758	2.0375	460	463.84	964.92	
1191549	49	452.8	516.5	413.0	516.2	309.5	1.75	4.59	0	838	24	0.31	5.5	20.4	0.0	0.0	13.52	32	1.2758	2.0375	460	463.84	962.03	
1192091	49	453.0	515.8	412.7	516.2	309.5	2.12	4.59	0	837	20	0.31	5.5	20.4	0.0	0.0	23.20	32	1.2758	2.0375	460	463.84	960.62	
1192647	50	453.3	516.2	412.8	516.2	309.5	1.94	4.59	0	983	17	0.31	5.5	20.4	0.0	0.0	16.59	32	1.2758	2.0375	460	463.75	960.31	
1193154	50	453.5	515.5	412.6	515.5	309.5	1.94	4.59	0	956	17	0.31	5.5	20.4	0.0	0.0	17.77	32	1.2758	2.0375	460	463.75	959.61	
1193684	50	453.8	515.8	412.3	515.8	309.5	1.94	4.59	0	977	15	0.56	5.5	20.4	0.0	0.0	17.09	32	1.2758	2.0375	460	463.75	959.30	
1194245	50	454.0	515.5	412.3	515.5	309.2	1.94	4.59	0	960	13	0.31	5.5	20.4	0.0	0.0	17.23	32	1.2758	2.0375	460	463.75	958.75	
1194805	50	454.2	515.2	412.3	515.2	309.2	1.75	4.59	0	899	10	0.31	5.5	20.4	0.0	0.0	18.75	32	1.2758	2.0375	460	463.75	957.89	
1195295	50	454.3	515.2	412.3	515.2	309.5	1.94	4.59	0	919	7	0.56	5.5	20.4	0.0	0.0	20.53	32	1.2758	2.0375	460	463.63	957.34	
1195849	50	454.5	514.8	411.8	514.5	309.5	1.94	4.59	0	856	7	0.56	5.5	20.4	0.0	0.0	24.94	32	1.2758	2.0375	460	463.63	958.36	
1196349	50	454.7	514.2	411.7	514.2	309.2	1.94	4.59	0	988	8	0.56	5.5	20.4	0.0	0.0	19.85	32	1.2758	2.0375	460	463.63	958.98	
1196863	50	454.9	513.8	411.7	513.5	309.2	1.75	4.59	0	989	8	0.31	5.5	20.4	0.0	0.0	19.15	32	1.2758	2.0375	460	463.63	958.83	
1197348	50	455.0	513.5	411.5	513.2	308.8	1.94	4.59	0	968	8	0.31	5.5	20.4	0.0	0.0	28.48	32	1.2758	2.0375	460	463.63	956.80	
1197870	50	455.2	513.2	411.2	513.5	309.2	2.12	4.59	0	1,109	9	1.12	5.5	20.4	0.0	0.0	29.46	32	1.2758	2.0375	460	463.63	958.98	
1198350	50	455.3	512.8	410.6	512.8	309.5	2.25	4.59	0	1,218	10	1.38	5.5	20.4	0.0	0.0	39.40	32	1.2758	2.0375	460	463.63	961.95	
1198892	50	455.5	512.5	411.0	512.5	308.8	2.44	4.59	0	1,382	11	2.75	5.5	20.4	0.0	0.0	41.88	32	1.2758	2.0375	460	463.54	975.23	
1199398	50	455.6	512.8	410.8	512.8	309.2	2.44	4.59	0	1,424	13	3.00	5.5	20.4	0.0	0.0	43.15	32	1.2758	2.0375	460	463.63	988.36	
1199920	50	455.8	512.8	411.0	512.8	309.2	2.44	4.59	0	1,453	15	3.25	5.5	20.4	0.0	0.0	43.64	32	1.2758	2.0375	460	463.63	997.58	
1200465	50	455.9	512.8	411.0	513.2	308.8	2.44	4.59	0	1,460	17	3.25	5.5	20.4	0.0	0.0	38.44	32	1.2758	2.0375	460	463.63	1,005.00	
1201006	50	456.1	513.5	411.0	513.5	309.2	2.12	4.59	0	1,424	19	2.19	5.5	20.4	0.0	0.0	20.39	32	1.2758	2.0375	460	463.63	982.19	
1201528	50	456.2	513.8	411.1	513.8	308.8	1.25	4.59	0	1,442	19	1.12	5.5	20.4	0.0	0.0	13.43	32	1.2758	2.0375	460	463.75	969.61	
1202031	49	456.3	514.5	411.6	514.8	309.5	1.25	4.59	0	1,462	19	1.12	5.5	20.4	0.0	0.0	12.09	32	1.2758	2.0375	460	463.75	965.16	
1202526	49	456.4	514.8	411.6	514.8	308.8	1.44	4.59	0	1,456	18	1.38	5.5	20.4	0.0	0.0	18.09	32	1.2758	2.0375	460	463.75	960.62	
1203081	49	456.5	515.2	412.0	515.2	308.5	1.75	4.59	0	1,482	19	1.38	5.5	20.4	0.0	0.0	23.93	32	1.2758	2.0375	460	463.84	958.83	
1203565	50	456.6	515.8	412.3	516.2	308.8	1.75	4.59	0	1,537	20	1.62	5.5	20.4	0.0	0.0	23.62	32	1.2758	2.0375	460	463.84	964.14	
1204054	50	456.7	516.2	412.6	516.2	308.5	2.12	4.59	0	1,569	20	1.62	5.5	20.4	0.0	0.0	25.08	32	1.2758	2.0375	460	463.94	965.94	
1204569	50	456.9	516.5	412.6	516.5	308.8	2.12	4.59	0	1,631	21	1.62	5.5	20.4	0.0	0.0	24.33	32	1.2758	2.0375	460	463.94	967.73	
1205050	50	457.0	516.8	412.8	516.8	308.8	1.25	4.59	0	1,636	21	1.12	5.5	20.4	0.0	0.0	12.45	32	1.2758	2.0375	460	464.03	964.14	
1205558	50	457.0	517.2	413.1	517.2	308.8	1.75	4.59	0	1,639	21	1.12	5.5	20.4	0.0	0.0	11.06	32	1.2758	2.0375	460	464.03	962.42	
1206041	50	457.1	517.5	413.1	517.8	308.5	0.88	4.59	0	1,529	20	1.12	5.5	20.4	0.0	0.0	18.09	32	1.2758	2.0375	460	464.15	964.77	
1206533	50	457.3	517.8	413.7	517.8	308.8	0.88	4.59	0	1,530	19	0.81	5.5	20.4	0.0	0.0	18.82	32	1.2758	2.0375	460	464.15	966.09	
1207082	50	457.5	517.8	413.7	518.2	308.8	0.88	4.59	0	1,454	19	1.12	5.5	20.4	0.0	0.0	18.33	32	1.2758	2.0375	460	464.24	972.03	
1207587	50	457.7	518.5	413.3	518.5	308.8	0.69	4.59	0	1,399	18	1.12	5.5	20.4	0.0	0.0	18.80	32	1.2758	2.0375	460	464.33	973.83	
1208106	50	458.0	518.5	413.8	518.5	308.5	0.88	4.59	0	1,318	17	0.81	5.5	20.4	0.0	0.0	20.86	32	1.2758	2.0375	460	464.43	975.23	
1208592	50	458.2	518.5	413.7	518.2	308.8	1.44	4.59	0	1,305	17	0.56	5.5	20.4	0.0	0.0	15.38	32	1.2758	2.0375	460	464.43	968.75	
1209137	50	458.5	518.5	413.5	518.5	308.8	1.75	4.59	0	1,354	17	1.38	5.5	20.4	0.0	0.0	29.55	32	1.2758	2.0375	460	464.55	964.06	
1209654	50	458.7	517.8	413.3	518.2	308.8	2.25	4.59	0	1,389	18	1.62	5.5	20.4	0.0	0.0	33.21	32	1.2758	2.0375	460	464.55	969.92	
1210145	51	458.9	517.8	413.5	517.8	308.8	2.12	4.59	0	1,480	19	1.62	5.5	20.4	0.0	0.0	25.05	32	1.2758	2.0375	460	464.64	974.22	
1210639	51	459.1	517.5	413.1	517.5	308.8	1.94	4.59	0	1,534	20	1.94	5.5	20.4	0.0	0.0	15.23	32	1.2758	2.0375	460	464.73	967.50	
1211236	50	459.2	517.8	413.3	517.8	308.8	1.25	4.59	0	1,514	20	1.12	5.5	20.4	0.0	0.0	11.95	32	1.2758	2.0375	460	464.73	963.44	
1211741	50	459.3	517.8	413.5	518.2	308.8	0.56	4.59	0	1,435	19	0.81	5.5	20.4	0.0	0.0	17.72	32	1.2758	2.0375	460	464.85	963.98	
1212222	50	459.5	518.2	413.5	517.8	308.8	0.69	4.59	0	1,459	18	1.12	5.5	20.4	0.0	0.0	18.96	32	1.2758	2.0375	460	464.85	965.23	
1212697	50	459.7	518.2	413.7	517.8	309.2	0.69	4.59	0	1,372	18	1.12	5.5	20.4	0.0	0.0	18.77	32	1.2758	2.0375	465	464.94	967.19	
1213176	50	460.1	518.2	413.3	517.8	308.8	0.88	4.59	0	1,319	17	0.81	5.5	20.4	0.0	0.0	15.14	32	1.2758	2.0375	465	465.04	972.73	
1213719	50	460.4	517.5	413.3	517.5	308.8	1.75	4.59	0	1,293	16	0.56	5.5	20.4	0.0	0.0	13.66	32	1.2758	2.0375	465	465.13	967.81	
1214265	50	460.7	517.5	413.3	517.5	309.2	1.56	4.59	0	1,301	16	1.12	5.5	20.4	0.0	0.0	17.95	32	1.2758	2.0375	465	465.25	965.78	
1214798	51	461.0	517.2	413.2	517.2	308.8	1.56	4.59	0	1,304	17	1.12	5.5	20.4	0.0	0.0	17.20	32	1.2758	2.0375	465	465.34	965.39	
1215274	51	461.2	516.8	413.2	517.2	309.2	1.44	4.59	0	1,313	17	0.81	5.5	20.4	0.0	0.0	15.26	32	1.2758	2.0375	465	465.34	964.77	
1215781	51	461.4	516.5	412.8	516.5	309.2	1.44	4.59	0	1,315	17	0.81	5.5	20.4	0.0	0.0	13.34	32	1.2758	2.0375	465	465.44	964.38	
1216260	51	461.6	516.5	412.8	516.5	309.2	1.56	4.59	0	1,318	17	1.12	5.5	20.4	0.0	0.0	12.42	32	1.2758	2.0375	465	465.53	964.14	
1216747	51	461.7	516.5	412.6	516.2	308.8	1.56	4.59	0	1,318	17	1.12	5.5	20.4	0.0	0.0	17.74	32	1.2758	2.0375	465	465.53	962.81	
1217233	51	461.8	515.8	412.7	515.8	308.8	1.56	4.59	0	1,344	17	1.12	5.5	20.4	0.0	0.0	18.05	32	1.2758	2.0375	465	465.65	963.12	
1217750	51	461.9	515.8	412.5	515.8	309.2	1.56	4.59	0	1,357	17	1.12	5.5	20.4	0.0	0.0	18.49	32	1.2758	2.0375	465	465.65	964.53	
1218224	51	462.0	515.8	412.1	515.5	309.2	1.44	4.59	0	1,363	17	1.12	5.5	20.4	0.0	0.0	14.20	32	1.2758	2.0375	465	465.74	964.22	
1218714	51	462.1	515.5	412.2	515.2	308.8	1.44	4.59	0	1,354	17	1.12	5.5	20.4	0.0	0.0	15.87	32	1.2758	2.0375	465	465.74	963.28	
1219300	51	462.1	515.2	412.2	514.8	309.2	1.56	4.59	0	1,406	17	1.38	5.5	20.4	0.0	0.0	20.44	32	1.2758	2.0375	465	465.83	962.27	
1219820	51	462.1	514.5	411.8	514.8	309.2	1.75	4.59	0	1,407	18	1.38	5.5	20.4	0.0	0.0	21.14	32	1.2758	2.0375	465	465.93	962.89	
1220305	51	462.1	514.8	412.0	514.5	309.2	1.94	4.59	0	1,470	19	1.62	5.5	20.4	0.0	0.0	23.51	32	1.2758	2.0375	465	465.93	962.58	
1220803	51	462.1	514.8	412.0	514.5	308.8	1.25	4.59	0	1,460	19	1.12	5.5	20.4	0.0	0.0	13.34	32	1.2758	2.0375	465	466.05	962.03	
1221285	51	462.1	514.2	411.8	514.5	309.2	1.44	4.59	0	1,477	19	1.38	5.5	20.4	0.0	0.0	16.90	32	1.2758	2.0375	465	466.05	959.45	
1221761	51	462.0	514.5	411.6	514.5	309.2	1.75	4.59	0	1,516	19	1.62	5.5	20.4	0.0	0.0	22.24	32	1.2758	2.0375	465	466.05	958.91	
1222269	51	462.0	514.2	411.8	514.2	309.8	1.75	4.59	0	1,533	19	1.62	5.5	20.4	0.0	0.0	21.91	32	1.2758	2.0375	465	466.14	959.38	
1222738	51	461.9	514.2	412.0	514.2	309.2	1.75	4.59	0	1,579	20	1.38	5.5	20.4	0.0	0.0	20.06	32	1.2758	2.0375	465	466.14	961.48	
1223244	51	461.8	513.8	411.8	514.2	308.8	2.44	4.59	0	1,633	21	1.94	5.5	20.4	0.0	0.0	31.17	32	1.2758	2.0375	465	466.23	965.86	
1223746	51	461.7	514.5	411.8	514.2	309.5	2.62	4.59	0	1,697	22	1.94	5.5	20.4	0.0	0.0	32.95	32	1.2758	2.0375	465	466.35	975.39	
1224252	51	461.5	514.2	411.7	514.2	309.2	2.81	4.59	0	1,779	23	2.19	5.5	20.4	0.0	0.0	33.91	32	1.2758	2.0375	465	466.35	985.86	
1224753	51	461.3	514.5	411.8	514.2	309.5	2.81	4.59	0	1,906	25	2.19	5.5	20.4	0.0	0.0	27.16	32	1.2758	2.0375	465	466.44	989.61	
1225263	51	461.2	514.5	412.0	514.5	309.2	2.62	4.59	0	1,736	25	1.12	5.5	20.4	0.0	0.0	15.19	32	1.2758	2.0375	465	466.54	976.64	
1225780	50	461.0	515.5	412.5	515.5	309.5	1.56	4.59	0	1,170	25	0.56	5.5	20.4	0.0	0.0	12.02	32	1.2758	2.0375	465	466.54	966.95	
1226270	50	460.9	515.8	412.6	515.5	309.2	1.44	4.59	0	1,208	24	0.56	5.5	20.4	0.0	0.0	11.98	32	1.2758	2.0375	465	466.63	962.34	
1226828	50	460.8	516.5	413.0	516.5	309.5	1.56	4.59	0	1,202	24	0.56	5.5	20.4	0.0	0.0	12.14	32	1.2758	2.0375	465	466.63	960.23	
1227352	50	460.7	516.8	413.3	516.8	309.8	1.44	4.59	0	1,172	24	0.56	5.5	20.4	0.0	0.0	12.00	32	1.2758	2.0375	465	466.75	961.33	
1227856	50	460.6	517.2	413.5	517.2	309.5	1.44	4.59	0	1,153	24	0.56	5.5	20.4	0.0	0.0	12.14	32	1.2758	2.0375	465	466.75	960.47	
1228383	50	460.5	517.5	413.5	517.2	309.5	1.56	4.59	0	1,156	23	0.31	5.5	20.4	0.0	0.0	16.10	32	1.2758	2.0375	465	466.75	961.33	
1228886	50	460.4	517.5	413.3	517.5	309.8	1.44	4.59	0	1,112	23	0.56	5.5	20.4	0.0	0.0	17.11	32	1.2758	2.0375	465	466.84	964.14	
1229369	50	460.4	517.5	413.5	517.5	309.8	1.56	4.59	0	1,163	22	0.56	5.5	20.4	0.0	0.0	16.76	32	1.2758	2.0375	465	466.84	957.50	
1229888	51	460.4	516.8	413.5	516.8	309.5	2.25	4.59	0	1,176	23	1.38	5.5	20.4	0.0	0.0	41.34	32	1.2758	2.0375	465	466.94	962.97	
1230373	51	460.3	516.8	413.5	516.8	309.8	2.44	4.59	0	1,220	24	2.44	5.5	20.4	0.0	0.0	44.46	32	1.2758	2.0375	465	466.94	977.50	
1230864	51	460.2	516.8	413.3	516.5	309.5	2.25	4.59	0	1,235	25	1.94	5.5	20.4	0.0	0.0	39.07	32	1.2758	2.0375	465	466.94	984.06	
1231342	51	460.1	516.2	413.0	516.5	309.5	2.12	4.59	0	1,304	26	1.94	5.5	20.4	0.0	0.0	37.95	32	1.2758	2.0375	465	466.94	984.69	
1231863	51	460.0	516.5	413.3	516.5	309.8	2.12	4.59	0	1,346	27	1.62	5.5	20.4	0.0	0.0	28.05	32	1.2758	2.0375	465	467.03	984.14	
1232322	51	459.9	516.8	413.3	516.5	310.2	1.94	4.59	0	1,401	28	1.38	5.5	20.4	0.0	0.0	24.23	32	1.2758	2.0375	465	467.03	973.67	
1232818	51	459.7	516.8	413.5	517.2	310.2	1.25	4.59	0	1,372	28	1.12	5.5	20.4	0.0	0.0	13.90	32	1.2758	2.0375	465	467.03	966.95	
1233357	50	459.6	517.2	413.7	517.2	309.8	1.75	4.59	0	1,340	28	1.12	5.5	20.4	0.0	0.0	11.51	32	1.2758	2.0375	465	467.03	963.44	
1233801	50	459.5	517.2	413.5	517.2	309.8	0.88	4.59	0	1,322	27	0.81	5.5	20.4	0.0	0.0	19.90	32	1.2758	2.0375	465	467.03	964.92	
1234291	50	459.5	517.5	413.6	517.5	310.2	1.56	4.59	0	1,331	27	0.81	5.5	20.4	0.0	0.0	15.84	32	1.2758	2.0375	465	467.15	961.25	
1234844	50	459.4	517.5	413.6	517.5	310.2	1.56	4.59	0	1,388	27	1.38	5.5	20.4	0.0	0.0	26.16	32	1.2758	2.0375	465	467.15	961.56	
1235373	51	459.4	517.5	413.6	517.5	309.8	2.12	4.59	0	1,412	28	1.62	5.5	20.4	0.0	0.0	27.63	32	1.2758	2.0375	465	467.15	966.80	
1235830	51	459.3	517.5	413.8	517.5	310.2	2.12	4.59	0	1,398	28	2.19	5.5	20.4	0.0	0.0	18.52	32	1.2758	2.0375	465	467.15	965.78	
1236311	51	459.2	517.5	413.8	517.8	310.2	1.44	4.59	0	1,403	28	1.12	5.5	20.4	0.0	0.0	12.96	32	1.2758	2.0375	465	467.15	963.36	
1236803	50	459.1	517.5	413.5	517.8	309.8	1.56	4.59	0	1,380	28	1.12	5.5	20.4	0.0	0.0	14.02	32	1.2758	2.0375	465	467.15	961.88	
1237268	50	459.1	517.5	413.6	517.8	309.8	0.88	4.59	0	1,346	27	0.81	5.5	20.4	0.0	0.0	17.93	32	1.2758	2.0375	465	467.15	963.59	
1237744	50	459.1	517.8	413.8	518.2	310.2	0.69	4.59	0	1,344	27	0.81	5.5	20.4	0.0	0.0	18.42	32	1.2758	2.0375	465	467.24	964.77	
1238362	51	459.3	517.5	413.8	517.5	310.2	0.88	4.59	0	1,307	26	0.81	5.5	20.4	0.0	0.0	18.38	32	1.2758	2.0375	465	467.24	971.56	
1238895	51	459.5	517.5	413.8	517.5	309.8	1.06	4.59	0	1,269	26	0.81	5.5	20.4	0.0	0.0	18.26	32	1.2758	2.0375	465	467.33	972.42	
1239411	51	459.8	517.2	413.7	517.5	309.8	1.06	4.59	0	1,251	25	0.81	5.5	20.4	0.0	0.0	18.23	32	1.2758	2.0375	465	467.43	973.28	
1239973	51	460.1	517.2	413.3	516.8	309.8	1.25	4.59	0	1,214	24	0.56	5.5	20.4	0.0	0.0	18.26	32	1.2758	2.0375	465	467.55	973.20	
1240482	51	460.5	516.8	413.5	516.5	310.2	1.25	4.59	0	1,180	24	0.56	5.5	20.4	0.0	0.0	18.26	32	1.2758	2.0375	465	467.64	972.89	
1241038	51	460.9	516.2	413.3	516.2	310.2	0.88	4.59	0	1,178	23	0.81	5.5	20.4	0.0	0.0	15.54	32	1.2758	2.0375	465	467.73	964.38	
1241590	51	461.2	515.5	413.0	515.8	310.2	2.12	4.59	0	1,207	24	1.38	5.5	20.4	0.0	0.0	38.44	32	1.2758	2.0375	465	467.85	966.48	
1242110	51	461.6	515.2	412.7	515.2	310.2	2.25	4.59	0	1,265	25	2.19	5.5	20.4	0.0	0.0	39.52	32	1.2758	2.0375	465	467.94	977.27	
1242618	52	461.8	514.8	412.7	514.8	309.8	2.12	4.59	0	1,257	26	1.38	5.5	20.4	0.0	0.0	24.42	32	1.2758	2.0375	465	468.04	971.41	
1243254	51	462.0	514.5	412.3	514.5	309.5	1.44	4.59	0	1,292	26	1.12	5.5	20.4	0.0	0.0	15.61	32	1.2758	2.0375	465	468.13	959.61	
1243783	51	462.1	514.5	412.1	514.5	309.8	2.44	4.59	0	1,418	26	2.19	5.5	20.4	0.0	0.0	43.71	32	1.2758	2.0375	465	468.25	967.97	
1244346	51	462.2	514.2	412.0	514.2	309.8	2.81	4.59	0	1,450	28	4.62	5.5	20.4	0.0	0.0	54.82	32	1.2758	2.0375	465	468.34	1,008.67	
1244852	51	462.2	514.2	412.2	514.2	309.8	3.00	4.59	0	1,472	29	5.69	5.5	20.4	0.0	0.0	59.53	32	1.2758	2.0375	465	468.44	1,035.70	
1245397	51	462.1	514.5	412.1	514.8	310.2	3.00	4.59	0	1,553	31	8.12	5.5	20.4	0.0	0.0	58.12	32	1.2758	2.0375	465	468.44	1,000.31	
1245979	51	462.0	514.8	412.1	514.8	309.8	3.69	4.59	0	1,668	33	5.69	5.5	20.4	0.0	0.0	44.04	32	1.2758	2.0375	465	468.53	1,039.53	
1246490	51	461.8	515.5	412.8	515.5	310.2	1.44	4.59	0	1,135	33	1.62	5.5	20.4	0.0	0.0	21.84	32	1.2758	2.0375	465	468.53	997.11	
1247033	50	461.7	515.8	412.8	516.2	310.2	1.56	4.59	0	1,135	33	0.56	5.5	20.4	0.0	0.0	14.77	32	1.2758	2.0375	465	468.65	974.38	
1247573	50	461.7	516.5	413.3	516.5	310.2	0.88	4.59	0	1,125	33	0.00	5.5	20.4	0.0	0.0	15.77	32	1.2758	2.0375	465	468.65	966.95	
1248091	50	461.6	517.2	413.5	517.2	310.2	1.44	4.59	0	1,114	33	0.31	5.5	20.4	0.0	0.0	17.23	32	1.2758	2.0375	465	468.74	965.39	
1248633	50	461.7	517.5	413.8	517.5	310.2	1.44	4.59	0	1,101	32	0.31	5.5	20.4	0.0	0.0	17.37	32	1.2758	2.0375	465	468.74	969.22	
1249160	50	461.7	517.5	414.2	517.8	310.2	1.56	4.59	0	1,078	32	0.31	5.5	20.4	0.0	0.0	17.72	32	1.2758	2.0375	465	468.83	969.06	
1249710	50	461.8	518.2	414.0	518.2	310.5	1.56	4.59	0	1,059	31	0.31	5.5	20.4	0.0	0.0	17.23	32	1.2758	2.0375	465	468.83	968.83	
1250217	50	462.0	518.2	414.3	518.2	310.2	1.56	4.59	0	1,048	31	0.56	5.5	20.4	0.0	0.0	17.32	32	1.2758	2.0375	465	468.93	968.67	
1250741	50	462.1	518.2	414.5	517.8	310.2	1.56	4.59	0	1,033	30	0.31	5.5	20.4	0.0	0.0	17.58	32	1.2758	2.0375	465	469.05	968.36	
1251353	50	462.3	517.8	414.0	517.8	309.8	1.75	4.59	0	1,021	30	0.56	5.5	20.4	0.0	0.0	12.56	32	1.2758	2.0375	465	469.05	964.53	
1251908	50	462.5	517.5	413.5	517.2	310.2	2.44	4.59	0	1,079	30	1.12	5.5	20.4	0.0	0.0	43.27	32	1.2758	2.0375	465	469.14	961.02	
1252481	51	462.7	517.2	413.3	517.5	309.8	3.00	4.59	0	1,157	31	4.31	5.5	20.4	0.0	0.0	70.31	32	1.2758	2.0375	465	469.23	998.75	
1253001	51	462.9	516.8	413.1	516.2	309.5	3.00	4.59	0	1,134	33	4.88	5.5	20.4	0.0	0.0	74.60	32	1.2758	2.0375	465	469.23	1,056.41	
1253506	51	463.3	516.5	413.1	516.5	309.8	3.12	4.59	0	1,196	34	5.94	5.5	20.4	0.0	0.0	76.45	32	1.2758	2.0375	465	469.23	1,106.88	
1254059	51	463.9	516.5	413.1	516.5	309.5	1.75	4.59	0	1,152	35	3.50	5.5	20.4	0.0	0.0	32.25	32	1.2758	2.0375	465	469.35	1,030.39	
1254626	50	464.5	517.2	413.3	516.8	309.5	1.56	4.59	0	1,195	35	0.81	5.5	20.4	0.0	0.0	17.02	32	1.2758	2.0375	465	469.35	982.42	
1255141	50	464.8	517.2	413.6	517.2	309.5	1.75	4.59	0	1,186	35	0.56	5.5	20.4	0.0	0.0	13.05	32	1.2758	2.0375	465	469.44	969.92	
1255655	50	465.1	517.5	413.5	517.5	309.8	1.25	4.59	0	1,171	34	0.31	5.5	20.4	0.0	0.0	17.18	32	1.2758	2.0375	465	469.44	966.80	
1256193	50	465.5	517.8	413.6	517.5	309.8	1.25	4.59	0	1,155	34	0.56	5.5	20.4	0.0	0.0	17.51	32	1.2758	2.0375	465	469.54	970.31	
1256752	50	465.8	518.5	414.0	518.2	309.5	1.44	4.59	0	1,134	34	0.56	5.5	20.4	0.0	0.0	17.51	32	1.2758	2.0375	465	469.54	970.86	
1257290	50	466.2	518.5	413.5	518.2	309.5	1.44	4.59	0	1,116	33	0.56	5.5	20.4	0.0	0.0	17.58	32	1.2758	2.0375	465	469.63	970.86	
1257827	50	466.6	518.2	413.8	518.2	309.2	1.44	4.59	0	1,108	32	0.56	5.5	20.4	0.0	0.0	17.53	32	1.2758	2.0375	465	469.75	970.55	
1258388	50	466.9	517.8	413.6	517.5	309.5	1.56	4.59	0	1,085	32	0.56	5.5	20.4	0.0	0.0	17.44	32	1.2758	2.0375	465	469.75	969.92	
1258890	50	467.3	517.8	413.5	517.8	309.2	1.56	4.59	0	1,068	32	0.31	5.5	20.4	0.0	0.0	17.51	32	1.2758	2.0375	465	469.84	969.61	
1259355	50	467.6	517.5	413.3	517.8	309.5	1.56	4.59	0	1,054	31	0.31	5.5	20.4	0.0	0.0	17.53	32	1.2758	2.0375	470	469.94	969.06	
1259838	51	467.9	517.2	413.2	517.2	309.5	1.56	4.59	0	1,043	31	0.00	5.5	20.4	0.0	0.0	17.51	32	1.2758	2.0375	470	469.94	968.59	
1260307	51	468.1	517.2	413.0	516.5	309.2	1.75	4.59	0	1,028	30	0.00	5.5	20.4	0.0	0.0	17.60	32	1.2758	2.0375	470	470.03	968.44	
1260795	51	468.4	516.5	412.6	516.5	309.2	1.75	4.59	0	1,015	30	0.56	5.5	20.4	0.0	0.0	17.02	32	1.2758	2.0375	470	470.03	968.12	
1261270	51	468.7	515.8	412.3	515.5	309.2	1.75	4.59	0	995	29	0.56	5.5	20.4	0.0	0.0	17.44	32	1.2758	2.0375	470	470.15	967.50	
1262287	51	469.0	515.5	412.1	515.5	308.8	1.75	4.59	0	982	29	0.00	5.5	20.4	0.0	0.0	17.06	32	1.2758	2.0375	470	470.24	967.03	
1262808	51	469.5	514.5	411.8	514.5	308.8	1.75	4.59	0	952	28	0.31	5.5	20.4	0.0	0.0	17.44	32	1.2758	2.0375	470	470.24	966.25	
1263281	51	469.8	513.5	411.0	513.8	308.5	1.94	4.59	0	939	28	0.31	5.5	20.4	0.0	0.0	12.02	32	1.2758	2.0375	470	470.33	965.78	
1263760	51	470.0	513.2	410.8	513.2	308.5	1.94	4.59	0	928	28	0.31	5.5	20.4	0.0	0.0	27.89	32	1.2758	2.0375	470	470.33	958.05	
1264281	51	470.2	512.8	410.7	512.5	308.2	2.12	4.59	0	1,033	28	1.38	5.5	20.4	0.0	0.0	39.42	32	1.2758	2.0375	470	470.43	963.28	
1264786	51	470.4	512.2	410.2	511.8	308.2	2.25	4.59	0	1,032	29	1.62	5.5	20.4	0.0	0.0	41.11	32	1.2758	2.0375	470	470.43	967.97	
1265251	52	470.5	511.5	410.1	511.5	307.8	2.12	4.59	0	1,041	29	1.62	5.5	20.4	0.0	0.0	40.83	32	1.2758	2.0375	470	470.55	970.55	
1265776	51	470.5	511.5	409.8	511.5	308.2	2.25	4.59	0	1,092	30	1.94	5.5	20.4	0.0	0.0	52.80	32	1.2758	2.0375	470	470.55	974.77	
1266172	51	470.5	511.2	409.5	511.2	307.5	3.00	4.59	0	1,121	31	4.06	5.5	20.4	0.0	0.0	71.91	32	1.2758	2.0375	470	470.64	999.45	
1266645	51	470.6	511.2	409.3	511.2	307.5	2.81	4.59	0	1,134	32	4.88	5.5	20.4	0.0	0.0	73.62	32	1.2758	2.0375	470	470.73	1,054.45	
1267159	51	470.8	511.2	409.5	511.2	307.5	3.00	4.59	0	1,150	33	5.69	5.5	20.4	0.0	0.0	78.09	32	1.2758	2.0375	470	470.85	1,099.45	
1267666	51	471.2	511.8	409.6	511.5	307.5	3.50	4.59	0	1,266	35	7.88	5.5	20.4	0.0	0.0	79.45	32	1.2758	2.0375	470	470.94	1,146.41	
1268186	51	471.8	511.8	409.6	511.5	307.8	3.50	4.59	0	1,234	36	7.88	5.5	20.4	0.0	0.0	64.73	32	1.2758	2.0375	470	471.04	1,102.42	
1268631	50	472.5	512.2	410.0	512.5	307.5	1.75	4.59	0	1,266	37	3.00	5.5	20.4	0.0	0.0	28.29	32	1.2758	2.0375	470	471.13	1,032.19	
1269142	50	473.0	512.8	410.3	513.5	307.5	1.44	4.59	0	1,261	37	0.81	5.5	20.4	0.0	0.0	17.04	32	1.2758	2.0375	470	471.25	985.70	
1269621	49	473.4	513.8	410.6	514.2	307.5	1.56	4.59	0	1,260	37	0.81	5.5	20.4	0.0	0.0	13.31	32	1.2758	2.0375	470	471.34	971.41	
1270104	49	473.8	514.8	411.0	514.8	307.5	1.25	4.59	0	1,239	37	0.31	5.5	20.4	0.0	0.0	16.50	32	1.2758	2.0375	470	471.53	966.95	
1270581	49	474.1	515.8	411.6	515.8	307.5	1.06	4.59	0	1,235	36	0.56	5.5	20.4	0.0	0.0	17.58	32	1.2758	2.0375	470	471.65	971.25	
1271113	50	474.6	516.2	411.8	516.5	307.5	1.06	4.59	0	1,210	36	0.56	5.5	20.4	0.0	0.0	17.62	32	1.2758	2.0375	470	471.74	971.88	
1271619	50	474.9	516.5	412.1	516.8	306.8	1.25	4.59	0	1,199	35	0.56	5.5	20.4	0.0	0.0	17.77	32	1.2758	2.0375	470	471.83	972.34	
1272094	50	475.3	516.8	412.3	516.8	307.2	0.88	4.59	0	1,234	35	0.81	5.5	20.4	0.0	0.0	18.75	32	1.2758	2.0375	470	472.05	961.17	
1272621	50	475.7	517.5	412.3	517.5	307.2	2.62	4.59	0	1,264	35	2.75	5.5	20.4	0.0	0.0	54.05	32	1.2758	2.0375	470	472.14	975.55	
1273048	50	476.0	517.5	412.5	517.5	307.2	3.12	4.59	0	1,329	36	5.69	5.5	20.4	0.0	0.0	67.20	32	1.2758	2.0375	470	472.35	1,019.61	
1273571	51	476.5	517.2	412.3	517.5	307.2	2.12	4.59	0	1,262	38	4.06	5.5	20.4	0.0	0.0	27.26	32	1.2758	2.0375	470	472.54	1,011.17	
1274048	50	476.9	518.2	412.7	518.2	307.2	1.75	4.59	0	1,292	38	1.12	5.5	20.4	0.0	0.0	18.28	32	1.2758	2.0375	470	472.63	975.39	
1274533	50	477.2	518.2	412.7	518.2	306.8	2.44	4.59	0	1,389	38	1.94	5.5	20.4	0.0	0.0	45.56	32	1.2758	2.0375	470	472.84	981.80	
1275063	50	477.5	518.5	412.8	518.8	307.2	2.25	4.59	0	1,310	39	4.06	5.5	20.4	0.0	0.0	27.26	32	1.2758	2.0375	470	473.03	992.50	
1275604	50	477.7	518.8	413.2	519.2	307.2	1.25	4.59	0	1,328	39	1.12	5.5	20.4	0.0	0.0	16.38	32	1.2758	2.0375	470	473.24	974.30	
1276086	50	477.9	519.8	413.3	519.8	307.2	1.44	4.59	0	1,321	39	0.81	5.5	20.4	0.0	0.0	12.75	32	1.2758	2.0375	470	473.33	967.42	
1276614	50	478.0	520.5	413.8	520.2	307.2	-0.44	4.59	0	1,327	39	0.00	5.5	20.4	0.0	0.0	16.41	32	1.2758	2.0375	470	473.55	964.69	
1277098	50	478.2	521.2	414.0	520.8	307.2	0.69	4.59	0	1,296	38	0.81	5.5	20.4	0.0	0.0	17.65	32	1.2758	2.0375	470	473.64	965.39	
1277600	50	478.4	521.5	414.3	521.2	307.2	0.88	4.59	0	1,280	38	0.56	5.5	20.4	0.0	0.0	17.44	32	1.2758	2.0375	470	473.85	970.86	
1278077	50	478.6	521.5	414.1	521.5	307.2	0.88	4.59	0	1,264	37	0.81	5.5	20.4	0.0	0.0	17.55	32	1.2758	2.0375	470	474.04	972.11	
1278556	50	478.8	521.5	414.3	521.5	307.2	1.06	4.59	0	1,251	37	0.81	5.5	20.4	0.0	0.0	17.79	32	1.2758	2.0375	470	474.13	972.81	
1279054	50	479.1	521.8	414.3	521.5	307.2	1.06	4.59	0	1,237	36	0.56	5.5	20.4	0.0	0.0	17.67	32	1.2758	2.0375	470	474.34	973.59	
1279548	50	479.3	521.2	414.5	521.5	306.8	1.06	4.59	0	1,215	36	0.56	5.5	20.4	0.0	0.0	17.86	32	1.2758	2.0375	470	474.44	973.36	
1280047	50	479.6	521.5	414.2	521.5	307.2	1.25	4.59	0	1,172	34	0.56	5.5	20.4	0.0	0.0	17.81	32	1.2758	2.0375	470	474.65	972.97	
1280539	51	479.9	521.2	414.3	521.2	306.8	1.44	4.59	0	1,090	31	0.56	5.5	20.4	0.0	0.0	17.86	32	1.2758	2.0375	470	474.74	971.33	
1281089	51	480.2	520.8	413.8	520.8	306.8	1.56	4.59	0	1,117	29	0.56	5.5	20.4	0.0	0.0	17.39	32	1.2758	2.0375	475	474.93	970.94	
1281573	51	480.4	520.5	413.8	520.5	306.8	1.25	4.59	0	1,151	27	0.56	5.5	20.4	0.0	0.0	17.79	32	1.2758	2.0375	475	475.05	971.41	
1282071	51	480.7	520.2	413.5	520.2	306.8	1.06	4.59	0	1,245	26	0.56	5.5	20.4	0.0	0.0	18.21	32	1.2758	2.0375	475	475.14	972.11	
1282551	51	481.0	519.8	413.3	519.5	306.8	1.06	4.59	0	1,265	25	0.81	5.5	20.4	0.0	0.0	18.49	32	1.2758	2.0375	475	475.23	973.05	
1283023	51	481.2	519.2	413.0	519.2	306.8	1.06	4.59	0	1,241	25	0.81	5.5	20.4	0.0	0.0	20.55	32	1.2758	2.0375	475	475.44	973.59	
1283580	51	481.5	518.8	412.8	518.8	306.5	1.44	4.59	0	1,197	24	0.56	5.5	20.4	0.0	0.0	16.15	32	1.2758	2.0375	475	475.54	967.73	
1284114	51	481.7	518.5	412.8	517.8	306.8	1.75	4.59	0	1,243	25	1.12	5.5	20.4	0.0	0.0	27.09	32	1.2758	2.0375	475	475.63	964.45	
1284605	51	481.9	518.2	412.5	518.2	306.5	1.94	4.59	0	1,288	25	1.38	5.5	20.4	0.0	0.0	30.16	32	1.2758	2.0375	475	475.84	965.94	
1285117	52	482.0	516.8	412.1	517.2	306.5	1.94	4.59	0	1,302	26	1.38	5.5	20.4	0.0	0.0	27.80	32	1.2758	2.0375	475	475.94	969.38	
1285587	52	482.1	517.2	411.8	517.2	306.5	1.75	4.59	0	1,333	27	1.38	5.5	20.4	0.0	0.0	22.24	32	1.2758	2.0375	475	476.03	969.92	
1286046	51	482.1	516.2	411.6	516.2	306.5	1.56	4.59	0	1,348	27	1.38	5.5	20.4	0.0	0.0	19.66	32	1.2758	2.0375	475	476.15	968.52	
1286566	51	482.1	516.8	411.6	516.5	306.5	1.56	4.59	0	1,359	27	1.38	5.5	20.4	0.0	0.0	19.71	32	1.2758	2.0375	475	476.24	967.81	
1287077	51	482.1	516.5	411.5	516.5	306.5	1.56	4.59	0	1,398	27	1.38	5.5	20.4	0.0	0.0	24.54	32	1.2758	2.0375	475	476.43	963.52	
1287597	51	482.1	516.5	411.6	516.2	306.5	2.12	4.59	0	1,436	28	1.62	5.5	20.4	0.0	0.0	28.34	32	1.2758	2.0375	475	476.55	967.73	
1288124	51	482.0	516.8	411.3	516.8	306.2	1.56	4.59	0	1,400	28	1.12	5.5	20.4	0.0	0.0	13.76	32	1.2758	2.0375	475	476.64	964.38	
1288659	51	481.9	516.8	411.5	516.8	306.5	1.44	4.59	0	1,367	28	1.12	5.5	20.4	0.0	0.0	11.34	32	1.2758	2.0375	475	476.73	962.42	
1289183	51	481.8	516.8	411.3	516.8	306.2	1.06	4.59	0	1,355	27	0.81	5.5	20.4	0.0	0.0	18.09	32	1.2758	2.0375	475	476.94	963.98	
1289678	51	481.8	517.2	411.5	517.2	306.2	0.69	4.59	0	1,331	27	0.81	5.5	20.4	0.0	0.0	18.80	32	1.2758	2.0375	475	477.04	965.23	
1290167	51	481.9	517.5	411.6	517.2	305.8	0.88	4.59	0	1,306	26	0.81	5.5	20.4	0.0	0.0	18.91	32	1.2758	2.0375	475	477.25	971.48	
1290705	51	482.1	517.2	411.5	516.8	305.8	1.06	4.59	0	1,269	26	0.81	5.5	20.4	0.0	0.0	18.59	32	1.2758	2.0375	475	477.34	972.42	
1291192	51	482.3	516.8	411.7	517.2	306.2	1.06	4.59	0	1,245	25	0.81	5.5	20.4	0.0	0.0	18.49	32	1.2758	2.0375	475	477.53	973.28	
1291755	51	482.6	516.8	411.3	516.8	305.8	1.06	4.59	0	1,213	24	0.56	5.5	20.4	0.0	0.0	13.27	32	1.2758	2.0375	475	477.65	972.19	
1292230	51	482.8	517.2	411.3	516.8	305.8	1.75	4.59	0	1,204	24	0.81	5.5	20.4	0.0	0.0	32.65	32	1.2758	2.0375	475	477.83	963.98	
1292705	51	483.1	516.8	411.3	516.5	305.5	2.25	4.59	0	1,317	25	1.94	5.5	20.4	0.0	0.0	27.91	32	1.2758	2.0375	475	477.93	968.28	
1293235	52	483.2	515.8	410.8	515.8	305.8	1.56	4.59	0	1,258	25	1.12	5.5	20.4	0.0	0.0	16.03	32	1.2758	2.0375	475	478.14	965.16	
1293741	51	483.3	515.8	411.0	516.2	305.8	1.56	4.59	0	1,249	25	0.81	5.5	20.4	0.0	0.0	13.20	32	1.2758	2.0375	475	478.23	962.81	
1294236	51	483.4	516.5	410.6	516.5	305.5	0.56	4.59	0	1,195	25	-0.19	5.5	20.4	0.0	0.0	15.87	32	1.2758	2.0375	475	478.35	962.03	
1294715	51	483.5	515.8	410.5	516.2	305.5	1.06	4.59	0	1,207	24	0.56	5.5	20.4	0.0	0.0	18.23	32	1.2758	2.0375	475	478.54	963.52	
1295200	51	483.6	515.5	410.6	515.5	305.5	1.25	4.59	0	1,180	24	0.56	5.5	20.4	0.0	0.0	19.20	32	1.2758	2.0375	475	478.63	968.52	
1295738	51	483.9	515.5	410.5	515.8	305.5	1.44	4.59	0	1,145	23	0.56	5.5	20.4	0.0	0.0	18.14	32	1.2758	2.0375	475	478.84	969.84	
1296219	51	484.2	515.2	410.5	515.2	305.2	1.44	4.59	0	1,126	22	0.56	5.5	20.4	0.0	0.0	18.19	32	1.2758	2.0375	475	478.94	970.00	
1296700	51	484.5	515.5	410.3	515.5	305.5	1.56	4.59	0	1,082	22	0.56	5.5	20.4	0.0	0.0	18.05	32	1.2758	2.0375	475	479.15	969.92	
1297165	51	484.7	514.8	410.0	515.2	305.2	1.56	4.59	0	1,032	21	0.00	5.5	20.4	0.0	0.0	18.42	32	1.2758	2.0375	475	479.24	968.36	
1297706	51	485.1	514.5	410.0	514.5	305.2	1.75	4.59	0	1,005	21	0.31	5.5	20.4	0.0	0.0	28.43	33	1.2758	2.0375	475	479.43	963.12	
1298226	52	485.3	514.2	409.7	514.2	304.8	2.12	4.59	0	1,396	21	1.62	5.5	20.4	0.0	0.0	29.77	33	1.2758	2.0375	475	479.55	963.83	
1298719	52	485.6	513.8	409.3	513.8	304.8	2.12	4.59	0	1,559	21	1.62	5.5	20.4	0.0	0.0	29.06	33	1.2758	2.0375	475	479.73	968.05	
1299265	52	485.7	513.2	409.1	513.2	304.8	2.44	4.59	0	1,695	22	1.94	5.5	20.4	0.0	0.0	30.12	33	1.2758	2.0375	480	479.94	974.38	
1299758	52	485.7	513.2	408.8	513.5	304.8	2.44	4.59	0	1,824	23	1.94	5.5	20.4	0.0	0.0	30.19	33	1.2758	2.0375	480	480.13	982.58	
1300242	52	485.7	513.2	409.0	513.2	304.5	2.25	4.59	0	1,918	24	1.94	5.5	20.4	0.0	0.0	25.41	33	1.2758	2.0375	480	480.34	978.28	
1300772	51	485.6	513.8	409.0	513.5	304.8	-0.25	4.59	0	1,773	24	1.38	5.5	20.4	0.0	0.0	17.02	33	1.2758	2.0375	480	480.53	971.80	
1301275	51	485.4	513.5	409.1	513.8	304.8	1.44	4.59	0	1,303	24	0.81	5.5	20.4	0.0	0.0	22.88	33	1.2758	2.0375	480	480.65	968.36	
1301760	51	485.3	514.2	409.5	514.2	304.8	2.25	4.59	0	1,323	25	1.38	5.5	20.4	0.0	0.0	34.17	33	1.2758	2.0375	480	480.74	968.59	
1302250	51	485.1	515.2	409.6	514.8	304.8	2.12	4.59	0	1,319	25	1.62	5.5	20.4	0.0	0.0	36.12	33	1.2758	2.0375	480	480.93	972.73	
1302738	51	484.8	515.5	410.0	515.8	304.5	2.12	4.59	0	1,331	26	1.62	5.5	20.4	0.0	0.0	32.16	33	1.2758	2.0375	480	481.14	974.84	
1303214	51	484.6	515.8	410.1	516.2	304.5	2.12	4.59	0	1,351	27	1.62	5.5	20.4	0.0	0.0	38.32	33	1.2758	2.0375	480	481.23	974.53	
1303701	51	484.3	516.5	410.3	516.8	304.8	2.25	4.59	0	1,404	28	2.44	5.5	20.4	0.0	0.0	40.08	33	1.2758	2.0375	480	481.44	982.50	
1304168	51	483.9	517.2	410.8	517.5	304.5	2.25	4.59	0	1,448	29	2.44	5.5	20.4	0.0	0.0	38.70	33	1.2758	2.0375	480	481.54	988.05	
1304670	51	483.6	518.2	411.1	518.2	304.5	2.44	4.59	0	1,493	30	2.75	5.5	20.4	0.0	0.0	40.29	33	1.2758	2.0375	480	481.75	993.44	
1305191	51	483.2	518.8	411.8	518.5	304.5	2.44	4.59	0	1,549	31	2.75	5.5	20.4	0.0	0.0	37.69	33	1.2758	2.0375	480	481.94	999.38	
1305687	51	482.8	519.8	412.1	519.8	304.2	2.25	4.59	0	1,594	32	2.19	5.5	20.4	0.0	0.0	35.67	33	1.2758	2.0375	480	482.15	994.45	
1306221	50	482.4	520.8	412.6	520.8	304.5	2.12	4.59	0	1,343	32	3.81	5.5	20.4	0.0	0.0	57.66	33	1.2758	2.0375	480	482.24	1,022.34	
1306712	50	481.9	522.2	413.3	522.2	304.8	2.44	4.59	0	1,240	33	4.31	5.5	20.4	0.0	0.0	60.66	33	1.2758	2.0375	480	482.43	1,041.95	
1307227	50	481.5	522.8	413.6	523.2	304.5	2.62	4.59	0	1,234	35	4.06	5.5	20.4	0.0	0.0	58.03	33	1.2758	2.0375	480	482.55	1,046.41	
1307723	50	481.2	524.2	414.1	524.5	304.5	2.62	4.59	0	1,273	36	4.06	5.5	20.4	0.0	0.0	56.88	33	1.2758	2.0375	480	482.73	1,048.52	
1308223	50	480.8	525.5	415.0	525.8	304.5	2.62	4.59	0	1,306	37	4.62	5.5	20.4	0.0	0.0	53.65	33	1.2758	2.0375	480	482.85	1,050.39	
1308767	50	480.5	526.5	415.6	526.5	305.2	2.81	4.59	0	1,361	38	4.88	5.5	20.4	0.0	0.0	55.66	33	1.2758	2.0375	480	482.94	1,053.44	
1309241	50	480.3	527.8	416.3	527.8	304.8	2.81	4.59	0	1,393	39	4.88	5.5	20.4	0.0	0.0	54.84	33	1.2758	2.0375	480	483.04	1,058.83	
1309752	50	480.2	528.8	416.8	529.2	304.8	1.75	4.59	0	1,368	40	3.81	5.5	20.4	0.0	0.0	28.22	33	1.2758	2.0375	480	483.13	1,018.44	
1310279	50	480.1	530.5	417.5	530.2	304.8	1.44	4.59	0	1,353	40	1.12	5.5	20.4	0.0	0.0	15.23	33	1.2758	2.0375	480	483.25	983.12	
1310739	49	480.0	531.5	418.1	531.5	304.8	1.56	4.59	0	1,327	40	0.81	5.5	20.4	0.0	0.0	11.62	33	1.2758	2.0375	480	483.34	970.31	
1311206	49	480.0	532.8	418.8	532.8	305.5	1.75	4.59	0	1,101	39	0.00	5.5	20.4	0.0	0.0	17.39	33	1.2758	2.0375	480	483.44	967.27	
1311699	49	480.0	533.8	419.5	534.2	305.2	1.75	4.59	0	1,017	39	0.56	5.5	20.4	0.0	0.0	16.90	33	1.2758	2.0375	480	483.53	964.92	
1312152	49	480.1	534.5	420.0	534.2	305.2	1.56	4.59	0	1,002	39	0.31	5.5	20.4	0.0	0.0	16.97	33	1.2758	2.0375	480	483.53	967.89	
1312656	49	480.2	535.2	420.3	534.8	305.8	1.75	4.59	0	984	38	0.31	5.5	20.4	0.0	0.0	16.85	33	1.2758	2.0375	480	483.65	967.50	
1313185	50	480.3	535.5	420.6	535.5	305.5	1.75	4.59	0	975	38	0.31	5.5	20.4	0.0	0.0	16.88	33	1.2758	2.0375	480	483.74	967.11	
1313702	50	480.5	535.8	420.5	535.8	305.2	1.75	4.59	0	962	37	0.00	5.5	20.4	0.0	0.0	16.99	33	1.2758	2.0375	480	483.83	966.56	
1314219	50	480.7	535.8	420.5	535.8	305.5	1.75	4.59	0	954	37	0.31	5.5	20.4	0.0	0.0	16.85	33	1.2758	2.0375	480	483.93	966.33	
1314726	50	480.9	536.2	420.8	535.8	305.5	1.75	4.59	0	950	36	0.00	5.5	20.4	0.0	0.0	13.29	33	1.2758	2.0375	480	484.05	966.09	
1315339	50	481.1	535.5	420.3	535.5	305.5	0.69	4.59	0	1,242	36	0.00	5.5	20.4	0.0	0.0	16.69	33	1.2758	2.0375	480	484.14	966.64	
1315842	50	481.3	534.8	420.3	534.8	305.2	1.25	4.59	0	1,180	36	0.56	5.5	20.4	0.0	0.0	17.46	33	1.2758	2.0375	480	484.23	968.98	
1316346	50	481.5	534.5	420.1	534.5	305.2	1.06	4.59	0	1,193	35	0.56	5.5	20.4	0.0	0.0	17.86	33	1.2758	2.0375	480	484.23	970.70	
1316851	50	481.8	534.2	419.6	534.2	305.2	1.25	4.59	0	1,174	35	0.56	5.5	20.4	0.0	0.0	17.81	33	1.2758	2.0375	480	484.35	971.56	
1317369	50	482.1	533.5	419.5	533.8	305.2	1.25	4.59	0	1,159	34	0.56	5.5	20.4	0.0	0.0	17.88	33	1.2758	2.0375	480	484.44	972.11	
1317870	50	482.4	532.8	419.2	532.8	305.5	1.44	4.59	0	1,137	34	0.56	5.5	20.4	0.0	0.0	17.70	33	1.2758	2.0375	480	484.54	971.88	
1318384	51	482.7	532.2	418.8	532.2	305.5	1.44	4.59	0	1,127	33	0.56	5.5	20.4	0.0	0.0	17.86	33	1.2758	2.0375	480	484.63	971.80	
1318896	51	483.0	531.5	418.3	531.5	305.5	1.44	4.59	0	1,105	33	0.31	5.5	20.4	0.0	0.0	17.81	33	1.2758	2.0375	480	484.75	971.25	
1319403	51	483.3	531.2	417.8	531.2	305.2	1.44	4.59	0	1,094	32	0.56	5.5	20.4	0.0	0.0	17.79	33	1.2758	2.0375	480	484.75	971.09	
1319916	51	483.6	530.5	417.6	530.2	304.5	1.56	4.59	0	1,074	32	0.31	5.5	20.4	0.0	0.0	17.86	33	1.2758	2.0375	480	484.84	970.47	
1320428	51	483.9	529.5	417.1	529.5	304.8	1.56	4.59	0	1,061	31	0.31	5.5	20.4	0.0	0.0	12.35	33	1.2758	2.0375	485	484.94	969.22	
1320952	51	484.2	528.8	416.8	528.5	304.8	2.44	4.59	0	1,123	31	1.12	5.5	20.4	0.0	0.0	47.41	33	1.2758	2.0375	485	484.94	962.42	
1321507	51	484.6	527.8	416.5	528.2	304.8	2.62	4.59	0	1,194	32	3.81	5.5	20.4	0.0	0.0	60.47	33	1.2758	2.0375	485	485.03	983.98	
1322030	51	484.9	527.5	416.0	527.5	304.8	2.44	4.59	0	1,147	33	4.06	5.5	20.4	0.0	0.0	59.91	33	1.2758	2.0375	485	485.15	993.05	
1322543	51	485.2	526.8	416.0	526.5	304.8	2.44	4.59	0	1,207	35	3.81	5.5	20.4	0.0	0.0	52.88	33	1.2758	2.0375	485	485.24	1,022.58	
1323139	51	485.6	526.2	415.5	526.5	304.8	1.44	4.59	0	1,151	35	1.38	5.5	20.4	0.0	0.0	20.32	33	1.2758	2.0375	485	485.33	982.89	
1323659	51	485.8	526.5	415.5	526.5	304.8	1.56	4.59	0	1,189	35	0.56	5.5	20.4	0.0	0.0	15.26	33	1.2758	2.0375	485	485.43	970.16	
1324204	50	486.1	526.5	415.5	526.5	304.5	1.56	4.59	0	1,167	35	0.31	5.5	20.4	0.0	0.0	14.06	33	1.2758	2.0375	485	485.55	965.08	
1324700	50	486.3	526.5	415.6	526.5	304.5	1.25	4.59	0	1,160	34	0.56	5.5	20.4	0.0	0.0	17.81	33	1.2758	2.0375	485	485.55	964.84	
1325263	50	486.5	526.5	415.3	526.8	304.5	1.25	4.59	0	1,145	34	0.31	5.5	20.4	0.0	0.0	17.51	33	1.2758	2.0375	485	485.64	969.53	
1325764	50	486.8	526.2	415.5	526.5	304.5	1.25	4.59	0	1,131	33	0.31	5.5	20.4	0.0	0.0	17.41	33	1.2758	2.0375	485	485.73	970.08	
1326266	51	487.0	526.2	415.3	525.8	304.5	1.44	4.59	0	1,109	33	0.31	5.5	20.4	0.0	0.0	17.46	33	1.2758	2.0375	485	485.85	970.31	
1326780	51	487.3	525.8	415.1	525.8	304.5	1.44	4.59	0	1,094	32	0.31	5.5	20.4	0.0	0.0	17.53	33	1.2758	2.0375	485	485.94	970.16	
1327342	51	487.6	525.8	415.1	525.5	304.5	0.88	4.59	0	1,120	32	0.56	5.5	20.4	0.0	0.0	26.06	33	1.2758	2.0375	485	486.04	963.20	
1327863	51	487.8	525.2	414.8	525.2	304.5	2.44	4.59	0	1,136	32	1.62	5.5	20.4	0.0	0.0	45.26	33	1.2758	2.0375	485	486.04	968.91	
1328433	51	488.0	524.5	414.3	524.8	304.2	2.44	4.59	0	1,217	33	3.50	5.5	20.4	0.0	0.0	56.93	33	1.2758	2.0375	485	486.25	998.36	
1329021	51	488.2	524.2	414.3	524.5	304.5	2.25	4.59	0	1,191	34	3.25	5.5	20.4	0.0	0.0	48.47	33	1.2758	2.0375	485	486.34	1,020.23	
1329539	51	488.3	524.2	414.0	524.2	304.5	1.75	4.59	0	1,179	35	1.62	5.5	20.4	0.0	0.0	23.46	33	1.2758	2.0375	485	486.44	990.23	
1330067	51	488.4	524.5	414.1	524.2	304.5	1.44	4.59	0	1,197	35	0.81	5.5	20.4	0.0	0.0	15.96	33	1.2758	2.0375	485	486.53	970.00	
1330630	50	488.4	524.2	414.0	524.5	304.2	2.12	4.59	0	1,232	35	1.38	5.5	20.4	0.0	0.0	41.91	33	1.2758	2.0375	485	486.65	968.91	
1331140	51	488.4	524.5	414.3	524.5	304.5	2.44	4.59	0	1,317	36	3.25	5.5	20.4	0.0	0.0	28.69	33	1.2758	2.0375	485	486.83	979.77	
1331754	51	488.3	524.8	414.5	524.8	304.2	1.44	4.59	0	1,238	36	0.81	5.5	20.4	0.0	0.0	16.90	33	1.2758	2.0375	485	486.93	962.11	
1332277	50	488.3	525.2	414.7	525.5	304.2	2.44	4.59	0	1,372	36	2.44	5.5	20.4	0.0	0.0	47.91	33	1.2758	2.0375	485	487.05	976.64	
1332837	51	488.1	526.2	415.1	525.8	304.2	1.56	4.59	0	1,276	37	2.19	5.5	20.4	0.0	0.0	25.59	33	1.2758	2.0375	485	487.23	980.47	
1333387	50	487.9	526.2	415.3	526.2	304.2	1.44	4.59	0	1,260	37	0.81	5.5	20.4	0.0	0.0	14.77	33	1.2758	2.0375	485	487.35	969.06	
1333897	50	487.8	526.8	415.5	526.8	303.8	1.75	4.59	0	1,242	37	0.81	5.5	20.4	0.0	0.0	11.48	33	1.2758	2.0375	485	487.44	964.14	
1334451	50	487.7	527.5	415.6	527.5	304.2	1.25	4.59	0	1,234	36	0.56	5.5	20.4	0.0	0.0	17.60	33	1.2758	2.0375	485	487.54	964.69	
1334972	50	487.6	528.2	416.0	527.8	304.2	1.06	4.59	0	1,217	36	0.56	5.5	20.4	0.0	0.0	17.41	33	1.2758	2.0375	485	487.63	970.00	
1335550	50	487.6	528.2	416.0	528.2	303.8	1.06	4.59	0	1,197	35	0.56	5.5	20.4	0.0	0.0	17.74	33	1.2758	2.0375	485	487.75	971.56	
1336076	50	487.7	528.5	416.0	528.5	303.8	1.25	4.59	0	1,180	35	0.56	5.5	20.4	0.0	0.0	17.86	33	1.2758	2.0375	485	487.84	972.27	
1336594	50	487.7	528.5	416.1	528.5	304.2	1.25	4.59	0	1,165	34	0.56	5.5	20.4	0.0	0.0	17.77	33	1.2758	2.0375	485	487.94	972.34	
1337117	51	487.8	528.5	416.0	528.2	303.8	1.25	4.59	0	1,148	34	0.56	5.5	20.4	0.0	0.0	17.88	33	1.2758	2.0375	485	488.03	971.72	
1337632	51	487.9	528.2	416.2	528.2	303.5	1.25	4.59	0	1,132	33	0.56	5.5	20.4	0.0	0.0	17.55	33	1.2758	2.0375	485	488.15	971.72	
1338145	51	488.1	527.8	415.8	527.8	303.8	1.44	4.59	0	1,116	33	0.56	5.5	20.4	0.0	0.0	17.81	33	1.2758	2.0375	485	488.24	971.48	
1338712	51	488.2	527.2	415.5	527.2	303.8	1.44	4.59	0	1,096	32	0.56	5.5	20.4	0.0	0.0	17.81	33	1.2758	2.0375	485	488.24	971.17	
1339273	51	488.3	526.8	415.5	526.8	303.8	1.44	4.59	0	1,086	32	0.56	5.5	20.4	0.0	0.0	17.95	33	1.2758	2.0375	485	488.33	970.86	
1339837	51	488.5	526.5	415.0	526.5	303.5	1.44	4.59	0	1,062	31	0.31	5.5	20.4	0.0	0.0	17.74	33	1.2758	2.0375	485	488.43	970.00	
1340478	51	488.7	526.2	414.6	526.2	303.5	1.56	4.59	0	1,039	30	0.56	5.5	20.4	0.0	0.0	18.40	33	1.2758	2.0375	485	488.55	969.30	
1340993	51	488.8	525.2	414.1	525.2	303.5	3.00	4.59	0	972	28	0.81	5.5	20.4	0.0	0.0	12.45	33	1.2758	2.0375	485	488.55	967.19	
1341491	51	488.9	525.2	414.0	524.8	303.5	1.75	4.59	0	1,057	25	0.56	5.5	20.4	0.0	0.0	11.84	33	1.2758	2.0375	485	488.64	964.69	
1342016	51	489.0	524.2	414.0	524.2	303.5	1.56	4.59	0	1,134	23	0.56	5.5	20.4	0.0	0.0	12.35	33	1.2758	2.0375	485	488.64	963.12	
1342557	51	489.1	523.5	413.5	523.5	303.2	1.56	4.59	0	1,057	21	0.56	5.5	20.4	0.0	0.0	13.36	33	1.2758	2.0375	485	488.64	962.11	
1343082	51	489.2	523.2	413.5	523.2	302.8	1.75	4.59	0	881	19	0.31	5.5	20.4	0.0	0.0	16.73	33	1.2758	2.0375	485	488.73	960.47	
1343657	51	489.2	522.5	412.8	522.5	303.2	1.75	4.59	0	969	17	0.56	5.5	20.4	0.0	0.0	17.02	33	1.2758	2.0375	485	488.73	960.31	
1344183	51	489.2	521.5	412.3	521.8	302.5	1.75	4.59	0	982	15	0.56	5.5	20.4	0.0	0.0	16.01	33	1.2758	2.0375	485	488.73	959.61	
1344753	51	489.1	521.2	412.1	520.8	302.5	1.75	4.59	0	943	13	0.31	5.5	20.4	0.0	0.0	17.48	33	1.2758	2.0375	485	488.73	959.45	
1345264	51	489.1	520.5	411.6	520.5	303.2	1.75	4.59	0	920	10	0.31	5.5	20.4	0.0	0.0	18.84	33	1.2758	2.0375	485	488.73	958.91	
1345820	51	489.0	520.2	411.3	520.5	302.8	1.75	4.59	0	924	8	0.56	5.5	20.4	0.0	0.0	19.62	33	1.2758	2.0375	485	488.73	959.22	
1346332	51	488.9	519.5	411.1	519.5	302.5	1.75	4.59	0	833	8	0.56	5.5	20.4	0.0	0.0	31.62	33	1.2758	2.0375	485	488.73	958.05	
1346879	51	488.8	519.2	410.8	518.8	302.2	1.94	4.59	0	1,002	8	0.56	5.5	20.4	0.0	0.0	20.44	33	1.2758	2.0375	485	488.85	960.94	
1347451	51	488.7	518.5	410.3	518.8	302.2	1.75	4.59	0	968	8	0.56	5.5	20.4	0.0	0.0	20.32	33	1.2758	2.0375	485	488.85	960.31	
1347956	51	488.5	518.2	410.3	518.5	302.2	1.75	4.59	0	979	9	0.56	5.5	20.4	0.0	0.0	19.52	33	1.2758	2.0375	485	488.85	960.00	
1348604	51	488.3	517.8	410.1	517.8	302.2	1.75	4.59	0	971	9	0.56	5.5	20.4	0.0	0.0	19.41	33	1.2758	2.0375	485	488.85	959.77	
1349138	51	488.1	517.8	410.0	517.8	301.5	1.75	4.59	0	969	9	0.56	5.5	20.4	0.0	0.0	19.43	33	1.2758	2.0375	485	488.85	959.69	
1349668	51	487.9	517.8	409.5	517.2	301.8	1.75	4.59	0	972	9	0.56	5.5	20.4	0.0	0.0	19.50	33	1.2758	2.0375	485	488.85	959.53	
1350191	51	487.7	517.2	409.3	517.2	301.5	1.75	4.59	0	970	9	0.56	5.5	20.4	0.0	0.0	19.50	33	1.2758	2.0375	485	488.85	959.53	
1350784	51	487.5	517.2	409.3	517.2	301.2	1.75	4.59	0	967	9	0.56	5.5	20.4	0.0	0.0	19.29	33	1.2758	2.0375	485	488.85	959.38	
1351314	51	487.2	516.8	409.2	516.8	301.2	1.75	4.59	0	962	9	0.56	5.5	20.4	0.0	0.0	19.64	33	1.2758	2.0375	485	488.85	959.77	
1351830	51	487.0	517.2	408.8	517.2	300.8	1.75	4.59	0	958	9	0.56	5.5	20.4	0.0	0.0	19.73	33	1.2758	2.0375	485	488.85	959.69	
1352348	51	486.8	516.5	408.8	516.8	300.8	1.75	4.59	0	914	9	0.56	5.5	20.4	0.0	0.0	20.84	33	1.2758	2.0375	485	488.85	959.30	
1352875	51	486.6	516.8	408.6	516.5	300.8	1.75	4.59	0	928	8	0.56	5.5	20.4	0.0	0.0	21.12	33	1.2758	2.0375	485	488.85	959.22	
1353400	51	486.3	516.2	408.5	516.5	300.8	1.94	4.59	0	918	8	0.56	5.5	20.4	0.0	0.0	24.28	33	1.2758	2.0375	485	488.85	960.00	
1353982	51	486.0	516.5	408.5	516.5	300.5	1.75	4.59	0	1,007	8	0.31	5.5	20.4	0.0	0.0	18.21	33	1.2758	2.0375	485	488.85	960.23	
1354484	51	485.8	516.5	408.5	516.2	300.8	1.75	4.59	0	978	8	0.56	5.5	20.4	0.0	0.0	19.31	33	1.2758	2.0375	485	488.85	959.77	
1354997	51	485.5	516.2	408.3	516.2	300.2	1.75	4.59	0	974	8	0.56	5.5	20.4	0.0	0.0	19.71	33	1.2758	2.0375	485	488.85	959.77	
1355502	51	485.3	516.2	408.3	516.2	300.5	1.75	4.59	0	966	8	0.56	5.5	20.4	0.0	0.0	19.50	33	1.2758	2.0375	485	488.85	959.61	
1356086	51	484.9	515.8	408.2	516.2	300.2	1.75	4.59	0	965	9	0.56	5.5	20.4	0.0	0.0	19.55	33	1.2758	2.0375	485	488.85	959.53	
1356654	51	484.7	516.5	408.3	516.5	299.8	1.75	4.59	0	960	9	0.56	5.5	20.4	0.0	0.0	19.71	33	1.2758	2.0375	485	488.85	959.45	
1357264	51	484.4	516.5	408.3	516.5	299.8	1.75	4.59	0	959	9	0.56	5.5	20.4	0.0	0.0	19.71	33	1.2758	2.0375	485	488.85	959.53	
1357842	51	484.1	516.2	408.5	516.5	300.2	1.75	4.59	0	958	9	0.56	5.5	20.4	0.0	0.0	19.57	33	1.2758	2.0375	485	488.85	959.61	
1358388	51	483.7	516.5	408.1	516.5	299.8	1.75	4.59	0	951	9	0.56	5.5	20.4	0.0	0.0	19.50	33	1.2758	2.0375	485	488.85	959.61	
1358946	51	483.4	516.5	408.1	516.2	299.8	1.75	4.59	0	952	9	0.31	5.5	20.4	0.0	0.0	19.64	33	1.2758	2.0375	485	488.94	959.53	
1359507	51	483.1	516.5	408.1	516.5	299.5	1.75	4.59	0	952	9	0.31	5.5	20.4	0.0	0.0	19.71	33	1.2758	2.0375	485	488.94	959.53	
1360029	51	482.8	516.5	407.8	516.5	299.5	1.75	4.59	0	945	9	0.31	5.5	20.4	0.0	0.0	19.10	33	1.2758	2.0375	485	488.94	959.38	
1360605	51	482.5	516.5	408.0	516.5	299.5	1.94	4.59	0	932	9	0.31	5.5	20.4	0.0	0.0	19.83	33	1.2758	2.0375	485	488.94	959.45	
1361173	51	482.2	516.8	408.1	516.5	299.8	1.94	4.59	0	920	8	0.56	5.5	20.4	0.0	0.0	20.39	33	1.2758	2.0375	485	488.94	959.61	
1361700	51	481.9	516.5	408.0	516.5	299.2	1.75	4.59	0	876	6	0.56	5.5	20.4	0.0	0.0	17.06	33	1.2758	2.0375	485	488.85	959.45	
1362214	51	481.6	516.5	408.0	516.5	299.5	1.75	4.59	0	817	3	0.31	5.5	20.4	0.0	0.0	19.80	33	1.2758	2.0375	485	488.85	958.75	
1362754	51	481.3	516.8	407.8	516.8	299.5	1.75	4.59	0	822	0	0.56	5.5	20.4	0.0	0.0	21.38	33	1.2758	2.0375	485	488.85	958.59	
1363349	51	481.0	516.5	407.8	516.5	299.2	1.75	4.59	0	822	0	0.56	5.5	20.4	0.0	0.0	21.26	33	1.2758	2.0375	485	488.85	958.44	
1363888	51	480.7	516.2	407.5	516.5	299.2	1.75	4.59	0	815	0	0.56	5.5	20.4	0.0	0.0	24.98	33	1.2758	2.0375	485	488.85	957.73	
1364447	51	480.4	516.2	407.6	516.2	299.2	1.75	4.59	0	848	0	0.56	5.5	20.4	0.0	0.0	24.77	33	1.2758	2.0375	485	488.85	959.30	
1364958	52	480.1	516.5	407.8	516.5	299.5	1.75	4.59	0	826	0	0.56	5.5	20.4	0.0	0.0	25.64	33	1.2758	2.0375	485	488.85	959.77	
1365466	52	479.8	516.2	407.3	516.2	298.8	1.75	4.59	0	835	0	0.56	5.5	20.4	0.0	0.0	25.15	33	1.2758	2.0375	485	488.73	960.23	
1366073	52	479.5	516.2	407.5	516.2	298.8	1.75	4.59	0	843	0	0.56	5.5	20.4	0.0	0.0	23.74	33	1.2758	2.0375	485	488.73	960.47	
1366565	51	479.2	516.2	407.5	515.8	298.8	1.75	4.59	0	826	0	0.56	5.5	20.4	0.0	0.0	23.46	33	1.2758	2.0375	485	488.73	960.47	
1367136	51	478.8	515.8	407.3	515.5	298.5	1.75	4.59	0	812	0	0.56	5.5	20.4	0.0	0.0	22.43	33	1.2758	2.0375	485	488.73	959.77	
1367671	51	478.5	516.2	407.1	515.8	298.5	1.75	4.59	0	814	0	0.56	5.5	20.4	0.0	0.0	20.91	33	1.2758	2.0375	485	488.64	959.84	
1368181	51	478.2	516.2	407.1	516.2	298.5	1.75	4.59	0	819	0	0.31	5.5	20.4	0.0	0.0	20.02	33	1.2758	2.0375	485	488.64	959.38	
1368706	51	477.9	516.2	407.3	515.8	298.5	1.75	4.59	0	804	0	0.56	5.5	20.4	0.0	0.0	20.41	33	1.2758	2.0375	485	488.64	958.59	
1369248	51	477.6	516.2	407.0	516.2	298.2	1.75	4.59	0	801	0	0.31	5.5	20.4	0.0	0.0	20.67	33	1.2758	2.0375	485	488.64	958.52	
1369765	51	477.3	515.5	406.8	515.8	298.2	1.75	4.59	0	810	0	0.56	5.5	20.4	0.0	0.0	20.60	33	1.2758	2.0375	485	488.55	958.44	
1370286	51	477.1	515.8	406.8	515.8	298.2	1.75	4.59	0	805	0	0.31	5.5	20.4	0.0	0.0	20.41	33	1.2758	2.0375	485	488.55	958.12	
1370808	51	476.8	515.8	406.5	516.2	298.2	1.75	4.59	0	805	0	0.31	5.5	20.4	0.0	0.0	20.46	33	1.2758	2.0375	485	488.55	958.20	
1371355	51	476.5	515.8	406.8	515.5	297.8	1.75	4.59	0	796	0	0.31	5.5	20.4	0.0	0.0	20.58	33	1.2758	2.0375	485	488.43	957.81	
1371886	51	476.2	515.5	406.8	515.5	297.8	1.56	4.59	0	800	0	0.31	5.5	20.4	0.0	0.0	20.37	33	1.2758	2.0375	485	488.43	957.89	
1372473	51	475.9	515.8	406.6	515.5	297.8	1.75	4.59	0	799	0	0.31	5.5	20.4	0.0	0.0	20.58	33	1.2758	2.0375	485	488.33	958.05	
1372969	52	475.6	515.2	406.8	515.5	297.8	1.75	4.59	0	799	0	0.31	5.5	20.4	0.0	0.0	20.32	33	1.2758	2.0375	485	488.33	957.97	
1373568	52	475.3	515.5	406.5	515.2	297.8	1.75	4.59	0	799	0	0.31	5.5	20.4	0.0	0.0	20.37	33	1.2758	2.0375	485	488.24	957.89	
1374166	52	475.0	515.2	406.8	515.2	297.8	1.75	4.59	0	808	0	0.31	5.5	20.4	0.0	0.0	20.46	33	1.2758	2.0375	485	488.24	957.97	
1374729	52	474.7	515.5	406.6	515.2	297.8	1.75	4.59	0	804	0	0.31	5.5	20.4	0.0	0.0	20.27	33	1.2758	2.0375	485	488.15	957.89	
1375242	52	474.4	514.8	406.5	514.8	298.2	1.75	4.59	0	800	0	0.31	5.5	20.4	0.0	0.0	20.39	33	1.2758	2.0375	485	488.15	957.89	
1375761	52	474.1	514.5	406.1	514.5	298.2	1.75	4.59	0	795	0	0.31	5.5	20.4	0.0	0.0	20.51	33	1.2758	2.0375	485	488.03	957.89	
1376288	52	473.9	513.8	406.0	514.2	297.8	1.75	4.59	0	804	0	0.31	5.5	20.4	0.0	0.0	20.55	33	1.2758	2.0375	485	488.03	958.05	
1376820	52	473.6	514.2	406.3	514.2	298.2	1.75	4.59	0	796	0	0.31	5.5	20.4	0.0	0.0	20.51	33	1.2758	2.0375	485	487.94	957.81	
1377370	52	473.3	514.2	405.8	514.5	297.8	1.75	4.59	0	793	0	0.31	5.5	20.4	0.0	0.0	20.60	33	1.2758	2.0375	485	487.94	957.73	
1377881	52	473.0	513.8	406.0	513.8	297.8	1.75	4.59	0	804	0	0.31	5.5	20.4	0.0	0.0	20.55	33	1.2758	2.0375	485	487.84	957.81	
1378451	52	472.7	513.8	405.6	513.8	297.8	1.75	4.59	0	805	0	0.56	5.5	20.4	0.0	0.0	20.41	33	1.2758	2.0375	485	487.75	957.89	
1378995	52	472.4	513.5	405.8	513.5	298.2	1.75	4.59	0	796	0	0.31	5.5	20.4	0.0	0.0	20.62	33	1.2758	2.0375	485	487.75	957.97	
1379520	52	472.1	513.5	405.8	513.2	298.2	1.75	4.59	0	795	0	0.31	5.5	20.4	0.0	0.0	20.62	33	1.2758	2.0375	485	487.63	957.42	
1380090	52	471.9	513.2	405.8	513.5	298.5	2.25	4.59	0	883	0	1.12	5.5	20.4	0.0	0.0	38.77	33	1.2758	2.0375	485	487.54	958.36	
1380615	52	471.5	512.8	405.6	512.8	298.5	1.75	4.59	0	1,025	1	1.12	5.5	20.4	0.0	0.0	33.52	33	1.2758	2.0375	485	487.54	961.41	
1381162	52	471.2	512.5	405.8	512.8	298.2	2.12	4.59	0	1,016	3	0.81	5.5	20.4	0.0	0.0	30.16	33	1.2758	2.0375	485	487.44	963.75	
1381705	52	470.8	513.2	405.6	512.8	298.5	1.94	4.59	0	980	5	0.56	5.5	20.4	0.0	0.0	27.09	33	1.2758	2.0375	485	487.35	964.14	
1382236	52	470.4	512.8	405.7	513.2	298.2	1.75	4.59	0	975	6	0.56	5.5	20.4	0.0	0.0	23.95	33	1.2758	2.0375	485	487.23	964.69	
1382839	52	470.0	513.2	405.5	512.8	298.8	1.75	4.59	0	948	6	0.56	5.5	20.4	0.0	0.0	20.44	33	1.2758	2.0375	485	487.14	963.05	
1383398	52	469.6	513.8	406.0	513.5	298.5	1.75	4.59	0	942	7	0.56	5.5	20.4	0.0	0.0	31.24	33	1.2758	2.0375	485	487.05	960.16	
1383968	52	469.1	513.5	406.0	513.5	298.8	1.94	4.59	0	1,248	8	1.38	5.5	20.4	0.0	0.0	31.24	33	1.2758	2.0375	485	487.05	963.67	
1384494	52	468.7	513.5	406.1	513.8	298.8	1.94	4.59	0	1,262	9	1.38	5.5	20.4	0.0	0.0	31.76	33	1.2758	2.0375	485	486.83	967.34	
1385028	52	468.2	514.2	406.5	514.2	298.5	1.94	4.59	0	1,339	11	1.62	5.5	20.4	0.0	0.0	31.88	33	1.2758	2.0375	485	486.74	968.28	
1385585	52	467.7	514.5	407.0	514.8	299.2	2.12	4.59	0	1,398	12	1.94	5.5	20.4	0.0	0.0	36.84	33	1.2758	2.0375	485	486.65	975.00	
1386097	52	467.1	515.2	407.0	515.2	299.2	2.25	4.59	0	1,336	13	2.19	5.5	20.4	0.0	0.0	39.56	33	1.2758	2.0375	485	486.53	980.47	
1386665	52	466.5	515.8	407.5	515.8	299.5	2.12	4.59	0	1,333	15	2.19	5.5	20.4	0.0	0.0	38.77	33	1.2758	2.0375	485	486.34	984.77	
1387222	52	465.9	516.8	408.0	516.8	299.8	2.25	4.59	0	1,329	17	2.44	5.5	20.4	0.0	0.0	39.94	33	1.2758	2.0375	485	486.25	988.75	
1387738	52	465.3	517.5	408.5	517.5	299.8	2.44	4.59	0	1,430	18	2.75	5.5	20.4	0.0	0.0	41.32	33	1.2758	2.0375	485	486.04	993.83	
1388290	51	464.6	518.5	409.1	518.8	299.8	2.44	4.59	0	1,574	20	3.00	5.5	20.4	0.0	0.0	40.22	33	1.2758	2.0375	485	485.85	1,002.58	
1388837	51	463.9	519.8	409.6	519.8	300.2	2.81	4.59	0	1,683	22	3.00	5.5	20.4	0.0	0.0	39.56	33	1.2758	2.0375	485	485.55	1,010.23	
1389371	51	463.3	520.8	410.1	520.5	300.2	3.00	4.59	0	1,797	23	3.00	5.5	20.4	0.0	0.0	39.52	33	1.2758	2.0375	485	485.33	1,017.58	
1389889	51	462.7	521.8	411.3	521.8	300.5	3.50	4.59	0	1,786	25	4.06	5.5	20.4	0.0	0.0	45.12	33	1.2758	2.0375	485	485.03	1,045.47	
1390393	51	462.2	523.5	412.1	523.8	300.8	2.44	4.59	0	1,447	25	4.31	5.5	20.4	0.0	0.0	45.52	33	1.2758	2.0375	480	484.75	1,046.33	
1390964	51	461.6	525.2	412.6	525.5	301.2	2.25	4.59	0	1,435	27	3.81	5.5	20.4	0.0	0.0	45.00	33	1.2758	2.0375	480	484.44	1,036.25	
1391514	51	461.2	526.5	413.7	526.5	300.8	2.44	4.59	0	1,449	28	3.50	5.5	20.4	0.0	0.0	29.06	33	1.2758	2.0375	480	484.14	1,012.81	
1392033	51	460.9	528.2	414.6	528.2	301.5	1.25	4.59	0	1,423	28	1.38	5.5	20.4	0.0	0.0	14.55	33	1.2758	2.0375	480	483.83	980.86	
1392584	50	460.6	529.5	415.5	530.2	301.5	1.25	4.59	0	1,403	28	1.12	5.5	20.4	0.0	0.0	12.49	33	1.2758	2.0375	480	483.65	969.22	
1393096	50	460.4	531.5	416.3	531.2	301.8	4.00	4.59	0	1,429	28	0.81	5.5	20.4	0.0	0.0	16.69	33	1.2758	2.0375	480	483.44	959.84	
1393623	50	460.2	532.2	417.2	532.5	302.2	2.44	4.59	0	1,466	28	2.44	5.5	20.4	0.0	0.0	39.14	33	1.2758	2.0375	480	483.13	971.09	
1394165	51	460.0	533.5	417.8	533.5	302.5	1.56	4.59	0	1,421	29	1.62	5.5	20.4	0.0	0.0	19.90	33	1.2758	2.0375	480	482.94	972.58	
1394676	51	459.9	534.2	418.5	534.2	302.5	1.44	4.59	0	1,447	29	1.12	5.5	20.4	0.0	0.0	13.85	33	1.2758	2.0375	480	482.64	966.95	
1395291	50	459.8	535.2	419.1	535.2	302.8	1.06	4.59	0	1,379	29	0.81	5.5	20.4	0.0	0.0	15.82	33	1.2758	2.0375	480	482.43	964.38	
1395849	50	459.8	536.2	419.5	536.2	302.5	0.56	4.59	0	1,411	28	1.12	5.5	20.4	0.0	0.0	18.05	33	1.2758	2.0375	480	482.24	966.02	
1396372	51	459.8	536.5	419.7	536.5	303.8	0.69	4.59	0	1,374	28	0.81	5.5	20.4	0.0	0.0	18.07	33	1.2758	2.0375	480	482.03	971.88	
1396917	51	459.9	536.8	420.3	536.8	303.5	0.88	4.59	0	1,318	27	0.81	5.5	20.4	0.0	0.0	17.84	33	1.2758	2.0375	480	481.94	973.12	
1397475	51	460.1	536.8	420.3	537.2	303.8	0.88	4.59	0	1,292	26	0.81	5.5	20.4	0.0	0.0	18.09	33	1.2758	2.0375	480	481.84	974.22	
1397981	51	460.2	536.8	420.5	536.8	304.2	1.06	4.59	0	1,267	25	0.56	5.5	20.4	0.0	0.0	17.81	33	1.2758	2.0375	480	481.63	974.69	
1398534	51	460.4	536.8	420.1	536.8	303.8	1.06	4.59	0	1,230	25	0.56	5.5	20.4	0.0	0.0	17.93	33	1.2758	2.0375	480	481.54	974.69	
1399045	51	460.6	536.8	420.5	536.5	304.2	1.25	4.59	0	1,204	24	0.56	5.5	20.4	0.0	0.0	17.60	33	1.2758	2.0375	480	481.44	973.83	
1399701	51	460.8	536.2	420.5	535.8	304.5	1.25	4.59	0	1,167	23	0.56	5.5	20.4	0.0	0.0	17.98	33	1.2758	2.0375	480	481.35	973.67	
1400238	51	461.1	535.8	420.1	535.5	304.8	1.44	4.59	0	1,131	23	0.31	5.5	20.4	0.0	0.0	17.77	33	1.2758	2.0375	480	481.23	972.81	
1400804	51	461.4	534.8	420.0	534.8	304.8	1.56	4.59	0	1,096	22	0.31	5.5	20.4	0.0	0.0	17.91	33	1.2758	2.0375	480	481.14	971.64	
1401329	52	461.6	534.5	419.8	534.5	305.2	1.56	4.59	0	1,001	21	0.00	5.5	20.4	0.0	0.0	18.66	33	1.2758	2.0375	480	481.05	970.39	
1401857	52	461.8	533.8	419.5	533.8	305.2	2.12	4.59	0	819	21	0.31	5.5	20.4	0.0	0.0	20.65	33	1.2758	2.0375	480	480.93	965.16	
1402383	52	462.0	533.2	419.0	533.2	305.2	1.75	4.59	0	1,033	21	0.56	5.5	20.4	0.0	0.0	13.95	33	1.2758	2.0375	480	480.83	963.91	
1402928	52	462.2	532.5	418.8	532.8	305.5	1.75	4.59	0	982	21	0.31	5.5	20.4	0.0	0.0	14.81	33	1.2758	2.0375	480	480.74	962.03	
1403451	52	462.3	531.5	418.3	531.5	305.5	1.75	4.59	0	998	20	0.56	5.5	20.4	0.0	0.0	15.30	33	1.2758	2.0375	480	480.65	961.17	
1403996	52	462.5	531.2	418.3	531.2	305.5	1.75	4.59	0	1,006	20	0.31	5.5	20.4	0.0	0.0	14.70	33	1.2758	2.0375	480	480.53	960.31	
1404508	52	462.6	530.2	417.8	530.2	305.5	1.75	4.59	0	983	20	0.31	5.5	20.4	0.0	0.0	15.45	33	1.2758	2.0375	480	480.44	959.77	
1405040	52	462.7	529.5	417.8	529.8	305.8	1.75	4.59	0	983	20	0.56	5.5	20.4	0.0	0.0	15.09	33	1.2758	2.0375	480	480.34	959.45	
1405613	52	462.7	529.2	417.5	528.8	305.8	2.81	4.59	0	1,098	20	1.62	5.5	20.4	0.0	0.0	40.27	33	1.2758	2.0375	480	480.25	958.05	
1406131	52	462.8	528.5	417.1	528.5	306.2	2.81	4.59	0	1,602	21	3.00	5.5	20.4	0.0	0.0	42.68	33	1.2758	2.0375	480	480.04	984.45	
1406674	52	462.8	527.8	416.8	527.5	306.2	3.00	4.59	0	1,679	22	3.50	5.5	20.4	0.0	0.0	43.92	33	1.2758	2.0375	480	479.94	1,007.34	
1407198	52	462.7	527.5	416.8	527.5	306.2	3.00	4.59	0	1,827	24	3.25	5.5	20.4	0.0	0.0	38.48	33	1.2758	2.0375	475	479.73	1,021.88	
1407727	52	462.6	527.2	417.0	527.2	306.2	2.62	4.59	0	1,895	25	2.75	5.5	20.4	0.0	0.0	18.45	33	1.2758	2.0375	475	479.55	1,002.97	
1408331	52	462.5	527.2	416.8	527.5	306.5	1.94	4.59	0	1,623	24	1.12	5.5	20.4	0.0	0.0	19.52	33	1.2758	2.0375	475	479.43	979.53	
1408870	51	462.5	527.5	417.0	527.5	306.2	0.88	4.59	0	1,219	23	0.81	5.5	20.4	0.0	0.0	13.78	33	1.2758	2.0375	475	479.33	970.39	
1409384	51	462.5	528.2	417.3	528.5	306.5	1.75	4.59	0	1,261	23	1.12	5.5	20.4	0.0	0.0	33.26	33	1.2758	2.0375	475	479.24	965.00	
1409900	51	462.5	528.5	417.6	528.8	306.8	2.25	4.59	0	1,301	24	2.19	5.5	20.4	0.0	0.0	42.49	33	1.2758	2.0375	475	479.15	975.23	
1410430	52	462.5	528.5	417.8	528.5	306.5	2.25	4.59	0	1,321	25	2.19	5.5	20.4	0.0	0.0	33.05	33	1.2758	2.0375	475	478.94	987.58	
1411006	52	462.5	528.8	417.6	528.8	306.8	1.25	4.59	0	1,273	26	1.12	5.5	20.4	0.0	0.0	16.22	33	1.2758	2.0375	475	478.84	970.86	
1411522	51	462.4	529.5	418.3	529.8	306.8	1.25	4.59	0	1,274	26	0.81	5.5	20.4	0.0	0.0	13.20	33	1.2758	2.0375	475	478.75	965.94	
1412044	51	462.4	529.8	418.3	529.8	307.2	0.56	4.59	0	1,210	25	-0.19	5.5	20.4	0.0	0.0	15.80	33	1.2758	2.0375	475	478.63	964.14	
1412565	51	462.4	529.8	418.7	530.2	307.5	0.88	4.59	0	1,234	25	0.56	5.5	20.4	0.0	0.0	17.84	33	1.2758	2.0375	475	478.54	965.08	
1413135	51	462.5	530.2	418.6	530.2	307.5	1.25	4.59	0	1,193	24	0.56	5.5	20.4	0.0	0.0	19.71	33	1.2758	2.0375	475	478.44	969.92	
1413655	51	462.6	530.5	419.0	530.5	307.5	1.56	4.59	0	1,188	24	0.56	5.5	20.4	0.0	0.0	31.45	33	1.2758	2.0375	475	478.35	960.16	
1414195	51	462.8	530.5	418.8	530.5	307.5	2.44	4.59	0	1,308	25	2.19	5.5	20.4	0.0	0.0	47.06	33	1.2758	2.0375	475	478.23	970.55	
1414731	52	462.8	530.2	419.1	530.2	307.8	2.62	4.59	0	1,341	26	4.31	5.5	20.4	0.0	0.0	54.89	33	1.2758	2.0375	475	478.14	1,006.25	
1415309	52	462.9	530.5	419.1	530.5	308.2	2.62	4.59	0	1,401	28	4.62	5.5	20.4	0.0	0.0	54.09	33	1.2758	2.0375	475	478.05	1,033.36	
1415855	52	462.8	530.5	418.8	530.5	307.8	2.81	4.59	0	1,457	29	4.88	5.5	20.4	0.0	0.0	50.72	33	1.2758	2.0375	475	477.83	1,046.88	
1416416	52	462.7	530.8	419.3	530.5	308.2	2.62	4.59	0	1,525	31	4.31	5.5	20.4	0.0	0.0	46.05	33	1.2758	2.0375	475	477.65	1,046.88	
1417082	51	462.6	531.2	419.5	531.2	308.2	2.12	4.59	0	1,415	32	4.62	5.5	20.4	0.0	0.0	56.53	33	1.2758	2.0375	475	477.44	1,058.05	
1417589	51	462.5	531.8	419.8	531.8	308.5	2.44	4.59	0	1,240	33	4.62	5.5	20.4	0.0	0.0	58.80	33	1.2758	2.0375	475	477.25	1,060.23	
1418133	51	462.4	532.5	420.6	532.8	308.8	2.62	4.59	0	1,235	34	4.31	5.5	20.4	0.0	0.0	56.79	33	1.2758	2.0375	475	477.04	1,056.17	
1418649	51	462.3	533.2	421.0	533.2	308.5	2.62	4.59	0	1,260	35	4.88	5.5	20.4	0.0	0.0	58.64	33	1.2758	2.0375	475	476.85	1,037.42	
1419164	51	462.3	534.5	421.7	534.5	308.8	2.62	4.59	0	1,316	37	5.44	5.5	20.4	0.0	0.0	65.44	33	1.2758	2.0375	475	476.73	1,043.20	
1419679	51	462.5	535.2	422.2	535.2	309.5	3.12	4.59	0	1,318	38	7.31	5.5	20.4	0.0	0.0	69.84	33	1.2758	2.0375	475	476.43	1,061.09	
1420222	51	463.1	536.2	422.3	536.2	309.2	3.12	4.59	0	1,353	39	8.38	5.5	20.4	0.0	0.0	66.68	33	1.2758	2.0375	475	476.24	1,061.09	
1420739	51	464.0	536.8	423.1	536.8	309.5	2.81	4.59	0	1,423	41	8.38	5.5	20.4	0.0	0.0	57.16	33	1.2758	2.0375	475	476.15	1,056.72	
1421271	50	465.0	537.8	423.5	537.8	309.5	1.56	4.59	0	1,362	41	2.75	5.5	20.4	0.0	0.0	19.64	33	1.2758	2.0375	475	475.94	1,003.05	
1421792	50	465.8	538.8	424.5	538.5	309.8	1.25	4.59	0	1,392	41	1.12	5.5	20.4	0.0	0.0	12.70	33	1.2758	2.0375	475	475.84	977.42	
1422344	50	466.5	539.5	424.8	539.5	309.8	0.19	4.59	0	1,375	41	0.31	5.5	20.4	0.0	0.0	15.59	33	1.2758	2.0375	475	475.75	969.92	
1422868	50	467.2	539.8	424.8	540.5	309.8	0.69	4.59	0	1,366	40	0.81	5.5	20.4	0.0	0.0	17.77	33	1.2758	2.0375	475	475.75	968.83	
1423420	50	467.8	540.5	425.5	540.5	310.2	2.44	4.59	0	1,090	40	0.81	5.5	20.4	0.0	0.0	15.47	33	1.2758	2.0375	475	475.63	968.91	
1423974	50	468.5	541.2	425.6	540.8	310.5	1.94	4.59	0	1,103	40	0.81	5.5	20.4	0.0	0.0	38.51	33	1.2758	2.0375	475	475.63	964.38	
1424505	51	469.1	540.8	425.5	540.8	310.5	1.94	4.59	0	1,048	40	1.38	5.5	20.4	0.0	0.0	25.85	33	1.2758	2.0375	475	475.54	968.59	
1425158	51	469.7	541.5	425.6	541.2	310.5	1.56	4.59	0	1,067	40	0.56	5.5	20.4	0.0	0.0	15.26	33	1.2758	2.0375	475	475.54	963.44	
1425670	51	470.2	541.2	425.8	541.5	311.5	1.56	4.59	0	1,025	40	0.31	5.5	20.4	0.0	0.0	15.47	33	1.2758	2.0375	475	475.54	961.72	
1426222	50	470.7	541.2	426.0	540.8	310.8	1.56	4.59	0	1,027	39	0.31	5.5	20.4	0.0	0.0	16.73	33	1.2758	2.0375	475	475.54	962.27	
1426770	51	471.3	540.8	426.0	540.8	311.2	1.75	4.59	0	1,001	39	-0.19	5.5	20.4	0.0	0.0	16.95	33	1.2758	2.0375	475	475.54	965.55	
1427326	51	471.9	540.2	425.8	540.5	310.8	1.75	4.59	0	993	39	0.31	5.5	20.4	0.0	0.0	16.92	33	1.2758	2.0375	475	475.54	966.25	
1427844	51	472.5	539.8	425.5	539.8	311.5	1.75	4.59	0	978	38	0.00	5.5	20.4	0.0	0.0	16.62	33	1.2758	2.0375	475	475.63	966.56	
1428429	51	473.2	539.2	425.3	539.2	311.5	1.75	4.59	0	968	38	0.00	5.5	20.4	0.0	0.0	16.95	33	1.2758	2.0375	475	475.75	966.64	
1428941	51	473.8	538.5	425.0	538.5	311.2	1.75	4.59	0	961	37	0.31	5.5	20.4	0.0	0.0	17.11	33	1.2758	2.0375	475	475.84	966.41	
1429499	51	474.4	536.8	424.3	536.8	311.2	1.75	4.59	0	953	37	0.31	5.5	20.4	0.0	0.0	17.09	33	1.2758	2.0375	475	475.94	966.25	
1430084	51	475.1	536.5	423.6	536.5	311.2	1.06	4.59	0	1,224	36	0.56	5.5	20.4	0.0	0.0	11.32	33	1.2758	2.0375	475	476.03	964.77	
1430600	51	475.7	535.8	423.5	535.5	311.2	1.25	4.59	0	1,190	36	0.56	5.5	20.4	0.0	0.0	17.11	33	1.2758	2.0375	475	476.15	967.58	
1431134	51	476.3	534.8	423.2	534.8	311.2	1.25	4.59	0	1,199	35	0.56	5.5	20.4	0.0	0.0	17.88	33	1.2758	2.0375	475	476.15	970.00	
1431648	51	476.8	533.8	422.3	534.2	310.8	1.25	4.59	0	1,180	35	0.56	5.5	20.4	0.0	0.0	17.91	33	1.2758	2.0375	475	476.24	971.33	
1432203	52	477.4	532.8	421.8	532.8	311.5	1.44	4.59	0	1,160	34	0.56	5.5	20.4	0.0	0.0	17.98	33	1.2758	2.0375	475	476.43	971.88	
1432717	52	478.0	531.8	421.5	531.8	311.2	1.44	4.59	0	1,142	33	0.56	5.5	20.4	0.0	0.0	17.98	33	1.2758	2.0375	475	476.43	972.11	
1433190	52	478.4	531.2	421.2	531.2	311.2	1.44	4.59	0	1,123	33	0.31	5.5	20.4	0.0	0.0	18.21	33	1.2758	2.0375	475	476.55	972.11	
1433863	52	479.0	529.8	420.5	530.2	311.2	1.06	4.59	0	1,292	32	0.81	5.5	20.4	0.0	0.0	18.30	33	1.2758	2.0375	475	476.64	973.98	
1434401	52	479.6	529.2	420.0	528.8	310.8	0.88	4.59	0	1,443	31	1.12	5.5	20.4	0.0	0.0	18.47	33	1.2758	2.0375	475	476.85	976.09	
1434904	52	480.1	527.8	419.3	527.5	311.2	0.88	4.59	0	1,496	30	1.12	5.5	20.4	0.0	0.0	19.08	33	1.2758	2.0375	475	476.94	977.81	
1435395	52	480.6	526.8	419.0	526.8	310.8	0.69	4.59	0	1,469	29	1.12	5.5	20.4	0.0	0.0	19.05	33	1.2758	2.0375	475	476.94	978.05	
1435921	52	481.1	526.5	418.6	526.2	311.2	0.69	4.59	0	1,426	29	1.12	5.5	20.4	0.0	0.0	19.22	33	1.2758	2.0375	475	477.04	978.05	
1436508	52	481.6	525.2	418.0	525.2	310.8	0.88	4.59	0	1,391	28	1.12	5.5	20.4	0.0	0.0	19.05	33	1.2758	2.0375	475	477.25	977.97	
1436940	52	482.0	524.2	417.5	524.2	310.5	0.88	4.59	0	1,367	27	0.81	5.5	20.4	0.0	0.0	19.15	33	1.2758	2.0375	475	477.25	978.20	
1437463	52	482.4	523.5	416.8	523.5	310.5	0.88	4.59	0	1,342	27	0.81	5.5	20.4	0.0	0.0	19.38	33	1.2758	2.0375	475	477.34	977.66	
1438001	53	482.9	522.5	416.5	522.5	310.5	1.06	4.59	0	1,301	26	0.81	5.5	20.4	0.0	0.0	19.10	33	1.2758	2.0375	475	477.44	976.95	
1438523	53	483.3	521.8	415.8	521.5	310.2	1.06	4.59	0	1,269	26	0.56	5.5	20.4	0.0	0.0	18.94	33	1.2758	2.0375	475	477.53	976.25	
1439087	53	483.7	521.2	415.8	520.8	310.5	1.06	4.59	0	1,227	25	0.56	5.5	20.4	0.0	0.0	18.80	33	1.2758	2.0375	475	477.65	976.09	
1439597	53	484.1	520.2	415.0	520.2	310.2	1.25	4.59	0	1,201	24	0.56	5.5	20.4	0.0	0.0	13.29	33	1.2758	2.0375	475	477.74	974.69	
1440111	53	484.4	519.5	414.8	519.5	310.2	1.94	4.59	0	1,229	24	0.81	5.5	20.4	0.0	0.0	31.78	33	1.2758	2.0375	475	477.83	964.45	
1440630	53	484.8	518.8	414.5	519.2	310.2	2.25	4.59	0	1,340	25	1.94	5.5	20.4	0.0	0.0	40.45	33	1.2758	2.0375	475	477.93	972.66	
1441146	53	485.0	517.8	414.0	517.8	310.2	2.44	4.59	0	1,372	26	3.00	5.5	20.4	0.0	0.0	44.58	33	1.2758	2.0375	475	478.05	987.66	
1441733	53	485.3	517.2	413.7	517.2	310.2	2.44	4.59	0	1,407	27	3.25	5.5	20.4	0.0	0.0	45.00	33	1.2758	2.0375	475	478.23	1,001.64	
1442273	53	485.4	517.2	413.1	516.8	309.5	2.44	4.59	0	1,448	28	3.25	5.5	20.4	0.0	0.0	43.57	33	1.2758	2.0375	475	478.44	1,008.36	
1442770	53	485.4	516.8	413.3	516.5	309.5	2.44	4.59	0	1,506	30	3.25	5.5	20.4	0.0	0.0	47.55	33	1.2758	2.0375	475	478.54	1,012.58	
1443349	52	485.4	516.5	413.1	516.5	309.8	2.81	4.59	0	1,552	31	4.31	5.5	20.4	0.0	0.0	48.49	33	1.2758	2.0375	475	478.84	1,031.02	
1443865	52	485.3	516.8	413.0	516.5	309.8	3.00	4.59	0	1,595	33	4.31	5.5	20.4	0.0	0.0	46.97	33	1.2758	2.0375	475	479.03	1,040.47	
1444406	52	485.2	516.5	413.1	516.5	309.5	3.12	4.59	0	1,694	34	4.31	5.5	20.4	0.0	0.0	29.86	33	1.2758	2.0375	475	479.24	1,022.50	
1444944	52	485.0	516.8	413.3	516.8	309.8	1.44	4.59	0	1,186	34	0.81	5.5	20.4	0.0	0.0	16.76	33	1.2758	2.0375	475	479.43	983.44	
1445463	51	484.9	517.5	413.5	517.5	310.2	1.75	4.59	0	1,146	34	0.56	5.5	20.4	0.0	0.0	13.55	33	1.2758	2.0375	475	479.64	970.00	
1446016	51	484.8	517.8	413.6	517.8	309.8	1.44	4.59	0	1,146	33	0.56	5.5	20.4	0.0	0.0	30.61	33	1.2758	2.0375	475	479.85	962.81	
1446533	51	484.6	518.2	414.0	517.8	309.8	2.12	4.59	0	1,194	34	1.38	5.5	20.4	0.0	0.0	25.27	33	1.2758	2.0375	480	479.94	966.41	
1447052	51	484.5	518.2	414.3	518.2	309.8	1.56	4.59	0	1,174	34	0.81	5.5	20.4	0.0	0.0	15.45	33	1.2758	2.0375	480	480.13	963.98	
1447629	51	484.4	518.5	414.3	518.5	309.8	1.75	4.59	0	1,140	33	0.00	5.5	20.4	0.0	0.0	16.45	33	1.2758	2.0375	480	480.34	962.97	
1448167	51	484.3	518.8	414.1	518.5	309.8	1.44	4.59	0	1,119	33	0.56	5.5	20.4	0.0	0.0	17.70	33	1.2758	2.0375	480	480.44	963.83	
1448692	51	484.3	518.5	414.1	518.8	309.8	1.44	4.59	0	1,095	32	0.31	5.5	20.4	0.0	0.0	17.72	33	1.2758	2.0375	480	480.65	963.91	
1449232	51	484.4	518.8	414.3	518.8	309.8	1.44	4.59	0	1,086	32	0.31	5.5	20.4	0.0	0.0	17.25	33	1.2758	2.0375	480	480.74	967.97	
1449764	51	484.4	518.2	414.1	518.5	309.5	1.56	4.59	0	1,065	31	0.56	5.5	20.4	0.0	0.0	17.65	33	1.2758	2.0375	480	480.93	968.83	
1450367	51	484.5	518.2	414.0	518.2	309.5	1.56	4.59	0	1,046	31	0.31	5.5	20.4	0.0	0.0	17.34	33	1.2758	2.0375	480	481.05	968.98	
1450917	52	484.6	517.8	413.5	517.5	309.8	1.56	4.59	0	1,035	30	0.56	5.5	20.4	0.0	0.0	17.58	33	1.2758	2.0375	480	481.23	969.06	
1451423	52	484.7	517.2	413.3	516.8	309.2	1.75	4.59	0	1,013	30	0.00	5.5	20.4	0.0	0.0	17.25	33	1.2758	2.0375	480	481.35	968.59	
1451979	52	484.9	516.2	413.0	516.2	309.8	1.75	4.59	0	992	29	-0.19	5.5	20.4	0.0	0.0	17.51	33	1.2758	2.0375	480	481.44	967.89	
1452500	52	485.1	516.2	412.6	515.8	309.5	1.75	4.59	0	976	29	0.56	5.5	20.4	0.0	0.0	17.27	33	1.2758	2.0375	480	481.54	967.81	
1453010	52	485.2	515.2	412.3	515.2	309.2	1.75	4.59	0	964	28	0.31	5.5	20.4	0.0	0.0	17.72	33	1.2758	2.0375	480	481.63	967.50	
1453543	52	485.4	514.5	411.8	514.8	308.8	1.94	4.59	0	946	28	0.31	5.5	20.4	0.0	0.0	17.67	33	1.2758	2.0375	480	481.75	966.64	
1454082	52	485.5	513.8	411.3	513.8	308.8	2.25	4.59	0	931	27	0.31	5.5	20.4	0.0	0.0	12.84	33	1.2758	2.0375	480	481.84	963.44	
1454584	52	485.6	513.2	411.1	513.5	308.5	2.81	4.59	0	1,197	27	1.38	5.5	20.4	0.0	0.0	39.59	33	1.2758	2.0375	480	481.94	962.73	
1455149	52	485.7	512.2	410.8	512.2	308.8	2.25	4.59	0	1,368	28	2.44	5.5	20.4	0.0	0.0	38.55	33	1.2758	2.0375	480	482.03	977.27	
1455666	52	485.7	511.8	410.1	511.5	308.5	2.44	4.59	0	1,414	29	2.44	5.5	20.4	0.0	0.0	41.55	33	1.2758	2.0375	480	482.24	986.48	
1456195	52	485.7	511.5	410.0	511.2	308.5	2.81	4.59	0	1,511	30	3.00	5.5	20.4	0.0	0.0	45.26	33	1.2758	2.0375	480	482.33	1,000.31	
1456702	52	485.5	510.5	409.5	510.5	308.2	2.81	4.59	0	1,561	31	3.81	5.5	20.4	0.0	0.0	45.70	33	1.2758	2.0375	480	482.55	1,014.77	
1457205	52	485.3	510.5	409.5	510.8	308.5	2.81	4.59	0	1,600	32	3.81	5.5	20.4	0.0	0.0	46.22	33	1.2758	2.0375	480	482.64	1,025.47	
1457764	52	484.9	510.5	409.5	510.5	308.5	2.44	4.59	0	1,422	33	4.88	5.5	20.4	0.0	0.0	57.33	33	1.2758	2.0375	480	482.85	1,053.75	
1458287	52	484.5	510.8	409.5	510.8	307.8	2.44	4.59	0	1,259	34	4.62	5.5	20.4	0.0	0.0	56.16	33	1.2758	2.0375	480	482.94	1,065.47	
1458917	51	484.1	511.2	409.5	511.2	308.2	2.44	4.59	0	1,277	35	3.50	5.5	20.4	0.0	0.0	40.71	33	1.2758	2.0375	480	483.13	1,028.67	
1459474	51	483.7	511.5	410.0	511.5	308.5	1.25	4.59	0	1,234	36	0.81	5.5	20.4	0.0	0.0	17.06	33	1.2758	2.0375	480	483.25	983.83	
1460049	51	483.4	511.8	410.3	512.2	307.8	1.44	4.59	0	1,207	35	0.56	5.5	20.4	0.0	0.0	11.95	33	1.2758	2.0375	480	483.34	969.84	
1460635	50	483.1	512.5	410.3	512.5	308.2	2.81	4.59	0	1,189	35	1.12	5.5	20.4	0.0	0.0	15.35	33	1.2758	2.0375	480	483.44	961.09	
1461161	51	482.9	512.5	410.5	512.5	308.2	2.25	4.59	0	1,273	35	1.38	5.5	20.4	0.0	0.0	43.01	33	1.2758	2.0375	480	483.65	966.33	
1461716	51	482.6	512.8	410.5	512.8	307.8	2.62	4.59	0	1,308	36	3.81	5.5	20.4	0.0	0.0	52.71	33	1.2758	2.0375	480	483.74	999.53	
1462261	51	482.4	512.8	410.8	512.8	307.8	1.94	4.59	0	1,261	37	2.19	5.5	20.4	0.0	0.0	21.66	33	1.2758	2.0375	480	483.83	988.52	
1462825	51	482.1	513.5	410.8	513.2	307.8	1.44	4.59	0	1,290	37	0.56	5.5	20.4	0.0	0.0	13.90	33	1.2758	2.0375	480	483.93	972.11	
1463378	51	481.9	513.5	410.8	513.2	308.2	-0.44	4.59	0	1,250	37	0.00	5.5	20.4	0.0	0.0	15.77	33	1.2758	2.0375	480	484.05	966.72	
1463878	51	481.8	513.8	411.0	513.8	308.2	1.06	4.59	0	1,226	36	0.56	5.5	20.4	0.0	0.0	17.60	33	1.2758	2.0375	480	484.14	966.48	
1464387	51	481.7	513.8	411.0	513.8	308.2	1.06	4.59	0	1,216	36	0.56	5.5	20.4	0.0	0.0	17.81	33	1.2758	2.0375	480	484.14	966.80	
1464913	51	481.7	513.8	410.8	513.8	307.8	1.25	4.59	0	1,197	35	0.56	5.5	20.4	0.0	0.0	17.44	33	1.2758	2.0375	480	484.23	971.56	
1465430	51	481.8	513.8	411.0	513.8	307.8	1.25	4.59	0	1,184	35	0.56	5.5	20.4	0.0	0.0	17.81	33	1.2758	2.0375	480	484.35	972.27	
1465965	51	481.9	513.5	410.6	513.2	308.2	1.56	4.59	0	1,200	35	0.56	5.5	20.4	0.0	0.0	20.39	33	1.2758	2.0375	480	484.44	964.92	
1466467	51	482.0	513.2	410.5	513.5	307.8	2.44	4.59	0	1,220	35	1.62	5.5	20.4	0.0	0.0	45.07	33	1.2758	2.0375	480	484.54	967.89	
1467013	52	482.0	513.2	410.5	512.8	307.8	2.62	4.59	0	1,305	36	3.81	5.5	20.4	0.0	0.0	50.53	33	1.2758	2.0375	480	484.75	1,001.72	
1467641	52	481.9	512.5	410.1	512.5	307.5	2.25	4.59	0	1,263	37	2.75	5.5	20.4	0.0	0.0	41.62	33	1.2758	2.0375	480	484.84	1,003.05	
1468201	51	481.8	512.5	410.3	512.8	307.8	2.44	4.59	0	1,345	38	3.25	5.5	20.4	0.0	0.0	46.55	33	1.2758	2.0375	485	484.94	1,010.16	
1468712	51	481.7	512.5	410.3	512.8	308.2	2.44	4.59	0	1,324	39	3.25	5.5	20.4	0.0	0.0	44.95	33	1.2758	2.0375	485	484.94	1,022.58	
1469233	51	481.5	512.8	410.5	512.8	307.8	1.75	4.59	0	1,310	39	1.12	5.5	20.4	0.0	0.0	17.18	33	1.2758	2.0375	485	485.03	984.38	
1469742	51	481.3	512.5	410.3	512.8	307.8	1.25	4.59	0	1,315	39	0.81	5.5	20.4	0.0	0.0	12.94	33	1.2758	2.0375	485	485.03	971.41	
1470291	50	481.2	513.2	410.7	513.2	308.2	1.94	4.59	0	1,397	39	1.62	5.5	20.4	0.0	0.0	35.81	33	1.2758	2.0375	485	485.15	964.61	
1470847	51	480.9	513.2	410.6	513.5	307.8	2.62	4.59	0	1,439	40	3.50	5.5	20.4	0.0	0.0	51.23	33	1.2758	2.0375	485	485.24	992.03	
1471420	51	480.7	513.5	410.6	513.2	307.8	2.62	4.59	0	1,422	41	4.31	5.5	20.4	0.0	0.0	48.91	33	1.2758	2.0375	485	485.24	1,029.77	
1471980	51	480.4	513.8	411.0	513.8	308.2	0.69	4.59	0	1,388	41	1.62	5.5	20.4	0.0	0.0	17.72	33	1.2758	2.0375	485	485.33	986.64	
1472511	51	480.2	514.2	410.8	514.2	308.2	2.25	4.59	0	1,198	41	1.12	5.5	20.4	0.0	0.0	43.34	33	1.2758	2.0375	485	485.33	979.30	
1473031	51	479.9	514.8	411.5	514.5	308.2	2.44	4.59	0	1,184	42	3.25	5.5	20.4	0.0	0.0	61.48	33	1.2758	2.0375	485	485.33	999.69	
1473545	51	479.8	515.2	411.3	515.2	308.2	2.44	4.59	0	1,121	43	3.50	5.5	20.4	0.0	0.0	44.91	33	1.2758	2.0375	485	485.43	1,000.70	
1474062	51	479.7	515.5	411.8	515.5	308.2	1.44	4.59	0	1,109	43	0.81	5.5	20.4	0.0	0.0	19.45	33	1.2758	2.0375	485	485.43	977.66	
1474587	50	479.6	515.8	412.0	515.8	307.8	2.12	4.59	0	1,193	43	1.12	5.5	20.4	0.0	0.0	38.77	33	1.2758	2.0375	485	485.43	973.12	
1475124	50	479.6	516.2	412.0	516.2	307.8	2.44	4.59	0	1,222	43	2.75	5.5	20.4	0.0	0.0	53.88	33	1.2758	2.0375	485	485.55	990.78	
1475748	51	479.5	517.2	412.3	517.2	307.8	2.44	4.59	0	1,211	44	3.25	5.5	20.4	0.0	0.0	52.73	33	1.2758	2.0375	485	485.55	1,008.05	
1476315	51	479.5	517.5	413.0	517.5	307.8	1.56	4.59	0	1,147	45	1.38	5.5	20.4	0.0	0.0	18.02	33	1.2758	2.0375	485	485.55	980.78	
1476821	50	479.5	518.2	412.6	517.8	308.2	1.44	4.59	0	1,149	44	0.56	5.5	20.4	0.0	0.0	12.68	33	1.2758	2.0375	485	485.64	969.14	
1477355	50	479.5	518.5	413.3	518.5	308.2	0.69	4.59	0	1,126	44	0.00	5.5	20.4	0.0	0.0	16.01	33	1.2758	2.0375	485	485.64	965.08	
1477890	50	479.5	518.8	413.5	518.8	308.2	1.25	4.59	0	1,124	44	0.31	5.5	20.4	0.0	0.0	17.27	33	1.2758	2.0375	485	485.73	965.08	
1478475	50	479.6	519.2	413.7	519.2	308.2	1.44	4.59	0	1,111	43	0.31	5.5	20.4	0.0	0.0	16.59	33	1.2758	2.0375	485	485.73	969.30	
1479003	50	479.8	519.2	413.7	518.8	308.5	1.44	4.59	0	1,102	43	0.31	5.5	20.4	0.0	0.0	16.88	33	1.2758	2.0375	485	485.73	969.77	
1479538	50	479.9	519.5	413.5	518.8	307.8	1.44	4.59	0	1,089	42	0.31	5.5	20.4	0.0	0.0	17.06	33	1.2758	2.0375	485	485.85	970.08	
1480075	51	480.1	518.8	413.7	518.5	308.2	1.44	4.59	0	1,083	42	0.31	5.5	20.4	0.0	0.0	17.34	33	1.2758	2.0375	485	485.85	970.31	
1480656	51	480.3	518.5	413.0	518.2	308.2	1.56	4.59	0	1,056	41	0.31	5.5	20.4	0.0	0.0	17.11	33	1.2758	2.0375	485	485.94	970.08	
1481174	51	480.5	518.2	412.8	517.8	307.5	1.75	4.59	0	1,244	39	0.81	5.5	20.4	0.0	0.0	11.72	33	1.2758	2.0375	485	485.94	967.73	
1481768	51	480.7	517.8	412.8	517.5	308.2	1.06	4.59	0	1,240	38	0.56	5.5	20.4	0.0	0.0	17.20	33	1.2758	2.0375	485	486.04	970.16	
1482322	51	480.9	517.2	412.5	517.2	307.8	1.06	4.59	0	1,190	35	0.56	5.5	20.4	0.0	0.0	17.93	33	1.2758	2.0375	485	486.04	971.80	
1482838	51	481.1	516.8	412.3	516.5	307.5	1.44	4.59	0	1,110	31	0.56	5.5	20.4	0.0	0.0	17.86	33	1.2758	2.0375	485	486.13	971.25	
1483402	51	481.4	516.2	412.0	515.8	307.8	1.56	4.59	0	1,192	27	0.56	5.5	20.4	0.0	0.0	11.48	33	1.2758	2.0375	485	486.13	968.52	
1483991	51	481.6	515.5	411.5	515.2	307.5	1.94	4.59	0	1,045	24	0.31	5.5	20.4	0.0	0.0	13.92	33	1.2758	2.0375	485	486.25	964.69	
1484601	51	481.8	514.5	410.8	514.5	307.5	1.94	4.59	0	924	21	0.31	5.5	20.4	0.0	0.0	16.48	33	1.2758	2.0375	485	486.25	962.58	
1485188	51	482.0	514.2	410.8	514.2	307.5	1.94	4.59	0	964	18	0.31	5.5	20.4	0.0	0.0	16.95	33	1.2758	2.0375	485	486.25	961.33	
1485722	52	482.1	513.2	410.5	513.5	307.2	1.75	4.59	0	952	18	0.31	5.5	20.4	0.0	0.0	17.32	33	1.2758	2.0375	485	486.25	960.23	
1486273	52	482.2	512.8	410.0	512.8	307.2	1.75	4.59	0	979	18	0.31	5.5	20.4	0.0	0.0	16.48	33	1.2758	2.0375	485	486.34	960.16	
1486802	52	482.3	511.8	409.5	511.8	307.2	1.75	4.59	0	964	18	0.31	5.5	20.4	0.0	0.0	16.64	33	1.2758	2.0375	485	486.34	959.69	
1487349	52	482.3	511.5	409.3	511.5	306.5	1.75	4.59	0	956	17	0.31	5.5	20.4	0.0	0.0	16.85	33	1.2758	2.0375	485	486.34	959.45	
1487909	52	482.4	510.8	408.5	510.8	306.5	1.75	4.59	0	945	17	0.31	5.5	20.4	0.0	0.0	16.85	33	1.2758	2.0375	485	486.34	959.61	
1488471	52	482.4	510.2	408.5	510.5	306.5	1.75	4.59	0	944	17	0.31	5.5	20.4	0.0	0.0	16.92	33	1.2758	2.0375	485	486.34	959.14	
1489016	52	482.4	509.5	408.0	509.5	306.5	1.75	4.59	0	929	16	0.31	5.5	20.4	0.0	0.0	17.04	33	1.2758	2.0375	485	486.25	958.83	
1489542	52	482.4	509.2	407.6	509.2	306.5	1.75	4.59	0	944	16	0.31	5.5	20.4	0.0	0.0	17.60	33	1.2758	2.0375	485	486.25	958.83	
1490064	52	482.3	508.5	407.6	508.5	305.8	1.75	4.59	0	961	16	0.31	5.5	20.4	0.0	0.0	17.41	33	1.2758	2.0375	485	486.25	959.14	
1490589	52	482.3	507.8	407.2	507.8	305.8	1.75	4.59	0	960	16	0.31	5.5	20.4	0.0	0.0	17.30	33	1.2758	2.0375	485	486.25	958.91	
1491099	52	482.2	507.8	407.0	507.5	305.8	1.75	4.59	0	945	16	0.31	5.5	20.4	0.0	0.0	17.27	33	1.2758	2.0375	485	486.25	955.16	
1491624	52	482.2	507.2	406.1	506.8	305.8	2.62	4.59	0	1,136	16	1.62	5.5	20.4	0.0	0.0	38.79	33	1.2758	2.0375	485	486.25	959.30	
1492162	52	482.0	506.5	406.0	506.5	305.5	2.25	4.59	0	1,379	17	2.44	5.5	20.4	0.0	0.0	40.17	33	1.2758	2.0375	485	486.25	977.34	
1492728	52	481.8	505.8	406.0	505.8	305.2	1.94	4.59	0	1,276	17	1.94	5.5	20.4	0.0	0.0	15.66	33	1.2758	2.0375	485	486.25	973.28	
1493381	52	481.7	505.8	405.5	506.2	305.2	1.25	4.59	0	1,337	17	0.81	5.5	20.4	0.0	0.0	12.23	33	1.2758	2.0375	485	486.25	966.25	
1493892	51	481.5	505.8	405.6	505.8	304.8	1.44	4.59	0	1,341	17	0.81	5.5	20.4	0.0	0.0	12.54	33	1.2758	2.0375	485	486.25	963.67	
1494449	51	481.3	505.5	405.3	505.8	304.8	1.56	4.59	0	1,245	15	0.31	5.5	20.4	0.0	0.0	15.02	33	1.2758	2.0375	485	486.25	962.89	
1494983	52	481.2	505.8	405.3	505.8	304.8	1.94	4.59	0	1,092	13	0.31	5.5	20.4	0.0	0.0	13.22	33	1.2758	2.0375	485	486.25	963.52	
1495506	52	481.0	505.5	405.1	505.8	304.8	1.56	4.59	0	999	13	0.31	5.5	20.4	0.0	0.0	12.75	33	1.2758	2.0375	485	486.25	962.03	
1496039	52	480.9	505.5	404.8	505.8	304.8	1.94	4.59	0	991	12	0.31	5.5	20.4	0.0	0.0	12.84	33	1.2758	2.0375	485	486.13	961.41	
1496582	52	480.7	505.8	405.0	505.8	304.2	1.75	4.59	0	960	12	0.31	5.5	20.4	0.0	0.0	14.51	33	1.2758	2.0375	485	486.13	960.62	
1497110	52	480.6	505.2	404.7	505.8	304.2	1.75	4.59	0	950	12	0.31	5.5	20.4	0.0	0.0	15.26	33	1.2758	2.0375	485	486.13	960.08	
1497663	52	480.5	505.2	404.8	505.5	304.2	1.56	4.59	0	940	12	0.31	5.5	20.4	0.0	0.0	26.02	33	1.2758	2.0375	485	486.13	957.19	
1498186	52	480.3	505.2	404.5	504.8	304.2	2.12	4.59	0	1,138	12	0.81	5.5	20.4	0.0	0.0	30.75	33	1.2758	2.0375	485	486.13	959.14	
1498757	52	480.1	504.8	404.5	504.5	303.8	2.12	4.59	0	1,270	13	1.38	5.5	20.4	0.0	0.0	27.89	33	1.2758	2.0375	485	486.04	966.64	
1499272	52	479.9	504.2	404.1	504.5	303.8	1.25	4.59	0	1,249	14	1.12	5.5	20.4	0.0	0.0	16.78	33	1.2758	2.0375	485	486.04	964.22	
1499782	52	479.6	504.5	404.1	504.5	304.2	1.56	4.59	0	1,097	14	0.56	5.5	20.4	0.0	0.0	14.88	33	1.2758	2.0375	485	486.04	962.03	
1500332	52	479.4	504.5	404.0	504.8	303.8	1.75	4.59	0	1,076	14	0.31	5.5	20.4	0.0	0.0	12.35	33	1.2758	2.0375	485	485.94	960.47	
1500892	52	479.2	504.5	404.1	504.8	303.8	1.25	4.59	0	1,047	13	0.31	5.5	20.4	0.0	0.0	12.77	33	1.2758	2.0375	485	485.94	959.22	
1501562	52	479.0	504.8	403.7	504.8	303.5	1.75	4.59	0	990	13	0.31	5.5	20.4	0.0	0.0	13.62	33	1.2758	2.0375	485	485.94	959.77	
1502095	52	478.8	504.5	404.3	504.5	303.5	1.75	4.59	0	954	12	0.00	5.5	20.4	0.0	0.0	14.62	33	1.2758	2.0375	485	485.85	959.53	
1502675	52	478.6	504.2	404.1	504.2	303.5	1.75	4.59	0	945	12	0.31	5.5	20.4	0.0	0.0	14.48	33	1.2758	2.0375	485	485.85	959.45	
1503204	52	478.4	504.5	404.0	504.5	303.2	1.75	4.59	0	923	12	0.31	5.5	20.4	0.0	0.0	15.21	33	1.2758	2.0375	485	485.73	958.91	
1503740	52	478.2	504.5	403.8	504.5	303.5	1.94	4.59	0	908	11	0.31	5.5	20.4	0.0	0.0	16.43	33	1.2758	2.0375	485	485.73	958.83	
1504269	52	478.0	504.2	403.5	503.8	303.2	1.75	4.59	0	917	11	0.31	5.5	20.4	0.0	0.0	17.58	33	1.2758	2.0375	485	485.73	958.52	
1504789	52	477.9	504.2	403.3	504.2	303.2	1.75	4.59	0	915	11	0.31	5.5	20.4	0.0	0.0	18.59	33	1.2758	2.0375	485	485.64	958.59	
1505303	52	477.7	503.5	403.2	503.5	302.8	1.75	4.59	0	903	10	0.31	5.5	20.4	0.0	0.0	19.31	33	1.2758	2.0375	485	485.64	958.75	
1505822	52	477.5	503.5	403.1	503.5	302.8	1.75	4.59	0	858	9	0.31	5.5	20.4	0.0	0.0	19.41	33	1.2758	2.0375	485	485.55	957.66	
1506343	52	477.3	503.2	403.0	503.2	303.2	2.12	4.59	0	770	8	0.56	5.5	20.4	0.0	0.0	31.29	33	1.2758	2.0375	485	485.55	959.53	
1506849	52	477.1	502.8	403.0	502.8	302.8	1.94	4.59	0	913	8	0.56	5.5	20.4	0.0	0.0	22.83	33	1.2758	2.0375	485	485.55	960.23	
1507369	52	476.9	502.5	402.8	502.5	302.5	1.75	4.59	0	883	8	0.56	5.5	20.4	0.0	0.0	27.07	33	1.2758	2.0375	485	485.43	960.62	
1507909	52	476.6	502.5	402.3	502.2	302.5	1.75	4.59	0	996	8	0.56	5.5	20.4	0.0	0.0	20.23	33	1.2758	2.0375	485	485.43	961.33	
1508452	52	476.4	502.2	402.5	502.2	302.5	1.75	4.59	0	948	8	0.56	5.5	20.4	0.0	0.0	22.12	33	1.2758	2.0375	485	485.43	960.94	
1508986	52	476.1	501.8	402.5	501.8	302.8	1.94	4.59	0	936	8	0.31	5.5	20.4	0.0	0.0	22.41	33	1.2758	2.0375	485	485.33	960.62	
1509581	52	475.9	502.2	402.5	501.8	302.5	1.94	4.59	0	947	7	0.56	5.5	20.4	0.0	0.0	22.45	33	1.2758	2.0375	485	485.33	960.86	
1510200	52	475.6	501.8	402.3	501.8	302.5	1.75	4.59	0	891	6	0.31	5.5	20.4	0.0	0.0	20.37	33	1.2758	2.0375	485	485.24	960.62	
1510714	52	475.4	502.2	402.1	502.2	302.2	1.75	4.59	0	779	5	0.31	5.5	20.4	0.0	0.0	33.00	33	1.2758	2.0375	485	485.24	958.75	
1511298	52	475.1	501.8	402.2	501.8	301.8	2.12	4.59	0	970	6	0.81	5.5	20.4	0.0	0.0	27.54	33	1.2758	2.0375	485	485.24	962.42	
1511855	52	474.8	501.8	402.0	501.8	302.2	1.94	4.59	0	952	6	0.56	5.5	20.4	0.0	0.0	22.88	33	1.2758	2.0375	485	485.15	962.50	
1512421	52	474.5	501.8	402.0	501.5	302.5	1.94	4.59	0	985	6	0.81	5.5	20.4	0.0	0.0	21.91	33	1.2758	2.0375	485	485.15	962.11	
1513014	52	474.2	502.2	402.2	501.8	302.2	1.75	4.59	0	975	7	0.56	5.5	20.4	0.0	0.0	21.94	33	1.2758	2.0375	485	485.15	961.72	
1513599	52	473.9	501.8	401.8	502.2	301.8	1.94	4.59	0	970	7	0.56	5.5	20.4	0.0	0.0	21.91	33	1.2758	2.0375	485	485.03	961.17	
1514148	52	473.6	502.5	402.1	502.5	301.8	1.94	4.59	0	964	7	0.31	5.5	20.4	0.0	0.0	21.59	33	1.2758	2.0375	485	485.03	961.17	
1514682	52	473.4	502.5	402.1	502.8	301.8	1.94	4.59	0	969	7	0.56	5.5	20.4	0.0	0.0	21.49	33	1.2758	2.0375	485	485.03	961.09	
1515209	52	473.1	502.5	401.8	502.5	302.2	1.75	4.59	0	970	7	0.56	5.5	20.4	0.0	0.0	21.52	33	1.2758	2.0375	485	484.94	961.17	
1515741	52	472.8	502.5	402.1	502.8	302.5	1.94	4.59	0	966	8	0.56	5.5	20.4	0.0	0.0	21.30	33	1.2758	2.0375	485	484.94	961.09	
1516259	52	472.5	503.2	402.3	502.8	301.8	1.94	4.59	0	961	8	0.56	5.5	20.4	0.0	0.0	22.83	33	1.2758	2.0375	485	484.94	959.84	
1516842	52	472.2	502.8	402.5	503.2	301.8	1.94	4.59	0	1,035	8	0.56	5.5	20.4	0.0	0.0	26.09	33	1.2758	2.0375	480	484.84	960.62	
1517376	52	471.9	502.8	402.6	503.2	302.2	1.75	4.59	0	1,169	9	0.81	5.5	20.4	0.0	0.0	28.17	33	1.2758	2.0375	480	484.84	962.03	
1517946	53	471.6	503.5	402.8	503.2	302.5	2.12	4.59	0	1,237	10	1.12	5.5	20.4	0.0	0.0	30.42	33	1.2758	2.0375	480	484.75	964.14	
1518463	53	471.2	503.8	402.7	503.8	302.2	1.94	4.59	0	1,287	11	1.38	5.5	20.4	0.0	0.0	32.32	33	1.2758	2.0375	480	484.75	966.33	
1519080	53	470.8	503.5	402.8	503.5	302.2	2.25	4.59	0	1,363	12	1.94	5.5	20.4	0.0	0.0	38.60	33	1.2758	2.0375	480	484.63	975.62	
1519650	53	470.4	504.5	403.3	504.8	302.2	2.12	4.59	0	1,408	14	2.19	5.5	20.4	0.0	0.0	27.21	33	1.2758	2.0375	480	484.63	979.14	
1520184	52	469.9	505.2	403.3	505.2	302.2	1.56	4.59	0	1,160	14	0.56	5.5	20.4	0.0	0.0	14.91	33	1.2758	2.0375	480	484.54	968.52	
1520775	52	469.5	506.2	403.8	506.2	302.5	1.75	4.59	0	1,069	14	0.31	5.5	20.4	0.0	0.0	12.54	33	1.2758	2.0375	480	484.44	963.44	
1521283	52	469.2	506.2	404.5	506.5	302.2	1.56	4.59	0	1,055	13	0.00	5.5	20.4	0.0	0.0	12.84	33	1.2758	2.0375	480	484.44	961.17	
1521829	52	468.9	507.2	404.7	506.8	302.5	1.44	4.59	0	1,024	13	0.00	5.5	20.4	0.0	0.0	27.87	33	1.2758	2.0375	480	484.35	959.38	
1522399	52	468.5	507.8	404.7	507.8	302.5	2.25	4.59	0	1,060	13	1.12	5.5	20.4	0.0	0.0	38.51	33	1.2758	2.0375	480	484.23	961.72	
1522916	52	468.2	507.8	405.3	507.8	303.2	2.25	4.59	0	1,283	15	1.62	5.5	20.4	0.0	0.0	39.07	33	1.2758	2.0375	480	484.23	971.02	
1523470	52	467.7	508.5	405.3	508.5	302.8	2.25	4.59	0	1,353	16	2.44	5.5	20.4	0.0	0.0	40.73	33	1.2758	2.0375	480	484.14	981.56	
1524041	52	467.2	508.8	405.6	508.8	302.8	2.44	4.59	0	1,361	18	2.44	5.5	20.4	0.0	0.0	40.78	33	1.2758	2.0375	480	484.05	990.08	
1524584	52	466.8	509.5	406.3	509.5	302.8	2.44	4.59	0	1,512	20	2.75	5.5	20.4	0.0	0.0	39.12	33	1.2758	2.0375	480	483.83	996.25	
1525161	52	466.3	509.8	406.5	510.2	303.2	2.62	4.59	0	1,638	21	2.44	5.5	20.4	0.0	0.0	36.00	33	1.2758	2.0375	480	483.74	1,004.69	
1525665	52	465.8	511.2	407.0	511.2	303.2	2.44	4.59	0	1,713	22	1.94	5.5	20.4	0.0	0.0	32.51	33	1.2758	2.0375	480	483.65	996.80	
1526195	52	465.3	511.8	407.6	512.2	303.2	2.62	4.59	0	1,798	23	2.75	5.5	20.4	0.0	0.0	37.73	33	1.2758	2.0375	480	483.44	1,006.80	
1526707	52	464.9	512.8	408.2	513.2	303.5	2.62	4.59	0	1,908	24	2.44	5.5	20.4	0.0	0.0	27.52	33	1.2758	2.0375	480	483.34	1,008.91	
1527346	52	464.5	514.5	409.0	514.5	304.2	-1.12	4.59	0	1,524	25	0.31	5.5	20.4	0.0	0.0	14.48	33	1.2758	2.0375	480	483.13	980.78	
1527898	51	464.2	515.8	409.6	516.2	304.2	1.56	4.59	0	1,163	24	0.56	5.5	20.4	0.0	0.0	12.14	33	1.2758	2.0375	480	483.04	967.50	
1528426	51	463.9	517.2	410.7	517.2	303.8	1.44	4.59	0	1,201	24	0.56	5.5	20.4	0.0	0.0	12.09	33	1.2758	2.0375	480	482.94	963.44	
1528954	51	463.7	518.5	411.2	518.8	304.2	1.44	4.59	0	1,170	24	0.56	5.5	20.4	0.0	0.0	12.28	33	1.2758	2.0375	480	482.73	961.17	
1529482	51	463.4	519.2	411.7	519.2	304.5	1.56	4.59	0	1,138	23	0.56	5.5	20.4	0.0	0.0	12.05	33	1.2758	2.0375	480	482.64	961.88	
1530004	51	463.3	520.2	412.3	519.8	304.5	0.88	4.59	0	1,134	23	0.31	5.5	20.4	0.0	0.0	32.91	33	1.2758	2.0375	480	482.55	952.66	
1530576	52	463.0	520.5	412.5	520.5	304.5	2.62	4.59	0	1,313	24	3.50	5.5	20.4	0.0	0.0	57.16	33	1.2758	2.0375	480	482.33	979.22	
1531095	52	462.8	521.2	413.2	520.8	304.8	2.44	4.59	0	1,318	25	5.94	5.5	20.4	0.0	0.0	61.34	33	1.2758	2.0375	480	482.15	980.62	
1531606	52	462.6	521.5	413.0	521.5	305.2	2.62	4.59	0	1,349	27	7.56	5.5	20.4	0.0	0.0	59.98	33	1.2758	2.0375	480	481.94	982.89	
1532150	52	462.7	521.8	413.5	522.2	305.2	2.81	4.59	0	1,477	28	6.25	5.5	20.4	0.0	0.0	55.62	33	1.2758	2.0375	480	481.75	1,022.89	
1532722	52	462.8	522.5	414.0	522.5	305.5	1.75	4.59	0	1,430	30	2.75	5.5	20.4	0.0	0.0	22.03	33	1.2758	2.0375	480	481.54	1,003.12	
1533274	51	462.9	523.5	414.5	523.5	305.5	1.56	4.59	0	1,075	30	0.56	5.5	20.4	0.0	0.0	14.48	33	1.2758	2.0375	480	481.35	978.05	
1533854	51	463.0	524.2	414.6	524.2	305.5	1.56	4.59	0	1,002	30	0.31	5.5	20.4	0.0	0.0	31.17	33	1.2758	2.0375	480	481.14	963.44	
1534402	51	463.1	525.2	415.5	525.2	305.8	2.62	4.59	0	1,158	30	2.44	5.5	20.4	0.0	0.0	57.47	33	1.2758	2.0375	480	480.93	981.17	
1534943	52	463.2	525.5	415.6	525.5	305.8	2.62	4.59	0	1,073	31	3.81	5.5	20.4	0.0	0.0	70.95	33	1.2758	2.0375	480	480.74	1,009.06	
1535446	52	463.5	526.5	416.0	526.5	306.2	2.44	4.59	0	1,123	32	3.81	5.5	20.4	0.0	0.0	42.33	33	1.2758	2.0375	480	480.53	1,010.78	
1536050	52	463.8	526.8	416.6	526.8	306.2	1.44	4.59	0	1,106	32	1.12	5.5	20.4	0.0	0.0	20.70	33	1.2758	2.0375	480	480.34	980.78	
1536607	51	464.1	527.2	417.0	527.2	306.2	1.56	4.59	0	1,108	32	0.56	5.5	20.4	0.0	0.0	15.26	33	1.2758	2.0375	480	480.13	969.30	
1537133	51	464.4	528.5	417.3	528.2	306.5	2.12	4.59	0	1,106	32	0.56	5.5	20.4	0.0	0.0	40.69	33	1.2758	2.0375	480	480.04	962.19	
1537669	51	464.6	528.8	417.6	528.5	306.8	2.62	4.59	0	1,238	33	3.25	5.5	20.4	0.0	0.0	57.47	33	1.2758	2.0375	475	479.85	987.73	
1538183	52	464.9	529.2	418.0	529.2	306.8	2.25	4.59	0	1,167	34	4.31	5.5	20.4	0.0	0.0	59.34	33	1.2758	2.0375	475	479.73	995.00	
1538708	52	465.4	529.5	418.1	529.8	307.2	2.25	4.59	0	1,160	35	3.50	5.5	20.4	0.0	0.0	30.35	33	1.2758	2.0375	475	479.55	996.25	
1539265	52	465.8	529.8	418.7	530.2	307.2	1.56	4.59	0	1,193	35	0.81	5.5	20.4	0.0	0.0	17.27	33	1.2758	2.0375	475	479.43	970.86	
1539838	51	466.2	530.8	419.0	530.8	307.2	2.25	4.59	0	1,263	35	1.94	5.5	20.4	0.0	0.0	47.60	33	1.2758	2.0375	475	479.33	975.08	
1540402	52	466.6	531.2	419.3	531.5	307.5	2.62	4.59	0	1,323	36	4.62	5.5	20.4	0.0	0.0	60.19	33	1.2758	2.0375	475	479.24	1,016.80	
1540912	52	467.0	531.8	419.5	531.8	307.5	2.62	4.59	0	1,278	37	4.88	5.5	20.4	0.0	0.0	61.83	33	1.2758	2.0375	475	479.03	1,056.02	
1541452	52	467.6	532.2	419.8	532.2	307.5	1.56	4.59	0	1,275	38	2.19	5.5	20.4	0.0	0.0	23.62	33	1.2758	2.0375	475	479.03	1,002.58	
1542001	51	468.1	533.2	420.3	533.2	307.5	1.44	4.59	0	1,293	38	0.81	5.5	20.4	0.0	0.0	14.32	33	1.2758	2.0375	475	478.94	976.25	
1542518	51	468.5	533.5	420.8	533.2	308.5	1.75	4.59	0	1,255	38	0.56	5.5	20.4	0.0	0.0	11.48	33	1.2758	2.0375	475	478.84	968.05	
1543040	51	468.8	534.2	420.8	534.2	308.5	0.69	4.59	0	1,259	37	0.56	5.5	20.4	0.0	0.0	13.66	33	1.2758	2.0375	475	478.84	966.48	
1543584	51	469.2	534.5	421.3	534.8	308.5	2.12	4.59	0	1,283	37	1.12	5.5	20.4	0.0	0.0	37.57	33	1.2758	2.0375	475	478.75	962.42	
1544182	52	469.7	535.2	421.8	535.2	308.5	2.62	4.59	0	1,376	38	4.06	5.5	20.4	0.0	0.0	55.78	33	1.2758	2.0375	475	478.75	996.56	
1544852	52	470.2	535.5	422.0	535.2	308.8	2.25	4.59	0	1,324	39	3.81	5.5	20.4	0.0	0.0	25.92	33	1.2758	2.0375	475	478.63	998.75	
1545373	52	470.5	535.8	422.0	535.5	309.2	1.56	4.59	0	1,326	39	1.12	5.5	20.4	0.0	0.0	14.41	33	1.2758	2.0375	475	478.63	976.95	
1545876	51	470.8	535.5	422.5	535.8	309.2	1.56	4.59	0	1,260	39	0.56	5.5	20.4	0.0	0.0	11.67	33	1.2758	2.0375	475	478.54	968.98	
1546380	51	471.1	536.2	422.7	536.5	309.5	0.69	4.59	0	1,346	38	0.81	5.5	20.4	0.0	0.0	19.27	33	1.2758	2.0375	475	478.54	959.77	
1546906	51	471.3	536.5	423.0	536.8	309.5	2.25	4.59	0	1,359	38	2.19	5.5	20.4	0.0	0.0	44.60	33	1.2758	2.0375	475	478.54	968.75	
1547436	52	471.6	536.5	422.8	536.5	309.5	2.62	4.59	0	1,369	39	4.88	5.5	20.4	0.0	0.0	64.01	33	1.2758	2.0375	475	478.54	1,000.16	
1547981	52	472.1	536.8	423.0	536.8	309.8	2.62	4.59	0	1,358	40	5.69	5.5	20.4	0.0	0.0	35.79	33	1.2758	2.0375	475	478.54	1,017.66	
1548553	52	472.5	536.8	423.1	536.8	309.2	1.25	4.59	0	1,380	41	1.38	5.5	20.4	0.0	0.0	15.33	33	1.2758	2.0375	475	478.54	982.89	
1549064	51	472.8	536.8	423.3	537.2	309.8	2.12	4.59	0	1,352	40	0.81	5.5	20.4	0.0	0.0	12.05	33	1.2758	2.0375	475	478.54	970.70	
1549630	51	473.1	537.2	423.5	537.2	310.2	0.88	4.59	0	1,360	40	0.81	5.5	20.4	0.0	0.0	17.60	33	1.2758	2.0375	475	478.54	968.52	
1550205	51	473.5	537.5	423.6	537.8	310.2	1.25	4.59	0	1,106	39	0.56	5.5	20.4	0.0	0.0	17.77	33	1.2758	2.0375	475	478.54	970.86	
1550748	51	473.9	537.2	423.8	537.5	310.2	1.56	4.59	0	1,001	39	0.56	5.5	20.4	0.0	0.0	16.99	33	1.2758	2.0375	475	478.63	970.31	
1551270	52	474.2	537.2	423.8	537.2	310.2	1.75	4.59	0	996	38	0.56	5.5	20.4	0.0	0.0	17.02	33	1.2758	2.0375	475	478.63	969.22	
1551824	52	474.5	537.2	423.8	537.2	310.2	1.75	4.59	0	970	38	0.31	5.5	20.4	0.0	0.0	17.09	33	1.2758	2.0375	475	478.63	968.20	
1552341	52	474.9	536.5	423.5	536.8	310.5	1.75	4.59	0	963	37	0.31	5.5	20.4	0.0	0.0	16.85	33	1.2758	2.0375	475	478.75	967.66	
1552895	52	475.3	536.2	423.1	535.8	310.2	1.75	4.59	0	954	37	0.31	5.5	20.4	0.0	0.0	17.11	33	1.2758	2.0375	475	478.75	967.34	
1553561	52	475.7	535.2	423.0	535.2	310.5	1.94	4.59	0	1,020	36	0.56	5.5	20.4	0.0	0.0	13.17	33	1.2758	2.0375	475	478.84	966.09	
1554120	52	476.0	534.5	422.3	534.5	310.5	1.44	4.59	0	1,171	36	0.31	5.5	20.4	0.0	0.0	16.90	33	1.2758	2.0375	475	478.94	967.34	
1554635	52	476.4	533.5	422.0	533.5	310.5	1.25	4.59	0	1,196	35	0.56	5.5	20.4	0.0	0.0	17.65	33	1.2758	2.0375	475	478.94	969.92	
1555169	52	476.7	532.8	421.6	532.5	310.5	1.25	4.59	0	1,176	35	0.56	5.5	20.4	0.0	0.0	17.98	33	1.2758	2.0375	475	479.03	971.09	
1555719	52	477.1	531.8	421.2	531.8	310.2	1.25	4.59	0	1,159	34	0.56	5.5	20.4	0.0	0.0	17.91	33	1.2758	2.0375	475	479.03	971.64	
1556227	52	477.5	531.5	420.8	531.2	310.5	1.25	4.59	0	1,141	34	0.31	5.5	20.4	0.0	0.0	17.65	33	1.2758	2.0375	475	479.15	971.64	
1556745	52	477.8	530.2	420.5	530.2	309.8	1.44	4.59	0	1,127	33	0.56	5.5	20.4	0.0	0.0	18.02	33	1.2758	2.0375	475	479.15	971.88	
1557308	52	478.2	529.5	419.7	529.5	310.2	1.44	4.59	0	1,111	33	0.56	5.5	20.4	0.0	0.0	17.62	33	1.2758	2.0375	475	479.24	971.72	
1557811	52	478.6	528.5	419.3	528.5	310.2	1.44	4.59	0	1,090	32	0.31	5.5	20.4	0.0	0.0	17.84	33	1.2758	2.0375	475	479.33	971.56	
1558371	53	479.0	527.5	418.8	527.5	310.2	1.44	4.59	0	1,073	32	0.31	5.5	20.4	0.0	0.0	17.95	33	1.2758	2.0375	475	479.33	970.55	
1558962	53	479.4	526.5	418.3	526.5	310.2	1.56	4.59	0	1,054	31	0.31	5.5	20.4	0.0	0.0	17.67	33	1.2758	2.0375	475	479.43	970.31	
1559501	53	479.7	525.8	417.8	525.5	309.8	1.56	4.59	0	1,030	30	0.56	5.5	20.4	0.0	0.0	17.79	33	1.2758	2.0375	475	479.43	969.61	
1560017	53	480.0	524.5	417.1	524.5	309.8	1.56	4.59	0	1,024	30	0.56	5.5	20.4	0.0	0.0	17.74	33	1.2758	2.0375	475	479.55	969.22	
1560581	53	480.4	523.8	416.8	523.5	310.2	1.75	4.59	0	998	29	0.56	5.5	20.4	0.0	0.0	17.51	33	1.2758	2.0375	475	479.55	968.75	
1561107	53	480.7	522.8	416.1	522.8	309.8	1.75	4.59	0	980	29	0.00	5.5	20.4	0.0	0.0	18.07	33	1.2758	2.0375	475	479.64	968.36	
1561735	53	481.0	521.8	415.8	521.5	309.5	1.75	4.59	0	965	28	0.00	5.5	20.4	0.0	0.0	17.51	33	1.2758	2.0375	475	479.64	967.81	
1562236	53	481.3	521.2	415.3	520.8	309.5	1.94	4.59	0	947	28	0.00	5.5	20.4	0.0	0.0	18.02	33	1.2758	2.0375	475	479.73	967.27	
1562737	53	481.6	519.8	414.6	519.8	309.5	1.44	4.59	0	971	27	0.31	5.5	20.4	0.0	0.0	12.33	33	1.2758	2.0375	475	479.73	965.86	
1563246	53	481.8	518.8	414.0	518.8	309.5	1.75	4.59	0	875	27	0.31	5.5	20.4	0.0	0.0	12.77	33	1.2758	2.0375	475	479.73	963.20	
1563759	53	482.0	518.2	413.8	517.8	309.2	1.56	4.59	0	906	27	0.31	5.5	20.4	0.0	0.0	12.89	33	1.2758	2.0375	475	479.85	961.41	
1564317	53	482.2	516.8	413.0	517.2	309.2	1.75	4.59	0	1,043	26	0.31	5.5	20.4	0.0	0.0	11.39	33	1.2758	2.0375	475	479.85	960.55	
1564858	53	482.3	516.5	412.5	516.2	308.5	1.56	4.59	0	1,184	25	0.56	5.5	20.4	0.0	0.0	11.88	33	1.2758	2.0375	475	479.85	960.62	
1565434	53	482.5	515.2	412.0	515.2	308.5	1.06	4.59	0	1,230	25	0.56	5.5	20.4	0.0	0.0	17.98	33	1.2758	2.0375	480	479.94	965.00	
1566002	53	482.7	514.5	411.6	514.2	308.2	1.25	4.59	0	1,232	24	0.56	5.5	20.4	0.0	0.0	20.16	33	1.2758	2.0375	480	479.94	962.03	
1566525	53	482.9	513.5	410.8	513.5	308.5	2.44	4.59	0	1,331	24	1.94	5.5	20.4	0.0	0.0	44.81	33	1.2758	2.0375	480	480.04	965.55	
1567068	54	483.1	512.8	410.3	512.8	308.5	2.44	4.59	0	1,346	26	3.81	5.5	20.4	0.0	0.0	52.85	33	1.2758	2.0375	480	480.04	995.31	
1567579	54	483.2	512.2	410.0	512.2	308.2	2.62	4.59	0	1,373	27	4.31	5.5	20.4	0.0	0.0	54.07	33	1.2758	2.0375	480	480.13	1,021.80	
1568125	53	483.1	511.5	409.6	511.5	308.5	2.62	4.59	0	1,469	29	4.88	5.5	20.4	0.0	0.0	51.30	33	1.2758	2.0375	480	480.25	1,039.61	
1568700	53	483.0	511.5	409.5	511.2	308.2	3.00	4.59	0	1,541	31	4.88	5.5	20.4	0.0	0.0	50.18	33	1.2758	2.0375	480	480.44	1,049.69	
1569235	53	482.8	511.2	409.5	511.2	307.8	3.00	4.59	0	1,579	32	4.62	5.5	20.4	0.0	0.0	46.38	33	1.2758	2.0375	480	480.53	1,054.45	
1569767	53	482.5	511.5	409.6	511.5	308.2	2.12	4.59	0	1,444	33	4.62	5.5	20.4	0.0	0.0	48.23	33	1.2758	2.0375	480	480.65	1,063.44	
1570363	52	482.3	511.8	410.0	511.8	307.8	1.56	4.59	0	1,126	33	1.62	5.5	20.4	0.0	0.0	23.62	33	1.2758	2.0375	480	480.83	1,000.94	
1570947	52	482.1	512.8	410.1	512.5	307.8	1.56	4.59	0	1,141	33	0.31	5.5	20.4	0.0	0.0	31.31	33	1.2758	2.0375	480	480.93	972.73	
1571525	52	481.8	513.2	410.5	513.2	307.8	2.44	4.59	0	1,293	34	3.25	5.5	20.4	0.0	0.0	59.46	33	1.2758	2.0375	480	481.05	989.61	
1572047	52	481.6	513.8	410.8	513.8	307.5	3.00	4.59	0	1,237	35	5.12	5.5	20.4	0.0	0.0	72.05	33	1.2758	2.0375	480	481.14	1,047.58	
1572589	52	481.7	514.5	411.0	514.5	307.8	3.00	4.59	0	1,244	37	7.06	5.5	20.4	0.0	0.0	61.45	33	1.2758	2.0375	480	481.35	1,056.80	
1573140	52	481.9	515.2	411.3	515.2	307.5	1.56	4.59	0	1,254	37	1.94	5.5	20.4	0.0	0.0	21.68	33	1.2758	2.0375	480	481.44	1,001.95	
1573727	51	482.2	516.2	411.8	516.2	307.5	1.44	4.59	0	1,254	37	0.81	5.5	20.4	0.0	0.0	15.07	33	1.2758	2.0375	480	481.54	975.23	
1574244	51	482.4	516.5	412.1	516.5	307.8	1.44	4.59	0	1,250	37	0.56	5.5	20.4	0.0	0.0	11.79	33	1.2758	2.0375	480	481.63	968.20	
1574819	51	482.6	517.5	412.3	517.5	307.8	0.88	4.59	0	1,228	36	0.56	5.5	20.4	0.0	0.0	17.60	33	1.2758	2.0375	480	481.75	967.73	
1575364	51	482.8	518.2	412.5	518.2	307.8	1.06	4.59	0	1,201	36	0.56	5.5	20.4	0.0	0.0	17.58	33	1.2758	2.0375	480	481.94	972.58	
1575910	51	483.0	517.8	412.8	517.8	307.8	1.25	4.59	0	1,179	35	0.56	5.5	20.4	0.0	0.0	17.70	33	1.2758	2.0375	480	482.03	972.73	
1576454	52	483.3	518.2	412.8	517.8	307.5	1.25	4.59	0	1,169	34	0.56	5.5	20.4	0.0	0.0	19.43	33	1.2758	2.0375	480	482.15	972.19	
1576994	52	483.6	518.2	412.8	517.8	307.2	2.25	4.59	0	1,163	34	1.12	5.5	20.4	0.0	0.0	35.27	33	1.2758	2.0375	480	482.24	964.22	
1577525	52	483.8	517.8	412.8	518.2	307.2	2.25	4.59	0	1,275	35	2.44	5.5	20.4	0.0	0.0	50.58	33	1.2758	2.0375	480	482.43	978.59	
1578098	52	484.0	517.8	412.5	517.8	307.5	2.62	4.59	0	1,287	36	4.06	5.5	20.4	0.0	0.0	58.66	33	1.2758	2.0375	480	482.55	1,013.83	
1578649	52	484.2	517.5	412.5	517.5	307.8	2.12	4.59	0	1,259	37	3.25	5.5	20.4	0.0	0.0	30.45	33	1.2758	2.0375	480	482.73	1,002.81	
1579259	52	484.3	517.8	412.8	517.8	307.8	1.25	4.59	0	1,287	37	1.12	5.5	20.4	0.0	0.0	16.05	33	1.2758	2.0375	480	482.85	976.80	
1579777	52	484.4	517.8	412.8	517.8	307.8	1.44	4.59	0	1,253	37	0.81	5.5	20.4	0.0	0.0	13.08	33	1.2758	2.0375	480	482.94	968.36	
1580332	52	484.5	517.8	412.8	517.8	307.8	0.88	4.59	0	1,214	36	0.31	5.5	20.4	0.0	0.0	17.04	33	1.2758	2.0375	480	483.13	966.48	
1580854	52	484.6	518.2	412.8	517.8	307.5	1.06	4.59	0	1,222	36	0.56	5.5	20.4	0.0	0.0	17.70	33	1.2758	2.0375	480	483.25	970.31	
1581368	52	484.7	517.8	413.0	517.8	307.5	1.25	4.59	0	1,193	35	0.56	5.5	20.4	0.0	0.0	17.37	33	1.2758	2.0375	480	483.34	972.42	
1581879	52	484.9	517.8	412.6	517.8	307.5	1.25	4.59	0	1,178	35	0.56	5.5	20.4	0.0	0.0	17.65	33	1.2758	2.0375	480	483.44	972.50	
1582417	52	485.1	517.8	412.6	517.5	307.8	1.25	4.59	0	1,164	34	0.56	5.5	20.4	0.0	0.0	17.55	33	1.2758	2.0375	480	483.65	973.05	
1582943	52	485.3	517.5	412.5	517.5	307.5	1.25	4.59	0	1,139	34	0.56	5.5	20.4	0.0	0.0	17.62	33	1.2758	2.0375	480	483.74	972.81	
1583466	52	485.6	516.8	412.1	516.8	307.8	1.44	4.59	0	1,127	33	0.31	5.5	20.4	0.0	0.0	17.60	33	1.2758	2.0375	480	483.83	972.58	
1583981	52	485.8	516.5	412.0	516.2	307.5	1.44	4.59	0	1,106	33	0.31	5.5	20.4	0.0	0.0	17.79	33	1.2758	2.0375	480	484.05	972.42	
1584531	52	486.1	516.2	411.8	515.8	307.8	1.44	4.59	0	1,083	32	0.31	5.5	20.4	0.0	0.0	17.60	33	1.2758	2.0375	480	484.14	971.88	
1585048	52	486.3	515.2	411.3	515.5	307.8	1.56	4.59	0	1,068	31	0.56	5.5	20.4	0.0	0.0	17.84	33	1.2758	2.0375	480	484.23	971.64	
1585600	53	486.6	514.8	411.3	514.5	307.5	1.56	4.59	0	1,052	31	0.56	5.5	20.4	0.0	0.0	17.32	33	1.2758	2.0375	480	484.35	970.94	
1586192	53	486.9	514.2	410.6	514.2	307.5	1.56	4.59	0	1,029	30	0.31	5.5	20.4	0.0	0.0	17.79	33	1.2758	2.0375	480	484.44	970.23	
1586728	53	487.2	513.2	410.2	513.5	307.5	1.56	4.59	0	1,010	30	0.31	5.5	20.4	0.0	0.0	17.55	33	1.2758	2.0375	480	484.54	969.45	
1587382	53	487.5	512.5	409.8	512.5	307.5	1.56	4.59	0	988	29	0.31	5.5	20.4	0.0	0.0	18.00	33	1.2758	2.0375	480	484.63	968.75	
1587903	53	487.7	511.8	409.5	511.5	307.2	1.75	4.59	0	977	29	0.31	5.5	20.4	0.0	0.0	17.60	33	1.2758	2.0375	480	484.75	968.52	
1588485	53	488.0	511.5	409.2	511.2	306.8	1.75	4.59	0	951	28	0.31	5.5	20.4	0.0	0.0	17.74	33	1.2758	2.0375	480	484.84	968.20	
1589000	53	488.2	510.8	408.6	510.5	307.2	2.12	4.59	0	943	28	0.56	5.5	20.4	0.0	0.0	38.70	33	1.2758	2.0375	485	484.94	961.25	
1589575	53	488.4	509.8	408.5	509.8	307.2	2.12	4.59	0	990	28	1.62	5.5	20.4	0.0	0.0	27.52	33	1.2758	2.0375	485	485.03	969.53	
1590102	53	488.5	509.2	407.8	508.8	306.5	1.56	4.59	0	971	28	0.31	5.5	20.4	0.0	0.0	13.76	33	1.2758	2.0375	485	485.15	964.30	
1590688	53	488.6	508.5	407.5	508.2	306.5	1.75	4.59	0	946	28	0.31	5.5	20.4	0.0	0.0	12.42	33	1.2758	2.0375	485	485.15	961.56	
1591265	53	488.7	507.5	407.1	507.5	306.5	1.56	4.59	0	965	28	0.31	5.5	20.4	0.0	0.0	12.47	33	1.2758	2.0375	485	485.24	960.39	
1591845	53	488.7	506.8	406.8	506.8	306.5	1.56	4.59	0	938	27	0.31	5.5	20.4	0.0	0.0	12.47	33	1.2758	2.0375	485	485.33	960.55	
1592428	53	488.8	506.5	406.5	506.5	306.2	1.75	4.59	0	919	27	0.31	5.5	20.4	0.0	0.0	12.19	33	1.2758	2.0375	485	485.33	960.23	
1592983	53	488.8	505.8	406.1	505.5	306.5	1.25	4.59	0	1,072	26	0.31	5.5	20.4	0.0	0.0	11.95	33	1.2758	2.0375	485	485.43	959.77	
1593502	53	488.8	505.2	405.3	505.5	306.2	1.06	4.59	0	1,275	26	0.31	5.5	20.4	0.0	0.0	16.12	33	1.2758	2.0375	485	485.43	958.20	
1594018	53	488.8	504.8	405.3	504.5	306.2	1.94	4.59	0	1,340	26	1.38	5.5	20.4	0.0	0.0	33.98	33	1.2758	2.0375	485	485.43	957.27	
1594562	53	488.7	503.8	405.0	503.8	305.8	2.44	4.59	0	1,397	27	2.75	5.5	20.4	0.0	0.0	46.83	33	1.2758	2.0375	485	485.55	973.91	
1595091	54	488.5	503.5	404.5	503.5	305.5	2.62	4.59	0	1,430	28	3.81	5.5	20.4	0.0	0.0	49.15	33	1.2758	2.0375	485	485.64	1,009.77	
1595657	53	488.2	502.8	404.3	503.2	305.8	1.25	4.59	0	1,411	29	1.62	5.5	20.4	0.0	0.0	18.68	33	1.2758	2.0375	485	485.73	984.30	
1596259	53	488.0	502.8	404.3	502.8	305.5	1.25	4.59	0	1,410	29	1.12	5.5	20.4	0.0	0.0	13.36	33	1.2758	2.0375	485	485.73	970.70	
1596769	53	487.8	502.8	404.1	502.5	305.5	1.25	4.59	0	1,368	28	0.81	5.5	20.4	0.0	0.0	11.86	33	1.2758	2.0375	485	485.85	966.64	
1597303	53	487.5	503.2	404.3	503.2	305.5	1.06	4.59	0	1,346	27	0.81	5.5	20.4	0.0	0.0	18.16	33	1.2758	2.0375	485	485.94	967.34	
1597822	53	487.4	502.8	404.0	503.2	305.5	0.88	4.59	0	1,306	26	0.81	5.5	20.4	0.0	0.0	18.61	33	1.2758	2.0375	485	486.04	972.50	
1598367	53	487.4	502.5	404.1	502.8	305.5	1.06	4.59	0	1,229	25	0.56	5.5	20.4	0.0	0.0	18.45	33	1.2758	2.0375	485	486.04	973.28	
1598955	53	487.4	503.2	404.2	503.2	305.5	1.25	4.59	0	1,189	24	0.56	5.5	20.4	0.0	0.0	18.52	33	1.2758	2.0375	485	486.13	974.14	
1599508	53	487.5	502.8	404.0	502.8	304.8	1.25	4.59	0	1,154	23	0.56	5.5	20.4	0.0	0.0	18.09	33	1.2758	2.0375	485	486.25	973.36	
1600036	53	487.6	502.2	403.7	502.5	305.2	1.44	4.59	0	1,127	22	0.56	5.5	20.4	0.0	0.0	18.12	33	1.2758	2.0375	485	486.34	972.89	
1600546	53	487.7	502.2	404.0	501.8	305.2	1.44	4.59	0	1,092	22	0.31	5.5	20.4	0.0	0.0	18.19	33	1.2758	2.0375	485	486.44	972.34	
1601072	53	487.9	501.5	403.8	501.5	304.8	1.56	4.59	0	1,042	21	0.31	5.5	20.4	0.0	0.0	13.17	33	1.2758	2.0375	485	486.53	969.53	
1601622	53	488.0	501.5	403.1	501.2	304.8	1.75	4.59	0	891	21	0.31	5.5	20.4	0.0	0.0	16.73	33	1.2758	2.0375	485	486.65	966.02	
1602179	53	488.1	501.2	403.3	501.2	304.8	1.75	4.59	0	972	21	0.56	5.5	20.4	0.0	0.0	15.16	33	1.2758	2.0375	485	486.74	963.67	
1602762	53	488.2	500.8	402.6	500.8	304.8	1.56	4.59	0	970	20	0.31	5.5	20.4	0.0	0.0	15.35	33	1.2758	2.0375	485	486.74	961.80	
1603300	53	488.2	500.2	402.5	499.8	305.2	1.56	4.59	0	1,001	20	0.56	5.5	20.4	0.0	0.0	15.42	33	1.2758	2.0375	485	486.83	961.09	
1603822	53	488.2	499.8	402.1	499.8	304.5	1.56	4.59	0	981	20	0.00	5.5	20.4	0.0	0.0	15.05	33	1.2758	2.0375	485	486.83	959.45	
1604397	53	488.2	499.5	402.0	499.5	304.5	1.94	4.59	0	1,160	20	0.81	5.5	20.4	0.0	0.0	28.31	33	1.2758	2.0375	485	486.93	957.89	
1605043	54	488.1	498.8	401.6	498.8	304.2	2.44	4.59	0	1,496	20	2.19	5.5	20.4	0.0	0.0	34.59	33	1.2758	2.0375	485	487.05	969.06	
1605600	54	487.9	498.5	401.3	498.5	304.5	2.62	4.59	0	1,651	21	2.44	5.5	20.4	0.0	0.0	36.28	33	1.2758	2.0375	485	487.14	983.98	
1606101	54	487.5	498.5	401.3	498.5	304.5	2.81	4.59	0	1,835	22	3.00	5.5	20.4	0.0	0.0	38.67	33	1.2758	2.0375	485	487.14	999.38	
1606665	53	487.0	498.5	401.3	498.5	304.5	3.00	4.59	0	1,842	24	3.00	5.5	20.4	0.0	0.0	37.66	33	1.2758	2.0375	485	487.23	1,013.12	
1607237	53	486.4	498.5	401.6	498.5	304.2	3.12	4.59	0	1,942	25	3.25	5.5	20.4	0.0	0.0	39.84	33	1.2758	2.0375	485	487.35	1,012.89	
1607748	53	485.8	499.2	401.5	499.5	304.2	2.44	4.59	0	1,573	26	4.62	5.5	20.4	0.0	0.0	44.06	33	1.2758	2.0375	485	487.35	1,012.73	
1608296	53	485.2	499.2	402.0	499.8	304.2	2.44	4.59	0	1,509	28	4.31	5.5	20.4	0.0	0.0	47.32	33	1.2758	2.0375	485	487.44	1,031.33	
1608814	53	484.5	500.5	402.5	500.5	304.5	2.62	4.59	0	1,512	29	3.81	5.5	20.4	0.0	0.0	45.73	33	1.2758	2.0375	485	487.44	1,044.30	
1609331	52	483.9	501.2	402.8	501.5	303.8	1.75	4.59	0	1,462	30	1.94	5.5	20.4	0.0	0.0	19.08	33	1.2758	2.0375	485	487.54	995.70	
1609896	52	483.4	502.5	403.5	502.5	304.2	1.25	4.59	0	1,473	30	1.12	5.5	20.4	0.0	0.0	13.10	33	1.2758	2.0375	485	487.54	975.62	
1610465	52	482.9	503.5	404.0	503.8	304.5	1.44	4.59	0	1,443	29	0.81	5.5	20.4	0.0	0.0	14.46	33	1.2758	2.0375	485	487.63	968.59	
1611011	52	482.6	504.5	404.3	504.5	304.5	0.69	4.59	0	1,338	27	0.81	5.5	20.4	0.0	0.0	17.81	33	1.2758	2.0375	485	487.63	968.52	
1611598	52	482.3	505.5	404.8	505.5	304.5	0.88	4.59	0	1,264	25	0.56	5.5	20.4	0.0	0.0	17.88	33	1.2758	2.0375	485	487.75	973.12	
1612142	52	482.1	506.2	405.1	506.5	304.5	1.25	4.59	0	1,200	24	0.56	5.5	20.4	0.0	0.0	17.70	33	1.2758	2.0375	485	487.75	973.44	
1612697	52	482.0	506.8	405.6	506.8	304.2	1.25	4.59	0	1,160	23	0.56	5.5	20.4	0.0	0.0	17.86	33	1.2758	2.0375	485	487.84	973.59	
1613343	52	481.9	507.2	405.8	507.2	304.5	1.44	4.59	0	1,130	23	0.56	5.5	20.4	0.0	0.0	17.77	33	1.2758	2.0375	485	487.84	972.81	
1613850	52	481.9	507.2	405.8	507.2	304.2	1.44	4.59	0	1,092	22	0.31	5.5	20.4	0.0	0.0	17.93	33	1.2758	2.0375	485	487.94	972.42	
1614504	52	481.9	506.8	405.8	506.8	304.2	2.62	4.59	0	1,036	21	0.81	5.5	20.4	0.0	0.0	11.74	33	1.2758	2.0375	485	488.03	969.14	
1615028	53	482.0	506.8	405.5	506.8	304.5	2.25	4.59	0	1,106	21	0.81	5.5	20.4	0.0	0.0	34.90	33	1.2758	2.0375	485	488.03	964.30	
1615607	53	481.9	506.8	405.6	506.8	304.2	2.25	4.59	0	1,546	21	2.19	5.5	20.4	0.0	0.0	33.94	33	1.2758	2.0375	485	488.03	976.56	
1616204	53	481.8	506.8	405.6	506.8	304.5	2.62	4.59	0	1,707	22	2.19	5.5	20.4	0.0	0.0	34.88	33	1.2758	2.0375	485	488.15	987.27	
1616733	53	481.7	506.8	405.6	506.5	304.2	2.44	4.59	0	1,860	23	2.19	5.5	20.4	0.0	0.0	29.41	33	1.2758	2.0375	485	488.15	1,000.94	
1617258	53	481.5	506.8	405.6	507.2	304.5	1.56	4.59	0	1,792	24	1.12	5.5	20.4	0.0	0.0	17.62	33	1.2758	2.0375	485	488.15	977.58	
1617801	52	481.3	507.5	405.8	507.2	304.2	1.44	4.59	0	1,164	24	0.56	5.5	20.4	0.0	0.0	12.47	33	1.2758	2.0375	485	488.15	968.52	
1618382	52	481.2	507.5	405.8	507.5	304.5	1.94	4.59	0	1,106	23	0.31	5.5	20.4	0.0	0.0	12.09	33	1.2758	2.0375	485	488.15	963.36	
1618933	52	481.0	508.2	406.2	508.2	304.8	1.56	4.59	0	1,122	23	0.31	5.5	20.4	0.0	0.0	12.42	33	1.2758	2.0375	485	488.15	961.33	
1619482	52	480.9	508.5	406.3	508.5	304.5	1.75	4.59	0	1,125	22	0.31	5.5	20.4	0.0	0.0	12.23	33	1.2758	2.0375	485	488.15	962.50	
1620003	52	480.8	508.8	406.8	508.5	304.5	1.44	4.59	0	1,087	22	0.31	5.5	20.4	0.0	0.0	12.40	33	1.2758	2.0375	485	488.15	961.56	
1620534	52	480.7	508.8	406.3	508.8	304.2	1.56	4.59	0	1,073	22	0.31	5.5	20.4	0.0	0.0	12.28	33	1.2758	2.0375	485	488.15	961.02	
1621062	52	480.5	509.2	406.6	509.2	304.5	1.75	4.59	0	1,065	21	0.56	5.5	20.4	0.0	0.0	28.20	33	1.2758	2.0375	485	488.15	957.97	
1621599	53	480.4	509.2	406.8	508.8	304.8	2.12	4.59	0	1,354	21	1.38	5.5	20.4	0.0	0.0	27.70	33	1.2758	2.0375	485	488.03	961.56	
1622227	53	480.2	508.8	406.6	508.5	304.5	2.25	4.59	0	1,696	22	1.62	5.5	20.4	0.0	0.0	28.38	33	1.2758	2.0375	485	488.03	969.30	
1622739	53	479.9	508.5	406.5	508.5	304.5	2.25	4.59	0	1,767	23	1.94	5.5	20.4	0.0	0.0	29.81	33	1.2758	2.0375	485	488.03	977.50	
1623253	53	479.6	509.5	407.2	508.8	304.8	2.25	4.59	0	1,873	24	1.94	5.5	20.4	0.0	0.0	21.54	33	1.2758	2.0375	485	487.94	985.00	
1623791	53	479.3	509.5	407.0	509.2	304.8	3.00	4.59	0	1,640	24	1.12	5.5	20.4	0.0	0.0	18.09	33	1.2758	2.0375	485	487.94	982.19	
1624301	52	479.0	509.5	407.0	509.5	304.8	1.56	4.59	0	1,261	24	0.81	5.5	20.4	0.0	0.0	18.02	33	1.2758	2.0375	485	487.84	973.83	
1624802	52	478.8	510.2	407.5	510.2	304.5	1.75	4.59	0	1,266	24	0.81	5.5	20.4	0.0	0.0	26.34	33	1.2758	2.0375	485	487.84	968.20	
1625338	53	478.5	510.5	407.7	510.5	304.8	2.12	4.59	0	1,310	25	1.38	5.5	20.4	0.0	0.0	31.17	33	1.2758	2.0375	485	487.84	973.98	
1625904	53	478.2	511.5	408.0	511.2	304.8	1.25	4.59	0	1,279	25	1.12	5.5	20.4	0.0	0.0	16.69	33	1.2758	2.0375	485	487.75	966.64	
1626511	52	477.9	511.8	408.5	511.8	304.8	1.44	4.59	0	1,241	25	0.56	5.5	20.4	0.0	0.0	13.50	33	1.2758	2.0375	485	487.75	963.83	
1627107	52	477.6	512.2	408.5	512.2	304.8	1.56	4.59	0	1,207	25	-0.19	5.5	20.4	0.0	0.0	15.73	33	1.2758	2.0375	485	487.63	962.97	
1627630	52	477.4	512.5	408.6	512.5	304.8	1.06	4.59	0	1,208	24	0.56	5.5	20.4	0.0	0.0	17.67	33	1.2758	2.0375	485	487.63	964.92	
1628139	52	477.3	512.8	409.0	512.8	305.2	1.06	4.59	0	1,170	23	0.56	5.5	20.4	0.0	0.0	17.77	33	1.2758	2.0375	485	487.63	970.00	
1628650	53	477.2	512.8	409.0	513.2	304.8	1.25	4.59	0	1,141	23	0.31	5.5	20.4	0.0	0.0	18.02	33	1.2758	2.0375	485	487.63	971.02	
1629168	53	477.2	513.2	409.2	513.2	305.2	1.44	4.59	0	1,103	22	0.31	5.5	20.4	0.0	0.0	17.65	33	1.2758	2.0375	485	487.63	971.33	
1629734	53	477.2	513.2	409.0	512.8	304.8	1.44	4.59	0	1,065	21	0.31	5.5	20.4	0.0	0.0	20.62	33	1.2758	2.0375	485	487.54	971.09	
1630252	53	477.2	512.8	409.0	512.8	305.2	1.56	4.59	0	922	21	0.31	5.5	20.4	0.0	0.0	13.73	33	1.2758	2.0375	485	487.54	966.88	
1630767	53	477.2	512.5	408.8	512.8	305.2	1.75	4.59	0	934	21	0.31	5.5	20.4	0.0	0.0	16.73	33	1.2758	2.0375	485	487.54	964.84	
1631305	53	477.1	512.5	408.8	512.2	305.2	1.56	4.59	0	993	21	0.00	5.5	20.4	0.0	0.0	13.50	33	1.2758	2.0375	485	487.54	962.81	
1631810	53	477.1	511.5	408.5	511.8	304.8	1.75	4.59	0	983	20	0.31	5.5	20.4	0.0	0.0	15.63	33	1.2758	2.0375	485	487.44	961.88	
1632345	53	477.1	511.5	408.5	511.5	304.8	1.75	4.59	0	1,009	20	0.00	5.5	20.4	0.0	0.0	14.62	33	1.2758	2.0375	485	487.44	961.41	
1632863	53	477.0	511.2	408.2	511.2	304.8	1.75	4.59	0	977	20	0.31	5.5	20.4	0.0	0.0	15.45	33	1.2758	2.0375	485	487.44	960.86	
1633372	53	476.9	510.8	408.0	511.2	304.8	1.75	4.59	0	986	20	0.31	5.5	20.4	0.0	0.0	15.33	33	1.2758	2.0375	485	487.35	960.31	
1633899	53	476.8	510.5	407.6	510.8	305.2	1.75	4.59	0	980	20	0.00	5.5	20.4	0.0	0.0	14.88	33	1.2758	2.0375	485	487.23	960.39	
1634420	53	476.7	509.8	407.6	509.8	305.2	1.75	4.59	0	968	19	0.31	5.5	20.4	0.0	0.0	15.21	33	1.2758	2.0375	485	487.23	960.16	
1634994	53	476.6	509.5	407.1	509.5	305.2	1.75	4.59	0	966	19	0.31	5.5	20.4	0.0	0.0	15.47	33	1.2758	2.0375	485	487.14	960.08	
1635548	53	476.5	509.2	407.0	509.2	304.8	1.75	4.59	0	961	19	0.31	5.5	20.4	0.0	0.0	15.47	33	1.2758	2.0375	485	487.14	959.84	
1636074	53	476.4	508.8	407.0	508.8	304.5	1.75	4.59	0	953	19	0.00	5.5	20.4	0.0	0.0	15.54	33	1.2758	2.0375	485	487.05	959.61	
1636610	53	476.3	508.2	406.5	508.5	304.8	1.75	4.59	0	938	19	0.00	5.5	20.4	0.0	0.0	15.52	33	1.2758	2.0375	485	486.93	959.53	
1637139	53	476.1	507.8	406.3	507.8	304.8	1.75	4.59	0	935	18	0.31	5.5	20.4	0.0	0.0	15.77	33	1.2758	2.0375	485	486.93	959.45	
1637665	53	476.0	507.5	406.0	507.2	304.5	1.75	4.59	0	930	18	0.31	5.5	20.4	0.0	0.0	16.73	33	1.2758	2.0375	485	486.83	959.14	
1638176	53	475.8	506.8	405.6	506.8	304.5	1.75	4.59	0	938	18	0.31	5.5	20.4	0.0	0.0	17.41	33	1.2758	2.0375	485	486.74	959.45	
1638862	53	475.7	506.5	405.5	506.2	304.5	2.12	4.59	0	1,016	18	0.81	5.5	20.4	0.0	0.0	36.77	33	1.2758	2.0375	485	486.65	957.73	
1639393	54	475.4	506.2	405.3	505.8	304.5	2.44	4.59	0	1,467	19	2.19	5.5	20.4	0.0	0.0	37.31	33	1.2758	2.0375	485	486.53	972.19	
1639900	54	475.1	505.5	405.1	505.5	304.2	2.44	4.59	0	1,592	20	2.44	5.5	20.4	0.0	0.0	37.22	33	1.2758	2.0375	485	486.53	985.94	
1640397	54	474.7	505.8	405.0	505.5	304.2	2.25	4.59	0	1,667	21	1.94	5.5	20.4	0.0	0.0	28.03	33	1.2758	2.0375	485	486.44	993.67	
1640960	54	474.3	505.5	404.8	505.5	304.5	1.94	4.59	0	1,710	22	1.38	5.5	20.4	0.0	0.0	21.19	33	1.2758	2.0375	485	486.34	985.39	
1641525	53	473.9	506.2	405.1	505.8	304.5	2.12	4.59	0	1,762	22	1.38	5.5	20.4	0.0	0.0	20.27	33	1.2758	2.0375	485	486.25	976.64	
1642120	53	473.5	506.2	405.0	506.5	304.2	2.25	4.59	0	1,830	23	1.62	5.5	20.4	0.0	0.0	26.62	33	1.2758	2.0375	485	486.25	977.73	
1642703	53	473.0	506.8	405.3	506.8	304.5	2.25	4.59	0	1,862	24	1.38	5.5	20.4	0.0	0.0	22.12	33	1.2758	2.0375	485	486.13	982.73	
1643282	53	472.5	507.8	406.0	507.8	304.5	0.69	4.59	0	1,859	24	1.12	5.5	20.4	0.0	0.0	17.27	33	1.2758	2.0375	485	486.04	979.77	
1643846	53	472.1	508.5	406.5	508.5	304.5	1.44	4.59	0	1,291	24	0.81	5.5	20.4	0.0	0.0	20.67	33	1.2758	2.0375	485	485.94	972.58	
1644375	53	471.8	509.5	406.8	509.5	304.2	1.94	4.59	0	1,294	25	1.12	5.5	20.4	0.0	0.0	31.03	33	1.2758	2.0375	485	485.94	968.59	
1644935	53	471.4	510.2	407.3	510.2	304.5	2.25	4.59	0	1,352	26	1.62	5.5	20.4	0.0	0.0	33.02	33	1.2758	2.0375	485	485.85	975.39	
1645470	53	471.0	511.2	407.6	511.5	304.5	1.75	4.59	0	1,320	26	1.38	5.5	20.4	0.0	0.0	24.21	33	1.2758	2.0375	485	485.73	976.41	
1645975	53	470.6	511.8	408.0	511.8	304.5	1.44	4.59	0	1,334	26	1.12	5.5	20.4	0.0	0.0	14.27	33	1.2758	2.0375	485	485.64	967.50	
1646479	53	470.3	512.5	408.5	512.5	304.8	1.25	4.59	0	1,296	26	0.81	5.5	20.4	0.0	0.0	12.75	33	1.2758	2.0375	485	485.64	964.14	
1647054	53	470.0	513.5	408.8	513.5	304.5	1.56	4.59	0	1,301	26	1.12	5.5	20.4	0.0	0.0	28.01	33	1.2758	2.0375	485	485.55	960.70	
1647658	53	469.7	514.2	409.3	514.2	304.8	2.44	4.59	0	1,416	27	1.94	5.5	20.4	0.0	0.0	38.88	33	1.2758	2.0375	485	485.43	970.00	
1648170	53	469.3	514.5	409.6	514.5	305.2	2.44	4.59	0	1,448	28	3.00	5.5	20.4	0.0	0.0	44.44	33	1.2758	2.0375	485	485.33	987.66	
1648735	53	468.8	515.5	410.2	515.5	305.2	2.25	4.59	0	1,468	29	2.75	5.5	20.4	0.0	0.0	30.59	33	1.2758	2.0375	485	485.24	1,001.56	
1649300	53	468.4	516.2	410.5	516.5	305.2	1.06	4.59	0	1,458	29	1.12	5.5	20.4	0.0	0.0	13.64	33	1.2758	2.0375	485	485.03	974.84	
1649827	52	468.1	516.8	410.8	516.8	305.2	1.06	4.59	0	1,441	29	0.81	5.5	20.4	0.0	0.0	12.40	33	1.2758	2.0375	485	484.94	967.89	
1650330	52	467.9	517.8	411.5	518.2	305.2	0.88	4.59	0	1,335	28	0.56	5.5	20.4	0.0	0.0	17.16	33	1.2758	2.0375	485	484.94	967.50	
1650874	52	467.7	518.5	412.0	518.8	305.2	0.69	4.59	0	1,392	28	1.12	5.5	20.4	0.0	0.0	18.73	33	1.2758	2.0375	480	484.84	967.89	
1651426	53	467.5	519.2	412.2	519.2	305.2	0.69	4.59	0	1,345	27	0.81	5.5	20.4	0.0	0.0	21.00	33	1.2758	2.0375	480	484.75	974.38	
1651937	53	467.5	519.5	412.3	519.8	305.5	1.56	4.59	0	1,318	27	0.56	5.5	20.4	0.0	0.0	18.96	33	1.2758	2.0375	480	484.63	968.36	
1652488	53	467.4	520.2	412.6	520.2	305.5	2.12	4.59	0	1,413	27	1.38	5.5	20.4	0.0	0.0	31.20	33	1.2758	2.0375	480	484.54	966.56	
1653032	53	467.2	520.2	413.0	520.2	305.5	2.12	4.59	0	1,436	27	1.94	5.5	20.4	0.0	0.0	35.04	33	1.2758	2.0375	480	484.44	974.69	
1653547	53	467.1	520.5	412.8	520.2	305.8	2.12	4.59	0	1,439	28	1.62	5.5	20.4	0.0	0.0	26.23	33	1.2758	2.0375	480	484.35	979.61	
1654147	53	466.9	520.8	413.0	520.5	305.8	1.56	4.59	0	1,443	28	1.38	5.5	20.4	0.0	0.0	21.40	33	1.2758	2.0375	480	484.23	974.06	
1654726	53	466.7	521.2	413.5	521.2	305.5	1.56	4.59	0	1,432	29	1.38	5.5	20.4	0.0	0.0	21.26	33	1.2758	2.0375	480	484.05	972.97	
1655266	53	466.5	521.5	413.8	521.5	305.8	1.25	4.59	0	1,434	29	1.12	5.5	20.4	0.0	0.0	13.22	33	1.2758	2.0375	480	483.93	969.61	
1655773	53	466.3	522.2	414.0	522.2	306.2	0.69	4.59	0	1,354	28	0.56	5.5	20.4	0.0	0.0	16.05	33	1.2758	2.0375	480	483.83	969.77	
1656366	53	466.2	522.2	414.3	522.5	305.8	0.19	4.59	0	1,409	28	1.12	5.5	20.4	0.0	0.0	17.20	33	1.2758	2.0375	480	483.74	966.64	
1656872	53	466.1	522.5	414.1	522.5	306.2	1.94	4.59	0	1,398	28	1.62	5.5	20.4	0.0	0.0	30.80	33	1.2758	2.0375	480	483.53	963.44	
1657384	53	465.9	522.5	414.5	522.5	306.2	2.25	4.59	0	1,460	28	2.19	5.5	20.4	0.0	0.0	40.80	33	1.2758	2.0375	480	483.44	971.48	
1657964	53	465.7	522.8	414.7	522.8	306.2	2.62	4.59	0	1,492	30	3.81	5.5	20.4	0.0	0.0	48.09	33	1.2758	2.0375	480	483.25	999.45	
1658490	53	465.4	523.5	414.1	523.5	306.2	2.62	4.59	0	1,531	31	3.50	5.5	20.4	0.0	0.0	32.91	33	1.2758	2.0375	480	483.04	1,020.31	
1659058	53	465.1	523.8	414.7	523.8	305.8	1.44	4.59	0	1,524	31	1.38	5.5	20.4	0.0	0.0	18.80	33	1.2758	2.0375	480	482.85	980.47	
1659600	52	464.9	524.2	415.3	524.5	306.5	1.94	4.59	0	1,021	31	0.31	5.5	20.4	0.0	0.0	11.81	33	1.2758	2.0375	480	482.64	968.83	
1660141	52	464.7	524.8	415.8	524.8	306.5	1.94	4.59	0	1,048	31	0.31	5.5	20.4	0.0	0.0	29.65	33	1.2758	2.0375	480	482.55	963.05	
1660654	52	464.6	525.5	415.8	525.5	306.5	2.25	4.59	0	1,146	31	1.38	5.5	20.4	0.0	0.0	45.05	33	1.2758	2.0375	480	482.33	969.30	
1661196	53	464.3	525.8	416.1	526.2	306.8	2.12	4.59	0	1,133	32	1.94	5.5	20.4	0.0	0.0	25.22	33	1.2758	2.0375	480	482.24	974.53	
1661698	53	464.1	526.5	416.5	526.5	306.5	1.44	4.59	0	1,080	31	0.56	5.5	20.4	0.0	0.0	17.16	33	1.2758	2.0375	480	482.03	968.52	
1662272	52	463.9	527.5	416.5	527.2	306.8	1.75	4.59	0	1,040	31	0.31	5.5	20.4	0.0	0.0	12.47	33	1.2758	2.0375	480	481.94	963.67	
1662852	52	463.7	527.5	416.8	527.5	306.8	1.75	4.59	0	1,053	31	0.31	5.5	20.4	0.0	0.0	12.35	33	1.2758	2.0375	480	481.84	961.33	
1663428	52	463.6	527.5	417.3	527.5	306.8	1.94	4.59	0	1,030	30	0.31	5.5	20.4	0.0	0.0	12.42	33	1.2758	2.0375	480	481.63	960.70	
1664000	52	463.4	527.5	417.0	527.8	307.2	1.56	4.59	0	1,000	30	0.00	5.5	20.4	0.0	0.0	12.14	33	1.2758	2.0375	480	481.54	960.86	
1664606	52	463.3	527.8	417.5	527.8	307.2	2.62	4.59	0	971	29	0.31	5.5	20.4	0.0	0.0	12.73	33	1.2758	2.0375	480	481.44	960.39	
1665118	53	463.1	527.8	417.5	527.8	306.8	1.75	4.59	0	982	29	0.00	5.5	20.4	0.0	0.0	12.80	33	1.2758	2.0375	480	481.35	960.08	
1665657	53	463.0	527.5	417.3	527.5	307.5	1.75	4.59	0	957	28	0.31	5.5	20.4	0.0	0.0	12.47	33	1.2758	2.0375	480	481.14	959.61	
1666204	53	462.9	527.5	417.3	527.5	306.8	1.75	4.59	0	936	27	0.31	5.5	20.4	0.0	0.0	12.63	33	1.2758	2.0375	480	481.05	959.45	
1666731	53	462.8	526.8	416.8	527.2	307.2	1.56	4.59	0	915	27	0.31	5.5	20.4	0.0	0.0	12.07	33	1.2758	2.0375	480	480.93	959.06	
1667245	53	462.7	526.2	416.8	526.5	307.2	1.56	4.59	0	917	26	0.31	5.5	20.4	0.0	0.0	12.49	33	1.2758	2.0375	480	480.83	959.06	
1667810	53	462.6	525.8	416.5	525.8	307.2	1.44	4.59	0	947	26	0.00	5.5	20.4	0.0	0.0	11.18	33	1.2758	2.0375	480	480.74	958.91	
1668333	53	462.4	525.2	416.2	525.2	306.8	1.94	4.59	0	1,179	25	0.31	5.5	20.4	0.0	0.0	13.57	33	1.2758	2.0375	480	480.65	960.00	
1668849	53	462.4	525.2	416.2	524.8	306.8	1.06	4.59	0	1,210	24	0.56	5.5	20.4	0.0	0.0	17.70	33	1.2758	2.0375	480	480.53	963.91	
1669400	53	462.3	524.2	415.7	524.2	307.2	2.44	4.59	0	1,173	23	0.56	5.5	20.4	0.0	0.0	15.54	33	1.2758	2.0375	480	480.44	959.61	
1669904	53	462.3	523.5	415.3	523.5	306.8	2.25	4.59	0	1,205	23	1.38	5.5	20.4	0.0	0.0	42.66	33	1.2758	2.0375	480	480.34	964.22	
1670409	54	462.2	522.8	414.8	522.8	306.8	2.62	4.59	0	1,254	24	3.00	5.5	20.4	0.0	0.0	53.65	33	1.2758	2.0375	480	480.25	986.17	
1670933	54	462.1	522.2	414.3	521.8	306.8	2.81	4.59	0	1,293	26	4.06	5.5	20.4	0.0	0.0	56.41	33	1.2758	2.0375	480	480.04	1,017.03	
1671441	54	461.9	522.2	414.5	521.8	306.8	2.62	4.59	0	1,356	27	4.31	5.5	20.4	0.0	0.0	45.66	33	1.2758	2.0375	475	479.85	1,040.16	
1671954	53	461.7	521.5	414.0	521.5	306.5	1.44	4.59	0	1,341	28	1.62	5.5	20.4	0.0	0.0	20.09	33	1.2758	2.0375	475	479.73	1,000.55	
1672530	53	461.5	521.8	414.1	521.8	306.8	1.56	4.59	0	1,403	28	1.38	5.5	20.4	0.0	0.0	15.61	33	1.2758	2.0375	475	479.55	983.83	
1673140	53	461.4	522.2	414.3	521.8	306.8	1.25	4.59	0	1,355	27	1.12	5.5	20.4	0.0	0.0	12.28	33	1.2758	2.0375	475	479.43	977.50	
1673706	53	461.2	522.5	414.5	522.2	306.8	1.56	4.59	0	1,285	27	0.56	5.5	20.4	0.0	0.0	17.09	33	1.2758	2.0375	475	479.33	975.16	
1674212	53	461.1	522.5	414.6	522.5	306.8	0.69	4.59	0	1,292	26	0.81	5.5	20.4	0.0	0.0	17.91	33	1.2758	2.0375	475	479.24	975.39	
1674718	53	461.1	522.5	414.6	522.5	306.8	0.88	4.59	0	1,241	25	0.81	5.5	20.4	0.0	0.0	17.74	33	1.2758	2.0375	475	479.15	975.55	
1675231	53	461.1	522.8	414.6	522.8	306.5	1.06	4.59	0	1,208	24	0.56	5.5	20.4	0.0	0.0	18.05	33	1.2758	2.0375	475	479.03	975.00	
1675744	53	461.1	522.2	414.6	522.5	306.8	1.25	4.59	0	1,164	23	0.56	5.5	20.4	0.0	0.0	17.91	33	1.2758	2.0375	475	478.94	974.61	
1676274	53	461.2	522.2	414.5	522.2	306.8	1.44	4.59	0	1,136	23	0.31	5.5	20.4	0.0	0.0	17.86	33	1.2758	2.0375	475	478.84	973.44	
1676814	53	461.3	522.5	414.6	522.2	306.8	1.56	4.59	0	1,048	20	0.31	5.5	20.4	0.0	0.0	14.37	33	1.2758	2.0375	475	478.75	971.64	
1677365	53	461.4	521.8	414.1	521.5	306.8	1.75	4.59	0	883	18	0.31	5.5	20.4	0.0	0.0	16.15	33	1.2758	2.0375	475	478.75	966.64	
1677958	53	461.5	521.5	414.0	521.2	306.5	1.75	4.59	0	943	16	0.31	5.5	20.4	0.0	0.0	17.02	33	1.2758	2.0375	475	478.63	964.30	
1678483	53	461.5	520.5	414.0	520.5	306.5	1.75	4.59	0	964	13	0.31	5.5	20.4	0.0	0.0	16.85	33	1.2758	2.0375	475	478.54	962.42	
1679006	53	461.6	520.2	413.5	520.5	306.8	1.75	4.59	0	968	12	0.31	5.5	20.4	0.0	0.0	17.77	33	1.2758	2.0375	475	478.44	961.33	
1679545	53	461.6	519.5	413.3	519.5	306.5	1.75	4.59	0	924	11	0.31	5.5	20.4	0.0	0.0	18.54	33	1.2758	2.0375	475	478.35	961.02	
1680079	53	461.6	519.5	413.0	519.5	306.5	1.75	4.59	0	929	10	0.31	5.5	20.4	0.0	0.0	19.88	33	1.2758	2.0375	475	478.23	960.62	
1680600	53	461.5	518.8	412.8	518.8	306.5	1.75	4.59	0	943	10	0.56	5.5	20.4	0.0	0.0	19.78	33	1.2758	2.0375	475	478.14	960.31	
1681103	53	461.5	518.5	412.5	518.2	306.2	1.75	4.59	0	951	10	0.56	5.5	20.4	0.0	0.0	19.57	33	1.2758	2.0375	475	478.05	960.39	
1681766	54	461.4	518.2	412.2	518.2	306.5	1.94	4.59	0	989	10	0.56	5.5	20.4	0.0	0.0	30.70	33	1.2758	2.0375	475	477.93	959.30	
1682287	54	461.4	517.5	411.8	517.5	306.5	2.12	4.59	0	1,252	11	1.38	5.5	20.4	0.0	0.0	30.89	33	1.2758	2.0375	475	477.83	962.73	
1682842	54	461.2	517.2	411.5	517.2	305.8	2.12	4.59	0	1,244	12	1.38	5.5	20.4	0.0	0.0	34.12	33	1.2758	2.0375	475	477.65	966.25	
1683357	54	461.1	517.2	411.5	516.8	306.2	2.12	4.59	0	1,305	13	1.62	5.5	20.4	0.0	0.0	35.25	33	1.2758	2.0375	475	477.53	970.47	
1683871	54	460.9	517.2	411.7	516.8	306.2	2.25	4.59	0	1,353	14	2.19	5.5	20.4	0.0	0.0	40.17	33	1.2758	2.0375	475	477.44	977.58	
1684394	54	460.6	517.2	411.7	516.8	305.8	2.25	4.59	0	1,410	15	2.75	5.5	20.4	0.0	0.0	41.48	33	1.2758	2.0375	475	477.25	987.50	
1684907	54	460.3	516.8	411.5	517.2	306.2	2.44	4.59	0	1,438	17	3.00	5.5	20.4	0.0	0.0	41.74	33	1.2758	2.0375	475	477.13	995.55	
1685414	53	460.0	517.8	411.8	517.8	305.8	2.44	4.59	0	1,444	19	3.00	5.5	20.4	0.0	0.0	40.99	33	1.2758	2.0375	475	476.94	1,001.33	
1685924	53	459.7	518.2	412.0	518.2	305.8	2.44	4.59	0	1,565	20	3.00	5.5	20.4	0.0	0.0	36.77	33	1.2758	2.0375	475	476.85	1,004.84	
1686447	53	459.4	518.8	412.1	519.2	305.8	2.44	4.59	0	1,647	21	2.44	5.5	20.4	0.0	0.0	34.24	33	1.2758	2.0375	475	476.64	1,004.53	
1687035	53	459.0	520.2	413.2	519.8	306.2	2.44	4.59	0	1,753	23	2.19	5.5	20.4	0.0	0.0	32.53	33	1.2758	2.0375	475	476.43	1,003.83	
1687597	53	458.7	520.8	413.1	520.5	305.8	2.25	4.59	0	1,828	24	2.19	5.5	20.4	0.0	0.0	28.34	33	1.2758	2.0375	475	476.24	999.22	
1688127	53	458.3	522.2	414.2	522.2	306.2	2.62	4.59	0	1,521	24	2.19	5.5	20.4	0.0	0.0	30.02	33	1.2758	2.0375	475	476.15	1,000.94	
1688692	52	458.1	523.5	414.7	523.5	305.8	1.94	4.59	0	1,333	24	1.38	5.5	20.4	0.0	0.0	30.47	33	1.2758	2.0375	475	475.94	988.44	
1689204	52	457.9	524.8	415.5	524.5	306.2	1.94	4.59	0	1,311	25	1.38	5.5	20.4	0.0	0.0	31.10	33	1.2758	2.0375	475	475.75	981.56	
1689821	52	457.7	525.8	416.0	526.2	306.2	2.12	4.59	0	1,321	25	1.38	5.5	20.4	0.0	0.0	31.15	33	1.2758	2.0375	475	475.63	977.97	
1690320	52	457.5	527.2	416.7	527.5	306.5	2.12	4.59	0	1,347	26	1.62	5.5	20.4	0.0	0.0	40.38	33	1.2758	2.0375	475	475.44	976.09	
1690854	52	457.3	528.5	417.3	528.2	306.2	2.44	4.59	0	1,398	27	3.25	5.5	20.4	0.0	0.0	48.80	33	1.2758	2.0375	475	475.35	994.53	
1691408	52	457.2	529.2	417.8	529.5	306.2	2.62	4.59	0	1,463	28	4.06	5.5	20.4	0.0	0.0	49.10	33	1.2758	2.0375	475	475.14	1,017.50	
1691929	52	457.1	530.5	418.3	530.5	306.2	2.62	4.59	0	1,510	30	4.06	5.5	20.4	0.0	0.0	40.31	33	1.2758	2.0375	475	474.93	1,029.77	
1692456	52	457.0	531.8	419.1	532.2	306.8	1.94	4.59	0	1,487	30	1.62	5.5	20.4	0.0	0.0	25.29	33	1.2758	2.0375	470	474.74	1,005.86	
1693029	52	457.0	533.2	419.8	533.2	306.5	2.44	4.59	0	1,559	30	1.94	5.5	20.4	0.0	0.0	15.38	33	1.2758	2.0375	470	474.65	979.84	
1693589	52	457.0	534.2	420.3	534.5	306.5	1.06	4.59	0	1,488	30	1.12	5.5	20.4	0.0	0.0	11.95	33	1.2758	2.0375	470	474.44	969.69	
1694116	51	457.0	535.2	421.0	535.2	306.5	1.56	4.59	0	1,381	30	0.56	5.5	20.4	0.0	0.0	18.28	33	1.2758	2.0375	470	474.34	968.36	
1694618	52	457.1	536.5	421.6	536.5	306.8	2.12	4.59	0	1,484	29	1.38	5.5	20.4	0.0	0.0	21.94	33	1.2758	2.0375	470	474.25	960.00	
1695142	52	457.1	537.2	422.0	536.8	307.2	2.25	4.59	0	1,495	29	1.94	5.5	20.4	0.0	0.0	35.74	33	1.2758	2.0375	470	474.13	966.80	
1695691	52	457.2	537.8	422.3	537.8	307.2	2.62	4.59	0	1,532	30	3.50	5.5	20.4	0.0	0.0	47.46	33	1.2758	2.0375	470	473.94	990.55	
1696227	52	457.3	538.2	422.5	538.5	307.2	2.81	4.59	0	1,541	31	4.06	5.5	20.4	0.0	0.0	47.32	33	1.2758	2.0375	470	473.85	1,016.95	
1696790	52	457.5	538.5	423.1	538.8	307.8	2.62	4.59	0	1,602	32	3.25	5.5	20.4	0.0	0.0	39.35	33	1.2758	2.0375	470	473.64	1,022.89	
1697314	52	457.6	539.2	423.3	539.5	307.5	1.94	4.59	0	1,295	33	2.44	5.5	20.4	0.0	0.0	29.23	33	1.2758	2.0375	470	473.55	1,006.17	
1697814	52	457.8	539.5	423.5	539.5	307.5	1.44	4.59	0	1,154	33	0.81	5.5	20.4	0.0	0.0	17.25	33	1.2758	2.0375	470	473.33	980.16	
1698339	52	457.9	540.5	423.7	540.5	307.5	1.56	4.59	0	1,099	32	0.56	5.5	20.4	0.0	0.0	14.23	33	1.2758	2.0375	470	473.33	969.30	
1698869	51	458.1	540.8	424.5	541.2	307.8	0.00	4.59	0	1,086	32	0.00	5.5	20.4	0.0	0.0	16.45	33	1.2758	2.0375	470	473.24	965.78	
1699431	52	458.3	541.8	424.8	541.8	307.5	1.44	4.59	0	1,063	31	0.00	5.5	20.4	0.0	0.0	17.18	33	1.2758	2.0375	470	473.15	965.08	
1699925	52	458.5	542.2	425.0	541.8	307.8	1.56	4.59	0	1,031	30	0.31	5.5	20.4	0.0	0.0	16.97	33	1.2758	2.0375	470	473.03	968.28	
1700457	52	458.7	541.8	424.8	542.2	308.2	1.56	4.59	0	1,013	30	-0.19	5.5	20.4	0.0	0.0	17.20	33	1.2758	2.0375	470	473.03	968.59	
1700952	52	458.9	542.2	424.6	541.8	308.5	1.75	4.59	0	985	29	0.00	5.5	20.4	0.0	0.0	17.06	33	1.2758	2.0375	470	472.94	968.20	
1701477	52	459.2	541.5	425.0	541.5	308.2	1.75	4.59	0	965	28	0.31	5.5	20.4	0.0	0.0	16.95	33	1.2758	2.0375	470	472.94	968.05	
1702022	52	459.4	541.2	424.7	541.2	308.2	1.75	4.59	0	938	27	0.00	5.5	20.4	0.0	0.0	12.26	33	1.2758	2.0375	470	472.94	966.95	
1702563	52	459.7	540.5	424.3	540.5	308.2	1.56	4.59	0	974	27	0.31	5.5	20.4	0.0	0.0	11.41	33	1.2758	2.0375	470	472.84	963.83	
1703084	52	459.9	539.8	424.1	539.5	307.8	1.25	4.59	0	1,219	26	0.56	5.5	20.4	0.0	0.0	12.45	33	1.2758	2.0375	470	472.84	962.89	
1703629	52	460.2	539.5	423.8	539.2	308.2	1.56	4.59	0	1,281	25	0.56	5.5	20.4	0.0	0.0	15.61	33	1.2758	2.0375	470	472.84	963.59	
1704147	53	460.4	538.2	423.6	538.5	308.5	1.25	4.59	0	1,192	25	0.56	5.5	20.4	0.0	0.0	17.48	33	1.2758	2.0375	470	472.75	967.50	
1704666	53	460.7	537.5	423.0	537.5	307.8	1.25	4.59	0	1,196	24	0.56	5.5	20.4	0.0	0.0	17.88	33	1.2758	2.0375	470	472.75	969.77	
1705223	53	461.1	536.5	422.5	536.5	307.8	1.25	4.59	0	1,197	23	0.31	5.5	20.4	0.0	0.0	15.07	33	1.2758	2.0375	470	472.75	966.02	
1705763	53	461.4	536.2	422.1	535.8	308.2	1.75	4.59	0	1,194	23	0.81	5.5	20.4	0.0	0.0	28.22	33	1.2758	2.0375	470	472.75	964.84	
1706299	53	461.8	535.2	421.7	534.8	308.2	1.94	4.59	0	1,217	23	1.12	5.5	20.4	0.0	0.0	27.47	33	1.2758	2.0375	470	472.75	965.78	
1706932	53	462.1	534.2	421.2	534.2	308.2	1.94	4.59	0	1,231	24	1.12	5.5	20.4	0.0	0.0	27.33	33	1.2758	2.0375	470	472.75	967.89	
1707439	53	462.3	533.5	420.8	533.2	308.5	1.75	4.59	0	1,213	24	1.12	5.5	20.4	0.0	0.0	24.05	33	1.2758	2.0375	470	472.75	966.80	
1707979	53	462.6	532.5	420.7	532.5	308.2	1.75	4.59	0	1,254	25	1.12	5.5	20.4	0.0	0.0	31.12	33	1.2758	2.0375	470	472.75	964.14	
1708505	53	462.8	532.2	420.3	532.2	308.5	2.25	4.59	0	1,273	25	1.38	5.5	20.4	0.0	0.0	36.59	33	1.2758	2.0375	470	472.75	970.16	
1709027	53	463.0	531.5	419.8	531.5	308.2	2.12	4.59	0	1,258	26	1.62	5.5	20.4	0.0	0.0	18.66	33	1.2758	2.0375	470	472.63	968.67	
1709540	53	463.2	531.5	419.8	531.5	308.2	1.56	4.59	0	1,294	25	0.81	5.5	20.4	0.0	0.0	21.14	33	1.2758	2.0375	470	472.63	960.31	
1710036	53	463.3	531.2	419.8	531.5	308.2	2.12	4.59	0	1,346	25	1.62	5.5	20.4	0.0	0.0	36.54	33	1.2758	2.0375	470	472.63	966.33	
1710541	53	463.4	531.2	419.8	531.2	308.5	2.25	4.59	0	1,372	26	1.94	5.5	20.4	0.0	0.0	36.61	33	1.2758	2.0375	470	472.63	975.86	
1711074	53	463.5	531.2	419.7	530.8	308.2	2.25	4.59	0	1,331	26	1.62	5.5	20.4	0.0	0.0	17.55	33	1.2758	2.0375	470	472.63	971.17	
1711617	53	463.5	530.8	419.8	531.2	308.5	1.44	4.59	0	1,337	26	0.81	5.5	20.4	0.0	0.0	14.23	33	1.2758	2.0375	470	472.63	965.55	
1712129	52	463.6	531.2	419.8	531.2	308.5	1.56	4.59	0	1,339	26	1.12	5.5	20.4	0.0	0.0	19.03	33	1.2758	2.0375	470	472.54	961.56	
1712689	52	463.6	531.2	419.6	531.5	308.5	1.75	4.59	0	1,316	26	1.12	5.5	20.4	0.0	0.0	25.41	33	1.2758	2.0375	470	472.54	963.12	
1713245	53	463.7	531.2	419.8	530.8	308.5	2.12	4.59	0	1,352	26	1.38	5.5	20.4	0.0	0.0	30.63	33	1.2758	2.0375	470	472.54	968.98	
1713762	53	463.7	531.2	420.0	530.8	308.8	1.75	4.59	0	1,295	27	1.38	5.5	20.4	0.0	0.0	15.54	33	1.2758	2.0375	470	472.54	964.92	
1714279	53	463.7	531.2	419.8	531.2	308.8	1.44	4.59	0	1,328	26	0.81	5.5	20.4	0.0	0.0	12.70	33	1.2758	2.0375	470	472.54	963.52	
1714868	52	463.7	531.2	419.6	531.2	308.5	1.25	4.59	0	1,243	25	0.31	5.5	20.4	0.0	0.0	17.06	33	1.2758	2.0375	470	472.54	964.30	
1715374	52	463.8	530.8	419.6	531.2	308.8	1.06	4.59	0	1,190	24	0.56	5.5	20.4	0.0	0.0	18.45	33	1.2758	2.0375	470	472.54	965.23	
1715897	53	463.9	531.2	419.8	531.2	308.5	1.25	4.59	0	1,137	23	0.31	5.5	20.4	0.0	0.0	18.98	33	1.2758	2.0375	470	472.54	969.84	
1716417	53	464.0	530.8	419.6	530.8	308.8	1.44	4.59	0	1,106	22	0.31	5.5	20.4	0.0	0.0	17.98	33	1.2758	2.0375	470	472.54	970.08	
1716937	53	464.2	530.5	419.3	530.2	308.5	1.56	4.59	0	1,040	21	0.00	5.5	20.4	0.0	0.0	19.76	33	1.2758	2.0375	470	472.63	969.06	
1717459	53	464.3	530.2	419.7	530.2	309.2	1.56	4.59	0	921	21	0.31	5.5	20.4	0.0	0.0	15.05	33	1.2758	2.0375	470	472.63	966.02	
1717974	53	464.5	529.2	419.1	529.5	308.8	1.75	4.59	0	951	20	0.31	5.5	20.4	0.0	0.0	15.45	33	1.2758	2.0375	470	472.63	963.75	
1718496	53	464.6	528.8	418.8	528.8	308.5	1.75	4.59	0	979	20	0.31	5.5	20.4	0.0	0.0	13.69	33	1.2758	2.0375	470	472.63	961.95	
1719010	53	464.7	528.2	418.5	528.2	308.8	1.75	4.59	0	976	20	0.31	5.5	20.4	0.0	0.0	15.68	33	1.2758	2.0375	470	472.63	961.02	
1719524	53	464.8	527.2	418.0	527.5	308.5	1.56	4.59	0	980	20	0.31	5.5	20.4	0.0	0.0	15.07	33	1.2758	2.0375	470	472.63	960.62	
1720032	53	464.8	526.8	417.8	526.8	308.8	1.56	4.59	0	970	19	0.31	5.5	20.4	0.0	0.0	15.68	33	1.2758	2.0375	470	472.63	960.08	
1720543	53	464.9	526.2	417.6	526.2	308.5	1.56	4.59	0	953	19	0.31	5.5	20.4	0.0	0.0	17.48	33	1.2758	2.0375	470	472.54	953.67	
1721092	53	464.9	525.2	417.1	525.5	308.2	2.44	4.59	0	1,407	19	2.19	5.5	20.4	0.0	0.0	38.79	33	1.2758	2.0375	470	472.54	962.19	
1721614	54	464.9	524.8	416.5	524.5	308.5	2.62	4.59	0	1,542	20	3.25	5.5	20.4	0.0	0.0	44.48	33	1.2758	2.0375	470	472.54	985.78	
1722128	54	464.9	523.8	416.3	524.2	308.5	3.00	4.59	0	1,685	21	3.50	5.5	20.4	0.0	0.0	44.74	33	1.2758	2.0375	470	472.54	1,011.88	
1722644	53	464.7	523.8	416.3	523.5	308.5	3.00	4.59	0	1,732	23	3.25	5.5	20.4	0.0	0.0	38.48	33	1.2758	2.0375	470	472.54	1,023.28	
1723220	53	464.6	523.8	416.1	523.5	308.5	2.62	4.59	0	1,834	24	2.44	5.5	20.4	0.0	0.0	34.17	33	1.2758	2.0375	470	472.54	1,019.53	
1723766	53	464.4	523.5	416.1	523.8	308.2	2.25	4.59	0	1,917	25	2.19	5.5	20.4	0.0	0.0	23.51	33	1.2758	2.0375	470	472.44	1,015.23	
1724325	53	464.3	524.2	416.3	524.2	308.5	2.12	4.59	0	1,449	25	2.19	5.5	20.4	0.0	0.0	38.37	33	1.2758	2.0375	470	472.44	1,000.55	
1724833	53	464.1	524.8	416.5	524.5	308.8	2.12	4.59	0	1,409	26	2.75	5.5	20.4	0.0	0.0	41.86	33	1.2758	2.0375	470	472.44	1,001.88	
1725395	53	463.9	525.2	417.0	524.8	308.8	1.75	4.59	0	1,346	27	1.94	5.5	20.4	0.0	0.0	18.40	33	1.2758	2.0375	470	472.44	984.38	
1725933	52	463.8	525.8	417.1	526.2	308.5	1.44	4.59	0	1,353	27	1.12	5.5	20.4	0.0	0.0	14.95	33	1.2758	2.0375	470	472.44	971.02	
1726472	52	463.7	526.5	417.5	526.5	308.5	1.56	4.59	0	1,317	26	0.81	5.5	20.4	0.0	0.0	11.58	33	1.2758	2.0375	470	472.35	965.78	
1727013	52	463.6	526.8	417.8	526.8	308.8	1.25	4.59	0	1,253	26	0.56	5.5	20.4	0.0	0.0	17.34	33	1.2758	2.0375	470	472.35	966.02	
1727559	52	463.6	527.2	417.8	527.5	308.2	1.06	4.59	0	1,242	25	0.56	5.5	20.4	0.0	0.0	19.12	33	1.2758	2.0375	470	472.44	971.09	
1728107	52	463.6	527.8	418.1	527.8	308.8	1.56	4.59	0	1,201	24	0.56	5.5	20.4	0.0	0.0	24.02	33	1.2758	2.0375	470	472.44	966.09	
1728626	52	463.6	527.5	418.1	527.8	308.5	2.12	4.59	0	1,310	25	1.38	5.5	20.4	0.0	0.0	31.45	33	1.2758	2.0375	470	472.44	965.94	
1729208	53	463.6	527.8	418.0	527.8	308.5	1.94	4.59	0	1,317	25	1.38	5.5	20.4	0.0	0.0	23.25	33	1.2758	2.0375	470	472.44	967.50	
1729735	53	463.6	527.5	418.0	527.8	308.5	1.44	4.59	0	1,299	25	0.81	5.5	20.4	0.0	0.0	14.72	33	1.2758	2.0375	470	472.44	964.22	
1730281	52	463.6	527.8	418.1	527.5	308.5	1.44	4.59	0	1,249	25	0.56	5.5	20.4	0.0	0.0	17.55	33	1.2758	2.0375	470	472.44	960.62	
1730813	52	463.6	527.5	418.0	527.5	308.8	1.56	4.59	0	1,320	25	1.12	5.5	20.4	0.0	0.0	26.27	33	1.2758	2.0375	470	472.35	961.17	
1731337	53	463.6	527.8	418.0	527.5	308.5	1.94	4.59	0	1,333	26	1.38	5.5	20.4	0.0	0.0	23.81	33	1.2758	2.0375	470	472.35	964.38	
1731949	53	463.5	527.5	418.0	527.2	308.5	1.44	4.59	0	1,310	26	0.81	5.5	20.4	0.0	0.0	14.25	33	1.2758	2.0375	470	472.35	962.81	
1732450	53	463.5	527.2	418.1	527.2	308.5	1.75	4.59	0	1,257	26	0.81	5.5	20.4	0.0	0.0	11.44	33	1.2758	2.0375	470	472.35	961.64	
1732991	53	463.5	527.5	418.1	527.5	308.8	1.06	4.59	0	1,228	25	0.56	5.5	20.4	0.0	0.0	17.39	33	1.2758	2.0375	470	472.35	963.52	
1733534	53	463.5	527.2	418.3	527.5	308.5	1.06	4.59	0	1,194	24	0.56	5.5	20.4	0.0	0.0	18.12	33	1.2758	2.0375	470	472.35	968.75	
1734107	53	463.7	527.2	418.2	527.2	308.8	1.25	4.59	0	1,151	23	0.56	5.5	20.4	0.0	0.0	17.62	33	1.2758	2.0375	470	472.35	970.16	
1734672	53	463.9	527.2	417.8	527.2	308.8	1.44	4.59	0	1,124	22	0.31	5.5	20.4	0.0	0.0	17.39	33	1.2758	2.0375	470	472.44	970.86	
1735212	53	464.2	526.5	417.8	526.5	308.8	2.62	4.59	0	1,088	22	0.81	5.5	20.4	0.0	0.0	14.53	33	1.2758	2.0375	470	472.44	966.56	
1735733	53	464.5	525.8	417.3	525.5	308.8	2.44	4.59	0	1,178	22	1.12	5.5	20.4	0.0	0.0	39.07	33	1.2758	2.0375	470	472.44	964.84	
1736309	53	464.7	525.2	417.0	524.8	308.8	1.75	4.59	0	1,102	23	1.38	5.5	20.4	0.0	0.0	23.58	33	1.2758	2.0375	470	472.54	970.55	
1736823	53	464.9	525.2	416.8	524.8	308.5	1.44	4.59	0	1,135	23	0.56	5.5	20.4	0.0	0.0	14.81	33	1.2758	2.0375	470	472.54	964.45	
1737348	53	465.0	524.2	416.6	524.5	308.8	1.56	4.59	0	1,124	22	0.31	5.5	20.4	0.0	0.0	12.66	33	1.2758	2.0375	470	472.54	962.50	
1737909	53	465.1	523.8	416.3	523.8	308.5	1.56	4.59	0	1,075	22	0.31	5.5	20.4	0.0	0.0	12.33	33	1.2758	2.0375	470	472.54	960.86	
1738451	53	465.3	523.5	416.0	523.5	308.8	2.12	4.59	0	974	21	0.00	5.5	20.4	0.0	0.0	16.29	33	1.2758	2.0375	470	472.63	963.98	
1738987	53	465.4	523.2	416.1	522.8	308.5	2.81	4.59	0	841	21	0.56	5.5	20.4	0.0	0.0	13.03	33	1.2758	2.0375	470	472.63	962.73	
1739533	53	465.6	522.5	415.6	522.8	308.5	1.75	4.59	0	954	21	0.56	5.5	20.4	0.0	0.0	18.77	33	1.2758	2.0375	470	472.63	962.34	
1740133	53	465.7	521.8	415.1	521.8	308.2	1.75	4.59	0	1,056	20	0.31	5.5	20.4	0.0	0.0	13.71	33	1.2758	2.0375	470	472.63	961.56	
1740646	53	465.8	521.8	415.1	521.5	308.5	1.56	4.59	0	1,003	20	0.31	5.5	20.4	0.0	0.0	14.65	33	1.2758	2.0375	470	472.75	961.02	
1741201	53	465.9	520.8	414.3	520.5	308.2	1.56	4.59	0	998	20	0.31	5.5	20.4	0.0	0.0	14.46	33	1.2758	2.0375	470	472.75	960.47	
1741711	53	466.0	520.2	414.2	520.2	308.2	1.56	4.59	0	979	20	0.31	5.5	20.4	0.0	0.0	14.98	33	1.2758	2.0375	470	472.75	959.69	
1742270	53	466.0	519.5	414.0	519.5	308.2	1.75	4.59	0	974	19	0.31	5.5	20.4	0.0	0.0	15.38	33	1.2758	2.0375	470	472.75	959.61	
1742777	53	466.1	519.2	413.7	518.8	308.2	1.56	4.59	0	942	19	0.31	5.5	20.4	0.0	0.0	16.31	33	1.2758	2.0375	470	472.75	959.53	
1743325	53	466.1	518.2	413.0	518.2	308.2	1.75	4.59	0	924	18	0.31	5.5	20.4	0.0	0.0	17.23	33	1.2758	2.0375	470	472.63	959.30	
1743901	54	466.1	517.8	412.6	517.8	307.8	1.75	4.59	0	949	17	0.31	5.5	20.4	0.0	0.0	17.20	33	1.2758	2.0375	470	472.63	959.22	
1744436	54	466.1	517.2	412.1	516.8	307.8	1.75	4.59	0	945	16	0.31	5.5	20.4	0.0	0.0	17.13	33	1.2758	2.0375	470	472.63	959.14	
1745028	54	466.1	516.2	412.0	515.8	307.5	1.75	4.59	0	934	15	0.31	5.5	20.4	0.0	0.0	17.41	33	1.2758	2.0375	470	472.63	958.98	
1745535	54	466.0	515.8	411.6	515.8	307.5	1.75	4.59	0	941	15	0.31	5.5	20.4	0.0	0.0	17.74	33	1.2758	2.0375	470	472.63	959.14	
1746061	54	466.0	515.2	411.2	514.8	307.5	1.75	4.59	0	944	15	0.31	5.5	20.4	0.0	0.0	17.48	33	1.2758	2.0375	470	472.63	959.22	
1746589	54	465.9	514.5	410.8	514.5	307.2	1.75	4.59	0	943	15	0.31	5.5	20.4	0.0	0.0	17.58	33	1.2758	2.0375	470	472.63	959.45	
1747169	54	465.9	514.2	410.5	514.2	307.5	1.75	4.59	0	934	13	0.31	5.5	20.4	0.0	0.0	17.95	33	1.2758	2.0375	470	472.54	959.38	
1747739	54	465.8	513.5	410.1	513.2	307.2	1.75	4.59	0	945	12	0.31	5.5	20.4	0.0	0.0	18.42	33	1.2758	2.0375	470	472.54	959.45	
1748265	54	465.7	512.5	410.0	512.8	307.2	1.75	4.59	0	915	11	0.31	5.5	20.4	0.0	0.0	19.90	33	1.2758	2.0375	470	472.54	959.14	
1748876	54	465.6	512.2	409.6	511.8	307.2	1.75	4.59	0	924	11	0.56	5.5	20.4	0.0	0.0	20.37	33	1.2758	2.0375	470	472.54	959.45	
1749438	54	465.5	511.8	409.5	511.5	306.8	1.75	4.59	0	958	11	0.56	5.5	20.4	0.0	0.0	19.76	33	1.2758	2.0375	470	472.44	959.92	
1749959	54	465.4	511.2	409.0	511.2	306.8	1.75	4.59	0	955	11	0.31	5.5	20.4	0.0	0.0	19.62	33	1.2758	2.0375	470	472.44	959.92	
1750482	54	465.3	510.8	408.5	510.5	306.5	1.75	4.59	0	948	11	0.31	5.5	20.4	0.0	0.0	19.80	33	1.2758	2.0375	470	472.44	959.84	
1751005	54	465.2	509.8	408.3	510.2	306.5	1.75	4.59	0	947	11	0.31	5.5	20.4	0.0	0.0	19.59	33	1.2758	2.0375	470	472.44	960.08	
1751521	54	465.1	509.8	408.1	509.8	306.5	1.75	4.59	0	950	11	0.31	5.5	20.4	0.0	0.0	19.76	33	1.2758	2.0375	470	472.44	960.31	
1752060	54	464.9	509.5	408.1	509.5	306.5	1.75	4.59	0	963	11	0.56	5.5	20.4	0.0	0.0	19.27	33	1.2758	2.0375	470	472.44	960.31	
1752593	54	464.8	509.2	407.5	508.8	306.5	1.75	4.59	0	966	11	0.31	5.5	20.4	0.0	0.0	19.20	33	1.2758	2.0375	470	472.35	960.31	
1753114	54	464.7	509.2	407.8	509.2	306.8	1.75	4.59	0	957	11	0.31	5.5	20.4	0.0	0.0	19.38	33	1.2758	2.0375	470	472.35	960.00	
1753640	54	464.5	508.5	407.1	508.8	306.2	1.75	4.59	0	951	11	0.56	5.5	20.4	0.0	0.0	19.50	33	1.2758	2.0375	470	472.35	960.16	
1754186	54	464.4	508.2	407.2	507.8	305.8	1.75	4.59	0	958	11	0.31	5.5	20.4	0.0	0.0	19.31	33	1.2758	2.0375	470	472.35	960.31	
1754725	54	464.2	508.2	407.0	508.2	306.2	1.75	4.59	0	948	11	0.31	5.5	20.4	0.0	0.0	19.52	33	1.2758	2.0375	470	472.35	960.16	
1755253	54	464.1	507.8	406.8	507.5	305.8	1.75	4.59	0	946	12	0.56	5.5	20.4	0.0	0.0	19.45	33	1.2758	2.0375	470	472.35	960.16	
1755811	54	463.9	507.8	406.6	507.5	305.8	1.75	4.59	0	948	12	0.56	5.5	20.4	0.0	0.0	19.43	33	1.2758	2.0375	470	472.35	959.84	
1756344	54	463.7	507.5	406.6	507.5	305.8	1.75	4.59	0	950	12	0.31	5.5	20.4	0.0	0.0	19.31	33	1.2758	2.0375	470	472.35	959.84	
1756948	54	463.6	507.2	406.3	507.2	305.8	1.75	4.59	0	953	12	0.31	5.5	20.4	0.0	0.0	19.38	33	1.2758	2.0375	470	472.35	960.08	
1757605	54	463.4	506.8	406.1	506.8	305.5	1.75	4.59	0	954	12	0.31	5.5	20.4	0.0	0.0	27.45	33	1.2758	2.0375	470	472.23	956.64	
1758115	54	463.2	506.8	406.1	506.8	305.5	2.44	4.59	0	1,186	12	1.12	5.5	20.4	0.0	0.0	35.18	33	1.2758	2.0375	470	472.23	960.31	
1758636	54	463.0	506.8	405.8	506.5	305.5	2.12	4.59	0	1,286	13	1.62	5.5	20.4	0.0	0.0	36.61	33	1.2758	2.0375	470	472.23	967.81	
1759156	54	462.7	506.5	406.0	506.2	305.5	2.12	4.59	0	1,316	15	1.94	5.5	20.4	0.0	0.0	38.18	33	1.2758	2.0375	470	472.23	975.94	
1759716	54	462.4	506.2	405.6	506.5	305.5	2.25	4.59	0	1,304	17	1.94	5.5	20.4	0.0	0.0	38.81	33	1.2758	2.0375	470	472.23	981.80	
1760296	54	462.1	506.5	405.8	506.5	305.2	2.25	4.59	0	1,391	18	2.44	5.5	20.4	0.0	0.0	37.64	33	1.2758	2.0375	470	472.23	987.50	
1760866	54	461.7	507.2	406.0	507.2	305.2	2.25	4.59	0	1,533	20	2.19	5.5	20.4	0.0	0.0	24.42	33	1.2758	2.0375	470	472.23	984.84	
1761440	54	461.3	506.8	406.3	507.2	305.2	1.06	4.59	0	1,558	20	1.12	5.5	20.4	0.0	0.0	12.23	33	1.2758	2.0375	470	472.23	971.17	
1761996	53	461.0	507.8	406.5	507.8	305.2	1.56	4.59	0	1,557	20	1.62	5.5	20.4	0.0	0.0	22.15	33	1.2758	2.0375	470	472.23	961.95	
1762509	53	460.7	508.5	406.8	508.5	305.5	2.12	4.59	0	1,595	20	1.62	5.5	20.4	0.0	0.0	30.12	33	1.2758	2.0375	470	472.23	967.73	
1763051	53	460.4	508.8	406.8	508.8	305.2	2.25	4.59	0	1,641	21	1.62	5.5	20.4	0.0	0.0	27.70	33	1.2758	2.0375	470	472.23	977.66	
1763578	54	460.1	509.5	407.2	509.5	304.8	1.25	4.59	0	1,682	22	1.12	5.5	20.4	0.0	0.0	13.76	33	1.2758	2.0375	470	472.23	970.94	
1764202	53	459.8	510.2	407.5	509.8	305.2	1.44	4.59	0	1,659	22	0.81	5.5	20.4	0.0	0.0	11.95	33	1.2758	2.0375	470	472.23	966.48	
1764745	53	459.6	510.8	408.0	510.8	305.5	1.94	4.59	0	1,582	21	0.81	5.5	20.4	0.0	0.0	17.91	33	1.2758	2.0375	470	472.23	967.19	
1765282	53	459.4	511.2	408.3	511.2	305.2	1.06	4.59	0	1,578	20	1.12	5.5	20.4	0.0	0.0	18.98	33	1.2758	2.0375	470	472.14	968.59	
1765805	53	459.3	511.5	408.3	511.8	305.2	0.88	4.59	0	1,498	19	1.12	5.5	20.4	0.0	0.0	18.87	33	1.2758	2.0375	470	472.23	975.39	
1766337	53	459.3	511.8	408.7	511.5	305.2	0.69	4.59	0	1,439	18	1.12	5.5	20.4	0.0	0.0	18.94	33	1.2758	2.0375	470	472.23	976.72	
1766864	54	459.3	512.2	409.0	512.5	305.2	0.69	4.59	0	1,359	17	1.12	5.5	20.4	0.0	0.0	12.59	33	1.2758	2.0375	470	472.23	975.94	
1767368	54	459.3	512.5	408.7	512.5	305.2	1.56	4.59	0	1,329	17	0.56	5.5	20.4	0.0	0.0	17.67	33	1.2758	2.0375	470	472.23	968.52	
1767891	54	459.3	512.5	408.7	512.5	305.2	1.75	4.59	0	1,368	17	1.38	5.5	20.4	0.0	0.0	29.91	33	1.2758	2.0375	470	472.23	966.33	
1768429	54	459.3	511.8	408.7	512.2	305.2	2.25	4.59	0	1,441	18	1.94	5.5	20.4	0.0	0.0	34.99	33	1.2758	2.0375	470	472.14	972.81	
1769003	54	459.2	511.8	408.8	511.8	305.2	2.25	4.59	0	1,539	20	2.19	5.5	20.4	0.0	0.0	32.32	33	1.2758	2.0375	470	472.14	981.48	
1769524	54	459.1	512.5	408.8	512.2	304.8	2.25	4.59	0	1,659	21	1.62	5.5	20.4	0.0	0.0	28.80	33	1.2758	2.0375	470	472.05	987.66	
1770044	54	458.9	512.8	409.0	512.8	305.5	0.69	4.59	0	1,655	22	1.12	5.5	20.4	0.0	0.0	13.92	33	1.2758	2.0375	470	472.05	972.97	
1770554	53	458.7	512.5	409.0	512.5	305.5	1.25	4.59	0	1,648	22	1.12	5.5	20.4	0.0	0.0	11.91	33	1.2758	2.0375	470	471.93	967.66	
1771080	53	458.6	513.2	409.3	513.5	305.5	0.38	4.59	0	1,597	21	0.56	5.5	20.4	0.0	0.0	17.51	33	1.2758	2.0375	470	471.93	967.03	
1771648	53	458.6	513.5	409.5	513.5	305.5	0.88	4.59	0	1,578	20	1.12	5.5	20.4	0.0	0.0	19.01	33	1.2758	2.0375	470	471.93	968.36	
1772155	53	458.6	514.2	410.0	513.8	305.8	0.69	4.59	0	1,489	19	1.12	5.5	20.4	0.0	0.0	18.61	33	1.2758	2.0375	470	471.93	974.92	
1772676	54	458.8	514.2	409.8	514.2	305.5	0.69	4.59	0	1,432	18	1.12	5.5	20.4	0.0	0.0	18.89	33	1.2758	2.0375	470	471.93	976.48	
1773246	54	459.0	513.8	410.0	513.8	305.5	0.69	4.59	0	1,400	17	0.56	5.5	20.4	0.0	0.0	14.62	33	1.2758	2.0375	470	471.93	970.47	
1773835	54	459.2	514.2	409.6	514.2	305.5	2.12	4.59	0	1,453	18	1.62	5.5	20.4	0.0	0.0	34.69	33	1.2758	2.0375	470	472.05	966.95	
1774550	54	459.3	513.5	409.6	513.8	305.8	2.62	4.59	0	1,516	20	3.00	5.5	20.4	0.0	0.0	43.66	33	1.2758	2.0375	470	472.05	990.16	
1775152	54	459.3	513.5	409.6	513.8	305.8	2.81	4.59	0	1,726	22	3.50	5.5	20.4	0.0	0.0	43.38	34	1.2758	2.0375	470	471.93	1,013.67	
1775663	54	459.2	514.2	410.2	514.2	305.8	3.12	4.59	0	1,806	24	3.50	5.5	20.4	0.0	0.0	41.72	34	1.2758	2.0375	470	471.93	1,026.56	
1776240	54	459.1	514.2	410.1	514.5	305.8	2.44	4.59	0	1,803	25	4.62	5.5	20.4	0.0	0.0	46.10	34	1.2758	2.0375	470	471.83	1,052.03	
1776765	54	458.9	514.8	410.7	515.2	305.5	2.25	4.59	0	1,480	26	4.06	5.5	20.4	0.0	0.0	42.26	34	1.2758	2.0375	470	471.74	1,044.84	
1777282	54	458.7	515.5	411.0	515.5	305.8	2.44	4.59	0	1,446	27	3.81	5.5	20.4	0.0	0.0	42.52	34	1.2758	2.0375	470	471.65	1,033.52	
1777839	53	458.5	516.8	411.1	516.8	306.5	2.44	4.59	0	1,491	29	3.25	5.5	20.4	0.0	0.0	42.02	34	1.2758	2.0375	470	471.53	1,026.02	
1778424	53	458.3	517.5	412.0	517.5	306.2	2.25	4.59	0	1,509	30	2.44	5.5	20.4	0.0	0.0	34.43	34	1.2758	2.0375	470	471.34	1,017.27	
1778896	53	458.2	518.5	412.3	518.2	306.5	1.06	4.59	0	1,543	31	1.62	5.5	20.4	0.0	0.0	14.91	34	1.2758	2.0375	470	471.34	984.77	
1779495	53	458.1	518.8	412.8	519.5	306.8	1.06	4.59	0	1,495	31	1.12	5.5	20.4	0.0	0.0	12.02	34	1.2758	2.0375	470	471.25	971.02	
1780065	52	458.0	520.5	413.2	520.2	306.5	1.44	4.59	0	1,431	30	0.56	5.5	20.4	0.0	0.0	16.95	34	1.2758	2.0375	470	471.13	968.12	
1780625	53	458.0	521.5	413.8	521.2	306.8	0.69	4.59	0	1,466	29	1.12	5.5	20.4	0.0	0.0	18.19	34	1.2758	2.0375	470	471.13	968.52	
1781141	53	458.1	521.8	414.1	521.5	306.8	0.69	4.59	0	1,428	29	1.12	5.5	20.4	0.0	0.0	18.02	34	1.2758	2.0375	470	471.04	974.69	
1781665	53	458.2	522.2	414.5	522.5	306.8	0.69	4.59	0	1,399	28	1.12	5.5	20.4	0.0	0.0	18.33	34	1.2758	2.0375	470	471.04	976.48	
1782225	53	458.3	522.5	414.8	522.8	307.2	0.69	4.59	0	1,369	27	1.12	5.5	20.4	0.0	0.0	18.42	34	1.2758	2.0375	470	471.04	977.42	
1782739	53	458.5	522.5	414.8	522.5	307.2	0.69	4.59	0	1,332	27	0.81	5.5	20.4	0.0	0.0	18.33	34	1.2758	2.0375	470	471.04	977.42	
1783388	53	458.8	522.8	415.0	522.5	306.8	0.88	4.59	0	1,297	26	0.81	5.5	20.4	0.0	0.0	18.23	34	1.2758	2.0375	470	471.04	977.34	
1783958	53	459.0	522.5	415.0	522.5	307.5	0.88	4.59	0	1,268	25	0.81	5.5	20.4	0.0	0.0	17.95	34	1.2758	2.0375	470	471.04	977.11	
1784532	54	459.3	521.8	415.0	521.8	307.2	1.06	4.59	0	1,228	25	0.56	5.5	20.4	0.0	0.0	17.95	34	1.2758	2.0375	470	471.04	975.86	
1785041	54	459.6	522.2	414.5	521.8	307.5	1.06	4.59	0	1,207	24	0.56	5.5	20.4	0.0	0.0	18.28	34	1.2758	2.0375	470	471.04	975.55	
1785596	54	459.8	521.5	414.6	521.5	307.5	1.25	4.59	0	1,172	24	0.56	5.5	20.4	0.0	0.0	18.09	34	1.2758	2.0375	470	471.04	974.84	
1786148	54	460.1	520.8	414.1	520.8	307.5	1.25	4.59	0	1,138	23	0.56	5.5	20.4	0.0	0.0	18.14	34	1.2758	2.0375	470	471.04	973.67	
1786722	54	460.3	520.5	414.1	520.5	307.8	1.44	4.59	0	1,104	22	0.31	5.5	20.4	0.0	0.0	18.07	34	1.2758	2.0375	470	471.04	972.89	
1787256	54	460.6	519.8	414.0	519.8	307.8	1.44	4.59	0	1,083	22	0.31	5.5	20.4	0.0	0.0	18.05	34	1.2758	2.0375	470	471.04	972.03	
1787780	54	460.9	519.2	413.6	519.2	308.2	2.81	4.59	0	903	21	0.56	5.5	20.4	0.0	0.0	12.98	34	1.2758	2.0375	470	471.04	968.98	
1788297	54	461.1	518.8	413.1	518.8	307.8	1.75	4.59	0	930	21	0.31	5.5	20.4	0.0	0.0	15.80	34	1.2758	2.0375	470	471.04	965.47	
1788862	54	461.3	517.8	412.8	517.8	307.8	1.75	4.59	0	976	21	0.31	5.5	20.4	0.0	0.0	13.41	34	1.2758	2.0375	470	471.04	963.28	
1789380	54	461.4	517.2	412.6	517.5	307.8	2.25	4.59	0	1,120	21	0.81	5.5	20.4	0.0	0.0	35.46	34	1.2758	2.0375	470	471.04	958.20	
1789910	54	461.6	516.8	412.3	516.8	307.8	2.44	4.59	0	1,597	21	2.44	5.5	20.4	0.0	0.0	35.23	34	1.2758	2.0375	470	471.04	972.50	
1790429	55	461.7	516.2	412.0	515.8	307.5	2.62	4.59	0	1,718	22	3.00	5.5	20.4	0.0	0.0	42.09	34	1.2758	2.0375	470	470.94	991.02	
1790981	54	461.7	515.5	412.0	515.8	307.5	3.50	4.59	0	1,934	24	3.81	5.5	20.4	0.0	0.0	43.66	34	1.2758	2.0375	470	470.94	1,023.91	
1791605	54	461.6	515.5	411.8	515.5	308.2	3.31	4.59	0	1,972	25	4.06	5.5	20.4	0.0	0.0	42.80	34	1.2758	2.0375	470	470.85	1,015.23	
1792190	54	461.5	515.5	411.8	515.5	307.8	2.62	4.59	0	1,655	27	4.62	5.5	20.4	0.0	0.0	37.55	34	1.2758	2.0375	470	470.85	1,000.78	
1792753	54	461.4	515.8	411.8	516.2	307.8	2.25	4.59	0	1,498	28	3.00	5.5	20.4	0.0	0.0	37.92	34	1.2758	2.0375	470	470.73	1,007.73	
1793291	54	461.2	516.5	412.3	516.8	308.2	2.12	4.59	0	1,478	29	1.94	5.5	20.4	0.0	0.0	16.50	34	1.2758	2.0375	470	470.73	983.20	
1793844	53	461.1	517.5	412.8	517.2	308.2	1.25	4.59	0	1,428	29	0.81	5.5	20.4	0.0	0.0	13.34	34	1.2758	2.0375	470	470.64	971.17	
1794398	53	461.0	518.2	413.0	518.2	308.2	1.06	4.59	0	1,392	29	0.56	5.5	20.4	0.0	0.0	16.38	34	1.2758	2.0375	470	470.64	966.80	
1794937	53	460.9	518.5	413.5	518.5	308.2	0.69	4.59	0	1,379	28	0.81	5.5	20.4	0.0	0.0	18.16	34	1.2758	2.0375	470	470.64	967.66	
1795453	53	461.0	519.2	413.8	519.2	308.5	0.69	4.59	0	1,374	27	0.81	5.5	20.4	0.0	0.0	18.49	34	1.2758	2.0375	470	470.64	973.44	
1795977	53	461.0	519.5	414.0	519.5	308.5	0.88	4.59	0	1,330	27	0.81	5.5	20.4	0.0	0.0	18.42	34	1.2758	2.0375	470	470.64	974.77	
1796520	53	461.2	519.5	414.1	519.5	308.5	0.88	4.59	0	1,289	26	0.81	5.5	20.4	0.0	0.0	18.28	34	1.2758	2.0375	470	470.64	975.94	
1797047	53	461.3	519.5	414.1	519.8	308.5	0.88	4.59	0	1,312	26	0.81	5.5	20.4	0.0	0.0	12.91	34	1.2758	2.0375	470	470.64	972.19	
1797617	53	461.5	519.8	414.0	519.5	308.8	1.75	4.59	0	1,356	26	1.38	5.5	20.4	0.0	0.0	31.52	34	1.2758	2.0375	470	470.64	965.39	
1798171	54	461.6	519.5	414.0	519.5	308.8	2.25	4.59	0	1,412	27	2.19	5.5	20.4	0.0	0.0	37.50	34	1.2758	2.0375	470	470.64	974.14	
1798743	54	461.7	518.8	414.0	519.5	308.5	2.25	4.59	0	1,446	28	2.44	5.5	20.4	0.0	0.0	34.59	34	1.2758	2.0375	470	470.64	985.70	
1799285	54	461.7	519.5	414.1	519.5	308.8	2.12	4.59	0	1,437	29	1.62	5.5	20.4	0.0	0.0	28.17	34	1.2758	2.0375	470	470.64	987.66	
1799797	54	461.8	519.5	414.1	519.5	308.8	1.56	4.59	0	1,428	29	1.38	5.5	20.4	0.0	0.0	13.83	34	1.2758	2.0375	470	470.64	971.41	
1800469	53	461.8	519.5	414.1	519.5	308.8	1.06	4.59	0	1,426	29	1.12	5.5	20.4	0.0	0.0	11.32	34	1.2758	2.0375	470	470.64	965.39	
1800987	53	461.8	519.8	414.5	519.8	309.2	0.38	4.59	0	1,446	29	0.81	5.5	20.4	0.0	0.0	14.30	34	1.2758	2.0375	470	470.64	964.38	
1801568	53	461.8	520.2	414.7	519.8	309.5	0.69	4.59	0	1,397	28	1.12	5.5	20.4	0.0	0.0	18.33	34	1.2758	2.0375	470	470.64	966.56	
1802122	53	462.0	520.2	414.5	520.2	309.2	0.69	4.59	0	1,355	27	1.12	5.5	20.4	0.0	0.0	18.30	34	1.2758	2.0375	470	470.64	973.52	
1802717	54	462.3	520.2	414.7	520.2	308.8	0.69	4.59	0	1,316	27	0.81	5.5	20.4	0.0	0.0	18.59	34	1.2758	2.0375	470	470.73	975.39	
1803318	54	462.7	520.2	414.7	520.2	309.2	0.88	4.59	0	1,282	26	0.81	5.5	20.4	0.0	0.0	18.33	34	1.2758	2.0375	470	470.85	975.55	
1803855	54	463.0	519.8	414.7	519.8	309.2	1.06	4.59	0	1,260	25	0.81	5.5	20.4	0.0	0.0	18.35	34	1.2758	2.0375	470	470.85	975.94	
1804384	54	463.4	519.5	414.3	519.8	309.2	1.06	4.59	0	1,233	25	0.56	5.5	20.4	0.0	0.0	18.42	34	1.2758	2.0375	470	470.94	975.31	
1804895	54	463.9	519.5	414.3	519.5	309.2	1.25	4.59	0	1,192	24	0.56	5.5	20.4	0.0	0.0	18.33	34	1.2758	2.0375	470	471.04	975.00	
1805421	54	464.3	519.2	414.3	518.8	309.5	1.25	4.59	0	1,175	23	0.56	5.5	20.4	0.0	0.0	18.33	34	1.2758	2.0375	470	471.13	974.61	
1805936	54	464.8	518.8	414.1	518.5	309.5	1.44	4.59	0	1,134	23	0.31	5.5	20.4	0.0	0.0	18.38	34	1.2758	2.0375	470	471.25	973.98	
1806459	54	465.2	518.2	414.0	518.2	309.2	1.44	4.59	0	1,110	22	0.31	5.5	20.4	0.0	0.0	19.29	34	1.2758	2.0375	470	471.34	972.34	
1807047	54	465.7	517.5	413.5	517.8	309.5	3.00	4.59	0	1,130	22	1.94	5.5	20.4	0.0	0.0	52.78	34	1.2758	2.0375	470	471.44	969.22	
1807613	55	466.2	517.5	413.2	517.2	309.5	3.00	4.59	0	1,254	24	5.12	5.5	20.4	0.0	0.0	70.20	34	1.2758	2.0375	470	471.53	1,026.17	
1808191	55	466.9	516.5	413.0	516.5	309.5	3.31	4.59	0	1,331	26	7.56	5.5	20.4	0.0	0.0	73.80	34	1.2758	2.0375	470	471.74	1,084.69	
1808710	54	467.6	516.5	412.8	516.2	309.2	3.31	4.59	0	1,424	28	9.50	5.5	20.4	0.0	0.0	70.08	34	1.2758	2.0375	470	471.83	1,070.39	
1809301	54	468.5	516.2	412.8	516.5	309.5	3.50	4.59	0	1,516	30	9.19	5.5	20.4	0.0	0.0	59.02	34	1.2758	2.0375	470	471.93	1,029.14	
1809803	54	469.4	516.8	413.0	516.5	309.2	4.19	4.59	0	1,647	33	8.12	5.5	20.4	0.0	0.0	62.27	34	1.2758	2.0375	470	472.05	1,044.61	
1810355	53	470.4	516.8	413.0	516.8	309.5	5.25	4.59	0	1,731	35	9.19	5.5	20.4	0.0	0.0	69.80	34	1.2758	2.0375	470	472.23	1,126.33	
1810867	53	471.5	517.5	413.5	517.5	309.2	6.44	4.59	0	1,804	37	10.00	5.5	20.4	0.0	0.0	73.24	34	1.2758	2.0281	470	472.35	1,161.56	
1811382	53	473.0	518.2	413.7	518.5	309.5	7.69	4.59	0	1,985	39	12.69	5.5	20.4	0.0	0.0	50.16	34	1.2758	2.0281	470	472.54	1,138.44	
1811895	52	474.5	519.5	414.5	519.5	309.8	1.44	4.59	0	1,329	39	1.94	5.5	20.4	0.0	0.0	20.74	34	1.2758	2.0281	470	472.84	1,018.20	
1812424	52	475.5	520.5	415.1	520.8	309.8	1.25	4.59	0	1,338	39	0.81	5.5	20.8	0.0	0.0	15.21	34	1.2758	2.0469	470	472.94	982.58	
1812943	51	476.5	521.8	415.6	521.8	309.5	1.56	4.59	0	1,305	39	0.81	5.5	20.4	0.0	0.0	11.46	34	1.2758	2.0375	470	473.15	970.62	
1813532	51	477.5	523.5	416.5	523.2	309.8	1.06	4.59	0	1,314	39	0.56	5.5	20.4	0.0	0.0	17.44	34	1.2758	2.0375	470	473.33	969.06	
1814091	52	478.3	523.8	417.0	524.2	309.5	0.88	4.59	0	1,285	38	0.81	5.5	20.4	0.0	0.0	17.41	34	1.2758	2.0375	470	473.55	974.38	
1814626	52	479.0	524.8	417.3	525.2	309.8	1.06	4.59	0	1,275	38	0.56	5.5	20.4	0.0	0.0	17.55	34	1.2758	2.0375	470	473.73	975.70	
1815171	52	479.8	525.2	417.7	525.5	310.2	1.06	4.59	0	1,243	37	0.56	5.5	20.4	0.0	0.0	17.65	34	1.2758	2.0375	470	473.85	976.02	
1815711	52	480.6	525.8	417.8	526.2	309.8	1.25	4.59	0	1,188	35	0.56	5.5	20.4	0.0	0.0	17.74	34	1.2758	2.0375	470	474.04	975.70	
1816279	52	481.3	526.5	418.0	526.2	309.8	1.44	4.59	0	1,139	32	0.31	5.5	20.4	0.0	0.0	17.39	34	1.2758	2.0375	470	474.25	974.77	
1816707	53	481.8	526.2	418.0	526.2	310.5	1.06	4.59	0	1,260	31	0.56	5.5	20.4	0.0	0.0	17.84	34	1.2758	2.0375	470	474.44	975.08	
1817384	53	482.6	526.2	418.2	526.2	309.8	0.88	4.59	0	1,354	30	0.81	5.5	20.4	0.0	0.0	17.72	34	1.2758	2.0375	470	474.65	976.56	
1817944	53	483.2	525.5	417.8	525.5	309.8	0.69	4.59	0	1,467	29	1.12	5.5	20.4	0.0	0.0	14.79	34	1.2758	2.0375	470	474.83	975.00	
1818470	53	483.8	525.2	417.8	525.2	309.8	2.44	4.59	0	1,516	29	2.44	5.5	20.4	0.0	0.0	47.20	34	1.2758	2.0375	475	475.05	973.36	
1818991	53	484.6	525.2	417.5	524.8	309.8	3.81	4.59	0	1,599	31	6.50	5.5	20.4	0.0	0.0	62.16	34	1.2758	2.0375	475	475.35	1,042.34	
1819521	54	485.3	524.8	417.5	525.2	310.2	4.38	4.59	0	1,659	33	8.12	5.5	20.4	0.0	0.0	72.30	34	1.2758	2.0375	475	475.63	1,128.52	
1820030	53	486.3	524.8	417.5	524.8	310.2	5.56	4.59	0	1,717	35	10.00	5.5	20.4	0.0	0.0	76.38	34	1.2758	2.0281	475	476.03	1,215.16	
1820592	53	487.6	524.8	417.3	524.5	310.5	7.31	4.59	0	1,904	38	11.88	5.5	20.4	0.0	0.0	81.09	34	1.2758	2.0281	475	476.55	1,317.03	
1821132	53	489.5	525.5	417.8	525.5	310.5	8.38	4.59	0	2,006	41	15.44	5.5	20.4	0.0	0.0	84.89	34	1.2758	2.0281	475	477.04	1,428.28	
1821680	52	492.1	526.2	418.2	526.2	310.2	9.75	4.59	0	2,114	44	20.56	5.5	20.4	0.0	0.0	95.23	34	1.2758	2.0187	475	477.74	1,587.42	
1822136	52	494.7	526.8	418.8	527.2	310.2	12.00	4.59	0	2,311	46	28.12	5.5	20.0	0.0	0.0	78.77	34	1.2758	2.0187	475	478.54	1,312.42	
1822672	52	498.6	528.5	419.6	528.5	310.5	3.00	4.59	0	2,335	48	4.31	5.5	20.4	0.0	0.0	23.16	34	1.2758	2.0281	475	479.33	1,015.39	
1823229	50	501.2	530.2	420.3	530.5	310.8	2.12	4.59	0	2,353	48	1.38	5.5	20.4	0.0	0.0	12.19	34	1.2758	2.0187	480	480.13	974.30	
1823802	50	503.3	532.5	421.5	532.5	310.8	1.25	4.59	0	2,305	47	-0.19	5.5	20.0	0.0	0.0	17.02	34	1.2758	2.0187	480	480.83	967.81	
1824311	50	505.1	534.2	422.7	534.2	311.2	1.94	4.59	0	2,160	47	0.81	5.5	20.0	0.0	0.0	18.68	34	1.2758	2.0187	480	481.54	973.59	
1824828	51	506.9	535.2	423.2	535.5	311.5	2.12	4.59	0	1,872	46	0.81	5.5	20.0	0.0	0.0	18.07	34	1.2758	2.0187	480	482.15	983.91	
1825353	51	508.5	536.8	424.0	536.8	311.2	1.25	4.59	0	1,651	45	1.12	5.5	20.0	0.0	0.0	17.72	34	1.2758	2.0187	480	482.73	983.12	
1825966	51	509.9	537.8	424.3	537.8	311.5	0.88	4.59	0	1,537	45	1.12	5.5	20.0	0.0	0.0	17.46	34	1.2758	2.0094	480	483.44	981.88	
1826539	51	511.5	538.8	425.0	538.8	311.2	0.88	4.59	0	1,487	44	1.12	5.5	20.0	0.0	0.0	17.67	34	1.2758	2.0094	480	484.05	980.47	
1827054	52	513.0	539.2	425.5	539.5	311.5	0.69	4.59	0	1,467	43	1.12	5.5	20.0	0.0	0.0	18.21	34	1.2758	2.0094	480	484.63	980.00	
1827549	52	514.2	539.5	425.5	539.8	311.5	1.06	4.59	0	1,174	43	0.56	5.5	20.0	0.0	0.0	17.44	34	1.2758	2.0094	485	485.15	977.58	
1828112	52	515.3	539.8	425.6	540.2	311.5	1.44	4.59	0	1,104	42	0.31	5.5	20.0	0.0	0.0	17.65	34	1.2758	2.0094	485	485.73	974.92	
1828635	52	516.4	539.8	425.5	539.5	312.2	2.12	4.59	0	1,144	42	0.81	5.5	20.0	0.0	0.0	46.76	34	1.2758	2.0094	485	486.34	965.08	
1829170	53	517.6	539.5	425.8	539.8	311.8	2.81	4.59	0	1,190	43	4.31	5.5	20.0	0.0	0.0	69.98	34	1.2758	2.0187	485	487.05	1,016.64	
1829723	53	519.1	539.5	425.6	539.5	312.2	3.31	4.59	0	1,148	44	6.50	5.5	20.0	0.0	0.0	87.54	34	1.2758	2.0187	485	487.94	1,114.45	
1830227	53	520.8	539.2	425.5	539.2	312.2	4.38	4.59	0	1,241	45	10.25	5.5	20.0	0.0	0.0	97.36	34	1.2758	2.0094	485	488.85	1,230.94	
1830792	53	522.9	539.2	425.6	539.2	312.2	4.69	4.59	0	1,204	47	11.38	5.5	20.0	0.0	0.0	104.51	34	1.2758	2.0094	485	490.05	1,305.78	
1831317	52	525.1	539.5	425.6	539.5	312.2	2.44	4.59	0	1,252	48	7.88	5.5	20.0	0.0	0.0	46.20	34	1.2758	2.0094	490	491.03	1,069.38	
1831836	52	527.0	539.5	425.8	539.8	312.2	1.44	4.59	0	1,238	48	1.12	5.5	20.0	0.0	0.0	21.07	34	1.2758	2.0094	490	491.85	991.56	
1832384	51	528.7	540.2	426.3	540.2	312.5	3.00	4.59	0	1,399	48	4.88	5.5	19.6	0.0	0.0	69.35	34	1.2758	2.0000	490	493.05	1,017.27	
1832895	51	530.5	540.5	426.5	540.5	312.5	3.69	4.59	0	1,280	49	8.38	5.5	20.0	0.0	0.0	91.71	34	1.2758	2.0187	490	494.15	1,156.02	
1833409	52	532.6	541.2	427.0	541.2	312.5	5.06	4.59	0	1,382	50	13.25	5.5	20.0	0.0	0.0	105.68	34	1.2758	2.0094	495	495.34	1,302.58	
1833996	51	535.7	542.2	427.0	541.8	312.5	6.12	4.59	0	1,362	52	17.31	5.5	20.0	0.0	0.0	88.55	34	1.2758	2.0094	495	497.03	1,153.44	
1834612	51	538.8	542.5	427.6	542.5	312.8	1.94	4.59	0	1,357	53	4.06	5.5	20.0	0.0	0.0	24.23	34	1.2758	2.0094	495	498.44	1,024.61	
1835164	50	541.0	543.5	428.0	543.8	313.2	1.44	4.59	0	1,360	53	0.81	5.5	20.0	0.0	0.0	11.95	34	1.2758	2.0094	495	499.35	983.91	
1835740	50	543.1	544.2	428.7	544.5	313.2	0.88	4.59	0	1,214	52	0.31	5.5	19.6	0.0	0.0	16.52	34	1.2758	2.0000	500	500.43	972.81	
1836347	50	544.8	545.5	429.3	545.8	313.5	1.44	4.59	0	1,100	52	0.31	5.5	19.6	0.0	0.0	15.28	34	1.2758	2.0000	500	501.44	974.14	
1836883	51	546.3	546.2	429.5	545.8	313.5	1.44	4.59	0	1,079	51	0.31	5.5	19.6	0.0	0.0	16.55	34	1.2758	2.0000	500	502.44	972.81	
1837444	51	547.7	546.5	430.0	546.5	313.5	1.44	4.59	0	1,068	51	0.31	5.5	19.6	0.0	0.0	16.41	34	1.2758	2.0000	500	503.24	971.95	
1837964	51	548.9	546.5	430.0	546.5	313.8	1.56	4.59	0	1,060	51	0.00	5.5	19.6	0.0	0.0	16.62	34	1.2758	2.0000	500	503.94	971.56	
1838488	51	550.1	546.5	430.0	546.2	313.5	1.56	4.59	0	1,059	50	0.31	5.5	19.6	0.0	0.0	16.69	34	1.2758	2.0000	500	504.83	970.86	
1839016	51	551.1	545.8	429.8	545.8	313.5	1.56	4.59	0	1,052	50	0.31	5.5	19.6	0.0	0.0	18.33	34	1.2758	2.0000	505	505.63	969.61	
1839604	52	552.3	545.8	429.6	545.8	313.8	2.62	4.59	0	1,138	50	1.94	5.5	19.6	0.0	0.0	56.39	34	1.2758	2.0000	505	506.64	963.05	
1840129	52	553.6	545.5	429.6	545.2	313.5	3.12	4.59	0	1,322	51	6.25	5.5	19.6	0.0	0.0	80.60	34	1.2758	2.0000	505	507.65	1,051.64	
1840700	52	555.3	544.8	429.1	544.8	313.5	4.56	4.59	0	1,344	52	10.81	5.5	19.6	0.0	0.0	98.86	34	1.2758	2.0000	505	509.15	1,230.62	
1841226	52	557.1	544.2	429.0	544.5	313.8	5.75	4.59	0	1,403	53	15.12	5.5	19.6	0.0	0.0	109.62	34	1.2758	2.0000	510	510.44	1,372.58	
1841791	52	559.8	543.8	429.1	544.2	313.8	7.12	4.59	0	1,474	55	21.88	5.5	19.6	0.0	0.0	68.70	34	1.2758	2.0000	510	511.94	1,137.11	
1842309	51	562.2	544.2	429.3	544.2	313.8	2.12	4.59	0	1,442	55	3.50	5.5	19.6	0.0	0.0	25.41	34	1.2758	2.0000	510	513.53	1,031.09	
1842974	50	564.0	544.8	429.5	544.8	314.5	1.06	4.59	0	1,429	55	1.12	5.5	19.6	0.0	0.0	11.84	34	1.2758	2.0000	510	514.75	983.12	
1843530	50	565.5	545.5	430.0	545.5	314.5	0.38	4.59	0	1,342	55	0.56	5.5	20.0	0.0	0.0	16.64	34	1.2758	2.0094	515	515.94	973.12	
1844084	50	566.7	546.2	430.3	546.5	314.5	0.88	4.59	0	1,250	54	0.56	5.5	20.0	0.0	0.0	17.11	34	1.2758	2.0094	515	516.83	973.98	
1844589	51	568.1	546.8	430.5	546.8	314.2	1.25	4.59	0	1,132	54	0.56	5.5	20.0	0.0	0.0	16.92	34	1.2758	2.0094	515	517.94	973.91	
1845123	51	569.3	547.2	430.8	547.2	314.5	1.25	4.59	0	1,134	54	0.31	5.5	20.0	0.0	0.0	16.88	34	1.2758	2.0094	515	518.85	973.44	
1845697	51	570.3	547.2	430.6	546.8	314.2	1.25	4.59	0	1,113	53	0.31	5.5	20.0	0.0	0.0	16.90	34	1.2758	2.0094	515	519.83	972.50	
1846226	51	571.3	546.8	430.5	546.8	314.2	2.12	4.59	0	1,134	53	0.56	5.5	20.0	0.0	0.0	37.27	34	1.2758	2.0094	520	520.63	964.22	
1846760	52	572.3	546.5	430.6	546.8	314.2	3.00	4.59	0	1,463	53	4.62	5.5	20.0	0.0	0.0	62.32	34	1.2758	2.0094	520	521.73	995.70	
1847263	52	573.3	546.2	430.0	546.2	314.5	3.31	4.59	0	1,394	54	6.75	5.5	20.0	0.0	0.0	70.69	34	1.2758	2.0094	520	522.93	1,069.45	
1847779	52	574.4	545.8	430.0	546.2	314.2	2.81	4.59	0	1,429	55	7.56	5.5	20.0	0.0	0.0	59.09	34	1.2758	2.0094	520	524.15	1,094.69	
1848289	52	575.6	546.2	430.3	545.8	314.5	1.94	4.59	0	1,438	56	2.44	5.5	20.0	0.0	0.0	23.25	34	1.2758	2.0094	525	525.53	1,014.22	
1848834	51	576.4	546.2	430.5	545.8	314.5	1.25	4.59	0	1,177	56	0.56	5.5	20.0	0.0	0.0	12.56	34	1.2758	2.0094	525	526.44	981.56	
1849372	51	577.0	546.2	430.3	546.2	314.8	1.75	4.59	0	1,156	56	0.56	5.5	20.0	0.0	0.0	30.33	34	1.2758	2.0094	525	527.24	962.42	
1849902	51	577.7	546.5	430.5	546.5	314.5	2.81	4.59	0	1,338	56	4.06	5.5	20.0	0.0	0.0	65.77	34	1.2758	2.0094	525	528.53	995.86	
1850408	52	578.4	546.5	430.8	546.5	314.5	3.69	4.59	0	1,222	57	6.75	5.5	20.0	0.0	0.0	85.15	34	1.2758	2.0094	525	529.84	1,098.12	
1850940	52	579.3	547.2	430.6	546.8	314.5	4.00	4.59	0	1,273	57	9.75	5.5	20.0	0.0	0.0	97.45	34	1.2758	2.0094	530	531.13	1,216.64	
1851604	51	580.6	546.8	430.8	547.2	314.5	2.81	4.59	0	1,242	58	7.31	5.5	20.0	0.0	0.0	46.43	34	1.2758	2.0094	530	532.84	1,072.34	
1852099	51	581.5	547.5	431.3	547.5	314.5	1.44	4.59	0	1,213	58	0.81	5.5	20.0	0.0	0.0	17.06	34	1.2758	2.0094	530	533.85	1,001.02	
1852666	50	582.4	548.2	431.5	548.5	314.8	1.06	4.59	0	1,203	58	0.31	5.5	20.0	0.0	0.0	14.02	34	1.2758	2.0094	530	534.74	975.94	
1853174	50	582.9	548.8	431.5	548.8	314.5	1.06	4.59	0	1,221	58	0.56	5.5	20.0	0.0	0.0	16.92	34	1.2758	2.0094	535	535.54	971.17	
1853680	50	583.5	549.5	432.0	549.5	314.5	1.06	4.59	0	1,212	57	0.56	5.5	20.0	0.0	0.0	17.02	34	1.2758	2.0094	535	536.33	969.14	
1854191	51	584.1	549.5	432.0	549.5	314.8	1.25	4.59	0	1,194	57	0.56	5.5	20.0	0.0	0.0	16.88	34	1.2758	2.0094	535	537.34	974.06	
1854709	51	584.6	549.8	432.3	550.2	314.8	1.25	4.59	0	1,190	57	0.56	5.5	20.0	0.0	0.0	17.27	34	1.2758	2.0094	535	538.05	974.30	
1855270	51	585.1	549.8	432.5	549.8	314.8	1.06	4.59	0	1,187	57	0.56	5.5	20.0	0.0	0.0	16.95	34	1.2758	2.0094	535	538.75	974.30	
1855863	51	585.7	549.5	432.0	549.8	314.8	1.25	4.59	0	1,175	56	0.56	5.5	20.0	0.0	0.0	17.18	34	1.2758	2.0094	535	539.64	974.06	
1856451	51	586.2	549.2	432.0	549.2	314.8	1.25	4.59	0	1,172	56	0.56	5.5	20.0	0.0	0.0	17.41	34	1.2758	2.0094	540	540.44	974.30	
1857004	52	586.7	548.8	431.5	548.8	314.8	1.25	4.59	0	1,163	56	0.56	5.5	20.0	0.0	0.0	17.13	34	1.2758	2.0094	540	541.14	974.30	
1857561	52	587.1	548.5	431.5	548.2	314.5	1.25	4.59	0	1,151	55	0.31	5.5	20.0	0.0	0.0	17.44	34	1.2758	2.0094	540	541.75	973.67	
1858120	52	587.5	547.5	431.1	547.5	314.5	1.25	4.59	0	1,121	54	0.56	5.5	20.0	0.0	0.0	17.32	34	1.2758	2.0094	540	542.43	973.28	
1858652	52	587.9	547.2	430.8	547.2	314.2	1.25	4.59	0	1,125	53	0.31	5.5	20.0	0.0	0.0	17.06	34	1.2758	2.0094	540	543.04	973.12	
1859183	52	588.3	546.5	430.3	546.2	314.2	1.44	4.59	0	1,080	51	0.31	5.5	20.0	0.0	0.0	17.46	34	1.2758	2.0094	540	543.53	972.81	
1859714	52	588.6	545.2	429.8	545.5	314.5	2.12	4.59	0	1,217	49	0.56	5.5	20.0	0.0	0.0	11.30	34	1.2758	2.0094	540	544.23	969.77	
1860358	52	588.9	544.8	429.5	544.8	314.5	1.25	4.59	0	1,203	48	0.56	5.5	20.0	0.0	0.0	17.23	34	1.2758	2.0094	540	544.84	971.72	
1860878	53	589.2	544.2	428.8	544.5	314.2	1.06	4.59	0	1,227	47	0.56	5.5	20.0	0.0	0.0	17.95	34	1.2758	2.0094	545	545.24	972.66	
1861401	53	589.6	543.5	428.6	542.8	313.8	1.06	4.59	0	1,214	47	0.56	5.5	20.0	0.0	0.0	17.91	34	1.2758	2.0094	545	545.85	973.67	
1861943	53	589.9	542.5	428.1	542.5	313.8	1.06	4.59	0	1,204	47	0.56	5.5	20.0	0.0	0.0	18.07	34	1.2758	2.0094	545	546.34	974.30	
1862464	53	590.2	541.2	427.6	541.5	313.5	1.06	4.59	0	1,198	47	0.56	5.5	20.0	0.0	0.0	20.41	34	1.2758	2.0094	545	546.74	973.12	
1862983	53	590.5	539.8	427.3	540.5	313.2	2.44	4.59	0	1,251	47	1.62	5.5	20.0	0.0	0.0	53.37	34	1.2758	2.0094	545	547.23	965.78	
1863485	53	590.8	539.5	426.7	539.8	313.5	3.12	4.59	0	1,299	48	5.69	5.5	20.0	0.0	0.0	79.38	34	1.2758	2.0094	545	547.94	1,028.67	
1864045	53	591.0	539.2	425.8	538.8	313.2	4.00	4.59	0	1,259	49	9.50	5.5	20.0	0.0	0.0	95.84	34	1.2758	2.0094	545	548.73	1,181.72	
1864584	53	591.4	538.2	425.8	538.2	313.2	5.25	4.59	0	1,342	50	14.31	5.5	20.0	0.0	0.0	106.59	34	1.2758	2.0094	545	549.65	1,339.45	
1865126	53	591.9	538.2	425.5	538.2	313.2	6.81	4.59	0	1,457	52	18.94	5.5	20.0	0.0	0.0	112.80	34	1.2758	2.0094	550	550.75	1,342.50	
1865695	52	592.7	538.5	425.6	538.5	312.5	5.94	4.59	0	1,395	54	18.94	5.5	19.6	0.0	0.0	99.40	34	1.2758	1.9898	550	551.85	1,159.61	
1866198	51	593.8	539.2	426.0	539.2	312.8	2.62	4.59	0	1,408	55	6.75	5.5	19.6	0.0	0.0	39.12	34	1.2758	2.0000	550	552.93	1,064.45	
1866719	50	594.5	539.8	426.3	539.8	312.8	1.06	4.59	0	1,357	55	1.12	5.5	19.6	0.0	0.0	19.88	34	1.2758	2.0000	550	553.75	1,000.08	
1867273	50	595.1	541.5	427.0	541.8	312.5	1.06	4.59	0	1,139	55	0.56	5.5	19.6	0.0	0.0	12.02	34	1.2758	1.9898	550	554.43	976.02	
1867817	50	595.6	543.2	428.0	543.2	312.8	1.56	4.59	0	1,152	55	0.31	5.5	20.0	0.0	0.0	12.19	34	1.2758	2.0094	555	555.25	967.58	
1868412	50	595.9	544.5	428.2	544.5	312.5	1.94	4.59	0	1,115	55	0.31	5.5	20.0	0.0	0.0	12.00	34	1.2758	2.0094	555	555.83	967.89	
1868937	50	596.3	545.2	428.8	545.2	312.5	1.06	4.59	0	1,138	54	0.31	5.5	20.0	0.0	0.0	12.33	34	1.2758	2.0094	555	556.54	964.53	
1869548	50	596.6	546.5	429.5	546.5	312.5	1.44	4.59	0	1,134	54	0.31	5.5	20.0	0.0	0.0	12.47	34	1.2758	2.0094	555	557.24	963.05	
1870120	51	596.9	546.8	429.6	547.2	312.5	1.75	4.59	0	1,129	54	0.56	5.5	20.0	0.0	0.0	12.26	34	1.2758	2.0094	555	557.94	961.02	
1870689	51	597.2	547.2	429.8	547.2	312.5	2.44	4.59	0	1,182	54	1.94	5.5	20.0	0.0	0.0	52.38	34	1.2758	2.0094	555	558.74	962.27	
1871188	51	597.3	547.8	430.0	547.8	312.5	2.81	4.59	0	1,263	55	4.62	5.5	20.0	0.0	0.0	69.59	34	1.2758	2.0094	555	559.54	1,010.78	
1871695	52	597.6	548.2	430.0	547.8	312.5	3.00	4.59	0	1,217	55	5.44	5.5	20.0	0.0	0.0	72.19	34	1.2758	2.0094	560	560.24	1,065.47	
1872236	51	598.0	548.2	430.1	548.2	312.5	3.69	4.59	0	1,195	56	8.12	5.5	20.0	0.0	0.0	90.40	34	1.2758	2.0094	560	561.13	1,179.61	
1872824	51	598.6	549.2	430.5	548.8	312.5	2.12	4.59	0	1,184	57	5.69	5.5	20.0	0.0	0.0	34.17	34	1.2758	2.0094	560	562.05	1,060.39	
1873336	51	599.0	549.5	430.8	549.5	312.2	1.56	4.59	0	1,194	57	0.81	5.5	20.0	0.0	0.0	16.22	34	1.2758	2.0094	560	562.63	995.86	
1873871	50	599.3	550.5	431.3	550.8	312.5	1.25	4.59	0	1,156	57	0.00	5.5	20.0	0.0	0.0	13.76	34	1.2758	2.0094	560	563.24	976.09	
1874386	50	599.6	551.2	431.7	551.2	312.2	1.44	4.59	0	1,188	56	0.56	5.5	20.0	0.0	0.0	13.92	34	1.2758	2.0094	560	563.73	969.30	
1874919	50	599.8	552.2	432.3	552.2	312.5	2.25	4.59	0	1,232	57	1.12	5.5	20.0	0.0	0.0	38.09	34	1.2758	2.0094	560	564.44	976.25	
1875442	51	600.0	553.2	432.5	553.2	311.8	1.56	4.59	0	1,184	57	1.12	5.5	20.0	0.0	0.0	17.72	34	1.2758	2.0094	565	565.05	968.98	
1875964	51	600.1	553.5	432.8	553.5	311.8	1.44	4.59	0	1,173	57	0.31	5.5	20.0	0.0	0.0	12.16	34	1.2758	2.0094	565	565.54	965.16	
1876528	51	600.2	553.5	432.8	553.8	312.2	0.69	4.59	0	1,172	56	0.31	5.5	20.0	0.0	0.0	16.62	34	1.2758	2.0094	565	566.15	964.77	
1877166	51	600.3	554.5	433.0	554.2	312.2	1.06	4.59	0	1,184	56	0.56	5.5	20.0	0.0	0.0	17.06	34	1.2758	2.0094	565	566.73	965.78	
1877677	51	600.4	554.2	432.8	554.2	311.8	1.06	4.59	0	1,170	56	0.31	5.5	20.0	0.0	0.0	16.95	34	1.2758	2.0094	565	567.13	970.00	
1878190	51	600.6	554.5	433.0	554.2	311.8	1.25	4.59	0	1,166	56	0.56	5.5	20.0	0.0	0.0	17.02	34	1.2758	2.0094	565	567.65	971.56	
1878733	52	600.8	554.5	432.8	554.5	311.5	1.25	4.59	0	1,157	55	0.56	5.5	20.0	0.0	0.0	17.18	34	1.2758	2.0094	565	568.05	972.42	
1879304	52	601.0	553.8	432.8	554.2	311.8	1.25	4.59	0	1,153	55	0.56	5.5	20.0	0.0	0.0	17.18	34	1.2758	2.0094	565	568.54	972.97	
1879858	52	601.2	553.8	432.6	553.2	311.5	1.25	4.59	0	1,146	55	0.56	5.5	20.0	0.0	0.0	17.20	34	1.2758	2.0094	565	568.94	972.97	
1880384	52	601.4	553.2	432.3	553.5	311.2	1.25	4.59	0	1,137	54	0.56	5.5	20.0	0.0	0.0	17.04	34	1.2758	2.0094	565	569.43	973.36	
1880938	52	601.6	552.5	432.0	552.5	310.8	1.44	4.59	0	1,130	54	0.56	5.5	20.0	0.0	0.0	17.27	34	1.2758	2.0094	565	569.73	972.97	
1881463	52	601.8	551.8	431.7	551.5	311.2	1.25	4.59	0	1,128	54	0.31	5.5	20.0	0.0	0.0	17.48	34	1.2758	2.0094	570	570.13	973.20	
1882009	52	602.0	551.5	431.0	551.5	310.8	1.44	4.59	0	1,120	53	0.56	5.5	20.0	0.0	0.0	17.48	34	1.2758	2.0094	570	570.53	972.50	
1882587	53	602.2	550.5	430.6	550.8	310.8	0.56	4.59	0	1,172	53	0.56	5.5	20.0	0.0	0.0	41.81	34	1.2758	2.0094	570	570.93	962.81	
1883160	53	602.4	549.5	430.0	549.5	310.5	3.50	4.59	0	1,399	54	5.69	5.5	20.0	0.0	0.0	66.26	34	1.2758	2.0094	570	571.35	1,007.11	
1883678	53	602.4	549.5	430.0	549.5	310.2	3.69	4.59	0	1,393	54	8.38	5.5	20.0	0.0	0.0	77.25	34	1.2758	2.0094	570	571.84	1,102.11	
1884200	53	602.4	548.5	429.5	548.8	310.2	4.00	4.59	0	1,438	56	10.00	5.5	19.6	0.0	0.0	80.41	34	1.2758	2.0000	570	572.43	1,177.19	
1884790	52	602.5	548.5	429.3	548.8	310.2	5.38	4.59	0	1,460	57	16.50	5.5	19.6	0.0	0.0	103.38	34	1.2758	2.0094	570	573.13	1,309.22	
1885362	52	602.8	549.2	429.3	549.2	309.8	6.25	4.59	0	1,529	58	20.25	5.5	19.6	0.0	0.0	97.71	34	1.2758	1.9898	570	573.74	1,262.97	
1885957	51	603.3	549.8	429.8	549.5	310.2	4.38	4.59	0	1,533	59	18.12	5.5	19.6	0.0	0.0	38.98	34	1.2758	2.0000	570	574.54	1,076.80	
1886467	51	603.8	551.2	430.7	551.5	310.2	1.06	4.59	0	1,633	59	1.38	5.5	19.6	0.0	0.0	15.68	34	1.2758	2.0000	575	574.94	1,005.08	
1887008	50	604.1	553.2	431.5	553.2	310.2	0.88	4.59	0	1,201	59	0.81	5.5	19.6	0.0	0.0	11.79	34	1.2758	1.9898	575	575.43	978.75	
1887553	50	604.3	555.2	432.3	555.5	310.2	0.69	4.59	0	1,254	59	0.56	5.5	20.0	0.0	0.0	27.84	34	1.2758	2.0094	575	575.94	961.88	
1888077	50	604.5	556.5	433.3	556.5	310.2	3.00	4.59	0	1,330	59	3.81	5.5	20.0	0.0	0.0	63.28	34	1.2758	2.0094	575	576.44	993.83	
1888611	51	604.5	558.2	434.0	558.5	309.8	1.94	4.59	0	1,242	60	3.50	5.5	19.6	0.0	0.0	29.04	34	1.2758	2.0000	575	577.05	1,002.66	
1889142	51	604.5	559.5	434.5	559.8	310.2	1.25	4.59	0	1,256	60	0.81	5.5	19.6	0.0	0.0	13.71	34	1.2758	2.0000	575	577.44	979.22	
1889659	50	604.5	561.2	435.3	561.2	309.8	1.94	4.59	0	1,234	59	0.31	5.5	19.6	0.0	0.0	11.53	34	1.2758	2.0000	575	577.84	969.92	
1890208	50	604.4	562.2	436.0	562.5	309.8	1.06	4.59	0	1,241	59	0.56	5.5	19.6	0.0	0.0	16.92	34	1.2758	2.0000	575	578.33	968.75	
1890768	51	604.5	563.8	436.5	563.8	309.8	0.88	4.59	0	1,220	58	0.56	5.5	19.6	0.0	0.0	16.99	34	1.2758	2.0000	575	578.64	972.58	
1891279	51	604.5	564.2	437.0	564.5	309.5	1.06	4.59	0	1,218	58	0.56	5.5	19.6	0.0	0.0	17.27	34	1.2758	2.0000	575	579.04	973.83	
1891797	51	604.6	565.2	437.3	564.8	309.8	1.06	4.59	0	1,209	58	0.56	5.5	19.6	0.0	0.0	17.23	34	1.2758	2.0000	575	579.44	974.92	
1892344	51	604.7	564.8	437.5	564.8	309.5	1.06	4.59	0	1,199	57	0.56	5.5	19.6	0.0	0.0	17.34	34	1.2758	2.0000	575	579.74	974.84	
1892880	51	604.8	565.2	437.3	564.8	309.5	1.25	4.59	0	1,191	57	0.56	5.5	19.6	0.0	0.0	17.37	34	1.2758	2.0000	580	580.05	975.08	
1893412	52	604.9	564.8	437.1	564.8	309.8	1.06	4.59	0	1,182	56	0.56	5.5	19.6	0.0	0.0	17.16	34	1.2758	2.0000	580	580.44	975.16	
1893962	52	605.0	564.8	437.0	564.5	309.5	1.25	4.59	0	1,148	55	0.56	5.5	19.6	0.0	0.0	17.13	34	1.2758	2.0000	580	580.75	974.38	
1894571	52	605.2	564.2	437.0	563.8	309.5	1.44	4.59	0	1,124	53	0.56	5.5	19.6	0.0	0.0	16.99	34	1.2758	2.0000	580	581.03	973.44	
1895132	52	605.3	563.8	436.6	563.8	309.5	1.44	4.59	0	1,251	53	0.81	5.5	19.6	0.0	0.0	12.98	34	1.2758	2.0000	580	581.43	971.02	
1895656	52	605.4	563.5	436.5	563.2	308.8	1.56	4.59	0	1,335	52	0.31	5.5	19.6	0.0	0.0	17.11	34	1.2758	2.0000	580	581.64	971.95	
1896190	52	605.6	562.5	436.0	562.5	308.8	0.69	4.59	0	1,339	52	0.81	5.5	19.6	0.0	0.0	17.91	34	1.2758	2.0000	580	581.94	974.61	
1896727	53	605.7	561.8	435.1	561.8	308.8	0.88	4.59	0	1,314	51	0.81	5.5	19.6	0.0	0.0	18.23	34	1.2758	2.0000	580	582.25	976.02	
1897267	53	605.9	561.5	435.1	561.5	308.8	0.88	4.59	0	1,314	51	0.81	5.5	19.6	0.0	0.0	17.93	34	1.2758	2.0000	580	582.44	976.80	
1897778	53	606.0	560.5	434.6	560.5	308.8	0.88	4.59	0	1,298	50	1.12	5.5	19.6	0.0	0.0	16.10	34	1.2758	2.0000	580	582.74	968.36	
1898292	53	606.2	560.2	434.5	559.8	308.5	2.44	4.59	0	1,388	51	3.00	5.5	19.6	0.0	0.0	55.80	34	1.2758	2.0000	580	583.05	978.05	
1898861	53	606.2	559.2	433.8	559.2	308.8	3.31	4.59	0	1,393	51	7.06	5.5	19.6	0.0	0.0	72.94	34	1.2758	2.0000	580	583.35	1,061.95	
1899369	53	606.2	559.2	433.6	559.2	308.5	3.50	4.59	0	1,362	52	8.38	5.5	19.6	0.0	0.0	92.41	34	1.2758	2.0000	580	583.75	1,169.61	
1899894	53	606.3	558.8	433.5	558.8	308.2	5.56	4.59	0	1,427	54	16.25	5.5	19.6	0.0	0.0	110.74	34	1.2758	2.0000	580	584.03	1,372.42	
1900465	52	606.7	558.8	433.8	558.8	308.2	6.25	4.59	0	1,511	55	20.56	5.5	20.0	0.0	0.0	103.22	34	1.2758	2.0094	580	584.55	1,313.75	
1901026	52	607.3	559.5	434.0	559.8	308.2	4.38	4.59	0	1,456	56	17.00	5.5	19.6	0.0	0.0	77.11	34	1.2758	1.9898	585	585.04	1,155.94	
1901602	51	608.2	560.8	434.5	560.8	308.2	3.31	4.59	0	1,602	57	8.69	5.5	19.6	0.0	0.0	51.35	34	1.2758	2.0000	585	585.53	1,065.62	
1902142	50	608.9	562.5	435.5	562.5	308.5	2.81	4.59	0	1,518	58	5.12	5.5	19.6	0.0	0.0	53.98	34	1.2758	2.0000	585	585.93	1,069.22	
1902743	50	609.4	564.5	436.5	564.8	307.8	4.00	4.59	0	1,608	59	8.69	5.5	19.6	0.0	0.0	71.41	34	1.2758	1.9898	585	586.44	1,039.14	
1903295	50	609.8	566.8	437.6	566.8	308.5	3.50	4.59	0	1,289	60	8.69	5.5	20.0	0.0	0.0	89.34	34	1.2758	2.0094	585	586.94	1,139.45	
1903796	50	610.2	569.2	439.1	569.5	308.5	4.38	4.59	0	1,344	61	11.38	5.5	19.6	0.0	0.0	98.06	34	1.2758	2.0000	585	587.33	1,230.47	
1904318	50	610.5	571.8	440.0	571.8	308.8	4.88	4.59	0	1,335	62	13.00	5.5	19.6	0.0	0.0	102.68	34	1.2758	2.0000	585	587.64	1,299.45	
1904836	50	611.0	574.2	441.3	574.2	308.8	5.75	4.59	0	1,432	63	17.81	5.5	19.6	0.0	0.0	99.28	34	1.2758	2.0000	585	588.04	1,240.00	
1905342	49	611.6	576.5	442.6	576.8	308.8	4.00	4.59	0	1,340	64	12.44	5.5	19.6	0.0	0.0	49.27	34	1.2758	1.9898	585	588.34	1,088.91	
1905906	49	612.1	579.8	444.1	580.2	308.8	1.25	4.59	0	1,333	64	1.38	5.5	19.6	0.0	0.0	16.83	34	1.2758	1.9898	585	588.65	1,003.75	
1906474	49	612.5	582.8	445.7	583.2	309.2	2.25	4.59	0	1,329	63	0.31	5.5	19.6	0.0	0.0	10.97	34	1.2758	1.9898	585	588.83	977.19	
1906976	49	612.8	585.2	447.0	585.5	309.5	0.88	4.59	0	1,324	63	0.81	5.5	19.6	0.0	0.0	16.73	34	1.2758	1.9805	585	589.14	972.66	
1907504	49	613.2	587.5	448.5	587.8	309.5	0.69	4.59	0	1,305	62	0.81	5.5	19.6	0.0	0.0	17.16	34	1.2758	1.9898	585	589.44	970.55	
1908037	49	613.6	589.2	449.1	588.8	309.8	0.88	4.59	0	1,297	62	0.81	5.5	19.6	0.0	0.0	16.99	34	1.2758	1.9898	585	589.75	976.09	
1908557	49	614.0	590.5	450.1	590.8	309.8	0.88	4.59	0	1,287	61	0.56	5.5	19.6	0.0	0.0	17.20	34	1.2758	1.9898	590	589.94	976.09	
1909071	50	614.4	591.8	450.6	591.8	309.8	0.56	4.59	0	1,302	61	1.12	5.5	19.6	0.0	0.0	36.89	34	1.2758	1.9898	590	590.24	964.30	
1909639	50	615.0	592.2	451.3	592.5	310.2	3.12	4.59	0	1,390	61	5.44	5.5	19.6	0.0	0.0	65.20	34	1.2758	1.9805	590	590.73	1,008.20	
1910107	50	615.4	592.5	451.3	592.5	310.2	3.50	4.59	0	1,365	62	7.31	5.5	19.6	0.0	0.0	75.33	34	1.2758	2.0000	590	591.13	1,083.98	
1910681	50	616.2	593.2	451.5	593.2	310.2	4.00	4.59	0	1,346	63	9.50	5.5	19.6	0.0	0.0	80.44	34	1.2758	2.0000	590	591.65	1,158.12	
1911271	50	617.1	593.2	451.5	593.2	310.5	3.81	4.59	0	1,345	64	9.75	5.5	19.6	0.0	0.0	82.80	34	1.2758	1.9898	590	592.14	1,193.83	
1911781	50	618.1	594.2	452.0	594.2	310.5	4.19	4.59	0	1,443	65	11.62	5.5	19.6	0.0	0.0	75.47	34	1.2758	1.9898	590	592.63	1,107.81	
1912293	50	619.4	595.5	453.0	595.2	310.8	1.44	4.59	0	1,365	65	3.25	5.5	19.6	0.0	0.0	25.57	34	1.2758	1.9898	590	593.03	1,033.20	
1912874	49	620.2	596.2	453.3	596.5	310.8	1.75	4.59	0	1,372	65	1.62	5.5	19.6	0.0	0.0	43.64	34	1.2758	1.9898	590	593.55	992.97	
1913386	49	620.9	597.5	454.0	597.5	311.2	3.00	4.59	0	1,471	65	6.50	5.5	19.6	0.0	0.0	67.80	34	1.2758	1.9898	590	594.04	1,052.19	
1913906	50	621.5	598.5	454.8	598.8	311.2	3.69	4.59	0	1,415	66	8.69	5.5	19.6	0.0	0.0	79.78	34	1.2758	1.9898	590	594.74	1,136.41	
1914419	50	622.3	599.8	455.6	599.8	311.5	3.81	4.59	0	1,442	66	10.56	5.5	19.6	0.0	0.0	48.87	34	1.2758	1.9898	595	595.23	1,092.27	
1914944	49	623.1	601.5	456.3	601.5	311.5	1.25	4.59	0	1,413	67	1.94	5.5	19.6	0.0	0.0	24.75	34	1.2758	1.9898	595	595.75	997.66	
1915486	49	623.6	603.5	457.1	603.2	311.8	2.62	4.59	0	1,534	67	4.31	5.5	19.6	0.0	0.0	57.28	34	1.2758	1.9898	595	596.33	1,026.41	
1916002	49	624.1	604.2	457.6	604.8	311.8	3.50	4.59	0	1,515	67	7.88	5.5	19.6	0.0	0.0	70.27	34	1.2758	1.9898	595	596.94	1,076.25	
1916557	49	624.7	605.8	458.8	605.8	312.2	4.00	4.59	0	1,459	68	9.50	5.5	19.6	0.0	0.0	77.58	34	1.2758	1.9898	595	597.53	1,134.77	
1917080	49	625.6	607.2	459.6	607.5	312.5	3.81	4.59	0	1,493	69	10.81	5.5	19.6	0.0	0.0	75.07	34	1.2758	1.9898	595	598.14	1,124.69	
1917583	49	626.6	608.8	460.5	608.8	312.5	3.69	4.59	0	1,497	70	10.81	5.5	19.6	0.0	0.0	70.22	34	1.2758	1.9898	595	598.75	1,104.61	
1918113	49	627.8	610.5	461.1	610.5	312.8	1.94	4.59	0	1,474	70	4.88	5.5	19.6	0.0	0.0	27.38	34	1.2758	1.9898	595	599.43	1,035.00	
1918667	49	628.7	612.2	462.7	612.2	313.2	1.25	4.59	0	1,481	70	1.12	5.5	19.6	0.0	0.0	13.24	34	1.2758	1.9898	600	599.94	986.64	
1919224	49	629.4	613.8	463.3	613.8	313.2	-2.19	4.59	0	1,460	69	0.00	5.5	19.6	0.0	0.0	15.33	34	1.2758	1.9898	600	600.44	974.69	
1919856	49	630.0	615.5	464.3	615.5	313.5	0.69	4.59	0	1,447	69	1.12	5.5	19.6	0.0	0.0	20.77	34	1.2758	1.9898	600	600.93	971.64	
1920365	49	630.5	616.5	465.0	616.5	313.8	1.75	4.59	0	1,326	69	1.12	5.5	19.6	0.0	0.0	45.28	34	1.2758	1.9898	600	601.44	964.84	
1920872	49	631.2	617.2	465.3	617.2	314.2	3.00	4.59	0	1,263	69	4.88	5.5	19.6	0.0	0.0	70.80	34	1.2758	1.9898	600	602.03	1,016.25	
1921398	50	631.8	618.2	465.8	617.5	314.2	3.69	4.59	0	1,238	69	8.38	5.5	19.6	0.0	0.0	90.33	34	1.2758	1.9898	600	602.73	1,141.25	
1921970	50	632.5	618.2	466.2	618.5	314.2	6.12	4.59	0	1,473	70	16.50	5.5	19.6	0.0	0.0	109.95	34	1.2758	1.9898	600	603.34	1,356.95	
1922508	50	633.6	618.8	466.6	618.8	314.5	7.12	4.59	0	1,560	71	21.06	5.5	19.6	0.0	0.0	99.02	34	1.2758	1.9898	600	604.14	1,270.16	
1923019	49	634.8	619.5	467.0	619.8	314.8	6.12	4.59	0	1,541	72	18.62	5.5	19.6	0.0	0.0	98.11	34	1.2758	1.9898	605	604.94	1,266.41	
1923577	49	636.5	620.8	467.8	620.8	314.8	5.94	4.59	0	1,563	73	18.94	5.5	19.6	0.0	0.0	94.03	34	1.2758	2.0000	605	605.73	1,225.55	
1924111	49	638.5	622.2	468.7	622.5	315.2	5.75	4.59	0	1,511	74	18.62	5.5	19.6	0.0	0.0	42.91	34	1.2758	2.0000	605	606.65	1,083.91	
1924622	48	640.1	624.2	469.6	624.2	315.5	1.25	4.59	0	1,590	74	1.94	5.5	19.6	0.0	0.0	15.75	34	1.2758	2.0000	605	607.35	1,005.00	
1925201	48	641.6	626.2	470.8	626.5	315.8	2.62	4.59	0	1,623	74	3.81	5.5	19.6	0.0	0.0	56.23	34	1.2758	1.9898	605	608.15	1,021.80	
1925732	48	642.9	628.2	472.0	628.5	316.2	3.81	4.59	0	1,603	74	8.69	5.5	19.6	0.0	0.0	73.03	34	1.2758	1.9898	605	609.04	1,117.03	
1926332	48	644.3	630.2	473.2	630.5	316.2	4.88	4.59	0	1,628	75	11.06	5.5	20.0	0.0	0.0	81.49	34	1.2758	2.0094	610	610.14	1,212.81	
1926938	48	646.5	632.5	474.5	632.5	316.8	5.38	4.59	0	1,650	76	12.44	5.5	20.0	0.0	0.0	82.22	34	1.2758	2.0094	610	611.24	1,275.55	
1927468	48	648.4	634.5	475.3	634.8	316.8	5.75	4.59	0	1,630	77	13.81	5.5	20.0	0.0	0.0	85.20	34	1.2758	2.0094	610	612.25	1,311.88	
1928102	48	650.7	637.2	477.0	637.2	317.2	6.12	4.59	0	1,648	78	15.44	5.5	20.0	0.0	0.0	51.70	34	1.2758	2.0094	610	613.63	1,124.45	
1928657	48	652.7	638.5	478.0	638.8	317.8	1.75	4.59	0	1,618	78	1.12	5.5	20.0	0.0	0.0	14.48	34	1.2758	2.0094	610	614.43	1,008.05	
1929183	47	654.3	641.2	479.3	641.5	317.5	0.56	4.59	0	1,470	78	0.81	5.5	20.0	0.0	0.0	11.55	34	1.2758	2.0094	615	615.13	981.17	
1929700	47	655.4	643.2	480.7	643.5	318.2	0.69	4.59	0	1,363	77	0.56	5.5	20.0	0.0	0.0	16.71	34	1.2758	2.0094	615	615.93	974.14	
1930265	47	656.5	645.2	481.5	645.2	318.5	0.88	4.59	0	1,360	77	0.81	5.5	19.6	0.0	0.0	16.99	34	1.2758	1.9898	615	616.63	971.56	
1930779	48	657.4	646.2	482.3	646.2	318.8	0.88	4.59	0	1,332	76	0.81	5.5	19.6	0.0	0.0	17.67	34	1.2758	1.9898	615	617.24	976.48	
1931345	48	658.4	646.8	482.6	646.5	318.8	0.88	4.59	0	1,338	76	0.81	5.5	19.6	0.0	0.0	16.97	34	1.2758	1.9898	615	617.94	977.19	
1931867	48	659.1	646.5	482.8	646.5	318.8	0.88	4.59	0	1,323	75	0.81	5.5	19.6	0.0	0.0	17.18	34	1.2758	1.9898	615	618.44	977.73	
1932420	49	659.9	646.2	482.6	646.5	319.5	2.44	4.59	0	1,318	75	1.12	5.5	19.6	0.0	0.0	16.92	34	1.2758	1.9898	615	619.14	965.00	
1932932	49	660.7	645.8	482.6	645.8	319.5	2.44	4.59	0	1,409	75	3.50	5.5	19.6	0.0	0.0	57.87	34	1.2758	1.9898	615	619.84	981.48	
1933489	49	661.4	645.5	482.6	645.2	319.5	3.12	4.59	0	1,380	75	6.75	5.5	19.2	0.0	0.0	73.10	34	1.2758	1.9797	620	620.64	1,065.70	
1934008	49	662.1	644.5	482.0	644.5	319.8	3.69	4.59	0	1,363	76	8.69	5.5	19.6	0.0	0.0	80.53	34	1.2758	2.0000	620	621.65	1,143.59	
1934522	49	662.9	643.8	482.2	643.8	320.2	3.81	4.59	0	1,351	77	10.00	5.5	19.6	0.0	0.0	84.77	34	1.2758	1.9898	620	622.44	1,204.14	
1935105	49	664.0	643.8	482.1	643.8	320.2	4.56	4.59	0	1,364	77	13.00	5.5	19.6	0.0	0.0	100.31	34	1.2758	1.9898	620	623.55	1,313.83	
1935630	49	665.0	643.8	482.0	643.5	320.5	6.81	4.59	0	1,437	78	18.62	5.5	19.6	0.0	0.0	114.16	34	1.2758	1.9898	620	624.44	1,447.97	
1936170	49	666.3	643.8	482.3	644.2	320.5	7.12	4.59	0	1,422	79	19.44	5.5	19.6	0.0	0.0	112.66	34	1.2758	1.9898	625	625.54	1,466.33	
1936833	48	668.0	645.2	482.6	644.8	321.2	6.25	4.59	0	1,429	80	20.81	5.5	19.2	0.0	0.0	102.80	34	1.2758	1.9797	625	627.13	1,265.31	
1937402	48	669.8	646.5	483.7	646.5	321.5	4.19	4.59	0	1,422	81	8.94	5.5	19.2	0.0	0.0	36.75	34	1.2758	1.9797	625	628.35	1,086.02	
1937915	47	671.4	647.5	484.6	647.5	321.8	0.88	4.59	0	1,415	81	1.38	5.5	19.2	0.0	0.0	14.98	34	1.2758	1.9797	625	629.15	1,004.14	
1938476	47	672.5	649.2	485.3	648.8	322.5	1.56	4.59	0	1,423	80	0.56	5.5	19.2	0.0	0.0	11.20	34	1.2758	1.9797	630	629.94	978.67	
1938992	47	673.3	650.2	486.0	650.5	322.5	0.69	4.59	0	1,415	80	0.81	5.5	19.6	0.0	0.0	16.76	34	1.2758	1.9797	630	630.74	973.98	
1939582	47	674.2	651.5	486.8	651.5	322.5	0.69	4.59	0	1,398	79	0.81	5.5	19.2	0.0	0.0	17.20	34	1.2758	1.9797	630	631.35	971.95	
1940120	48	674.9	651.8	487.3	652.2	323.2	0.69	4.59	0	1,384	79	0.81	5.5	19.2	0.0	0.0	16.92	34	1.2758	1.9797	630	632.15	977.81	
1940639	48	675.6	652.2	487.7	652.2	322.8	0.69	4.59	0	1,379	78	1.12	5.5	19.2	0.0	0.0	17.53	34	1.2758	1.9797	630	632.73	978.59	
1941254	48	676.4	651.8	487.6	651.8	323.5	0.69	4.59	0	1,372	78	1.12	5.5	19.2	0.0	0.0	17.25	34	1.2758	1.9797	630	633.44	979.06	
1941805	49	677.1	650.8	487.1	650.8	323.5	0.88	4.59	0	1,365	78	0.81	5.5	19.2	0.0	0.0	17.32	34	1.2758	1.9797	630	634.14	979.45	
1942339	49	677.7	650.2	486.5	649.8	323.5	0.69	4.59	0	1,352	77	1.12	5.5	19.2	0.0	0.0	15.35	34	1.2758	1.9797	630	634.75	974.14	
1942848	49	678.2	648.8	486.6	649.2	323.8	2.25	4.59	0	1,385	77	3.00	5.5	19.2	0.0	0.0	54.23	34	1.2758	1.9797	635	635.43	977.66	
1943419	50	678.8	648.2	485.6	647.5	323.8	3.31	4.59	0	1,422	77	7.06	5.5	19.2	0.0	0.0	83.18	34	1.2758	1.9898	635	636.44	1,064.22	
1943978	50	679.4	646.5	485.3	646.2	323.8	4.69	4.59	0	1,397	78	13.25	5.5	19.6	0.0	0.0	102.14	34	1.2758	1.9898	635	637.35	1,269.69	
1944507	49	680.1	645.8	485.0	645.8	324.2	6.94	4.59	0	1,627	79	19.75	5.5	19.6	0.0	0.0	115.48	34	1.2758	1.9898	635	638.43	1,458.05	
1945021	49	681.1	645.2	484.7	645.2	324.5	9.38	4.59	0	1,666	80	23.25	5.5	19.2	0.0	0.0	103.92	34	1.2758	1.9703	635	639.44	1,397.03	
1945688	49	682.5	645.2	484.6	645.2	324.5	9.56	4.59	0	1,705	81	22.69	5.5	19.2	0.0	0.0	113.74	34	1.2758	1.9797	640	640.63	1,558.75	
1946196	48	683.8	645.5	485.1	645.5	324.8	11.62	4.59	0	1,745	83	27.31	5.5	19.2	0.0	0.0	115.20	34	1.2758	1.9797	640	642.13	1,508.67	
1946736	48	685.8	646.5	485.5	646.5	325.2	11.50	4.59	0	1,847	84	25.69	5.5	19.2	0.0	0.0	116.72	34	1.2758	1.9703	640	643.35	1,341.33	
1947240	47	687.5	647.8	486.5	648.2	325.5	4.19	4.59	0	1,773	85	7.31	5.5	19.6	0.0	0.0	30.05	34	1.2758	1.9805	640	644.55	1,101.88	
1947757	47	688.6	649.5	487.3	649.8	325.8	1.44	4.59	0	1,760	85	0.81	5.5	19.6	0.0	0.0	13.12	34	1.2758	1.9805	645	645.34	1,006.80	
1948332	46	689.6	651.5	488.8	651.8	325.8	2.25	4.59	0	1,487	84	0.56	5.5	19.6	0.0	0.0	16.76	34	1.2758	1.9805	645	646.35	981.17	
1948852	46	690.3	653.2	489.6	652.8	326.5	0.69	4.59	0	1,481	84	0.81	5.5	19.6	0.0	0.0	16.95	34	1.2758	1.9805	645	647.03	975.00	
1949408	47	691.1	654.8	490.8	654.8	326.8	0.69	4.59	0	1,471	83	1.12	5.5	19.6	0.0	0.0	17.09	34	1.2758	1.9805	645	647.94	972.42	
1949924	47	691.7	655.5	491.2	655.5	326.8	0.69	4.59	0	1,449	83	1.12	5.5	19.6	0.0	0.0	17.09	34	1.2758	1.9805	645	648.53	978.59	
1950519	47	692.5	655.8	491.7	655.8	327.2	0.69	4.59	0	1,451	82	1.12	5.5	19.6	0.0	0.0	17.23	34	1.2758	1.9805	645	649.35	979.30	
1951060	48	693.1	656.2	491.5	656.2	327.2	0.69	4.59	0	1,444	82	1.12	5.5	19.2	0.0	0.0	13.64	34	1.2758	1.9711	650	649.94	978.52	
1951575	48	693.7	655.5	491.6	655.8	327.5	2.81	4.59	0	1,484	82	2.44	5.5	19.2	0.0	0.0	44.11	34	1.2758	1.9711	650	650.64	972.97	
1952088	49	694.3	654.8	491.1	655.5	327.8	3.81	4.59	0	1,509	82	7.56	5.5	19.2	0.0	0.0	61.76	34	1.2758	1.9711	650	651.44	1,056.88	
1952609	49	694.7	654.5	491.0	654.2	328.2	5.06	4.59	0	1,742	82	9.75	5.5	19.6	0.0	0.0	73.59	34	1.2758	1.9805	650	652.54	1,153.98	
1953166	49	695.3	653.8	491.1	653.5	328.2	5.94	4.59	0	1,747	83	11.62	5.5	19.6	0.0	0.0	80.81	34	1.2758	1.9805	650	653.43	1,229.69	
1953760	48	696.0	653.5	490.7	653.5	328.2	6.94	4.59	0	1,840	84	12.69	5.5	19.6	0.0	0.0	75.26	34	1.2758	1.9805	650	654.53	1,215.31	
1954292	48	696.9	653.5	490.8	653.5	328.8	11.31	4.59	0	1,969	85	32.44	5.5	19.2	0.0	0.0	124.76	34	1.2758	1.9805	655	655.54	1,814.14	
1954873	48	697.8	654.2	491.3	654.5	328.5	20.69	4.59	0	2,222	87	55.62	5.5	19.2	0.0	0.0	140.62	34	1.2758	1.9711	655	657.04	1,947.66	
1955394	48	698.0	655.5	492.2	655.5	329.2	23.81	4.59	0	2,317	89	66.69	5.5	19.2	0.0	0.0	147.59	34	1.2758	1.9711	655	658.23	1,871.25	
1955979	47	698.4	657.5	493.3	657.8	329.8	22.06	4.59	0	2,366	91	62.38	5.5	19.6	0.0	0.0	139.64	34	1.2758	1.9805	655	659.85	1,856.17	
1956586	46	699.4	660.5	495.1	660.5	330.5	23.31	4.59	0	2,424	94	64.81	5.5	19.6	0.0	0.0	139.17	34	1.2758	2.0000	660	661.54	1,844.69	
1957119	46	701.2	663.8	497.3	663.8	331.2	24.12	4.59	0	2,470	96	67.00	5.5	20.0	0.0	0.0	138.30	34	1.2758	2.0086	660	663.44	1,838.28	
1957676	46	703.8	667.8	499.5	668.2	331.8	25.19	4.59	0	2,523	98	68.88	5.5	20.0	0.0	0.0	138.21	34	1.2758	2.0180	665	665.15	1,830.70	
1958222	46	707.2	672.5	502.5	672.8	333.5	26.25	4.59	0	2,582	100	71.31	5.5	20.4	0.0	0.0	138.40	34	1.2758	2.0266	665	667.35	1,834.14	
1958747	45	711.3	677.5	505.1	677.5	333.8	27.12	4.59	0	2,646	102	75.88	5.5	20.8	0.0	0.0	90.05	34	1.2758	2.0359	665	669.44	1,323.28	
1959274	45	715.2	682.2	508.0	682.8	334.8	1.94	4.59	0	2,641	102	2.44	5.5	20.8	0.0	0.0	14.32	34	1.2758	2.0445	670	671.03	1,025.39	
1959862	44	718.3	688.5	511.5	688.8	335.8	-1.81	4.59	0	2,589	102	2.19	5.5	20.8	0.0	0.0	17.18	34	1.2758	2.0445	670	672.53	981.88	
1960401	44	720.6	693.5	514.7	693.5	337.2	1.44	4.59	0	2,599	101	2.19	5.5	20.8	0.0	0.0	17.74	34	1.2758	2.0625	670	674.03	983.28	
1960968	44	722.8	697.8	517.3	698.2	337.8	1.44	4.59	0	2,446	100	2.19	5.5	21.2	0.0	0.0	17.77	34	1.2758	2.0625	675	675.13	983.36	
1961534	45	725.0	701.5	519.6	702.2	338.5	1.75	4.59	0	2,246	99	1.12	5.5	21.2	0.0	0.0	17.20	34	1.2758	2.0703	675	676.35	995.23	
1962085	45	726.8	704.5	521.8	703.8	339.5	1.94	4.59	0	2,162	98	1.12	5.5	21.2	0.0	0.0	17.77	34	1.2758	2.0695	675	677.24	995.55	
1963306	46	728.3	706.2	523.0	706.5	340.5	1.94	4.59	0	2,044	97	1.12	5.5	21.2	0.0	0.0	17.81	34	1.2758	2.0781	675	678.53	992.73	
1963815	47	731.1	708.5	524.7	708.5	341.2	1.94	4.59	0	1,979	94	0.81	5.5	21.6	0.0	0.0	18.00	34	1.2758	2.0945	680	680.24	991.56	
1964355	47	732.6	708.5	525.1	708.5	341.8	1.75	4.59	0	1,911	91	1.38	5.5	21.6	0.0	0.0	18.00	34	1.2758	2.0852	680	680.94	990.08	
1964885	48	733.6	708.5	525.5	708.2	342.2	1.56	4.59	0	1,877	89	1.12	5.5	21.6	0.0	0.0	17.95	34	1.2758	2.0938	680	681.65	987.97	
1965402	48	734.6	707.8	525.1	707.8	342.5	1.56	4.59	0	1,856	89	0.81	5.5	22.0	0.0	0.0	18.21	34	1.2758	2.1023	680	682.35	987.50	
1965916	48	735.5	707.2	525.0	707.2	343.2	1.44	4.59	0	1,840	88	0.56	5.5	22.0	0.0	0.0	18.30	34	1.2758	2.1023	680	682.94	987.03	
1966438	48	736.4	706.2	524.5	706.2	343.5	1.44	4.59	0	1,828	87	0.56	5.5	22.0	0.0	0.0	18.33	34	1.2758	2.1109	680	683.55	986.09	
1966957	49	737.1	704.5	524.1	704.8	343.8	1.44	4.59	0	1,811	87	1.12	5.5	22.0	0.0	0.0	18.40	34	1.2758	2.1109	680	684.13	986.17	
1967529	49	737.8	703.2	523.6	703.2	344.2	1.44	4.59	0	1,796	86	1.12	5.5	22.0	0.0	0.0	18.56	34	1.2758	2.1109	680	684.74	985.31	
1968130	49	738.5	701.8	523.0	701.5	344.2	1.25	4.59	0	1,780	85	1.12	5.5	22.0	0.0	0.0	18.70	34	1.2758	2.1023	685	685.35	985.08	
1968784	49	739.2	700.2	522.2	699.8	344.5	1.25	4.59	0	1,766	84	0.81	5.5	22.0	0.0	0.0	18.70	34	1.2758	2.1023	685	685.94	984.53	
1969428	50	739.8	697.8	521.3	697.8	344.5	6.25	4.59	0	1,763	84	0.81	5.5	22.0	0.0	0.0	19.10	34	1.2758	2.1023	685	686.64	968.75	
1970100	50	740.4	695.5	520.3	695.5	344.2	4.56	4.59	0	1,817	84	6.50	5.5	22.0	0.0	0.0	62.32	34	1.2758	2.1117	685	687.65	1,037.66	
1970675	50	740.9	693.8	519.5	693.5	344.8	5.38	4.59	0	1,785	84	10.25	5.5	22.0	0.0	0.0	74.62	34	1.2758	2.1031	685	688.44	1,157.66	
1971268	50	741.4	691.8	518.5	692.2	345.2	6.25	4.59	0	1,781	85	11.06	5.5	22.0	0.0	0.0	54.61	34	1.2758	2.1031	685	689.43	1,068.67	
1971883	49	741.8	691.2	518.3	691.2	345.2	4.38	4.59	0	1,833	85	7.56	5.5	22.0	0.0	0.0	61.43	34	1.2758	2.1031	690	690.53	1,063.36	
1972589	49	741.8	690.5	518.1	690.5	345.2	5.56	4.59	0	1,593	86	10.00	5.5	21.6	0.0	0.0	70.71	34	1.2758	2.0945	690	691.84	1,069.84	
1973065	48	741.5	691.2	518.3	690.8	345.8	4.00	4.59	0	1,542	86	10.00	5.5	21.6	0.0	0.0	68.02	34	1.2758	2.0945	690	692.73	1,094.14	
1973598	48	741.3	691.5	518.6	691.5	345.5	4.19	4.59	0	1,575	87	11.06	5.5	21.6	0.0	0.0	70.90	34	1.2758	2.0945	690	693.83	1,100.55	
1974118	48	741.2	692.5	519.3	692.5	346.2	4.00	4.59	0	1,567	87	10.56	5.5	21.6	0.0	0.0	69.63	34	1.2758	2.0945	690	694.84	1,111.41	
1974573	47	741.2	693.5	519.8	693.5	346.5	3.31	4.59	0	1,540	87	8.12	5.5	21.6	0.0	0.0	31.59	34	1.2758	2.0859	695	695.43	1,057.73	
1975040	47	741.0	694.2	520.1	694.5	346.2	1.44	4.59	0	1,555	87	1.62	5.5	21.6	0.0	0.0	15.96	34	1.2758	2.0859	695	696.13	1,000.08	
1975537	47	740.8	695.5	520.8	695.5	346.8	0.56	4.59	0	1,533	86	1.12	5.5	21.2	0.0	0.0	18.30	34	1.2758	2.0773	695	696.74	973.12	
1976006	47	740.6	696.5	521.6	696.5	347.2	2.12	4.59	0	1,561	86	1.94	5.5	21.6	0.0	0.0	33.23	34	1.2758	2.0953	695	697.44	974.38	
1976522	47	740.2	697.2	521.8	697.2	346.8	2.44	4.59	0	1,550	86	3.25	5.5	21.6	0.0	0.0	48.59	34	1.2758	2.0867	695	698.15	993.52	
1976944	47	739.7	697.5	522.3	697.5	347.5	3.00	4.59	0	1,537	86	5.12	5.5	21.6	0.0	0.0	54.56	34	1.2758	2.0867	695	698.73	1,026.33	
1977436	47	739.0	698.2	522.5	698.2	347.5	2.81	4.59	0	1,558	87	4.88	5.5	21.6	0.0	0.0	27.26	34	1.2758	2.0867	695	699.44	1,017.11	
1977911	47	738.2	698.5	522.8	698.5	347.2	0.69	4.59	0	1,557	86	1.38	5.5	21.6	0.0	0.0	13.52	34	1.2758	2.0867	700	699.93	986.80	
1978451	47	737.5	698.8	523.1	698.8	347.5	1.06	4.59	0	1,480	86	1.12	5.5	21.6	0.0	0.0	13.64	34	1.2758	2.0867	700	700.44	973.83	
1978959	47	736.9	699.5	523.5	699.2	347.5	0.69	4.59	0	1,506	85	1.12	5.5	21.6	0.0	0.0	17.67	34	1.2758	2.0867	700	700.84	972.19	
1979478	47	736.3	699.2	523.6	699.5	347.8	0.00	4.59	0	1,498	85	1.38	5.5	21.6	0.0	0.0	21.56	34	1.2758	2.0867	700	701.33	961.72	
1980033	48	735.7	698.8	523.5	698.8	347.8	2.44	4.59	0	1,549	84	3.25	5.5	21.6	0.0	0.0	50.55	34	1.2758	2.0867	700	702.04	986.09	
1980508	48	734.8	698.5	523.1	698.5	347.5	3.50	4.59	0	1,533	85	7.31	5.5	21.6	0.0	0.0	63.70	34	1.2758	2.0867	700	702.53	1,055.23	
1981000	48	733.5	698.5	523.1	698.2	348.2	4.19	4.59	0	1,523	85	8.94	5.5	21.6	0.0	0.0	75.14	34	1.2758	2.0867	700	703.05	1,129.61	
1981473	48	732.3	697.5	523.0	697.5	348.5	5.25	4.59	0	1,552	86	11.62	5.5	21.6	0.0	0.0	78.89	34	1.2758	2.0867	700	703.35	1,210.94	
1981967	48	731.2	697.5	522.8	697.5	348.2	6.62	4.59	0	1,807	86	13.50	5.5	21.6	0.0	0.0	81.21	34	1.2758	2.0867	700	703.75	1,292.19	
1982457	47	730.0	697.5	523.1	698.2	348.8	8.00	4.59	0	1,821	87	20.00	5.5	21.6	0.0	0.0	105.75	34	1.2758	2.0867	700	704.15	1,496.09	
1982987	47	728.8	698.2	523.3	698.5	348.5	14.25	4.59	0	1,840	88	32.69	5.5	21.2	0.0	0.0	121.10	34	1.2758	2.0773	700	704.33	1,551.72	
1983472	47	727.7	699.5	523.8	699.5	348.8	13.38	4.59	0	1,870	89	31.06	5.5	21.2	0.0	0.0	118.95	34	1.2758	2.0773	700	704.43	1,567.50	
1983972	46	726.7	700.8	524.8	701.2	349.2	13.94	4.59	0	1,890	90	32.12	5.5	21.6	0.0	0.0	118.50	34	1.2758	2.0859	700	704.55	1,563.05	
1984611	46	725.7	702.8	526.0	703.2	349.5	14.62	4.59	0	1,940	92	34.31	5.5	21.2	0.0	0.0	118.85	34	1.2758	2.0852	700	704.55	1,557.19	
1985238	45	724.9	706.5	528.3	706.8	350.2	14.06	4.59	0	1,979	93	34.31	5.5	21.6	0.0	0.0	120.66	34	1.2758	2.0758	700	704.43	1,573.83	
1985820	45	724.1	709.5	529.8	710.2	350.8	14.94	4.59	0	2,050	95	37.81	5.5	21.6	0.0	0.0	118.50	34	1.2758	2.0844	700	704.24	1,575.94	
1986413	45	723.4	713.5	532.3	713.8	351.5	14.75	4.59	0	2,021	96	36.75	5.5	21.6	0.0	0.0	115.03	34	1.2758	2.0930	700	703.94	1,539.84	
1987014	44	722.6	718.2	535.2	718.5	352.2	13.94	4.59	0	2,057	97	34.56	5.5	22.0	0.0	0.0	118.73	34	1.2758	2.0836	700	703.54	1,571.80	
1987583	44	722.0	722.8	537.5	723.2	353.2	14.44	4.59	0	2,092	99	37.25	5.5	21.6	0.0	0.0	118.95	34	1.2758	2.0922	700	703.14	1,573.05	
1988141	44	721.4	727.2	540.0	727.2	354.2	16.00	4.59	0	2,163	100	41.88	5.5	21.6	0.0	0.0	121.12	34	1.2758	2.0922	700	702.74	1,584.22	
1988864	44	721.0	731.8	543.0	732.5	354.8	14.44	4.59	0	2,138	102	37.00	5.5	21.6	0.0	0.0	110.32	34	1.2758	2.0922	700	702.25	1,501.02	
1989426	44	721.2	736.5	545.8	737.2	355.5	14.62	4.59	0	2,129	103	22.19	5.5	22.0	0.0	0.0	45.63	34	1.2758	2.1008	700	701.94	1,086.48	
1989963	43	721.8	741.8	548.8	742.2	356.8	1.75	4.59	0	2,173	103	2.19	5.5	21.6	0.0	0.0	15.05	34	1.2758	2.0922	700	701.73	994.69	
1990549	43	722.2	745.8	551.5	746.5	357.5	2.12	4.59	0	2,146	103	1.38	5.5	22.0	0.0	0.0	10.99	34	1.2758	2.1008	700	701.64	970.70	
1991109	43	722.6	749.8	553.5	750.2	358.5	1.75	4.59	0	2,136	102	0.56	5.5	21.6	0.0	0.0	14.44	34	1.2758	2.0914	700	701.55	972.27	
1991713	44	722.9	752.5	555.6	752.8	358.8	8.50	4.59	0	2,143	101	7.56	5.5	22.0	0.0	0.0	58.92	33	1.2758	2.1078	700	701.33	1,034.92	
1992263	44	723.2	754.5	557.0	755.2	359.5	5.75	4.59	0	1,836	102	11.06	5.5	22.0	0.0	0.0	89.62	33	1.2758	2.0984	700	701.24	1,226.02	
1992826	45	723.6	755.8	558.0	756.2	360.5	10.94	4.59	0	1,822	103	23.75	5.5	22.0	0.0	0.0	107.46	33	1.2758	2.0984	700	701.24	1,367.81	
1993505	45	724.6	757.5	559.2	757.5	361.2	10.94	4.59	0	1,863	104	23.75	5.5	22.0	0.0	0.0	104.74	33	1.2758	2.1164	700	701.24	1,411.17	
1994111	45	726.4	758.8	560.1	758.8	362.2	11.31	4.59	0	1,866	105	25.38	5.5	22.0	0.0	0.0	106.10	33	1.2758	2.1078	700	701.43	1,423.44	
1994698	44	728.2	760.5	561.5	760.5	363.2	11.50	4.59	0	1,882	106	25.94	5.5	22.0	0.0	0.0	104.98	33	1.2758	2.1078	700	701.85	1,433.91	
1995253	44	730.5	762.2	562.6	762.5	363.8	11.81	4.59	0	1,899	107	26.19	5.5	22.0	0.0	0.0	106.50	33	1.2758	2.1078	700	702.25	1,417.27	
1995832	44	732.7	763.8	564.1	763.8	364.5	11.31	4.59	0	1,909	108	25.12	5.5	22.0	0.0	0.0	100.88	33	1.2758	2.1078	700	702.83	1,388.83	
1996374	44	735.1	765.5	565.3	765.8	365.5	11.50	4.59	0	1,923	109	25.12	5.5	22.0	0.0	0.0	59.93	33	1.2758	2.1078	700	703.44	1,112.42	
1996912	43	737.2	767.8	566.8	767.8	366.5	2.25	4.59	0	1,921	109	2.19	5.5	22.0	0.0	0.0	15.28	33	1.2758	2.1078	700	704.03	1,001.95	
1997460	43	738.6	769.8	568.1	769.8	366.8	4.56	4.59	0	1,927	109	3.81	5.5	22.0	0.0	0.0	44.18	33	1.2758	2.1078	700	704.55	960.16	
1998088	43	739.9	771.2	569.5	771.5	367.8	5.25	4.59	0	1,922	109	8.94	5.5	22.0	0.0	0.0	74.41	33	1.2758	2.1078	705	705.34	1,035.31	
1998632	43	740.9	772.5	570.0	772.5	368.8	2.25	4.59	0	1,912	109	2.19	5.5	22.0	0.0	0.0	17.79	33	1.2758	2.1078	705	705.93	990.39	
1999144	43	741.6	773.5	571.0	773.5	369.2	1.56	4.59	0	1,901	108	1.12	5.5	22.0	0.0	0.0	10.29	33	1.2758	2.1078	705	706.35	970.62	
1999704	43	742.1	773.8	571.7	774.2	369.5	1.44	4.59	0	1,875	107	1.12	5.5	22.0	0.0	0.0	15.75	33	1.2758	2.0984	705	706.84	971.72	
2000248	44	742.5	774.2	572.2	774.2	370.2	1.44	4.59	0	1,893	107	0.81	5.5	22.0	0.0	0.0	17.32	32	1.2758	2.0984	705	707.24	972.81	
2000838	45	742.8	773.5	572.1	773.5	370.8	1.25	4.59	0	1,879	106	1.12	5.5	22.0	0.0	0.0	17.41	32	1.2758	2.1070	705	707.64	983.05	
2001461	45	743.2	772.2	571.5	772.2	370.8	1.25	4.59	0	1,857	106	1.12	5.5	21.6	0.0	0.0	17.72	31	1.2758	2.0898	705	707.94	985.55	
2002046	46	743.5	771.2	571.2	771.2	371.2	1.06	4.59	0	1,850	105	1.12	5.5	21.6	0.0	0.0	17.62	31	1.2758	2.0898	705	708.34	986.95	
2002610	46	743.8	768.8	570.1	768.8	371.5	0.88	4.59	0	1,835	104	1.12	5.5	21.6	0.0	0.0	17.51	30	1.2758	2.0898	705	708.65	986.41	
2003247	47	744.0	766.8	569.3	766.8	371.8	1.06	4.59	0	1,825	104	1.12	5.5	21.6	0.0	0.0	17.74	30	1.2758	2.0898	705	708.93	987.03	
2003793	47	744.2	764.8	568.5	764.5	371.8	1.06	4.59	0	1,815	103	0.81	5.5	21.6	0.0	0.0	17.81	30	1.2758	2.0898	705	709.23	986.95	
2004336	47	744.4	762.2	567.3	762.2	372.2	1.06	4.59	0	1,802	102	1.12	5.5	21.6	0.0	0.0	17.91	30	1.2758	2.0898	705	709.44	986.56	
2004906	48	744.5	759.8	566.1	759.2	372.5	1.06	4.59	0	1,790	102	1.12	5.5	21.6	0.0	0.0	17.95	29	1.2758	2.0812	705	709.75	986.25	
2005447	48	744.6	757.2	564.8	757.2	372.2	0.88	4.59	0	1,785	101	1.12	5.5	22.0	0.0	0.0	18.28	29	1.2758	2.0984	710	709.94	985.70	
2005981	48	744.7	754.8	563.7	754.2	372.2	0.88	4.59	0	1,774	101	2.19	5.5	21.6	0.0	0.0	15.28	27	1.2758	2.0906	710	710.15	978.36	
2006628	48	744.8	752.2	562.0	752.2	371.8	2.81	4.59	0	1,828	100	3.81	5.5	21.6	0.0	0.0	51.28	26	1.2758	2.0906	710	710.55	1,019.61	
2007126	49	744.6	749.5	561.0	749.5	372.2	5.06	4.59	0	1,799	101	9.75	5.5	21.6	0.0	0.0	71.30	26	1.2758	2.0820	710	710.85	1,131.48	
2007715	49	743.9	746.8	560.0	746.5	372.2	6.44	4.59	0	1,822	101	12.69	5.5	21.6	0.0	0.0	80.23	26	1.2758	2.0742	710	711.25	1,232.66	
2008332	48	742.6	744.8	558.6	744.5	372.8	7.12	4.59	0	1,840	102	15.12	5.5	21.2	0.0	0.0	61.27	26	1.2758	2.0742	710	711.65	1,113.28	
2008931	47	741.0	743.8	558.7	743.8	372.5	1.06	4.59	0	1,807	102	1.94	5.5	21.2	0.0	0.0	15.84	26	1.2758	2.0742	710	711.93	1,016.02	
2009522	47	739.9	743.8	558.0	743.5	372.5	1.06	4.59	0	1,785	102	0.81	5.5	21.2	0.0	0.0	17.70	26	1.2758	2.0742	710	712.14	967.89	
2010074	46	738.7	743.5	558.1	743.5	372.5	3.50	4.59	0	1,828	102	5.44	5.5	21.6	0.0	0.0	59.11	26	1.2758	2.0828	710	712.35	1,023.98	
2010676	47	737.0	743.2	558.0	743.2	372.8	5.56	4.59	0	1,845	102	11.06	5.5	21.2	0.0	0.0	74.79	26	1.2758	2.0750	710	712.63	1,182.50	
2011213	47	735.2	743.2	557.8	742.8	373.5	6.81	4.59	0	1,840	103	13.81	5.5	21.2	0.0	0.0	81.45	26	1.2758	2.0750	710	712.84	1,276.33	
2011759	46	733.0	743.5	558.3	743.5	372.8	4.69	4.59	0	1,819	103	9.19	5.5	21.2	0.0	0.0	36.12	26	1.2758	2.0750	710	712.84	1,103.28	
2012310	46	731.3	744.2	558.8	744.5	373.5	1.25	4.59	0	1,827	103	1.38	5.5	21.2	0.0	0.0	32.11	26	1.2758	2.0664	710	712.84	986.41	
2012915	45	729.5	745.2	559.0	745.2	373.5	4.88	4.59	0	1,835	103	9.19	5.5	21.2	0.0	0.0	69.98	26	1.2758	2.0750	710	712.94	1,125.39	
2013461	46	727.3	745.8	559.6	746.2	373.5	6.25	4.59	0	1,837	104	13.00	5.5	21.2	0.0	0.0	78.61	26	1.2758	2.0750	710	712.84	1,241.09	
2013995	46	725.1	747.2	560.5	747.2	373.8	7.31	4.59	0	1,848	105	15.69	5.5	21.2	0.0	0.0	83.77	26	1.2758	2.0672	710	712.63	1,325.47	
2014546	45	723.2	748.5	561.1	748.5	373.8	8.19	4.59	0	1,878	105	17.56	5.5	21.2	0.0	0.0	86.48	26	1.2758	2.0672	710	712.23	1,378.52	
2015091	45	721.9	749.8	561.7	749.8	374.5	8.69	4.59	0	1,900	106	18.94	5.5	21.2	0.0	0.0	89.60	26	1.2758	2.0672	710	711.83	1,423.75	
2015726	45	721.1	751.5	563.0	751.8	374.5	9.38	4.59	0	1,898	107	20.25	5.5	21.2	0.0	0.0	90.94	26	1.2758	2.0672	710	711.34	1,430.55	
2016168	44	720.7	753.5	564.1	753.8	374.8	5.38	4.59	0	1,897	107	9.50	5.5	21.2	0.0	0.0	34.73	26	1.2758	2.0672	710	710.94	1,115.08	
2016689	44	720.4	755.8	565.2	755.8	375.2	1.56	4.59	0	1,917	107	1.38	5.5	21.2	0.0	0.0	14.81	26	1.2758	2.0672	710	710.64	1,010.62	
2017271	43	720.1	758.2	566.8	757.8	375.5	3.00	4.59	0	1,853	107	0.81	5.5	20.8	0.0	0.0	13.62	26	1.2758	2.0586	710	710.43	982.89	
2017873	43	719.8	759.8	567.8	760.2	375.5	1.25	4.59	0	1,883	106	0.81	5.5	20.8	0.0	0.0	17.53	26	1.2758	2.0586	710	710.15	977.66	
2018417	44	719.6	761.5	568.6	761.2	375.8	1.44	4.59	0	1,867	106	0.81	5.5	20.8	0.0	0.0	17.48	26	1.2758	2.0586	705	709.84	985.78	
2018988	44	719.5	762.2	569.0	761.8	376.2	0.88	4.59	0	1,851	105	0.81	5.5	20.8	0.0	0.0	17.44	25	1.2758	2.0586	705	709.63	986.72	
2019529	45	719.3	761.8	568.8	761.8	375.8	1.06	4.59	0	1,840	105	1.12	5.5	20.8	0.0	0.0	17.77	25	1.2758	2.0586	705	709.44	987.27	
2020088	45	719.2	761.5	568.8	761.5	376.5	1.06	4.59	0	1,834	104	0.81	5.5	20.8	0.0	0.0	17.86	25	1.2758	2.0586	705	709.23	987.34	
2020674	46	719.2	760.5	568.5	760.2	376.2	6.25	4.59	0	1,826	104	1.62	5.5	20.8	0.0	0.0	15.02	22	1.2758	2.0586	705	709.14	980.08	
2021245	46	719.0	758.8	567.5	758.8	376.5	2.44	4.59	0	1,867	103	3.25	5.5	20.8	0.0	0.0	44.25	22	1.2758	2.0586	705	708.83	989.77	
2021758	47	718.7	757.5	567.0	757.5	375.8	4.56	4.59	0	1,844	104	7.56	5.5	20.8	0.0	0.0	56.84	22	1.2758	2.0500	705	708.65	993.52	
2022318	47	718.2	756.2	566.3	756.2	376.5	4.38	4.59	0	1,820	104	6.50	5.5	20.8	0.0	0.0	29.20	22	1.2758	2.0500	705	708.34	1,015.78	
2022899	46	717.5	754.8	565.7	754.8	376.2	1.44	4.59	0	1,860	103	0.81	5.5	20.8	0.0	0.0	11.86	22	1.2758	2.0414	705	708.13	983.28	
2023438	46	716.9	754.2	565.3	753.8	376.2	-0.94	4.59	0	1,797	103	0.31	5.5	20.8	0.0	0.0	16.55	22	1.2758	2.0508	705	708.04	975.55	
2024012	46	716.5	753.2	564.8	752.8	376.2	1.06	4.59	0	1,808	102	1.12	5.5	20.8	0.0	0.0	18.12	22	1.2758	2.0508	705	707.85	974.69	
2024664	47	716.1	752.2	564.2	751.8	376.2	0.88	4.59	0	1,766	100	1.12	5.5	20.8	0.0	0.0	17.95	22	1.2758	2.0508	705	707.73	982.19	
2025204	47	715.9	750.5	563.3	750.2	376.2	0.69	4.59	0	1,726	97	1.38	5.5	20.8	0.0	0.0	18.35	22	1.2758	2.0508	705	707.73	983.59	
2025723	47	715.7	748.8	562.3	748.8	376.5	0.56	4.59	0	1,686	96	1.12	5.5	20.8	0.0	0.0	18.33	22	1.2758	2.0508	705	707.64	983.59	
2026256	47	715.6	746.5	561.6	746.8	375.8	0.69	4.59	0	1,680	95	1.38	5.5	20.8	0.0	0.0	18.45	22	1.2758	2.0508	705	707.64	983.83	
2026822	48	715.6	745.2	560.5	745.2	375.5	0.69	4.59	0	1,669	95	1.38	5.5	20.8	0.0	0.0	18.42	22	1.2758	2.0508	705	707.73	983.91	
2027377	48	715.6	743.2	559.3	742.8	375.8	0.69	4.59	0	1,653	94	1.38	5.5	20.8	0.0	0.0	18.49	22	1.2758	2.0508	705	707.73	983.67	
2027952	48	715.6	741.2	558.3	741.2	375.2	0.69	4.59	0	1,630	92	1.38	5.5	20.8	0.0	0.0	18.47	22	1.2758	2.0508	705	707.73	983.75	
2028509	48	715.7	738.5	557.1	738.5	374.8	0.56	4.59	0	1,562	89	1.38	5.5	20.8	0.0	0.0	18.47	22	1.2758	2.0508	705	707.85	983.28	
2029020	49	715.7	736.5	555.8	736.5	375.2	0.56	4.59	0	1,500	85	1.38	5.5	20.8	0.0	0.0	18.42	22	1.2758	2.0508	705	707.85	982.89	
2029558	49	715.8	734.2	554.5	733.8	374.5	0.69	4.59	0	1,482	84	1.12	5.5	20.8	0.0	0.0	18.52	22	1.2758	2.0508	705	707.85	982.03	
2030164	49	715.9	731.5	553.1	731.5	374.5	0.56	4.59	0	1,461	83	1.38	5.5	20.8	0.0	0.0	18.68	22	1.2758	2.0508	705	707.94	981.80	
2030712	49	716.0	729.2	552.1	729.2	374.2	0.56	4.59	0	1,449	82	1.12	5.5	20.8	0.0	0.0	18.84	22	1.2758	2.0508	705	707.94	981.48	
2031292	49	716.1	726.8	550.5	726.8	373.8	0.69	4.59	0	1,446	82	1.12	5.5	20.8	0.0	0.0	19.36	22	1.2758	2.0508	705	707.94	981.80	
2031894	49	716.2	723.8	549.0	723.8	373.8	1.94	4.59	0	1,448	81	1.38	5.5	20.8	0.0	0.0	36.66	20	1.2758	2.0508	705	707.94	970.62	
2032440	50	716.2	721.8	547.6	721.2	373.2	3.31	4.59	0	1,502	81	5.69	5.5	20.8	0.0	0.0	62.98	20	1.2758	2.0508	705	708.04	1,010.62	
2033086	50	716.0	718.8	546.2	718.8	373.2	3.81	4.59	0	1,469	82	8.69	5.5	20.8	0.0	0.0	76.12	20	1.2758	2.0508	705	707.94	1,113.20	
2033648	49	715.4	717.2	545.1	716.8	372.8	4.69	4.59	0	1,489	82	11.06	5.5	20.8	0.0	0.0	92.98	20	1.2758	2.0508	705	707.73	1,212.50	
2034197	49	714.8	715.5	544.5	715.5	373.2	7.12	4.59	0	1,580	83	19.44	5.5	20.8	0.0	0.0	103.62	20	1.2758	2.0336	705	707.33	1,438.44	
2034740	48	714.5	715.2	544.0	714.5	372.5	11.50	4.59	0	1,758	84	27.81	5.5	20.8	0.0	0.0	114.30	20	1.2758	2.0414	705	706.94	1,448.44	
2035313	47	714.2	714.8	543.6	714.8	372.8	10.94	4.59	0	1,836	85	25.69	5.5	20.8	0.0	0.0	109.01	20	1.2758	2.0414	705	706.35	1,482.11	
2035850	47	714.1	715.5	544.0	715.2	372.5	12.00	4.59	0	1,806	86	29.19	5.5	20.4	0.0	0.0	103.24	20	1.2758	2.0328	705	705.74	1,328.67	
2036453	46	714.3	716.5	544.5	716.8	372.5	10.44	4.59	0	1,867	87	22.19	5.5	20.8	0.0	0.0	93.02	20	1.2758	2.0414	705	705.13	1,229.38	
2037051	45	714.9	718.2	545.5	717.8	372.8	3.81	4.59	0	1,827	87	5.94	5.5	20.8	0.0	0.0	29.20	20	1.2758	2.0500	700	704.64	1,069.14	
2037660	44	715.3	720.8	547.0	720.8	373.2	1.25	4.59	0	1,817	87	0.81	5.5	20.8	0.0	0.0	12.30	20	1.2758	2.0414	700	704.33	992.34	
2038227	44	715.5	722.8	547.7	722.8	373.5	0.38	4.59	0	1,518	86	1.12	5.5	20.8	0.0	0.0	17.48	20	1.2758	2.0414	700	704.03	978.91	
2038823	45	715.7	724.8	549.0	724.8	373.5	0.56	4.59	0	1,507	85	0.81	5.5	20.8	0.0	0.0	17.44	20	1.2758	2.0414	700	703.84	974.22	
2039340	45	715.8	725.8	549.6	725.8	373.8	0.56	4.59	0	1,485	85	1.12	5.5	20.8	0.0	0.0	14.93	20	1.2758	2.0414	700	703.63	980.47	
2039944	45	716.0	726.2	550.0	726.2	373.8	0.88	4.59	0	1,492	84	1.12	5.5	20.4	0.0	0.0	27.09	19	1.2758	2.0328	700	703.44	969.14	
2040516	46	716.1	726.2	549.7	726.2	373.5	3.00	4.59	0	1,575	84	3.81	5.5	20.4	0.0	0.0	54.82	19	1.2758	2.0328	700	703.23	993.36	
2041089	46	716.0	725.8	549.6	725.8	373.5	3.12	4.59	0	1,529	84	7.56	5.5	20.4	0.0	0.0	65.81	19	1.2758	2.0328	700	703.05	1,031.64	
2041634	46	715.7	725.2	549.5	725.5	373.8	4.00	4.59	0	1,512	85	9.50	5.5	20.8	0.0	0.0	68.88	19	1.2758	2.0414	700	702.83	1,068.91	
2042320	46	715.1	725.5	549.5	725.5	373.5	4.00	4.59	0	1,528	85	10.00	5.5	20.8	0.0	0.0	69.42	19	1.2758	2.0328	700	702.53	1,077.89	
2042873	46	714.2	725.2	549.6	725.2	373.8	4.19	4.59	0	1,566	86	10.25	5.5	20.4	0.0	0.0	68.65	19	1.2758	2.0328	700	702.34	1,079.92	
2043443	46	712.9	725.5	549.6	725.2	373.8	3.81	4.59	0	1,546	86	10.56	5.5	20.4	0.0	0.0	63.40	19	1.2758	2.0328	700	702.13	1,075.62	
2043996	46	711.7	725.2	549.6	725.2	374.2	3.00	4.59	0	1,551	86	5.12	5.5	20.4	0.0	0.0	30.30	19	1.2758	2.0328	700	701.85	1,045.70	
2044578	45	710.6	726.2	550.0	726.5	373.8	0.56	4.59	0	1,531	86	1.12	5.5	20.4	0.0	0.0	13.43	19	1.2758	2.0328	700	701.73	990.62	
2045169	45	709.7	726.5	550.3	726.5	374.5	0.00	4.59	0	1,496	85	1.38	5.5	20.4	0.0	0.0	14.34	19	1.2758	2.0328	700	701.55	967.50	
2045766	45	708.7	726.8	550.5	726.8	374.2	2.44	4.59	0	1,587	85	3.50	5.5	20.4	0.0	0.0	52.22	19	1.2758	2.0328	700	701.43	997.34	
2046398	46	707.6	726.5	550.1	726.5	374.2	1.56	4.59	0	1,531	85	1.94	5.5	20.4	0.0	0.0	17.93	19	1.2758	2.0328	700	701.24	987.89	
2047003	46	706.6	726.2	550.2	726.5	374.2	0.88	4.59	0	1,474	84	1.12	5.5	20.4	0.0	0.0	10.66	19	1.2758	2.0328	700	701.15	972.58	
2047575	46	705.8	726.2	549.8	726.2	374.2	0.56	4.59	0	1,479	84	1.12	5.5	20.4	0.0	0.0	17.18	19	1.2758	2.0328	700	701.15	971.09	
2048138	46	705.2	725.2	549.8	724.8	374.2	0.56	4.59	0	1,464	83	1.12	5.5	20.4	0.0	0.0	17.65	19	1.2758	2.0328	700	701.03	971.02	
2048742	46	704.6	723.8	549.0	723.8	373.8	0.69	4.59	0	1,443	82	1.12	5.5	20.4	0.0	0.0	17.53	19	1.2758	2.0328	700	701.03	977.81	
2049335	47	704.1	722.8	548.3	722.2	374.5	0.69	4.59	0	1,436	82	1.12	5.5	20.4	0.0	0.0	17.65	19	1.2758	2.0328	700	701.03	979.22	
2049856	47	703.8	721.2	547.8	721.2	373.8	0.69	4.59	0	1,432	81	1.12	5.5	20.4	0.0	0.0	17.81	19	1.2758	2.0328	700	701.03	979.45	
2050448	47	703.5	718.8	546.1	718.5	373.8	0.69	4.59	0	1,418	80	1.12	5.5	20.4	0.0	0.0	17.84	19	1.2758	2.0328	700	701.15	979.77	
2051039	47	703.2	716.8	545.1	716.5	373.5	0.69	4.59	0	1,405	80	1.12	5.5	20.4	0.0	0.0	17.86	19	1.2758	2.0328	700	701.15	980.31	
2051722	48	703.0	714.2	544.1	714.5	373.5	0.69	4.59	0	1,394	79	1.12	5.5	20.4	0.0	0.0	17.93	19	1.2758	2.0328	700	701.15	980.47	
2052347	48	702.8	711.8	543.0	711.5	373.2	0.69	4.59	0	1,385	79	1.12	5.5	20.4	0.0	0.0	18.16	19	1.2758	2.0328	700	701.15	980.31	
2052913	48	702.7	709.5	541.5	709.5	373.5	0.69	4.59	0	1,370	78	1.12	5.5	20.4	0.0	0.0	17.84	19	1.2758	2.0328	700	701.15	979.77	
2053498	48	702.6	706.8	540.1	706.8	373.2	0.69	4.59	0	1,368	77	0.81	5.5	20.4	0.0	0.0	18.23	19	1.2758	2.0328	700	701.15	979.92	
2054097	48	702.5	704.8	539.0	704.2	372.5	0.69	4.59	0	1,353	77	1.12	5.5	20.4	0.0	0.0	18.28	19	1.2758	2.0328	700	701.15	979.61	
2054734	49	702.4	702.2	537.6	702.2	372.8	0.88	4.59	0	1,335	75	0.81	5.5	20.4	0.0	0.0	18.59	19	1.2758	2.0328	700	701.15	979.45	
2055271	49	702.3	699.2	536.0	699.2	372.5	0.88	4.59	0	1,300	74	0.81	5.5	20.4	0.0	0.0	18.40	19	1.2758	2.0328	700	701.15	978.75	
2055867	49	702.3	696.8	534.8	696.8	372.2	0.88	4.59	0	1,294	73	0.81	5.5	20.4	0.0	0.0	18.47	19	1.2758	2.0328	700	701.15	978.52	
2056492	49	702.2	694.5	533.3	694.2	371.8	0.88	4.59	0	1,280	73	0.81	5.5	20.4	0.0	0.0	18.66	19	1.2758	2.0328	700	701.15	978.05	
2057062	49	702.2	692.2	532.0	691.5	371.8	1.06	4.59	0	1,269	72	0.81	5.5	20.4	0.0	0.0	18.66	19	1.2758	2.0328	700	701.15	977.81	
2057607	49	702.1	689.8	530.6	689.5	371.5	1.06	4.59	0	1,249	70	0.81	5.5	20.4	0.0	0.0	18.52	19	1.2758	2.0328	700	701.15	977.50	
2058229	49	702.0	687.2	529.3	686.8	370.8	0.69	4.59	0	1,343	68	1.12	5.5	20.4	0.0	0.0	12.14	19	1.2758	2.0328	700	701.03	974.14	
2058893	49	702.0	684.5	528.0	684.5	370.8	0.69	4.59	0	1,381	66	1.12	5.5	20.4	0.0	0.0	18.09	19	1.2758	2.0328	700	701.03	975.55	
2059516	49	701.9	682.5	526.6	682.2	370.8	0.69	4.59	0	1,352	64	1.12	5.5	20.4	0.0	0.0	19.24	19	1.2758	2.0328	700	700.94	977.34	
2060092	50	701.8	680.2	525.5	679.5	370.2	0.88	4.59	0	1,339	64	1.12	5.5	20.4	0.0	0.0	19.29	19	1.2758	2.0328	700	700.94	978.36	
2060774	50	701.8	677.2	523.8	677.2	370.2	0.88	4.59	0	1,323	63	0.81	5.5	20.4	0.0	0.0	19.29	19	1.2758	2.0328	700	700.84	978.28	
2061309	50	701.8	675.5	522.6	674.8	369.5	0.88	4.59	0	1,313	63	1.12	5.5	20.4	0.0	0.0	19.20	19	1.2758	2.0328	700	700.75	978.20	
2061917	50	701.7	672.5	521.3	672.5	369.5	0.88	4.59	0	1,304	62	0.81	5.5	20.4	0.0	0.0	19.34	19	1.2758	2.0328	700	700.54	978.44	
2062463	50	701.7	670.5	519.8	670.2	369.2	0.88	4.59	0	1,290	61	0.81	5.5	20.4	0.0	0.0	19.27	19	1.2758	2.0328	700	700.44	978.44	
2063095	50	701.7	668.5	518.5	668.2	368.5	0.88	4.59	0	1,283	61	0.81	5.5	20.4	0.0	0.0	19.36	19	1.2758	2.0328	700	700.35	977.97	
2063704	50	701.7	666.2	517.6	666.2	368.2	1.06	4.59	0	1,263	60	0.56	5.5	20.4	0.0	0.0	19.34	19	1.2758	2.0328	700	700.14	977.66	
2064353	50	701.6	663.8	516.2	663.8	367.8	1.06	4.59	0	1,222	58	0.81	5.5	20.4	0.0	0.0	19.34	19	1.2758	2.0328	700	699.93	976.80	
2064941	50	701.6	662.2	514.8	661.8	367.5	1.06	4.59	0	1,215	58	0.56	5.5	20.4	0.0	0.0	19.45	19	1.2758	2.0328	695	699.74	976.72	
2065542	50	701.5	660.2	513.7	659.8	367.8	1.06	4.59	0	1,204	58	0.56	5.5	20.4	0.0	0.0	19.52	19	1.2758	2.0328	695	699.53	976.09	
2066187	50	701.4	657.8	512.3	657.5	366.8	1.25	4.59	0	1,194	57	0.56	5.5	20.4	0.0	0.0	19.50	19	1.2758	2.0328	695	699.34	976.09	
2066742	51	701.4	655.8	511.3	656.2	366.8	1.25	4.59	0	1,185	57	0.56	5.5	20.4	0.0	0.0	19.50	19	1.2758	2.0328	695	699.13	975.70	
2067308	51	701.3	653.8	510.3	653.8	366.2	1.25	4.59	0	1,177	56	0.56	5.5	20.4	0.0	0.0	19.57	19	1.2758	2.0328	695	698.94	975.55	
2067869	51	701.2	652.5	509.3	652.5	365.8	1.25	4.59	0	1,168	56	0.56	5.5	20.4	0.0	0.0	18.87	19	1.2758	2.0328	695	698.73	975.39	
2068475	51	701.1	650.8	508.1	650.5	365.5	1.25	4.59	0	1,164	55	0.56	5.5	20.4	0.0	0.0	19.48	19	1.2758	2.0328	695	698.55	974.84	
2069076	51	700.9	648.8	507.2	648.5	365.2	1.25	4.59	0	1,150	55	0.56	5.5	20.4	0.0	0.0	19.29	19	1.2758	2.0328	695	698.24	974.69	
2069695	51	700.8	647.2	506.1	647.2	364.2	1.25	4.59	0	1,144	54	0.31	5.5	20.4	0.0	0.0	19.15	19	1.2758	2.0328	695	697.94	974.30	
2070415	51	700.6	645.2	504.8	645.2	364.2	1.44	4.59	0	1,133	54	0.31	5.5	20.4	0.0	0.0	19.36	19	1.2758	2.0328	695	697.63	974.14	
2071073	51	700.5	643.8	503.8	643.5	364.2	1.44	4.59	0	1,121	54	0.31	5.5	20.4	0.0	0.0	19.41	19	1.2758	2.0328	695	697.44	973.67	
2071640	51	700.2	641.8	502.5	641.2	363.5	2.12	4.59	0	1,125	53	1.12	5.5	20.4	0.0	0.0	40.45	19	1.2758	2.0328	695	697.14	963.44	
2072195	51	699.9	639.8	501.7	639.8	363.2	3.00	4.59	0	1,246	54	4.06	5.5	20.4	0.0	0.0	69.00	19	1.2758	2.0328	695	696.83	997.66	
2072770	51	699.3	638.2	500.8	638.5	362.5	3.12	4.59	0	1,185	55	6.25	5.5	20.4	0.0	0.0	76.69	19	1.2758	2.0328	695	696.65	1,071.48	
2073334	51	698.6	637.5	500.0	637.5	362.2	3.69	4.59	0	1,264	55	7.88	5.5	20.4	0.0	0.0	78.16	19	1.2758	2.0250	695	696.25	1,118.28	
2073872	50	697.8	636.8	499.5	636.8	362.2	3.12	4.59	0	1,220	56	8.12	5.5	20.4	0.0	0.0	63.14	19	1.2758	2.0250	695	696.04	1,066.02	
2074457	49	697.0	636.8	499.1	636.8	361.8	1.44	4.59	0	1,150	56	1.62	5.5	20.8	0.0	0.0	18.94	19	1.2758	2.0414	695	695.73	1,003.98	
2075055	49	696.3	636.8	499.1	636.8	361.5	1.44	4.59	0	1,181	56	0.56	5.5	20.4	0.0	0.0	25.05	19	1.2758	2.0336	695	695.55	967.89	
2075713	49	695.4	637.5	499.2	637.2	361.2	2.62	4.59	0	1,291	56	3.25	5.5	20.4	0.0	0.0	56.09	19	1.2758	2.0250	695	695.24	995.94	
2076281	49	694.2	637.5	499.3	637.8	360.8	2.81	4.59	0	1,238	57	4.88	5.5	20.8	0.0	0.0	63.84	19	1.2758	2.0422	695	694.94	1,006.25	
2076881	49	692.8	638.2	499.1	638.2	360.8	2.62	4.59	0	1,255	58	4.62	5.5	20.4	0.0	0.0	49.48	19	1.2758	2.0336	690	694.63	1,042.50	
2077455	49	691.6	638.8	499.6	638.5	360.2	2.25	4.59	0	1,128	58	1.12	5.5	20.4	0.0	0.0	19.27	19	1.2758	2.0336	690	694.35	992.73	
2078019	48	690.6	639.5	499.8	639.5	360.8	1.44	4.59	0	1,181	58	0.56	5.5	20.4	0.0	0.0	11.86	19	1.2758	2.0336	690	694.14	974.06	
2078615	48	689.7	639.8	500.0	640.2	360.5	1.56	4.59	0	1,183	57	0.31	5.5	20.4	0.0	0.0	17.18	19	1.2758	2.0336	690	693.93	969.92	
2079196	48	688.8	640.8	500.3	640.8	360.2	1.25	4.59	0	1,189	57	0.31	5.5	20.4	0.0	0.0	19.31	19	1.2758	2.0336	690	693.74	968.28	
2079855	48	688.1	640.8	500.5	640.8	360.2	2.12	4.59	0	1,215	56	0.81	5.5	20.4	0.0	0.0	37.99	19	1.2758	2.0336	690	693.53	964.53	
2080429	49	687.3	641.2	500.5	641.2	359.8	2.62	4.59	0	1,307	57	3.50	5.5	20.4	0.0	0.0	56.23	19	1.2758	2.0336	690	693.25	987.81	
2081025	49	685.8	641.2	500.3	641.5	359.5	2.81	4.59	0	1,258	57	5.44	5.5	20.4	0.0	0.0	62.93	19	1.2758	2.0336	690	692.85	998.52	
2081584	49	684.3	640.8	500.3	641.2	359.2	2.81	4.59	0	1,251	58	7.06	5.5	20.4	0.0	0.0	68.06	19	1.2758	2.0336	690	692.43	1,006.09	
2082110	49	682.9	641.2	500.2	641.2	359.2	2.81	4.59	0	1,265	58	6.50	5.5	20.4	0.0	0.0	50.84	19	1.2758	2.0336	690	691.94	1,019.06	
2082644	48	681.6	641.8	500.5	642.2	358.8	2.12	4.59	0	1,253	58	2.75	5.5	20.4	0.0	0.0	53.62	19	1.2758	2.0336	690	691.54	1,019.06	
2083221	48	680.2	642.5	500.6	642.5	359.2	2.81	4.59	0	1,258	58	4.31	5.5	20.4	0.0	0.0	62.53	19	1.2758	2.0336	690	690.93	1,032.66	
2083762	48	678.6	643.2	501.0	643.5	358.5	2.62	4.59	0	1,278	58	7.06	5.5	20.4	0.0	0.0	61.69	19	1.2758	2.0336	690	690.44	1,001.88	
2084291	48	677.2	644.5	501.5	644.5	358.5	2.62	4.59	0	1,260	59	7.06	5.5	20.4	0.0	0.0	60.54	19	1.2758	2.0336	690	689.94	991.02	
2084880	48	675.9	645.5	501.8	645.5	358.2	2.62	4.59	0	1,268	59	4.31	5.5	20.4	0.0	0.0	32.25	19	1.2758	2.0336	685	689.24	1,005.47	
2085468	47	674.8	646.5	502.5	646.8	358.2	1.56	4.59	0	1,207	58	0.81	5.5	20.4	0.0	0.0	14.86	19	1.2758	2.0336	685	688.75	978.75	
2086078	47	673.7	648.2	503.1	647.8	358.5	-0.06	4.59	0	1,195	57	0.00	5.5	20.4	0.0	0.0	15.68	19	1.2758	2.0336	685	688.35	971.02	
2086652	47	672.8	648.8	503.8	648.8	358.5	1.25	4.59	0	1,186	56	0.56	5.5	20.4	0.0	0.0	17.27	19	1.2758	2.0336	685	687.93	969.22	
2087206	47	672.1	649.5	503.8	649.5	358.2	1.44	4.59	0	1,153	55	0.56	5.5	20.4	0.0	0.0	18.26	19	1.2758	2.0336	685	687.53	972.81	
2087798	48	671.5	649.8	503.8	650.2	357.8	1.44	4.59	0	1,136	54	0.56	5.5	20.4	0.0	0.0	17.34	19	1.2758	2.0336	685	687.13	973.12	
2088466	48	670.8	650.2	504.0	649.8	357.8	1.56	4.59	0	1,128	53	0.56	5.5	20.4	0.0	0.0	27.66	19	1.2758	2.0336	685	686.85	962.42	
2089004	48	670.2	649.8	503.6	650.2	357.8	2.44	4.59	0	1,153	53	1.94	5.5	20.4	0.0	0.0	49.64	19	1.2758	2.0336	685	686.33	975.08	
2089610	48	669.2	649.2	503.5	649.5	357.8	2.44	4.59	0	1,164	53	3.50	5.5	20.4	0.0	0.0	55.41	19	1.2758	2.0336	685	685.84	1,007.34	
2090218	48	668.0	648.8	503.3	648.8	357.2	2.44	4.59	0	1,117	53	3.25	5.5	20.4	0.0	0.0	53.72	19	1.2758	2.0336	685	685.35	1,023.59	
2090817	48	666.8	649.2	503.1	649.2	357.5	2.62	4.59	0	1,198	53	3.50	5.5	20.4	0.0	0.0	50.98	19	1.2758	2.0336	680	684.74	1,037.34	
2091363	48	665.7	648.8	503.3	648.8	357.2	1.94	4.59	0	1,091	52	1.62	5.5	20.4	0.0	0.0	21.33	19	1.2758	2.0336	680	684.25	995.00	
2091931	48	664.8	649.5	503.2	649.5	357.5	1.56	4.59	0	1,103	52	0.56	5.5	20.4	0.0	0.0	41.91	19	1.2758	2.0336	680	683.85	975.78	
2092482	48	663.7	649.5	503.2	649.5	357.5	2.81	4.59	0	1,233	52	4.06	5.5	20.4	0.0	0.0	69.77	19	1.2758	2.0336	680	683.24	1,009.69	
2093081	48	662.3	649.5	503.3	649.5	357.2	3.31	4.59	0	1,125	52	5.69	5.5	20.4	0.0	0.0	75.91	19	1.2758	2.0336	680	682.54	1,074.06	
2093673	48	661.0	650.2	503.8	650.2	357.2	3.81	4.59	0	1,103	52	7.88	5.5	20.4	0.0	0.0	89.37	19	1.2758	2.0336	680	681.74	1,167.58	
2094276	48	659.7	650.8	504.1	650.8	357.2	5.06	4.59	0	1,366	52	16.25	5.5	20.4	0.0	0.0	99.80	19	1.2758	2.0336	680	680.73	1,236.17	
2094811	47	658.7	651.5	504.2	651.8	357.2	5.25	4.59	0	1,378	53	15.69	5.5	20.4	0.0	0.0	97.59	19	1.2758	2.0336	675	679.54	1,246.48	
2095351	47	658.0	652.8	504.8	652.8	357.5	5.75	4.59	0	1,420	54	16.75	5.5	20.4	0.0	0.0	101.48	19	1.2758	2.0336	675	678.53	1,285.00	
2095925	47	657.4	653.8	505.3	654.2	357.5	6.25	4.59	0	1,446	55	18.62	5.5	20.8	0.0	0.0	102.23	19	1.2758	2.0422	675	677.24	1,290.16	
2096471	46	657.4	655.5	506.3	656.2	357.5	5.25	4.59	0	1,455	56	17.81	5.5	20.4	0.0	0.0	76.71	20	1.2758	2.0250	675	676.05	1,154.53	
2097060	46	657.6	657.5	507.8	657.8	357.5	3.12	4.59	0	1,572	56	5.44	5.5	20.4	0.0	0.0	48.26	20	1.2758	2.0422	675	674.94	1,099.53	
2097716	46	657.7	659.8	508.8	659.8	357.8	3.31	4.59	0	1,510	57	6.75	5.5	20.8	0.0	0.0	59.16	20	1.2758	2.0336	670	673.63	1,023.44	
2098279	46	657.8	662.2	509.8	662.2	358.2	2.44	4.59	0	1,413	58	8.69	5.5	20.4	0.0	0.0	73.12	20	1.2758	2.0336	670	672.74	1,018.52	
2098858	46	657.8	664.5	511.3	664.8	357.8	4.00	4.59	0	1,255	59	8.94	5.5	20.8	0.0	0.0	87.94	20	1.2758	2.0422	670	671.73	1,141.48	
2099413	46	658.2	666.5	512.2	666.5	358.2	4.38	4.59	0	1,286	59	11.88	5.5	20.8	0.0	0.0	92.11	20	1.2758	2.0422	670	670.63	1,172.27	
2100046	46	659.1	668.5	513.3	668.8	358.5	4.38	4.59	0	1,286	60	12.69	5.5	20.8	0.0	0.0	88.88	20	1.2758	2.0422	665	669.74	1,173.28	
2100596	46	660.1	670.5	514.6	670.8	359.2	1.94	4.59	0	1,321	61	4.62	5.5	20.8	0.0	0.0	28.43	20	1.2758	2.0422	665	669.04	1,052.42	
2101150	45	660.7	672.5	515.7	672.5	358.8	1.44	4.59	0	1,267	61	0.81	5.5	20.8	0.0	0.0	14.74	20	1.2758	2.0422	665	668.55	991.56	
2101697	45	661.3	673.8	516.3	674.2	359.5	1.25	4.59	0	1,250	60	0.31	5.5	20.8	0.0	0.0	13.59	20	1.2758	2.0422	665	668.03	975.00	
2102274	45	661.7	675.5	517.2	675.5	358.8	0.38	4.59	0	1,269	60	0.81	5.5	20.8	0.0	0.0	23.51	20	1.2758	2.0422	665	667.63	962.42	
2102825	46	662.1	676.2	517.8	676.2	359.5	2.81	4.59	0	1,343	60	3.25	5.5	20.8	0.0	0.0	55.78	20	1.2758	2.0422	665	667.14	988.28	
2103443	46	662.5	676.5	518.3	676.8	360.2	3.12	4.59	0	1,327	60	6.25	5.5	20.4	0.0	0.0	71.32	20	1.2758	2.0336	665	666.65	1,046.72	
2104066	46	663.1	677.2	518.7	677.2	360.2	3.69	4.59	0	1,337	61	8.38	5.5	20.4	0.0	0.0	76.69	20	1.2758	2.0336	665	666.13	1,104.06	
2104686	46	663.9	677.5	518.8	677.5	360.5	3.69	4.59	0	1,308	62	9.19	5.5	20.4	0.0	0.0	76.31	20	1.2758	2.0430	665	665.73	1,125.62	
2105244	46	664.8	678.2	519.3	677.8	360.5	1.75	4.59	0	1,296	62	3.50	5.5	20.4	0.0	0.0	26.25	20	1.2758	2.0344	665	665.33	1,030.39	
2105820	46	665.4	678.5	519.5	678.2	360.5	1.25	4.59	0	1,313	62	0.81	5.5	20.4	0.0	0.0	12.73	20	1.2758	2.0344	665	665.15	984.53	
2106372	45	665.8	678.8	519.6	679.2	361.2	1.44	4.59	0	1,279	62	0.56	5.5	20.4	0.0	0.0	15.12	20	1.2758	2.0344	665	664.94	974.14	
2107041	46	666.1	679.2	520.2	679.2	361.2	1.06	4.59	0	1,286	61	0.56	5.5	20.4	0.0	0.0	17.11	20	1.2758	2.0344	660	664.75	970.86	
2107622	46	666.5	679.2	520.3	679.2	360.8	1.06	4.59	0	1,267	61	0.56	5.5	20.4	0.0	0.0	16.90	20	1.2758	2.0344	660	664.63	976.41	
2108232	46	666.9	678.5	520.0	678.5	361.5	1.06	4.59	0	1,260	60	0.81	5.5	20.4	0.0	0.0	17.37	20	1.2758	2.0344	660	664.54	976.17	
2108800	46	667.2	677.8	519.6	677.8	361.5	1.25	4.59	0	1,246	59	0.56	5.5	20.4	0.0	0.0	17.39	20	1.2758	2.0344	660	664.44	976.48	
2109373	47	667.5	676.5	519.1	676.2	361.5	1.06	4.59	0	1,236	59	0.81	5.5	20.4	0.0	0.0	17.09	20	1.2758	2.0344	660	664.44	976.64	
2109929	47	667.8	674.8	518.5	675.2	361.8	1.25	4.59	0	1,223	58	0.56	5.5	20.4	0.0	0.0	17.51	20	1.2758	2.0344	660	664.44	976.33	
2110484	47	668.1	673.5	517.6	673.5	361.8	1.25	4.59	0	1,214	58	0.56	5.5	20.4	0.0	0.0	17.25	20	1.2758	2.0344	660	664.44	975.78	
2111100	47	668.3	672.2	517.1	671.8	361.5	1.25	4.59	0	1,204	57	0.56	5.5	20.4	0.0	0.0	17.44	20	1.2758	2.0344	660	664.44	975.86	
2111644	47	668.6	670.2	516.0	670.5	361.5	1.25	4.59	0	1,193	57	0.56	5.5	20.4	0.0	0.0	17.55	20	1.2758	2.0344	660	664.44	975.70	
2112269	48	668.8	668.2	515.1	668.2	361.5	1.25	4.59	0	1,180	56	0.56	5.5	20.4	0.0	0.0	17.55	20	1.2758	2.0344	660	664.44	975.08	
2112823	48	668.9	666.8	514.1	666.8	361.5	1.25	4.59	0	1,173	56	0.56	5.5	20.4	0.0	0.0	17.53	20	1.2758	2.0344	660	664.44	975.23	
2113374	48	669.1	665.2	513.3	664.8	361.5	1.44	4.59	0	1,158	55	0.56	5.5	20.4	0.0	0.0	17.74	20	1.2758	2.0344	660	664.44	974.77	
2113956	48	669.3	663.2	512.3	662.8	361.5	1.44	4.59	0	1,133	54	0.31	5.5	20.4	0.0	0.0	17.88	20	1.2758	2.0344	660	664.44	974.38	
2114558	48	669.4	661.2	511.3	661.5	361.2	1.44	4.59	0	1,083	51	0.31	5.5	20.4	0.0	0.0	17.65	20	1.2758	2.0344	660	664.44	973.28	
2115089	48	669.5	659.2	510.5	659.2	361.5	1.75	4.59	0	1,166	49	0.56	5.5	20.4	0.0	0.0	11.67	20	1.2758	2.0344	660	664.44	970.31	
2115765	48	669.5	657.5	509.5	657.5	361.2	1.44	4.59	0	1,205	47	0.56	5.5	20.4	0.0	0.0	17.34	20	1.2758	2.0344	660	664.44	971.95	
2116306	48	669.6	655.8	508.5	655.5	361.5	1.25	4.59	0	1,174	45	0.56	5.5	20.4	0.0	0.0	17.93	20	1.2758	2.0344	660	664.44	972.73	
2116917	49	669.7	653.2	507.3	653.2	361.2	1.44	4.59	0	1,136	44	0.56	5.5	20.4	0.0	0.0	18.09	20	1.2758	2.0344	660	664.44	973.20	
2117485	49	669.8	651.2	506.1	651.2	361.2	1.44	4.59	0	1,117	43	0.56	5.5	20.4	0.0	0.0	14.77	20	1.2758	2.0344	660	664.44	972.11	
2118077	49	669.9	649.2	505.1	648.8	360.8	1.44	4.59	0	1,422	42	0.00	5.5	20.4	0.0	0.0	16.05	20	1.2758	2.0344	660	664.44	971.64	
2118650	49	670.0	647.2	504.0	647.2	360.5	1.56	4.59	0	1,449	42	0.81	5.5	20.4	0.0	0.0	34.17	20	1.2758	2.0344	660	664.44	962.42	
2119169	49	669.9	645.5	503.1	645.5	360.5	3.12	4.59	0	1,554	43	5.12	5.5	20.4	0.0	0.0	61.12	20	1.2758	2.0344	660	664.44	1,001.72	
2119771	49	669.6	643.5	502.0	643.5	360.5	4.69	4.59	0	1,558	44	12.19	5.5	20.4	0.0	0.0	93.94	20	1.2758	2.0344	660	664.44	1,177.03	
2120370	49	669.2	642.5	501.5	642.2	359.8	7.50	4.59	0	1,566	46	19.44	5.5	20.4	0.0	0.0	112.95	20	1.2758	2.0344	660	664.44	1,447.81	
2120998	49	669.0	641.2	501.0	641.5	360.2	13.38	4.59	0	1,853	49	31.06	5.5	20.4	0.0	0.0	135.42	20	1.2758	2.0250	660	664.23	1,704.38	
2121562	48	668.8	641.2	500.8	641.2	360.5	15.31	4.59	0	1,790	52	38.06	5.5	20.4	0.0	0.0	136.50	20	1.2758	2.0336	660	664.05	1,776.64	
2122115	48	668.7	641.8	501.0	641.5	360.5	17.06	4.59	0	1,878	55	40.25	5.5	20.4	0.0	0.0	137.09	20	1.2758	2.0336	660	663.74	1,784.38	
2122701	48	669.0	642.8	501.8	642.8	360.8	18.62	4.59	0	1,992	59	45.94	5.5	20.4	0.0	0.0	137.23	20	1.2758	2.0336	660	663.44	1,800.86	
2123247	47	669.8	644.5	502.3	644.8	360.8	18.94	4.59	0	2,086	62	48.88	5.5	20.4	0.0	0.0	135.12	20	1.2758	2.0328	660	663.25	1,793.28	
2123815	47	671.1	647.2	504.0	647.5	361.5	20.31	4.59	0	2,195	65	54.00	5.5	20.8	0.0	0.0	134.34	20	1.2758	2.0328	660	663.25	1,804.14	
2124353	47	673.1	649.8	505.6	649.8	361.5	21.88	4.59	0	2,312	68	59.12	5.5	20.8	0.0	0.0	135.91	20	1.2758	2.0578	660	663.34	1,798.05	
2125059	47	675.7	653.2	507.8	653.5	362.5	13.06	4.59	0	2,355	71	33.25	5.5	20.8	0.0	0.0	57.28	20	1.2758	2.0570	660	663.83	1,069.14	
2125640	46	678.8	657.2	509.8	657.2	363.2	1.75	4.59	0	2,239	71	1.62	5.5	20.8	0.0	0.0	19.80	20	1.2758	2.0570	660	664.23	997.27	
2126174	45	681.1	661.8	512.5	662.2	363.5	0.88	4.59	0	1,627	71	1.12	5.5	20.8	0.0	0.0	16.76	20	1.2758	2.0570	660	664.44	982.03	
2126731	45	682.8	665.2	514.5	665.5	364.5	1.25	4.59	0	1,783	71	0.81	5.5	21.2	0.0	0.0	17.25	20	1.2758	2.0648	660	664.75	976.56	
2127278	46	684.3	668.5	516.5	668.8	364.8	1.44	4.59	0	1,817	70	1.12	5.5	21.2	0.0	0.0	17.11	20	1.2758	2.0648	665	665.03	983.83	
2127834	46	685.8	670.8	517.6	671.5	364.8	1.06	4.59	0	1,735	70	1.12	5.5	21.2	0.0	0.0	17.53	20	1.2758	2.0563	665	665.33	983.59	
2128443	47	687.3	672.8	519.1	672.8	365.5	0.69	4.59	0	1,509	70	1.12	5.5	21.2	0.0	0.0	17.02	20	1.2758	2.0719	665	665.55	982.50	
2129015	47	688.5	674.5	520.0	674.2	365.8	0.69	4.59	0	1,464	69	1.12	5.5	21.2	0.0	0.0	17.16	20	1.2758	2.0633	665	665.85	981.41	
2129627	47	689.9	675.2	520.8	675.2	366.8	0.69	4.59	0	1,453	69	1.12	5.5	21.2	0.0	0.0	17.86	20	1.2758	2.0797	665	666.04	981.17	
2130192	47	691.0	675.5	520.8	675.2	366.5	1.06	4.59	0	1,232	69	0.81	5.5	21.6	0.0	0.0	17.18	20	1.2758	2.0797	665	666.25	978.91	
2130807	47	692.0	675.2	520.8	675.2	366.8	1.06	4.59	0	1,217	68	0.56	5.5	21.2	0.0	0.0	17.34	20	1.2758	2.0711	665	666.53	977.66	
2131419	48	693.0	674.8	521.3	674.5	367.2	1.25	4.59	0	1,197	68	0.56	5.5	21.2	0.0	0.0	17.55	20	1.2758	2.0711	665	666.74	977.11	
2132037	48	694.0	674.2	521.0	673.8	367.5	1.25	4.59	0	1,195	68	0.56	5.5	21.2	0.0	0.0	17.30	20	1.2758	2.0789	665	666.93	975.78	
2132601	48	694.7	673.2	520.3	672.8	368.2	1.25	4.59	0	1,185	67	0.56	5.5	21.2	0.0	0.0	17.48	20	1.2758	2.0711	665	667.14	975.78	
2133167	48	695.5	671.8	520.3	671.8	368.2	1.06	4.59	0	1,181	67	0.56	5.5	21.2	0.0	0.0	17.53	20	1.2758	2.0711	665	667.35	975.78	
2133714	48	696.2	670.8	519.5	670.8	368.2	1.25	4.59	0	1,175	67	0.56	5.5	21.6	0.0	0.0	17.70	20	1.2758	2.0875	665	667.63	975.39	
2134377	48	696.8	669.5	519.0	669.5	368.8	1.25	4.59	0	1,174	66	0.56	5.5	21.6	0.0	0.0	17.53	20	1.2758	2.0875	665	667.84	974.77	
2134903	49	697.4	668.2	518.5	668.2	368.8	1.06	4.59	0	1,164	66	0.56	5.5	21.6	0.0	0.0	17.65	20	1.2758	2.0797	665	668.15	974.84	
2135440	49	698.1	666.5	517.6	666.5	368.8	1.25	4.59	0	1,157	66	0.56	5.5	21.6	0.0	0.0	17.65	20	1.2758	2.0797	665	668.33	975.16	
2135980	49	698.5	664.8	517.1	664.8	368.5	1.25	4.59	0	1,153	66	0.56	5.5	21.6	0.0	0.0	17.95	20	1.2758	2.0883	665	668.64	974.77	
2136594	49	699.1	662.8	516.0	663.2	368.8	1.25	4.59	0	1,153	65	0.56	5.5	21.6	0.0	0.0	18.16	20	1.2758	2.0883	665	668.85	974.30	
2137127	49	699.5	661.5	515.1	661.2	368.8	1.06	4.59	0	1,328	64	0.81	5.5	21.6	0.0	0.0	11.02	20	1.2758	2.0883	665	669.13	971.72	
2137727	49	700.0	659.8	514.5	659.5	368.8	0.88	4.59	0	1,326	64	0.81	5.5	21.6	0.0	0.0	17.88	20	1.2758	2.0883	665	669.44	974.84	
2138272	49	700.4	658.2	513.6	658.5	369.2	0.88	4.59	0	1,331	63	1.12	5.5	21.6	0.0	0.0	18.73	20	1.2758	2.0883	665	669.74	976.80	
2138903	49	700.9	655.8	512.5	656.2	368.8	1.06	4.59	0	1,287	61	0.81	5.5	21.6	0.0	0.0	18.59	20	1.2758	2.0883	670	670.05	977.11	
2139437	49	701.3	654.5	511.6	654.5	368.8	1.06	4.59	0	1,231	58	0.56	5.5	21.6	0.0	0.0	18.40	20	1.2758	2.0883	670	670.23	977.19	
2139980	50	701.7	652.5	511.0	652.5	368.5	1.25	4.59	0	1,145	54	0.56	5.5	21.6	0.0	0.0	18.33	20	1.2758	2.0883	670	670.44	976.02	
2140532	50	702.1	651.2	509.8	650.8	368.8	1.44	4.59	0	1,047	50	0.31	5.5	21.6	0.0	0.0	14.18	20	1.2758	2.0883	670	670.75	974.06	
2141094	50	702.5	649.2	509.0	649.2	368.5	1.75	4.59	0	1,194	45	0.56	5.5	21.6	0.0	0.0	12.40	20	1.2758	2.0883	670	670.94	969.77	
2141667	50	702.8	647.5	508.1	647.2	368.5	1.44	4.59	0	1,088	41	0.56	5.5	21.6	0.0	0.0	12.82	20	1.2758	2.0883	670	671.24	967.03	
2142253	50	703.1	645.5	507.0	645.5	368.5	1.56	4.59	0	1,077	41	0.31	5.5	21.6	0.0	0.0	14.88	20	1.2758	2.0883	670	671.43	965.16	
2142949	50	703.4	644.2	506.3	643.8	367.8	1.75	4.59	0	1,311	37	0.31	5.5	21.6	0.0	0.0	12.80	20	1.2758	2.0883	670	671.73	965.94	
2143492	50	703.6	642.5	505.5	642.5	368.2	1.56	4.59	0	1,109	31	0.56	5.5	21.6	0.0	0.0	13.27	20	1.2758	2.0883	670	672.04	964.61	
2144030	50	703.8	641.2	504.7	640.8	367.8	1.75	4.59	0	941	26	0.00	5.5	21.6	0.0	0.0	13.27	20	1.2758	2.0883	670	672.25	963.44	
2144620	50	704.0	639.5	503.6	639.5	367.8	1.75	4.59	0	887	25	0.31	5.5	21.6	0.0	0.0	17.16	20	1.2758	2.0883	670	672.44	962.73	
2145166	50	704.2	638.2	503.2	637.8	367.8	1.75	4.59	0	971	25	0.31	5.5	21.6	0.0	0.0	16.85	20	1.2758	2.0883	670	672.65	962.81	
2145754	50	704.3	636.5	502.0	636.2	367.5	1.75	4.59	0	950	24	0.31	5.5	21.6	0.0	0.0	16.62	20	1.2758	2.0883	670	672.93	962.27	
2146318	50	704.4	634.5	500.8	634.5	367.2	1.75	4.59	0	944	23	0.31	5.5	21.6	0.0	0.0	17.20	20	1.2758	2.0883	670	673.14	962.03	
2146887	50	704.5	633.2	500.0	633.2	366.8	1.75	4.59	0	957	23	0.31	5.5	21.6	0.0	0.0	16.99	20	1.2758	2.0883	670	673.35	962.03	
2147454	50	704.6	631.5	499.3	631.5	366.5	1.75	4.59	0	960	23	0.31	5.5	21.6	0.0	0.0	16.97	20	1.2758	2.0883	670	673.54	961.88	
2148021	50	704.6	630.2	498.6	630.2	366.8	1.75	4.59	0	946	23	0.31	5.5	21.6	0.0	0.0	16.88	20	1.2758	2.0883	670	673.75	961.95	
2148589	50	704.6	628.8	497.6	628.8	366.2	1.75	4.59	0	952	23	0.31	5.5	21.6	0.0	0.0	16.95	20	1.2758	2.0883	670	673.84	961.95	
2149143	50	704.6	627.8	496.8	627.8	366.2	1.75	4.59	0	955	23	0.31	5.5	21.6	0.0	0.0	17.09	20	1.2758	2.0883	670	674.03	961.88	
2149683	50	704.6	625.8	496.0	625.8	365.8	1.75	4.59	0	957	23	0.31	5.5	21.6	0.0	0.0	16.97	20	1.2758	2.0883	670	674.24	961.80	
2150248	51	704.5	624.8	495.1	624.8	365.2	1.75	4.59	0	952	22	0.31	5.5	21.6	0.0	0.0	17.30	20	1.2758	2.0883	670	674.33	962.03	
2150827	51	704.5	623.2	494.5	623.2	365.2	1.75	4.59	0	947	21	0.31	5.5	21.6	0.0	0.0	17.39	20	1.2758	2.0883	670	674.55	961.88	
2151381	51	704.4	622.2	493.7	621.8	364.8	1.75	4.59	0	957	19	0.31	5.5	21.6	0.0	0.0	17.53	20	1.2758	2.0883	670	674.64	961.95	
2152051	51	704.3	620.5	492.6	620.5	364.8	1.75	4.59	0	928	17	0.31	5.5	21.6	0.0	0.0	18.45	20	1.2758	2.0883	670	674.85	961.72	
2152647	51	704.1	619.5	491.8	619.2	364.5	1.75	4.59	0	963	13	0.56	5.5	21.6	0.0	0.0	18.52	20	1.2758	2.0883	675	675.04	962.03	
2153219	51	704.0	617.8	490.8	617.5	364.2	1.75	4.59	0	922	10	0.31	5.5	21.6	0.0	0.0	19.41	20	1.2758	2.0883	675	675.13	961.88	
2153794	51	703.8	616.8	490.5	616.8	363.8	1.75	4.59	0	927	7	0.31	5.5	21.6	0.0	0.0	19.10	20	1.2758	2.0883	675	675.34	962.50	
2154353	51	703.6	615.8	489.6	615.8	363.5	1.56	4.59	0	814	6	0.31	5.5	21.6	0.0	0.0	20.72	20	1.2758	2.0883	675	675.44	960.86	
2154876	51	703.4	615.2	489.2	615.2	363.5	1.94	4.59	0	731	6	0.56	5.5	21.6	0.0	0.0	33.82	20	1.2758	2.0883	675	675.53	962.81	
2155431	51	703.2	614.5	488.8	614.2	363.2	1.94	4.59	0	956	6	0.56	5.5	21.6	0.0	0.0	23.60	20	1.2758	2.0883	675	675.74	964.69	
2156028	51	702.9	613.2	487.8	613.2	362.5	1.94	4.59	0	984	6	0.31	5.5	21.6	0.0	0.0	21.05	20	1.2758	2.0883	675	675.93	964.14	
2156671	51	702.5	612.5	487.5	612.2	362.2	1.75	4.59	0	981	6	0.31	5.5	21.6	0.0	0.0	21.28	20	1.2758	2.0883	675	676.14	964.22	
2157237	51	702.2	611.8	487.0	611.8	361.8	1.75	4.59	0	986	7	0.31	5.5	21.6	0.0	0.0	32.65	20	1.2758	2.0883	675	676.35	961.56	
2157856	51	701.8	610.8	486.1	611.2	361.5	2.25	4.59	0	1,254	7	1.62	5.5	21.6	0.0	0.0	35.44	20	1.2758	2.0883	675	676.54	967.97	
2158431	51	701.3	611.2	486.1	611.2	361.5	1.94	4.59	0	1,284	9	1.38	5.5	21.6	0.0	0.0	23.81	20	1.2758	2.0883	675	676.75	969.61	
2158985	51	700.8	610.8	486.0	611.2	361.2	1.56	4.59	0	1,075	9	0.56	5.5	21.6	0.0	0.0	18.33	20	1.2758	2.0883	675	676.94	967.03	
2159535	50	700.3	610.5	485.7	610.5	360.8	1.56	4.59	0	918	9	0.31	5.5	21.6	0.0	0.0	20.41	20	1.2758	2.0883	675	677.24	963.52	
2160075	50	699.8	610.8	485.6	611.2	360.5	1.75	4.59	0	907	9	0.56	5.5	21.6	0.0	0.0	21.66	20	1.2758	2.0883	675	677.33	962.42	
2160703	50	699.3	610.5	485.5	610.5	360.5	1.75	4.59	0	943	9	0.56	5.5	21.6	0.0	0.0	21.42	20	1.2758	2.0883	675	677.64	963.83	
2161383	50	698.7	610.5	485.5	610.5	360.5	1.75	4.59	0	966	9	0.31	5.5	21.6	0.0	0.0	21.23	20	1.2758	2.0883	675	677.85	963.59	
2161955	51	698.2	610.5	485.5	610.5	359.8	1.75	4.59	0	976	9	0.56	5.5	21.6	0.0	0.0	46.73	20	1.2758	2.0883	675	678.04	960.23	
2162503	51	697.4	610.8	485.0	610.5	359.5	3.00	4.59	0	1,448	11	4.06	5.5	21.6	0.0	0.0	49.76	20	1.2758	2.0883	675	678.34	991.72	
2163078	51	696.4	610.8	485.1	610.2	359.5	2.81	4.59	0	1,469	13	4.06	5.5	21.6	0.0	0.0	29.32	20	1.2758	2.0883	675	678.53	1,003.44	
2163635	50	695.5	610.8	485.1	610.8	359.2	1.25	4.59	0	1,138	14	0.56	5.5	21.6	0.0	0.0	17.74	20	1.2758	2.0883	675	678.74	980.78	
2164196	50	694.6	611.2	485.5	611.2	359.5	1.56	4.59	0	1,075	14	0.31	5.5	21.6	0.0	0.0	21.19	20	1.2758	2.0883	675	678.93	962.27	
2164778	50	693.7	611.8	485.5	611.8	359.5	2.81	4.59	0	1,386	14	3.25	5.5	21.6	0.0	0.0	51.75	20	1.2758	2.0883	675	679.23	985.39	
2165336	50	692.5	612.8	485.8	612.5	359.2	3.31	4.59	0	1,506	17	5.69	5.5	21.6	0.0	0.0	59.11	20	1.2758	2.0883	675	679.44	1,037.03	
2165874	50	691.0	613.2	486.2	613.5	358.8	3.50	4.59	0	1,439	20	6.75	5.5	21.6	0.0	0.0	61.15	20	1.2758	2.0883	675	679.63	1,046.64	
2166351	50	689.4	613.8	486.7	614.2	359.5	4.19	4.59	0	1,690	22	9.19	5.5	21.6	0.0	0.0	59.20	20	1.2758	2.0883	675	679.84	1,022.03	
2166921	50	687.4	615.5	487.0	615.5	359.2	5.94	4.59	0	1,912	25	9.50	5.5	21.6	0.0	0.0	60.38	20	1.2758	2.0883	680	679.94	1,038.83	
2167472	49	685.1	616.2	487.8	616.5	359.2	6.25	4.59	0	2,073	27	12.19	5.5	21.6	0.0	0.0	63.00	20	1.2758	2.0805	680	679.94	1,101.09	
2168045	49	682.3	618.5	488.8	618.8	359.5	4.69	4.59	0	1,646	29	11.06	5.5	21.6	0.0	0.0	68.18	20	1.2758	2.0805	675	679.84	1,122.81	
2168644	49	679.6	620.8	489.8	620.8	359.2	5.38	4.59	0	1,653	32	11.88	5.5	21.6	0.0	0.0	71.81	20	1.2758	2.0805	675	679.63	1,129.45	
2169173	48	677.8	623.8	491.5	623.8	359.5	5.38	4.59	0	1,676	34	11.88	5.5	21.6	0.0	0.0	70.80	20	1.2758	2.0805	675	679.35	1,133.05	
2169805	48	676.2	625.8	492.6	625.8	359.5	6.25	4.59	0	1,788	36	12.19	5.5	21.6	0.0	0.0	71.41	20	1.2758	2.0805	675	678.93	1,132.81	
2170296	48	675.1	628.8	494.3	629.2	359.8	3.81	4.59	0	1,753	38	7.88	5.5	21.2	0.0	0.0	35.46	20	1.2758	2.0719	675	678.53	1,069.77	
2170889	48	674.3	632.2	496.1	632.5	360.5	1.44	4.59	0	1,280	38	1.12	5.5	21.6	0.0	0.0	17.98	20	1.2758	2.0891	675	678.13	994.06	
2171422	47	673.5	635.5	497.8	635.5	360.5	1.56	4.59	0	1,287	38	0.81	5.5	21.6	0.0	0.0	13.66	20	1.2758	2.0812	675	677.94	975.94	
2172005	47	672.8	638.2	499.3	638.5	360.8	1.25	4.59	0	1,260	37	0.56	5.5	21.6	0.0	0.0	16.85	20	1.2758	2.0812	675	677.73	972.03	
2172608	47	672.3	640.8	500.6	640.8	360.8	1.25	4.59	0	1,233	36	0.56	5.5	21.6	0.0	0.0	17.16	20	1.2758	2.0812	675	677.55	975.78	
2173163	48	671.8	642.5	501.8	642.8	361.5	1.25	4.59	0	1,187	35	0.56	5.5	21.2	0.0	0.0	17.18	20	1.2758	2.0727	675	677.33	976.25	
2173709	48	671.5	643.8	502.6	643.8	361.5	1.44	4.59	0	1,116	32	0.31	5.5	21.2	0.0	0.0	16.90	20	1.2758	2.0727	675	677.24	975.00	
2174261	48	671.2	645.2	503.1	645.2	361.5	1.25	4.59	0	1,196	29	0.56	5.5	21.2	0.0	0.0	17.30	20	1.2758	2.0727	675	677.15	975.62	
2174893	48	670.9	645.5	503.6	645.5	361.8	1.06	4.59	0	1,316	28	0.81	5.5	21.2	0.0	0.0	17.44	20	1.2758	2.0648	675	676.94	977.50	
2175465	49	670.7	645.8	503.6	646.2	362.2	1.06	4.59	0	1,363	27	1.12	5.5	21.2	0.0	0.0	17.93	20	1.2758	2.0648	675	676.84	978.36	
2176004	49	670.5	645.5	504.0	645.5	362.5	1.06	4.59	0	1,322	26	0.81	5.5	21.2	0.0	0.0	17.88	20	1.2758	2.0648	675	676.75	978.83	
2176565	49	670.3	645.2	504.0	644.8	362.5	1.25	4.59	0	1,250	25	0.56	5.5	21.2	0.0	0.0	17.95	20	1.2758	2.0734	675	676.63	978.20	
2177153	49	670.2	644.5	503.6	644.5	362.8	1.44	4.59	0	1,148	23	0.56	5.5	21.2	0.0	0.0	17.46	20	1.2758	2.0648	675	676.54	976.80	
2177748	49	670.0	644.5	503.5	644.2	362.8	1.44	4.59	0	1,111	22	0.31	5.5	21.2	0.0	0.0	18.09	20	1.2758	2.0648	675	676.44	975.23	
2178326	49	669.9	643.8	503.1	643.5	362.8	1.56	4.59	0	1,058	21	0.56	5.5	20.8	0.0	0.0	19.41	20	1.2758	2.0570	675	676.35	974.53	
2179037	49	669.8	642.5	502.6	642.5	363.2	1.56	4.59	0	880	21	0.31	5.5	21.2	0.0	0.0	15.00	20	1.2758	2.0742	675	676.23	968.36	
2179626	50	669.7	641.5	502.5	641.8	363.5	1.75	4.59	0	985	21	0.31	5.5	21.2	0.0	0.0	14.84	20	1.2758	2.0742	675	676.14	966.41	
2180187	50	669.5	640.5	502.1	640.5	363.5	1.56	4.59	0	971	20	0.31	5.5	21.2	0.0	0.0	15.56	20	1.2758	2.0742	675	676.05	964.69	
2180750	50	669.3	639.5	501.6	639.5	363.8	1.75	4.59	0	968	19	0.31	5.5	21.2	0.0	0.0	16.55	20	1.2758	2.0742	675	676.05	963.52	
2181305	50	669.1	638.5	501.5	638.5	363.5	1.75	4.59	0	940	17	0.31	5.5	21.2	0.0	0.0	17.67	20	1.2758	2.0742	675	675.93	962.97	
2181847	50	668.9	637.5	500.6	637.5	363.8	1.75	4.59	0	923	15	0.31	5.5	21.2	0.0	0.0	18.35	20	1.2758	2.0742	675	675.83	962.58	
2182408	50	668.6	636.5	500.3	636.2	363.8	1.75	4.59	0	944	13	0.31	5.5	21.2	0.0	0.0	18.66	20	1.2758	2.0742	675	675.74	962.73	
2182948	50	668.4	635.5	499.8	635.2	363.8	1.75	4.59	0	952	13	0.31	5.5	21.2	0.0	0.0	18.66	20	1.2758	2.0742	675	675.65	962.34	
2183508	50	668.1	634.5	499.3	634.2	363.5	1.75	4.59	0	949	13	0.31	5.5	21.2	0.0	0.0	18.47	20	1.2758	2.0742	675	675.53	962.34	
2184066	50	667.8	633.2	498.7	633.5	363.8	1.75	4.59	0	947	13	0.31	5.5	21.2	0.0	0.0	18.28	20	1.2758	2.0742	675	675.44	962.42	
2184631	50	667.4	632.5	498.3	632.5	364.2	1.75	4.59	0	938	12	0.31	5.5	21.2	0.0	0.0	18.56	20	1.2758	2.0742	675	675.34	962.19	
2185175	50	667.1	631.2	497.8	631.2	364.5	1.75	4.59	0	942	12	0.31	5.5	21.2	0.0	0.0	18.61	20	1.2758	2.0742	675	675.25	962.11	
2185722	51	666.7	630.5	497.5	630.8	364.5	1.75	4.59	0	948	12	0.31	5.5	21.2	0.0	0.0	18.77	20	1.2758	2.0742	675	675.04	962.11	
2186290	51	666.3	629.8	496.8	629.8	364.2	1.75	4.59	0	944	12	0.31	5.5	21.2	0.0	0.0	18.49	20	1.2758	2.0742	675	674.94	962.34	
2186835	51	666.0	628.8	496.5	628.8	363.8	1.75	4.59	0	940	12	0.56	5.5	21.2	0.0	0.0	18.59	20	1.2758	2.0742	670	674.85	962.19	
2187398	51	665.6	628.2	496.2	627.8	364.2	1.75	4.59	0	943	12	0.31	5.5	21.2	0.0	0.0	18.73	20	1.2758	2.0742	670	674.64	961.88	
2188122	51	665.1	627.2	495.8	626.8	364.5	1.56	4.59	0	940	12	0.56	5.5	21.2	0.0	0.0	18.89	20	1.2758	2.0742	670	674.43	962.11	
2188625	51	664.7	626.2	495.2	626.2	364.5	1.75	4.59	0	937	12	0.31	5.5	21.2	0.0	0.0	19.05	20	1.2758	2.0742	670	674.33	962.03	
2189143	51	664.2	625.2	494.8	625.5	364.5	1.75	4.59	0	937	12	0.56	5.5	21.2	0.0	0.0	19.27	20	1.2758	2.0742	670	674.24	962.11	
2189704	51	663.8	624.8	494.5	624.8	364.2	1.75	4.59	0	935	12	0.31	5.5	21.2	0.0	0.0	19.90	20	1.2758	2.0742	670	674.03	962.03	
2190251	51	663.3	623.8	494.2	623.8	364.5	1.75	4.59	0	943	12	0.31	5.5	21.2	0.0	0.0	24.70	20	1.2758	2.0742	670	673.94	960.62	
2190795	51	662.8	623.2	494.0	623.5	364.5	2.12	4.59	0	1,044	12	0.56	5.5	21.2	0.0	0.0	26.41	20	1.2758	2.0742	670	673.75	962.11	
2191320	51	662.3	623.2	493.6	622.8	364.2	1.94	4.59	0	1,192	12	1.12	5.5	21.2	0.0	0.0	27.23	20	1.2758	2.0742	670	673.63	964.06	
2191887	51	661.6	622.5	493.5	621.8	364.5	1.94	4.59	0	1,213	13	1.12	5.5	21.2	0.0	0.0	27.49	20	1.2758	2.0742	670	673.44	966.80	
2192443	51	660.9	622.2	493.1	621.8	364.8	1.75	4.59	0	1,214	13	1.38	5.5	21.2	0.0	0.0	16.76	20	1.2758	2.0742	670	673.23	966.09	
2193008	51	660.2	621.8	493.0	621.8	364.5	1.56	4.59	0	1,042	13	0.31	5.5	21.2	0.0	0.0	16.50	20	1.2758	2.0742	670	673.14	963.67	
2193568	51	659.6	621.8	493.3	621.8	364.5	1.75	4.59	0	1,015	13	0.31	5.5	21.2	0.0	0.0	15.68	20	1.2758	2.0742	670	672.93	962.58	
2194198	51	658.9	622.2	493.3	622.2	364.5	1.56	4.59	0	983	13	0.31	5.5	21.2	0.0	0.0	22.99	20	1.2758	2.0742	670	672.74	961.17	
2194750	51	658.2	621.8	493.1	621.8	364.8	2.12	4.59	0	1,227	14	1.38	5.5	21.2	0.0	0.0	30.45	20	1.2758	2.0742	670	672.65	963.20	
2195332	51	657.4	621.8	493.1	621.8	365.2	2.12	4.59	0	1,324	16	1.94	5.5	21.2	0.0	0.0	44.84	20	1.2758	2.0742	670	672.34	970.23	
2195878	52	656.3	621.5	493.5	621.5	365.2	2.44	4.59	0	1,445	18	3.25	5.5	21.2	0.0	0.0	46.45	20	1.2758	2.0742	670	672.13	992.97	
2196582	51	655.1	621.8	493.1	622.2	365.2	3.00	4.59	0	1,550	20	4.62	5.5	21.2	0.0	0.0	50.34	20	1.2758	2.0742	670	671.94	1,020.16	
2197141	51	653.3	622.2	493.8	622.5	365.2	4.56	4.59	0	1,777	23	7.06	5.5	21.2	0.0	0.0	57.05	20	1.2758	2.0742	670	671.43	1,088.12	
2197701	51	651.6	623.5	494.5	623.8	365.5	6.12	4.59	0	2,058	26	8.38	5.5	21.2	0.0	0.0	58.92	20	1.2758	2.0656	670	670.84	1,056.88	
2198219	51	649.0	625.2	495.3	625.2	365.5	4.19	4.59	0	1,575	28	10.25	5.5	21.2	0.0	0.0	66.82	20	1.2758	2.0656	670	670.35	1,097.03	
2198808	50	646.5	626.8	496.3	627.2	365.8	4.56	4.59	0	1,580	31	10.81	5.5	21.2	0.0	0.0	71.04	20	1.2758	2.0656	665	669.44	1,124.06	
2199368	50	644.4	629.2	497.7	629.5	366.5	5.06	4.59	0	1,660	33	11.62	5.5	21.2	0.0	0.0	71.18	20	1.2758	2.0656	665	668.64	1,126.33	
2199894	50	642.9	631.8	498.7	631.8	366.5	6.25	4.59	0	1,763	36	12.19	5.5	21.2	0.0	0.0	71.20	20	1.2758	2.0656	665	667.75	1,111.25	
2200441	49	641.5	634.5	500.1	634.5	366.5	6.62	4.59	0	1,834	38	11.62	5.5	21.2	0.0	0.0	66.26	20	1.2758	2.0656	665	666.65	1,082.19	
2200969	49	640.6	637.2	501.8	637.5	366.8	3.31	4.59	0	1,477	39	7.88	5.5	20.8	0.0	0.0	36.66	20	1.2758	2.0578	665	665.73	1,056.33	
2201529	49	639.9	640.5	503.8	640.8	367.5	1.56	4.59	0	1,342	39	1.38	5.5	20.8	0.0	0.0	18.84	20	1.2758	2.0578	660	664.84	994.69	
2202081	49	639.3	643.8	505.3	643.8	367.5	1.56	4.59	0	1,339	39	0.81	5.5	20.8	0.0	0.0	14.53	20	1.2758	2.0492	660	664.23	976.41	
2202685	49	638.6	647.2	507.1	647.2	368.2	1.75	4.59	0	1,317	39	0.31	5.5	20.8	0.0	0.0	16.59	20	1.2758	2.0492	660	663.53	971.09	
2203267	49	638.2	649.8	508.8	649.8	368.2	1.06	4.59	0	1,310	38	0.81	5.5	20.8	0.0	0.0	18.16	20	1.2758	2.0492	660	663.04	976.25	
2203835	49	637.8	651.2	509.8	651.5	368.2	1.06	4.59	0	1,287	38	0.56	5.5	20.8	0.0	0.0	17.04	20	1.2758	2.0578	660	662.43	977.42	
2204374	49	637.5	652.5	510.8	652.8	368.8	1.06	4.59	0	1,262	37	0.56	5.5	20.8	0.0	0.0	17.37	20	1.2758	2.0578	660	662.03	977.81	
2204915	49	637.3	653.8	511.3	653.5	369.2	1.25	4.59	0	1,186	35	0.56	5.5	20.8	0.0	0.0	17.06	20	1.2758	2.0578	660	661.54	977.34	
2205550	49	637.1	654.2	511.7	654.2	369.5	1.44	4.59	0	1,144	33	0.56	5.5	20.8	0.0	0.0	17.20	20	1.2758	2.0500	660	661.05	975.78	
2206077	49	636.9	654.5	512.1	654.5	369.8	1.25	4.59	0	1,216	32	0.56	5.5	20.8	0.0	0.0	17.48	20	1.2758	2.0500	660	660.74	977.11	
2206614	50	636.8	654.2	512.1	654.5	370.2	1.06	4.59	0	1,377	31	0.81	5.5	20.8	0.0	0.0	17.74	20	1.2758	2.0500	660	660.34	978.36	
2207185	50	636.7	653.8	512.0	653.8	370.5	0.69	4.59	0	1,510	30	1.12	5.5	20.8	0.0	0.0	18.26	20	1.2758	2.0414	660	659.94	980.08	
2207731	50	636.6	653.5	512.0	653.5	370.5	0.69	4.59	0	1,457	29	1.12	5.5	20.8	0.0	0.0	18.02	20	1.2758	2.0328	655	659.64	981.33	
2208262	50	636.6	652.5	511.5	652.5	370.8	0.69	4.59	0	1,429	29	1.12	5.5	20.8	0.0	0.0	18.21	20	1.2758	2.0500	655	659.33	981.33	
2208865	51	636.5	652.2	511.7	652.2	370.8	0.88	4.59	0	1,381	28	1.12	5.5	20.8	0.0	0.0	18.14	20	1.2758	2.0414	655	658.94	981.48	
2209466	51	636.5	651.2	511.2	650.8	371.2	0.88	4.59	0	1,349	27	0.81	5.5	20.8	0.0	0.0	19.31	20	1.2758	2.0336	655	658.63	980.78	
2210063	51	636.4	650.2	510.8	650.2	371.5	1.44	4.59	0	1,319	26	0.81	5.5	20.4	0.0	0.0	28.62	20	1.2758	2.0336	655	658.35	968.59	
2210641	51	636.3	649.2	510.3	649.2	371.8	2.62	4.59	0	1,461	27	3.00	5.5	20.4	0.0	0.0	45.73	20	1.2758	2.0336	655	657.93	983.59	
2211172	51	636.0	647.8	510.1	648.2	371.8	2.81	4.59	0	1,468	29	4.31	5.5	20.4	0.0	0.0	50.81	20	1.2758	2.0336	655	657.53	1,010.86	
2211701	51	635.5	647.5	509.8	647.8	372.2	3.00	4.59	0	1,513	30	4.62	5.5	20.4	0.0	0.0	49.29	20	1.2758	2.0336	655	657.04	1,030.23	
2212249	51	634.8	647.5	509.7	647.2	372.5	2.44	4.59	0	1,552	31	3.50	5.5	20.4	0.0	0.0	35.55	20	1.2758	2.0336	655	656.55	1,033.05	
2212783	51	634.1	647.2	509.6	647.2	372.5	1.94	4.59	0	1,432	32	2.19	5.5	20.4	0.0	0.0	16.76	20	1.2758	2.0336	655	656.15	992.03	
2213308	51	633.4	647.2	510.1	646.8	372.8	1.56	4.59	0	1,073	32	0.56	5.5	20.4	0.0	0.0	15.96	20	1.2758	2.0336	655	655.75	975.39	
2213867	50	632.8	647.8	510.3	647.8	372.8	1.75	4.59	0	1,067	31	0.56	5.5	20.4	0.0	0.0	13.71	20	1.2758	2.0336	655	655.44	965.62	
2214549	50	632.2	647.8	510.5	648.2	373.5	1.94	4.59	0	1,131	31	1.12	5.5	20.4	0.0	0.0	44.74	20	1.2758	2.0336	655	654.93	969.84	
2215161	51	631.4	648.2	510.8	648.2	373.5	2.44	4.59	0	1,187	32	2.75	5.5	20.4	0.0	0.0	49.08	20	1.2758	2.0336	650	654.53	991.48	
2215670	51	630.3	648.2	510.8	648.5	373.8	2.44	4.59	0	1,189	33	3.00	5.5	20.4	0.0	0.0	48.70	20	1.2758	2.0336	650	654.13	1,001.64	
2216212	51	629.3	648.5	511.1	648.2	373.8	2.81	4.59	0	1,226	34	4.06	5.5	20.4	0.0	0.0	58.38	20	1.2758	2.0336	650	653.55	1,026.88	
2216783	51	628.3	648.8	511.5	648.5	374.2	2.81	4.59	0	1,192	36	4.31	5.5	20.4	0.0	0.0	59.41	20	1.2758	2.0336	650	653.03	1,046.33	
2217327	51	627.4	649.2	511.6	648.8	374.5	2.81	4.59	0	1,269	36	4.88	5.5	20.4	0.0	0.0	59.41	20	1.2758	2.0336	650	652.44	1,058.83	
2217847	51	626.5	649.8	512.0	649.5	374.5	3.12	4.59	0	1,328	38	5.12	5.5	20.4	0.0	0.0	58.50	20	1.2758	2.0336	650	651.93	1,064.61	
2218388	50	625.5	650.5	512.7	650.5	375.2	3.12	4.59	0	1,333	39	5.12	5.5	20.4	0.0	0.0	54.42	20	1.2758	2.0336	650	651.34	1,071.80	
2218940	50	624.4	650.8	513.3	651.2	375.5	1.75	4.59	0	1,348	39	2.44	5.5	20.4	0.0	0.0	22.38	20	1.2758	2.0336	650	650.73	1,010.62	
2219498	50	623.4	652.5	514.0	652.5	375.5	0.88	4.59	0	1,203	39	0.56	5.5	20.4	0.0	0.0	17.67	20	1.2758	2.0336	650	650.24	981.95	
2220108	50	622.5	652.8	514.2	653.2	375.8	2.81	4.59	0	1,159	39	1.62	5.5	20.4	0.0	0.0	50.16	20	1.2758	2.0336	645	649.63	976.09	
2220655	50	621.5	654.2	514.6	654.2	375.8	2.62	4.59	0	1,114	40	4.06	5.5	20.4	0.0	0.0	72.21	20	1.2758	2.0336	645	649.14	1,015.39	
2221201	50	620.6	654.5	515.3	654.5	376.2	3.12	4.59	0	1,075	41	5.12	5.5	20.4	0.0	0.0	76.17	20	1.2758	2.0336	645	648.44	1,070.62	
2221747	50	619.8	655.2	515.8	655.2	376.2	3.50	4.59	0	1,124	42	6.25	5.5	20.4	0.0	0.0	79.17	20	1.2758	2.0336	645	647.85	1,092.73	
2222278	50	619.2	655.5	516.1	655.5	376.8	3.31	4.59	0	1,134	43	7.31	5.5	20.4	0.0	0.0	62.04	20	1.2758	2.0336	645	647.15	1,075.39	
2222894	50	618.8	656.2	516.7	656.2	376.8	1.94	4.59	0	1,128	43	2.44	5.5	20.4	0.0	0.0	32.88	20	1.2758	2.0336	645	646.44	1,046.17	
2223492	49	618.4	656.8	517.1	656.8	377.2	1.75	4.59	0	1,158	43	0.81	5.5	20.4	0.0	0.0	15.77	20	1.2758	2.0336	645	645.83	983.44	
2224085	49	618.0	657.5	517.5	657.8	377.8	0.88	4.59	0	1,102	43	0.31	5.5	20.4	0.0	0.0	14.25	20	1.2758	2.0336	645	645.34	971.56	
2224659	49	617.6	658.2	517.8	658.2	378.2	1.44	4.59	0	1,143	43	0.31	5.5	20.4	0.0	0.0	31.78	20	1.2758	2.0336	640	644.85	965.62	
2225203	49	617.2	658.5	518.3	658.2	377.8	2.62	4.59	0	1,182	43	2.19	5.5	20.4	0.0	0.0	53.34	20	1.2758	2.0336	640	644.24	978.20	
2225730	50	616.7	658.2	518.2	658.2	378.5	2.62	4.59	0	1,137	44	3.50	5.5	20.4	0.0	0.0	52.57	20	1.2758	2.0336	640	643.75	1,018.52	
2226315	50	616.2	657.8	517.8	657.8	378.5	1.75	4.59	0	1,142	44	1.12	5.5	20.4	0.0	0.0	19.24	20	1.2758	2.0336	640	643.23	984.61	
2226859	50	615.7	657.8	518.3	657.8	378.5	1.56	4.59	0	1,119	44	0.31	5.5	20.4	0.0	0.0	12.80	20	1.2758	2.0336	640	642.83	972.34	
2227407	50	615.4	657.5	518.1	657.5	378.8	1.94	4.59	0	1,115	43	0.00	5.5	20.4	0.0	0.0	15.94	20	1.2758	2.0336	640	642.44	968.52	
2227991	50	615.0	657.5	518.3	657.5	378.8	1.44	4.59	0	1,098	42	0.31	5.5	20.4	0.0	0.0	16.88	20	1.2758	2.0336	640	642.13	967.66	
2228546	50	614.7	656.5	518.0	656.5	379.5	1.44	4.59	0	1,076	42	0.31	5.5	20.4	0.0	0.0	16.27	20	1.2758	2.0336	640	641.73	971.17	
2229126	50	614.5	656.2	517.7	656.2	379.5	1.56	4.59	0	1,061	41	0.31	5.5	20.4	0.0	0.0	16.62	20	1.2758	2.0336	640	641.43	971.48	
2229720	50	614.3	654.8	517.0	655.2	379.5	1.56	4.59	0	1,037	40	0.31	5.5	20.4	0.0	0.0	16.45	20	1.2758	2.0336	640	641.03	971.33	
2230295	50	614.2	653.2	516.5	653.2	379.5	1.75	4.59	0	1,023	39	0.31	5.5	20.4	0.0	0.0	17.02	20	1.2758	2.0336	640	640.84	971.33	
2230832	50	614.1	652.2	515.8	651.8	379.5	1.56	4.59	0	1,000	39	0.56	5.5	20.4	0.0	0.0	16.78	20	1.2758	2.0336	640	640.54	970.86	
2231425	51	614.0	650.5	515.1	650.5	379.8	1.75	4.59	0	981	38	0.00	5.5	20.4	0.0	0.0	17.13	20	1.2758	2.0336	640	640.23	970.39	
2232114	51	613.9	649.2	514.5	649.2	379.2	1.75	4.59	0	964	37	0.31	5.5	20.4	0.0	0.0	17.13	20	1.2758	2.0336	640	639.93	969.30	
2232708	51	613.8	647.5	513.2	647.5	379.2	1.94	4.59	0	1,186	36	0.56	5.5	20.4	0.0	0.0	11.44	20	1.2758	2.0336	635	639.65	967.81	
2233289	51	613.8	645.5	512.6	645.5	379.2	1.44	4.59	0	1,185	35	0.31	5.5	20.4	0.0	0.0	17.25	20	1.2758	2.0336	635	639.44	971.02	
2233921	51	613.7	643.8	511.7	643.5	379.5	1.25	4.59	0	1,179	34	0.56	5.5	20.4	0.0	0.0	18.07	20	1.2758	2.0336	635	639.13	972.81	
2234537	51	613.7	641.8	510.7	641.8	379.2	1.44	4.59	0	1,132	33	0.31	5.5	20.4	0.0	0.0	17.70	20	1.2758	2.0336	635	638.85	973.75	
2235148	51	613.7	639.5	509.5	639.5	379.2	1.44	4.59	0	1,098	32	0.56	5.5	20.4	0.0	0.0	17.95	20	1.2758	2.0336	635	638.64	973.20	
2235736	51	613.8	637.8	508.6	637.8	379.2	1.44	4.59	0	1,072	32	0.56	5.5	20.4	0.0	0.0	17.70	20	1.2758	2.0336	635	638.43	972.97	
2236309	52	613.8	636.5	507.6	636.2	378.8	1.56	4.59	0	1,052	31	0.31	5.5	20.4	0.0	0.0	17.91	20	1.2758	2.0336	635	638.15	972.27	
2236883	52	613.8	635.2	506.8	634.8	378.5	2.81	4.59	0	1,024	30	0.81	5.5	20.4	0.0	0.0	14.98	20	1.2758	2.0336	635	637.94	967.58	
2237457	52	613.9	632.8	505.8	633.2	378.8	1.94	4.59	0	1,098	30	1.12	5.5	20.4	0.0	0.0	32.93	20	1.2758	2.0336	635	637.75	967.66	
2238077	52	613.8	631.8	505.0	631.5	378.5	1.94	4.59	0	1,072	30	0.81	5.5	20.4	0.0	0.0	22.36	20	1.2758	2.0336	635	637.44	966.80	
2238696	52	613.6	629.8	504.3	629.8	378.2	1.56	4.59	0	1,024	30	0.56	5.5	20.4	0.0	0.0	15.82	20	1.2758	2.0336	635	637.14	964.14	
2239236	52	613.4	628.8	503.6	628.8	378.5	0.69	4.59	0	1,006	30	0.31	5.5	20.4	0.0	0.0	15.30	20	1.2758	2.0336	635	636.93	963.52	
2239845	52	613.2	627.8	502.8	627.5	378.2	1.56	4.59	0	987	29	0.31	5.5	20.4	0.0	0.0	17.60	20	1.2758	2.0336	635	636.74	964.30	
2240412	52	613.2	626.2	502.3	626.2	378.2	1.75	4.59	0	962	28	0.00	5.5	20.4	0.0	0.0	17.98	20	1.2758	2.0336	635	636.44	967.03	
2240957	52	613.2	624.8	501.3	624.8	377.8	1.94	4.59	0	931	28	0.56	5.5	20.4	0.0	0.0	12.02	20	1.2758	2.0336	635	636.34	966.95	
2241617	52	613.2	623.8	500.8	623.5	377.8	1.75	4.59	0	1,042	27	0.00	5.5	20.4	0.0	0.0	12.02	20	1.2758	2.0336	635	636.04	964.84	
2242230	52	613.2	622.2	500.0	622.2	377.5	1.75	4.59	0	1,193	26	0.56	5.5	20.4	0.0	0.0	12.30	20	1.2758	2.0336	635	635.85	964.22	
2242819	52	613.1	620.5	498.8	620.5	376.8	1.56	4.59	0	1,238	25	0.00	5.5	20.4	0.0	0.0	17.16	20	1.2758	2.0336	635	635.64	966.88	
2243432	52	613.1	619.2	498.1	619.2	377.2	1.25	4.59	0	1,221	24	0.56	5.5	20.4	0.0	0.0	13.27	20	1.2758	2.0336	635	635.43	970.39	
2243972	52	613.1	617.8	497.3	617.8	376.8	2.12	4.59	0	1,220	25	0.81	5.5	20.4	0.0	0.0	32.39	20	1.2758	2.0336	635	635.24	962.03	
2244516	52	613.1	616.5	496.5	616.5	376.8	2.44	4.59	0	1,253	25	2.19	5.5	20.4	0.0	0.0	45.56	20	1.2758	2.0336	635	634.94	976.80	
2245090	53	612.8	615.5	496.0	615.5	376.2	2.62	4.59	0	1,320	27	3.50	5.5	20.4	0.0	0.0	48.40	20	1.2758	2.0336	630	634.75	999.61	
2245632	53	612.3	614.8	495.3	614.5	376.5	2.81	4.59	0	1,434	28	4.06	5.5	20.4	0.0	0.0	49.76	20	1.2758	2.0336	630	634.44	1,016.95	
2246114	52	611.6	614.2	495.2	614.2	376.2	3.00	4.59	0	1,510	30	4.62	5.5	20.4	0.0	0.0	50.86	20	1.2758	2.0336	630	634.05	1,034.30	
2246718	52	610.6	613.8	495.0	613.5	376.2	3.31	4.59	0	1,596	31	5.44	5.5	20.4	0.0	0.0	51.09	20	1.2758	2.0336	630	633.65	1,054.30	
2247369	52	609.4	614.2	495.2	613.8	375.8	2.62	4.59	0	1,273	33	5.44	5.5	20.4	0.0	0.0	62.44	20	1.2758	2.0336	630	633.13	1,069.38	
2247959	51	607.9	614.2	495.3	614.2	376.2	3.50	4.59	0	1,283	34	6.50	5.5	20.4	0.0	0.0	71.84	20	1.2758	2.0336	630	632.55	1,086.72	
2248491	51	606.7	614.8	495.1	614.8	376.2	3.50	4.59	0	1,208	36	7.06	5.5	20.4	0.0	0.0	76.08	20	1.2758	2.0336	630	631.94	1,129.14	
2249024	51	605.9	615.5	495.8	615.5	376.2	4.00	4.59	0	1,324	37	9.19	5.5	20.4	0.0	0.0	78.52	20	1.2758	2.0336	630	631.23	1,148.20	
2249571	50	605.2	616.2	496.2	616.5	376.2	4.19	4.59	0	1,333	39	9.50	5.5	20.4	0.0	0.0	77.98	20	1.2758	2.0336	630	630.53	1,161.41	
2250159	50	604.7	617.5	496.8	617.5	376.2	4.19	4.59	0	1,410	40	11.06	5.5	20.4	0.0	0.0	75.47	20	1.2758	2.0336	625	629.73	1,122.66	
2250840	50	604.5	619.5	497.8	619.2	376.2	4.00	4.59	0	1,453	42	10.56	5.5	20.4	0.0	0.0	68.25	20	1.2758	2.0336	625	628.75	1,082.34	
2251435	49	604.6	620.2	498.5	620.8	376.5	3.50	4.59	0	1,539	44	7.31	5.5	20.4	0.0	0.0	33.28	20	1.2758	2.0336	625	627.93	1,041.95	
2252065	49	604.6	622.5	499.3	622.2	376.2	1.25	4.59	0	1,222	44	0.81	5.5	20.4	0.0	0.0	17.77	20	1.2758	2.0336	625	627.34	989.45	
2252602	49	604.6	623.5	499.8	623.5	376.5	1.06	4.59	0	1,145	44	0.56	5.5	20.4	0.0	0.0	32.72	20	1.2758	2.0336	625	626.85	974.14	
2253146	49	604.5	624.8	500.8	624.8	376.5	2.62	4.59	0	1,264	45	3.25	5.5	20.4	0.0	0.0	58.22	20	1.2758	2.0336	625	626.33	990.86	
2253716	49	604.5	625.5	501.1	625.8	376.8	3.12	4.59	0	1,195	46	5.44	5.5	20.4	0.0	0.0	73.95	20	1.2758	2.0336	625	625.75	1,054.92	
2254264	49	604.6	626.5	501.6	626.5	377.2	2.25	4.59	0	1,188	47	4.31	5.5	20.4	0.0	0.0	30.42	20	1.2758	2.0336	625	625.23	1,027.81	
2254806	49	604.7	627.8	502.3	627.5	376.8	1.44	4.59	0	1,207	47	0.81	5.5	20.4	0.0	0.0	17.06	20	1.2758	2.0336	620	624.83	987.66	
2255370	49	604.7	628.5	502.6	628.5	377.2	1.44	4.59	0	1,164	46	0.31	5.5	20.4	0.0	0.0	11.62	20	1.2758	2.0336	620	624.44	973.59	
2255930	49	604.7	629.2	503.2	629.2	377.2	1.25	4.59	0	1,189	46	0.56	5.5	20.4	0.0	0.0	16.90	20	1.2758	2.0336	620	624.13	970.70	
2256497	49	604.7	629.8	503.3	629.8	377.2	1.25	4.59	0	1,176	46	0.56	5.5	20.4	0.0	0.0	17.20	20	1.2758	2.0336	620	623.85	974.53	
2257117	49	604.8	629.5	503.6	629.8	377.2	1.44	4.59	0	1,159	45	0.56	5.5	20.4	0.0	0.0	17.04	20	1.2758	2.0336	620	623.55	974.84	
2257642	49	604.9	629.8	503.3	629.5	377.2	1.44	4.59	0	1,148	45	0.56	5.5	20.4	0.0	0.0	16.78	20	1.2758	2.0336	620	623.24	975.08	
2258206	50	605.0	629.2	503.3	629.2	377.2	1.44	4.59	0	1,139	44	0.56	5.5	20.4	0.0	0.0	17.27	20	1.2758	2.0336	620	623.03	975.08	
2258771	50	605.2	628.8	502.8	628.8	377.5	1.44	4.59	0	1,132	44	0.56	5.5	20.4	0.0	0.0	17.13	20	1.2758	2.0336	620	622.84	974.45	
2259408	50	605.3	628.2	502.8	628.2	377.2	1.44	4.59	0	1,121	44	0.56	5.5	20.4	0.0	0.0	17.20	20	1.2758	2.0336	620	622.54	974.77	
2259999	50	605.4	626.8	502.3	626.8	377.2	1.56	4.59	0	1,092	42	0.56	5.5	20.4	0.0	0.0	17.34	20	1.2758	2.0336	620	622.35	974.53	
2260533	50	605.6	626.2	501.7	626.2	377.2	3.00	4.59	0	1,194	40	0.81	5.5	20.4	0.0	0.0	14.39	20	1.2758	2.0336	620	622.14	972.42	
2261119	50	605.7	625.5	501.2	625.5	377.5	1.44	4.59	0	1,299	39	0.56	5.5	20.4	0.0	0.0	17.18	20	1.2758	2.0336	620	621.93	972.58	
2261698	51	605.8	624.2	500.6	623.8	377.5	0.88	4.59	0	1,317	39	1.12	5.5	20.4	0.0	0.0	18.07	20	1.2758	2.0336	620	621.74	975.70	
2262353	51	606.0	622.8	500.3	622.5	377.2	1.25	4.59	0	1,270	38	0.81	5.5	20.4	0.0	0.0	17.93	20	1.2758	2.0336	620	621.53	977.27	
2262926	51	606.2	621.5	499.1	621.5	376.5	1.56	4.59	0	1,256	37	0.56	5.5	20.4	0.0	0.0	13.62	20	1.2758	2.0336	620	621.44	973.28	
2263484	51	606.3	620.5	498.6	620.5	376.8	1.56	4.59	0	1,283	37	1.12	5.5	20.4	0.0	0.0	22.34	20	1.2758	2.0336	620	621.25	968.05	
2264022	51	606.3	619.5	498.3	619.5	376.5	2.44	4.59	0	1,356	37	1.94	5.5	20.4	0.0	0.0	51.45	20	1.2758	2.0336	620	621.04	968.36	
2264548	52	606.3	618.5	497.6	618.2	376.8	3.31	4.59	0	1,354	38	6.25	5.5	20.4	0.0	0.0	66.23	20	1.2758	2.0336	620	620.85	1,002.81	
2265156	52	606.0	617.5	497.3	617.5	376.5	3.31	4.59	0	1,331	39	7.31	5.5	20.4	0.0	0.0	69.14	20	1.2758	2.0336	620	620.55	1,047.11	
2265732	51	605.9	616.8	496.6	616.8	376.8	3.81	4.59	0	1,415	40	9.50	5.5	20.4	0.0	0.0	73.57	20	1.2758	2.0336	620	620.24	1,081.48	
2266307	51	605.9	616.5	496.8	616.5	376.8	4.00	4.59	0	1,401	41	8.94	5.5	20.4	0.0	0.0	75.70	20	1.2758	2.0336	620	619.94	1,145.55	
2266861	51	606.0	616.5	496.6	616.5	376.8	4.56	4.59	0	1,513	43	11.38	5.5	20.4	0.0	0.0	79.22	20	1.2758	2.0336	615	619.54	1,172.42	
2267428	50	606.3	616.8	496.6	616.8	376.5	4.88	4.59	0	1,529	44	11.88	5.5	20.4	0.0	0.0	77.88	20	1.2758	2.0336	615	619.14	1,182.42	
2267974	50	606.7	617.2	497.1	617.5	376.5	4.69	4.59	0	1,558	46	12.44	5.5	20.4	0.0	0.0	73.76	20	1.2758	2.0336	615	618.83	1,141.17	
2268650	49	607.2	618.5	497.3	618.2	376.8	4.56	4.59	0	1,615	47	11.62	5.5	20.4	0.0	0.0	67.24	20	1.2758	2.0336	615	618.44	1,083.59	
2269225	49	608.0	618.8	498.2	619.2	376.8	2.12	4.59	0	1,596	48	3.50	5.5	20.4	0.0	0.0	23.11	20	1.2758	2.0250	615	618.13	1,028.98	
2269795	49	608.5	620.5	498.7	620.8	376.8	1.25	4.59	0	1,164	48	0.56	5.5	20.8	0.0	0.0	12.82	20	1.2758	2.0422	615	617.94	987.27	
2270331	49	608.8	621.8	499.5	622.2	377.2	1.44	4.59	0	1,227	47	0.56	5.5	20.4	0.0	0.0	12.09	20	1.2758	2.0336	615	617.73	973.05	
2270865	49	609.1	623.2	499.8	622.5	377.5	1.44	4.59	0	1,213	47	0.56	5.5	20.4	0.0	0.0	12.12	20	1.2758	2.0336	615	617.64	967.34	
2271451	49	609.3	623.5	500.5	623.5	377.5	1.06	4.59	0	1,191	47	0.56	5.5	20.4	0.0	0.0	11.91	20	1.2758	2.0336	615	617.43	967.42	
2272008	49	609.4	624.2	500.5	623.8	377.2	1.94	4.59	0	1,177	46	0.31	5.5	20.4	0.0	0.0	12.30	20	1.2758	2.0336	615	617.33	965.70	
2272560	49	609.6	624.5	501.0	624.2	377.2	2.25	4.59	0	1,230	46	1.12	5.5	20.4	0.0	0.0	37.92	20	1.2758	2.0250	615	617.24	959.84	
2273145	50	609.6	624.5	501.0	624.5	377.5	2.81	4.59	0	1,296	46	3.50	5.5	20.4	0.0	0.0	57.61	20	1.2758	2.0250	615	617.15	988.75	
2273733	50	609.6	624.2	501.1	624.2	377.2	3.00	4.59	0	1,260	47	6.25	5.5	20.4	0.0	0.0	61.99	20	1.2758	2.0336	615	617.03	1,028.67	
2274259	50	609.6	624.5	501.0	624.2	377.2	1.56	4.59	0	1,199	47	2.19	5.5	20.4	0.0	0.0	22.88	20	1.2758	2.0336	615	616.94	998.91	
2274826	50	609.5	624.5	500.8	624.5	377.8	1.25	4.59	0	1,216	47	0.56	5.5	20.4	0.0	0.0	12.52	20	1.2758	2.0250	615	616.84	976.95	
2275419	49	609.4	624.8	501.1	624.5	377.5	0.56	4.59	0	1,164	46	0.00	5.5	20.4	0.0	0.0	15.80	20	1.2758	2.0250	615	616.75	970.70	
2275998	50	609.4	624.2	501.0	624.5	377.8	1.25	4.59	0	1,175	46	0.56	5.5	20.4	0.0	0.0	17.34	20	1.2758	2.0250	615	616.75	969.53	
2276580	50	609.3	624.5	500.8	624.8	377.5	1.25	4.59	0	1,158	45	0.56	5.5	20.4	0.0	0.0	16.88	20	1.2758	2.0250	615	616.75	973.67	
2277154	50	609.4	624.2	500.8	623.8	377.5	1.25	4.59	0	1,138	44	0.56	5.5	20.4	0.0	0.0	17.34	20	1.2758	2.0250	615	616.63	974.30	
2277714	50	609.4	623.5	500.6	623.5	377.5	1.44	4.59	0	1,131	44	0.56	5.5	20.4	0.0	0.0	17.25	20	1.2758	2.0250	615	616.63	974.14	
2278292	50	609.5	622.5	500.0	622.8	377.2	1.44	4.59	0	1,114	43	0.31	5.5	20.4	0.0	0.0	17.23	20	1.2758	2.0250	615	616.63	973.83	
2278824	50	609.5	621.5	499.5	621.8	376.8	1.44	4.59	0	1,096	43	0.56	5.5	20.4	0.0	0.0	17.25	20	1.2758	2.0250	615	616.54	973.91	
2279368	51	609.6	620.5	498.8	620.5	376.8	1.44	4.59	0	1,076	42	0.31	5.5	20.4	0.0	0.0	17.02	20	1.2758	2.0250	615	616.54	973.36	
2279829	51	609.7	620.5	498.8	620.2	377.2	1.44	4.59	0	1,072	42	0.56	5.5	20.4	0.0	0.0	18.59	20	1.2758	2.0250	615	616.54	973.91	
2280389	51	609.8	619.2	498.1	619.2	376.8	1.75	4.59	0	1,064	41	0.56	5.5	20.4	0.0	0.0	15.82	20	1.2758	2.0250	615	616.54	970.31	
2281012	51	609.8	617.8	497.5	617.8	376.5	1.56	4.59	0	1,060	41	0.56	5.5	20.4	0.0	0.0	14.62	20	1.2758	2.0250	615	616.44	967.50	
2281584	51	609.8	616.5	496.8	616.8	376.8	1.56	4.59	0	1,042	40	0.00	5.5	20.4	0.0	0.0	16.99	20	1.2758	2.0250	615	616.44	968.67	
2282125	51	609.9	615.5	496.0	615.5	376.5	1.56	4.59	0	1,019	40	0.00	5.5	20.4	0.0	0.0	17.51	20	1.2758	2.0250	615	616.44	969.53	
2282712	51	610.1	614.2	495.6	614.5	376.2	1.56	4.59	0	1,008	39	0.31	5.5	20.4	0.0	0.0	17.41	20	1.2758	2.0250	615	616.44	970.00	
2283281	51	610.2	613.2	494.7	613.2	376.2	1.56	4.59	0	990	38	0.00	5.5	20.4	0.0	0.0	17.53	20	1.2758	2.0250	615	616.44	969.77	
2283833	51	610.4	612.2	493.8	612.2	375.8	1.75	4.59	0	978	38	0.31	5.5	20.4	0.0	0.0	17.30	20	1.2758	2.0250	615	616.44	969.77	
2284390	52	610.6	610.8	493.1	610.5	375.5	1.75	4.59	0	962	37	0.00	5.5	20.4	0.0	0.0	17.51	20	1.2758	2.0250	615	616.44	969.45	
2284988	52	610.9	609.5	492.5	609.2	374.8	1.75	4.59	0	1,003	36	0.56	5.5	20.4	0.0	0.0	13.29	20	1.2758	2.0250	615	616.44	968.98	
2285553	52	611.0	608.5	491.8	608.2	374.8	0.38	4.59	0	1,190	35	0.00	5.5	20.4	0.0	0.0	16.88	20	1.2758	2.0250	615	616.35	969.45	
2286222	52	611.2	606.8	491.1	606.8	374.8	1.44	4.59	0	1,157	34	0.31	5.5	20.4	0.0	0.0	18.12	20	1.2758	2.0250	615	616.35	972.11	
2286768	52	611.4	605.8	490.3	605.5	374.8	1.44	4.59	0	1,106	31	0.31	5.5	20.4	0.0	0.0	18.07	20	1.2758	2.0250	615	616.35	972.58	
2287344	52	611.7	604.2	489.2	604.2	373.8	1.44	4.59	0	1,197	29	0.56	5.5	20.4	0.0	0.0	18.47	20	1.2758	2.0250	615	616.35	973.98	
2287886	52	611.8	603.2	488.3	603.2	374.2	1.25	4.59	0	1,240	27	0.81	5.5	20.4	0.0	0.0	18.73	20	1.2758	2.0250	615	616.23	975.94	
2288443	52	612.0	602.2	487.8	602.2	373.5	1.06	4.59	0	1,298	25	0.81	5.5	20.4	0.0	0.0	19.05	20	1.2758	2.0250	615	616.23	977.11	
2289025	52	612.2	600.8	487.1	600.8	373.5	1.44	4.59	0	1,135	22	0.56	5.5	20.4	0.0	0.0	18.91	20	1.2758	2.0250	615	616.23	975.94	
2289507	52	612.4	599.8	486.5	599.8	373.2	1.94	4.59	0	858	19	0.81	5.5	20.4	0.0	0.0	13.01	20	1.2758	2.0250	615	616.23	972.27	
2290068	53	612.5	598.5	485.6	598.5	372.5	1.75	4.59	0	869	16	0.31	5.5	20.4	0.0	0.0	18.87	20	1.2758	2.0250	615	616.14	968.20	
2290630	53	612.6	597.5	485.1	597.5	372.8	1.75	4.59	0	973	12	0.56	5.5	20.4	0.0	0.0	18.02	20	1.2758	2.0250	615	616.14	966.64	
2291232	53	612.7	596.5	484.5	596.2	371.8	1.94	4.59	0	936	8	0.31	5.5	20.4	0.0	0.0	18.75	20	1.2758	2.0250	615	616.14	964.69	
2291779	53	612.6	595.5	483.8	595.2	371.8	1.75	4.59	0	921	4	0.31	5.5	20.4	0.0	0.0	14.93	20	1.2758	2.0250	615	616.05	964.22	
2292361	53	612.6	594.5	483.1	594.2	371.8	1.75	4.59	0	810	1	0.31	5.5	20.4	0.0	0.0	20.27	20	1.2758	2.0250	615	616.05	962.81	
2292888	53	612.5	593.8	482.5	593.8	371.5	1.75	4.59	0	819	0	0.56	5.5	20.4	0.0	0.0	21.68	20	1.2758	2.0250	615	615.93	962.81	
2293512	53	612.4	592.5	481.8	592.5	371.2	1.75	4.59	0	816	0	0.56	5.5	20.4	0.0	0.0	23.02	20	1.2758	2.0250	615	615.93	962.73	
2294032	53	612.2	591.5	481.1	591.5	370.5	1.75	4.59	0	869	0	0.56	5.5	20.4	0.0	0.0	18.66	20	1.2758	2.0250	615	615.93	962.89	
2294594	53	612.0	591.2	480.7	590.8	370.5	1.75	4.59	0	848	0	0.31	5.5	20.4	0.0	0.0	18.82	20	1.2758	2.0250	615	615.83	962.58	
2295292	53	611.8	590.2	480.0	589.8	370.2	1.75	4.59	0	835	0	0.31	5.5	20.4	0.0	0.0	19.31	20	1.2758	2.0250	615	615.83	962.34	
2295838	53	611.6	589.5	479.3	589.2	369.8	1.75	4.59	0	828	0	0.31	5.5	20.4	0.0	0.0	19.41	20	1.2758	2.0250	615	615.74	962.11	
2296427	53	611.3	588.5	478.8	588.5	369.2	1.75	4.59	0	823	0	0.31	5.5	20.4	0.0	0.0	19.76	20	1.2758	2.0250	615	615.65	962.03	
2296983	53	611.0	587.5	478.3	587.5	368.8	1.75	4.59	0	816	0	0.31	5.5	20.4	0.0	0.0	19.85	20	1.2758	2.0250	615	615.65	962.03	
2297556	53	610.7	586.5	477.3	586.5	368.2	1.75	4.59	0	816	0	0.31	5.5	20.4	0.0	0.0	22.99	20	1.2758	2.0250	615	615.53	961.33	
2298134	53	610.3	586.2	477.0	585.8	368.2	1.75	4.59	0	780	0	0.81	5.5	20.4	0.0	0.0	27.02	20	1.2758	2.0250	615	615.53	962.27	
2298665	53	610.0	585.2	476.6	584.8	367.5	1.75	4.59	0	787	0	0.81	5.5	20.4	0.0	0.0	27.28	20	1.2758	2.0250	615	615.44	963.20	
2299267	53	609.6	584.8	476.1	584.8	367.5	1.75	4.59	0	833	0	0.81	5.5	20.4	0.0	0.0	25.20	20	1.2758	2.0250	615	615.44	964.14	
2299819	53	609.2	584.2	475.5	584.2	366.8	1.75	4.59	0	821	0	0.81	5.5	20.4	0.0	0.0	24.84	20	1.2758	2.0250	615	615.34	964.30	
2300390	53	608.8	583.5	475.3	583.5	366.5	1.75	4.59	0	815	0	0.56	5.5	20.4	0.0	0.0	23.55	20	1.2758	2.0250	615	615.34	964.45	
2300961	53	608.3	583.2	474.8	583.2	366.5	1.75	4.59	0	820	0	0.56	5.5	20.4	0.0	0.0	21.94	20	1.2758	2.0250	615	615.25	963.98	
2301518	53	607.8	583.2	474.3	582.8	365.5	1.75	4.59	0	817	0	0.31	5.5	20.4	0.0	0.0	20.53	20	1.2758	2.0250	615	615.25	963.52	
2302059	53	607.4	582.5	473.8	582.2	365.8	1.75	4.59	0	810	0	0.56	5.5	20.4	0.0	0.0	20.84	20	1.2758	2.0250	615	615.13	962.81	
2302635	53	606.9	581.8	473.5	581.8	365.5	1.75	4.59	0	796	0	0.56	5.5	20.4	0.0	0.0	21.07	20	1.2758	2.0250	615	615.13	962.58	
2303175	53	606.5	581.5	473.3	581.5	364.8	1.75	4.59	0	813	0	0.56	5.5	20.4	0.0	0.0	20.95	20	1.2758	2.0250	615	615.04	962.27	
2303778	53	606.0	580.8	473.0	580.8	364.8	1.75	4.59	0	818	0	0.56	5.5	20.4	0.0	0.0	20.46	20	1.2758	2.0250	615	615.04	962.03	
2304457	53	605.5	580.5	472.5	580.8	364.5	1.75	4.59	0	816	0	0.31	5.5	20.4	0.0	0.0	20.48	20	1.2758	2.0250	615	614.94	961.88	
2304971	53	605.1	580.2	472.3	580.2	364.2	1.75	4.59	0	807	0	0.31	5.5	20.4	0.0	0.0	20.67	20	1.2758	2.0250	615	614.94	961.88	
2305528	53	604.5	579.8	472.0	579.8	364.2	1.75	4.59	0	807	0	0.31	5.5	20.4	0.0	0.0	20.79	20	1.2758	2.0250	610	614.85	961.88	
2306090	53	604.0	579.2	471.6	579.2	363.8	1.75	4.59	0	809	0	0.56	5.5	20.4	0.0	0.0	20.86	20	1.2758	2.0250	610	614.85	961.72	
2306678	53	603.5	579.2	471.5	579.2	363.8	1.75	4.59	0	808	0	0.31	5.5	20.4	0.0	0.0	20.58	20	1.2758	2.0250	610	614.73	961.56	
2307244	53	603.0	578.5	470.8	578.8	363.5	1.75	4.59	0	792	0	0.56	5.5	20.4	0.0	0.0	21.05	20	1.2758	2.0250	610	614.64	961.72	
2307799	53	602.5	578.5	470.6	578.5	363.2	1.75	4.59	0	791	0	0.31	5.5	20.4	0.0	0.0	21.49	20	1.2758	2.0250	610	614.64	961.95	
2308255	53	602.1	577.8	470.5	578.2	363.2	1.75	4.59	0	786	0	0.31	5.5	20.4	0.0	0.0	21.49	20	1.2758	2.0250	610	614.55	961.95	
2308822	53	601.6	577.8	470.3	577.5	362.8	1.75	4.59	0	794	0	0.31	5.5	20.4	0.0	0.0	21.52	20	1.2758	2.0250	610	614.55	962.03	
2309355	53	601.1	577.5	470.0	577.5	362.8	1.75	4.59	0	791	0	0.31	5.5	20.4	0.0	0.0	21.59	20	1.2758	2.0250	610	614.43	961.88	
2309957	53	600.6	577.5	470.1	577.5	362.8	1.75	4.59	0	799	0	0.31	5.5	20.4	0.0	0.0	21.59	20	1.2758	2.0250	610	614.43	962.03	
2310578	53	600.0	576.5	469.8	576.5	362.2	1.75	4.59	0	797	0	0.56	5.5	20.4	0.0	0.0	21.77	20	1.2758	2.0250	610	614.33	962.03	
2311161	53	599.4	576.5	469.5	576.8	362.2	1.75	4.59	0	791	0	0.31	5.5	20.4	0.0	0.0	21.82	20	1.2758	2.0250	610	614.24	962.03	
2311690	53	598.9	576.5	469.2	576.2	361.8	1.75	4.59	0	803	0	0.31	5.5	20.4	0.0	0.0	21.77	20	1.2758	2.0250	610	614.24	962.03	
2312244	53	598.4	576.2	469.0	576.2	362.2	1.75	4.59	0	803	0	0.31	5.5	20.4	0.0	0.0	21.73	20	1.2758	2.0250	610	614.15	962.11	
2312872	53	597.9	575.8	468.5	576.2	361.8	1.75	4.59	0	803	0	0.31	5.5	20.4	0.0	0.0	21.63	20	1.2758	2.0250	610	614.03	961.95	
2313419	53	597.3	575.5	468.8	575.5	361.8	1.75	4.59	0	795	0	0.31	5.5	20.4	0.0	0.0	21.82	20	1.2758	2.0250	610	613.94	962.11	
2313934	53	596.8	575.5	468.5	575.5	361.2	1.75	4.59	0	802	0	0.31	5.5	20.4	0.0	0.0	21.68	20	1.2758	2.0250	610	613.84	961.95	
2314502	53	596.2	575.2	468.6	575.2	361.8	1.75	4.59	0	792	0	0.31	5.5	20.4	0.0	0.0	21.94	20	1.2758	2.0250	610	613.84	962.03	
2315051	53	595.7	574.5	468.3	574.8	361.8	1.75	4.59	0	793	0	0.31	5.5	20.4	0.0	0.0	21.91	20	1.2758	2.0250	610	613.75	961.88	
2315600	53	595.1	574.8	468.1	574.8	361.5	1.75	4.59	0	800	0	0.31	5.5	20.4	0.0	0.0	22.03	20	1.2758	2.0250	610	613.63	962.03	
2316175	54	594.6	574.5	467.8	574.5	361.5	1.75	4.59	0	801	0	0.56	5.5	20.4	0.0	0.0	21.82	20	1.2758	2.0250	610	613.54	961.95	
2316758	54	594.0	574.2	468.0	574.2	361.5	1.75	4.59	0	800	0	0.56	5.5	20.4	0.0	0.0	21.80	20	1.2758	2.0250	610	613.44	961.88	
2317404	54	593.3	574.8	468.0	574.5	361.5	1.75	4.59	0	802	0	0.56	5.5	20.4	0.0	0.0	21.82	20	1.2758	2.0250	610	613.35	962.03	
2317958	54	592.8	574.2	467.8	574.2	361.5	1.75	4.59	0	796	0	0.31	5.5	20.4	0.0	0.0	31.62	20	1.2758	2.0250	610	613.23	958.75	
2318548	54	592.1	574.2	467.8	574.2	360.8	2.44	4.59	0	1,077	0	1.38	5.5	20.4	0.0	0.0	38.65	20	1.2758	2.0250	610	613.05	965.94	
2319194	54	591.2	573.8	467.5	573.8	361.5	2.44	4.59	0	1,119	3	1.94	5.5	20.4	0.0	0.0	46.20	20	1.2758	2.0250	610	612.93	974.61	
2319794	54	590.2	573.8	467.6	573.8	361.2	2.81	4.59	0	1,377	6	4.06	5.5	20.4	0.0	0.0	54.30	20	1.2758	2.0250	610	612.74	1,006.41	
2320394	54	588.8	574.2	468.0	573.8	361.5	3.00	4.59	0	1,501	10	5.44	5.5	20.4	0.0	0.0	56.81	20	1.2758	2.0250	610	612.44	1,046.72	
2320994	53	587.1	574.5	468.0	574.5	361.5	3.69	4.59	0	1,689	13	5.94	5.5	20.4	0.0	0.0	53.88	20	1.2758	2.0250	610	612.13	1,080.08	
2321546	53	585.4	575.2	468.3	575.5	361.5	3.31	4.59	0	1,545	16	6.75	5.5	20.4	0.0	0.0	58.50	20	1.2758	2.0250	610	611.64	1,105.94	
2322246	53	583.4	576.5	469.0	576.5	361.5	3.31	4.59	0	1,532	18	6.75	5.5	20.4	0.0	0.0	57.40	20	1.2758	2.0250	610	611.03	1,110.16	
2322817	53	581.3	577.5	469.6	577.8	361.8	3.50	4.59	0	1,645	21	6.25	5.5	20.4	0.0	0.0	53.39	20	1.2758	2.0250	610	610.35	1,100.94	
2323392	52	579.1	579.8	470.8	579.5	362.2	4.00	4.59	0	1,792	23	5.94	5.5	20.4	0.0	0.0	51.02	20	1.2758	2.0250	605	609.74	1,104.61	
2323961	52	577.1	581.2	471.7	581.5	362.2	3.69	4.59	0	1,950	25	4.88	5.5	20.4	0.0	0.0	43.20	20	1.2758	2.0250	605	608.94	1,102.66	
2324574	52	575.6	583.2	472.6	583.2	362.2	1.44	4.59	0	1,315	26	1.94	5.5	20.4	0.0	0.0	21.70	20	1.2758	2.0250	605	608.24	1,009.61	
2325175	51	574.2	585.5	474.0	585.5	362.8	1.56	4.59	0	1,288	25	1.12	5.5	20.4	0.0	0.0	26.84	20	1.2758	2.0250	605	607.63	982.66	
2325794	51	572.9	587.5	475.1	587.5	363.2	1.75	4.59	0	1,275	26	1.38	5.5	20.4	0.0	0.0	19.59	20	1.2758	2.0250	605	607.05	973.83	
2326415	51	571.7	589.5	476.2	589.5	363.2	1.56	4.59	0	1,268	25	0.81	5.5	20.4	0.0	0.0	16.17	20	1.2758	2.0250	605	606.44	968.36	
2327076	51	570.8	591.2	477.1	591.2	363.5	1.56	4.59	0	1,068	21	0.56	5.5	20.4	0.0	0.0	12.96	20	1.2758	2.0250	605	605.94	964.92	
2327686	51	570.0	592.5	478.1	592.5	364.2	1.75	4.59	0	882	17	0.31	5.5	20.4	0.0	0.0	18.75	20	1.2758	2.0250	605	605.43	961.72	
2328273	52	569.2	593.5	478.8	593.5	364.2	1.94	4.59	0	906	13	0.31	5.5	20.4	0.0	0.0	20.55	20	1.2758	2.0250	605	605.03	964.53	
2328845	52	568.6	593.8	479.0	594.2	364.2	1.75	4.59	0	977	12	0.31	5.5	20.4	0.0	0.0	18.28	20	1.2758	2.0250	600	604.54	963.83	
2329452	52	568.0	594.8	479.6	594.8	364.8	1.75	4.59	0	959	12	0.56	5.5	20.4	0.0	0.0	19.15	20	1.2758	2.0250	600	604.14	963.44	
2330030	52	567.5	594.8	479.8	594.8	364.5	1.75	4.59	0	950	12	0.31	5.5	20.4	0.0	0.0	27.84	20	1.2758	2.0250	600	603.74	959.45	
2330644	52	566.9	594.8	480.0	595.2	364.8	2.12	4.59	0	1,246	13	1.38	5.5	20.4	0.0	0.0	29.88	20	1.2758	2.0250	600	603.34	965.00	
2331183	52	566.3	595.2	480.2	595.2	364.8	1.94	4.59	0	1,255	14	1.12	5.5	20.4	0.0	0.0	29.30	20	1.2758	2.0250	600	602.94	968.83	
2331926	53	565.7	595.2	480.5	595.2	365.2	1.94	4.59	0	1,232	15	1.12	5.5	20.4	0.0	0.0	26.16	20	1.2758	2.0250	600	602.33	969.77	
2332500	52	565.1	595.5	480.5	595.5	365.2	1.94	4.59	0	1,202	15	1.12	5.5	20.4	0.0	0.0	27.00	20	1.2758	2.0250	600	602.03	969.30	
2333038	52	564.5	595.8	480.6	595.8	365.8	1.94	4.59	0	1,254	16	1.12	5.5	20.4	0.0	0.0	34.31	20	1.2758	2.0250	600	601.54	968.59	
2333570	52	563.9	595.8	480.5	595.8	365.8	2.25	4.59	0	1,417	17	1.94	5.5	20.4	0.0	0.0	35.91	20	1.2758	2.0250	600	601.14	976.17	
2334146	52	563.3	596.5	481.1	596.5	366.2	2.12	4.59	0	1,423	18	1.94	5.5	20.4	0.0	0.0	25.69	20	1.2758	2.0250	600	600.65	980.86	
2334754	52	562.7	596.8	481.3	596.8	366.2	1.75	4.59	0	1,472	19	1.38	5.5	20.4	0.0	0.0	15.77	20	1.2758	2.0250	600	600.25	971.64	
2335291	52	562.2	597.2	481.7	597.2	366.5	1.06	4.59	0	1,454	19	1.12	5.5	20.4	0.0	0.0	13.22	20	1.2758	2.0250	595	599.85	968.44	
2335849	52	561.7	597.2	482.1	597.2	366.8	1.25	4.59	0	1,413	18	1.12	5.5	20.4	0.0	0.0	12.75	20	1.2758	2.0250	595	599.43	967.11	
2336432	52	561.2	597.8	482.3	597.8	367.2	1.44	4.59	0	1,268	16	0.56	5.5	20.4	0.0	0.0	14.58	20	1.2758	2.0250	595	599.15	965.62	
2337114	52	560.7	598.5	482.7	598.5	367.2	1.44	4.59	0	1,061	12	0.31	5.5	20.4	0.0	0.0	14.37	20	1.2758	2.0250	595	598.63	966.48	
2337736	52	560.3	598.5	482.8	598.5	367.2	1.75	4.59	0	754	9	0.31	5.5	20.4	0.0	0.0	19.34	20	1.2758	2.0250	595	598.35	963.67	
2338309	52	559.9	598.2	483.0	598.2	367.5	1.94	4.59	0	720	7	0.56	5.5	20.4	0.0	0.0	25.10	20	1.2758	2.0250	595	597.93	962.27	
2338935	53	559.6	598.2	483.0	597.8	367.5	1.94	4.59	0	796	6	0.81	5.5	20.4	0.0	0.0	28.03	20	1.2758	2.0250	595	597.65	963.52	
2339615	53	559.1	597.5	482.6	597.8	367.8	2.12	4.59	0	1,011	6	1.12	5.5	20.4	0.0	0.0	22.05	20	1.2758	2.0250	595	597.25	963.59	
2340240	53	558.6	597.2	482.7	597.2	367.8	2.44	4.59	0	1,149	7	1.62	5.5	20.4	0.0	0.0	46.10	20	1.2758	2.0250	595	596.73	968.36	
2340928	53	558.0	596.8	482.7	596.8	368.2	2.62	4.59	0	1,401	9	4.06	5.5	20.4	0.0	0.0	50.77	20	1.2758	2.0250	595	596.24	1,007.11	
2341470	53	557.3	596.5	482.3	596.8	368.5	2.81	4.59	0	1,426	11	4.31	5.5	20.4	0.0	0.0	50.55	20	1.2758	2.0250	595	595.75	1,027.27	
2342014	53	556.5	596.5	482.8	597.2	368.5	2.81	4.59	0	1,445	13	4.31	5.5	20.4	0.0	0.0	46.78	20	1.2758	2.0250	595	595.14	1,042.50	
2342604	53	555.7	597.2	482.8	596.8	368.8	1.56	4.59	0	1,261	15	1.62	5.5	20.4	0.0	0.0	18.66	20	1.2758	2.0250	590	594.53	992.58	
2343207	52	555.0	597.8	483.3	597.5	368.8	1.75	4.59	0	972	6	0.31	5.5	20.4	0.0	0.0	18.56	20	1.2758	2.0250	590	594.25	971.09	
2343798	52	554.4	597.8	483.5	598.5	369.2	2.12	4.59	0	729	2	0.81	5.5	20.4	0.0	0.0	44.60	20	1.2758	2.0250	590	593.73	973.98	
2344471	52	553.7	598.5	483.8	598.5	369.2	2.12	4.59	0	941	2	1.62	5.5	20.4	0.0	0.0	38.13	20	1.2758	2.0250	590	593.15	976.09	
2345093	52	553.0	598.8	484.0	598.5	369.2	2.25	4.59	0	1,169	4	1.94	5.5	20.4	0.0	0.0	41.32	20	1.2758	2.0250	590	592.54	980.86	
2345678	53	552.3	599.5	484.6	599.5	369.5	2.25	4.59	0	1,343	6	2.44	5.5	20.4	0.0	0.0	34.80	20	1.2758	2.0250	590	592.05	994.77	
2346304	53	551.5	599.5	484.8	599.5	370.2	1.75	4.59	0	1,020	8	1.12	5.5	20.4	0.0	0.0	25.80	20	1.2758	2.0250	590	591.44	988.98	
2346873	52	550.9	600.2	485.2	600.2	369.8	1.75	4.59	0	911	7	0.56	5.5	20.4	0.0	0.0	21.68	20	1.2758	2.0250	590	591.04	977.42	
2347490	52	550.4	600.2	485.3	600.5	370.2	1.94	4.59	0	909	5	0.56	5.5	20.4	0.0	0.0	22.05	20	1.2758	2.0250	590	590.55	971.56	
2348180	52	549.8	601.5	485.7	601.2	370.2	1.75	4.59	0	911	3	0.56	5.5	20.4	0.0	0.0	24.56	20	1.2758	2.0250	590	590.03	965.00	
2348818	52	549.2	601.2	485.7	600.8	370.2	2.12	4.59	0	927	4	1.12	5.5	20.4	0.0	0.0	43.17	20	1.2758	2.0250	585	589.54	961.09	
2349429	53	548.5	601.2	485.7	601.5	370.5	3.69	4.59	0	1,534	5	6.25	5.5	20.4	0.0	0.0	59.98	20	1.2758	2.0250	585	588.83	1,020.78	
2350009	53	547.7	601.2	485.7	601.2	370.8	3.81	4.59	0	1,526	8	7.06	5.5	20.4	0.0	0.0	64.80	20	1.2758	2.0250	585	588.13	1,084.61	
2350698	53	547.0	601.5	486.0	601.8	370.8	4.88	4.59	0	1,631	12	9.75	5.5	20.4	0.0	0.0	81.63	20	1.2758	2.0250	585	587.24	1,210.08	
2351253	52	546.6	602.2	486.7	602.2	370.8	6.81	4.59	0	1,681	16	16.75	5.5	20.4	0.0	0.0	96.59	20	1.2758	2.0250	585	586.23	1,408.05	
2351835	52	546.8	602.8	487.0	603.2	371.2	13.38	4.59	0	1,945	23	29.44	5.5	20.4	0.0	0.0	123.49	20	1.2758	2.0250	585	585.04	1,598.83	
2352414	52	547.9	604.5	487.3	604.5	371.2	15.50	4.59	0	2,096	28	33.50	5.5	20.4	0.0	0.0	108.54	20	1.2758	2.0164	580	583.63	1,512.58	
2353044	52	550.2	606.2	488.8	606.2	371.5	17.88	4.59	0	2,537	33	45.94	5.5	20.4	0.0	0.0	109.22	20	1.2758	2.0336	580	582.25	1,535.39	
2353651	52	553.3	608.5	490.3	608.5	372.2	21.56	4.59	0	2,934	39	55.38	5.5	20.4	0.0	0.0	103.22	20	1.2758	2.0336	580	581.15	1,485.94	
2354224	51	558.0	610.8	491.5	611.2	373.2	22.06	4.59	0	2,977	43	50.25	5.5	20.8	0.0	0.0	121.38	20	1.2758	2.0414	580	580.23	1,472.66	
2354758	51	564.2	613.8	493.5	614.2	373.5	13.06	4.59	0	2,291	46	30.50	5.5	20.8	0.0	0.0	99.61	20	1.2758	2.0406	580	579.93	1,389.61	
2355293	51	570.5	616.5	494.8	616.8	373.8	14.94	4.59	0	2,407	50	36.50	5.5	20.8	0.0	0.0	104.13	20	1.2758	2.0492	580	579.93	1,446.95	
2355860	51	579.6	619.2	496.6	619.5	374.5	17.38	4.59	0	2,591	53	42.94	5.5	20.8	0.0	0.0	54.28	20	1.2758	2.0578	580	580.54	1,144.14	
2356460	50	588.2	622.5	498.8	622.8	375.5	-1.12	4.59	0	2,615	54	2.19	5.5	20.8	0.0	0.0	21.38	20	1.2758	2.0578	580	581.33	1,007.34	
2357060	50	594.0	625.2	500.3	625.5	375.8	1.06	4.59	0	1,672	53	1.12	5.5	20.8	0.0	0.0	17.27	20	1.2758	2.0578	580	582.04	984.77	
2357636	50	598.0	627.5	501.5	627.8	376.5	1.06	4.59	0	1,695	53	1.12	5.5	20.8	0.0	0.0	17.04	20	1.2758	2.0484	580	582.65	977.34	
2358193	50	602.5	629.5	503.0	629.5	377.2	0.88	4.59	0	1,507	52	1.12	5.5	20.8	0.0	0.0	17.84	20	1.2758	2.0648	580	583.14	981.64	
2358753	51	606.4	630.8	504.1	630.8	377.8	1.06	4.59	0	1,322	51	0.81	5.5	20.8	0.0	0.0	17.27	20	1.2758	2.0563	580	583.63	981.02	
2359338	51	609.6	631.8	504.8	631.8	377.8	1.06	4.59	0	1,296	50	0.81	5.5	20.8	0.0	0.0	16.83	20	1.2758	2.0477	580	584.24	979.77	
2360030	51	612.8	632.2	505.5	632.2	378.5	1.25	4.59	0	1,271	49	0.81	5.5	20.8	0.0	0.0	16.71	20	1.2758	2.0641	580	584.85	979.06	
2360656	51	615.7	632.2	505.6	632.5	379.2	1.25	4.59	0	1,240	48	0.56	5.5	20.8	0.0	0.0	17.37	20	1.2758	2.0555	585	585.34	978.36	
2361314	52	618.8	631.8	505.8	631.5	379.8	1.44	4.59	0	1,177	45	0.56	5.5	20.8	0.0	0.0	17.16	20	1.2758	2.0555	585	585.93	977.19	
2361940	52	621.5	631.2	505.8	630.8	380.2	1.44	4.59	0	1,124	43	0.56	5.5	21.2	0.0	0.0	18.05	20	1.2758	2.0633	585	586.35	975.08	
2362542	52	623.6	630.5	505.6	630.5	380.5	1.56	4.59	0	1,316	43	0.81	5.5	21.2	0.0	0.0	10.52	20	1.2758	2.0633	585	586.84	972.34	
2363198	52	625.6	629.5	505.5	629.5	380.8	0.88	4.59	0	1,394	42	0.81	5.5	21.2	0.0	0.0	17.25	20	1.2758	2.0633	585	587.33	976.41	
2363772	52	627.4	628.2	504.8	628.2	381.5	0.88	4.59	0	1,403	41	1.12	5.5	20.8	0.0	0.0	18.12	20	1.2758	2.0555	585	587.85	978.67	
2364321	53	629.1	626.8	504.1	626.8	381.5	1.06	4.59	0	1,338	40	0.81	5.5	20.8	0.0	0.0	18.23	20	1.2758	2.0555	585	588.25	980.00	
2364879	53	630.6	625.5	503.8	625.5	381.8	1.25	4.59	0	1,302	38	0.56	5.5	20.8	0.0	0.0	17.67	20	1.2758	2.0555	585	588.65	979.84	
2365440	53	632.0	624.2	503.3	623.8	382.2	1.25	4.59	0	1,254	37	0.56	5.5	21.2	0.0	0.0	18.07	20	1.2758	2.0641	585	589.14	978.75	
2366009	53	633.4	622.8	502.6	622.8	382.5	1.44	4.59	0	1,230	36	0.56	5.5	21.2	0.0	0.0	18.02	20	1.2758	2.0641	585	589.54	978.59	
2366565	53	634.4	621.5	501.8	621.2	382.8	1.25	4.59	0	1,211	36	0.81	5.5	20.8	0.0	0.0	18.07	20	1.2758	2.0563	590	589.94	977.81	
2367118	53	635.7	619.8	501.5	619.8	382.8	1.44	4.59	0	1,190	35	0.56	5.5	20.8	0.0	0.0	18.19	20	1.2758	2.0563	590	590.43	977.66	
2367717	53	636.7	618.8	501.1	618.2	383.2	1.44	4.59	0	1,178	35	0.56	5.5	20.8	0.0	0.0	18.07	20	1.2758	2.0563	590	590.85	977.03	
2368289	53	637.8	617.2	500.3	616.8	383.5	1.44	4.59	0	1,159	34	0.56	5.5	20.8	0.0	0.0	18.14	20	1.2758	2.0563	590	591.25	976.48	
2368949	54	638.8	615.2	499.5	615.5	383.5	1.44	4.59	0	1,144	34	0.31	5.5	20.8	0.0	0.0	17.98	20	1.2758	2.0563	590	591.74	975.47	
2369525	54	639.7	614.2	498.6	613.8	383.8	1.44	4.59	0	1,124	33	0.31	5.5	20.8	0.0	0.0	18.21	20	1.2758	2.0563	590	592.23	975.39	
2370078	54	640.6	612.2	498.1	611.8	384.2	1.56	4.59	0	1,102	33	0.81	5.5	20.8	0.0	0.0	15.30	20	1.2758	2.0563	590	592.54	968.91	
2370688	54	641.5	610.5	497.3	610.5	383.8	2.62	4.59	0	1,176	33	2.75	5.5	20.8	0.0	0.0	61.57	20	1.2758	2.0563	590	593.15	977.34	
2371232	54	642.6	608.8	496.3	608.8	384.2	3.31	4.59	0	1,204	34	5.44	5.5	20.8	0.0	0.0	73.45	20	1.2758	2.0563	590	593.94	1,042.66	
2371756	54	643.9	607.5	496.0	607.5	384.2	3.81	4.59	0	1,211	35	7.88	5.5	20.8	0.0	0.0	91.92	20	1.2758	2.0477	590	594.74	1,161.02	
2372386	54	645.6	606.5	495.5	606.5	384.2	5.75	4.59	0	1,364	37	13.81	5.5	20.8	0.0	0.0	105.84	20	1.2758	2.0477	595	595.94	1,317.81	
2373053	53	647.8	605.5	495.0	605.8	384.2	6.81	4.59	0	1,350	40	17.00	5.5	20.8	0.0	0.0	114.61	20	1.2758	2.0477	595	597.83	1,409.38	
2373587	53	650.4	605.5	494.8	605.5	384.5	7.31	4.59	0	1,430	42	19.75	5.5	20.8	0.0	0.0	104.77	20	1.2758	2.0563	595	599.43	1,356.80	
2374134	52	653.0	605.2	494.8	605.2	384.8	7.81	4.59	0	1,564	44	20.56	5.5	20.8	0.0	0.0	103.31	20	1.2758	2.0563	600	601.54	1,309.30	
2374656	52	655.9	605.5	494.8	605.8	384.8	7.12	4.59	0	1,559	46	20.00	5.5	20.8	0.0	0.0	99.23	20	1.2758	2.0641	600	603.44	1,305.31	
2375244	51	659.0	606.5	495.1	606.5	384.8	9.06	4.59	0	1,725	48	20.25	5.5	20.8	0.0	0.0	96.19	20	1.2758	2.0477	605	605.94	1,284.38	
2375804	51	662.5	606.8	495.8	607.2	385.2	8.19	4.59	0	1,686	50	20.00	5.5	20.8	0.0	0.0	93.75	20	1.2758	2.0477	605	608.73	1,264.22	
2376372	50	665.9	608.2	496.7	608.2	385.5	9.56	4.59	0	1,788	52	19.75	5.5	20.8	0.0	0.0	90.26	20	1.2758	2.0555	610	611.15	1,231.95	
2376942	50	669.4	609.8	497.6	610.2	385.2	5.75	4.59	0	1,886	53	9.19	5.5	20.8	0.0	0.0	59.93	20	1.2758	2.0477	610	614.03	1,096.88	
2377622	50	672.4	611.8	498.6	611.8	385.8	5.56	4.59	0	1,858	54	7.31	5.5	21.2	0.0	0.0	41.23	20	1.2758	2.0641	615	617.15	1,048.44	
2378266	49	675.1	614.2	499.8	614.2	386.2	1.25	4.59	0	1,379	54	1.62	5.5	20.8	0.0	0.0	15.87	20	1.2758	2.0563	615	619.23	992.97	
2378859	49	676.7	616.2	501.0	616.2	386.5	1.56	4.59	0	1,333	54	0.31	5.5	20.8	0.0	0.0	15.59	20	1.2758	2.0563	620	620.94	976.09	
2379394	49	678.0	618.2	502.1	618.2	386.5	0.88	4.59	0	1,389	54	0.81	5.5	20.8	0.0	0.0	17.20	20	1.2758	2.0563	620	622.35	973.20	
2379924	50	679.1	619.5	502.8	619.2	386.5	1.25	4.59	0	1,178	53	0.56	5.5	21.2	0.0	0.0	16.99	20	1.2758	2.0641	620	623.85	971.48	
2380497	50	680.0	620.5	503.5	620.5	387.2	1.44	4.59	0	1,118	53	0.56	5.5	20.8	0.0	0.0	16.62	20	1.2758	2.0477	625	625.05	975.08	
2381016	50	680.9	620.8	503.8	620.8	386.8	1.44	4.59	0	1,103	52	0.31	5.5	20.8	0.0	0.0	16.83	20	1.2758	2.0477	625	626.43	974.53	
2381572	50	681.8	621.5	504.0	621.5	387.5	1.44	4.59	0	1,086	52	0.31	5.5	20.8	0.0	0.0	16.69	20	1.2758	2.0477	625	627.53	973.91	
2382182	51	682.5	621.5	504.1	621.2	387.2	1.44	4.59	0	1,076	51	0.31	5.5	20.8	0.0	0.0	16.57	20	1.2758	2.0477	625	628.75	973.05	
2382758	51	683.3	621.2	504.3	621.2	387.5	1.56	4.59	0	1,063	51	0.56	5.5	20.8	0.0	0.0	16.85	20	1.2758	2.0477	630	629.94	972.97	
2383343	51	683.9	621.2	504.2	621.2	387.2	1.44	4.59	0	1,056	50	0.56	5.5	20.8	0.0	0.0	17.02	20	1.2758	2.0477	630	631.05	972.66	
2383925	51	684.5	620.5	504.0	620.5	387.5	1.56	4.59	0	1,045	50	0.56	5.5	20.8	0.0	0.0	16.90	20	1.2758	2.0477	630	632.15	972.42	
2384478	51	685.0	619.8	503.6	619.8	387.5	1.56	4.59	0	1,039	50	0.31	5.5	20.8	0.0	0.0	16.73	20	1.2758	2.0477	630	632.94	972.34	
2385010	51	685.5	618.8	503.3	618.8	387.5	1.56	4.59	0	1,031	49	0.00	5.5	20.8	0.0	0.0	17.02	20	1.2758	2.0477	630	633.93	971.88	
2385534	52	685.9	618.2	502.8	618.2	387.8	1.56	4.59	0	1,019	49	0.56	5.5	20.8	0.0	0.0	16.97	20	1.2758	2.0477	630	634.75	971.72	
2386118	52	686.2	617.5	502.6	617.5	387.5	1.56	4.59	0	1,015	48	-0.19	5.5	20.8	0.0	0.0	16.95	20	1.2758	2.0477	635	635.64	971.41	
2386722	52	686.6	616.5	502.0	616.5	387.5	1.56	4.59	0	991	48	-0.19	5.5	20.8	0.0	0.0	17.09	20	1.2758	2.0477	635	636.53	970.78	
2387360	52	686.9	615.5	501.5	615.2	387.5	1.56	4.59	0	991	47	0.56	5.5	20.8	0.0	0.0	17.09	20	1.2758	2.0477	635	637.35	970.70	
2387878	52	687.2	614.5	501.0	614.2	387.2	1.56	4.59	0	979	47	0.31	5.5	20.8	0.0	0.0	17.27	20	1.2758	2.0477	635	637.94	970.08	
2388405	52	687.4	613.5	500.3	613.5	387.2	1.56	4.59	0	979	46	0.31	5.5	20.8	0.0	0.0	17.30	20	1.2758	2.0477	635	638.64	970.00	
2388986	53	687.7	612.2	499.3	611.8	386.8	1.56	4.59	0	1,144	46	0.56	5.5	20.8	0.0	0.0	11.74	20	1.2758	2.0477	635	639.25	968.52	
2389584	53	687.9	610.8	499.0	611.2	386.5	1.44	4.59	0	1,152	45	0.31	5.5	20.8	0.0	0.0	17.46	20	1.2758	2.0477	640	639.93	971.33	
2390117	53	688.1	610.2	498.5	609.8	386.5	1.44	4.59	0	1,128	44	0.31	5.5	20.8	0.0	0.0	17.91	20	1.2758	2.0477	640	640.54	972.42	
2390675	53	688.2	608.5	497.8	608.8	386.2	1.44	4.59	0	1,117	43	0.31	5.5	20.8	0.0	0.0	18.52	20	1.2758	2.0477	640	641.03	972.42	
2391229	53	688.4	607.8	497.2	607.8	386.2	1.75	4.59	0	1,286	41	0.81	5.5	20.8	0.0	0.0	11.60	20	1.2758	2.0477	640	641.73	970.70	
2391805	53	688.5	606.8	496.3	606.5	385.8	1.25	4.59	0	1,252	37	0.56	5.5	20.8	0.0	0.0	17.48	20	1.2758	2.0477	640	642.13	972.97	
2392365	53	688.7	605.5	495.6	605.2	385.8	1.44	4.59	0	1,142	33	0.56	5.5	20.8	0.0	0.0	18.19	20	1.2758	2.0477	640	642.74	974.06	
2392935	53	688.9	604.2	495.1	604.2	385.8	1.56	4.59	0	1,014	30	0.56	5.5	20.8	0.0	0.0	19.64	20	1.2758	2.0477	640	643.23	972.97	
2393477	53	689.0	603.2	494.3	603.5	384.8	1.75	4.59	0	1,164	28	0.31	5.5	20.8	0.0	0.0	12.28	20	1.2758	2.0477	640	643.75	969.53	
2394027	53	689.2	602.5	493.7	601.8	385.2	1.56	4.59	0	1,267	27	0.56	5.5	20.8	0.0	0.0	12.35	20	1.2758	2.0477	640	644.24	967.97	
2394624	54	689.2	601.2	492.8	600.8	384.5	1.06	4.59	0	1,230	24	0.56	5.5	20.8	0.0	0.0	17.84	20	1.2758	2.0477	640	644.64	971.02	
2395199	54	689.4	600.2	492.3	600.2	384.5	1.44	4.59	0	1,054	21	0.56	5.5	20.8	0.0	0.0	14.65	20	1.2758	2.0477	645	645.04	971.88	
2395875	54	689.5	598.8	491.5	598.5	384.5	1.75	4.59	0	838	16	0.31	5.5	20.8	0.0	0.0	16.78	20	1.2758	2.0477	645	645.53	966.88	
2396416	54	689.6	598.2	491.3	598.2	383.8	1.94	4.59	0	916	12	0.56	5.5	20.8	0.0	0.0	19.95	20	1.2758	2.0477	645	645.93	965.78	
2396984	54	689.6	596.8	490.5	596.5	383.5	1.75	4.59	0	958	8	0.56	5.5	20.8	0.0	0.0	18.87	20	1.2758	2.0477	645	646.23	965.16	
2397540	54	689.6	596.2	489.6	596.2	383.5	1.75	4.59	0	857	6	0.31	5.5	20.8	0.0	0.0	16.88	20	1.2758	2.0477	645	646.63	963.67	
2398054	54	689.6	594.8	489.0	594.8	383.2	1.75	4.59	0	709	5	0.31	5.5	20.8	0.0	0.0	36.02	20	1.2758	2.0477	645	646.94	963.67	
2398568	54	689.5	594.2	488.5	594.2	382.8	1.94	4.59	0	909	5	0.81	5.5	20.8	0.0	0.0	25.31	20	1.2758	2.0477	645	647.33	965.78	
2399117	54	689.3	593.8	488.0	593.5	382.5	1.94	4.59	0	922	5	0.56	5.5	20.8	0.0	0.0	23.95	20	1.2758	2.0477	645	647.73	965.47	
2399680	54	689.1	593.2	487.7	593.2	382.2	1.94	4.59	0	941	4	0.56	5.5	20.8	0.0	0.0	23.70	20	1.2758	2.0477	645	648.04	965.16	
2400279	54	688.9	592.8	487.3	592.8	381.8	1.75	4.59	0	966	4	0.56	5.5	20.8	0.0	0.0	29.04	20	1.2758	2.0477	645	648.44	964.45	
2400829	54	688.6	591.8	486.6	591.8	381.8	2.12	4.59	0	997	4	1.12	5.5	20.8	0.0	0.0	28.15	20	1.2758	2.0477	645	648.83	967.81	
2401410	54	688.2	591.5	486.8	591.5	381.2	1.94	4.59	0	1,017	4	1.12	5.5	20.8	0.0	0.0	26.93	20	1.2758	2.0477	645	649.23	969.38	
2401961	54	687.8	591.2	486.1	591.2	380.8	1.94	4.59	0	1,008	4	0.56	5.5	20.8	0.0	0.0	25.76	20	1.2758	2.0477	645	649.63	969.92	
2402531	54	687.3	590.8	485.5	590.8	380.2	1.75	4.59	0	970	4	0.81	5.5	20.8	0.0	0.0	24.96	20	1.2758	2.0477	650	650.03	969.69	
2403100	54	686.8	590.8	485.3	590.5	379.8	1.94	4.59	0	949	3	0.56	5.5	20.8	0.0	0.0	24.61	20	1.2758	2.0477	650	650.33	969.22	
2403677	54	686.3	590.8	485.1	590.8	379.5	1.75	4.59	0	896	1	0.56	5.5	20.8	0.0	0.0	20.53	20	1.2758	2.0477	650	650.73	967.66	
2404219	54	685.8	590.8	485.1	590.5	379.5	1.75	4.59	0	790	0	0.31	5.5	20.8	0.0	0.0	23.27	20	1.2758	2.0477	650	651.13	965.78	
2404906	54	685.3	590.5	484.7	590.2	379.2	1.75	4.59	0	755	0	0.31	5.5	20.8	0.0	0.0	26.27	20	1.2758	2.0477	650	651.53	964.38	
2405448	54	684.8	590.5	484.6	590.5	378.5	1.75	4.59	0	867	0	0.56	5.5	20.8	0.0	0.0	20.67	20	1.2758	2.0477	650	651.83	964.69	
2406054	54	684.2	590.2	484.3	590.2	378.2	1.75	4.59	0	852	0	0.56	5.5	20.8	0.0	0.0	20.44	20	1.2758	2.0477	650	652.14	963.67	
2406642	54	683.6	590.5	484.3	590.8	377.8	1.75	4.59	0	828	0	0.31	5.5	20.8	0.0	0.0	22.05	20	1.2758	2.0477	650	652.44	963.44	
2407246	54	682.9	590.5	483.8	590.5	377.5	1.75	4.59	0	835	0	0.56	5.5	20.8	0.0	0.0	22.20	20	1.2758	2.0477	650	652.75	963.44	
2407788	54	682.4	590.2	483.8	589.8	377.5	1.75	4.59	0	850	0	0.56	5.5	20.8	0.0	0.0	20.70	20	1.2758	2.0477	650	653.03	963.12	
2408336	54	681.9	590.2	483.5	590.2	377.2	1.75	4.59	0	829	0	0.56	5.5	20.8	0.0	0.0	20.46	20	1.2758	2.0477	650	653.33	962.81	
2408879	54	681.3	589.8	483.5	590.2	376.5	1.75	4.59	0	814	0	0.56	5.5	20.8	0.0	0.0	21.80	20	1.2758	2.0477	650	653.55	962.66	
2409481	54	680.7	589.8	483.1	590.5	376.5	1.75	4.59	0	799	0	0.31	5.5	20.8	0.0	0.0	21.98	20	1.2758	2.0477	650	653.85	962.58	
2410031	54	680.1	589.8	483.3	589.5	376.5	1.75	4.59	0	799	0	0.56	5.5	20.8	0.0	0.0	22.29	20	1.2758	2.0477	650	654.13	962.27	
2410590	54	679.6	589.8	482.8	589.8	375.8	1.75	4.59	0	799	0	0.56	5.5	20.8	0.0	0.0	22.12	20	1.2758	2.0477	650	654.34	962.73	
2411123	54	679.0	589.5	482.5	589.8	375.5	1.75	4.59	0	800	0	0.56	5.5	20.8	0.0	0.0	22.38	20	1.2758	2.0477	650	654.53	962.58	
2411749	54	678.3	589.5	482.5	589.5	375.2	1.75	4.59	0	800	0	0.56	5.5	20.8	0.0	0.0	22.08	20	1.2758	2.0477	650	654.83	962.27	
2412311	54	677.7	589.8	481.8	589.5	375.2	1.75	4.59	0	797	0	0.56	5.5	20.8	0.0	0.0	25.78	20	1.2758	2.0477	655	655.05	961.88	
2412917	55	677.0	589.2	482.2	589.2	374.8	1.75	4.59	0	779	0	0.81	5.5	20.8	0.0	0.0	28.95	20	1.2758	2.0477	655	655.35	963.12	
2413460	55	676.3	589.2	481.8	589.2	374.5	1.75	4.59	0	807	0	0.81	5.5	20.8	0.0	0.0	28.31	20	1.2758	2.0477	655	655.44	964.22	
2414126	55	675.7	589.5	481.8	589.2	374.5	1.75	4.59	0	807	0	0.81	5.5	20.8	0.0	0.0	28.45	20	1.2758	2.0477	655	655.75	965.39	
2414665	55	674.9	589.2	481.6	589.2	374.5	1.75	4.59	0	812	0	0.81	5.5	20.8	0.0	0.0	27.30	20	1.2758	2.0477	655	655.94	965.94	
2415189	55	674.2	589.2	481.7	589.2	374.5	1.75	4.59	0	804	0	0.81	5.5	20.8	0.0	0.0	25.76	20	1.2758	2.0477	655	656.15	965.86	
2415768	55	673.4	589.2	481.8	588.8	373.8	1.75	4.59	0	809	0	0.56	5.5	20.8	0.0	0.0	24.16	20	1.2758	2.0477	655	656.33	965.70	
2416351	55	672.6	589.2	481.3	588.8	373.5	1.75	4.59	0	800	0	0.56	5.5	20.8	0.0	0.0	22.73	20	1.2758	2.0477	655	656.55	964.38	
2416904	55	671.8	588.8	481.3	588.8	373.5	1.75	4.59	0	800	0	0.56	5.5	20.8	0.0	0.0	22.95	20	1.2758	2.0477	655	656.64	963.91	
2417493	55	671.1	589.2	481.3	589.2	373.5	1.75	4.59	0	803	0	0.56	5.5	20.8	0.0	0.0	22.76	20	1.2758	2.0477	655	656.85	963.52	
2418030	55	670.4	589.2	481.2	589.2	373.5	1.75	4.59	0	804	0	0.56	5.5	20.8	0.0	0.0	22.71	20	1.2758	2.0477	655	656.94	963.36	
2418607	55	669.7	588.8	481.1	589.2	373.2	1.75	4.59	0	791	0	0.56	5.5	20.8	0.0	0.0	22.69	20	1.2758	2.0477	655	657.13	962.89	
2419153	55	668.9	588.8	481.0	588.8	372.8	1.75	4.59	0	799	0	0.56	5.5	20.8	0.0	0.0	22.69	20	1.2758	2.0477	655	657.25	962.81	
2419724	55	668.1	588.8	481.0	589.2	372.8	1.75	4.59	0	796	0	0.56	5.5	20.8	0.0	0.0	22.76	20	1.2758	2.0477	655	657.34	962.73	
2420274	55	667.4	589.2	481.0	588.8	372.8	1.75	4.59	0	795	0	0.56	5.5	20.8	0.0	0.0	22.80	20	1.2758	2.0477	655	657.44	962.66	
2420880	55	666.7	588.8	480.8	589.2	372.5	1.75	4.59	0	796	0	0.56	5.5	20.8	0.0	0.0	22.73	20	1.2758	2.0477	655	657.65	962.58	
2421454	55	665.9	589.2	480.8	588.8	372.5	1.75	4.59	0	797	0	0.31	5.5	20.8	0.0	0.0	22.78	20	1.2758	2.0477	655	657.74	962.42	
2422010	55	665.1	589.5	481.0	589.5	372.8	1.75	4.59	0	803	0	0.56	5.5	20.8	0.0	0.0	22.88	20	1.2758	2.0477	655	657.83	962.66	
2422649	55	664.3	589.5	481.0	589.2	372.8	1.75	4.59	0	802	0	0.56	5.5	20.8	0.0	0.0	22.88	20	1.2758	2.0477	655	657.93	962.66	
2423176	55	663.6	589.2	480.8	589.2	372.5	1.75	4.59	0	800	0	0.56	5.5	20.8	0.0	0.0	22.90	20	1.2758	2.0477	655	657.93	962.81	
2423712	55	662.7	589.2	480.8	589.2	372.2	1.75	4.59	0	795	0	0.56	5.5	20.8	0.0	0.0	22.83	20	1.2758	2.0477	655	658.05	962.66	
2424278	55	662.0	589.2	480.8	589.2	372.5	1.75	4.59	0	797	0	0.56	5.5	20.8	0.0	0.0	22.97	20	1.2758	2.0477	655	658.05	962.66	
2424822	55	661.2	589.2	480.7	589.2	372.5	1.75	4.59	0	799	0	0.56	5.5	20.8	0.0	0.0	22.83	20	1.2758	2.0477	655	658.14	962.73	
2425360	55	660.5	589.2	480.7	589.2	372.5	1.75	4.59	0	801	0	0.56	5.5	20.8	0.0	0.0	22.85	20	1.2758	2.0477	655	658.14	962.73	
2425940	55	659.7	589.5	480.8	589.2	372.2	1.75	4.59	0	797	0	0.56	5.5	20.8	0.0	0.0	22.71	20	1.2758	2.0477	655	658.23	962.58	
2426485	55	658.9	588.8	480.7	588.8	372.5	1.75	4.59	0	793	0	0.56	5.5	20.8	0.0	0.0	23.06	20	1.2758	2.0477	655	658.23	962.58	
2427059	55	658.1	589.5	480.6	589.8	371.5	1.75	4.59	0	793	0	0.56	5.5	20.8	0.0	0.0	22.90	20	1.2758	2.0477	655	658.23	962.66	
2427648	55	657.3	589.5	480.8	589.5	371.8	1.75	4.59	0	801	0	0.56	5.5	20.8	0.0	0.0	22.88	20	1.2758	2.0477	655	658.35	962.58	
2428204	55	656.5	589.5	480.6	589.5	372.2	1.75	4.59	0	789	0	0.56	5.5	20.8	0.0	0.0	22.99	20	1.2758	2.0477	655	658.35	962.50	
2428751	55	655.8	589.8	481.0	589.8	372.2	1.75	4.59	0	794	0	0.56	5.5	20.8	0.0	0.0	22.90	20	1.2758	2.0477	655	658.35	962.42	
2429309	55	654.9	589.8	480.8	589.8	371.8	1.75	4.59	0	802	0	0.56	5.5	20.8	0.0	0.0	22.85	20	1.2758	2.0477	655	658.35	962.50	
2429838	55	654.2	589.5	480.8	589.8	371.8	1.75	4.59	0	799	0	0.56	5.5	20.8	0.0	0.0	22.90	20	1.2758	2.0477	655	658.23	962.42	
2430377	55	653.4	589.8	481.0	589.5	371.5	1.75	4.59	0	801	0	0.56	5.5	20.8	0.0	0.0	22.85	20	1.2758	2.0477	655	658.23	962.50	
2430978	55	652.5	589.5	480.8	589.5	372.2	1.75	4.59	0	797	0	0.31	5.5	20.8	0.0	0.0	22.90	20	1.2758	2.0477	655	658.23	962.73	
2431659	55	651.7	590.2	480.6	589.8	372.2	1.75	4.59	0	800	0	0.31	5.5	20.8	0.0	0.0	22.90	20	1.2758	2.0477	655	658.23	962.34	
2432252	55	650.9	589.8	481.2	589.8	372.2	1.75	4.59	0	801	0	0.56	5.5	20.8	0.0	0.0	22.90	20	1.2758	2.0477	655	658.14	962.42	
2432808	55	649.8	590.2	481.0	590.2	372.5	1.75	4.59	0	795	0	0.31	5.5	20.8	0.0	0.0	22.80	20	1.2758	2.0477	655	658.14	962.42	
2433339	55	649.1	590.2	481.0	590.2	371.8	1.75	4.59	0	798	0	0.56	5.5	20.8	0.0	0.0	22.85	20	1.2758	2.0477	655	658.05	962.42	
2433924	55	648.2	590.2	481.2	589.8	372.5	1.75	4.59	0	797	0	0.56	5.5	20.8	0.0	0.0	22.71	20	1.2758	2.0477	655	657.93	962.58	
2434454	55	647.4	590.2	481.0	590.2	372.5	1.75	4.59	0	790	0	0.56	5.5	20.8	0.0	0.0	22.99	20	1.2758	2.0477	655	657.93	962.19	
2435020	55	646.6	590.5	481.3	590.5	372.5	1.75	4.59	0	790	0	0.56	5.5	20.8	0.0	0.0	23.04	20	1.2758	2.0477	655	657.83	962.50	
2435565	55	645.8	590.5	481.3	590.5	371.8	1.75	4.59	0	793	0	0.56	5.5	20.8	0.0	0.0	22.90	20	1.2758	2.0477	655	657.74	962.34	
2436137	55	644.9	590.5	481.5	590.5	372.5	1.75	4.59	0	799	0	0.56	5.5	20.8	0.0	0.0	22.85	20	1.2758	2.0477	655	657.65	962.66	
2436684	55	644.1	590.5	481.3	590.5	372.2	1.75	4.59	0	798	0	0.56	5.5	20.8	0.0	0.0	22.92	20	1.2758	2.0477	655	657.65	962.19	
2437205	55	643.3	590.5	481.5	590.8	372.5	1.75	4.59	0	795	0	0.56	5.5	20.8	0.0	0.0	23.02	20	1.2758	2.0477	655	657.53	962.42	
2437751	55	642.5	590.5	481.6	590.8	372.5	1.75	4.59	0	798	0	0.56	5.5	20.8	0.0	0.0	22.99	20	1.2758	2.0477	655	657.44	962.34	
2438289	55	641.7	590.8	481.7	590.5	372.5	1.75	4.59	0	799	0	0.56	5.5	20.8	0.0	0.0	23.06	20	1.2758	2.0477	655	657.34	962.11	
2438820	55	640.9	591.2	481.6	590.8	372.8	1.75	4.59	0	801	0	0.56	5.5	20.8	0.0	0.0	22.88	20	1.2758	2.0477	655	657.13	962.34	
2439369	55	640.0	591.2	482.0	590.8	372.5	1.75	4.59	0	802	0	0.56	5.5	20.8	0.0	0.0	22.85	20	1.2758	2.0477	655	657.04	962.58	
2439937	56	639.2	591.2	482.1	591.2	372.8	1.75	4.59	0	803	0	0.56	5.5	20.8	0.0	0.0	22.99	20	1.2758	2.0477	655	656.94	962.58	
2440631	56	638.3	591.5	482.0	590.8	372.8	1.75	4.59	0	795	0	0.56	5.5	20.8	0.0	0.0	22.97	20	1.2758	2.0477	655	656.73	962.42	
2441178	56	637.4	591.5	482.0	591.2	372.8	1.75	4.59	0	803	0	0.56	5.5	20.8	0.0	0.0	22.97	20	1.2758	2.0477	655	656.64	962.42	
2441758	56	636.4	591.2	482.0	591.2	373.2	1.75	4.59	0	797	0	0.56	5.5	20.8	0.0	0.0	23.04	20	1.2758	2.0477	655	656.43	962.34	
2442319	56	635.5	591.2	482.0	591.5	373.2	1.75	4.59	0	799	0	0.56	5.5	20.8	0.0	0.0	22.95	20	1.2758	2.0477	655	656.33	962.42	
2442859	56	634.7	591.5	482.3	591.5	373.2	1.75	4.59	0	796	0	0.56	5.5	20.8	0.0	0.0	22.90	20	1.2758	2.0477	655	656.15	962.27	
2443389	56	633.9	591.8	482.3	591.5	373.5	1.75	4.59	0	798	0	0.56	5.5	20.8	0.0	0.0	23.02	20	1.2758	2.0477	655	656.03	962.11	
2443959	56	633.0	591.8	482.6	591.8	373.2	1.75	4.59	0	796	0	0.56	5.5	20.8	0.0	0.0	22.97	20	1.2758	2.0477	655	655.84	962.27	
2444490	56	632.2	591.5	482.6	591.5	373.5	1.75	4.59	0	803	0	0.56	5.5	20.8	0.0	0.0	22.99	20	1.2758	2.0477	655	655.63	962.03	
2445033	56	631.4	591.8	482.6	591.5	373.5	1.75	4.59	0	803	0	0.56	5.5	20.8	0.0	0.0	23.09	20	1.2758	2.0477	655	655.54	962.27	
2445628	56	630.4	592.2	482.8	591.8	373.5	1.75	4.59	0	798	0	0.56	5.5	20.8	0.0	0.0	22.99	20	1.2758	2.0477	655	655.35	962.19	
2446207	56	629.6	592.2	482.6	592.2	373.5	1.75	4.59	0	796	0	0.56	5.5	20.8	0.0	0.0	23.46	20	1.2758	2.0477	655	655.14	962.42	
2446752	56	628.7	592.5	483.0	592.2	373.5	1.75	4.59	0	798	0	0.56	5.5	20.8	0.0	0.0	23.16	20	1.2758	2.0477	655	654.93	962.58	
2447280	56	627.9	592.5	483.0	592.2	373.8	1.75	4.59	0	803	0	0.56	5.5	20.8	0.0	0.0	23.25	20	1.2758	2.0477	650	654.74	962.73	
2447811	56	627.0	592.5	483.3	592.8	373.8	1.75	4.59	0	799	0	0.56	5.5	20.8	0.0	0.0	23.11	20	1.2758	2.0477	650	654.53	962.73	
2448373	56	626.2	592.8	483.0	592.8	373.8	1.75	4.59	0	797	0	0.56	5.5	20.8	0.0	0.0	23.04	20	1.2758	2.0477	650	654.34	962.50	
2449019	56	625.3	592.8	483.5	593.2	373.8	1.75	4.59	0	790	0	0.56	5.5	20.8	0.0	0.0	22.99	20	1.2758	2.0477	650	654.04	962.58	
2449576	56	624.5	592.8	483.5	592.8	374.5	1.75	4.59	0	788	0	0.56	5.5	20.8	0.0	0.0	23.44	20	1.2758	2.0477	650	653.85	962.50	
2450157	56	623.4	592.8	483.5	592.5	374.5	1.75	4.59	0	798	0	0.56	5.5	20.8	0.0	0.0	23.16	20	1.2758	2.0477	650	653.64	962.66	
2450667	56	622.6	592.8	483.5	592.8	374.5	1.75	4.59	0	795	0	0.56	5.5	20.8	0.0	0.0	23.16	20	1.2758	2.0477	650	653.33	962.27	
2451188	56	621.8	593.5	483.6	593.2	374.5	1.75	4.59	0	794	0	0.56	5.5	20.8	0.0	0.0	23.25	20	1.2758	2.0477	650	653.15	962.42	
2451732	56	620.9	593.5	484.0	593.5	374.5	1.75	4.59	0	795	0	0.56	5.5	20.8	0.0	0.0	23.20	20	1.2758	2.0477	650	652.94	962.58	
2452286	56	620.1	592.8	483.8	593.2	374.5	1.75	4.59	0	797	0	0.56	5.5	20.8	0.0	0.0	23.09	20	1.2758	2.0477	650	652.63	962.34	
2452814	56	619.2	593.2	484.0	593.5	375.2	1.75	4.59	0	799	0	0.56	5.5	20.8	0.0	0.0	23.25	20	1.2758	2.0477	650	652.44	962.58	
2453352	56	618.4	593.5	483.8	593.5	374.5	1.75	4.59	0	795	0	0.56	5.5	20.8	0.0	0.0	23.25	20	1.2758	2.0477	650	652.14	962.42	
2453916	56	617.5	593.5	484.3	593.5	374.8	1.75	4.59	0	799	0	0.56	5.5	20.8	0.0	0.0	23.20	20	1.2758	2.0477	650	651.93	962.27	
2454509	56	616.6	593.8	484.5	593.5	375.2	1.75	4.59	0	781	0	0.31	5.5	20.8	0.0	0.0	24.26	20	1.2758	2.0477	650	651.65	962.27	
2455133	56	615.6	593.8	484.5	593.8	375.5	1.75	4.59	0	811	0	0.56	5.5	20.8	0.0	0.0	24.75	20	1.2758	2.0477	650	651.34	962.50	
2455672	56	614.7	593.8	484.5	593.8	375.2	1.75	4.59	0	822	0	0.56	5.5	20.8	0.0	0.0	24.28	20	1.2758	2.0477	650	651.04	962.66	
2456217	56	613.9	593.8	484.6	593.8	375.5	1.75	4.59	0	821	0	0.56	5.5	20.8	0.0	0.0	23.81	20	1.2758	2.0477	650	650.73	962.73	
2456823	56	612.9	594.5	484.8	594.2	375.5	1.75	4.59	0	810	0	0.56	5.5	20.8	0.0	0.0	24.23	20	1.2758	2.0477	650	650.43	962.97	
2457393	56	612.0	594.5	485.0	594.2	375.5	1.75	4.59	0	827	0	0.56	5.5	20.8	0.0	0.0	23.79	20	1.2758	2.0477	650	650.15	963.44	
2458061	56	611.0	594.5	485.0	594.5	375.8	1.75	4.59	0	821	0	0.56	5.5	20.8	0.0	0.0	22.83	20	1.2758	2.0477	645	649.84	963.20	
2458623	56	610.2	594.8	485.3	594.5	376.2	1.75	4.59	0	803	0	0.31	5.5	20.8	0.0	0.0	23.11	20	1.2758	2.0477	645	649.44	962.81	
2459199	56	609.1	594.5	485.5	594.8	376.2	1.75	4.59	0	794	0	0.56	5.5	20.8	0.0	0.0	23.20	20	1.2758	2.0477	645	649.14	962.73	
2459758	56	608.3	594.8	485.5	595.2	376.2	1.75	4.59	0	799	0	0.56	5.5	20.8	0.0	0.0	23.20	20	1.2758	2.0477	645	648.83	962.81	
2460361	56	607.3	594.8	485.7	595.2	376.2	1.75	4.59	0	789	0	0.56	5.5	20.8	0.0	0.0	23.04	20	1.2758	2.0477	645	648.53	962.81	
2460909	56	606.4	595.2	485.7	595.2	376.2	1.75	4.59	0	795	0	0.56	5.5	20.8	0.0	0.0	23.25	20	1.2758	2.0477	645	648.13	962.81	
2461452	56	605.5	595.2	485.8	595.5	376.5	1.75	4.59	0	798	0	0.56	5.5	20.8	0.0	0.0	23.04	20	1.2758	2.0477	645	647.85	962.66	
2462045	56	604.6	595.2	486.0	595.2	376.5	1.75	4.59	0	800	0	0.56	5.5	20.8	0.0	0.0	23.25	20	1.2758	2.0477	645	647.55	962.73	
2462616	56	603.7	595.5	486.0	595.5	376.8	1.75	4.59	0	794	0	0.56	5.5	20.8	0.0	0.0	23.23	20	1.2758	2.0477	645	647.15	962.73	
2463194	56	602.8	595.5	486.1	595.2	376.8	1.75	4.59	0	798	0	0.31	5.5	20.8	0.0	0.0	23.20	20	1.2758	2.0477	645	646.84	962.50	
2463743	56	602.0	595.8	486.5	595.8	377.2	1.75	4.59	0	797	0	0.56	5.5	20.8	0.0	0.0	23.11	20	1.2758	2.0477	645	646.44	962.42	
2464318	56	601.1	595.5	486.3	595.5	377.2	1.75	4.59	0	797	0	0.56	5.5	20.8	0.0	0.0	23.16	20	1.2758	2.0477	645	646.14	962.58	
2464887	56	600.2	595.8	486.3	595.8	377.2	1.75	4.59	0	800	0	0.56	5.5	20.8	0.0	0.0	23.06	20	1.2758	2.0477	645	645.74	962.58	
2465431	56	599.4	596.2	486.8	596.2	377.5	1.75	4.59	0	798	0	0.56	5.5	20.8	0.0	0.0	23.18	20	1.2758	2.0477	645	645.44	962.73	
2465971	56	598.5	596.2	486.6	595.8	377.5	1.75	4.59	0	803	0	0.56	5.5	20.8	0.0	0.0	22.99	20	1.2758	2.0477	645	645.04	962.73	
2466537	56	597.7	596.2	487.1	596.2	377.8	1.75	4.59	0	796	0	0.31	5.5	20.8	0.0	0.0	22.99	20	1.2758	2.0477	640	644.73	962.73	
2467185	56	596.8	595.8	487.0	596.2	377.8	1.75	4.59	0	798	0	0.56	5.5	20.8	0.0	0.0	22.97	20	1.2758	2.0477	640	644.33	962.42	
2467734	56	596.0	595.8	487.2	596.2	377.8	1.75	4.59	0	799	0	0.56	5.5	20.8	0.0	0.0	23.06	20	1.2758	2.0477	640	643.94	962.58	
2468250	56	595.0	595.8	487.0	596.2	378.2	1.94	4.59	0	796	0	0.56	5.5	20.8	0.0	0.0	23.11	20	1.2758	2.0477	640	643.54	962.42	
2468802	56	594.2	596.5	487.3	596.2	378.2	1.75	4.59	0	796	0	0.56	5.5	20.8	0.0	0.0	23.18	20	1.2758	2.0477	640	643.23	962.66	
2469363	56	593.3	596.5	487.2	596.2	378.2	1.75	4.59	0	797	0	0.56	5.5	20.8	0.0	0.0	23.13	20	1.2758	2.0477	640	642.83	962.42	
2469941	56	592.5	596.2	487.3	596.2	378.5	1.75	4.59	0	800	0	0.31	5.5	20.8	0.0	0.0	23.04	20	1.2758	2.0477	640	642.44	962.27	
2470501	56	591.7	596.5	487.3	596.5	378.5	1.94	4.59	0	797	0	0.56	5.5	20.8	0.0	0.0	23.04	20	1.2758	2.0477	640	642.04	962.50	
2471023	56	590.8	596.5	487.5	596.2	378.5	1.94	4.59	0	801	0	0.31	5.5	20.8	0.0	0.0	23.11	20	1.2758	2.0477	640	641.64	962.27	
2471573	56	590.0	596.5	487.6	596.2	378.8	1.75	4.59	0	796	0	0.31	5.5	20.8	0.0	0.0	23.20	20	1.2758	2.0477	640	641.33	962.81	
2472147	56	589.2	596.5	487.6	596.5	378.8	1.75	4.59	0	802	0	0.56	5.5	20.8	0.0	0.0	22.69	20	1.2758	2.0477	640	640.84	963.12	
2472696	56	588.4	596.5	487.6	596.5	379.2	1.75	4.59	0	783	0	0.31	5.5	20.8	0.0	0.0	20.62	20	1.2758	2.0477	640	640.54	962.81	
2473232	56	587.5	596.5	488.1	596.5	379.5	1.75	4.59	0	777	0	0.31	5.5	20.8	0.0	0.0	21.21	20	1.2758	2.0477	640	640.14	962.42	
2473783	56	586.8	596.5	488.0	596.5	379.5	1.75	4.59	0	791	0	0.31	5.5	20.8	0.0	0.0	21.63	20	1.2758	2.0477	635	639.74	962.11	
2474380	57	586.0	596.5	488.0	596.5	379.5	1.75	4.59	0	797	0	0.31	5.5	20.8	0.0	0.0	21.09	20	1.2758	2.0477	635	639.34	962.11	
2474999	57	585.0	596.8	488.0	596.5	379.8	1.75	4.59	0	794	0	0.31	5.5	20.8	0.0	0.0	21.16	20	1.2758	2.0477	635	638.94	961.88	
2475675	57	584.2	596.5	488.0	596.8	379.8	1.75	4.59	0	793	0	0.31	5.5	20.8	0.0	0.0	21.16	20	1.2758	2.0477	635	638.43	962.03	
2476214	57	583.4	596.5	488.1	596.5	379.8	1.75	4.59	0	797	0	0.31	5.5	20.8	0.0	0.0	21.16	20	1.2758	2.0477	635	637.94	962.03	
2476790	57	582.5	596.5	488.3	596.8	379.8	1.75	4.59	0	792	0	0.31	5.5	20.8	0.0	0.0	21.23	20	1.2758	2.0477	635	637.63	961.95	
2477373	57	581.8	596.5	488.1	596.5	379.8	1.75	4.59	0	796	0	0.31	5.5	20.8	0.0	0.0	21.14	20	1.2758	2.0477	635	637.14	962.03	
2477926	57	581.0	596.5	488.5	596.5	380.2	1.75	4.59	0	797	0	0.31	5.5	20.8	0.0	0.0	21.14	20	1.2758	2.0477	635	636.74	961.88	
2478479	57	580.2	596.2	488.3	596.5	380.2	1.75	4.59	0	800	0	0.31	5.5	20.8	0.0	0.0	21.09	20	1.2758	2.0477	635	636.34	962.03	
2479057	57	579.5	596.5	488.3	596.5	380.2	1.75	4.59	0	800	0	0.31	5.5	20.8	0.0	0.0	21.16	20	1.2758	2.0477	635	635.94	961.72	
2479640	57	578.6	596.2	488.3	596.2	380.2	1.75	4.59	0	800	0	0.31	5.5	20.8	0.0	0.0	21.05	20	1.2758	2.0477	635	635.43	961.80	
2480203	57	577.9	596.2	488.5	596.5	380.5	1.75	4.59	0	790	0	0.56	5.5	20.8	0.0	0.0	21.38	20	1.2758	2.0477	635	635.15	961.72	
2480737	57	577.2	596.5	488.3	596.2	380.5	1.75	4.59	0	794	0	0.31	5.5	20.8	0.0	0.0	21.35	20	1.2758	2.0477	630	634.63	961.88	
2481299	57	576.4	595.8	488.5	595.8	380.5	1.75	4.59	0	790	0	0.31	5.5	20.8	0.0	0.0	21.30	20	1.2758	2.0477	630	634.35	961.88	
2481896	57	575.6	596.5	488.5	596.2	380.8	1.75	4.59	0	796	0	0.31	5.5	20.8	0.0	0.0	21.52	20	1.2758	2.0477	630	633.83	961.95	
2482486	57	574.8	596.2	488.6	596.2	380.8	1.75	4.59	0	800	0	0.56	5.5	20.8	0.0	0.0	21.54	20	1.2758	2.0477	630	633.44	962.03	
2483105	57	574.0	596.2	488.7	595.8	381.2	1.75	4.59	0	801	0	0.56	5.5	20.8	0.0	0.0	21.02	20	1.2758	2.0477	630	632.94	961.88	
2483661	57	573.2	596.2	488.5	596.2	381.2	1.75	4.59	0	793	0	0.31	5.5	20.8	0.0	0.0	21.49	20	1.2758	2.0477	630	632.43	961.72	
2484220	57	572.5	595.8	488.5	595.5	381.2	1.75	4.59	0	808	0	0.31	5.5	20.8	0.0	0.0	21.26	20	1.2758	2.0477	630	632.03	961.88	
2484904	57	571.8	595.8	488.6	596.2	380.8	1.75	4.59	0	797	0	0.31	5.5	20.8	0.0	0.0	21.05	20	1.2758	2.0477	630	631.54	961.95	
2485483	57	571.0	595.8	488.6	595.8	381.5	1.75	4.59	0	801	0	0.56	5.5	20.8	0.0	0.0	21.42	20	1.2758	2.0477	630	631.14	961.88	
2486042	57	570.1	595.5	488.8	595.8	381.5	1.75	4.59	0	807	0	0.31	5.5	20.8	0.0	0.0	21.52	20	1.2758	2.0477	630	630.65	962.11	
2486602	57	569.4	595.5	488.8	596.2	381.5	1.75	4.59	0	796	0	0.56	5.5	20.8	0.0	0.0	21.61	20	1.2758	2.0477	630	630.25	962.03	
2487193	57	568.6	595.8	488.8	595.5	382.2	1.75	4.59	0	803	0	0.56	5.5	20.8	0.0	0.0	21.54	20	1.2758	2.0477	625	629.73	962.03	
2487779	57	567.8	595.5	488.5	595.8	381.8	1.75	4.59	0	796	0	0.31	5.5	20.8	0.0	0.0	21.09	20	1.2758	2.0477	625	629.33	962.11	
2488333	57	567.1	595.8	488.8	595.5	382.2	1.75	4.59	0	803	0	0.31	5.5	20.8	0.0	0.0	21.49	20	1.2758	2.0477	625	628.84	961.88	
2488896	57	566.4	595.2	488.8	595.5	382.2	1.75	4.59	0	798	0	0.31	5.5	20.8	0.0	0.0	21.19	20	1.2758	2.0477	625	628.44	961.88	
2489418	57	565.7	595.2	489.0	595.5	382.2	1.75	4.59	0	802	0	0.31	5.5	20.8	0.0	0.0	21.56	20	1.2758	2.0477	625	627.93	961.88	
2489967	57	565.0	595.5	489.1	595.5	382.8	1.75	4.59	0	799	0	0.31	5.5	20.8	0.0	0.0	21.16	20	1.2758	2.0477	625	627.53	961.88	
2490572	57	564.2	595.2	489.0	595.5	382.2	1.75	4.59	0	793	0	0.31	5.5	20.8	0.0	0.0	21.38	20	1.2758	2.0477	625	627.13	961.64	
2491248	57	563.4	595.5	489.0	595.2	382.5	1.75	4.59	0	805	0	0.31	5.5	20.8	0.0	0.0	21.59	20	1.2758	2.0477	625	626.55	961.95	
2491835	57	562.6	595.5	489.0	595.5	382.5	1.75	4.59	0	795	0	0.31	5.5	20.8	0.0	0.0	21.23	20	1.2758	2.0477	625	626.03	962.03	
2492401	57	561.8	595.5	489.0	595.2	382.8	1.75	4.59	0	799	0	0.31	5.5	20.8	0.0	0.0	21.45	20	1.2758	2.0477	625	625.63	962.03	
2492978	57	561.1	595.2	489.3	595.5	382.8	1.75	4.59	0	795	0	0.31	5.5	20.8	0.0	0.0	21.35	20	1.2758	2.0477	625	625.14	962.03	
2493526	57	560.4	595.2	489.0	595.2	383.2	1.75	4.59	0	796	0	0.31	5.5	20.8	0.0	0.0	21.33	20	1.2758	2.0477	620	624.74	962.11	
2494162	57	559.7	595.2	489.3	595.2	383.5	1.75	4.59	0	803	0	0.31	5.5	20.8	0.0	0.0	21.47	20	1.2758	2.0477	620	624.25	962.27	
2494743	57	559.0	595.2	489.0	594.8	383.5	1.75	4.59	0	801	0	0.56	5.5	20.8	0.0	0.0	21.49	20	1.2758	2.0477	620	623.73	962.19	
2495318	57	558.1	595.2	489.1	594.8	383.2	1.75	4.59	0	803	0	0.31	5.5	20.8	0.0	0.0	21.23	20	1.2758	2.0477	620	623.24	962.11	
2495835	57	557.5	594.8	489.1	594.8	383.2	1.75	4.59	0	796	0	0.31	5.5	20.8	0.0	0.0	21.33	20	1.2758	2.0477	620	622.84	962.03	
2496373	57	556.8	594.8	489.1	594.8	383.5	1.75	4.59	0	802	0	0.31	5.5	20.8	0.0	0.0	21.35	20	1.2758	2.0477	620	622.44	962.03	
2496918	57	556.1	594.8	489.0	594.8	383.5	1.75	4.59	0	800	0	0.56	5.5	20.8	0.0	0.0	21.35	20	1.2758	2.0477	620	621.93	962.03	
2497515	57	555.4	594.8	489.3	594.8	383.5	1.75	4.59	0	801	0	0.31	5.5	20.8	0.0	0.0	21.35	20	1.2758	2.0477	620	621.44	962.42	
2498081	57	554.7	594.8	489.3	594.5	384.2	1.75	4.59	0	802	0	0.31	5.5	20.8	0.0	0.0	21.40	20	1.2758	2.0477	620	621.04	962.11	
2498642	57	554.0	594.5	489.1	594.5	383.8	1.75	4.59	0	797	0	0.31	5.5	20.8	0.0	0.0	21.26	20	1.2758	2.0477	620	620.55	962.27	
2499176	57	553.3	594.5	489.3	594.5	384.2	1.75	4.59	0	802	0	0.31	5.5	20.8	0.0	0.0	21.16	20	1.2758	2.0477	620	620.15	962.27	
2499714	57	552.7	594.5	489.3	594.2	383.8	1.75	4.59	0	802	0	0.31	5.5	20.8	0.0	0.0	21.40	20	1.2758	2.0477	615	619.54	962.27	
2500259	57	552.0	594.5	489.3	594.5	384.2	1.75	4.59	0	800	0	0.31	5.5	20.8	0.0	0.0	21.30	20	1.2758	2.0477	615	619.14	962.19	
2500858	57	551.2	594.5	489.5	594.5	384.5	1.75	4.59	0	799	0	0.31	5.5	20.8	0.0	0.0	21.21	20	1.2758	2.0477	615	618.65	962.42	
2501400	57	550.6	594.5	489.5	594.2	384.5	1.75	4.59	0	800	0	0.31	5.5	20.8	0.0	0.0	21.26	20	1.2758	2.0477	615	618.25	962.42	
2501961	57	550.0	594.2	489.3	594.2	384.5	1.75	4.59	0	794	0	0.31	5.5	20.8	0.0	0.0	21.16	20	1.2758	2.0477	615	617.73	962.19	
2502623	57	549.2	594.5	489.1	594.5	384.5	1.75	4.59	0	791	0	0.31	5.5	20.8	0.0	0.0	21.35	20	1.2758	2.0477	615	617.33	962.19	
2503184	57	548.6	594.2	489.3	594.2	384.5	1.75	4.59	0	796	0	0.31	5.5	20.8	0.0	0.0	21.38	20	1.2758	2.0477	615	616.75	962.27	
2503746	57	547.9	594.2	489.5	594.2	384.8	1.75	4.59	0	802	0	0.56	5.5	20.8	0.0	0.0	21.30	20	1.2758	2.0477	615	616.23	962.27	
2504297	57	547.1	594.2	489.1	594.2	384.8	1.75	4.59	0	796	0	0.31	5.5	20.8	0.0	0.0	21.12	20	1.2758	2.0477	615	615.83	962.42	
2504845	57	546.4	593.8	489.5	593.8	384.8	1.75	4.59	0	795	0	0.31	5.5	20.8	0.0	0.0	21.07	20	1.2758	2.0477	615	615.34	962.27	
2505416	57	545.7	593.5	489.3	593.8	384.8	1.75	4.59	0	796	0	0.31	5.5	20.8	0.0	0.0	21.05	20	1.2758	2.0477	610	614.73	962.11	
2505964	58	545.1	593.5	489.3	593.5	384.8	1.75	4.59	0	797	0	0.31	5.5	20.8	0.0	0.0	21.63	20	1.2758	2.0477	610	614.33	962.03	
2506530	58	544.4	593.5	489.3	593.5	385.2	1.75	4.59	0	807	0	0.31	5.5	20.8	0.0	0.0	21.49	20	1.2758	2.0477	610	613.84	962.19	
2507061	58	543.8	593.5	489.3	593.2	384.8	1.75	4.59	0	801	0	0.31	5.5	20.8	0.0	0.0	21.07	20	1.2758	2.0477	610	613.44	962.11	
2507598	58	543.1	593.5	489.0	593.5	385.2	1.75	4.59	0	799	0	0.31	5.5	20.8	0.0	0.0	21.19	20	1.2758	2.0477	610	612.93	962.11	
2508170	58	542.5	593.2	489.3	593.2	385.2	1.75	4.59	0	793	0	0.31	5.5	20.8	0.0	0.0	21.12	20	1.2758	2.0477	610	612.44	962.19	
2508710	58	541.8	593.2	489.2	593.2	385.5	1.75	4.59	0	797	0	0.31	5.5	20.8	0.0	0.0	21.49	20	1.2758	2.0477	610	611.94	962.42	
2509238	58	541.2	593.2	489.1	593.2	385.8	1.75	4.59	0	791	0	0.31	5.5	20.8	0.0	0.0	21.26	20	1.2758	2.0477	610	611.55	962.11	
2509761	58	540.6	593.2	489.3	592.8	385.5	1.75	4.59	0	802	0	0.31	5.5	20.8	0.0	0.0	21.47	20	1.2758	2.0477	610	611.15	962.11	
2510330	58	540.0	592.8	489.1	592.8	385.5	1.75	4.59	0	799	0	0.31	5.5	20.8	0.0	0.0	21.26	21	1.2758	2.0477	610	610.54	962.03	
2510923	58	539.3	592.5	488.8	592.8	385.5	1.75	4.59	0	799	0	0.31	5.5	20.8	0.0	0.0	21.30	21	1.2758	2.0477	610	610.05	962.42	
2511580	58	538.6	592.8	489.3	592.5	385.8	1.75	4.59	0	798	0	0.31	5.5	20.8	0.0	0.0	21.07	21	1.2758	2.0477	605	609.53	962.03	
2512133	58	538.0	592.8	489.3	592.8	386.2	1.75	4.59	0	794	0	0.31	5.5	20.8	0.0	0.0	21.49	21	1.2758	2.0477	605	609.04	961.88	
2512734	58	537.2	592.5	489.1	592.5	385.8	1.75	4.59	0	806	0	0.31	5.5	20.8	0.0	0.0	21.45	21	1.2758	2.0477	605	608.55	962.66	
2513276	58	536.5	591.8	489.0	592.2	385.8	1.75	4.59	0	799	0	0.31	5.5	20.8	0.0	0.0	21.28	21	1.2758	2.0477	605	608.03	962.27	
2513879	58	535.9	592.2	489.0	592.2	385.8	1.75	4.59	0	795	0	0.31	5.5	20.8	0.0	0.0	21.35	21	1.2758	2.0477	605	607.54	962.50	
2514423	58	535.2	591.5	489.0	591.8	386.2	1.75	4.59	0	803	0	0.56	5.5	20.8	0.0	0.0	21.33	21	1.2758	2.0477	605	607.05	962.66	
2514998	58	534.6	591.8	489.2	591.8	385.8	1.75	4.59	0	796	0	0.56	5.5	20.8	0.0	0.0	21.28	21	1.2758	2.0477	605	606.65	962.58	
2515532	58	534.0	591.8	488.6	591.5	386.2	1.75	4.59	0	793	0	0.31	5.5	20.8	0.0	0.0	21.42	21	1.2758	2.0477	605	606.04	962.42	
2516091	58	533.4	591.8	489.0	591.5	386.2	1.75	4.59	0	795	0	0.31	5.5	20.8	0.0	0.0	21.38	21	1.2758	2.0477	605	605.64	962.34	
2516642	58	532.8	591.5	488.6	591.5	386.2	1.75	4.59	0	796	0	0.31	5.5	20.8	0.0	0.0	21.38	21	1.2758	2.0477	605	605.15	962.58	
2517195	58	532.1	591.5	488.7	591.5	386.2	1.75	4.59	0	800	0	0.31	5.5	20.8	0.0	0.0	22.59	21	1.2758	2.0477	600	604.63	961.80	
2517794	58	531.4	591.2	488.8	590.8	386.2	1.75	4.59	0	850	0	0.56	5.5	20.8	0.0	0.0	26.02	21	1.2758	2.0477	600	604.14	962.58	
2518336	58	530.8	591.5	488.8	591.2	386.5	1.75	4.59	0	825	0	0.81	5.5	20.8	0.0	0.0	29.11	21	1.2758	2.0477	600	603.53	963.44	
2518883	58	530.1	591.2	488.6	591.2	386.2	1.56	4.59	0	823	0	0.81	5.5	20.8	0.0	0.0	42.07	21	1.2758	2.0477	600	603.04	962.27	
2519475	58	529.3	590.8	488.6	590.8	386.5	2.12	4.59	0	1,010	1	1.62	5.5	20.8	0.0	0.0	35.20	21	1.2758	2.0477	600	602.43	968.91	
2520019	58	528.4	591.2	488.8	590.8	386.5	2.12	4.59	0	961	3	0.81	5.5	20.8	0.0	0.0	35.25	21	1.2758	2.0477	600	601.75	969.69	
2520678	58	527.6	590.8	488.8	590.8	386.8	1.94	4.59	0	1,033	4	1.12	5.5	20.8	0.0	0.0	29.25	21	1.2758	2.0477	600	601.05	972.27	
2521206	58	526.7	590.8	488.8	591.2	386.8	1.94	4.59	0	906	5	0.81	5.5	20.8	0.0	0.0	26.91	21	1.2758	2.0477	600	600.34	972.27	
2521719	58	525.7	591.5	489.1	591.5	386.8	1.75	4.59	0	889	6	0.81	5.5	20.8	0.0	0.0	24.47	21	1.2758	2.0477	595	599.73	970.16	
2522263	58	524.9	591.8	489.5	591.8	386.8	1.75	4.59	0	908	5	0.56	5.5	20.8	0.0	0.0	24.14	21	1.2758	2.0477	595	599.15	967.73	
2522797	58	524.2	592.2	489.3	592.5	386.8	1.75	4.59	0	905	5	0.56	5.5	20.8	0.0	0.0	25.31	21	1.2758	2.0477	595	598.54	966.56	
2523318	58	523.4	592.5	489.6	592.8	386.8	1.94	4.59	0	916	4	0.56	5.5	20.8	0.0	0.0	25.31	21	1.2758	2.0477	595	597.83	966.41	
2523914	58	522.5	592.5	489.6	592.5	387.5	1.75	4.59	0	783	2	0.56	5.5	20.8	0.0	0.0	22.66	21	1.2758	2.0477	595	597.25	965.62	
2524435	58	521.8	593.2	490.1	593.2	387.2	1.75	4.59	0	707	1	0.31	5.5	20.8	0.0	0.0	28.03	21	1.2758	2.0477	595	596.64	963.98	
2525059	58	521.0	593.5	490.0	593.5	387.2	1.75	4.59	0	826	0	0.81	5.5	20.8	0.0	0.0	25.24	21	1.2758	2.0477	595	595.94	964.38	
2525591	58	520.2	593.5	490.3	593.5	387.5	1.56	4.59	0	813	0	0.56	5.5	20.8	0.0	0.0	20.27	21	1.2758	2.0477	595	595.44	964.45	
2526146	58	519.5	593.5	490.5	593.5	387.2	1.75	4.59	0	777	0	0.31	5.5	20.8	0.0	0.0	20.86	21	1.2758	2.0477	590	594.74	963.52	
2526679	58	518.9	593.5	490.5	593.5	387.5	1.75	4.59	0	775	0	0.31	5.5	20.8	0.0	0.0	21.87	21	1.2758	2.0477	590	594.25	962.81	
2527239	58	518.2	593.8	490.6	593.5	387.2	1.75	4.59	0	791	0	0.31	5.5	20.8	0.0	0.0	21.42	21	1.2758	2.0477	590	593.64	962.58	
2527854	58	517.5	593.8	490.6	593.8	387.5	1.75	4.59	0	795	0	0.31	5.5	20.8	0.0	0.0	20.88	21	1.2758	2.0477	590	593.03	962.73	
2528418	58	516.8	593.8	490.6	593.5	387.2	1.75	4.59	0	803	0	0.31	5.5	20.8	0.0	0.0	20.93	21	1.2758	2.0477	590	592.44	962.34	
2528973	58	516.3	593.5	490.5	593.5	387.5	1.75	4.59	0	796	0	0.31	5.5	20.8	0.0	0.0	21.26	21	1.2758	2.0477	590	591.93	962.03	
2529548	58	515.7	593.5	490.3	593.2	387.8	1.75	4.59	0	787	0	0.56	5.5	20.8	0.0	0.0	22.55	21	1.2758	2.0477	590	591.25	962.03	
2530102	58	515.1	592.8	490.3	593.2	387.8	1.75	4.59	0	819	0	0.56	5.5	20.8	0.0	0.0	21.70	21	1.2758	2.0477	590	590.73	962.42	
2530665	58	514.4	593.2	490.1	592.8	387.5	1.75	4.59	0	818	0	0.56	5.5	20.8	0.0	0.0	21.73	21	1.2758	2.0477	590	590.15	962.27	
2531210	58	513.9	592.5	490.0	592.5	387.5	1.75	4.59	0	823	0	0.56	5.5	20.8	0.0	0.0	21.19	21	1.2758	2.0477	585	589.63	962.58	
2531770	58	513.2	592.5	489.8	592.5	387.5	1.75	4.59	0	832	0	0.56	5.5	20.8	0.0	0.0	20.77	21	1.2758	2.0477	585	589.14	962.73	
2532338	58	512.7	592.2	490.1	592.2	387.5	1.75	4.59	0	808	0	0.56	5.5	20.8	0.0	0.0	20.98	21	1.2758	2.0477	585	588.53	962.42	
2532886	58	512.1	591.8	490.0	591.8	387.8	1.75	4.59	0	796	0	0.56	5.5	20.8	0.0	0.0	21.91	21	1.2758	2.0477	585	588.04	962.11	
2533528	58	511.5	591.5	490.0	591.2	388.2	1.75	4.59	0	805	0	0.31	5.5	20.8	0.0	0.0	21.66	21	1.2758	2.0477	585	587.33	962.58	
2534076	58	510.9	591.2	489.8	591.2	388.2	1.75	4.59	0	784	0	0.31	5.5	20.8	0.0	0.0	22.29	21	1.2758	2.0477	585	586.94	962.42	
2534697	58	510.3	590.8	489.5	590.8	388.2	1.75	4.59	0	826	0	0.56	5.5	20.8	0.0	0.0	20.65	21	1.2758	2.0477	585	586.35	962.73	
2535263	58	509.8	590.5	489.1	590.8	388.2	1.75	4.59	0	816	0	0.31	5.5	20.8	0.0	0.0	20.53	21	1.2758	2.0477	585	585.74	962.50	
2535804	58	509.2	590.5	489.2	590.5	388.2	1.75	4.59	0	802	0	0.31	5.5	20.8	0.0	0.0	21.05	21	1.2758	2.0477	585	585.25	962.34	
2536303	58	508.7	589.8	489.5	590.2	388.5	1.75	4.59	0	790	0	0.31	5.5	20.8	0.0	0.0	21.21	21	1.2758	2.0477	580	584.73	962.42	
2536933	58	508.2	589.5	489.0	589.5	388.2	1.75	4.59	0	797	0	0.31	5.5	20.8	0.0	0.0	21.12	21	1.2758	2.0477	580	584.15	962.27	
2537516	58	507.6	589.2	488.8	589.2	388.5	1.75	4.59	0	787	0	0.31	5.5	20.8	0.0	0.0	20.93	21	1.2758	2.0477	580	583.63	962.11	
2538186	58	507.1	588.5	488.6	588.8	388.2	1.75	4.59	0	791	0	0.31	5.5	20.8	0.0	0.0	21.68	21	1.2758	2.0477	580	583.05	962.11	
2538704	58	506.6	588.5	488.6	588.5	388.5	1.75	4.59	0	796	0	0.31	5.5	20.8	0.0	0.0	21.26	21	1.2758	2.0477	580	582.53	962.19	
2539260	58	506.0	587.5	488.1	587.8	388.8	1.75	4.59	0	798	0	0.31	5.5	20.8	0.0	0.0	21.30	21	1.2758	2.0477	580	582.04	962.27	
2539840	58	505.5	587.5	488.0	587.2	388.8	1.75	4.59	0	799	0	0.31	5.5	20.8	0.0	0.0	21.38	21	1.2758	2.0477	580	581.55	962.27	
2540373	58	505.0	587.2	487.8	587.2	388.5	1.75	4.59	0	798	0	0.56	5.5	20.8	0.0	0.0	21.42	21	1.2758	2.0477	580	581.15	962.34	
2540908	58	504.5	586.8	488.2	586.8	388.5	1.75	4.59	0	794	0	0.56	5.5	20.8	0.0	0.0	21.54	21	1.2758	2.0477	580	580.63	962.19	
2541455	58	504.0	586.5	487.5	586.5	388.8	1.75	4.59	0	797	0	0.31	5.5	20.8	0.0	0.0	21.54	21	1.2758	2.0477	580	580.14	962.34	
2542009	58	503.5	585.8	487.3	585.8	388.8	1.75	4.59	0	795	0	0.31	5.5	20.8	0.0	0.0	21.54	21	1.2758	2.0477	575	579.53	962.27	
2542589	58	503.0	585.5	487.3	585.5	389.2	1.75	4.59	0	791	0	0.31	5.5	20.8	0.0	0.0	21.61	21	1.2758	2.0477	575	579.13	962.42	
2543149	58	502.5	585.2	487.0	584.8	389.2	1.75	4.59	0	788	0	0.31	5.5	20.8	0.0	0.0	21.63	21	1.2758	2.0477	575	578.55	962.42	
2543721	58	502.0	584.5	486.8	584.5	389.2	1.75	4.59	0	791	0	0.31	5.5	20.8	0.0	0.0	21.54	21	1.2758	2.0477	575	578.03	962.27	
2544253	58	501.5	584.2	486.7	584.2	389.5	1.75	4.59	0	792	0	0.31	5.5	20.8	0.0	0.0	21.68	21	1.2758	2.0477	575	577.54	962.42	
2544802	58	501.0	583.5	486.3	583.5	388.8	1.75	4.59	0	799	0	0.31	5.5	20.8	0.0	0.0	21.80	21	1.2758	2.0477	575	577.14	962.34	
2545391	58	500.5	583.2	486.2	582.8	389.2	1.75	4.59	0	802	0	0.56	5.5	20.8	0.0	0.0	21.94	21	1.2758	2.0477	575	576.65	962.11	
2545968	58	500.0	582.8	486.0	582.8	389.5	1.75	4.59	0	793	0	0.31	5.5	20.8	0.0	0.0	21.26	21	1.2758	2.0477	575	576.04	962.11	
2546512	58	499.5	581.8	485.8	582.2	389.5	1.75	4.59	0	802	0	0.56	5.5	20.8	0.0	0.0	21.70	21	1.2758	2.0477	575	575.55	962.27	
2547201	58	499.0	581.8	485.5	581.8	389.2	1.75	4.59	0	802	0	0.56	5.5	20.8	0.0	0.0	21.09	21	1.2758	2.0477	575	575.03	962.50	
2547717	58	498.5	581.5	485.5	581.5	389.2	1.75	4.59	0	794	0	0.31	5.5	20.8	0.0	0.0	21.35	21	1.2758	2.0477	570	574.44	962.11	
2548272	58	498.0	580.8	485.3	580.8	389.5	1.75	4.59	0	795	0	0.31	5.5	20.8	0.0	0.0	21.56	21	1.2758	2.0477	570	574.05	962.03	
2548839	58	497.5	580.2	485.1	580.5	389.2	1.75	4.59	0	802	0	0.31	5.5	20.8	0.0	0.0	21.56	21	1.2758	2.0477	570	573.53	962.19	
2549397	58	497.0	579.5	484.8	579.8	389.5	1.75	4.59	0	802	0	0.31	5.5	20.8	0.0	0.0	21.56	21	1.2758	2.0477	570	573.04	962.03	
2549922	58	496.5	579.5	484.5	579.2	389.2	1.75	4.59	0	797	0	0.31	5.5	20.8	0.0	0.0	21.54	21	1.2758	2.0477	570	572.55	962.03	
2550471	58	496.1	579.2	484.0	578.8	389.8	1.75	4.59	0	799	0	0.31	5.5	20.8	0.0	0.0	21.56	21	1.2758	2.0477	570	572.15	962.27	
2551055	58	495.5	578.5	484.0	578.5	389.5	1.75	4.59	0	800	0	0.31	5.5	20.8	0.0	0.0	21.70	21	1.2758	2.0477	570	571.54	962.19	
2551597	58	495.1	577.8	484.0	578.2	389.8	1.75	4.59	0	793	0	0.31	5.5	20.8	0.0	0.0	21.59	21	1.2758	2.0477	570	571.14	962.19	
2552141	58	494.7	577.5	483.5	577.5	389.2	1.75	4.59	0	796	0	0.31	5.5	20.8	0.0	0.0	21.59	21	1.2758	2.0477	570	570.65	962.34	
2552726	58	494.1	577.5	483.3	577.2	389.5	1.75	4.59	0	802	0	0.31	5.5	20.8	0.0	0.0	21.49	21	1.2758	2.0477	570	570.13	962.42	
2553266	58	493.7	576.8	483.1	576.8	389.5	1.75	4.59	0	800	0	0.31	5.5	20.8	0.0	0.0	21.61	21	1.2758	2.0477	565	569.64	962.42	
2553803	58	493.3	576.5	483.0	576.5	389.8	1.75	4.59	0	799	0	0.31	5.5	20.8	0.0	0.0	21.59	21	1.2758	2.0477	565	569.24	962.50	
2554361	59	492.8	575.8	483.0	575.8	389.8	1.75	4.59	0	800	0	0.31	5.5	20.8	0.0	0.0	21.33	21	1.2758	2.0477	565	568.75	962.58	
2554905	59	492.3	575.2	482.5	574.8	389.8	1.75	4.59	0	800	0	0.31	5.5	20.8	0.0	0.0	21.54	21	1.2758	2.0477	565	568.35	962.34	
2555486	59	491.9	574.8	482.3	574.8	389.8	1.75	4.59	0	792	0	0.31	5.5	20.8	0.0	0.0	21.66	21	1.2758	2.0477	565	567.83	962.34	
2556065	59	491.4	574.5	482.0	574.2	389.5	1.75	4.59	0	792	0	0.31	5.5	20.8	0.0	0.0	21.70	21	1.2758	2.0477	565	567.25	962.27	
2556589	59	491.0	573.8	482.0	573.8	389.8	1.75	4.59	0	802	0	0.31	5.5	20.8	0.0	0.0	21.91	21	1.2758	2.0477	565	566.85	962.34	
2557121	59	490.5	573.5	481.6	573.5	389.8	1.75	4.59	0	794	0	0.31	5.5	20.8	0.0	0.0	21.49	21	1.2758	2.0477	565	566.33	962.42	
2557652	59	490.0	572.5	481.3	573.2	390.2	1.75	4.59	0	803	0	0.31	5.5	20.8	0.0	0.0	21.77	21	1.2758	2.0477	565	565.94	962.42	
2558203	59	489.6	572.5	481.0	572.2	389.8	1.75	4.59	0	790	0	0.31	5.5	20.8	0.0	0.0	21.61	21	1.2758	2.0477	565	565.44	962.42	
2558758	59	489.1	571.8	481.0	571.8	390.2	1.75	4.59	0	806	0	0.31	5.5	20.8	0.0	0.0	21.63	21	1.2758	2.0477	565	564.93	962.58	
2559373	59	488.7	571.2	480.8	571.2	390.2	1.75	4.59	0	792	0	0.31	5.5	20.8	0.0	0.0	21.77	21	1.2758	2.0477	560	564.44	962.19	
2559975	59	488.2	570.5	480.5	570.8	390.2	1.75	4.59	0	795	0	0.31	5.5	20.8	0.0	0.0	21.96	21	1.2758	2.0477	560	563.94	962.27	
2560531	59	487.7	570.5	480.3	570.5	390.2	1.75	4.59	0	795	0	0.31	5.5	20.8	0.0	0.0	21.96	21	1.2758	2.0477	560	563.43	962.42	
2561137	59	487.2	569.8	480.0	569.8	390.2	1.75	4.59	0	799	0	0.31	5.5	20.8	0.0	0.0	21.68	21	1.2758	2.0477	560	562.94	962.19	
2561681	59	486.8	569.2	479.5	569.2	389.8	1.75	4.59	0	804	0	0.31	5.5	20.8	0.0	0.0	21.66	21	1.2758	2.0477	560	562.44	962.27	
2562229	59	486.3	568.8	479.5	568.8	389.8	1.75	4.59	0	802	0	0.31	5.5	20.8	0.0	0.0	21.80	21	1.2758	2.0477	560	561.93	962.34	
2562793	59	485.9	568.5	479.3	568.2	389.8	1.75	4.59	0	793	0	0.31	5.5	20.8	0.0	0.0	21.38	21	1.2758	2.0477	560	561.53	962.03	
2563354	59	485.5	568.2	479.0	567.8	390.2	1.75	4.59	0	797	0	0.31	5.5	20.8	0.0	0.0	21.77	21	1.2758	2.0477	560	561.04	962.03	
2563919	59	485.0	567.2	478.7	567.2	389.8	1.75	4.59	0	791	0	0.31	5.5	20.8	0.0	0.0	21.87	21	1.2758	2.0477	560	560.64	962.42	
2564654	59	484.5	566.8	478.3	566.8	389.8	1.75	4.59	0	797	0	0.31	5.5	20.8	0.0	0.0	21.82	21	1.2758	2.0477	560	559.94	962.27	
2565260	59	484.0	566.2	478.2	566.2	389.8	1.75	4.59	0	798	0	0.31	5.5	20.8	0.0	0.0	21.61	21	1.2758	2.0477	555	559.44	962.50	
2565721	59	483.6	565.8	478.0	566.2	390.2	1.75	4.59	0	801	0	0.31	5.5	20.8	0.0	0.0	21.56	21	1.2758	2.0477	555	559.05	962.42	
2566286	59	483.1	565.2	477.8	565.2	390.2	1.75	4.59	0	797	0	0.31	5.5	20.8	0.0	0.0	21.59	21	1.2758	2.0477	555	558.65	961.95	
2566921	59	482.7	565.2	477.7	565.2	390.2	1.94	4.59	0	823	0	0.56	5.5	20.8	0.0	0.0	25.41	21	1.2758	2.0477	555	558.04	962.81	
2567520	59	482.2	564.5	477.3	564.5	390.2	1.75	4.59	0	853	0	0.56	5.5	20.8	0.0	0.0	27.05	21	1.2758	2.0477	555	557.55	962.73	
2568064	59	481.7	564.2	477.2	564.2	390.2	1.75	4.59	0	813	0	0.81	5.5	20.8	0.0	0.0	30.54	21	1.2758	2.0477	555	557.03	963.75	
2568627	59	481.2	563.5	476.6	563.2	390.2	1.75	4.59	0	811	0	0.81	5.5	20.8	0.0	0.0	29.70	21	1.2758	2.0477	555	556.54	965.78	
2569203	59	480.7	563.2	476.6	562.8	390.2	1.75	4.59	0	810	0	0.81	5.5	20.8	0.0	0.0	29.86	21	1.2758	2.0477	555	556.05	966.72	
2569762	59	480.2	562.5	476.2	562.2	390.2	1.75	4.59	0	820	0	0.81	5.5	20.8	0.0	0.0	28.66	21	1.2758	2.0477	555	555.44	967.34	
2570348	59	479.7	562.2	476.2	561.8	389.8	1.75	4.59	0	817	0	0.81	5.5	20.8	0.0	0.0	26.41	21	1.2758	2.0477	550	554.85	966.80	
2570874	59	479.2	561.8	475.6	561.5	390.2	1.75	4.59	0	811	0	0.56	5.5	20.8	0.0	0.0	25.22	21	1.2758	2.0477	550	554.43	966.64	
2571476	59	478.6	561.5	475.6	561.2	390.2	1.75	4.59	0	824	0	0.56	5.5	20.8	0.0	0.0	22.78	21	1.2758	2.0477	550	553.84	965.55	
2572058	59	478.1	560.8	475.3	560.8	390.2	1.75	4.59	0	819	0	0.31	5.5	20.8	0.0	0.0	22.95	21	1.2758	2.0477	550	553.23	964.30	
2572652	59	477.6	560.5	475.3	560.5	390.2	1.75	4.59	0	813	0	0.31	5.5	20.8	0.0	0.0	23.34	21	1.2758	2.0477	550	552.74	963.67	
2573224	59	477.2	560.2	475.0	559.8	389.8	1.75	4.59	0	820	0	0.56	5.5	20.8	0.0	0.0	23.06	21	1.2758	2.0477	550	552.13	963.52	
2573942	59	476.6	559.5	474.6	559.5	389.8	1.75	4.59	0	814	0	0.31	5.5	20.8	0.0	0.0	22.83	21	1.2758	2.0477	550	551.55	963.28	
2574486	59	476.2	559.2	474.3	559.2	389.8	1.75	4.59	0	813	0	0.31	5.5	20.8	0.0	0.0	22.92	21	1.2758	2.0477	550	551.03	963.20	
2575098	59	475.6	558.8	474.3	558.5	389.5	1.75	4.59	0	805	0	0.31	5.5	20.8	0.0	0.0	37.99	21	1.2758	2.0477	550	550.54	960.94	
2575641	59	475.1	558.2	473.8	558.2	389.5	2.25	4.59	0	988	0	1.62	5.5	20.8	0.0	0.0	32.79	21	1.2758	2.0477	550	549.93	968.20	
2576207	59	474.6	558.2	473.8	558.2	389.8	1.94	4.59	0	916	2	0.81	5.5	20.8	0.0	0.0	32.37	21	1.2758	2.0477	545	549.34	968.52	
2576812	59	474.0	557.5	473.6	557.5	389.8	1.94	4.59	0	921	2	0.81	5.5	20.8	0.0	0.0	28.90	21	1.2758	2.0477	545	548.73	969.77	
2577431	59	473.5	557.2	473.5	556.8	389.8	1.94	4.59	0	921	2	0.81	5.5	20.8	0.0	0.0	27.28	21	1.2758	2.0477	545	547.94	968.75	
2578074	59	472.8	556.5	473.3	556.8	389.5	1.94	4.59	0	916	1	0.56	5.5	20.8	0.0	0.0	25.97	21	1.2758	2.0477	545	547.35	968.12	
2578723	59	472.2	556.8	473.0	556.8	389.5	1.75	4.59	0	864	0	0.56	5.5	20.8	0.0	0.0	28.78	21	1.2758	2.0477	545	546.65	964.92	
2579328	59	471.6	556.5	473.0	556.2	389.2	2.12	4.59	0	989	0	1.12	5.5	20.8	0.0	0.0	30.66	21	1.2758	2.0477	545	545.94	968.59	
2579909	59	471.1	556.2	472.8	556.2	389.5	1.94	4.59	0	973	1	0.56	5.5	20.8	0.0	0.0	28.76	21	1.2758	2.0477	545	545.33	968.59	
2580460	59	470.5	556.2	472.6	555.8	389.5	1.94	4.59	0	1,002	1	0.81	5.5	20.8	0.0	0.0	27.40	21	1.2758	2.0477	540	544.63	968.59	
2581070	59	470.0	555.5	472.3	555.5	389.2	1.94	4.59	0	991	1	0.56	5.5	20.8	0.0	0.0	27.07	21	1.2758	2.0477	540	544.05	968.75	
2581700	59	469.4	555.2	472.3	555.5	389.5	1.94	4.59	0	976	2	0.56	5.5	20.8	0.0	0.0	26.48	21	1.2758	2.0477	540	543.34	968.20	
2582277	59	468.8	555.2	472.5	554.8	389.5	2.12	4.59	0	993	2	0.56	5.5	20.8	0.0	0.0	31.03	21	1.2758	2.0477	540	542.64	968.20	
2583062	59	468.3	554.5	472.0	554.5	389.5	2.12	4.59	0	971	3	0.81	5.5	20.8	0.0	0.0	32.88	21	1.2758	2.0477	540	541.75	971.88	
2583649	59	467.6	554.5	472.0	554.8	389.5	2.12	4.59	0	944	4	0.81	5.5	20.8	0.0	0.0	30.77	21	1.2758	2.0477	540	540.93	972.42	
2584221	59	467.1	554.5	471.7	554.5	389.5	1.94	4.59	0	974	4	0.56	5.5	20.8	0.0	0.0	29.13	21	1.2758	2.0477	540	540.25	972.89	
2584772	59	466.5	554.5	471.8	554.2	389.2	2.12	4.59	0	975	5	0.56	5.5	20.8	0.0	0.0	28.17	21	1.2758	2.0477	535	539.64	972.73	
2585334	59	466.0	553.5	471.7	553.8	389.5	2.12	4.59	0	976	5	0.56	5.5	20.8	0.0	0.0	26.62	21	1.2758	2.0477	535	538.94	972.27	
2585897	59	465.5	553.8	471.5	553.8	389.5	1.94	4.59	0	967	5	0.81	5.5	20.8	0.0	0.0	23.39	21	1.2758	2.0477	535	538.35	968.91	
2586455	59	465.0	553.5	471.3	553.5	389.2	2.12	4.59	0	1,131	6	1.12	5.5	20.8	0.0	0.0	33.09	21	1.2758	2.0477	535	537.53	966.64	
2587030	59	464.4	553.2	471.0	553.2	389.2	2.25	4.59	0	1,334	8	2.19	5.5	20.8	0.0	0.0	38.72	21	1.2758	2.0477	535	536.73	977.34	
2587596	59	463.9	552.8	470.8	552.8	388.8	1.75	4.59	0	1,223	9	1.62	5.5	20.8	0.0	0.0	22.69	21	1.2758	2.0477	535	536.03	976.48	
2588188	59	463.4	552.8	470.8	552.5	389.2	1.56	4.59	0	1,035	9	0.31	5.5	20.8	0.0	0.0	19.20	21	1.2758	2.0477	535	535.35	968.52	
2588772	59	462.9	552.5	470.6	552.5	389.2	1.75	4.59	0	829	7	0.31	5.5	20.8	0.0	0.0	24.98	21	1.2758	2.0477	530	534.53	964.38	
2589311	59	462.4	552.2	470.8	552.5	389.2	1.75	4.59	0	857	7	0.56	5.5	20.8	0.0	0.0	31.01	21	1.2758	2.0477	530	533.85	963.12	
2589892	59	462.0	552.2	470.6	552.5	389.2	1.94	4.59	0	908	7	0.56	5.5	20.8	0.0	0.0	25.88	21	1.2758	2.0477	530	533.24	966.25	
2590529	59	461.6	551.8	470.7	551.8	389.2	1.75	4.59	0	910	6	0.56	5.5	20.8	0.0	0.0	25.73	21	1.2758	2.0477	530	532.44	965.94	
2591115	59	461.2	551.5	470.1	551.5	388.8	1.75	4.59	0	904	5	0.56	5.5	20.8	0.0	0.0	28.64	21	1.2758	2.0477	530	531.93	964.38	
2591676	59	460.8	550.8	470.2	551.2	389.2	1.94	4.59	0	930	6	0.56	5.5	20.8	0.0	0.0	25.66	21	1.2758	2.0477	530	531.25	966.80	
2592363	59	460.4	550.8	469.8	550.8	389.2	1.94	4.59	0	969	5	0.56	5.5	20.8	0.0	0.0	24.61	21	1.2758	2.0477	530	530.43	966.80	
2593007	59	460.0	550.2	469.7	549.8	388.8	1.75	4.59	0	892	3	0.56	5.5	20.8	0.0	0.0	21.00	21	1.2758	2.0477	525	529.75	965.55	
2593561	59	459.6	549.5	469.3	549.5	388.8	1.94	4.59	0	650	2	0.31	5.5	20.8	0.0	0.0	45.02	21	1.2758	2.0477	525	529.14	965.39	
2594109	59	459.3	548.8	469.1	548.8	388.5	1.94	4.59	0	773	2	1.38	5.5	20.8	0.0	0.0	36.49	21	1.2758	2.0477	525	528.53	969.92	
2594663	59	458.9	548.8	468.6	548.8	388.8	1.94	4.59	0	854	1	0.81	5.5	20.8	0.0	0.0	31.36	21	1.2758	2.0477	525	527.94	970.62	
2595313	59	458.6	547.8	468.5	547.8	388.5	1.94	4.59	0	971	1	0.81	5.5	20.8	0.0	0.0	28.78	21	1.2758	2.0477	525	527.24	969.69	
2595900	59	458.2	547.5	468.1	547.5	388.5	2.12	4.59	0	973	2	0.56	5.5	20.8	0.0	0.0	32.53	21	1.2758	2.0477	525	526.54	969.77	
2596476	59	457.8	547.2	468.1	546.8	388.8	2.12	4.59	0	960	2	0.81	5.5	20.8	0.0	0.0	35.88	21	1.2758	2.0477	525	525.83	972.58	
2597069	59	457.5	546.5	467.6	546.5	388.8	2.12	4.59	0	939	3	1.38	5.5	20.8	0.0	0.0	37.15	21	1.2758	2.0477	525	525.13	976.02	
2597647	59	457.1	545.8	467.3	546.2	388.5	1.94	4.59	0	917	3	1.12	5.5	20.8	0.0	0.0	37.12	21	1.2758	2.0477	520	524.43	977.66	
2598259	59	456.8	545.8	467.1	545.5	388.8	2.12	4.59	0	948	4	0.81	5.5	20.8	0.0	0.0	33.52	21	1.2758	2.0477	520	523.75	978.20	
2598804	59	456.4	545.5	467.1	545.2	388.5	2.12	4.59	0	953	4	1.12	5.5	20.8	0.0	0.0	31.12	21	1.2758	2.0477	520	523.05	976.72	
2599389	59	456.1	544.8	466.8	544.5	388.8	2.12	4.59	0	1,045	5	1.12	5.5	20.8	0.0	0.0	35.95	21	1.2758	2.0477	520	522.44	972.97	
2599920	59	455.8	544.2	466.6	544.8	388.5	2.12	4.59	0	1,250	6	1.62	5.5	20.8	0.0	0.0	35.13	21	1.2758	2.0477	520	521.73	977.34	
2600497	59	455.5	544.2	466.5	544.2	388.8	2.12	4.59	0	1,229	7	1.38	5.5	20.8	0.0	0.0	32.18	21	1.2758	2.0477	520	521.15	978.44	
2601045	59	455.1	543.5	465.8	543.5	388.5	1.75	4.59	0	1,149	7	0.81	5.5	20.8	0.0	0.0	22.80	21	1.2758	2.0477	520	520.35	971.72	
2601711	59	454.9	543.5	466.1	543.5	388.8	1.75	4.59	0	930	7	0.31	5.5	20.8	0.0	0.0	20.02	21	1.2758	2.0477	515	519.65	965.70	
2602273	59	454.6	543.5	466.1	543.5	388.8	1.94	4.59	0	853	6	0.31	5.5	20.8	0.0	0.0	23.95	21	1.2758	2.0477	515	519.04	963.59	
2602818	59	454.3	542.8	465.6	542.8	388.5	1.94	4.59	0	902	4	0.56	5.5	20.8	0.0	0.0	24.33	21	1.2758	2.0477	515	518.43	962.27	
2603387	59	454.1	542.5	465.5	542.5	388.5	1.94	4.59	0	892	3	0.56	5.5	20.8	0.0	0.0	34.01	21	1.2758	2.0477	515	517.94	963.83	
2603924	59	453.9	542.2	465.3	541.8	388.5	2.12	4.59	0	964	3	0.81	5.5	20.8	0.0	0.0	34.12	21	1.2758	2.0477	515	517.23	969.92	
2604463	59	453.7	541.8	465.0	541.5	388.5	1.94	4.59	0	841	1	1.12	5.5	20.8	0.0	0.0	33.96	21	1.2758	2.0477	515	516.74	971.56	
2604999	59	453.5	541.5	465.1	541.2	387.8	1.94	4.59	0	844	0	1.12	5.5	20.8	0.0	0.0	32.16	21	1.2758	2.0477	515	516.25	972.19	
2605553	59	453.3	540.8	464.6	540.8	388.2	1.94	4.59	0	860	0	0.81	5.5	20.8	0.0	0.0	30.59	21	1.2758	2.0477	515	515.64	972.19	
2606102	59	453.1	540.2	464.3	540.5	388.5	1.94	4.59	0	858	0	0.81	5.5	20.8	0.0	0.0	29.02	21	1.2758	2.0477	515	515.15	971.56	
2606683	59	452.9	539.5	464.2	539.8	388.2	1.94	4.59	0	861	0	0.81	5.5	20.8	0.0	0.0	28.69	21	1.2758	2.0477	510	514.54	970.62	
2607327	59	452.7	539.5	463.8	539.5	387.8	1.94	4.59	0	847	0	0.81	5.5	20.8	0.0	0.0	28.78	21	1.2758	2.0477	510	513.83	969.92	
2607869	59	452.5	539.2	463.5	538.5	388.2	1.94	4.59	0	896	0	0.56	5.5	20.8	0.0	0.0	43.80	21	1.2758	2.0477	510	513.34	965.23	
2608451	59	452.3	538.2	463.1	538.2	388.2	2.44	4.59	0	1,398	0	3.00	5.5	20.8	0.0	0.0	44.86	21	1.2758	2.0477	510	512.73	983.52	
2609010	60	452.1	537.8	463.0	537.8	387.8	2.44	4.59	0	1,365	2	3.25	5.5	20.8	0.0	0.0	48.30	21	1.2758	2.0477	510	512.03	1,003.20	
2609624	60	451.9	537.5	462.6	537.5	387.8	2.62	4.59	0	1,431	4	3.81	5.5	20.8	0.0	0.0	47.41	21	1.2758	2.0477	510	511.14	1,017.81	
2610307	59	451.7	537.2	462.5	537.2	387.5	2.44	4.59	0	1,437	5	3.50	5.5	20.8	0.0	0.0	45.77	21	1.2758	2.0477	510	510.34	1,020.94	
2610855	59	451.5	537.2	462.5	537.2	387.5	1.75	4.59	0	1,334	7	2.44	5.5	20.8	0.0	0.0	30.47	21	1.2758	2.0477	505	509.43	1,007.34	
2611441	59	451.4	536.8	462.3	536.5	387.8	2.25	4.59	0	1,282	7	1.62	5.5	20.8	0.0	0.0	37.24	21	1.2758	2.0477	505	508.63	992.03	
2611977	59	451.2	536.5	462.1	536.8	387.8	2.25	4.59	0	1,414	8	2.19	5.5	20.8	0.0	0.0	38.13	21	1.2758	2.0477	505	507.93	991.02	
2612557	59	451.2	536.5	462.1	536.5	387.8	3.00	4.59	0	1,458	8	3.25	5.5	20.8	0.0	0.0	27.52	21	1.2758	2.0477	505	507.13	987.27	
2613089	59	451.1	536.5	462.1	536.5	387.8	1.56	4.59	0	1,257	8	0.81	5.5	20.8	0.0	0.0	16.50	21	1.2758	2.0477	505	506.55	976.09	
2613708	59	451.1	536.2	462.1	536.5	387.8	2.12	4.59	0	954	7	0.56	5.5	20.8	0.0	0.0	38.11	21	1.2758	2.0477	505	505.84	970.00	
2614258	59	451.1	536.5	462.2	536.5	388.2	2.25	4.59	0	1,275	7	1.94	5.5	20.8	0.0	0.0	39.30	21	1.2758	2.0477	505	505.14	977.19	
2614835	59	451.1	535.8	462.2	536.2	388.5	2.12	4.59	0	1,347	8	2.19	5.5	20.8	0.0	0.0	33.94	21	1.2758	2.0477	500	504.44	984.53	
2615401	59	451.2	535.8	462.2	535.8	388.2	2.12	4.59	0	1,317	9	1.62	5.5	20.8	0.0	0.0	33.87	21	1.2758	2.0477	500	503.85	980.86	
2615928	59	451.2	535.8	462.0	535.8	388.2	2.25	4.59	0	1,455	11	2.19	5.5	20.8	0.0	0.0	38.60	21	1.2758	2.0477	500	503.15	983.05	
2616501	59	451.3	536.2	462.0	536.2	388.2	2.62	4.59	0	1,613	13	2.75	5.5	20.8	0.0	0.0	39.30	21	1.2758	2.0477	500	502.44	997.66	
2617062	59	451.5	535.8	462.1	535.8	388.2	3.12	4.59	0	1,844	15	3.25	5.5	20.8	0.0	0.0	40.62	21	1.2758	2.0477	500	501.65	1,020.47	
2617594	59	451.7	535.5	461.8	535.5	388.5	3.12	4.59	0	1,641	16	4.06	5.5	20.8	0.0	0.0	45.09	21	1.2758	2.0477	500	500.94	1,043.12	
2618233	59	452.0	535.5	462.0	535.5	388.5	2.62	4.59	0	1,579	18	3.81	5.5	20.8	0.0	0.0	41.41	21	1.2758	2.0477	500	500.03	1,039.84	
2618802	59	452.4	535.8	461.8	535.8	388.5	2.62	4.59	0	1,581	21	3.00	5.5	20.8	0.0	0.0	37.88	21	1.2758	2.0477	495	499.44	1,025.08	
2619467	59	452.7	535.8	462.1	535.5	388.5	2.62	4.59	0	1,703	22	2.44	5.5	20.8	0.0	0.0	34.62	21	1.2758	2.0477	495	498.53	1,015.16	
2620036	59	453.2	535.5	462.1	535.5	388.8	2.25	4.59	0	1,725	23	1.62	5.5	20.8	0.0	0.0	15.96	21	1.2758	2.0477	495	497.85	989.22	
2620563	58	453.7	535.5	462.3	535.5	388.8	1.56	4.59	0	1,740	22	1.12	5.5	20.8	0.0	0.0	12.09	21	1.2758	2.0477	495	497.43	976.41	
2621191	58	454.1	535.8	462.1	535.8	388.8	3.12	4.59	0	1,590	21	0.31	5.5	20.8	0.0	0.0	16.15	21	1.2758	2.0477	495	496.94	972.11	
2621731	58	454.5	535.5	462.3	535.8	388.5	-0.25	4.59	0	1,600	20	1.12	5.5	20.8	0.0	0.0	12.54	21	1.2758	2.0477	495	496.44	971.72	
2622296	59	454.9	535.8	462.3	535.5	389.2	1.44	4.59	0	1,526	20	1.12	5.5	20.8	0.0	0.0	15.47	21	1.2758	2.0477	495	496.05	972.03	
2622856	59	455.3	535.5	462.3	535.5	388.8	1.56	4.59	0	1,556	20	1.62	5.5	20.8	0.0	0.0	20.34	21	1.2758	2.0477	495	495.53	969.22	
2623406	59	455.7	535.2	462.1	535.2	389.5	1.94	4.59	0	1,561	20	1.62	5.5	20.8	0.0	0.0	25.34	21	1.2758	2.0477	495	495.13	973.12	
2624013	59	456.1	534.5	461.8	534.5	389.2	1.25	4.59	0	1,594	20	1.12	5.5	20.8	0.0	0.0	13.50	21	1.2758	2.0477	490	494.73	969.06	
2624562	59	456.5	534.5	461.6	534.5	389.2	0.88	4.59	0	1,550	20	1.12	5.5	20.8	0.0	0.0	12.14	21	1.2758	2.0477	490	494.33	967.27	
2625139	59	456.9	534.2	461.7	534.2	389.2	1.06	4.59	0	1,469	19	0.81	5.5	20.8	0.0	0.0	17.60	21	1.2758	2.0477	490	493.94	968.75	
2625689	59	457.4	533.8	461.6	533.8	389.2	0.88	4.59	0	1,389	17	0.81	5.5	20.8	0.0	0.0	18.23	21	1.2758	2.0477	490	493.75	970.16	
2626233	59	457.9	533.2	461.2	533.2	389.2	1.06	4.59	0	1,255	16	0.56	5.5	20.8	0.0	0.0	17.23	21	1.2758	2.0477	490	493.44	976.17	
2626785	59	458.5	532.5	460.8	532.8	389.2	1.44	4.59	0	1,113	14	0.81	5.5	20.8	0.0	0.0	12.49	21	1.2758	2.0477	490	493.23	974.45	
2627352	59	459.1	531.8	460.8	531.8	389.2	1.56	4.59	0	1,040	13	0.31	5.5	20.8	0.0	0.0	13.10	21	1.2758	2.0477	490	493.05	969.30	
2627876	59	459.5	531.2	460.3	531.2	389.2	1.56	4.59	0	1,003	12	0.31	5.5	20.8	0.0	0.0	13.08	21	1.2758	2.0477	490	492.83	966.88	
2628586	59	460.0	530.5	460.0	530.2	389.2	1.75	4.59	0	960	12	0.31	5.5	20.8	0.0	0.0	15.52	21	1.2758	2.0477	490	492.65	964.84	
2629167	59	460.5	530.2	459.5	529.8	388.8	1.75	4.59	0	921	12	0.31	5.5	20.8	0.0	0.0	16.05	21	1.2758	2.0477	490	492.44	963.52	
2629721	60	461.0	529.5	459.5	529.2	388.8	1.75	4.59	0	911	11	0.31	5.5	20.8	0.0	0.0	17.70	21	1.2758	2.0477	490	492.25	962.97	
2630256	60	461.3	528.8	459.0	528.5	389.2	1.75	4.59	0	899	11	0.31	5.5	20.8	0.0	0.0	19.59	21	1.2758	2.0477	490	492.13	962.58	
2630809	60	461.6	527.8	458.6	528.2	389.2	1.75	4.59	0	891	10	0.31	5.5	20.8	0.0	0.0	20.39	21	1.2758	2.0477	490	491.94	962.73	
2631335	60	461.9	527.2	458.3	527.2	389.2	1.75	4.59	0	852	10	0.31	5.5	20.8	0.0	0.0	24.96	21	1.2758	2.0477	490	491.85	961.56	
2631886	60	462.2	526.5	457.8	526.5	389.2	1.94	4.59	0	883	9	0.56	5.5	20.8	0.0	0.0	26.23	21	1.2758	2.0477	490	491.64	962.58	
2632468	60	462.5	525.8	457.5	525.8	389.2	1.94	4.59	0	974	9	0.81	5.5	20.8	0.0	0.0	23.16	21	1.2758	2.0477	490	491.55	964.38	
2633039	60	462.8	525.5	457.3	525.5	389.2	1.75	4.59	0	976	9	0.56	5.5	20.8	0.0	0.0	20.91	21	1.2758	2.0477	490	491.33	964.22	
2633599	60	463.0	524.8	457.0	524.8	388.8	1.75	4.59	0	956	8	0.56	5.5	20.8	0.0	0.0	21.52	21	1.2758	2.0477	490	491.24	964.06	
2634151	60	463.3	524.2	456.5	524.2	389.2	1.75	4.59	0	949	8	0.56	5.5	20.8	0.0	0.0	21.52	21	1.2758	2.0477	490	491.15	963.83	
2634721	60	463.5	523.5	456.5	523.8	388.8	1.75	4.59	0	936	8	0.56	5.5	20.8	0.0	0.0	21.66	21	1.2758	2.0477	490	490.94	963.59	
2635289	60	463.7	523.2	455.8	522.8	388.5	1.75	4.59	0	946	7	0.56	5.5	20.8	0.0	0.0	28.29	21	1.2758	2.0477	490	490.84	962.27	
2635812	60	463.9	522.8	455.6	522.5	388.5	2.12	4.59	0	1,131	8	0.81	5.5	20.8	0.0	0.0	30.26	21	1.2758	2.0477	490	490.75	964.14	
2636370	60	464.0	522.5	455.6	522.5	388.5	2.44	4.59	0	1,258	8	1.62	5.5	20.8	0.0	0.0	36.66	21	1.2758	2.0477	490	490.63	969.45	
2636903	60	464.2	522.2	455.2	521.8	388.5	2.12	4.59	0	1,353	10	1.62	5.5	20.8	0.0	0.0	31.03	21	1.2758	2.0477	490	490.54	977.81	
2637572	60	464.4	521.5	454.8	521.5	388.5	1.56	4.59	0	1,335	10	1.12	5.5	20.8	0.0	0.0	18.30	21	1.2758	2.0477	490	490.44	970.70	
2638080	60	464.5	521.2	454.7	521.2	388.2	1.56	4.59	0	1,122	10	0.56	5.5	20.8	0.0	0.0	17.41	21	1.2758	2.0477	490	490.35	966.17	
2638673	60	464.6	521.2	454.8	520.8	388.2	1.75	4.59	0	973	12	0.56	5.5	20.8	0.0	0.0	23.53	21	1.2758	2.0477	490	490.23	965.23	
2639261	60	464.7	521.2	454.7	520.8	388.2	1.75	4.59	0	1,039	14	0.56	5.5	20.8	0.0	0.0	16.62	21	1.2758	2.0477	490	490.14	964.22	
2639817	60	464.8	520.8	454.5	520.5	387.8	1.56	4.59	0	1,136	16	0.56	5.5	20.8	0.0	0.0	12.28	21	1.2758	2.0477	490	490.05	965.16	
2640395	60	464.9	520.8	454.3	520.8	387.8	1.56	4.59	0	1,250	17	0.56	5.5	20.8	0.0	0.0	12.26	21	1.2758	2.0477	490	489.93	964.92	
2640982	60	465.0	520.5	454.1	520.5	387.8	1.06	4.59	0	1,406	18	1.12	5.5	20.8	0.0	0.0	10.59	21	1.2758	2.0477	490	489.93	964.61	
2641579	60	465.1	520.2	454.1	520.2	387.8	0.88	4.59	0	1,474	19	1.12	5.5	20.8	0.0	0.0	18.05	21	1.2758	2.0477	485	489.83	970.94	
2642141	60	465.2	519.8	453.6	519.8	387.5	0.69	4.59	0	1,434	18	1.12	5.5	20.8	0.0	0.0	18.87	21	1.2758	2.0477	485	489.83	975.94	
2642684	60	465.4	519.5	453.5	519.5	387.5	0.69	4.59	0	1,402	18	1.12	5.5	20.8	0.0	0.0	18.70	21	1.2758	2.0477	485	489.83	978.20	
2643250	60	465.6	519.2	453.3	519.2	387.8	0.69	4.59	0	1,366	17	0.81	5.5	20.8	0.0	0.0	18.75	21	1.2758	2.0477	485	489.83	979.84	
2643823	60	465.9	518.5	453.0	518.5	387.8	0.88	4.59	0	1,325	17	0.81	5.5	20.8	0.0	0.0	18.56	21	1.2758	2.0477	485	489.83	980.08	
2644426	60	466.2	518.5	453.0	518.2	387.5	1.06	4.59	0	1,284	17	0.81	5.5	20.8	0.0	0.0	18.49	21	1.2758	2.0477	485	489.83	980.23	
2645017	60	466.5	517.5	452.6	517.8	386.8	1.25	4.59	0	1,216	15	0.56	5.5	20.8	0.0	0.0	19.08	21	1.2758	2.0477	485	489.83	979.06	
2645578	60	466.8	517.2	452.2	516.8	386.8	1.06	4.59	0	1,105	15	0.56	5.5	20.8	0.0	0.0	10.85	21	1.2758	2.0477	485	489.83	974.22	
2646278	60	467.0	517.2	452.0	516.8	387.2	1.56	4.59	0	1,157	15	0.56	5.5	20.8	0.0	0.0	12.82	21	1.2758	2.0477	485	489.83	969.84	
2646869	60	467.2	516.8	451.5	516.5	386.8	1.56	4.59	0	1,234	16	0.56	5.5	20.8	0.0	0.0	12.28	21	1.2758	2.0477	485	489.83	967.58	
2647405	61	467.4	515.8	451.5	515.8	386.8	1.56	4.59	0	1,206	15	0.56	5.5	20.8	0.0	0.0	12.89	21	1.2758	2.0477	485	489.83	966.80	
2647957	61	467.6	515.2	451.1	515.5	386.5	1.56	4.59	0	1,132	14	0.56	5.5	20.8	0.0	0.0	13.27	21	1.2758	2.0477	485	489.83	965.39	
2648572	61	467.7	514.8	451.0	514.5	386.5	1.75	4.59	0	1,025	14	0.31	5.5	20.8	0.0	0.0	12.63	21	1.2758	2.0477	485	489.83	964.30	
2649119	61	467.8	514.5	450.5	514.5	386.5	1.75	4.59	0	1,051	13	0.31	5.5	20.8	0.0	0.0	18.19	21	1.2758	2.0477	485	489.83	963.28	
2649669	61	467.9	514.5	450.1	514.2	386.5	1.75	4.59	0	1,020	13	0.56	5.5	20.8	0.0	0.0	28.27	21	1.2758	2.0477	485	489.83	962.03	
2650257	61	467.9	513.5	449.6	513.5	386.5	2.25	4.59	0	1,247	14	1.38	5.5	20.8	0.0	0.0	32.30	21	1.2758	2.0477	485	489.74	969.92	
2650824	61	467.9	513.2	449.6	512.8	385.8	1.75	4.59	0	1,266	14	1.12	5.5	20.8	0.0	0.0	17.67	21	1.2758	2.0477	485	489.74	968.36	
2651363	61	467.9	513.2	449.7	512.8	385.8	1.56	4.59	0	1,120	14	0.31	5.5	20.8	0.0	0.0	16.03	21	1.2758	2.0477	485	489.74	966.25	
2651936	60	467.9	512.5	449.1	512.8	385.8	1.56	4.59	0	998	12	0.31	5.5	20.8	0.0	0.0	15.14	21	1.2758	2.0477	485	489.74	963.67	
2652462	60	467.9	512.5	449.3	512.5	385.5	1.75	4.59	0	905	12	0.31	5.5	20.8	0.0	0.0	19.59	21	1.2758	2.0477	485	489.65	962.42	
2653018	61	467.8	512.2	448.8	512.5	385.5	1.75	4.59	0	895	11	0.31	5.5	20.8	0.0	0.0	21.33	21	1.2758	2.0477	485	489.65	963.67	
2653635	61	467.8	511.8	448.5	511.5	385.5	1.75	4.59	0	901	11	0.31	5.5	20.8	0.0	0.0	25.36	21	1.2758	2.0477	485	489.65	962.81	
2654207	61	467.7	511.5	448.6	511.5	385.5	1.94	4.59	0	1,064	11	0.56	5.5	20.8	0.0	0.0	23.77	21	1.2758	2.0477	485	489.53	964.45	
2654809	61	467.6	511.5	448.2	511.2	385.2	1.56	4.59	0	1,068	11	0.56	5.5	20.8	0.0	0.0	20.51	21	1.2758	2.0477	485	489.53	964.84	
2655494	61	467.5	511.2	448.0	510.8	385.5	1.75	4.59	0	1,087	11	0.56	5.5	20.8	0.0	0.0	20.84	21	1.2758	2.0477	485	489.53	965.62	
2656048	61	467.4	510.8	447.8	510.8	384.5	1.75	4.59	0	1,114	11	0.56	5.5	20.8	0.0	0.0	21.05	21	1.2758	2.0477	485	489.44	966.02	
2656573	61	467.3	510.5	447.6	510.5	384.8	1.75	4.59	0	1,109	11	0.81	5.5	20.8	0.0	0.0	19.01	21	1.2758	2.0477	485	489.44	967.03	
2657132	61	467.1	510.2	447.5	509.8	384.5	1.75	4.59	0	908	11	0.31	5.5	20.8	0.0	0.0	18.45	21	1.2758	2.0477	485	489.44	965.78	
2657670	61	467.0	509.8	447.3	510.2	384.5	1.75	4.59	0	874	11	0.31	5.5	20.8	0.0	0.0	17.81	21	1.2758	2.0477	485	489.44	964.45	
2658287	61	466.9	509.5	446.8	509.8	384.5	1.75	4.59	0	898	11	0.31	5.5	20.8	0.0	0.0	20.51	21	1.2758	2.0477	485	489.34	963.52	
2658851	61	466.8	509.2	446.8	509.2	384.2	1.75	4.59	0	906	11	0.56	5.5	20.8	0.0	0.0	21.84	21	1.2758	2.0477	485	489.34	963.59	
2659393	61	466.6	509.2	446.7	509.2	383.5	1.75	4.59	0	904	11	0.56	5.5	20.8	0.0	0.0	20.11	21	1.2758	2.0477	485	489.34	962.89	
2659934	61	466.5	509.2	446.7	509.2	383.8	1.94	4.59	0	962	11	0.56	5.5	20.8	0.0	0.0	26.34	21	1.2758	2.0477	485	489.34	964.22	
2660489	61	466.3	508.8	446.3	508.8	383.5	1.94	4.59	0	1,059	11	0.56	5.5	20.8	0.0	0.0	23.30	21	1.2758	2.0477	485	489.25	964.61	
2661053	61	466.2	508.8	446.1	508.5	383.5	1.75	4.59	0	1,128	12	0.81	5.5	20.8	0.0	0.0	27.84	21	1.2758	2.0477	485	489.25	965.08	
2661645	61	466.0	508.5	445.8	508.2	383.5	2.12	4.59	0	1,294	12	1.38	5.5	20.8	0.0	0.0	33.07	21	1.2758	2.0477	485	489.25	967.73	
2662193	61	465.7	508.2	445.6	508.2	382.8	2.25	4.59	0	1,405	13	1.94	5.5	20.8	0.0	0.0	36.07	21	1.2758	2.0477	485	489.13	975.23	
2662761	61	465.5	508.2	445.5	508.2	382.8	2.25	4.59	0	1,410	14	1.94	5.5	20.8	0.0	0.0	36.23	21	1.2758	2.0477	485	489.13	982.11	
2663385	61	465.1	508.2	445.1	508.2	382.8	2.12	4.59	0	1,385	16	1.62	5.5	20.8	0.0	0.0	30.66	21	1.2758	2.0477	485	489.04	987.34	
2663943	61	464.9	508.5	445.5	508.5	382.5	1.44	4.59	0	1,241	16	0.81	5.5	20.8	0.0	0.0	15.94	21	1.2758	2.0477	485	488.94	974.14	
2664603	60	464.6	508.2	445.5	508.5	382.5	1.44	4.59	0	1,267	16	0.56	5.5	20.8	0.0	0.0	12.63	21	1.2758	2.0477	485	488.94	968.52	
2665153	60	464.4	508.8	445.3	508.5	382.5	1.06	4.59	0	1,204	15	0.56	5.5	20.8	0.0	0.0	12.26	21	1.2758	2.0477	485	488.85	966.02	
2665739	60	464.1	509.2	445.7	508.8	382.2	1.06	4.59	0	1,159	14	0.81	5.5	20.8	0.0	0.0	11.91	21	1.2758	2.0477	485	488.85	965.16	
2666285	60	463.9	509.5	445.7	509.5	381.8	1.44	4.59	0	1,120	14	0.31	5.5	20.8	0.0	0.0	12.35	21	1.2758	2.0477	485	488.73	966.48	
2666834	60	463.8	509.2	445.7	509.5	382.2	1.56	4.59	0	1,051	13	0.31	5.5	20.8	0.0	0.0	12.56	21	1.2758	2.0477	485	488.73	965.16	
2667382	60	463.6	509.5	445.5	509.5	381.8	1.75	4.59	0	988	12	0.31	5.5	20.8	0.0	0.0	13.05	21	1.2758	2.0477	485	488.64	964.45	
2667982	60	463.4	509.2	445.1	509.2	381.8	1.56	4.59	0	943	12	0.31	5.5	20.8	0.0	0.0	14.37	21	1.2758	2.0477	485	488.55	963.52	
2668546	60	463.3	508.8	445.1	508.8	381.5	1.75	4.59	0	924	12	0.31	5.5	20.8	0.0	0.0	16.20	21	1.2758	2.0477	485	488.55	962.97	
2669121	60	463.1	509.2	445.1	508.8	381.5	1.75	4.59	0	913	11	0.31	5.5	20.8	0.0	0.0	18.28	21	1.2758	2.0477	485	488.43	962.66	
2669651	60	463.0	508.5	444.8	508.5	381.5	1.75	4.59	0	895	11	0.31	5.5	20.8	0.0	0.0	20.25	21	1.2758	2.0477	485	488.43	962.50	
2670178	61	462.8	508.5	444.6	508.2	380.8	1.75	4.59	0	901	11	0.56	5.5	20.8	0.0	0.0	21.05	21	1.2758	2.0477	485	488.43	962.27	
2670705	61	462.7	507.8	444.3	508.2	380.8	1.75	4.59	0	904	11	0.56	5.5	20.8	0.0	0.0	20.11	21	1.2758	2.0477	485	488.33	963.05	
2671261	61	462.5	507.8	444.1	507.8	380.5	1.75	4.59	0	896	11	0.31	5.5	20.8	0.0	0.0	19.80	21	1.2758	2.0477	485	488.33	962.73	
2671788	61	462.4	507.5	444.1	507.8	380.5	1.75	4.59	0	910	11	0.31	5.5	20.8	0.0	0.0	22.03	21	1.2758	2.0477	485	488.24	962.73	
2672344	61	462.2	507.5	444.0	507.5	380.5	1.75	4.59	0	946	11	0.56	5.5	20.8	0.0	0.0	21.00	21	1.2758	2.0477	485	488.24	963.52	
2672984	61	462.1	507.2	443.6	507.2	380.2	1.75	4.59	0	914	11	0.31	5.5	20.8	0.0	0.0	18.96	21	1.2758	2.0477	485	488.15	963.52	
2673505	61	461.9	506.8	443.5	506.8	379.8	1.75	4.59	0	901	11	0.31	5.5	20.8	0.0	0.0	19.80	21	1.2758	2.0477	485	488.15	963.05	
2674092	61	461.7	506.5	443.1	506.5	379.5	1.75	4.59	0	909	11	0.56	5.5	20.8	0.0	0.0	21.94	21	1.2758	2.0477	485	488.03	962.97	
2674640	61	461.6	506.5	442.8	506.5	379.5	1.75	4.59	0	950	11	0.56	5.5	20.8	0.0	0.0	20.41	21	1.2758	2.0477	485	488.03	963.59	
2675175	61	461.4	506.2	442.7	506.2	379.2	1.56	4.59	0	883	11	0.56	5.5	20.8	0.0	0.0	18.87	21	1.2758	2.0477	485	487.94	963.52	
2675722	61	461.2	505.8	442.5	505.8	379.2	1.75	4.59	0	876	11	0.31	5.5	20.8	0.0	0.0	21.16	21	1.2758	2.0477	485	487.94	962.81	
2676271	61	461.1	505.5	442.5	505.5	378.8	1.75	4.59	0	906	10	0.56	5.5	20.8	0.0	0.0	23.25	21	1.2758	2.0477	485	487.84	963.44	
2676808	61	460.9	505.8	442.1	505.5	378.5	1.75	4.59	0	947	9	0.56	5.5	20.8	0.0	0.0	22.73	21	1.2758	2.0477	485	487.84	963.83	
2677396	61	460.7	505.2	442.1	505.2	378.5	1.75	4.59	0	935	9	0.56	5.5	20.8	0.0	0.0	27.12	21	1.2758	2.0477	485	487.75	964.30	
2677963	61	460.5	505.2	441.7	505.2	378.5	1.75	4.59	0	959	9	0.56	5.5	20.8	0.0	0.0	26.65	21	1.2758	2.0477	485	487.63	965.00	
2678535	61	460.3	505.2	441.5	504.8	378.5	1.75	4.59	0	953	9	0.56	5.5	20.8	0.0	0.0	24.23	21	1.2758	2.0477	485	487.63	965.94	
2679092	61	460.1	504.5	441.5	504.5	378.2	1.75	4.59	0	953	9	0.56	5.5	20.8	0.0	0.0	22.99	21	1.2758	2.0477	485	487.54	965.39	
2679680	61	459.9	504.8	441.0	504.8	377.5	1.75	4.59	0	955	9	0.56	5.5	20.8	0.0	0.0	22.62	21	1.2758	2.0477	485	487.44	965.08	
2680241	61	459.7	504.8	441.0	504.5	377.5	1.75	4.59	0	947	9	0.56	5.5	20.8	0.0	0.0	22.41	21	1.2758	2.0477	485	487.44	964.92	
2680845	61	459.5	504.5	440.8	504.5	377.5	1.75	4.59	0	945	9	0.56	5.5	20.8	0.0	0.0	22.43	21	1.2758	2.0477	485	487.35	964.77	
2681395	61	459.3	504.2	440.6	504.5	377.2	1.75	4.59	0	947	9	0.56	5.5	20.8	0.0	0.0	22.41	21	1.2758	2.0477	485	487.23	964.69	
2682085	61	459.1	504.5	440.6	504.5	376.8	1.75	4.59	0	952	9	0.56	5.5	20.8	0.0	0.0	22.36	21	1.2758	2.0477	485	487.14	964.38	
2682643	61	458.9	504.5	440.3	504.5	376.5	1.75	4.59	0	958	10	0.31	5.5	20.8	0.0	0.0	22.08	21	1.2758	2.0477	485	487.14	964.22	
2683180	61	458.6	504.2	440.3	504.5	375.8	1.75	4.59	0	956	10	0.56	5.5	20.8	0.0	0.0	21.91	21	1.2758	2.0477	485	487.05	964.22	
2683713	61	458.4	504.2	440.2	504.2	375.8	1.75	4.59	0	952	10	0.56	5.5	20.8	0.0	0.0	22.24	21	1.2758	2.0477	485	486.93	964.22	
2684245	61	458.2	504.2	440.0	503.8	375.8	1.75	4.59	0	954	10	0.56	5.5	20.8	0.0	0.0	21.94	21	1.2758	2.0477	485	486.83	964.06	
2684794	61	458.0	503.8	439.8	504.2	375.2	1.75	4.59	0	954	10	0.31	5.5	20.8	0.0	0.0	22.41	21	1.2758	2.0477	485	486.83	964.38	
2685365	61	457.8	503.8	439.6	503.8	375.5	1.75	4.59	0	936	9	0.56	5.5	20.8	0.0	0.0	22.88	21	1.2758	2.0477	485	486.74	964.22	
2685888	61	457.6	504.2	439.7	503.8	375.5	1.94	4.59	0	940	9	0.31	5.5	20.8	0.0	0.0	23.70	21	1.2758	2.0477	485	486.65	964.38	
2686449	61	457.4	503.8	439.5	503.8	374.8	1.75	4.59	0	957	8	0.56	5.5	20.8	0.0	0.0	23.39	21	1.2758	2.0477	485	486.53	964.53	
2687070	61	457.2	504.2	439.5	504.2	374.8	1.75	4.59	0	962	7	0.56	5.5	20.8	0.0	0.0	23.88	21	1.2758	2.0477	485	486.44	964.22	
2687667	61	456.9	503.5	439.0	503.5	374.5	1.94	4.59	0	963	6	0.81	5.5	20.8	0.0	0.0	27.23	21	1.2758	2.0477	485	486.34	966.02	
2688201	61	456.7	503.8	439.3	503.8	374.5	1.75	4.59	0	956	7	0.56	5.5	20.8	0.0	0.0	23.04	21	1.2758	2.0477	485	486.25	966.72	
2688740	61	456.5	503.8	439.0	503.8	373.8	1.75	4.59	0	955	7	0.31	5.5	20.8	0.0	0.0	22.92	21	1.2758	2.0477	485	486.13	965.94	
2689273	61	456.2	503.8	439.0	503.5	374.2	1.75	4.59	0	953	7	0.56	5.5	20.8	0.0	0.0	22.71	21	1.2758	2.0477	485	486.04	965.08	
2689817	61	456.0	503.8	438.8	503.8	374.2	1.75	4.59	0	953	7	0.56	5.5	20.8	0.0	0.0	23.09	21	1.2758	2.0477	485	485.94	965.23	
2690327	61	455.8	504.2	438.5	504.2	373.5	1.75	4.59	0	962	7	0.56	5.5	20.8	0.0	0.0	22.85	21	1.2758	2.0477	485	485.85	965.00	
2690933	61	455.6	503.5	438.6	503.5	373.5	1.75	4.59	0	949	7	0.56	5.5	20.8	0.0	0.0	23.16	21	1.2758	2.0477	485	485.73	964.77	
2691458	61	455.4	503.8	438.7	503.8	373.5	1.75	4.59	0	926	6	0.56	5.5	20.8	0.0	0.0	24.23	21	1.2758	2.0477	485	485.64	964.53	
2691988	61	455.1	503.8	438.7	503.8	373.5	1.75	4.59	0	913	4	0.56	5.5	20.8	0.0	0.0	18.73	21	1.2758	2.0477	485	485.55	965.70	
2692488	61	454.9	503.8	438.5	503.8	373.2	1.56	4.59	0	830	2	0.31	5.5	20.8	0.0	0.0	19.03	21	1.2758	2.0477	485	485.43	963.98	
2693011	61	454.7	503.8	438.1	503.8	372.8	1.75	4.59	0	761	1	0.31	5.5	20.8	0.0	0.0	24.59	21	1.2758	2.0477	485	485.33	962.81	
2693533	61	454.6	503.8	438.1	503.8	372.5	1.94	4.59	0	862	0	0.56	5.5	20.8	0.0	0.0	29.11	21	1.2758	2.0477	485	485.24	962.11	
2694077	61	454.3	503.8	438.3	503.8	372.5	1.94	4.59	0	972	0	0.81	5.5	20.8	0.0	0.0	30.70	21	1.2758	2.0477	485	485.15	963.52	
2694622	61	454.1	503.5	438.1	503.8	372.2	2.12	4.59	0	979	1	0.81	5.5	20.8	0.0	0.0	34.20	21	1.2758	2.0477	485	485.03	967.66	
2695132	61	453.9	503.5	437.8	503.5	372.2	2.12	4.59	0	959	2	0.81	5.5	20.8	0.0	0.0	36.59	21	1.2758	2.0477	485	484.94	971.64	
2695606	61	453.7	503.5	438.0	503.8	372.2	2.12	4.59	0	969	3	1.12	5.5	20.8	0.0	0.0	34.83	21	1.2758	2.0477	480	484.84	974.92	
2696168	61	453.4	503.8	437.6	503.8	371.8	2.12	4.59	0	955	3	0.81	5.5	20.8	0.0	0.0	33.77	21	1.2758	2.0477	480	484.75	976.25	
2696758	61	453.1	503.5	437.6	503.8	371.5	1.94	4.59	0	929	4	0.81	5.5	20.8	0.0	0.0	30.73	21	1.2758	2.0477	480	484.54	976.25	
2697328	61	452.8	503.8	437.6	503.8	371.8	1.94	4.59	0	886	4	0.81	5.5	20.8	0.0	0.0	28.69	21	1.2758	2.0477	480	484.35	973.67	
2697914	61	452.5	503.8	437.5	503.8	370.8	1.94	4.59	0	963	4	0.56	5.5	20.8	0.0	0.0	26.41	21	1.2758	2.0477	480	484.23	971.56	
2698527	61	452.3	503.8	437.5	503.8	370.8	1.94	4.59	0	985	3	0.56	5.5	20.8	0.0	0.0	24.77	21	1.2758	2.0477	480	484.05	970.00	
2699178	61	452.0	504.2	437.5	504.2	370.5	1.75	4.59	0	970	3	0.56	5.5	20.8	0.0	0.0	24.91	21	1.2758	2.0477	480	483.93	968.44	
2699705	61	451.8	504.2	437.1	504.5	370.5	1.75	4.59	0	954	3	0.56	5.5	20.8	0.0	0.0	24.21	21	1.2758	2.0477	480	483.74	967.81	
2700228	61	451.5	504.2	437.5	504.5	370.5	1.75	4.59	0	946	2	0.31	5.5	20.8	0.0	0.0	24.47	21	1.2758	2.0477	480	483.65	966.80	
2700772	61	451.3	504.2	437.2	504.2	369.8	1.94	4.59	0	951	2	0.31	5.5	20.8	0.0	0.0	28.88	21	1.2758	2.0477	480	483.53	964.92	
2701352	61	451.1	504.5	437.3	504.5	369.8	2.12	4.59	0	960	3	0.81	5.5	20.8	0.0	0.0	32.55	21	1.2758	2.0477	480	483.34	969.06	
2701938	61	450.8	504.5	437.3	504.8	369.5	2.12	4.59	0	919	2	0.81	5.5	20.8	0.0	0.0	31.20	21	1.2758	2.0477	480	483.13	972.11	
2702457	61	450.6	504.8	437.1	504.5	369.5	1.94	4.59	0	920	2	0.81	5.5	20.8	0.0	0.0	32.37	21	1.2758	2.0477	480	483.04	971.95	
2702980	61	450.4	504.5	436.8	504.8	369.5	1.94	4.59	0	976	2	1.12	5.5	20.8	0.0	0.0	30.54	21	1.2758	2.0477	480	482.85	972.66	
2703481	61	450.2	505.2	437.1	504.8	369.2	2.12	4.59	0	965	1	0.81	5.5	20.8	0.0	0.0	29.13	21	1.2758	2.0477	480	482.73	973.20	
2703998	61	450.0	504.5	437.0	504.8	369.5	2.12	4.59	0	1,001	1	0.56	5.5	20.8	0.0	0.0	27.82	21	1.2758	2.0477	480	482.55	972.81	
2704532	61	449.7	504.8	436.8	505.2	369.2	1.94	4.59	0	917	0	0.56	5.5	20.8	0.0	0.0	25.55	21	1.2758	2.0477	480	482.33	971.17	
2705037	61	449.6	505.2	437.1	505.2	369.2	1.94	4.59	0	893	0	0.56	5.5	20.8	0.0	0.0	31.08	21	1.2758	2.0477	480	482.24	969.22	
2705540	61	449.4	505.5	436.8	505.5	368.8	1.75	4.59	0	1,013	1	0.81	5.5	20.8	0.0	0.0	29.93	21	1.2758	2.0477	480	482.03	969.92	
2706109	61	449.2	505.5	437.1	505.8	368.8	2.12	4.59	0	1,002	1	1.12	5.5	20.8	0.0	0.0	33.09	21	1.2758	2.0477	480	481.94	971.88	
2706683	61	448.9	505.8	437.0	505.8	368.2	2.12	4.59	0	953	1	0.81	5.5	20.8	0.0	0.0	31.80	21	1.2758	2.0477	480	481.75	974.69	
2707261	61	448.7	505.8	437.1	505.8	368.5	2.12	4.59	0	967	0	1.12	5.5	20.8	0.0	0.0	32.23	21	1.2758	2.0477	480	481.54	974.45	
2707920	61	448.5	506.2	437.3	506.2	368.2	1.94	4.59	0	945	0	0.81	5.5	20.8	0.0	0.0	31.69	21	1.2758	2.0477	480	481.35	973.98	
2708492	61	448.3	506.5	437.2	506.8	368.2	1.94	4.59	0	999	0	0.81	5.5	20.8	0.0	0.0	29.58	21	1.2758	2.0477	480	481.14	973.59	
2709049	61	448.1	506.8	437.3	506.8	368.5	1.94	4.59	0	971	0	0.56	5.5	20.8	0.0	0.0	29.16	21	1.2758	2.0477	480	480.93	973.20	
2709633	61	447.9	506.5	437.6	506.8	367.8	1.94	4.59	0	972	0	0.56	5.5	20.8	0.0	0.0	24.33	21	1.2758	2.0477	480	480.74	971.56	
2710242	61	447.7	507.2	437.7	507.2	367.8	1.75	4.59	0	969	0	0.56	5.5	20.8	0.0	0.0	31.73	21	1.2758	2.0477	480	480.53	969.61	
2710770	61	447.6	507.5	437.5	507.5	367.8	2.12	4.59	0	940	1	0.81	5.5	20.8	0.0	0.0	31.01	21	1.2758	2.0477	480	480.34	973.05	
2711324	61	447.4	507.8	437.6	507.8	367.5	1.94	4.59	0	970	0	0.56	5.5	20.8	0.0	0.0	23.58	21	1.2758	2.0477	480	480.25	973.20	
2711906	61	447.3	507.8	437.5	507.8	367.8	1.75	4.59	0	922	0	0.56	5.5	20.8	0.0	0.0	25.45	21	1.2758	2.0477	480	480.04	968.52	
2712508	61	447.1	508.5	437.8	508.2	367.8	1.75	4.59	0	732	0	0.81	5.5	20.8	0.0	0.0	33.33	21	1.2758	2.0477	475	479.85	968.44	
2713107	61	447.0	508.5	437.8	508.8	367.5	1.75	4.59	0	827	0	0.81	5.5	20.8	0.0	0.0	30.82	21	1.2758	2.0477	475	479.64	969.69	
2713660	61	446.9	508.5	438.0	508.8	367.5	1.75	4.59	0	836	0	0.81	5.5	20.8	0.0	0.0	29.62	21	1.2758	2.0477	475	479.43	969.69	
2714218	61	446.7	508.5	438.1	508.8	367.2	1.75	4.59	0	872	0	0.81	5.5	20.8	0.0	0.0	35.60	21	1.2758	2.0477	475	479.33	967.58	
2714752	61	446.6	509.2	438.3	508.8	367.5	1.94	4.59	0	931	0	1.12	5.5	20.8	0.0	0.0	36.77	21	1.2758	2.0477	475	479.15	970.70	
2715327	61	446.5	509.5	438.0	509.2	367.2	1.94	4.59	0	881	0	1.12	5.5	20.8	0.0	0.0	33.66	21	1.2758	2.0477	475	478.94	973.83	
2715949	61	446.4	509.2	438.2	509.5	367.2	2.12	4.59	0	955	0	1.12	5.5	20.8	0.0	0.0	32.23	21	1.2758	2.0477	475	478.75	975.08	
2716552	61	446.3	509.5	438.2	509.5	367.2	1.94	4.59	0	941	0	0.81	5.5	20.8	0.0	0.0	25.08	21	1.2758	2.0477	475	478.54	975.94	
2717232	61	446.2	509.2	438.1	509.2	366.8	1.75	4.59	0	925	0	0.56	5.5	20.8	0.0	0.0	17.44	21	1.2758	2.0477	475	478.35	970.86	
2717766	61	446.1	509.5	438.1	509.8	366.8	1.75	4.59	0	785	0	0.31	5.5	20.8	0.0	0.0	20.06	21	1.2758	2.0477	475	478.23	967.66	
2718301	61	446.0	509.8	438.5	509.8	366.8	1.75	4.59	0	768	0	0.31	5.5	20.8	0.0	0.0	21.56	21	1.2758	2.0477	475	478.14	965.31	
2718846	61	445.9	510.2	438.1	510.2	366.8	1.75	4.59	0	788	0	0.31	5.5	20.8	0.0	0.0	22.76	21	1.2758	2.0477	475	477.93	964.77	
2719368	61	445.8	510.2	438.5	510.2	366.5	1.75	4.59	0	792	0	0.31	5.5	20.8	0.0	0.0	22.73	21	1.2758	2.0477	475	477.83	964.38	
2719904	61	445.8	510.2	438.3	510.2	366.5	1.75	4.59	0	780	0	0.31	5.5	20.8	0.0	0.0	23.09	21	1.2758	2.0477	475	477.65	963.98	
2720457	61	445.7	510.5	438.5	510.5	366.8	1.75	4.59	0	777	0	0.56	5.5	20.8	0.0	0.0	24.05	21	1.2758	2.0477	475	477.53	963.67	
2721036	61	445.7	509.8	438.5	510.2	366.5	1.25	4.59	0	711	0	0.31	5.5	20.8	0.0	0.0	8.51	21	1.2758	2.0477	475	477.44	963.44	
2721490	61	445.6	509.8	438.5	510.2	366.5	1.44	4.59	0	422	0	-0.19	5.5	20.8	0.0	0.0	7.71	21	1.2758	2.0477	475	477.34	962.66	
2722047	61	445.6	510.2	438.5	510.5	366.2	1.44	4.59	0	0	0	0.00	5.5	20.8	0.0	0.0	62.93	21	1.2758	2.0477	475	477.25	961.88	
2722634	61	445.5	509.8	438.5	510.2	366.2	1.56	4.59	0	0	0	0.31	5.5	20.8	0.0	0.0	64.20	21	1.2758	2.0477	475	477.13	961.64	
2723227	62	445.5	509.5	438.5	509.2	366.2	1.56	4.59	0	0	0	0.31	5.5	20.8	0.0	0.0	64.22	21	1.2758	2.0477	475	477.04	961.09	
2723763	62	445.4	509.2	438.5	509.2	366.2	1.75	4.59	0	0	0	0.31	5.5	20.8	0.0	0.0	64.20	21	1.2758	2.0477	475	476.94	961.25	
2724329	62	445.4	508.8	438.5	508.5	366.2	1.56	4.59	0	0	0	0.00	5.5	20.8	0.0	0.0	64.20	21	1.2758	2.0477	475	476.85	961.02	
2724869	62	445.4	507.5	438.5	507.5	365.8	1.75	4.59	0	0	0	0.00	5.5	20.8	0.0	0.0	64.22	21	1.2758	2.0477	475	476.85	961.17	
2725647	62	445.4	507.2	438.5	506.8	366.2	1.56	4.59	0	0	0	0.31	5.5	20.8	0.0	0.0	64.22	21	1.2758	2.0477	475	476.73	960.94	
2726235	62	445.3	505.8	438.5	505.8	366.2	1.56	4.59	0	0	0	0.31	5.5	20.8	0.0	0.0	64.22	21	1.2758	2.0477	475	476.64	960.70	
2726791	62	445.3	504.5	438.5	504.5	366.2	1.75	4.59	0	0	0	0.31	5.5	20.8	0.0	0.0	64.17	21	1.2758	2.0477	475	476.55	960.47	
