#2026-07-28 20:00:39 LSVZM60T8N2105404
#Time	01/进气温度/---	01/废气温度1，气缸列1/---	01/微粒过滤器之前的废气温度/---	01/颗粒过滤器中的废气温度，计算所得/---	01/气缸列1颗粒过滤器入口，温度传感器1，原始值/---	01/气缸列1颗粒过滤器出口，温度传感器1，原始值/---	01/颗粒过滤器，颗粒过滤器上游的相对压力/---	01/颗粒过滤器，油灰质量（克）/---	01/颗粒过滤器，负荷级/---	01/发动机转速/---	01/车速/---	01/微粒过滤器，压差/---	01/颗粒过滤器，测得的机油灰分负荷/---	01/颗粒过滤器，测得的积碳负荷/---	01/颗粒过滤器，计算出的积碳负荷/---	01/颗粒过滤器，水分负荷/---	01/相对负荷值/---	01/微粒过滤器，计算的碳微粒质量/---	01/颗粒过滤器，积灰量比例/---	01/颗粒过滤器，炭灰量比例/---	01/催化转化器温度，模型/---	01/催化转换器后的气缸列 1 氧传感器，计算所得废气温度/---	01/增压压力，实际值/---	
#Time	01----	01----	01----	01----	01----	01----	01----	01----	01----	01----	01----	01----	01----	01----	01----	01----	01----	01----	01----	01----	01----	01----	01----	
#ms	℃	℃	℃	℃	℃	℃	hPa	g	-	rpm	km/h	hPa	%	%	%	%	%	mg	-	-	℃	℃	hPa	
431	38	30.8	31.8	31.3	31.8	30.8	1.56	4.59	0	0	0	0.31	5.5	20.8	0.0	0.0	83.16	21	1.2758	2.0477	30	30.83	957.73	
930	38	30.8	31.8	31.0	31.8	30.5	1.56	4.59	0	0	0	0.31	5.5	20.8	0.0	0.0	83.13	21	1.2758	2.0477	30	30.83	957.89	
1507	38	30.8	31.5	31.8	31.8	31.2	1.75	4.59	0	0	0	0.31	5.5	20.8	0.0	0.0	83.16	21	1.2758	2.0477	30	30.83	957.34	
2105	38	30.8	31.5	31.3	31.8	31.2	1.56	4.59	0	0	0	0.31	5.5	20.8	0.0	0.0	83.13	21	1.2758	2.0477	30	30.83	957.11	
2702	38	30.8	31.8	31.5	32.2	31.2	1.56	4.59	0	0	0	0.31	5.5	20.8	0.0	0.0	83.11	21	1.2758	2.0477	30	30.83	957.42	
3306	38	30.8	31.8	31.5	31.8	30.8	1.75	4.59	0	0	0	0.31	5.5	20.8	0.0	0.0	83.13	21	1.2758	2.0477	30	30.83	957.27	
3898	38	30.8	32.2	31.6	31.8	30.8	1.56	4.59	0	0	0	0.31	5.5	20.8	0.0	0.0	83.13	21	1.2758	2.0477	30	30.83	957.11	
4473	38	30.8	32.2	31.3	32.2	30.8	1.75	4.59	0	0	0	0.31	5.5	20.8	0.0	0.0	83.18	21	1.2758	2.0477	30	30.83	957.19	
5038	38	30.8	31.8	31.5	31.8	31.2	1.75	4.59	0	0	0	0.31	5.5	20.8	0.0	0.0	83.13	21	1.2758	2.0477	30	30.83	957.19	
5622	38	30.8	32.2	31.3	32.2	31.2	1.56	4.59	0	0	0	0.31	5.5	20.8	0.0	0.0	83.16	21	1.2758	2.0477	30	30.83	957.03	
6215	38	30.8	31.8	31.5	31.8	30.8	1.56	4.59	0	0	0	0.31	5.5	20.8	0.0	0.0	83.13	21	1.2758	2.0477	30	30.83	957.11	
6835	38	30.8	31.8	31.5	32.2	30.8	1.56	4.59	0	0	0	0.31	5.5	20.8	0.0	0.0	83.13	21	1.2758	2.0477	30	30.83	957.11	
7430	38	30.8	31.8	31.3	31.8	31.2	1.56	4.59	0	0	0	0.31	5.5	20.8	0.0	0.0	83.16	21	1.2758	2.0477	30	30.83	957.03	
8002	38	30.8	31.8	31.5	31.5	31.2	1.56	4.59	0	0	0	0.31	5.5	20.8	0.0	0.0	82.43	21	1.2758	2.0477	30	30.83	956.72	
8564	38	30.8	31.5	31.1	31.5	30.8	1.25	4.59	0	212	0	0.56	5.5	20.8	0.0	0.0	71.51	21	1.2758	2.0477	30	30.83	954.61	
9110	38	30.8	31.8	31.3	31.8	31.2	1.75	4.59	0	1,387	0	3.25	5.5	20.8	0.0	0.0	21.91	21	1.2758	2.0477	30	30.83	972.27	
9664	37	30.8	32.2	31.3	32.5	30.8	1.56	4.59	0	1,349	0	0.81	5.5	20.8	0.0	0.0	22.76	21	1.2758	2.0477	30	30.83	966.56	
10330	37	30.8	31.8	31.7	31.8	31.5	1.75	4.59	0	1,344	0	1.12	5.5	20.8	0.0	0.0	24.14	21	1.2758	2.0477	30	30.83	962.58	
10912	37	30.8	32.2	31.5	31.8	31.2	1.56	4.59	0	1,302	0	1.62	5.5	20.8	0.0	0.0	27.00	21	1.2758	2.0477	30	30.83	961.95	
11488	37	30.8	31.8	31.5	31.8	31.2	1.75	4.59	0	1,298	0	1.62	5.5	20.8	0.0	0.0	28.17	21	1.2758	2.0477	30	30.83	962.58	
12087	37	30.8	31.8	31.3	31.8	31.2	1.56	4.59	0	1,264	0	1.94	5.5	20.8	0.0	0.4	31.38	21	1.2758	2.0477	30	30.83	965.23	
12679	37	30.8	31.8	31.3	31.8	31.2	1.56	4.59	0	1,264	0	2.19	5.5	20.8	0.0	0.4	34.71	21	1.2758	2.0477	30	30.83	968.98	
13210	37	30.8	32.2	31.5	31.8	31.2	1.75	4.59	0	1,299	0	2.44	5.5	20.8	0.0	0.4	34.41	22	1.2758	2.0477	30	30.83	976.33	
13761	37	30.8	32.2	31.5	32.2	30.8	1.75	4.59	0	1,298	0	2.19	5.5	20.8	0.0	0.4	33.42	22	1.2758	2.0477	30	30.83	977.66	
14295	37	30.8	32.2	31.7	32.5	30.8	1.75	4.59	0	1,260	0	2.44	5.5	20.8	0.0	0.4	32.58	22	1.2758	2.0477	30	30.83	976.88	
14832	37	30.8	31.8	31.3	31.8	30.8	1.75	4.59	0	1,253	0	2.44	5.5	20.8	0.0	0.4	32.84	22	1.2758	2.0477	30	30.83	976.33	
15385	37	30.8	31.8	31.5	31.8	30.8	1.56	4.59	0	1,229	0	2.44	5.5	20.8	0.0	0.4	32.44	22	1.2758	2.0477	30	30.83	976.25	
15980	37	30.8	32.2	31.5	32.5	31.2	1.56	4.59	0	1,219	0	2.19	5.5	20.8	0.0	0.4	32.06	22	1.2758	2.0477	30	30.83	975.78	
16538	37	30.9	32.2	31.5	32.2	30.8	1.56	4.59	0	1,204	0	2.44	5.5	20.8	0.0	0.4	32.18	22	1.2758	2.0477	30	30.83	975.23	
17124	37	30.9	32.2	31.8	32.5	31.2	1.75	4.59	0	1,187	0	2.19	5.5	20.8	0.0	0.4	34.05	22	1.2758	2.0477	30	30.83	969.14	
17679	37	31.0	32.8	32.0	32.5	31.2	2.12	4.59	0	1,409	0	1.94	5.5	20.8	0.0	0.4	34.62	22	1.2758	2.0477	30	30.83	988.67	
18261	37	31.1	32.2	31.7	32.5	31.2	1.94	4.59	0	1,335	0	2.19	5.5	20.8	0.0	0.8	35.16	22	1.2758	2.0477	30	30.83	990.47	
18790	37	31.2	32.5	31.6	32.5	30.8	1.94	4.59	0	1,289	0	2.75	5.5	20.8	0.0	0.8	35.74	22	1.2758	2.0477	30	30.83	987.58	
19471	37	31.3	32.5	31.6	32.5	31.2	1.56	4.59	0	1,229	0	3.25	5.5	20.8	0.0	0.8	37.57	22	1.2758	2.0477	30	30.83	993.83	
19995	37	31.5	32.8	32.0	32.8	31.2	1.44	4.59	0	1,212	0	2.75	5.5	20.8	0.0	0.8	34.24	22	1.2758	2.0477	30	30.83	991.72	
20555	37	31.7	33.2	32.5	33.5	31.2	1.56	4.59	0	1,166	0	1.94	5.5	20.8	0.0	0.8	33.14	22	1.2758	2.0477	30	30.83	984.30	
21097	37	32.0	33.8	32.6	33.8	30.8	1.56	4.59	0	1,093	0	1.38	5.5	20.8	0.0	0.8	35.70	22	1.2758	2.0477	30	30.83	978.83	
21622	37	32.3	34.8	32.8	34.8	31.2	1.44	4.59	0	1,086	0	1.62	5.5	20.8	0.0	0.8	45.21	23	1.2758	2.0477	30	30.93	984.92	
22142	37	32.7	35.5	33.3	35.8	31.5	1.75	4.59	0	1,013	1	1.38	5.5	20.8	0.0	0.8	53.06	23	1.2758	2.0477	30	30.93	996.41	
22679	37	33.2	35.8	33.5	36.2	31.2	1.75	4.59	0	1,048	2	1.62	5.5	20.8	0.0	0.8	59.02	23	1.2758	2.0477	30	30.93	1,019.69	
23318	37	33.8	36.5	33.8	36.5	30.8	1.56	4.59	0	1,025	3	2.75	5.5	20.8	0.0	0.8	56.18	23	1.2758	2.0477	30	31.05	1,050.62	
23930	37	34.9	37.8	34.5	37.8	31.5	1.56	4.59	0	988	4	1.38	5.5	20.8	0.0	1.2	49.12	23	1.2758	2.0477	30	31.14	1,040.47	
24476	37	35.8	38.5	34.8	38.2	31.5	1.75	4.59	0	983	5	1.12	5.5	20.8	0.0	1.2	47.32	23	1.2758	2.0477	30	31.23	1,027.73	
25019	37	36.7	39.5	35.2	39.5	31.2	1.56	4.59	0	1,024	4	1.38	5.5	20.8	0.0	1.2	46.38	23	1.2758	2.0477	30	31.35	1,020.86	
25535	37	37.8	40.2	35.6	39.8	31.5	1.44	4.59	0	1,050	4	1.62	5.5	20.8	0.0	1.2	44.02	23	1.2758	2.0477	30	31.44	1,016.48	
26098	37	39.1	40.8	36.0	40.8	31.5	1.56	4.59	0	1,057	4	1.38	5.5	20.8	0.0	1.2	42.23	23	1.2758	2.0477	30	31.54	1,006.41	
26679	36	40.5	41.5	36.1	41.5	31.2	1.56	4.59	0	1,054	4	1.38	5.5	20.8	0.0	1.2	42.89	23	1.2758	2.0477	30	31.75	1,000.94	
27223	36	41.9	42.2	37.0	42.5	31.2	1.56	4.59	0	1,029	4	1.38	5.5	20.8	0.0	1.2	43.41	23	1.2758	2.0477	30	31.84	1,000.00	
27896	36	43.6	43.2	37.2	43.5	31.5	1.56	4.59	0	999	4	1.62	5.5	20.8	0.0	1.2	43.71	23	1.2758	2.0477	30	32.15	998.05	
28507	36	45.2	43.8	37.6	44.2	31.5	1.75	4.59	0	986	5	0.81	5.5	20.8	0.0	1.2	42.07	23	1.2758	2.0477	30	32.33	995.86	
29090	36	47.6	45.2	38.1	44.8	31.2	2.12	4.59	0	1,068	5	1.12	5.5	20.8	0.0	1.2	52.43	23	1.2758	2.0477	30	32.64	1,004.92	
29656	36	49.6	45.8	38.6	45.8	31.8	1.56	4.59	0	1,196	6	3.81	5.5	20.8	0.0	1.6	46.08	23	1.2758	2.0477	30	32.94	1,013.75	
30245	36	51.8	46.5	38.8	46.8	31.5	1.56	4.59	0	1,139	7	3.25	5.5	20.8	0.0	1.6	49.03	23	1.2758	2.0477	30	33.25	1,022.27	
30843	37	54.6	47.2	39.1	47.2	31.5	1.56	4.59	0	1,161	8	4.62	5.5	20.8	0.0	1.6	65.44	23	1.2758	2.0477	30	33.74	1,031.09	
31456	37	57.6	47.8	40.0	48.2	31.5	2.12	4.59	0	1,452	9	4.31	5.5	20.8	0.0	1.6	58.01	23	1.2758	2.0477	30	34.35	1,015.94	
32034	37	61.2	48.2	40.1	48.5	31.8	1.94	4.59	0	1,353	11	4.88	5.5	20.8	0.0	1.6	53.81	23	1.2758	2.0477	35	34.94	995.86	
32601	36	65.2	48.8	40.1	49.2	31.5	1.94	4.59	0	1,410	12	4.31	5.5	20.8	0.0	1.6	57.16	23	1.2758	2.0477	35	35.73	993.67	
33153	36	69.2	49.5	40.8	49.8	31.8	1.94	4.59	0	1,376	13	5.12	5.5	20.8	0.0	2.0	58.83	23	1.2758	2.0477	35	36.53	997.34	
33723	36	73.6	50.2	40.6	50.5	31.8	1.75	4.59	0	1,293	14	6.25	5.5	20.8	0.0	2.0	56.88	23	1.2758	2.0477	35	37.54	997.89	
34282	36	78.0	50.8	41.3	50.8	32.2	1.56	4.59	0	1,282	15	4.06	5.5	20.8	0.0	2.0	37.80	23	1.2758	2.0477	35	38.55	998.36	
34842	36	82.0	51.5	41.7	51.2	31.5	1.56	4.59	0	1,149	15	1.38	5.5	20.8	0.0	2.0	29.04	23	1.2758	2.0477	35	39.34	976.02	
35394	36	86.0	52.2	41.8	52.2	31.8	1.44	4.59	0	1,080	14	1.12	5.5	20.8	0.0	2.0	28.27	23	1.2758	2.0477	40	40.35	967.34	
36026	36	89.5	52.8	42.3	52.8	32.2	1.56	4.59	0	1,055	14	0.81	5.5	20.8	0.0	2.0	29.41	23	1.2758	2.0477	40	41.24	964.38	
36595	36	93.5	53.2	42.7	53.5	32.2	1.56	4.59	0	1,044	13	0.81	5.5	20.8	0.0	2.0	29.65	23	1.2758	2.0477	40	42.25	967.73	
37257	36	96.8	53.5	42.8	53.8	32.5	1.56	4.59	0	1,029	13	0.81	5.5	20.8	0.0	2.0	31.31	23	1.2758	2.0477	40	43.14	968.36	
37833	36	100.0	54.2	43.5	54.5	32.5	1.56	4.59	0	1,010	13	0.81	5.5	20.8	0.0	2.0	33.70	23	1.2758	2.0477	40	44.15	970.08	
38437	36	103.9	54.5	43.5	54.5	32.2	1.75	4.59	0	989	12	0.81	5.5	20.8	0.0	2.0	35.09	23	1.2758	2.0477	45	45.25	971.95	
39013	36	107.3	54.8	43.8	55.2	32.5	1.75	4.59	0	943	12	0.31	5.5	20.8	0.0	2.0	35.58	23	1.2758	2.0477	45	46.23	972.42	
39582	36	110.3	55.5	44.0	55.8	32.8	1.75	4.59	0	968	12	0.81	5.5	20.8	0.0	2.4	36.40	23	1.2758	2.0477	45	47.33	972.89	
40165	36	113.6	55.8	44.3	55.8	32.8	1.94	4.59	0	946	12	0.31	5.5	20.8	0.0	2.4	36.91	23	1.2758	2.0477	45	48.25	973.91	
40790	36	116.6	56.5	44.6	56.5	32.8	1.94	4.59	0	943	12	0.56	5.5	20.8	0.0	2.4	37.78	23	1.2758	2.0477	45	49.54	974.45	
41410	36	120.1	56.8	44.8	56.8	32.8	1.94	4.59	0	942	12	0.56	5.5	20.8	0.0	2.4	38.20	23	1.2758	2.0477	50	50.64	975.47	
41979	36	123.2	57.5	45.0	57.5	32.8	1.94	4.59	0	966	12	0.81	5.5	20.8	0.0	2.4	38.27	24	1.2758	2.0477	50	51.83	976.95	
42539	37	126.1	57.8	45.3	58.2	33.2	1.94	4.59	0	960	12	0.56	5.5	20.8	0.0	2.4	38.25	24	1.2758	2.0477	50	52.84	977.81	
43082	37	129.3	57.8	45.5	58.2	33.2	1.75	4.59	0	969	12	0.81	5.5	20.8	0.0	2.4	38.11	24	1.2758	2.0477	50	53.94	978.28	
43625	37	131.9	58.2	45.5	58.2	32.8	1.75	4.59	0	965	12	0.81	5.5	20.8	0.0	2.4	37.55	24	1.2758	2.0477	55	55.14	977.66	
44146	37	134.7	58.8	45.7	58.5	33.2	1.75	4.59	0	968	12	0.56	5.5	20.8	0.0	2.4	37.71	24	1.2758	2.0477	55	56.24	977.66	
44716	37	137.6	58.8	46.0	58.5	33.2	1.94	4.59	0	964	12	0.56	5.5	20.8	0.0	2.4	37.08	24	1.2758	2.0477	55	57.53	977.11	
45289	37	140.3	59.2	46.3	58.8	33.5	1.75	4.59	0	953	12	0.81	5.5	20.8	0.0	2.4	37.78	24	1.2758	2.0477	55	58.63	977.19	
45864	37	143.6	59.5	46.3	59.5	33.5	1.75	4.59	0	971	12	0.56	5.5	20.8	0.0	2.4	37.80	24	1.2758	2.0477	60	60.04	977.50	
46551	37	146.4	60.2	46.3	60.2	33.5	1.75	4.59	0	963	12	0.81	5.5	20.8	0.0	2.4	37.80	24	1.2758	2.0477	60	61.63	977.81	
47125	37	149.1	60.5	46.8	60.2	33.8	1.94	4.59	0	962	12	0.56	5.5	20.8	0.0	2.7	37.71	24	1.2758	2.0477	60	63.04	978.20	
47678	37	152.3	60.5	47.0	60.2	33.5	1.94	4.59	0	986	12	1.12	5.5	20.8	0.0	2.7	36.16	24	1.2758	2.0477	60	64.23	978.28	
48210	37	155.0	60.5	47.1	60.5	33.8	1.75	4.59	0	971	12	0.56	5.5	20.8	0.0	2.7	34.85	24	1.2758	2.0477	65	65.73	976.25	
48735	37	157.6	60.8	47.3	60.8	33.5	1.94	4.59	0	953	12	0.56	5.5	20.8	0.0	2.7	34.50	24	1.2758	2.0477	65	66.93	974.06	
49315	37	160.2	61.2	48.0	61.2	34.2	1.94	4.59	0	961	12	0.56	5.5	20.8	0.0	2.7	35.11	24	1.2758	2.0477	65	68.43	972.81	
49861	37	162.8	61.5	47.5	61.2	34.2	1.94	4.59	0	958	12	0.56	5.5	20.8	0.0	2.7	35.41	24	1.2758	2.0477	65	69.65	973.05	
50391	37	165.3	61.8	48.1	61.5	34.2	1.75	4.59	0	971	12	0.81	5.5	20.8	0.0	2.7	35.53	24	1.2758	2.0477	70	71.15	972.89	
50948	37	167.8	61.8	48.0	61.8	34.2	1.94	4.59	0	958	12	0.56	5.5	20.8	0.0	2.7	35.86	24	1.2758	2.0477	70	72.34	972.97	
51539	37	170.5	62.2	48.3	62.2	34.5	1.75	4.59	0	961	12	0.56	5.5	20.8	0.0	2.7	36.30	24	1.2758	2.0477	70	73.94	973.75	
52081	37	172.7	62.2	48.5	62.5	34.8	1.94	4.59	0	934	11	0.31	5.5	20.8	0.0	2.7	37.38	24	1.2758	2.0477	75	75.44	973.83	
52641	37	175.4	62.2	48.3	62.2	34.2	1.94	4.59	0	953	9	0.56	5.5	20.8	0.0	2.7	38.70	24	1.2758	2.0477	75	76.75	975.55	
53208	37	177.8	62.8	49.0	63.2	34.8	1.94	4.59	0	964	8	0.81	5.5	20.8	0.0	2.7	40.27	24	1.2758	2.0477	75	78.44	978.67	
53751	37	180.3	62.8	49.0	63.2	34.8	1.94	4.59	0	1,001	7	0.81	5.5	20.8	0.0	2.7	44.02	24	1.2758	2.0477	75	79.84	984.69	
54341	37	182.8	63.2	48.6	62.8	35.2	1.56	4.59	0	979	7	0.81	5.5	20.8	0.0	3.1	40.59	24	1.2758	2.0477	80	81.53	989.53	
54988	37	185.6	63.5	49.0	63.5	35.2	1.75	4.59	0	988	7	0.56	5.5	20.8	0.0	3.1	39.40	24	1.2758	2.0477	80	82.94	978.75	
55538	37	188.2	63.5	49.1	63.8	35.2	1.75	4.59	0	1,151	7	3.81	5.5	20.8	0.0	3.1	41.13	24	1.2758	2.0477	85	85.14	1,002.73	
56069	37	191.2	63.8	49.3	63.8	35.2	1.56	4.59	0	1,126	7	2.75	5.5	20.8	0.0	3.1	49.31	24	1.2758	2.0477	85	86.85	1,003.20	
56614	37	194.2	64.2	49.8	63.8	35.5	1.94	4.59	0	1,352	7	5.12	5.5	20.8	0.0	3.1	57.09	24	1.2758	2.0477	85	89.03	1,017.97	
57258	38	197.8	64.2	50.0	64.5	35.2	1.56	4.59	0	1,244	8	5.69	5.5	20.8	0.0	3.1	52.85	24	1.2758	2.0477	90	91.44	1,001.64	
57799	38	201.5	64.2	49.8	64.2	35.8	1.44	4.59	0	1,249	9	5.44	5.5	20.8	0.0	3.1	47.37	24	1.2758	2.0477	90	93.83	989.14	
58347	38	205.0	64.5	50.3	65.2	35.5	1.94	4.59	0	1,345	9	5.12	5.5	20.8	0.0	3.1	53.44	24	1.2758	2.0477	95	95.94	984.69	
58908	38	208.7	65.2	50.3	65.2	35.8	2.44	4.59	0	1,436	10	3.81	5.5	20.8	0.0	3.5	60.49	24	1.2758	2.0477	95	98.73	1,030.86	
59481	38	213.2	65.2	50.3	65.2	35.8	1.75	4.59	0	1,372	10	5.44	5.5	20.8	0.0	3.5	52.95	24	1.2758	2.0477	100	101.64	1,009.92	
60004	38	217.0	65.5	50.6	65.8	35.8	1.75	4.59	0	1,364	11	5.69	5.5	20.8	0.0	3.5	53.91	24	1.2758	2.0477	100	104.15	1,003.44	
60536	38	221.3	65.5	50.6	65.8	36.2	1.75	4.59	0	1,403	12	4.62	5.5	20.8	0.0	3.5	45.54	24	1.2758	2.0477	105	106.63	1,029.53	
61073	38	225.5	65.5	51.0	65.5	36.2	1.44	4.59	0	1,134	12	2.75	5.5	20.8	0.0	3.5	43.48	24	1.2758	2.0477	105	109.05	1,027.27	
61638	38	229.5	65.8	51.5	66.5	36.5	1.75	4.59	0	979	12	1.38	5.5	20.8	0.0	3.5	43.45	24	1.2758	2.0477	110	111.83	1,031.95	
62183	38	233.0	66.8	51.6	66.8	36.8	1.94	4.59	0	958	12	0.81	5.5	20.8	0.0	3.5	40.88	24	1.2758	2.0477	110	114.44	1,013.44	
62718	38	236.6	67.2	51.8	67.2	36.8	1.75	4.59	0	999	12	1.12	5.5	20.8	0.0	3.5	40.27	24	1.2758	2.0477	115	116.64	1,003.52	
63266	38	240.2	67.5	52.3	67.8	37.2	1.75	4.59	0	997	11	0.56	5.5	20.8	0.0	3.9	39.26	24	1.2758	2.0477	115	118.84	995.47	
63923	38	244.0	68.5	52.7	68.2	36.8	1.75	4.59	0	994	11	1.12	5.5	20.8	0.0	3.9	44.77	24	1.2758	2.0477	120	121.94	989.77	
64515	38	247.6	68.5	52.8	68.5	37.2	1.44	4.59	0	1,160	11	3.00	5.5	20.8	0.0	3.9	42.05	24	1.2758	2.0477	120	124.63	1,005.16	
65054	38	252.0	69.2	53.3	69.2	37.2	1.56	4.59	0	1,162	11	3.25	5.5	20.8	0.0	3.9	44.98	24	1.2758	2.0477	125	126.93	1,012.42	
65584	38	255.7	69.5	53.2	69.5	37.5	1.44	4.59	0	1,191	12	3.50	5.5	20.8	0.0	3.9	46.34	24	1.2758	2.0477	125	129.83	1,014.22	
66105	38	259.2	70.5	53.6	70.2	37.8	1.56	4.59	0	1,275	12	4.62	5.5	20.8	0.0	3.9	51.45	24	1.2758	2.0477	130	132.34	1,007.50	
66651	38	263.5	70.5	54.0	70.5	37.8	2.25	4.59	0	1,331	13	6.50	5.5	20.8	0.0	3.9	56.16	24	1.2758	2.0477	135	135.04	1,011.09	
67197	38	268.0	71.2	54.5	71.2	38.2	1.56	4.59	0	1,203	13	5.69	5.5	20.8	0.0	3.9	53.98	24	1.2758	2.0477	135	138.34	997.11	
67735	38	272.5	71.5	54.8	71.8	37.8	1.94	4.59	0	1,326	14	6.50	5.5	20.8	0.0	4.3	58.10	24	1.2758	2.0477	140	141.25	1,002.19	
68330	38	277.8	72.5	55.3	72.5	38.2	2.25	4.59	0	1,367	15	5.94	5.5	20.8	0.0	4.3	50.95	24	1.2758	2.0477	140	144.83	1,031.80	
68868	38	282.3	72.8	55.6	72.8	38.2	1.56	4.59	0	1,238	15	4.62	5.5	20.8	0.0	4.3	59.30	24	1.2758	2.0477	145	147.74	1,030.62	
69409	38	287.4	73.8	56.0	74.2	38.2	2.81	4.59	0	1,514	15	4.06	5.5	20.8	0.0	4.3	61.20	24	1.2758	2.0477	150	151.63	1,057.42	
69942	39	293.0	74.8	56.5	74.8	38.5	3.81	4.59	0	1,526	17	4.62	5.5	20.8	0.0	4.3	71.48	24	1.2758	2.0477	155	155.15	1,116.80	
70470	39	299.2	75.8	57.1	75.8	38.5	2.12	4.59	0	1,449	16	6.50	5.5	20.8	0.0	4.3	61.27	24	1.2758	2.0477	155	158.64	1,059.84	
71013	39	305.4	76.2	57.3	76.5	38.8	3.81	4.59	0	1,461	16	5.44	5.5	20.8	0.0	4.7	71.84	24	1.2758	2.0477	160	163.14	1,130.16	
71544	39	311.7	77.5	58.3	77.5	38.8	4.19	4.59	0	1,468	16	5.94	5.5	20.8	0.0	4.7	77.11	24	1.2758	2.0477	165	167.24	1,143.28	
72065	39	318.5	78.8	58.6	79.2	39.2	3.69	4.59	0	1,457	16	6.75	5.5	20.8	0.0	4.7	72.30	24	1.2758	2.0477	170	171.53	1,118.75	
72742	39	326.8	80.2	59.8	80.5	39.5	3.31	4.59	0	1,383	16	7.06	5.5	20.8	0.0	4.7	72.56	24	1.2758	2.0477	175	177.65	1,112.34	
73257	39	333.8	82.2	60.3	81.5	39.5	2.81	4.59	0	1,340	16	7.31	5.5	20.8	0.0	5.1	69.07	24	1.2758	2.0477	180	182.15	1,087.42	
73786	39	342.8	83.5	61.1	83.5	39.5	2.25	4.59	0	1,278	16	7.06	5.5	20.8	0.0	5.1	66.26	24	1.2758	2.0477	185	187.44	1,068.12	
74333	39	350.3	85.2	62.1	85.2	40.2	1.94	4.59	0	1,259	16	6.50	5.5	20.8	0.0	5.1	64.90	24	1.2758	2.0477	190	192.04	1,055.31	
74851	39	356.9	86.8	63.3	86.8	40.2	1.75	4.59	0	1,251	15	6.25	5.5	20.8	0.0	5.1	61.41	24	1.2758	2.0477	195	196.54	1,038.52	
75367	39	364.0	88.8	63.8	88.5	40.2	1.56	4.59	0	1,209	15	5.69	5.5	20.8	0.0	5.1	60.14	24	1.2758	2.0477	200	201.04	1,022.19	
75921	39	370.9	90.5	65.3	90.5	40.5	1.94	4.59	0	1,224	15	5.44	5.5	20.8	0.0	5.1	62.72	24	1.2758	2.0477	205	206.43	1,036.41	
76532	39	378.3	92.2	66.3	92.5	40.5	1.75	4.59	0	1,225	15	5.94	5.5	20.8	0.0	5.5	63.47	24	1.2758	2.0477	210	212.03	1,041.64	
77074	39	384.9	94.2	67.0	94.2	40.5	1.75	4.59	0	1,220	14	5.94	5.5	20.8	0.0	5.5	62.44	24	1.2758	2.0477	215	216.65	1,034.30	
77652	39	391.3	96.5	68.3	96.5	40.8	1.75	4.59	0	1,225	14	5.94	5.5	20.8	0.0	5.5	63.19	24	1.2758	2.0477	220	222.25	1,043.83	
78190	39	397.5	98.8	69.1	99.2	41.2	1.75	4.59	0	1,239	14	6.25	5.5	20.8	0.0	5.5	54.19	24	1.2758	2.0477	225	227.85	1,037.19	
78759	39	403.2	100.8	70.8	100.8	40.8	1.56	4.59	0	918	13	1.94	5.5	20.8	0.0	5.5	33.75	24	1.2758	2.0477	230	231.93	999.22	
79288	39	407.9	102.8	71.7	102.8	41.5	1.44	4.59	0	1,023	12	0.56	5.5	20.8	0.0	5.5	24.73	24	1.2758	2.0477	235	236.33	973.52	
79817	39	411.7	104.5	73.0	104.8	41.5	1.75	4.59	0	972	12	0.56	5.5	20.8	0.0	5.5	30.75	24	1.2758	2.0477	235	239.85	964.38	
80355	39	415.7	106.5	73.8	106.8	41.8	1.75	4.59	0	1,015	12	0.81	5.5	20.8	0.0	5.5	32.95	24	1.2758	2.0477	240	243.34	963.52	
80962	39	419.5	108.5	74.6	108.5	41.5	1.75	4.59	0	1,001	12	0.81	5.5	20.8	0.0	5.5	34.99	24	1.2758	2.0477	245	247.54	970.16	
81510	39	422.7	110.2	76.3	110.8	42.5	1.75	4.59	0	985	12	0.56	5.5	20.8	0.0	5.5	36.49	24	1.2758	2.0477	250	251.64	973.98	
82085	39	426.4	112.8	77.0	113.2	42.2	2.12	4.59	0	1,144	13	1.94	5.5	20.8	0.0	5.9	42.28	24	1.2758	2.0477	255	255.83	987.81	
82667	39	430.5	114.5	78.5	114.2	42.5	0.69	4.59	0	1,051	13	1.12	5.5	20.8	0.0	5.9	23.88	24	1.2758	2.0477	255	259.14	974.14	
83204	39	433.3	116.2	79.5	116.2	42.8	1.56	4.59	0	1,082	13	0.81	5.5	20.8	0.0	5.9	23.23	24	1.2758	2.0477	260	262.75	963.91	
83724	39	436.0	118.2	80.3	118.5	42.5	1.44	4.59	0	1,159	13	1.12	5.5	20.8	0.0	5.9	24.45	24	1.2758	2.0477	265	265.75	959.69	
84274	39	438.5	120.2	80.8	120.5	42.8	1.56	4.59	0	1,276	14	1.12	5.5	20.8	0.0	5.9	26.72	24	1.2758	2.0477	265	268.63	959.84	
84819	39	440.8	121.2	82.3	121.5	42.8	1.94	4.59	0	1,322	14	1.12	5.5	20.8	0.0	5.9	31.43	24	1.2758	2.0477	270	272.24	959.61	
85370	39	443.2	123.5	83.3	123.2	43.5	1.94	4.59	0	1,371	15	1.38	5.5	20.8	0.0	5.9	33.94	24	1.2758	2.0477	275	275.33	963.12	
85948	39	445.9	124.8	84.1	125.2	43.5	1.94	4.59	0	1,378	16	1.38	5.5	20.8	0.0	5.9	34.08	24	1.2758	2.0477	275	279.13	966.95	
86553	39	448.5	126.8	85.1	127.2	44.2	1.94	4.59	0	1,386	17	1.38	5.5	20.8	0.0	5.9	33.59	24	1.2758	2.0477	280	282.74	969.22	
87088	39	450.8	128.5	86.3	128.5	43.5	1.94	4.59	0	1,396	18	1.38	5.5	20.8	0.0	5.9	30.91	24	1.2758	2.0477	285	286.44	970.00	
87619	39	452.7	130.2	87.2	130.5	43.8	1.75	4.59	0	1,434	18	1.12	5.5	20.8	0.0	5.9	28.15	24	1.2758	2.0477	285	289.35	969.30	
88134	39	454.7	132.2	88.0	132.2	44.8	1.94	4.59	0	1,474	19	1.12	5.5	20.8	0.0	5.9	25.69	24	1.2758	2.0477	290	292.14	968.05	
88714	39	456.5	133.8	89.1	134.2	44.5	1.56	4.59	0	1,436	19	0.56	5.5	20.8	0.0	6.3	15.40	24	1.2758	2.0477	295	295.35	961.72	
89242	39	458.1	135.8	90.0	136.2	44.5	1.44	4.59	0	1,431	18	0.81	5.5	20.8	0.0	6.3	13.78	24	1.2758	2.0477	295	297.83	959.77	
89884	39	459.5	137.5	91.3	137.8	45.2	1.25	4.59	0	1,412	18	0.81	5.5	20.8	0.0	6.3	12.70	24	1.2758	2.0477	300	301.05	958.83	
90456	39	460.8	139.8	92.5	140.2	45.2	1.44	4.59	0	1,188	17	0.56	5.5	20.8	0.0	6.3	14.23	24	1.2758	2.0477	300	303.25	960.16	
91052	39	462.3	141.8	93.5	142.2	45.2	0.88	4.59	0	1,180	16	0.81	5.5	20.8	0.0	6.3	12.54	24	1.2758	2.0477	305	305.73	959.61	
91584	39	463.4	143.8	94.5	143.5	45.8	1.06	4.59	0	1,207	15	0.81	5.5	20.8	0.0	6.3	15.30	24	1.2758	2.0477	305	308.15	959.14	
92146	39	464.4	144.5	95.1	144.5	45.8	1.25	4.59	0	1,161	15	1.12	5.5	20.8	0.0	6.3	18.94	24	1.2758	2.0477	310	310.14	957.89	
92667	39	465.3	146.2	96.0	146.2	46.2	1.25	4.59	0	1,168	15	1.12	5.5	20.8	0.0	6.3	21.54	24	1.2758	2.0477	310	312.13	958.20	
93214	39	466.2	147.2	96.7	147.5	46.2	1.56	4.59	0	1,147	15	1.12	5.5	20.8	0.0	6.3	20.60	24	1.2758	2.0477	310	314.55	960.47	
93744	39	467.1	148.5	97.5	148.8	46.5	1.25	4.59	0	1,111	15	0.81	5.5	20.8	0.0	6.3	14.62	24	1.2758	2.0477	315	316.44	959.45	
94279	39	467.8	149.5	98.0	149.8	46.5	1.44	4.59	0	1,076	14	0.56	5.5	20.8	0.0	6.3	14.37	24	1.2758	2.0477	315	318.53	958.59	
94816	39	468.5	150.8	98.6	151.2	46.5	1.44	4.59	0	1,034	13	0.56	5.5	20.8	0.0	6.3	16.03	24	1.2758	2.0477	320	320.24	957.66	
95384	39	469.2	152.5	99.5	152.5	46.8	1.56	4.59	0	984	13	0.56	5.5	20.8	0.0	6.3	18.21	24	1.2758	2.0477	320	322.23	957.73	
95931	39	469.8	153.5	100.0	153.5	47.2	1.44	4.59	0	992	13	0.56	5.5	20.8	0.0	6.3	18.68	24	1.2758	2.0477	320	323.94	957.81	
96479	39	470.4	154.2	100.5	154.5	47.2	1.56	4.59	0	984	13	0.31	5.5	20.8	0.0	6.3	18.94	24	1.2758	2.0477	325	325.54	957.73	
97014	39	470.9	155.2	101.5	155.5	47.5	1.56	4.59	0	956	12	0.31	5.5	20.8	0.0	6.3	19.62	24	1.2758	2.0477	325	327.44	957.97	
97549	39	471.3	156.5	101.8	156.5	47.2	1.75	4.59	0	894	11	0.31	5.5	20.8	0.0	6.3	22.03	24	1.2758	2.0477	325	328.94	957.66	
98083	39	471.8	157.5	102.5	157.5	47.8	1.75	4.59	0	855	10	0.31	5.5	20.8	0.0	6.3	27.26	24	1.2758	2.0477	330	330.74	956.95	
98736	39	472.2	158.5	103.1	158.2	48.2	1.75	4.59	0	922	9	0.56	5.5	20.8	0.0	6.3	26.44	24	1.2758	2.0477	330	332.55	957.97	
99297	39	472.6	159.2	103.8	159.5	48.2	1.56	4.59	0	926	8	0.56	5.5	20.8	0.0	6.3	26.58	24	1.2758	2.0477	330	334.35	958.59	
99828	39	473.1	160.5	104.2	160.5	48.5	1.75	4.59	0	934	7	0.56	5.5	20.8	0.0	6.3	26.18	24	1.2758	2.0477	335	335.73	958.91	
100361	39	473.4	161.2	104.6	161.2	48.5	1.75	4.59	0	884	5	0.56	5.5	20.8	0.0	6.3	26.41	24	1.2758	2.0477	335	337.14	959.38	
100887	39	473.7	162.5	105.1	162.5	48.8	1.75	4.59	0	888	4	0.56	5.5	20.8	0.0	6.3	30.56	24	1.2758	2.0477	335	338.85	958.05	
101427	39	474.0	163.2	106.1	163.2	49.2	1.75	4.59	0	960	4	0.56	5.5	20.8	0.0	6.7	32.53	24	1.2758	2.0477	340	340.23	958.75	
102006	39	474.3	164.5	106.8	164.5	49.2	1.94	4.59	0	920	6	0.81	5.5	20.8	0.0	6.7	34.08	24	1.2758	2.0477	340	341.94	961.41	
102544	39	474.5	165.5	107.1	165.5	49.2	2.12	4.59	0	912	7	0.56	5.5	20.8	0.0	6.7	33.54	24	1.2758	2.0477	340	343.35	962.89	
103117	39	474.7	166.5	107.6	166.5	49.2	1.94	4.59	0	942	8	0.56	5.5	20.8	0.0	6.7	32.25	24	1.2758	2.0477	345	345.04	963.98	
103655	39	474.8	167.8	108.6	167.8	49.5	1.75	4.59	0	957	9	0.56	5.5	20.8	0.0	6.7	30.59	24	1.2758	2.0477	345	346.44	963.98	
104175	39	475.0	168.8	108.8	168.8	49.5	1.56	4.59	0	987	10	0.56	5.5	20.8	0.0	6.7	28.10	24	1.2758	2.0477	345	347.85	963.52	
104734	39	475.1	169.8	109.6	169.8	49.5	1.75	4.59	0	942	10	0.56	5.5	20.8	0.0	6.7	27.84	24	1.2758	2.0477	345	349.44	962.42	
105344	39	475.2	171.2	110.5	171.5	49.8	1.75	4.59	0	902	8	0.31	5.5	20.8	0.0	6.7	26.93	24	1.2758	2.0477	350	351.04	961.09	
105870	39	475.2	172.2	110.8	172.5	49.5	1.75	4.59	0	894	7	0.56	5.5	20.8	0.0	6.7	26.98	24	1.2758	2.0477	350	352.23	959.69	
106458	39	475.2	173.5	111.6	173.5	50.2	1.94	4.59	0	942	7	0.56	5.5	20.8	0.0	6.7	28.78	24	1.2758	2.0477	350	353.85	960.62	
107094	39	475.3	175.2	112.3	174.8	49.8	1.75	4.59	0	943	8	0.56	5.5	20.8	0.0	6.7	26.32	24	1.2758	2.0477	355	355.35	960.16	
107670	39	475.2	175.5	113.0	175.8	50.2	1.75	4.59	0	949	8	0.56	5.5	20.8	0.0	6.7	26.06	24	1.2758	2.0477	355	356.73	959.92	
108223	39	475.2	177.5	113.6	177.5	50.2	1.75	4.59	0	914	7	0.56	5.5	20.8	0.0	6.7	26.13	24	1.2758	2.0477	355	358.14	960.00	
108742	39	475.1	177.8	114.2	178.2	50.5	1.75	4.59	0	865	5	0.56	5.5	20.8	0.0	6.7	26.20	24	1.2758	2.0477	355	359.24	959.38	
109262	39	475.1	179.2	114.8	179.8	50.8	1.94	4.59	0	856	5	0.56	5.5	20.8	0.0	6.7	27.38	24	1.2758	2.0477	360	360.34	958.83	
109845	39	475.0	180.5	115.6	180.5	50.8	1.75	4.59	0	918	4	0.56	5.5	20.8	0.0	6.7	27.45	24	1.2758	2.0477	360	361.63	959.06	
110446	39	474.8	181.8	116.3	181.8	50.8	1.75	4.59	0	955	4	0.56	5.5	20.8	0.0	6.7	27.16	24	1.2758	2.0477	360	362.94	959.45	
110995	39	474.7	183.2	116.8	183.5	51.2	1.75	4.59	0	964	4	0.56	5.5	20.8	0.0	6.7	28.52	24	1.2758	2.0477	360	364.23	959.61	
111544	39	474.5	184.2	117.7	184.5	51.2	1.56	4.59	0	936	5	0.56	5.5	20.8	0.0	7.1	33.80	24	1.2758	2.0477	365	365.33	958.59	
112082	39	474.3	185.5	118.2	185.5	51.2	1.75	4.59	0	947	5	0.81	5.5	20.8	0.0	7.1	33.14	24	1.2758	2.0477	365	366.65	962.34	
112658	39	474.1	186.8	118.8	186.5	51.5	1.75	4.59	0	946	6	0.56	5.5	20.8	0.0	7.1	30.28	24	1.2758	2.0477	365	367.75	961.17	
113196	39	473.9	188.2	119.6	187.5	51.5	1.75	4.59	0	1,152	6	1.12	5.5	20.8	0.0	7.1	30.70	24	1.2758	2.0477	365	369.04	960.70	
113735	39	473.6	188.5	120.1	189.2	51.5	1.75	4.59	0	1,227	7	1.38	5.5	20.8	0.0	7.1	33.96	24	1.2758	2.0477	370	370.23	961.72	
114292	40	473.3	190.2	120.8	190.2	52.2	1.75	4.59	0	1,264	8	1.38	5.5	20.8	0.0	7.1	34.45	24	1.2758	2.0477	370	371.64	963.28	
114901	40	472.9	191.8	122.0	191.5	52.2	1.94	4.59	0	1,334	9	1.94	5.5	20.8	0.0	7.1	38.60	24	1.2758	2.0477	370	373.14	966.64	
115436	40	472.4	192.8	122.3	193.2	51.8	1.94	4.59	0	1,360	10	2.44	5.5	20.8	0.0	7.1	43.71	24	1.2758	2.0477	370	374.43	975.39	
116109	40	471.9	194.8	123.3	194.5	51.8	2.12	4.59	0	1,408	11	2.75	5.5	20.8	0.0	7.1	46.66	24	1.2758	2.0477	375	376.44	989.77	
116667	40	471.3	196.2	123.8	196.2	52.2	2.44	4.59	0	1,482	13	3.25	5.5	20.8	0.0	7.1	53.53	24	1.2758	2.0477	375	377.94	1,012.27	
117226	40	470.5	198.2	125.5	198.5	52.5	3.12	4.59	0	1,578	15	3.50	5.5	20.8	0.0	7.5	59.18	24	1.2758	2.0477	375	379.84	1,040.55	
117793	40	469.7	200.5	126.5	200.5	52.8	4.56	4.59	0	1,639	18	4.06	5.5	20.8	0.0	7.5	59.91	24	1.2758	2.0477	380	381.74	1,017.81	
118352	40	468.9	202.2	127.5	202.5	52.8	5.06	4.59	0	1,761	21	4.06	5.5	20.8	0.0	7.5	68.93	24	1.2758	2.0477	380	383.43	1,096.72	
118927	40	468.1	204.5	129.1	205.2	53.2	5.75	4.59	0	1,951	25	7.31	5.5	20.8	0.0	7.5	70.78	24	1.2758	2.0477	385	385.54	1,091.80	
119467	40	467.4	207.5	130.3	207.5	53.2	5.38	4.59	0	2,074	28	9.19	5.5	20.8	0.0	7.8	68.30	24	1.2758	2.0477	385	387.25	1,088.44	
120027	41	466.9	210.5	131.7	210.5	53.5	6.25	4.59	0	1,708	29	6.50	5.5	20.8	0.0	7.8	74.18	24	1.2758	2.0477	385	389.24	1,101.64	
120558	41	466.7	213.5	133.7	213.5	54.2	5.75	4.59	0	1,643	31	5.94	5.5	20.8	0.0	7.8	68.60	24	1.2758	2.0477	390	390.83	1,072.58	
121087	41	466.8	217.2	135.2	217.2	54.2	5.56	4.59	0	1,747	33	5.12	5.5	20.8	0.0	7.8	68.91	24	1.2758	2.0477	390	392.73	1,074.06	
121649	41	467.2	220.5	137.3	220.8	55.2	5.94	4.59	0	1,799	36	5.44	5.5	20.8	0.0	8.2	70.62	24	1.2758	2.0477	390	394.35	1,071.09	
122220	41	468.1	224.8	139.3	224.8	55.2	5.75	4.59	0	1,877	37	6.25	5.5	20.8	0.0	8.2	68.86	24	1.2758	2.0477	395	396.13	1,086.33	
122781	41	469.3	228.5	141.5	228.5	55.2	3.69	4.59	0	1,452	39	8.69	5.5	20.8	0.0	8.2	71.95	24	1.2758	2.0477	395	397.94	1,073.75	
123294	41	470.5	232.2	143.8	232.5	55.5	3.69	4.59	0	1,453	40	7.88	5.5	20.8	0.0	8.2	70.99	24	1.2758	2.0477	395	399.44	1,068.83	
123819	41	472.1	236.2	145.8	236.5	56.2	3.81	4.59	0	1,477	41	7.31	5.5	20.8	0.0	8.2	72.40	24	1.2758	2.0477	400	401.03	1,093.91	
124390	41	473.8	239.8	147.8	240.5	56.5	4.38	4.59	0	1,524	43	7.31	5.5	20.8	0.0	8.2	73.43	24	1.2758	2.0477	400	402.93	1,102.81	
125072	41	476.0	244.5	150.1	244.8	56.5	1.75	4.59	0	1,477	44	3.00	5.5	20.8	0.0	8.2	21.12	24	1.2758	2.0477	400	404.55	1,002.19	
125592	41	477.6	248.5	152.5	248.8	56.5	1.44	4.59	0	1,472	43	0.81	5.5	20.8	0.0	8.2	12.59	24	1.2758	2.0477	405	405.93	973.91	
126155	40	479.2	253.2	155.0	253.5	57.5	1.25	4.59	0	1,427	43	-0.19	5.5	20.8	0.0	8.2	15.38	24	1.2758	2.0477	405	406.94	966.17	
126696	40	480.5	256.8	157.5	257.2	57.5	0.88	4.59	0	1,301	42	1.12	5.5	20.8	0.0	8.2	17.65	24	1.2758	2.0477	405	408.25	964.22	
127281	40	481.7	260.5	159.0	260.5	58.5	0.56	4.59	0	1,150	41	0.56	5.5	20.8	0.0	8.2	17.18	24	1.2758	2.0477	405	409.44	966.64	
127835	40	482.9	263.5	160.6	263.5	58.8	1.06	4.59	0	1,048	40	0.31	5.5	20.8	0.0	8.2	17.04	24	1.2758	2.0477	410	410.33	965.70	
128389	40	483.9	265.8	162.3	265.8	59.2	2.44	4.59	0	1,008	39	0.81	5.5	20.8	0.0	8.2	13.41	24	1.2758	2.0477	410	411.53	963.05	
128933	40	484.9	267.5	163.3	267.8	59.5	1.44	4.59	0	1,028	38	0.31	5.5	20.8	0.0	8.2	15.21	24	1.2758	2.0477	410	412.54	961.09	
129509	41	485.9	269.8	164.8	269.8	60.2	1.25	4.59	0	1,260	37	0.81	5.5	20.8	0.0	8.2	12.05	24	1.2758	2.0477	410	413.64	959.53	
130086	40	486.8	271.5	165.6	271.2	60.2	1.44	4.59	0	1,231	37	0.81	5.5	20.8	0.0	8.2	12.59	24	1.2758	2.0477	410	414.83	958.75	
130595	40	487.5	272.2	166.5	272.5	60.5	1.06	4.59	0	1,212	36	0.81	5.5	20.8	0.0	8.2	12.49	24	1.2758	2.0477	415	415.75	958.75	
131146	41	488.3	273.2	167.1	273.5	61.2	1.44	4.59	0	1,166	34	0.81	5.5	20.8	0.0	8.2	12.35	24	1.2758	2.0477	415	416.64	958.52	
131691	41	489.0	274.5	167.5	274.5	61.5	1.56	4.59	0	1,369	32	0.56	5.5	20.8	0.0	8.2	14.67	24	1.2758	2.0477	415	417.74	958.75	
132238	41	489.7	275.2	168.5	275.5	61.8	0.56	4.59	0	1,278	30	1.12	5.5	20.8	0.0	8.2	17.84	24	1.2758	2.0477	415	418.54	962.03	
132790	41	490.5	276.2	169.0	275.8	62.2	0.69	4.59	0	1,363	28	1.12	5.5	20.8	0.0	8.2	18.23	24	1.2758	2.0477	415	419.55	964.30	
133425	41	491.3	276.5	169.5	276.8	62.5	0.69	4.59	0	1,318	26	1.12	5.5	20.8	0.0	7.8	18.47	24	1.2758	2.0477	420	420.44	965.78	
133961	41	492.2	277.2	170.2	276.8	62.8	0.56	4.59	0	1,277	25	1.12	5.5	20.8	0.0	7.8	17.86	24	1.2758	2.0477	420	421.35	966.09	
134515	41	493.1	277.2	170.1	277.2	63.5	0.56	4.59	0	1,191	24	0.81	5.5	20.8	0.0	7.8	17.91	24	1.2758	2.0477	420	422.33	965.94	
135037	41	494.2	277.2	170.5	277.5	63.5	0.69	4.59	0	1,142	23	0.56	5.5	20.8	0.0	7.8	17.93	24	1.2758	2.0477	420	423.13	965.78	
135641	41	495.1	277.5	170.5	277.2	64.2	0.88	4.59	0	1,073	21	0.56	5.5	20.8	0.0	7.8	18.30	24	1.2758	2.0477	420	424.05	964.38	
136178	41	496.0	277.2	170.8	277.2	64.5	1.25	4.59	0	754	21	0.31	5.5	20.8	0.0	7.5	29.91	24	1.2758	2.0477	420	424.84	961.17	
136726	41	496.8	277.5	170.8	277.5	64.5	1.25	4.59	0	1,065	20	0.56	5.5	20.8	0.0	7.1	13.59	24	1.2758	2.0477	425	425.64	961.41	
137276	41	497.7	277.2	171.1	277.2	64.8	1.75	4.59	0	974	20	0.56	5.5	20.8	0.0	7.1	15.09	24	1.2758	2.0477	425	426.25	959.06	
137792	41	498.3	276.8	171.0	276.8	64.8	1.44	4.59	0	972	19	0.31	5.5	20.8	0.0	6.7	39.28	24	1.2758	2.0477	425	427.14	948.59	
138343	41	499.1	277.2	171.1	276.8	65.5	3.00	4.59	0	1,494	20	4.62	5.5	20.8	0.0	4.3	61.41	24	1.2758	2.0477	425	428.03	989.77	
138889	41	500.0	276.8	171.1	276.8	65.8	4.19	4.59	0	1,580	21	4.88	5.5	20.8	0.0	1.2	69.56	24	1.2758	2.0477	425	429.25	1,051.80	
139437	41	500.7	276.5	171.6	276.8	66.5	5.38	4.59	0	1,912	24	6.75	5.5	20.8	0.0	0.0	65.46	24	1.2758	2.0477	430	430.44	1,034.53	
139960	41	501.5	277.5	171.8	277.2	66.8	4.69	4.59	0	2,025	27	8.12	5.5	20.8	0.0	0.0	62.34	24	1.2758	2.0477	430	431.64	1,009.77	
140474	41	502.0	278.2	172.5	278.5	66.8	4.88	4.59	0	2,162	29	8.94	5.5	20.8	0.0	0.0	64.22	24	1.2758	2.0477	430	432.83	1,059.22	
141024	41	502.6	279.8	173.6	280.2	67.5	4.88	4.59	0	1,607	30	7.06	5.5	20.8	0.0	0.0	67.41	24	1.2758	2.0477	430	434.24	1,047.34	
141563	41	503.0	281.5	174.5	282.2	67.5	5.06	4.59	0	1,675	32	5.69	5.5	20.8	0.0	0.0	65.46	24	1.2758	2.0477	435	435.44	1,043.75	
142189	41	503.5	284.2	175.6	284.5	68.5	5.75	4.59	0	1,738	34	4.88	5.5	20.8	0.0	0.0	60.70	24	1.2758	2.0477	435	437.15	1,059.92	
142734	41	504.0	286.8	177.3	287.2	68.8	2.25	4.59	0	1,697	35	1.94	5.5	20.8	0.0	0.0	17.74	24	1.2758	2.0477	435	438.13	1,005.00	
143253	41	504.4	290.2	179.3	290.5	69.5	3.00	4.59	0	1,466	34	0.00	5.5	20.8	0.0	0.0	16.10	24	1.2758	2.0477	435	438.93	978.52	
143778	40	504.8	293.2	181.1	293.2	69.5	1.06	4.59	0	1,380	33	1.12	5.5	20.8	0.0	0.0	18.12	24	1.2758	2.0477	435	439.94	969.84	
144333	40	505.2	295.8	182.3	296.2	69.8	0.56	4.59	0	1,202	32	1.12	5.5	20.8	0.0	0.0	17.60	24	1.2758	2.0477	440	440.73	965.62	
144862	40	505.7	298.5	184.0	298.5	70.5	0.88	4.59	0	1,144	31	0.56	5.5	20.8	0.0	0.0	14.41	24	1.2758	2.0477	440	441.65	964.53	
145386	40	506.1	300.2	185.3	300.2	70.8	2.25	4.59	0	1,104	31	1.62	5.5	20.8	0.0	0.0	56.62	24	1.2758	2.0477	440	442.75	953.67	
145934	41	506.7	302.2	186.7	302.2	71.2	2.25	4.59	0	1,123	32	4.31	5.5	20.8	0.0	0.0	73.12	24	1.2758	2.0477	440	443.85	1,006.80	
146469	41	507.2	304.2	187.5	304.2	71.5	2.25	4.59	0	1,139	33	5.12	5.5	20.8	0.0	0.0	77.09	24	1.2758	2.0477	440	444.83	1,055.70	
147050	41	508.2	305.5	188.8	306.2	71.8	2.44	4.59	0	1,227	34	7.06	5.5	20.8	0.0	0.0	80.37	25	1.2758	2.0477	445	446.15	1,101.72	
147615	41	509.3	307.5	189.8	307.5	72.2	2.62	4.59	0	1,254	36	8.12	5.5	20.8	0.0	0.0	80.77	25	1.2758	2.0477	445	447.44	1,134.45	
148189	41	510.7	309.5	191.2	309.2	72.5	3.12	4.59	0	1,323	37	8.94	5.5	20.8	0.0	0.0	81.40	25	1.2758	2.0477	445	448.75	1,161.17	
148734	41	512.2	311.5	192.3	311.5	73.5	3.31	4.59	0	1,355	39	9.50	5.5	20.8	0.0	0.0	83.70	25	1.2758	2.0477	445	449.85	1,184.53	
149343	41	514.2	313.5	193.6	313.8	73.5	4.00	4.59	0	1,411	41	10.00	5.5	20.8	0.0	0.0	84.87	25	1.2758	2.0477	450	451.23	1,204.45	
149878	41	516.4	316.2	194.7	316.5	74.5	4.56	4.59	0	1,484	42	9.75	5.5	20.8	0.0	0.0	86.16	25	1.2758	2.0477	450	452.64	1,229.84	
150516	41	518.8	318.5	196.6	318.8	74.8	4.88	4.59	0	1,528	44	9.75	5.5	20.8	0.0	0.0	54.45	25	1.2758	2.0477	450	454.05	1,075.86	
151187	41	521.0	322.2	198.5	321.8	75.5	1.44	4.59	0	1,504	44	1.62	5.5	20.8	0.0	0.0	20.11	25	1.2758	2.0477	455	455.33	993.36	
151709	40	522.4	324.8	200.1	324.8	75.5	1.44	4.59	0	1,128	44	0.56	5.5	20.8	0.0	0.0	38.13	25	1.2758	2.0477	455	456.25	969.30	
152284	40	524.0	328.2	202.3	328.5	76.5	2.25	4.59	0	1,278	44	5.44	5.5	20.8	0.0	0.0	70.12	25	1.2758	2.0477	455	457.63	1,010.00	
152786	41	525.4	330.5	203.3	331.2	77.2	2.25	4.59	0	1,221	45	5.94	5.5	20.8	0.0	0.0	75.82	25	1.2758	2.0477	455	458.94	1,064.61	
153385	41	526.7	333.2	205.3	333.5	77.5	3.00	4.59	0	1,220	46	8.94	5.5	20.8	0.0	0.0	94.57	25	1.2758	2.0477	460	460.14	1,174.06	
153948	41	528.7	335.5	206.5	336.2	78.2	3.31	4.59	0	1,262	47	11.88	5.5	20.8	0.0	0.0	100.45	25	1.2758	2.0477	460	461.73	1,212.58	
154482	41	530.8	338.2	207.8	338.5	78.2	3.69	4.59	0	1,307	48	13.50	5.5	20.8	0.0	0.0	92.55	25	1.2758	2.0477	460	463.14	1,162.34	
155073	41	533.4	340.8	209.6	341.5	79.2	1.75	4.59	0	1,282	50	8.94	5.5	20.8	0.0	0.0	65.11	25	1.2758	2.0477	460	464.73	1,028.12	
155653	41	535.5	343.8	211.5	344.2	79.5	1.06	4.59	0	1,268	50	3.81	5.5	20.8	0.0	0.0	23.74	25	1.2758	2.0477	465	466.23	1,001.64	
156180	40	537.0	346.2	213.5	346.2	80.5	1.06	4.59	0	1,255	49	0.81	5.5	20.8	0.0	0.0	19.92	25	1.2758	2.0477	465	467.24	969.69	
156728	40	538.3	348.5	214.3	348.8	80.8	1.75	4.59	0	1,338	49	1.94	5.5	20.8	0.0	0.0	53.11	25	1.2758	2.0477	465	468.53	972.97	
157276	40	539.8	351.5	215.6	351.5	81.5	2.44	4.59	0	1,345	50	6.75	5.5	20.8	0.0	0.0	71.55	25	1.2758	2.0477	465	470.03	1,026.41	
157883	41	541.2	353.5	217.1	353.8	81.8	2.62	4.59	0	1,321	51	7.56	5.5	20.8	0.0	0.0	76.99	25	1.2758	2.0477	470	471.74	1,080.62	
158416	41	542.5	355.5	218.8	355.5	82.5	2.81	4.59	0	1,363	52	8.94	5.5	20.8	0.0	0.0	76.92	25	1.2758	2.0477	470	473.15	1,086.33	
158953	41	544.2	357.5	219.8	357.5	82.8	3.12	4.59	0	1,390	52	9.19	5.5	20.8	0.0	0.0	72.84	25	1.2758	2.0477	470	474.53	1,072.50	
159594	41	546.0	359.5	221.2	359.5	83.2	3.12	4.59	0	1,439	53	8.69	5.5	20.8	0.0	0.0	69.05	25	1.2758	2.0477	475	476.24	1,043.98	
160135	41	547.6	361.8	222.5	361.8	83.8	2.81	4.59	0	1,431	54	8.69	5.5	20.8	0.0	0.0	64.41	25	1.2758	2.0477	475	477.93	1,020.08	
160726	41	549.2	364.2	224.2	364.5	84.5	3.00	4.59	0	1,448	55	7.88	5.5	20.8	0.0	0.0	48.66	25	1.2758	2.0477	475	479.64	1,018.59	
161241	41	550.7	366.5	225.7	366.5	85.5	1.25	4.59	0	1,422	55	1.94	5.5	20.8	0.0	0.0	20.41	25	1.2758	2.0477	480	480.74	988.05	
161778	40	551.6	368.5	226.6	368.8	85.5	1.06	4.59	0	1,398	55	0.81	5.5	20.8	0.0	0.0	12.30	25	1.2758	2.0477	480	481.94	968.75	
162287	40	552.2	370.2	227.8	370.5	86.2	3.12	4.59	0	1,357	54	0.00	5.5	20.8	0.0	0.0	15.30	25	1.2758	2.0477	480	482.94	964.53	
162805	40	552.9	371.8	229.3	372.2	86.2	0.69	4.59	0	1,317	54	0.81	5.5	20.8	0.0	0.0	17.37	25	1.2758	2.0477	480	483.74	963.59	
163369	40	553.5	373.5	230.0	373.5	87.2	0.69	4.59	0	1,120	53	0.56	5.5	20.8	0.0	0.0	16.90	25	1.2758	2.0477	480	484.63	966.64	
163917	40	554.2	374.5	231.1	375.2	87.5	1.06	4.59	0	1,100	52	0.56	5.5	20.8	0.0	0.0	16.95	25	1.2758	2.0477	485	485.73	966.09	
164481	40	554.9	375.8	231.6	375.5	88.2	1.06	4.59	0	1,078	52	0.56	5.5	20.8	0.0	0.0	17.16	25	1.2758	2.0477	485	486.74	965.78	
165006	41	555.4	376.2	232.0	376.5	88.5	1.25	4.59	0	1,068	51	0.56	5.5	20.8	0.0	0.0	17.18	25	1.2758	2.0477	485	487.54	965.78	
165445	41	555.9	376.2	232.5	376.2	89.2	1.06	4.59	0	1,060	51	0.31	5.5	20.8	0.0	0.0	16.83	25	1.2758	2.0477	485	488.24	965.39	
165971	41	556.4	376.2	233.0	376.2	89.2	1.06	4.59	0	1,046	50	0.31	5.5	20.8	0.0	0.0	17.16	25	1.2758	2.0477	485	489.13	965.08	
166490	41	556.9	376.5	233.1	376.5	89.8	1.25	4.59	0	1,029	49	0.00	5.5	20.8	0.0	0.0	17.13	25	1.2758	2.0477	490	490.14	964.69	
167075	41	557.4	375.5	233.0	375.5	90.2	1.25	4.59	0	1,020	49	0.56	5.5	20.8	0.0	0.0	12.45	25	1.2758	2.0477	490	490.94	963.67	
167631	41	557.8	375.2	233.2	375.2	90.8	1.94	4.59	0	1,028	48	0.31	5.5	20.8	0.0	0.0	13.41	25	1.2758	2.0477	490	491.94	961.17	
168277	41	558.2	374.2	232.8	374.2	90.8	1.25	4.59	0	1,005	48	0.31	5.5	20.8	0.0	0.0	39.89	25	1.2758	2.0477	490	493.14	950.23	
168772	41	558.6	373.8	232.6	373.5	91.5	2.44	4.59	0	1,262	48	4.62	5.5	20.8	0.0	0.0	68.93	25	1.2758	2.0477	490	494.03	988.12	
169335	41	559.0	373.2	232.7	373.2	92.5	3.00	4.59	0	1,280	49	8.69	5.5	20.8	0.0	0.0	90.45	25	1.2758	2.0477	495	495.34	1,107.03	
169854	42	559.2	372.2	232.5	372.2	92.8	3.69	4.59	0	1,304	50	11.38	5.5	20.8	0.0	0.0	102.47	25	1.2758	2.0477	495	496.44	1,230.31	
170388	42	559.8	372.2	232.7	372.2	92.8	4.56	4.59	0	1,342	51	15.12	5.5	20.8	0.0	0.0	107.81	25	1.2758	2.0563	495	497.73	1,277.19	
170903	42	560.5	372.2	232.8	372.2	93.5	1.44	4.59	0	1,372	52	11.06	5.5	21.2	0.0	0.0	45.28	25	1.2758	2.0641	495	498.74	1,064.22	
171472	41	561.2	372.5	232.8	372.5	94.2	1.06	4.59	0	1,351	52	1.94	5.5	21.2	0.0	0.0	17.81	25	1.2758	2.0563	495	499.54	995.86	
172049	41	561.5	373.5	234.0	373.5	94.8	1.56	4.59	0	1,286	49	0.56	5.5	20.8	0.0	0.0	12.14	25	1.2758	2.0563	500	500.33	970.86	
172620	40	561.8	374.8	234.6	374.8	95.2	1.75	4.59	0	1,149	46	0.31	5.5	20.8	0.0	0.0	16.27	25	1.2758	2.0477	500	501.25	964.92	
173168	40	562.1	375.5	235.3	375.5	95.5	1.25	4.59	0	1,100	42	0.56	5.5	21.2	0.0	0.0	12.12	25	1.2758	2.0648	500	501.93	963.28	
173737	40	562.4	376.5	236.0	376.8	95.5	1.44	4.59	0	1,291	41	0.81	5.5	20.8	0.0	0.0	14.88	25	1.2758	2.0563	500	502.84	961.95	
174293	41	562.6	377.5	236.7	377.2	95.8	1.44	4.59	0	1,356	40	1.12	5.5	20.8	0.0	0.0	11.53	25	1.2758	2.0563	500	503.64	960.70	
174846	41	562.8	377.8	237.2	377.8	96.5	0.88	4.59	0	1,282	37	0.81	5.5	20.8	0.0	0.0	18.02	25	1.2758	2.0563	500	504.34	963.52	
175446	41	563.1	377.8	237.6	377.8	97.2	0.88	4.59	0	1,178	34	0.81	5.5	20.8	0.0	0.0	17.65	25	1.2758	2.0563	505	505.05	965.23	
175995	41	563.4	377.8	237.8	377.8	97.8	0.38	4.59	0	1,116	31	0.81	5.5	20.8	0.0	0.0	11.60	25	1.2758	2.0563	505	505.84	963.67	
176543	41	563.7	377.8	238.0	377.8	98.2	1.75	4.59	0	1,237	30	0.81	5.5	20.8	0.0	0.0	12.68	25	1.2758	2.0563	505	506.43	960.94	
177214	41	564.0	377.5	238.0	378.2	98.5	1.25	4.59	0	1,330	29	0.81	5.5	20.8	0.0	0.0	13.69	25	1.2758	2.0563	505	507.34	957.89	
177774	41	564.2	377.8	238.0	377.8	98.5	1.75	4.59	0	1,458	29	1.62	5.5	20.8	0.0	0.0	33.75	25	1.2758	2.0563	505	507.93	957.11	
178327	41	564.3	377.8	238.3	377.2	99.5	2.25	4.59	0	1,521	30	2.75	5.5	20.8	0.0	0.0	45.47	25	1.2758	2.0563	505	508.84	972.11	
178851	41	564.3	376.8	238.1	376.8	100.2	2.62	4.59	0	1,553	31	3.50	5.5	20.8	0.0	0.0	45.30	25	1.2758	2.0563	505	509.64	1,001.25	
179423	41	564.0	377.2	238.5	376.8	100.2	2.25	4.59	0	1,599	32	2.19	5.5	20.8	0.0	0.0	31.95	25	1.2758	2.0563	510	510.44	997.27	
179958	41	563.7	377.5	238.8	377.5	100.8	2.44	4.59	0	1,702	33	1.94	5.5	20.8	0.0	0.0	41.11	25	1.2758	2.0563	510	511.14	994.14	
180512	41	563.2	377.8	239.3	377.8	100.8	2.62	4.59	0	1,701	34	2.19	5.5	20.8	0.0	0.0	36.49	25	1.2758	2.0563	510	511.94	999.92	
181022	41	562.7	378.5	239.6	378.5	101.2	2.25	4.59	0	1,728	35	1.94	5.5	20.8	0.0	0.0	32.46	25	1.2758	2.0563	510	512.55	1,003.20	
181606	41	562.1	379.5	240.6	379.8	101.5	1.06	4.59	0	1,742	35	1.12	5.5	20.8	0.0	0.0	15.02	25	1.2758	2.0563	510	513.25	974.53	
182177	41	561.5	381.2	241.7	381.5	101.8	1.44	4.59	0	1,699	35	0.31	5.5	20.8	0.0	0.0	12.09	25	1.2758	2.0563	510	513.74	966.80	
182713	41	561.0	382.5	242.5	382.8	102.8	-1.50	4.59	0	1,613	34	0.31	5.5	20.8	0.0	0.0	17.02	25	1.2758	2.0563	510	514.35	965.55	
183251	41	560.6	383.8	243.3	384.2	103.2	1.56	4.59	0	1,630	33	0.56	5.5	20.8	0.0	0.0	19.24	25	1.2758	2.0563	510	514.84	966.02	
183823	41	560.3	385.2	244.3	385.2	103.5	0.69	4.59	0	1,269	32	0.81	5.5	20.8	0.0	0.0	18.21	25	1.2758	2.0563	515	515.33	968.83	
184382	41	560.0	385.8	244.6	386.2	104.2	0.88	4.59	0	1,139	31	0.81	5.5	20.8	0.0	0.0	17.62	25	1.2758	2.0563	515	515.94	967.89	
185012	41	559.9	386.8	245.3	386.8	104.2	1.25	4.59	0	1,002	29	0.31	5.5	20.8	0.0	0.0	12.12	25	1.2758	2.0563	515	516.44	964.77	
185690	41	559.6	387.5	245.8	387.2	104.5	1.44	4.59	0	1,005	29	0.56	5.5	20.8	0.0	0.0	12.54	25	1.2758	2.0563	515	516.93	961.48	
186273	41	559.5	387.5	246.1	387.8	104.8	2.62	4.59	0	988	28	0.31	5.5	20.8	0.0	0.0	11.44	25	1.2758	2.0563	515	517.35	958.91	
186877	41	559.3	387.5	246.5	387.5	105.5	1.06	4.59	0	1,162	27	0.56	5.5	20.8	0.0	0.0	12.33	25	1.2758	2.0563	515	517.75	958.12	
187437	41	559.0	387.5	246.6	387.5	105.8	1.56	4.59	0	1,314	26	0.81	5.5	20.8	0.0	0.0	14.16	25	1.2758	2.0563	515	518.24	958.28	
188016	41	558.8	387.5	246.8	387.2	106.2	0.69	4.59	0	1,242	25	0.81	5.5	20.8	0.0	0.0	19.22	25	1.2758	2.0563	515	518.64	962.73	
188604	41	558.7	387.2	246.7	387.2	106.5	1.44	4.59	0	1,256	24	1.12	5.5	20.8	0.0	0.0	20.72	25	1.2758	2.0563	515	519.04	954.14	
189178	41	558.5	386.5	246.8	386.5	106.8	1.75	4.59	0	1,287	25	1.94	5.5	20.8	0.0	0.0	44.32	25	1.2758	2.0563	515	519.44	960.78	
189777	42	558.1	386.5	246.7	386.5	107.5	2.25	4.59	0	1,314	26	4.31	5.5	20.8	0.0	0.0	57.19	25	1.2758	2.0563	515	519.93	993.59	
190321	42	557.5	386.2	247.0	386.2	107.8	2.44	4.59	0	1,414	27	5.44	5.5	20.8	0.0	0.0	59.81	25	1.2758	2.0563	520	520.35	1,031.09	
190855	42	556.7	386.5	247.0	386.2	108.2	2.81	4.59	0	1,442	29	5.12	5.5	20.8	0.0	0.0	56.70	25	1.2758	2.0563	520	520.63	1,051.48	
191469	42	555.6	386.5	247.5	386.8	108.5	3.12	4.59	0	1,557	31	5.12	5.5	20.8	0.0	0.0	56.62	25	1.2758	2.0563	520	520.94	1,067.42	
192120	42	554.3	387.5	247.8	387.8	108.5	3.31	4.59	0	1,620	33	4.62	5.5	20.8	0.0	0.0	56.46	25	1.2758	2.0563	520	521.33	1,076.88	
192691	42	552.7	388.5	248.6	388.5	109.2	4.00	4.59	0	1,694	34	5.12	5.5	20.8	0.0	0.0	60.09	25	1.2758	2.0563	520	521.43	1,070.55	
193256	42	551.2	389.8	249.5	390.2	109.8	2.12	4.59	0	1,367	35	7.88	5.5	20.8	0.0	0.0	66.02	25	1.2758	2.0563	520	521.55	1,037.58	
193893	41	549.5	392.5	251.0	392.5	110.2	3.00	4.59	0	1,340	37	8.38	5.5	20.8	0.0	0.0	74.09	25	1.2758	2.0563	520	521.64	1,087.89	
194418	42	548.0	394.2	251.8	394.2	110.5	3.12	4.59	0	1,378	38	9.19	5.5	20.8	0.0	0.0	77.09	25	1.2758	2.0563	520	521.64	1,108.05	
195097	42	546.6	396.2	253.1	396.5	110.5	3.12	4.59	0	1,402	40	9.50	5.5	20.8	0.0	0.0	75.63	25	1.2758	2.0563	520	521.43	1,107.34	
195634	42	545.8	399.2	254.8	399.2	111.2	3.31	4.59	0	1,430	42	9.75	5.5	20.8	0.0	0.0	73.52	25	1.2758	2.0563	520	521.33	1,091.41	
196157	42	545.5	401.2	256.3	401.5	111.5	3.50	4.59	0	1,492	43	9.50	5.5	20.8	0.0	0.0	68.98	25	1.2758	2.0563	520	521.15	1,064.61	
196694	42	545.4	403.8	258.0	403.8	111.8	3.81	4.59	0	1,515	44	8.69	5.5	20.8	0.0	0.0	65.27	25	1.2758	2.0563	520	520.94	1,042.34	
197274	41	545.2	406.5	259.6	406.8	112.5	3.69	4.59	0	1,559	45	7.88	5.5	20.8	0.0	0.0	62.65	25	1.2758	2.0563	520	520.75	1,023.59	
197856	41	545.1	409.8	261.3	410.2	113.2	4.19	4.59	0	1,600	47	7.56	5.5	20.8	0.0	0.0	61.38	25	1.2758	2.0563	520	520.54	1,032.34	
198477	41	545.0	412.8	263.1	413.5	113.8	3.31	4.59	0	1,615	48	4.88	5.5	20.8	0.0	0.0	55.36	25	1.2758	2.0563	520	520.35	1,071.95	
199100	41	545.0	416.5	265.0	416.5	114.5	2.25	4.59	0	1,600	48	5.69	5.5	20.8	0.0	0.0	58.73	25	1.2758	2.0563	520	520.14	1,077.66	
199653	41	545.1	419.5	267.2	419.8	115.2	2.25	4.59	0	1,358	49	7.06	5.5	20.8	0.0	0.0	62.16	25	1.2758	2.0563	520	519.93	1,023.59	
200251	41	545.2	422.5	269.0	422.8	115.2	2.25	4.59	0	1,373	50	7.31	5.5	20.8	0.0	0.0	64.38	25	1.2758	2.0563	515	519.83	1,003.75	
200862	41	545.5	425.8	270.6	426.2	116.2	2.44	4.59	0	1,379	50	7.88	5.5	20.8	0.0	0.0	63.91	25	1.2758	2.0563	515	519.74	997.34	
201455	41	545.8	428.8	272.5	428.8	116.5	2.25	4.59	0	1,397	51	8.12	5.5	20.8	0.0	0.0	61.50	25	1.2758	2.0563	515	519.74	989.92	
202092	41	546.1	431.8	274.1	431.8	117.2	2.44	4.59	0	1,423	52	8.12	5.5	20.8	0.0	0.0	60.30	25	1.2758	2.0563	515	519.65	983.83	
202716	41	546.6	435.5	276.1	435.5	117.5	2.44	4.59	0	1,446	53	7.56	5.5	20.8	0.0	0.0	59.44	25	1.2758	2.0563	515	519.74	983.28	
203317	41	547.1	438.2	277.8	438.2	118.8	2.62	4.59	0	1,456	53	7.56	5.5	20.8	0.0	0.0	59.48	25	1.2758	2.0563	515	519.83	996.25	
203869	42	547.6	440.5	279.7	440.8	119.2	3.00	4.59	0	1,472	54	6.75	5.5	20.8	0.0	0.0	63.66	25	1.2758	2.0563	520	519.93	1,056.41	
204528	42	548.1	443.2	281.3	443.2	119.5	3.31	4.59	0	1,480	55	7.56	5.5	20.8	0.0	0.0	65.70	25	1.2758	2.0563	520	520.05	1,072.11	
205076	42	548.7	445.5	282.3	445.8	120.2	3.12	4.59	0	1,479	56	8.12	5.5	20.8	0.0	0.0	62.27	25	1.2758	2.0563	520	520.14	1,037.97	
205727	42	549.5	448.5	284.5	448.5	120.8	3.31	4.59	0	1,491	56	6.75	5.5	20.8	0.0	0.0	67.27	25	1.2758	2.0563	520	520.35	1,102.81	
206337	42	550.2	451.5	286.3	451.8	121.2	4.38	4.59	0	1,411	57	10.25	5.5	20.8	0.0	0.0	75.12	25	1.2758	2.0563	520	520.54	1,111.80	
206938	42	551.0	454.2	288.0	454.5	122.2	3.00	4.59	0	1,296	58	8.38	5.5	20.8	0.0	0.0	78.96	25	1.2758	2.0563	520	520.84	1,145.94	
207509	42	552.3	457.2	289.5	457.5	122.8	3.81	4.59	0	1,308	59	11.62	5.5	20.8	0.0	0.0	99.54	25	1.2758	2.0563	520	521.03	1,266.09	
208113	42	554.4	459.8	291.5	460.5	123.5	4.38	4.59	0	1,322	60	13.81	5.5	20.8	0.0	0.0	108.02	25	1.2758	2.0563	520	521.33	1,340.08	
208696	42	556.9	462.8	293.0	463.2	124.5	4.69	4.59	0	1,309	61	14.62	5.5	20.8	0.0	0.0	108.73	25	1.2758	2.0563	520	521.85	1,354.53	
209279	42	560.4	465.5	295.3	466.2	125.2	4.69	4.59	0	1,334	62	15.44	5.5	20.8	0.0	0.0	108.77	25	1.2758	2.0563	520	522.25	1,207.58	
209869	42	564.1	468.8	297.0	469.2	125.8	1.44	4.59	0	1,314	62	4.62	5.5	20.8	0.0	0.0	26.70	25	1.2758	2.0563	520	522.83	1,036.72	
210433	41	566.6	472.2	299.1	472.2	126.5	1.25	4.59	0	1,300	62	1.12	5.5	20.8	0.0	0.0	33.45	25	1.2758	2.0563	520	523.35	985.16	
211073	41	569.3	475.2	301.0	474.8	127.2	2.62	4.59	0	1,360	62	7.31	5.5	20.8	0.0	0.0	66.47	25	1.2758	2.0563	520	524.03	1,043.75	
211674	41	572.0	477.8	302.6	478.2	127.8	3.12	4.59	0	1,376	62	8.12	5.5	20.8	0.0	0.0	81.45	25	1.2758	2.0563	520	524.85	1,128.20	
212317	42	575.3	480.8	304.8	480.8	129.2	3.50	4.59	0	1,377	63	9.75	5.5	20.8	0.0	0.0	85.64	25	1.2758	2.0563	525	525.93	1,190.23	
212925	42	578.8	483.8	306.1	483.8	129.8	4.56	4.59	0	1,385	64	12.44	5.5	20.8	0.0	0.0	101.32	25	1.2758	2.0563	525	527.03	1,297.73	
213519	42	583.0	485.8	308.0	486.2	130.8	4.88	4.59	0	1,388	65	16.50	5.5	20.8	0.0	0.0	105.40	25	1.2758	2.0563	525	528.34	1,290.31	
214171	42	587.0	487.8	309.3	488.2	131.2	4.88	4.59	0	1,398	65	15.69	5.5	20.8	0.0	0.0	100.27	25	1.2758	2.0563	525	529.75	1,265.31	
214718	42	591.3	490.2	311.0	490.8	132.5	3.69	4.59	0	1,368	66	15.44	5.5	20.8	0.0	0.0	44.46	25	1.2758	2.0563	530	531.25	1,069.06	
215366	41	595.9	493.2	312.6	493.5	132.8	0.88	4.59	0	1,350	66	1.38	5.5	20.8	0.0	0.0	16.22	25	1.2758	2.0563	530	532.54	991.56	
216023	41	598.8	495.8	314.5	496.2	133.8	-0.06	4.59	0	1,334	64	0.56	5.5	20.8	0.0	0.0	14.34	25	1.2758	2.0563	530	533.73	969.22	
216650	41	601.3	498.5	316.3	498.5	134.5	0.69	4.59	0	1,339	63	0.81	5.5	20.8	0.0	0.0	17.09	25	1.2758	2.0563	530	534.74	965.62	
217260	41	603.4	500.2	317.8	500.2	135.8	0.56	4.59	0	1,314	62	0.81	5.5	20.8	0.0	0.0	17.06	25	1.2758	2.0563	535	535.75	969.53	
217899	41	605.4	500.8	318.6	501.2	136.5	0.69	4.59	0	1,290	61	0.81	5.5	20.8	0.0	0.0	17.23	25	1.2758	2.0563	535	536.85	969.45	
218503	41	607.1	501.5	319.3	501.5	137.2	0.69	4.59	0	1,270	60	0.56	5.5	20.8	0.0	0.0	19.22	25	1.2758	2.0563	535	537.74	968.52	
219078	41	608.7	501.8	319.6	501.2	137.8	2.81	4.59	0	1,277	60	1.94	5.5	20.8	0.0	0.0	50.02	25	1.2758	2.0563	535	538.54	963.12	
219640	41	610.3	501.2	319.6	501.2	138.5	2.62	4.59	0	1,358	60	5.69	5.5	20.8	0.0	0.0	65.91	25	1.2758	2.0484	535	539.85	1,025.62	
220225	42	612.0	500.5	320.0	500.5	139.5	3.00	4.59	0	1,332	60	7.31	5.5	21.2	0.0	0.0	76.90	25	1.2758	2.0648	540	541.14	1,093.67	
220914	42	613.5	499.8	320.2	500.2	139.8	3.00	4.59	0	1,304	61	8.38	5.5	20.8	0.0	0.0	78.84	25	1.2758	2.0570	540	542.85	1,110.00	
221536	42	615.2	500.2	320.1	499.8	140.8	1.75	4.59	0	1,282	61	4.88	5.5	20.8	0.0	0.0	33.33	25	1.2758	2.0570	540	544.23	1,022.58	
222079	41	616.2	499.5	320.5	499.5	141.8	1.06	4.59	0	1,303	61	1.12	5.5	20.8	0.0	0.0	17.74	25	1.2758	2.0570	545	545.15	980.62	
222636	41	616.9	499.8	320.8	499.8	142.5	0.38	4.59	0	1,236	60	0.31	5.5	20.8	0.0	0.0	11.67	25	1.2758	2.0570	545	546.25	967.11	
223338	41	617.6	499.5	321.3	499.5	143.2	0.69	4.59	0	1,251	59	0.81	5.5	20.8	0.0	0.0	16.99	25	1.2758	2.0570	545	547.35	964.22	
223855	41	618.2	499.5	321.6	499.8	143.5	0.69	4.59	0	1,229	58	0.81	5.5	20.8	0.0	0.0	17.39	25	1.2758	2.0570	545	548.24	968.20	
224348	41	618.8	499.5	321.6	499.2	144.2	0.88	4.59	0	1,211	58	0.81	5.5	20.8	0.0	0.0	16.95	25	1.2758	2.0570	545	549.04	968.36	
224876	41	619.3	498.2	321.5	498.2	144.8	0.88	4.59	0	1,196	57	0.81	5.5	20.8	0.0	0.0	17.27	25	1.2758	2.0570	545	549.83	968.20	
225457	41	619.8	497.8	321.3	497.5	145.5	0.88	4.59	0	1,179	56	0.56	5.5	20.8	0.0	0.0	17.30	25	1.2758	2.0570	550	550.84	968.20	
226016	41	620.3	496.5	321.1	496.5	145.8	0.88	4.59	0	1,164	55	0.56	5.5	20.8	0.0	0.0	17.30	25	1.2758	2.0570	550	551.85	967.81	
226586	41	620.7	494.8	320.7	494.8	146.5	1.06	4.59	0	1,147	55	0.56	5.5	20.8	0.0	0.0	17.32	25	1.2758	2.0570	550	552.83	967.50	
227145	41	621.2	493.5	320.3	493.5	147.2	1.06	4.59	0	1,136	54	0.56	5.5	20.8	0.0	0.0	17.37	25	1.2758	2.0570	550	553.63	967.34	
227712	41	621.6	491.5	319.6	491.8	147.5	1.06	4.59	0	1,123	54	0.56	5.5	20.8	0.0	0.0	17.34	25	1.2758	2.0570	550	554.55	967.03	
228259	42	621.9	490.5	319.1	490.5	147.8	1.06	4.59	0	1,119	53	0.56	5.5	20.8	0.0	0.0	17.46	25	1.2758	2.0570	555	555.34	966.56	
228810	42	622.3	488.8	318.8	488.5	148.2	1.06	4.59	0	1,107	53	0.56	5.5	20.8	0.0	0.0	17.51	25	1.2758	2.0570	555	556.14	966.33	
229363	42	622.6	487.2	318.1	486.8	148.8	0.56	4.59	0	1,148	53	0.81	5.5	20.8	0.0	0.0	12.84	25	1.2758	2.0570	555	556.84	964.38	
229950	42	622.9	485.2	317.3	485.2	149.5	1.56	4.59	0	1,110	53	0.56	5.5	20.8	0.0	0.0	12.82	25	1.2758	2.0570	555	557.73	962.34	
230593	42	623.1	483.2	316.3	483.2	149.8	1.06	4.59	0	1,105	53	0.00	5.5	20.8	0.0	0.0	15.28	25	1.2758	2.0570	555	558.65	960.47	
231126	42	623.3	481.5	316.0	481.5	150.2	2.12	4.59	0	1,146	53	1.12	5.5	20.8	0.0	0.0	38.23	25	1.2758	2.0570	555	559.35	956.09	
231667	42	623.4	479.8	315.0	479.8	150.5	2.12	4.59	0	1,199	54	2.75	5.5	20.8	0.0	0.0	54.96	25	1.2758	2.0570	560	560.15	971.41	
232304	42	623.4	478.2	314.5	477.8	151.2	2.25	4.59	0	1,207	55	4.06	5.5	20.8	0.0	0.0	61.48	25	1.2758	2.0570	560	561.25	1,010.23	
232841	42	623.1	476.8	314.0	476.5	151.2	2.25	4.59	0	1,214	56	4.31	5.5	20.8	0.0	0.0	59.88	25	1.2758	2.0570	560	562.14	1,029.14	
233405	42	622.5	475.5	313.6	475.2	152.2	2.25	4.59	0	1,236	57	4.31	5.5	20.8	0.0	0.0	60.14	25	1.2758	2.0570	560	563.15	1,041.56	
233945	42	621.8	474.5	313.2	474.2	152.5	2.25	4.59	0	1,258	58	4.88	5.5	20.8	0.0	0.0	61.15	25	1.2758	2.0570	560	563.94	1,048.52	
234519	42	621.0	473.5	313.3	473.8	152.8	2.25	4.59	0	1,275	59	5.12	5.5	20.8	0.0	0.0	61.88	25	1.2758	2.0570	565	564.93	1,055.86	
235176	42	619.8	473.5	313.3	473.2	153.2	2.25	4.59	0	1,302	60	5.44	5.5	20.8	0.0	0.0	62.18	25	1.2758	2.0570	565	565.84	1,064.22	
235728	42	618.5	473.5	313.5	473.5	153.8	2.44	4.59	0	1,327	62	5.69	5.5	20.8	0.0	0.0	62.25	25	1.2758	2.0570	565	566.85	1,069.53	
236258	42	617.2	473.8	313.6	473.8	154.2	2.25	4.59	0	1,343	63	5.69	5.5	20.8	0.0	0.0	58.55	25	1.2758	2.0570	565	567.53	1,073.28	
236809	41	615.8	474.2	314.5	474.2	154.8	2.25	4.59	0	1,364	64	4.88	5.5	20.8	0.0	0.0	53.93	25	1.2758	2.0570	565	568.44	1,065.31	
237349	41	614.5	474.8	314.8	474.8	155.2	1.25	4.59	0	1,339	64	2.75	5.5	20.8	0.0	0.0	24.66	25	1.2758	2.0570	565	569.03	1,007.81	
237911	41	613.3	476.2	316.0	475.8	155.5	1.06	4.59	0	1,354	64	1.12	5.5	20.8	0.0	0.0	12.54	25	1.2758	2.0570	565	569.55	975.00	
238441	41	612.4	476.2	316.1	476.5	156.2	-0.62	4.59	0	1,313	64	0.00	5.5	20.8	0.0	0.0	15.70	25	1.2758	2.0570	570	570.04	967.19	
238982	41	611.7	477.2	316.7	477.5	156.5	0.56	4.59	0	1,338	64	0.81	5.5	20.8	0.0	0.0	17.74	25	1.2758	2.0570	570	570.53	965.47	
239554	41	610.9	477.5	317.0	477.8	156.8	0.69	4.59	0	1,340	64	1.12	5.5	20.8	0.0	0.0	17.95	25	1.2758	2.0570	570	571.05	969.22	
240118	41	610.3	477.8	317.5	478.2	157.5	0.56	4.59	0	1,326	63	1.12	5.5	20.8	0.0	0.0	18.02	25	1.2758	2.0570	570	571.54	970.00	
240648	41	609.8	478.5	318.0	478.2	157.5	0.56	4.59	0	1,317	63	0.81	5.5	20.8	0.0	0.0	17.98	25	1.2758	2.0570	570	571.94	970.00	
241286	41	609.4	477.8	318.2	478.2	158.2	0.56	4.59	0	1,302	62	1.12	5.5	20.8	0.0	0.0	18.07	25	1.2758	2.0570	570	572.43	970.16	
241827	41	609.1	477.8	318.0	477.5	158.5	0.69	4.59	0	1,272	60	0.81	5.5	20.8	0.0	0.0	17.81	25	1.2758	2.0570	570	572.85	970.62	
242374	41	608.7	477.2	318.0	476.8	158.5	0.69	4.59	0	1,210	57	0.81	5.5	20.8	0.0	0.0	17.98	25	1.2758	2.0570	570	573.13	969.92	
242926	41	608.4	476.5	318.0	476.5	159.5	1.06	4.59	0	1,146	54	0.56	5.5	20.8	0.0	0.0	17.91	25	1.2758	2.0570	570	573.53	969.22	
243462	42	608.2	475.5	317.5	475.8	159.8	1.06	4.59	0	1,122	53	0.56	5.5	20.8	0.0	0.0	17.88	25	1.2758	2.0570	570	573.93	968.52	
244000	42	608.0	474.8	317.3	474.5	159.8	1.06	4.59	0	1,105	52	0.56	5.5	20.8	0.0	0.0	14.88	25	1.2758	2.0570	570	574.23	966.88	
244579	42	607.8	474.2	317.2	473.8	160.2	1.25	4.59	0	1,308	52	0.56	5.5	20.8	0.0	0.0	21.19	25	1.2758	2.0570	570	574.63	952.81	
245202	42	607.4	473.2	316.8	472.8	160.5	2.25	4.59	0	1,387	52	4.88	5.5	20.8	0.0	0.0	63.89	25	1.2758	2.0570	575	575.15	990.55	
245728	42	606.7	471.8	316.5	471.8	160.8	4.19	4.59	0	1,528	52	11.06	5.5	20.8	0.0	0.0	91.99	25	1.2758	2.0570	575	575.43	1,160.70	
246276	42	605.8	471.5	316.1	471.2	161.2	8.88	4.59	0	1,747	53	16.75	5.5	20.8	0.0	0.0	113.86	25	1.2758	2.0484	575	575.64	1,406.33	
246839	42	604.8	470.8	316.0	470.8	161.8	10.44	4.59	0	1,875	56	20.81	5.5	20.8	0.0	0.0	104.23	25	1.2758	2.0570	575	575.73	1,295.47	
247430	42	603.8	470.8	316.5	471.2	161.8	8.69	4.59	0	1,960	58	17.31	5.5	20.8	0.0	0.0	90.91	25	1.2758	2.0570	575	575.55	1,217.11	
247962	42	603.1	472.2	317.1	472.2	162.2	7.69	4.59	0	2,032	60	17.56	5.5	21.2	0.0	0.0	95.09	25	1.2758	2.0648	575	575.24	1,383.44	
248498	41	602.8	473.5	317.8	473.5	162.5	10.94	4.59	0	2,095	62	30.00	5.5	20.8	0.0	0.0	101.98	25	1.2758	2.0484	570	574.84	1,533.59	
249080	42	602.8	475.8	319.2	475.8	163.5	8.19	4.59	0	2,149	64	19.75	5.5	20.8	0.0	0.0	87.19	25	1.2758	2.0563	570	574.54	1,431.64	
249802	41	603.5	478.8	321.2	479.2	164.2	3.50	4.59	0	2,161	65	7.88	5.5	20.8	0.0	0.0	31.73	25	1.2758	2.0563	570	574.23	1,020.86	
250412	40	604.2	482.2	323.3	482.8	164.5	1.75	4.59	0	2,194	65	-0.44	5.5	20.8	0.0	0.0	18.59	25	1.2758	2.0563	570	574.14	978.83	
250949	40	604.9	487.2	325.8	487.5	165.5	0.88	4.59	0	1,540	64	1.12	5.5	21.2	0.0	0.0	16.95	25	1.2758	2.0648	570	574.14	972.27	
251536	40	605.4	490.8	328.1	490.8	166.2	2.25	4.59	0	1,658	64	2.19	5.5	21.2	0.0	0.0	19.20	25	1.2758	2.0648	570	574.14	963.28	
252082	40	606.0	493.8	330.0	494.2	166.8	3.12	4.59	0	1,710	63	3.50	5.5	21.2	0.0	0.0	54.91	25	1.2758	2.0648	570	574.14	983.59	
252613	41	606.5	496.5	331.7	496.5	167.2	4.69	4.59	0	1,730	64	7.88	5.5	21.2	0.0	0.0	72.28	25	1.2758	2.0648	570	574.14	1,115.62	
253178	41	607.0	498.8	333.0	498.8	167.5	3.81	4.59	0	1,448	65	10.00	5.5	21.2	0.0	0.0	88.38	25	1.2758	2.0648	570	574.23	1,200.78	
253723	41	607.6	500.8	334.8	501.2	168.2	5.38	4.59	0	1,456	66	14.06	5.5	20.8	0.0	0.0	105.45	25	1.2758	2.0570	570	574.35	1,342.11	
254333	41	608.7	503.8	335.8	503.8	168.8	10.94	4.59	0	1,728	67	23.75	5.5	20.8	0.0	0.0	120.96	25	1.2758	2.0570	570	574.54	1,460.78	
254898	41	610.5	506.5	338.0	506.8	169.5	10.06	4.59	0	1,790	69	21.62	5.5	21.2	0.0	0.0	118.38	25	1.2758	2.0742	575	574.94	1,571.48	
255422	41	612.9	509.8	340.0	509.8	170.2	11.81	4.59	0	1,813	71	26.75	5.5	20.8	0.0	0.0	79.38	25	1.2758	2.0570	575	575.33	1,177.73	
255935	41	615.6	512.5	341.5	512.8	170.8	2.81	4.59	0	1,887	71	3.81	5.5	21.2	0.0	0.0	28.52	25	1.2758	2.0742	575	575.85	1,063.20	
256469	40	617.3	516.2	343.5	516.5	171.5	0.00	4.59	0	1,801	71	0.31	5.5	21.2	0.0	0.0	14.16	25	1.2758	2.0656	575	576.25	995.39	
256988	40	618.8	519.2	345.3	519.5	172.8	0.38	4.59	0	1,354	70	0.31	5.5	21.2	0.0	0.0	16.38	25	1.2758	2.0656	575	576.65	975.47	
257528	40	620.2	522.8	347.5	523.2	172.2	0.69	4.59	0	1,363	70	0.81	5.5	21.2	0.0	0.0	17.09	25	1.2758	2.0656	575	576.93	969.92	
257971	40	621.2	525.2	349.0	525.2	173.2	0.69	4.59	0	1,377	69	1.12	5.5	21.2	0.0	0.0	17.20	25	1.2758	2.0656	575	577.23	974.61	
258676	40	622.4	527.5	350.8	527.8	173.8	0.56	4.59	0	1,392	69	1.12	5.5	21.2	0.0	0.0	17.04	25	1.2758	2.0656	575	577.75	974.84	
259274	40	623.6	529.8	352.0	529.5	174.5	0.56	4.59	0	1,339	68	1.62	5.5	21.2	0.0	0.0	15.75	25	1.2758	2.0656	575	578.15	969.22	
259795	41	624.9	530.8	353.0	531.2	175.2	2.25	4.59	0	1,266	68	1.94	5.5	21.2	0.0	0.0	49.69	25	1.2758	2.0656	575	578.64	968.36	
260350	41	626.0	531.8	353.8	532.2	176.2	2.81	4.59	0	1,271	68	5.69	5.5	21.2	0.0	0.0	70.59	25	1.2758	2.0656	575	579.04	1,025.08	
260875	41	627.0	532.2	354.5	532.5	176.5	3.50	4.59	0	1,413	69	8.38	5.5	20.8	0.0	0.0	77.93	25	1.2758	2.0578	575	579.65	1,094.45	
261419	42	628.0	533.5	355.0	533.5	176.8	3.31	4.59	0	1,466	70	10.25	5.5	21.2	0.0	0.0	69.52	25	1.2758	2.0750	580	580.35	1,062.73	
261983	41	629.1	533.8	355.5	534.2	177.5	3.12	4.59	0	1,502	70	6.75	5.5	21.2	0.0	0.0	61.59	25	1.2758	2.0664	580	581.03	1,087.73	
262503	41	629.9	534.8	356.1	534.8	177.8	1.44	4.59	0	1,485	71	2.44	5.5	21.2	0.0	0.0	19.64	25	1.2758	2.0664	580	581.73	1,009.22	
263044	41	630.4	535.5	357.0	535.8	178.5	1.25	4.59	0	1,479	70	1.12	5.5	21.2	0.0	0.0	12.14	25	1.2758	2.0664	580	582.25	976.88	
263643	41	630.9	536.8	357.8	536.8	179.5	2.81	4.59	0	1,494	70	1.38	5.5	21.2	0.0	0.0	31.55	25	1.2758	2.0664	580	582.83	965.08	
264217	41	631.2	538.2	359.0	537.8	179.8	2.44	4.59	0	1,548	70	4.88	5.5	21.2	0.0	0.0	58.95	25	1.2758	2.0664	580	583.54	1,007.27	
264741	41	631.5	538.5	359.3	538.5	180.2	3.69	4.59	0	1,542	71	7.88	5.5	21.2	0.0	0.0	74.34	25	1.2758	2.0664	580	584.24	1,103.12	
265290	41	631.6	539.5	359.6	539.5	180.8	5.25	4.59	0	1,552	72	12.69	5.5	21.2	0.0	0.0	95.16	25	1.2758	2.0664	585	585.13	1,272.27	
265823	42	632.1	539.8	360.8	539.8	181.8	9.56	4.59	0	1,930	73	20.81	5.5	21.2	0.0	0.0	115.20	25	1.2758	2.0664	585	585.93	1,577.73	
266359	42	632.9	541.2	361.6	541.2	182.5	13.06	4.59	0	1,943	75	33.25	5.5	21.2	0.0	0.0	124.83	25	1.2758	2.0664	585	586.75	1,559.45	
266926	42	634.0	542.8	362.6	542.5	182.8	11.50	4.59	0	1,999	77	29.44	5.5	21.2	0.0	0.0	117.47	25	1.2758	2.0750	585	587.85	1,568.20	
267564	42	635.5	544.5	363.7	544.5	183.5	12.00	4.59	0	2,046	79	31.06	5.5	20.8	0.0	0.0	126.75	25	1.2758	2.0656	585	589.05	1,742.11	
268159	42	637.9	546.8	365.8	547.8	184.5	15.31	4.59	0	2,121	82	42.94	5.5	21.2	0.0	0.0	138.56	25	1.2758	2.0742	590	590.55	1,843.20	
268744	42	641.2	551.2	368.1	551.2	185.5	18.06	4.59	0	2,196	85	51.56	5.5	21.2	0.0	0.0	145.78	25	1.2758	2.0734	590	592.23	1,889.06	
269298	42	644.1	554.2	369.8	554.5	186.8	19.44	4.59	0	2,239	87	55.12	5.5	21.6	0.0	0.0	144.07	25	1.2758	2.0898	590	594.25	1,859.14	
269833	43	648.6	558.2	372.6	558.8	187.5	19.31	4.59	0	2,298	90	54.81	5.5	21.6	0.0	0.0	139.62	25	1.2758	2.0891	595	596.15	1,837.89	
270394	43	653.6	562.2	375.0	562.8	188.8	20.19	4.59	0	2,375	92	58.62	5.5	22.0	0.0	0.0	142.31	25	1.2758	2.1055	595	598.84	1,868.59	
270941	43	659.7	567.2	378.1	567.8	190.2	22.06	4.59	0	2,439	95	62.94	5.5	22.0	0.0	0.0	141.54	25	1.2758	2.1047	600	601.35	1,848.12	
271471	43	665.9	572.2	381.0	572.2	191.5	21.75	4.59	0	2,489	97	62.94	5.5	22.4	0.0	0.0	139.62	25	1.2758	2.1203	600	604.35	1,835.86	
272007	43	673.5	577.5	384.8	577.5	192.8	22.75	4.59	0	2,557	99	66.69	5.5	22.4	0.0	0.0	141.19	25	1.2758	2.1195	605	608.24	1,762.03	
272549	43	681.6	583.5	388.2	583.5	194.5	19.31	4.59	0	2,609	101	53.50	5.5	22.4	0.0	0.0	115.12	25	1.2758	2.1273	610	611.85	1,570.62	
273113	43	689.6	588.8	392.1	589.5	196.2	18.62	4.59	0	2,671	103	53.19	5.5	22.4	0.0	0.0	120.21	25	1.2758	2.1359	615	616.54	1,594.14	
273659	43	697.6	594.8	395.7	595.2	197.5	18.75	4.59	0	2,705	105	52.69	5.5	22.7	0.0	0.0	117.21	25	1.2758	2.1437	620	620.64	1,601.02	
274230	43	706.2	601.2	399.6	601.8	199.5	20.19	4.59	0	2,765	107	55.38	5.5	22.7	0.0	0.0	116.62	25	1.2758	2.1437	625	625.75	1,562.11	
274776	43	712.9	607.2	403.3	607.8	201.5	4.69	4.59	0	2,819	108	13.81	5.5	22.4	0.0	0.0	35.86	25	1.2758	2.1359	630	629.94	1,057.27	
275300	43	718.5	613.5	407.8	613.8	202.5	0.38	4.59	0	2,750	108	2.44	5.5	22.7	0.0	0.0	19.36	25	1.2758	2.1437	630	633.65	989.38	
275942	42	722.4	619.2	411.0	619.5	204.2	1.56	4.59	0	2,124	108	1.12	5.5	22.7	0.0	0.0	16.95	25	1.2758	2.1594	635	636.53	978.91	
276471	42	725.7	624.5	414.6	624.8	206.2	1.44	4.59	0	2,191	107	1.12	5.5	23.1	0.0	0.0	17.34	25	1.2758	2.1664	635	638.85	976.48	
277042	42	729.2	630.2	418.6	630.5	207.8	1.56	4.59	0	2,233	106	1.38	5.5	23.1	0.0	0.0	15.70	25	1.2758	2.1648	640	641.43	984.77	
277596	43	732.0	633.8	420.8	633.5	209.2	4.00	4.59	0	2,246	106	5.12	5.5	23.1	0.0	0.0	55.36	25	1.2758	2.1719	640	644.43	1,008.20	
278156	43	735.3	636.2	423.0	635.8	210.8	6.44	4.59	0	2,275	106	15.44	5.5	23.5	0.0	0.0	105.49	25	1.2758	2.1875	645	647.33	1,335.70	
278737	43	738.7	638.8	425.1	638.8	212.5	9.75	4.59	0	1,930	107	22.69	5.5	23.5	0.0	0.0	104.79	25	1.2758	2.1953	650	650.94	1,352.66	
279250	43	741.6	640.8	426.8	641.2	213.2	9.75	4.59	0	1,959	108	23.50	5.5	23.5	0.0	0.0	104.13	25	1.2758	2.1953	650	654.04	1,406.72	
279818	43	744.8	643.2	428.8	643.2	214.8	9.06	4.59	0	1,930	109	17.81	5.5	23.5	0.0	0.0	45.09	25	1.2758	2.1953	655	657.53	1,072.19	
280381	43	747.1	646.2	430.6	646.5	216.5	1.44	4.59	0	1,940	109	1.12	5.5	23.9	0.0	0.0	15.82	25	1.2758	2.2125	655	659.85	986.25	
280948	42	748.8	648.8	433.0	649.2	218.2	1.44	4.59	0	1,885	108	0.31	5.5	23.9	0.0	0.0	10.15	25	1.2758	2.2125	660	662.03	964.22	
281533	42	750.1	651.5	435.1	651.8	219.5	1.44	4.59	0	1,815	107	0.31	5.5	23.9	0.0	0.0	16.78	25	1.2758	2.2031	660	664.05	966.02	
282114	42	751.2	653.5	436.8	653.5	220.8	1.56	4.59	0	1,890	107	1.12	5.5	23.9	0.0	0.0	17.34	25	1.2758	2.2109	665	665.85	974.61	
282638	42	752.1	654.8	437.8	654.8	221.5	1.56	4.59	0	1,874	106	0.81	5.5	23.9	0.0	0.0	17.58	25	1.2758	2.2109	665	667.35	977.81	
283209	42	752.9	655.5	438.8	655.5	222.2	1.44	4.59	0	1,857	105	1.12	5.5	23.9	0.0	0.0	17.53	25	1.2758	2.2188	665	668.94	979.30	
283744	42	753.7	655.8	439.6	655.5	223.5	1.56	4.59	0	1,838	105	1.12	5.5	24.3	0.0	0.0	17.51	25	1.2758	2.2188	670	670.23	979.77	
284285	42	754.3	655.5	439.8	655.5	224.5	1.44	4.59	0	1,835	104	0.81	5.5	24.3	0.0	0.0	17.62	25	1.2758	2.2188	670	671.64	980.31	
284915	43	754.9	654.8	440.1	655.2	225.5	1.56	4.59	0	1,825	103	0.56	5.5	24.3	0.0	0.0	17.60	25	1.2758	2.2188	670	672.93	979.84	
285495	43	755.5	654.2	440.1	654.2	226.2	1.44	4.59	0	1,805	103	1.12	5.5	24.3	0.0	0.0	17.84	25	1.2758	2.2188	670	674.24	980.08	
286029	43	755.9	652.5	440.0	652.5	227.5	2.44	4.59	0	1,838	102	1.12	5.5	24.3	0.0	0.0	42.26	25	1.2758	2.2109	675	675.34	962.66	
286558	43	756.3	651.8	439.8	651.5	228.2	4.88	4.59	0	2,070	102	8.94	5.5	23.9	0.0	0.0	79.73	25	1.2758	2.2109	675	676.63	1,115.55	
287116	43	756.2	650.2	439.3	650.2	228.8	10.94	4.59	0	2,171	103	29.44	5.5	23.9	0.0	0.0	121.36	25	1.2758	2.2031	675	678.53	1,647.03	
287689	43	755.5	649.2	439.3	649.2	230.2	14.62	4.59	0	2,207	105	40.25	5.5	23.9	0.0	0.0	121.80	25	1.2758	2.2109	680	680.24	1,630.55	
288298	43	753.7	649.2	439.8	649.2	231.2	15.31	4.59	0	2,240	107	44.00	5.5	23.9	0.0	0.0	123.94	25	1.2758	2.2086	680	682.63	1,630.94	
288867	43	751.7	649.5	440.8	649.8	232.5	16.00	4.59	0	2,276	108	45.62	5.5	24.3	0.0	0.0	125.37	25	1.2758	2.2070	680	684.25	1,656.41	
289396	42	749.4	651.5	442.3	651.8	233.8	16.31	4.59	0	2,313	110	48.38	5.5	23.9	0.0	0.0	125.98	25	1.2758	2.2227	685	685.94	1,663.67	
289969	42	747.1	654.5	444.1	654.5	234.8	17.06	4.59	0	2,351	111	50.50	5.5	23.9	0.0	0.0	127.45	25	1.2758	2.2211	685	687.25	1,678.98	
290505	42	745.0	657.5	446.6	658.2	235.8	17.88	4.59	0	2,382	113	51.56	5.5	24.3	0.0	0.0	127.34	25	1.2758	2.2195	685	688.63	1,684.61	
291095	41	743.0	662.5	449.7	662.5	237.2	18.75	4.59	0	2,422	115	55.94	5.5	24.3	0.0	0.0	130.90	25	1.2758	2.2344	685	689.85	1,761.02	
291653	41	741.7	667.2	452.6	667.5	238.8	21.88	4.59	0	2,450	116	63.19	5.5	24.3	0.0	0.0	138.42	25	1.2758	2.2328	690	690.74	1,803.98	
292171	41	741.0	671.8	455.8	672.5	240.5	22.44	4.59	0	2,485	118	66.19	5.5	24.7	0.0	0.0	137.62	25	1.2758	2.2398	690	691.44	1,787.89	
292650	41	741.0	676.8	459.1	677.2	241.5	22.25	4.59	0	2,512	119	65.62	5.5	25.1	0.0	0.0	134.84	25	1.2758	2.2383	690	692.15	1,769.30	
293267	41	741.8	683.5	462.8	683.8	243.8	22.94	4.59	0	2,551	121	68.06	5.5	24.7	0.0	0.0	136.99	25	1.2758	2.2531	690	693.04	1,784.30	
293904	41	743.3	689.5	466.5	690.2	245.5	22.75	4.59	0	2,583	123	67.81	5.5	25.1	0.0	0.0	128.84	25	1.2758	2.2680	690	694.23	1,705.78	
294435	41	745.5	695.5	471.2	696.8	247.8	22.25	4.59	0	2,623	124	65.38	5.5	25.5	0.0	0.0	131.60	25	1.2758	2.2586	695	695.15	1,734.77	
295004	41	748.7	702.8	476.0	703.2	249.8	22.94	4.59	0	2,645	126	67.25	5.5	25.1	0.0	0.0	130.31	25	1.2758	2.2586	695	696.44	1,720.70	
295532	41	751.8	709.5	480.1	709.5	251.8	23.12	4.59	0	2,674	127	65.06	5.5	25.1	0.0	0.0	122.60	25	1.2758	2.2664	695	697.75	1,572.19	
296129	41	755.5	715.5	484.1	716.2	253.8	15.81	4.59	0	2,688	128	43.75	5.5	25.1	0.0	0.0	94.05	25	1.2758	2.2664	695	699.34	1,284.06	
296688	40	758.7	722.2	488.6	722.5	255.8	2.81	4.59	0	2,684	128	7.31	5.5	25.5	0.0	0.0	20.30	25	1.2758	2.2828	700	700.75	1,019.22	
297231	39	760.7	727.2	492.0	727.5	257.8	0.38	4.59	0	2,182	127	0.81	5.5	25.1	0.0	0.0	17.98	25	1.2758	2.2734	700	701.55	986.09	
297764	39	762.4	732.2	495.2	732.5	259.8	1.06	4.59	0	2,131	126	1.38	5.5	25.5	0.0	0.0	17.27	25	1.2758	2.2789	700	702.34	978.44	
298342	40	764.1	736.8	498.7	736.5	261.5	0.88	4.59	0	2,175	125	1.12	5.5	25.5	0.0	0.0	17.37	25	1.2758	2.2844	700	703.23	975.70	
298912	40	765.5	739.8	501.0	739.8	263.2	0.88	4.59	0	2,183	124	1.38	5.5	25.5	0.0	0.0	17.04	25	1.2758	2.2898	700	704.03	986.33	
299480	41	766.8	742.2	503.1	742.2	264.5	1.06	4.59	0	2,169	123	1.94	5.5	25.9	0.0	0.0	17.48	25	1.2758	2.2945	700	704.73	988.28	
300002	41	767.9	743.2	504.1	743.2	265.8	1.06	4.59	0	2,142	122	1.38	5.5	25.9	0.0	0.0	17.20	25	1.2758	2.2922	705	705.44	989.22	
300567	41	768.8	743.5	505.1	743.5	267.5	1.25	4.59	0	2,128	121	0.56	5.5	25.9	0.0	0.0	17.53	25	1.2758	2.3141	705	706.05	988.91	
301103	42	769.8	743.2	505.6	743.2	268.2	1.25	4.59	0	2,109	120	0.56	5.5	25.9	0.0	0.0	17.81	25	1.2758	2.3047	705	706.63	989.14	
301686	42	770.7	742.5	506.1	742.5	269.2	1.44	4.59	0	2,095	119	1.94	5.5	25.9	0.0	0.0	17.88	25	1.2758	2.3187	705	707.15	988.12	
302318	42	771.5	741.5	506.3	741.2	270.8	1.56	4.59	0	2,072	118	0.81	5.5	25.9	0.0	0.0	18.12	25	1.2758	2.3094	705	707.73	988.36	
302843	42	772.2	740.2	506.0	740.2	271.8	1.56	4.59	0	2,053	117	0.56	5.5	25.9	0.0	0.0	18.30	25	1.2758	2.3094	705	708.25	987.66	
303366	42	772.9	738.2	505.3	738.2	272.8	1.56	4.59	0	2,039	116	1.62	5.5	25.9	0.0	0.0	18.23	25	1.2758	2.3094	705	708.65	986.80	
303878	42	773.4	736.5	504.8	736.2	273.5	1.44	4.59	0	2,023	115	1.62	5.5	26.3	0.0	0.0	20.18	25	1.2758	2.3164	705	708.93	986.88	
304453	43	774.0	733.5	504.2	733.5	274.2	2.81	4.59	0	2,005	114	3.25	5.5	25.9	0.0	0.0	48.40	25	1.2758	2.3094	705	709.54	982.19	
305007	43	774.6	731.8	503.3	731.5	274.8	5.25	4.59	0	2,031	114	10.56	5.5	26.3	0.0	0.0	75.45	25	1.2758	2.3258	710	710.24	1,155.23	
305562	43	775.0	729.5	502.8	729.5	275.8	10.06	4.59	0	2,018	114	26.75	5.5	26.3	0.0	0.0	103.45	25	1.2758	2.3187	710	710.94	1,297.27	
306103	43	775.4	727.8	502.0	727.5	276.5	9.94	4.59	0	2,000	114	27.00	5.5	26.3	0.0	0.0	51.42	25	1.2758	2.3187	710	711.93	1,085.16	
306629	42	775.5	726.5	501.6	726.5	277.2	1.44	4.59	0	2,072	114	2.19	5.5	26.3	0.0	0.0	16.27	25	1.2758	2.3187	710	712.54	991.17	
307144	41	775.5	726.2	501.8	726.2	278.2	1.94	4.59	0	1,992	113	1.38	5.5	25.9	0.0	0.0	8.93	25	1.2758	2.3117	710	713.15	967.11	
307711	41	775.5	725.5	502.0	725.8	278.2	1.25	4.59	0	1,959	113	-0.19	5.5	25.9	0.0	0.0	17.79	25	1.2758	2.3047	710	713.73	968.44	
308294	41	775.4	724.8	502.1	724.8	279.5	1.56	4.59	0	1,962	111	0.31	5.5	25.9	0.0	0.0	18.05	25	1.2758	2.3211	710	714.34	975.23	
308818	41	775.4	724.2	501.8	724.2	279.8	1.56	4.59	0	1,947	110	0.56	5.5	26.3	0.0	0.0	18.12	25	1.2758	2.3141	710	714.74	980.16	
309358	41	775.4	723.2	501.8	722.8	280.5	1.56	4.59	0	1,926	109	0.81	5.5	26.3	0.0	0.0	18.07	25	1.2758	2.3141	715	715.23	982.19	
309905	42	775.3	722.2	501.5	721.8	280.5	1.56	4.59	0	1,944	108	2.19	5.5	26.3	0.0	0.0	17.25	25	1.2758	2.3141	715	715.63	976.48	
310469	42	775.2	719.8	500.8	719.8	281.5	3.69	4.59	0	1,935	108	5.12	5.5	26.3	0.0	0.0	57.94	25	1.2758	2.3141	715	716.15	1,013.75	
311119	42	774.8	718.2	500.1	717.8	281.5	5.38	4.59	0	1,928	108	11.38	5.5	26.3	0.0	0.0	72.84	25	1.2758	2.3141	715	716.94	1,198.83	
311662	42	774.0	716.5	499.5	716.5	281.8	6.25	4.59	0	1,928	109	15.69	5.5	26.3	0.0	0.0	82.85	25	1.2758	2.3141	715	717.53	1,299.61	
312282	42	772.4	715.2	499.0	715.2	282.8	10.94	4.59	0	1,947	109	27.56	5.5	26.3	0.0	0.0	108.09	25	1.2758	2.3141	715	718.14	1,374.45	
312866	41	771.1	714.8	499.0	714.5	283.5	10.06	4.59	0	1,950	110	25.94	5.5	25.9	0.0	0.0	100.22	25	1.2758	2.2977	715	718.84	1,325.86	
313425	41	770.0	715.2	499.7	715.5	284.2	9.56	4.59	0	1,962	111	23.75	5.5	25.9	0.0	0.0	93.82	25	1.2758	2.3047	715	719.55	1,253.91	
313952	41	769.3	716.5	500.3	716.5	284.8	9.25	4.59	0	1,960	111	23.00	5.5	25.9	0.0	0.0	51.52	25	1.2758	2.3047	720	720.04	1,078.36	
314489	40	768.7	717.5	501.1	717.8	285.5	1.75	4.59	0	1,951	111	2.19	5.5	25.9	0.0	0.0	16.57	25	1.2758	2.3047	720	720.44	988.44	
315013	39	768.2	719.8	502.6	720.2	285.8	2.12	4.59	0	1,951	110	0.31	5.5	25.9	0.0	0.0	11.62	25	1.2758	2.2977	720	720.83	966.48	
315574	39	767.7	721.5	503.8	721.2	286.5	1.44	4.59	0	1,910	110	1.38	5.5	25.9	0.0	0.0	17.51	25	1.2758	2.2977	720	721.14	967.03	
316126	39	767.1	722.5	504.8	722.5	286.8	1.44	4.59	0	1,920	109	0.00	5.5	25.9	0.0	0.0	17.77	25	1.2758	2.2977	720	721.44	968.98	
316712	40	766.7	723.2	505.3	723.5	287.2	1.44	4.59	0	1,901	108	0.31	5.5	25.5	0.0	0.0	17.91	25	1.2758	2.2906	720	721.63	979.06	
317245	40	766.3	723.5	505.5	723.5	288.2	1.25	4.59	0	1,891	107	0.56	5.5	25.5	0.0	0.0	17.81	25	1.2758	2.2906	720	721.84	980.78	
317781	40	766.0	723.2	505.7	723.2	288.5	1.44	4.59	0	1,878	107	1.12	5.5	25.5	0.0	0.0	17.98	25	1.2758	2.2906	720	722.03	981.72	
318385	41	765.6	722.5	505.6	722.5	288.5	1.06	4.59	0	1,883	106	1.12	5.5	25.5	0.0	0.0	38.18	25	1.2758	2.2906	720	722.43	965.39	
318920	41	765.0	721.2	505.2	721.2	289.5	4.69	4.59	0	1,880	106	8.94	5.5	25.5	0.0	0.0	64.38	25	1.2758	2.3070	720	722.64	1,074.30	
319466	41	764.1	719.5	504.5	719.5	289.2	7.81	4.59	0	1,911	107	18.62	5.5	25.9	0.0	0.0	102.68	25	1.2758	2.3000	720	722.94	1,280.00	
320105	41	762.7	718.8	504.3	718.8	289.8	9.75	4.59	0	1,893	107	24.06	5.5	25.5	0.0	0.0	99.89	25	1.2758	2.2922	720	723.13	1,306.41	
320616	41	761.5	718.5	504.3	718.5	290.2	10.06	4.59	0	1,957	108	25.94	5.5	25.5	0.0	0.0	105.19	25	1.2758	2.2922	720	723.13	1,382.03	
321121	41	760.4	718.8	504.5	718.5	291.2	10.44	4.59	0	1,936	109	26.50	5.5	25.9	0.0	0.0	99.45	25	1.2758	2.2836	720	723.13	1,317.66	
321682	40	759.5	719.8	505.1	719.5	291.5	9.75	4.59	0	1,958	110	24.56	5.5	25.5	0.0	0.0	98.93	25	1.2758	2.2836	720	723.13	1,312.11	
322250	40	758.7	721.5	506.6	721.8	291.8	9.38	4.59	0	1,963	111	23.25	5.5	25.5	0.0	0.0	91.12	25	1.2758	2.2906	720	723.13	1,232.66	
322802	40	758.3	723.5	508.1	723.8	292.5	8.69	4.59	0	1,989	112	22.69	5.5	25.5	0.0	0.0	92.25	25	1.2758	2.2906	720	723.04	1,301.41	
323353	40	758.2	725.5	509.2	725.5	293.5	10.25	4.59	0	2,006	113	27.00	5.5	25.5	0.0	0.0	110.58	25	1.2758	2.2906	720	722.94	1,464.38	
323778	40	758.1	727.5	510.3	727.5	294.2	11.81	4.59	0	2,007	113	31.62	5.5	25.5	0.0	0.0	111.40	25	1.2758	2.2906	720	722.94	1,451.56	
324322	39	758.0	730.2	512.3	730.2	294.5	11.62	4.59	0	2,039	114	32.69	5.5	25.5	0.0	0.0	112.88	25	1.2758	2.2906	720	722.85	1,483.05	
324904	39	757.9	733.5	514.5	733.8	295.5	11.62	4.59	0	2,044	115	31.62	5.5	25.5	0.0	0.0	100.22	25	1.2758	2.2906	720	722.73	1,310.86	
325433	39	758.0	736.8	516.3	737.2	296.5	9.38	4.59	0	2,072	116	25.94	5.5	25.5	0.0	0.0	92.30	26	1.2758	2.2906	720	722.73	1,218.52	
325968	39	758.4	739.8	518.1	740.2	297.5	8.19	4.59	0	2,107	117	21.38	5.5	25.5	0.0	0.0	83.79	26	1.2758	2.2906	720	722.73	1,259.22	
326516	39	759.2	743.5	520.8	743.8	298.2	11.62	4.59	0	2,072	117	33.75	5.5	25.5	0.0	0.0	97.45	26	1.2758	2.2836	720	722.73	1,440.55	
327087	39	760.2	746.8	522.1	747.2	298.8	8.69	4.59	0	2,082	118	25.12	5.5	25.5	0.0	0.0	82.52	26	1.2758	2.2836	720	722.85	1,253.52	
327613	39	760.8	750.2	524.8	750.2	300.2	6.81	4.59	0	2,130	119	17.56	5.5	25.5	0.0	0.0	76.90	26	1.2758	2.2922	720	722.94	1,312.97	
328206	38	761.5	753.2	526.8	753.5	300.8	8.19	4.59	0	2,128	119	21.06	5.5	25.5	0.0	0.0	89.72	26	1.2758	2.2852	720	723.04	1,261.95	
328720	39	762.6	756.2	528.6	756.2	301.5	4.19	4.59	0	2,098	120	6.25	5.5	25.5	0.0	0.0	25.48	26	1.2758	2.2852	720	723.25	1,028.52	
329239	38	763.3	759.2	530.8	759.5	302.8	0.88	4.59	0	2,106	119	1.62	5.5	25.5	0.0	0.0	12.66	26	1.2758	2.2781	720	723.34	977.81	
329756	38	763.7	761.5	532.2	761.8	303.5	-2.00	4.59	0	2,033	118	1.38	5.5	25.5	0.0	0.0	15.09	26	1.2758	2.2852	720	723.53	966.80	
330276	38	764.0	763.5	533.5	763.5	304.5	1.56	4.59	0	2,079	118	0.00	5.5	25.5	0.0	0.0	17.46	26	1.2758	2.2922	720	723.65	970.00	
330784	38	764.3	765.2	534.5	765.2	305.2	1.25	4.59	0	2,069	117	0.00	5.5	25.5	0.0	0.0	17.39	26	1.2758	2.2766	720	723.74	980.78	
331346	38	764.5	765.5	535.5	765.5	305.2	1.25	4.59	0	2,047	116	0.31	5.5	25.5	0.0	0.0	17.67	26	1.2758	2.2836	720	723.83	985.00	
331935	39	764.8	765.5	535.8	765.5	306.5	1.25	4.59	0	2,034	116	1.94	5.5	25.5	0.0	0.0	17.67	26	1.2758	2.2836	720	723.93	986.09	
332549	39	765.0	764.5	535.6	764.5	306.5	1.44	4.59	0	2,014	115	1.62	5.5	25.5	0.0	0.0	17.67	26	1.2758	2.2742	720	723.93	986.25	
333071	39	765.1	763.5	535.3	763.5	307.2	1.06	4.59	0	2,045	114	1.94	5.5	25.1	0.0	0.0	41.84	26	1.2758	2.2742	720	724.05	971.17	
333599	40	765.2	762.2	534.7	761.8	307.5	5.06	4.59	0	2,028	114	10.56	5.5	25.1	0.0	0.0	66.26	26	1.2758	2.2742	720	724.14	1,114.69	
334168	40	764.9	760.2	534.5	760.2	308.2	6.62	4.59	0	2,028	115	14.88	5.5	25.5	0.0	0.0	80.18	26	1.2758	2.2836	720	724.23	1,289.14	
334678	40	764.1	759.2	534.1	759.2	308.5	7.81	4.59	0	2,032	115	20.56	5.5	25.5	0.0	0.0	88.43	26	1.2758	2.2766	720	724.35	1,397.97	
335208	40	763.4	758.2	533.8	758.2	309.2	8.69	4.59	0	2,046	115	22.19	5.5	25.5	0.0	0.0	90.45	26	1.2758	2.2766	720	724.44	1,397.97	
335729	40	762.7	757.8	533.6	757.8	309.8	5.56	4.59	0	2,033	116	10.81	5.5	25.5	0.0	0.0	33.47	26	1.2758	2.2766	720	724.44	1,054.53	
336238	39	762.0	757.5	534.0	758.2	310.5	1.25	4.59	0	2,036	115	2.19	5.5	25.1	0.0	0.0	14.51	26	1.2758	2.2687	720	724.54	984.77	
336837	39	761.4	757.5	534.3	757.8	311.2	1.06	4.59	0	2,009	115	0.81	5.5	25.1	0.0	0.0	12.75	26	1.2758	2.2617	720	724.54	966.80	
337332	38	760.8	757.8	534.6	757.5	311.5	1.75	4.59	0	2,003	114	-0.19	5.5	25.5	0.0	0.0	17.65	26	1.2758	2.2781	720	724.54	969.45	
337917	39	760.1	757.5	534.5	757.2	311.8	1.56	4.59	0	1,988	113	0.56	5.5	25.5	0.0	0.0	18.21	26	1.2758	2.2781	720	724.54	978.91	
338485	39	759.6	757.2	534.6	756.8	311.8	1.56	4.59	0	1,970	112	0.56	5.5	25.1	0.0	0.0	17.95	26	1.2758	2.2711	720	724.54	982.27	
339025	39	759.1	755.8	534.3	755.8	312.5	1.56	4.59	0	1,954	111	1.12	5.5	25.1	0.0	0.0	17.88	26	1.2758	2.2711	720	724.54	983.83	
339549	40	758.8	754.5	533.5	754.2	312.8	1.75	4.59	0	1,939	110	0.31	5.5	25.1	0.0	0.0	17.98	26	1.2758	2.2711	720	724.63	983.98	
340059	40	758.4	752.8	533.0	752.5	313.2	1.56	4.59	0	1,925	109	0.81	5.5	25.1	0.0	0.0	18.05	26	1.2758	2.2641	720	724.63	984.30	
340627	40	758.0	750.2	531.8	750.2	313.2	2.44	4.59	0	1,957	109	1.12	5.5	25.1	0.0	0.0	42.23	26	1.2758	2.2641	720	724.63	969.77	
341223	41	757.3	747.8	530.8	747.5	313.5	5.06	4.59	0	1,940	108	10.00	5.5	25.1	0.0	0.0	83.74	26	1.2758	2.2570	720	724.75	1,147.19	
341753	41	756.2	745.8	530.0	745.5	313.8	10.06	4.59	0	1,931	109	25.38	5.5	25.1	0.0	0.0	116.79	26	1.2758	2.2656	720	724.63	1,511.41	
342328	41	754.7	743.8	529.0	743.8	314.2	12.88	4.59	0	1,950	110	33.50	5.5	25.1	0.0	0.0	118.01	26	1.2758	2.2570	720	724.44	1,501.72	
342877	41	753.0	742.8	528.6	742.5	314.5	12.50	4.59	0	1,966	111	32.69	5.5	25.1	0.0	0.0	115.50	26	1.2758	2.2570	720	724.05	1,516.56	
343392	40	751.5	742.2	528.5	741.8	315.5	13.06	4.59	0	1,986	112	34.31	5.5	24.7	0.0	0.0	117.54	26	1.2758	2.2477	720	723.65	1,527.34	
343933	40	750.2	742.2	528.8	742.2	315.8	12.50	4.59	0	1,987	112	32.94	5.5	24.7	0.0	0.0	78.91	26	1.2758	2.2617	720	723.13	1,156.41	
344514	39	748.9	742.5	529.5	742.8	316.5	1.94	4.59	0	2,027	112	2.75	5.5	25.1	0.0	0.0	17.46	26	1.2758	2.2617	720	722.73	995.16	
345076	38	748.1	743.8	530.3	743.8	316.8	3.81	4.59	0	2,017	111	5.94	5.5	25.1	0.0	0.0	60.42	26	1.2758	2.2547	720	722.43	974.38	
345690	39	746.9	744.8	531.0	744.8	317.5	6.81	4.59	0	1,975	112	16.50	5.5	24.7	0.0	0.0	97.20	26	1.2758	2.2477	720	721.84	1,316.48	
346232	39	745.8	745.8	531.8	745.8	318.2	11.31	4.59	0	2,009	113	29.19	5.5	25.1	0.0	0.0	112.10	26	1.2758	2.2641	720	721.44	1,455.78	
346760	39	745.1	747.5	533.0	747.2	318.8	13.38	4.59	0	2,023	113	35.38	5.5	25.1	0.0	0.0	124.95	26	1.2758	2.2570	720	720.93	1,623.75	
347280	39	744.7	748.5	533.7	748.5	319.5	14.44	4.59	0	2,023	114	37.25	5.5	25.1	0.0	0.0	116.79	26	1.2758	2.2570	720	720.44	1,556.56	
347857	39	744.6	750.2	535.0	750.2	320.2	14.62	4.59	0	2,041	115	39.44	5.5	24.7	0.0	0.0	123.63	26	1.2758	2.2477	715	719.85	1,607.34	
348367	39	744.8	751.5	536.0	751.8	320.8	15.12	4.59	0	2,051	116	40.00	5.5	24.7	0.0	0.0	123.68	26	1.2758	2.2477	715	719.33	1,601.17	
348911	39	745.4	754.5	537.8	754.2	321.8	14.62	4.59	0	2,079	117	40.00	5.5	24.7	0.0	0.0	126.00	26	1.2758	2.2547	715	718.84	1,673.52	
349422	39	745.8	756.2	539.0	756.8	323.2	17.56	4.59	0	2,108	118	48.38	5.5	25.1	0.0	0.0	131.30	26	1.2758	2.2617	715	718.35	1,695.78	
349991	39	746.2	758.8	541.0	758.8	323.8	17.75	4.59	0	2,098	119	47.81	5.5	25.1	0.0	0.0	129.87	26	1.2758	2.2617	715	717.74	1,693.44	
350561	39	746.4	761.5	543.1	761.8	325.2	17.06	4.59	0	2,107	120	43.75	5.5	25.1	0.0	0.0	114.96	26	1.2758	2.2687	715	717.34	1,458.28	
351094	39	746.4	764.2	545.0	764.8	326.2	12.88	4.59	0	2,124	120	34.06	5.5	25.5	0.0	0.0	111.87	26	1.2758	2.2766	715	716.73	1,487.19	
351653	39	746.4	767.5	547.3	767.8	327.2	13.94	4.59	0	2,146	121	38.88	5.5	25.1	0.0	0.0	113.20	26	1.2758	2.2687	715	716.24	1,451.09	
352156	39	746.3	770.5	548.6	770.5	327.8	13.06	4.59	0	2,151	121	34.88	5.5	25.1	0.0	0.0	99.54	26	1.2758	2.2687	715	715.84	1,308.12	
352676	38	746.7	773.2	550.8	773.2	329.2	9.94	4.59	0	2,164	122	26.19	5.5	25.1	0.0	0.0	48.98	26	1.2758	2.2617	715	715.54	1,075.08	
353209	38	747.2	776.2	552.8	776.2	330.5	0.88	4.59	0	2,167	121	2.19	5.5	25.1	0.0	0.0	15.35	26	1.2758	2.2617	715	715.23	989.61	
353830	37	747.5	778.5	554.6	778.2	331.8	1.44	4.59	0	2,111	120	1.62	5.5	25.1	0.0	0.0	11.77	26	1.2758	2.2687	715	715.05	965.23	
354348	37	747.7	780.5	556.2	780.5	332.2	1.94	4.59	0	2,049	119	1.94	5.5	25.1	0.0	0.0	15.91	26	1.2758	2.2602	715	714.93	966.17	
354879	38	748.0	782.2	557.7	782.2	333.5	3.50	4.59	0	2,126	119	5.44	5.5	25.1	0.0	0.0	56.67	25	1.2758	2.2742	710	714.74	1,001.17	
355427	38	748.1	783.2	558.5	782.8	334.2	10.06	4.59	0	2,292	118	26.50	5.5	25.1	0.0	0.0	107.72	25	1.2758	2.2656	710	714.53	1,517.89	
356021	39	748.0	782.8	559.1	783.2	335.5	21.00	4.59	0	2,513	120	55.62	5.5	25.1	0.0	0.0	124.88	25	1.2758	2.2656	710	714.44	1,756.64	
356534	39	747.6	783.5	559.8	783.8	336.8	25.69	4.59	0	2,542	121	68.62	5.5	25.1	0.0	0.0	131.51	25	1.2758	2.2656	710	714.34	1,673.83	
357074	39	747.2	784.2	560.5	784.2	337.2	7.81	4.59	0	2,536	122	19.19	5.5	25.1	0.0	0.0	35.27	25	1.2758	2.2727	710	714.25	1,070.00	
357578	38	747.0	785.5	561.7	785.5	338.2	1.25	4.59	0	2,541	121	2.19	5.5	25.1	0.0	0.0	14.27	25	1.2758	2.2727	710	714.13	987.97	
358153	38	746.9	786.8	563.0	786.8	339.5	1.06	4.59	0	2,052	121	0.81	5.5	25.1	0.0	0.0	18.00	25	1.2758	2.2727	710	714.13	976.48	
358670	38	746.9	788.2	564.2	788.2	340.2	1.25	4.59	0	2,043	120	0.31	5.5	25.1	0.0	0.0	17.48	25	1.2758	2.2727	710	714.04	974.14	
359227	38	746.9	788.8	564.8	788.8	341.2	1.44	4.59	0	2,056	119	1.62	5.5	25.5	0.0	0.0	17.67	24	1.2758	2.2797	710	714.04	972.97	
359789	39	747.0	789.5	565.6	789.5	341.8	1.25	4.59	0	2,048	118	2.19	5.5	25.1	0.0	0.0	17.88	24	1.2758	2.2703	710	713.94	984.45	
360318	39	747.0	789.2	565.3	788.8	342.2	1.06	4.59	0	2,064	117	0.31	5.5	25.1	0.0	0.0	17.34	24	1.2758	2.2773	710	713.85	985.86	
360838	40	747.1	787.5	565.7	787.5	343.2	1.25	4.59	0	2,039	116	0.56	5.5	25.1	0.0	0.0	17.67	24	1.2758	2.2617	710	713.73	986.88	
361381	40	747.2	786.5	565.3	786.5	343.2	1.44	4.59	0	2,029	115	0.81	5.5	25.1	0.0	0.0	17.79	23	1.2758	2.2687	710	713.73	987.03	
361962	40	747.4	784.8	564.5	784.5	344.5	1.44	4.59	0	2,014	115	1.62	5.5	25.1	0.0	0.0	17.86	23	1.2758	2.2687	710	713.64	986.95	
362574	40	747.5	782.8	563.8	782.8	344.5	1.56	4.59	0	2,002	114	1.38	5.5	25.5	0.0	0.0	17.98	23	1.2758	2.2758	710	713.55	986.48	
363088	41	747.7	780.8	562.6	780.8	344.5	1.56	4.59	0	1,991	113	0.00	5.5	25.5	0.0	0.0	18.02	23	1.2758	2.2758	710	713.43	986.64	
363658	41	747.9	777.8	561.8	777.5	345.2	1.44	4.59	0	1,978	112	1.94	5.5	25.5	0.0	0.0	18.21	23	1.2758	2.2687	710	713.33	986.25	
364181	41	748.1	775.5	560.5	775.2	345.5	1.75	4.59	0	1,967	112	1.12	5.5	25.1	0.0	0.0	18.35	23	1.2758	2.2687	710	713.33	985.94	
364687	41	748.2	772.5	559.5	773.2	345.8	1.44	4.59	0	1,951	111	0.31	5.5	25.1	0.0	0.0	18.40	23	1.2758	2.2687	710	713.24	985.86	
365224	41	748.4	770.2	558.1	769.8	345.8	1.44	4.59	0	1,944	111	1.38	5.5	25.1	0.0	0.0	18.56	23	1.2758	2.2617	710	713.15	985.23	
365747	41	748.5	767.2	557.3	767.2	346.2	1.44	4.59	0	1,932	110	1.38	5.5	25.5	0.0	0.0	18.75	23	1.2758	2.2773	710	713.15	985.39	
366261	42	748.7	764.8	555.5	764.5	346.5	1.44	4.59	0	1,911	109	1.12	5.5	25.1	0.0	0.0	18.84	23	1.2758	2.2703	710	713.15	985.00	
366834	42	748.8	761.8	554.0	761.2	346.2	1.25	4.59	0	1,882	106	1.62	5.5	25.1	0.0	0.0	19.01	23	1.2758	2.2633	710	713.15	983.98	
367379	42	749.0	758.5	552.8	758.8	346.2	1.44	4.59	0	1,861	106	0.81	5.5	25.1	0.0	0.0	19.10	23	1.2758	2.2797	710	713.15	983.52	
367920	42	749.1	756.2	551.0	755.5	346.2	1.25	4.59	0	1,854	105	0.81	5.5	25.1	0.0	0.0	19.20	23	1.2758	2.2727	710	713.15	982.50	
368470	42	749.2	752.5	549.8	752.5	346.2	1.25	4.59	0	1,843	105	0.81	5.5	25.1	0.0	0.0	19.34	23	1.2758	2.2727	710	713.15	982.50	
369017	42	749.3	749.8	548.2	749.8	346.2	1.25	4.59	0	1,836	104	0.81	5.5	25.1	0.0	0.0	19.38	23	1.2758	2.2727	710	713.24	982.27	
369530	42	749.4	747.2	546.6	746.8	346.2	1.25	4.59	0	1,825	103	1.12	5.5	25.1	0.0	0.0	19.55	23	1.2758	2.2727	710	713.24	982.19	
370058	42	749.4	744.2	545.5	744.2	345.8	1.06	4.59	0	1,814	103	1.38	5.5	25.1	0.0	0.0	19.59	23	1.2758	2.2727	710	713.43	982.03	
370587	42	749.4	741.5	544.2	741.5	345.8	1.06	4.59	0	1,798	102	1.38	5.5	25.1	0.0	0.0	19.64	23	1.2758	2.2727	710	713.64	981.48	
371148	43	749.5	739.2	542.8	739.2	346.2	0.88	4.59	0	1,781	101	1.12	5.5	25.1	0.0	0.0	19.66	23	1.2758	2.2727	710	713.73	981.56	
371704	43	749.5	736.5	541.3	735.8	345.5	0.88	4.59	0	1,754	100	1.38	5.5	25.1	0.0	0.0	19.95	23	1.2758	2.2727	710	714.04	980.62	
372284	43	749.5	733.2	539.6	732.8	345.5	0.88	4.59	0	1,748	99	1.38	5.5	25.1	0.0	0.0	19.92	23	1.2758	2.2727	710	714.34	979.92	
372784	43	749.4	730.5	538.3	730.5	345.5	0.88	4.59	0	1,739	99	1.12	5.5	25.1	0.0	0.0	20.06	23	1.2758	2.2727	710	714.53	979.84	
373361	43	749.4	727.5	536.8	727.8	345.2	0.88	4.59	0	1,729	98	1.38	5.5	25.1	0.0	0.0	19.95	23	1.2758	2.2727	710	714.74	979.77	
373904	43	749.3	725.2	535.2	724.8	344.8	0.69	4.59	0	1,716	98	1.38	5.5	25.1	0.0	0.0	20.11	23	1.2758	2.2727	715	714.93	979.45	
374475	43	749.2	722.8	534.0	722.2	344.8	0.69	4.59	0	1,709	97	1.38	5.5	25.1	0.0	0.0	20.09	23	1.2758	2.2727	715	715.14	979.22	
374993	43	749.1	720.2	532.6	719.8	344.5	0.69	4.59	0	1,703	96	1.38	5.5	25.1	0.0	0.0	20.34	23	1.2758	2.2727	715	715.35	978.98	
375527	43	748.9	717.8	530.8	717.5	344.5	0.69	4.59	0	1,689	96	1.38	5.5	25.1	0.0	0.0	20.20	23	1.2758	2.2727	715	715.54	978.91	
376045	43	748.8	715.5	529.6	715.2	344.2	0.69	4.59	0	1,683	95	1.38	5.5	25.1	0.0	0.0	20.30	23	1.2758	2.2727	715	715.75	979.06	
376557	43	748.6	712.8	528.8	712.8	343.8	0.69	4.59	0	1,673	95	1.38	5.5	25.1	0.0	0.0	20.41	23	1.2758	2.2727	715	715.94	978.83	
377121	43	748.4	710.5	527.3	710.5	343.5	0.56	4.59	0	1,660	94	1.38	5.5	25.1	0.0	0.0	20.51	23	1.2758	2.2727	715	716.15	978.67	
377587	43	748.3	708.5	526.3	708.5	343.5	0.56	4.59	0	1,652	94	1.38	5.5	25.1	0.0	0.0	20.58	23	1.2758	2.2727	715	716.33	979.53	
378099	43	748.0	706.8	525.2	706.8	342.8	0.69	4.59	0	1,645	94	1.38	5.5	25.1	0.0	0.0	20.23	23	1.2758	2.2727	715	716.55	980.00	
378611	43	747.8	704.5	524.2	704.5	342.8	0.00	4.59	0	1,660	93	1.62	5.5	25.1	0.0	0.0	33.26	23	1.2758	2.2727	715	716.73	967.34	
379223	43	747.4	702.8	523.0	702.8	342.5	3.50	4.59	0	1,712	93	5.69	5.5	25.1	0.0	0.0	61.71	23	1.2758	2.2727	715	716.94	1,040.39	
379770	44	746.6	700.8	522.1	700.8	342.5	4.56	4.59	0	1,673	94	10.56	5.5	25.1	0.0	0.0	75.38	23	1.2758	2.2727	715	717.13	1,144.77	
380294	43	745.2	699.2	520.7	698.8	342.2	5.75	4.59	0	1,688	94	13.00	5.5	25.1	0.0	0.0	82.08	23	1.2758	2.2656	715	717.13	1,215.86	
380805	43	744.1	698.2	520.3	698.2	342.2	6.12	4.59	0	1,702	95	14.06	5.5	25.1	0.0	0.0	83.16	23	1.2758	2.2656	715	717.13	1,271.64	
381373	42	742.9	697.8	520.2	697.5	342.2	6.81	4.59	0	1,713	96	15.69	5.5	25.1	0.0	0.0	100.59	23	1.2758	2.2656	715	716.94	1,330.31	
381886	42	741.8	697.8	519.8	698.2	342.2	9.94	4.59	0	1,737	96	24.88	5.5	25.1	0.0	0.0	108.70	23	1.2758	2.2656	715	716.55	1,367.34	
382486	41	740.7	698.8	520.3	699.2	342.2	9.75	4.59	0	1,742	97	23.25	5.5	24.7	0.0	0.0	100.85	23	1.2758	2.2500	715	716.03	1,331.41	
383015	41	740.0	700.5	521.5	700.8	342.5	9.75	4.59	0	1,776	98	23.25	5.5	25.1	0.0	0.0	103.59	23	1.2758	2.2562	715	715.63	1,375.55	
383550	41	739.5	702.5	522.2	702.8	342.2	10.06	4.59	0	1,752	99	24.56	5.5	25.1	0.0	0.0	104.48	23	1.2758	2.2562	715	715.23	1,377.19	
384125	40	739.2	705.5	523.6	705.5	342.5	10.25	4.59	0	1,778	100	24.88	5.5	25.1	0.0	0.0	91.66	23	1.2758	2.2562	710	714.74	1,245.08	
384668	40	739.3	707.8	525.0	707.8	343.5	6.12	4.59	0	1,796	100	10.81	5.5	25.1	0.0	0.0	39.77	23	1.2758	2.2633	710	714.44	1,066.25	
385185	39	739.2	710.5	526.5	710.8	342.8	1.25	4.59	0	1,777	100	1.62	5.5	25.1	0.0	0.0	15.54	23	1.2758	2.2562	710	714.13	1,003.59	
385705	39	739.1	714.2	528.5	714.5	343.5	1.56	4.59	0	1,774	99	2.19	5.5	24.7	0.0	0.0	39.09	23	1.2758	2.2500	710	714.04	982.27	
386256	39	738.9	716.5	530.0	716.5	343.8	5.25	4.59	0	1,815	99	9.19	5.5	24.7	0.0	0.0	68.81	23	1.2758	2.2500	710	713.85	1,094.22	
386784	39	738.4	719.2	531.1	719.2	343.8	8.50	4.59	0	1,801	100	18.94	5.5	25.1	0.0	0.0	105.09	23	1.2758	2.2656	710	713.64	1,374.22	
387353	40	738.0	722.2	533.0	722.2	344.2	13.38	4.59	0	2,125	101	34.88	5.5	25.1	0.0	0.0	111.33	23	1.2758	2.2586	710	713.43	1,436.88	
387891	40	737.8	723.8	534.0	723.8	344.5	13.19	4.59	0	2,138	102	34.56	5.5	25.1	0.0	0.0	108.96	23	1.2758	2.2586	710	713.15	1,445.62	
388431	40	737.6	726.5	535.5	726.8	344.8	13.75	4.59	0	2,186	103	37.00	5.5	25.1	0.0	0.0	110.32	23	1.2758	2.2586	710	713.03	1,448.44	
388965	39	737.8	730.2	537.5	730.5	345.5	13.75	4.59	0	2,197	104	36.50	5.5	24.7	0.0	0.0	109.97	23	1.2758	2.2500	710	712.84	1,542.11	
389509	39	738.2	733.2	539.5	733.2	346.2	17.06	4.59	0	2,228	106	45.38	5.5	24.7	0.0	0.0	121.73	23	1.2758	2.2562	710	712.75	1,580.00	
390068	39	738.7	736.2	541.1	736.5	346.8	17.06	4.59	0	2,249	107	46.19	5.5	25.1	0.0	0.0	119.81	23	1.2758	2.2633	710	712.63	1,600.39	
390579	39	739.4	739.8	543.2	739.8	347.5	17.88	4.59	0	2,283	108	48.62	5.5	25.1	0.0	0.0	121.83	23	1.2758	2.2703	710	712.63	1,628.36	
391098	39	740.3	743.2	545.5	743.5	348.5	19.31	4.59	0	2,317	110	51.88	5.5	24.7	0.0	0.0	125.11	23	1.2758	2.2617	710	712.75	1,648.75	
391606	39	741.3	746.5	547.5	746.8	348.8	19.81	4.59	0	2,339	111	53.19	5.5	25.1	0.0	0.0	124.24	23	1.2758	2.2687	710	712.94	1,663.20	
392156	39	742.7	749.8	549.6	750.2	349.5	20.69	4.59	0	2,361	113	56.44	5.5	25.5	0.0	0.0	127.12	23	1.2758	2.2758	710	713.15	1,675.16	
392725	39	744.5	753.5	552.3	754.2	350.8	21.75	4.59	0	2,400	114	58.31	5.5	25.1	0.0	0.0	129.05	23	1.2758	2.2664	710	713.55	1,691.95	
393235	39	746.3	757.2	554.5	757.8	352.2	22.25	4.59	0	2,419	115	60.25	5.5	25.1	0.0	0.0	116.23	23	1.2758	2.2734	710	713.94	1,516.09	
393803	39	748.6	760.8	556.5	761.2	353.2	12.69	4.59	0	2,444	116	31.88	5.5	25.1	0.0	0.0	87.82	23	1.2758	2.2734	710	714.65	1,239.61	
394349	39	751.2	764.2	559.0	764.8	354.2	3.00	4.59	0	2,468	117	6.75	5.5	25.1	0.0	0.0	24.05	23	1.2758	2.2734	715	715.14	1,015.08	
394888	38	753.0	767.8	561.2	767.5	355.5	0.69	4.59	0	2,414	116	1.94	5.5	25.1	0.0	0.0	11.77	23	1.2758	2.2734	715	715.75	973.98	
395415	38	754.3	770.2	563.3	770.2	356.5	0.38	4.59	0	2,206	115	1.38	5.5	25.5	0.0	0.0	19.36	23	1.2758	2.2875	715	716.15	952.81	
395937	38	755.8	772.5	564.6	772.5	357.2	4.38	4.59	0	2,152	114	7.88	5.5	25.5	0.0	0.0	54.49	23	1.2758	2.2789	715	716.64	941.95	
396548	39	757.2	773.8	565.8	774.2	358.2	5.25	4.59	0	2,069	115	10.25	5.5	25.5	0.0	0.0	70.41	23	1.2758	2.2766	715	717.34	1,126.88	
397120	39	758.6	774.8	566.8	774.8	359.2	6.94	4.59	0	2,036	115	15.94	5.5	25.5	0.0	0.0	75.68	23	1.2758	2.2836	715	718.14	1,254.77	
397684	39	760.0	776.2	567.5	775.8	360.5	8.50	4.59	0	2,053	115	20.00	5.5	25.5	0.0	0.0	85.71	23	1.2758	2.2898	715	718.84	1,396.48	
398238	39	761.1	776.8	568.6	776.5	360.5	9.75	4.59	0	2,056	116	22.69	5.5	25.5	0.0	0.0	91.59	23	1.2758	2.2898	715	719.73	1,507.27	
398754	39	762.5	777.5	569.5	777.5	361.8	10.81	4.59	0	2,072	117	26.19	5.5	25.9	0.0	0.0	97.50	23	1.2758	2.3055	720	720.53	1,569.38	
399275	39	764.0	778.2	570.3	778.2	362.2	11.62	4.59	0	2,077	117	28.62	5.5	25.9	0.0	0.0	97.01	23	1.2758	2.2992	720	721.35	1,411.09	
399797	39	765.6	778.8	571.0	779.2	363.5	3.12	4.59	0	2,067	117	5.69	5.5	25.5	0.0	0.0	24.40	23	1.2758	2.2922	720	722.24	1,031.33	
400303	38	766.5	779.5	571.6	779.5	363.8	0.69	4.59	0	2,046	116	1.94	5.5	25.9	0.0	0.0	12.38	23	1.2758	2.3078	720	722.85	980.00	
400873	38	767.3	780.2	572.3	780.2	365.2	-0.62	4.59	0	2,004	115	0.56	5.5	25.5	0.0	0.0	16.43	23	1.2758	2.2922	720	723.44	969.38	
401437	38	767.9	780.5	573.0	780.5	365.5	1.44	4.59	0	2,016	114	1.62	5.5	25.5	0.0	0.0	17.39	23	1.2758	2.2992	720	724.05	971.56	
402006	38	768.4	780.2	573.0	780.2	366.5	1.56	4.59	0	1,994	113	1.62	5.5	25.9	0.0	0.0	17.25	23	1.2758	2.2992	720	724.54	981.95	
402681	39	768.9	779.5	573.0	779.5	366.8	1.25	4.59	0	1,940	110	1.62	5.5	25.5	0.0	0.0	17.51	23	1.2758	2.2836	725	725.03	984.30	
403224	39	769.3	778.2	572.7	777.8	367.2	1.25	4.59	0	1,893	107	1.62	5.5	25.5	0.0	0.0	17.70	23	1.2758	2.2898	725	725.43	984.38	
403687	39	769.6	776.8	572.2	776.5	367.8	1.06	4.59	0	1,807	103	1.12	5.5	25.5	0.0	0.0	17.65	22	1.2758	2.2898	725	725.85	983.98	
404268	39	769.9	774.8	571.7	774.5	367.8	0.88	4.59	0	1,780	101	1.38	5.5	25.5	0.0	0.0	17.48	22	1.2758	2.2898	725	726.13	982.89	
404921	40	770.1	772.5	570.7	772.2	368.2	0.88	4.59	0	1,764	100	1.12	5.5	25.5	0.0	0.0	17.93	22	1.2758	2.2898	725	726.53	981.56	
405465	40	770.3	770.2	569.6	769.8	368.5	0.88	4.59	0	1,739	99	1.38	5.5	25.5	0.0	0.0	18.07	21	1.2758	2.2836	725	726.83	981.33	
406014	40	770.4	767.5	568.0	767.2	369.2	1.94	4.59	0	1,753	98	1.62	5.5	25.5	0.0	0.0	41.11	18	1.2758	2.2836	725	727.14	966.33	
406520	41	770.5	764.8	567.2	764.8	369.2	5.75	4.59	0	1,965	98	9.50	5.5	25.5	0.0	0.0	80.09	18	1.2758	2.2766	725	727.54	1,108.05	
407125	41	770.1	762.2	565.5	761.8	369.2	12.19	4.59	0	2,074	99	30.81	5.5	25.5	0.0	0.0	117.89	18	1.2758	2.2852	725	728.03	1,604.06	
407666	41	769.3	759.8	564.8	759.8	369.5	17.19	4.59	0	2,120	100	42.69	5.5	25.5	0.0	0.0	124.55	18	1.2758	2.2766	725	728.43	1,643.59	
408216	41	768.0	758.5	564.1	758.5	369.8	17.88	4.59	0	2,136	101	46.44	5.5	25.5	0.0	0.0	127.90	18	1.2758	2.2680	725	729.04	1,675.23	
408718	41	766.5	757.5	564.1	757.2	370.5	18.94	4.59	0	2,252	102	50.75	5.5	25.5	0.0	0.0	127.80	18	1.2758	2.2812	725	729.44	1,749.77	
409241	40	764.4	757.8	564.1	757.5	371.2	31.25	4.59	0	2,660	104	85.06	5.5	25.5	0.0	0.0	141.12	18	1.2758	2.2797	725	729.74	1,826.17	
409804	40	762.1	758.8	565.0	759.2	371.2	32.31	4.59	0	2,734	106	87.75	5.5	25.5	0.0	0.0	140.02	18	1.2758	2.2758	725	729.83	1,813.67	
410323	40	760.3	760.5	566.0	760.5	372.2	33.69	4.59	0	2,798	108	90.50	5.5	25.5	0.0	0.0	139.66	18	1.2758	2.2875	725	729.83	1,835.31	
410829	40	758.8	762.5	567.7	762.8	373.2	35.25	4.59	0	2,838	110	94.81	5.5	25.9	0.0	0.0	141.05	18	1.2758	2.2984	725	729.83	1,846.80	
411348	40	758.3	765.2	569.5	765.8	374.2	37.19	4.59	0	2,888	112	98.00	5.5	25.9	0.0	0.0	141.66	18	1.2758	2.3094	725	729.74	1,838.67	
411919	40	758.7	769.5	572.2	769.8	375.5	35.81	4.59	0	2,937	114	91.25	5.5	26.3	0.0	0.0	130.55	19	1.2758	2.3117	725	729.65	1,669.45	
412464	40	759.9	773.8	574.7	773.8	376.5	29.38	4.59	0	2,974	116	75.62	5.5	26.3	0.0	0.0	119.67	19	1.2758	2.3164	725	729.74	1,633.20	
413002	40	761.8	777.8	577.1	778.2	378.2	30.06	4.59	0	3,020	117	78.31	5.5	26.3	0.0	0.0	120.82	19	1.2758	2.3289	730	730.05	1,634.06	
413529	40	763.8	781.8	580.2	782.5	378.8	30.38	4.59	0	3,050	118	78.88	5.5	26.7	0.0	0.0	114.61	19	1.2758	2.3352	730	730.54	1,276.09	
414039	40	766.2	786.5	582.8	786.8	380.5	4.56	4.59	0	3,060	119	6.75	5.5	26.7	0.0	0.0	19.50	19	1.2758	2.3352	730	730.94	1,019.38	
414537	39	768.2	791.5	586.1	791.8	381.5	1.25	4.59	0	2,503	118	2.75	5.5	26.7	0.0	0.0	17.91	19	1.2758	2.3266	730	731.33	991.72	
415069	39	769.5	795.5	589.0	796.2	382.8	1.25	4.59	0	2,299	117	2.19	5.5	26.7	0.0	0.0	14.51	16	1.2758	2.3391	730	731.64	980.78	
415587	39	770.8	799.2	591.3	799.5	383.8	4.69	4.59	0	2,505	116	7.31	5.5	26.7	0.0	0.0	65.39	15	1.2758	2.3438	730	732.04	1,056.95	
416110	39	772.5	801.5	593.3	802.5	385.2	12.50	4.59	0	2,466	117	31.31	5.5	26.7	0.0	0.0	91.50	15	1.2758	2.3477	730	732.65	1,279.84	
416673	40	774.5	804.2	594.8	804.8	386.2	16.69	4.59	0	2,505	118	42.69	5.5	26.7	0.0	0.0	109.92	15	1.2758	2.3453	730	733.35	1,412.58	
417187	40	776.6	806.2	596.3	806.5	387.2	13.06	4.59	0	2,149	118	32.69	5.5	26.7	0.0	0.0	100.78	15	1.2758	2.3516	730	734.24	1,345.55	
417744	40	778.9	808.5	597.8	808.5	388.5	12.50	4.59	0	2,121	119	31.31	5.5	27.5	0.0	0.0	102.98	15	1.2758	2.3727	735	735.13	1,382.50	
418271	40	781.1	810.5	599.7	810.5	389.5	13.38	4.59	0	2,124	120	33.75	5.5	27.5	0.0	0.0	107.70	15	1.2758	2.3727	735	736.14	1,442.73	
418812	40	783.6	812.8	601.5	812.5	390.5	14.25	4.59	0	2,139	121	36.75	5.5	27.5	0.0	0.0	108.21	15	1.2758	2.3727	735	737.43	1,431.09	
419418	40	786.3	814.8	602.8	814.8	392.2	14.06	4.59	0	2,160	122	35.94	5.5	27.5	0.0	0.0	107.91	15	1.2758	2.3812	735	738.83	1,448.44	
419944	40	788.5	817.2	604.8	817.2	393.5	15.12	4.59	0	2,169	123	37.56	5.5	27.5	0.0	0.0	109.38	15	1.2758	2.3812	740	740.03	1,455.08	
420468	40	790.4	819.2	606.3	819.5	394.8	15.31	4.59	0	2,189	123	38.38	5.5	27.5	0.0	0.0	110.18	15	1.2758	2.3812	740	741.34	1,463.12	
421031	39	792.3	821.8	608.3	822.2	395.8	3.69	4.59	0	2,181	124	7.56	5.5	27.5	0.0	0.0	28.92	15	1.2758	2.3812	740	742.84	1,028.67	
421584	39	793.4	824.2	610.1	824.2	396.8	0.69	4.59	0	2,178	123	1.62	5.5	27.5	0.0	0.0	12.38	15	1.2758	2.3812	740	743.85	976.48	
422241	38	794.2	826.5	612.1	826.5	397.8	0.56	4.59	0	2,131	123	0.00	5.5	27.5	0.0	0.0	16.59	15	1.2758	2.3727	740	744.74	966.95	
422770	38	794.9	828.2	613.1	828.5	398.8	1.06	4.59	0	2,150	122	1.38	5.5	27.5	0.0	0.0	17.27	15	1.2758	2.3781	745	745.54	971.02	
423325	39	795.4	828.8	614.0	829.2	399.5	1.06	4.59	0	2,138	121	2.19	5.5	27.1	0.0	0.0	17.37	14	1.2758	2.3703	745	746.33	982.97	
423841	39	795.9	829.2	614.8	829.2	400.5	1.06	4.59	0	2,121	120	1.94	5.5	27.5	0.0	0.0	17.32	13	1.2758	2.3680	745	746.94	986.64	
424449	39	796.3	828.5	614.8	828.5	400.8	1.25	4.59	0	2,103	120	2.19	5.5	27.1	0.0	0.0	17.67	12	1.2758	2.3742	745	747.65	988.52	
424990	40	796.6	827.5	614.3	827.2	401.5	1.44	4.59	0	2,094	119	0.56	5.5	27.5	0.0	0.0	17.51	11	1.2758	2.3742	745	748.14	988.75	
425551	40	796.9	825.8	614.0	825.5	401.8	1.25	4.59	0	2,082	118	1.94	5.5	27.1	0.0	0.0	17.81	10	1.2758	2.3656	745	748.63	989.38	
426136	40	797.1	824.2	613.2	823.8	402.2	1.44	4.59	0	2,075	118	0.81	5.5	27.1	0.0	0.0	17.86	9	1.2758	2.3656	745	749.24	989.38	
426671	40	797.2	821.8	612.3	821.8	402.8	1.25	4.59	0	2,067	117	0.81	5.5	27.1	0.0	0.0	18.19	9	1.2758	2.3656	745	749.64	989.45	
427189	41	797.3	819.8	611.3	819.5	402.8	1.25	4.59	0	2,050	117	2.19	5.5	27.1	0.0	0.0	18.05	8	1.2758	2.3656	750	750.04	988.91	
427760	41	797.4	816.5	610.2	816.5	403.2	1.44	4.59	0	2,044	116	1.12	5.5	27.1	0.0	0.0	18.42	8	1.2758	2.3594	750	750.34	988.44	
428347	41	797.4	813.8	608.5	813.8	403.5	1.44	4.59	0	2,030	115	1.12	5.5	27.1	0.0	0.0	18.52	7	1.2758	2.3594	750	750.74	987.50	
428926	41	797.4	811.2	607.3	810.5	403.2	1.25	4.59	0	2,017	115	0.00	5.5	27.1	0.0	0.0	18.63	7	1.2758	2.3680	750	751.14	988.20	
429466	42	797.3	807.8	606.0	807.8	403.2	1.44	4.59	0	2,015	114	0.00	5.5	27.1	0.0	0.0	18.91	6	1.2758	2.3617	750	751.35	986.95	
429982	42	797.2	805.2	604.5	804.8	402.8	1.44	4.59	0	2,003	114	0.00	5.5	27.1	0.0	0.0	18.77	6	1.2758	2.3617	750	751.63	987.34	
430649	42	797.1	802.5	602.8	802.2	403.2	1.44	4.59	0	1,991	113	1.94	5.5	27.1	0.0	0.0	18.91	6	1.2758	2.3703	750	751.84	987.27	
431209	42	797.0	799.2	601.0	798.8	402.8	1.25	4.59	0	1,978	113	0.31	5.5	27.1	0.0	0.0	18.91	6	1.2758	2.3641	750	752.15	986.80	
431753	42	796.8	795.5	599.3	795.5	402.5	1.25	4.59	0	1,959	112	1.12	5.5	27.1	0.0	0.0	19.31	5	1.2758	2.3578	750	752.43	986.41	
432310	42	796.6	792.5	597.5	792.2	402.5	1.25	4.59	0	1,955	111	1.12	5.5	27.1	0.0	0.0	19.34	5	1.2758	2.3664	750	752.73	985.55	
432854	43	796.3	789.2	596.0	789.2	402.5	1.44	4.59	0	1,946	110	0.56	5.5	27.1	0.0	0.0	19.41	5	1.2758	2.3664	750	752.94	985.78	
433427	43	796.1	785.8	593.8	785.8	401.8	1.25	4.59	0	1,930	110	1.62	5.5	27.1	0.0	0.0	19.57	5	1.2758	2.3664	750	753.13	985.70	
433987	43	795.8	783.2	592.6	782.8	401.5	0.69	4.59	0	1,951	109	1.12	5.5	27.1	0.0	0.0	23.16	3	1.2758	2.3664	750	753.44	967.27	
434559	43	795.3	779.5	590.8	779.8	401.5	4.69	4.59	0	1,941	109	8.38	5.5	27.1	0.0	0.0	64.29	3	1.2758	2.3664	750	753.74	1,063.59	
435102	43	794.3	777.2	589.3	776.8	401.2	6.62	4.59	0	1,946	109	13.25	5.5	27.1	0.0	0.0	76.31	3	1.2758	2.3664	750	754.05	1,216.95	
435632	43	792.7	774.8	588.0	774.8	401.5	8.19	4.59	0	1,951	110	17.56	5.5	27.1	0.0	0.0	85.71	3	1.2758	2.3602	750	754.35	1,342.03	
436188	43	790.7	772.8	586.8	772.8	400.8	9.38	4.59	0	1,987	111	21.38	5.5	26.7	0.0	0.0	89.91	3	1.2758	2.3453	750	754.54	1,437.27	
436703	42	789.0	772.2	586.6	772.5	400.8	8.00	4.59	0	1,965	111	14.88	5.5	26.7	0.0	0.0	38.20	3	1.2758	2.3453	750	754.63	1,071.95	
437203	41	787.5	772.2	586.5	772.2	401.2	1.06	4.59	0	1,966	111	1.94	5.5	26.7	0.0	0.0	15.98	3	1.2758	2.3453	750	754.75	989.84	
437716	40	786.2	772.8	586.6	772.5	400.5	0.88	4.59	0	1,918	111	0.56	5.5	26.7	0.0	0.0	12.07	3	1.2758	2.3539	750	754.84	968.05	
438225	40	785.0	773.2	586.5	772.8	400.8	1.25	4.59	0	1,912	110	1.38	5.5	26.7	0.0	0.0	18.30	3	1.2758	2.3477	755	754.94	968.91	
438757	40	784.0	773.5	587.3	773.5	400.8	1.25	4.59	0	1,928	109	0.56	5.5	26.7	0.0	0.0	18.47	3	1.2758	2.3477	755	755.03	970.70	
439361	41	782.9	773.2	586.8	773.2	400.5	1.25	4.59	0	1,914	109	1.62	5.5	26.7	0.0	0.0	18.45	3	1.2758	2.3414	755	755.15	980.00	
439911	41	782.0	773.2	587.0	773.2	400.5	1.06	4.59	0	1,894	108	0.81	5.5	26.7	0.0	0.0	18.45	2	1.2758	2.3414	755	755.15	982.34	
440404	41	781.1	772.2	586.1	772.2	399.8	1.25	4.59	0	1,883	107	0.81	5.5	26.7	0.0	0.0	18.52	2	1.2758	2.3414	755	755.24	983.36	
440901	41	780.3	771.2	585.5	771.5	399.8	1.06	4.59	0	1,874	107	0.81	5.5	26.7	0.0	0.0	18.40	2	1.2758	2.3414	755	755.33	983.52	
441417	42	779.7	770.5	584.8	770.5	399.5	1.06	4.59	0	1,869	106	1.62	5.5	26.7	0.0	0.0	18.35	2	1.2758	2.3414	755	755.43	983.83	
441942	42	778.9	768.5	584.0	768.5	399.5	1.06	4.59	0	1,852	105	0.81	5.5	26.7	0.0	0.0	18.45	2	1.2758	2.3414	755	755.55	984.38	
442458	42	778.3	767.5	583.3	767.2	399.2	1.06	4.59	0	1,846	105	0.81	5.5	26.7	0.0	0.0	18.45	2	1.2758	2.3414	755	755.73	983.83	
443002	42	777.7	765.5	582.3	765.5	398.8	0.88	4.59	0	1,832	104	1.38	5.5	26.7	0.0	0.0	18.63	2	1.2758	2.3414	755	755.94	983.12	
443514	42	777.1	763.8	581.1	763.5	397.8	0.88	4.59	0	1,820	104	1.38	5.5	26.7	0.0	0.0	18.54	2	1.2758	2.3414	755	756.13	983.05	
444093	42	776.5	761.8	580.3	761.5	398.2	0.88	4.59	0	1,806	103	1.12	5.5	26.7	0.0	0.0	18.87	2	1.2758	2.3414	755	756.34	982.97	
444618	43	775.9	759.8	579.0	759.5	397.8	0.88	4.59	0	1,796	102	1.38	5.5	26.7	0.0	0.0	18.77	2	1.2758	2.3414	755	756.44	982.89	
445146	43	775.4	757.8	577.8	757.5	397.2	1.06	4.59	0	1,777	101	1.38	5.5	26.7	0.0	0.0	18.89	2	1.2758	2.3414	755	756.65	982.27	
445718	43	774.8	755.8	576.3	755.5	396.8	0.69	4.59	0	1,746	99	1.38	5.5	26.7	0.0	0.0	19.05	2	1.2758	2.3414	755	756.74	982.03	
446225	43	774.3	753.8	575.1	753.8	396.5	0.69	4.59	0	1,722	98	1.38	5.5	26.7	0.0	0.0	19.08	2	1.2758	2.3414	755	756.83	981.25	
446790	43	773.8	752.2	574.3	751.5	396.2	0.69	4.59	0	1,688	96	1.38	5.5	26.7	0.0	0.0	18.96	2	1.2758	2.3414	755	757.05	981.09	
447316	43	773.3	749.8	573.0	749.8	395.5	0.56	4.59	0	1,667	95	1.38	5.5	26.7	0.0	0.0	19.31	2	1.2758	2.3414	755	757.14	980.16	
447921	43	772.7	748.2	572.0	747.5	395.2	0.69	4.59	0	1,660	94	1.38	5.5	26.7	0.0	0.0	19.34	2	1.2758	2.3414	755	757.23	980.08	
448443	43	772.3	745.8	570.6	745.8	394.8	0.56	4.59	0	1,654	94	1.38	5.5	26.7	0.0	0.0	19.45	2	1.2758	2.3414	755	757.23	979.92	
448949	43	771.7	743.8	569.3	743.5	394.5	0.56	4.59	0	1,636	93	1.38	5.5	26.7	0.0	0.0	19.34	2	1.2758	2.3414	755	757.35	979.69	
449474	43	771.2	741.8	568.0	741.5	393.5	0.56	4.59	0	1,633	93	1.38	5.5	26.7	0.0	0.0	19.66	2	1.2758	2.3414	755	757.44	979.14	
450031	43	770.7	739.5	566.8	739.5	393.5	0.56	4.59	0	1,623	92	1.38	5.5	26.7	0.0	0.0	19.45	2	1.2758	2.3414	755	757.54	978.75	
450615	44	770.1	737.5	565.3	737.2	392.8	0.56	4.59	0	1,611	92	1.38	5.5	26.7	0.0	0.0	19.43	2	1.2758	2.3414	755	757.54	978.44	
451143	44	769.6	735.8	564.3	735.2	392.5	0.56	4.59	0	1,603	91	1.38	5.5	26.7	0.0	0.0	19.69	2	1.2758	2.3414	755	757.63	979.38	
451703	44	769.0	733.5	562.7	733.2	392.5	0.38	4.59	0	1,592	90	1.38	5.5	26.7	0.0	0.0	19.69	2	1.2758	2.3414	755	757.63	979.61	
452251	44	768.5	731.5	561.6	731.5	391.8	0.56	4.59	0	1,580	90	1.38	5.5	26.7	0.0	0.0	19.76	2	1.2758	2.3414	755	757.63	979.53	
452783	44	767.9	729.5	560.6	729.5	391.2	0.56	4.59	0	1,574	89	1.38	5.5	26.7	0.0	0.0	19.85	2	1.2758	2.3414	755	757.75	979.61	
453318	44	767.4	727.8	559.1	727.5	390.8	0.56	4.59	0	1,566	89	1.38	5.5	26.7	0.0	0.0	19.85	2	1.2758	2.3414	755	757.75	979.30	
453834	44	766.8	725.5	558.1	725.5	390.5	0.56	4.59	0	1,556	89	1.38	5.5	26.7	0.0	0.0	19.88	2	1.2758	2.3414	755	757.75	979.06	
454368	44	766.3	723.5	557.0	723.8	389.5	0.56	4.59	0	1,550	88	1.38	5.5	26.7	0.0	0.0	20.06	2	1.2758	2.3414	755	757.63	979.69	
454949	44	765.7	721.8	555.8	721.5	389.5	0.56	4.59	0	1,531	87	1.38	5.5	26.7	0.0	0.0	20.02	2	1.2758	2.3414	755	757.63	979.77	
455483	44	765.1	719.8	554.7	719.5	389.2	0.38	4.59	0	1,521	87	1.38	5.5	26.7	0.0	0.0	20.20	2	1.2758	2.3414	755	757.54	979.61	
456127	44	764.4	717.8	553.3	717.8	388.5	0.38	4.59	0	1,513	86	1.38	5.5	26.7	0.0	0.0	19.88	2	1.2758	2.3414	755	757.44	978.83	
456705	44	763.8	715.8	551.8	715.8	388.2	0.56	4.59	0	1,502	86	1.38	5.5	26.7	0.0	0.0	20.23	2	1.2758	2.3414	755	757.23	978.67	
457299	44	763.2	713.8	550.6	713.8	387.5	0.56	4.59	0	1,494	85	1.38	5.5	26.7	0.0	0.0	20.30	2	1.2758	2.3414	755	757.05	978.36	
457824	44	762.5	712.2	549.8	712.2	386.8	0.56	4.59	0	1,480	84	1.38	5.5	26.7	0.0	0.0	20.25	2	1.2758	2.3414	755	756.83	978.75	
458339	44	761.8	710.2	548.6	710.8	386.8	0.56	4.59	0	1,472	84	1.38	5.5	26.7	0.0	0.0	20.46	2	1.2758	2.3414	755	756.74	978.05	
458860	44	761.2	709.2	548.0	708.5	386.5	0.38	4.59	0	1,465	83	1.38	5.5	26.7	0.0	0.0	20.23	2	1.2758	2.3414	755	756.53	978.59	
459397	44	760.6	707.2	546.8	706.8	385.8	0.56	4.59	0	1,454	83	1.38	5.5	26.7	0.0	0.0	20.39	2	1.2758	2.3414	755	756.25	978.75	
459913	44	760.0	705.8	545.5	705.5	385.5	0.56	4.59	0	1,447	82	1.38	5.5	26.7	0.0	0.0	20.37	2	1.2758	2.3414	755	756.04	978.75	
460490	44	759.2	703.5	544.3	703.5	384.8	0.56	4.59	0	1,433	81	1.38	5.5	26.7	0.0	0.0	20.41	2	1.2758	2.3414	755	755.73	978.12	
461032	44	758.6	702.2	543.3	701.8	384.5	0.56	4.59	0	1,425	81	1.12	5.5	26.7	0.0	0.0	20.46	2	1.2758	2.3414	755	755.43	978.67	
461555	44	757.9	700.5	542.5	700.5	384.5	0.56	4.59	0	1,416	81	1.38	5.5	26.7	0.0	0.0	20.46	2	1.2758	2.3414	755	755.15	978.12	
462087	44	757.3	698.8	541.5	698.8	383.5	0.56	4.59	0	1,414	80	1.38	5.5	26.7	0.0	0.0	20.62	2	1.2758	2.3414	755	754.94	978.28	
462602	44	756.6	697.8	540.6	697.5	383.5	0.56	4.59	0	1,403	80	1.38	5.5	26.7	0.0	0.0	20.46	2	1.2758	2.3414	750	754.54	978.05	
463126	44	755.9	695.8	539.7	695.8	383.2	0.69	4.59	0	1,396	79	1.38	5.5	26.7	0.0	0.0	20.53	2	1.2758	2.3414	750	754.23	978.28	
463728	44	755.2	694.5	538.5	694.5	382.5	0.56	4.59	0	1,384	78	1.12	5.5	26.7	0.0	0.0	20.62	2	1.2758	2.3414	750	753.93	977.89	
464262	44	754.5	692.8	537.6	692.5	382.5	0.69	4.59	0	1,380	78	1.38	5.5	26.7	0.0	0.0	20.37	2	1.2758	2.3414	750	753.65	977.50	
464957	44	753.7	690.8	536.6	691.2	381.5	0.69	4.59	0	1,369	78	1.12	5.5	26.7	0.0	0.0	20.51	2	1.2758	2.3414	750	753.13	977.11	
465474	44	753.0	689.8	535.8	689.5	381.5	0.69	4.59	0	1,361	77	1.12	5.5	26.7	0.0	0.0	20.46	2	1.2758	2.3414	750	752.85	976.95	
466052	44	752.1	687.8	534.5	687.8	380.8	0.56	4.59	0	1,351	77	1.12	5.5	26.7	0.0	0.0	20.51	2	1.2758	2.3414	750	752.43	977.03	
466604	44	751.3	686.2	533.3	686.2	380.5	0.69	4.59	0	1,345	76	1.12	5.5	26.7	0.0	0.0	20.44	2	1.2758	2.3414	750	752.03	976.64	
467107	44	750.7	684.8	532.5	685.2	379.8	0.69	4.59	0	1,332	76	0.81	5.5	26.7	0.0	0.0	20.44	2	1.2758	2.3414	750	751.63	976.48	
467618	44	750.0	683.5	531.6	683.5	379.8	0.88	4.59	0	1,324	75	1.12	5.5	26.7	0.0	0.0	20.39	2	1.2758	2.3414	750	751.35	976.64	
468170	44	749.2	682.2	530.8	681.8	379.2	0.69	4.59	0	1,318	75	1.12	5.5	26.7	0.0	0.0	20.51	2	1.2758	2.3414	750	750.93	976.48	
468700	44	748.5	680.8	530.3	680.5	378.5	0.69	4.59	0	1,307	74	1.12	5.5	26.7	0.0	0.0	20.51	2	1.2758	2.3414	750	750.53	975.78	
469240	44	747.7	679.5	528.8	679.5	378.2	0.88	4.59	0	1,301	74	0.81	5.5	26.7	0.0	0.0	20.41	2	1.2758	2.3414	750	750.13	976.09	
469832	44	747.0	677.8	527.8	677.8	378.2	0.88	4.59	0	1,292	73	0.81	5.5	26.7	0.0	0.0	20.32	2	1.2758	2.3414	745	749.73	976.41	
470369	44	746.2	676.2	527.3	676.2	377.5	0.88	4.59	0	1,282	73	0.81	5.5	26.7	0.0	0.0	20.60	2	1.2758	2.3414	745	749.33	975.94	
470878	44	745.5	674.8	526.5	674.8	377.5	0.69	4.59	0	1,280	73	0.81	5.5	26.7	0.0	0.0	20.27	2	1.2758	2.3414	745	749.03	976.09	
471396	44	744.7	673.8	525.3	673.5	376.5	0.69	4.59	0	1,272	72	1.12	5.5	26.7	0.0	0.0	21.09	2	1.2758	2.3414	745	748.54	976.72	
471942	44	743.9	672.5	524.5	672.2	376.5	2.81	4.59	0	1,315	72	1.38	5.5	26.7	0.0	0.0	40.64	2	1.2758	2.3414	745	748.14	963.12	
472445	44	742.8	671.2	523.8	671.2	375.5	3.31	4.59	0	1,409	72	5.94	5.5	26.7	0.0	0.0	62.86	3	1.2758	2.3414	745	747.65	1,008.98	
472967	45	741.2	670.2	523.0	669.8	375.8	4.00	4.59	0	1,536	73	8.38	5.5	26.7	0.0	0.0	72.98	3	1.2758	2.3414	745	747.04	1,091.95	
473591	44	738.6	669.2	522.2	669.2	375.5	4.56	4.59	0	1,560	74	11.62	5.5	26.7	0.0	0.0	76.85	3	1.2758	2.3352	745	746.03	1,123.83	
474165	44	735.6	669.2	522.3	669.2	374.8	5.06	4.59	0	1,627	75	12.69	5.5	26.3	0.0	0.0	75.12	3	1.2758	2.3289	745	745.14	1,119.61	
474738	43	731.8	669.8	522.3	670.2	374.8	1.94	4.59	0	1,581	75	3.50	5.5	26.7	0.0	0.0	23.48	3	1.2758	2.3438	740	744.13	1,027.11	
475334	42	729.4	670.8	522.5	670.8	374.8	1.25	4.59	0	1,554	75	1.38	5.5	26.7	0.0	0.0	12.02	3	1.2758	2.3375	740	743.43	981.64	
475921	42	727.4	672.8	523.3	672.5	374.5	0.69	4.59	0	1,562	75	1.12	5.5	26.3	0.0	0.0	18.40	3	1.2758	2.3312	740	742.75	972.73	
476478	42	725.7	674.2	524.1	674.2	374.2	0.56	4.59	0	1,547	74	1.12	5.5	26.7	0.0	0.0	19.36	3	1.2758	2.3391	740	742.14	970.78	
477009	42	724.1	675.2	524.8	675.2	373.8	0.69	4.59	0	1,330	74	1.12	5.5	26.3	0.0	0.0	17.98	3	1.2758	2.3328	740	741.53	976.33	
477525	42	722.7	676.2	524.8	676.5	373.5	0.88	4.59	0	1,297	73	1.12	5.5	26.3	0.0	0.0	18.40	3	1.2758	2.3328	740	741.04	976.41	
478058	42	721.6	676.5	525.0	676.5	373.5	0.88	4.59	0	1,284	73	1.12	5.5	26.3	0.0	0.0	18.40	3	1.2758	2.3328	740	740.55	975.78	
478569	42	720.5	677.2	525.0	677.5	373.5	0.88	4.59	0	1,271	72	0.81	5.5	26.3	0.0	0.0	18.09	3	1.2758	2.3328	740	740.03	975.78	
479091	42	719.5	677.2	525.2	677.5	372.8	0.69	4.59	0	1,269	72	0.81	5.5	26.3	0.0	0.0	18.23	3	1.2758	2.3328	735	739.54	975.78	
479668	43	718.5	676.8	524.8	676.8	372.5	0.88	4.59	0	1,258	72	0.81	5.5	26.3	0.0	0.0	18.26	3	1.2758	2.3328	735	739.14	975.16	
480200	43	717.6	676.8	524.6	676.5	372.5	0.88	4.59	0	1,250	71	0.81	5.5	26.3	0.0	0.0	18.40	3	1.2758	2.3328	735	738.65	975.55	
480754	43	716.8	676.5	524.2	676.2	371.8	1.06	4.59	0	1,244	71	0.81	5.5	26.3	0.0	0.0	18.28	3	1.2758	2.3328	735	738.13	975.23	
481314	43	716.0	675.5	523.6	675.8	371.8	0.88	4.59	0	1,233	70	0.81	5.5	26.3	0.0	0.0	18.26	3	1.2758	2.3328	735	737.64	974.77	
481983	43	715.3	674.8	523.3	674.8	371.5	1.06	4.59	0	1,233	70	0.81	5.5	26.3	0.0	0.0	18.47	3	1.2758	2.3328	735	737.24	974.84	
482495	43	714.6	674.5	523.0	674.2	371.2	1.06	4.59	0	1,228	70	0.81	5.5	26.3	0.0	0.0	18.21	3	1.2758	2.3328	735	736.63	974.84	
483063	43	714.0	672.8	521.8	672.8	370.8	1.06	4.59	0	1,215	69	0.81	5.5	26.3	0.0	0.0	18.47	3	1.2758	2.3328	735	736.23	974.77	
483584	43	713.2	672.2	521.5	672.2	370.5	1.06	4.59	0	1,205	69	0.81	5.5	26.3	0.0	0.0	18.42	3	1.2758	2.3328	735	735.74	974.77	
484114	43	712.7	671.2	520.7	670.8	370.2	1.06	4.59	0	1,193	68	0.81	5.5	26.3	0.0	0.0	18.61	3	1.2758	2.3328	735	735.25	973.98	
484697	43	712.1	670.2	520.3	669.8	369.8	1.06	4.59	0	1,177	67	0.81	5.5	26.3	0.0	0.0	18.26	3	1.2758	2.3328	730	734.73	974.06	
485226	43	711.5	668.8	519.3	668.5	369.2	1.06	4.59	0	1,174	66	0.81	5.5	26.3	0.0	0.0	18.52	3	1.2758	2.3328	730	734.33	973.28	
485817	43	711.0	667.5	518.5	667.5	369.2	1.06	4.59	0	1,156	65	0.56	5.5	26.3	0.0	0.0	18.82	3	1.2758	2.3328	730	733.84	972.58	
486330	43	710.5	666.5	517.8	666.5	369.2	1.06	4.59	0	1,141	64	0.56	5.5	26.3	0.0	0.0	19.22	3	1.2758	2.3328	730	733.35	972.42	
486897	43	709.9	665.5	516.7	665.5	368.5	1.56	4.59	0	1,327	63	0.56	5.5	26.3	0.0	0.0	14.16	3	1.2758	2.3328	730	732.83	969.92	
487454	43	709.4	664.2	516.1	663.8	368.2	1.06	4.59	0	1,294	62	0.81	5.5	26.3	0.0	0.0	18.68	3	1.2758	2.3328	730	732.44	972.27	
488032	43	708.9	662.8	515.5	662.8	367.8	0.88	4.59	0	1,292	61	1.12	5.5	26.3	0.0	0.0	18.94	3	1.2758	2.3328	730	731.85	974.38	
488632	44	708.4	661.5	514.5	661.5	367.5	0.88	4.59	0	1,248	59	0.81	5.5	26.3	0.0	0.0	18.96	3	1.2758	2.3328	730	731.33	974.53	
489189	44	707.9	660.5	513.8	660.5	366.8	1.06	4.59	0	1,211	58	0.81	5.5	26.3	0.0	0.0	19.10	3	1.2758	2.3328	730	730.84	974.22	
489797	44	707.5	658.8	513.0	659.2	366.5	1.06	4.59	0	1,191	57	0.56	5.5	26.3	0.0	0.0	19.15	3	1.2758	2.3328	730	730.35	973.67	
490309	44	707.1	657.8	512.3	657.8	366.2	1.25	4.59	0	1,162	56	0.56	5.5	26.3	0.0	0.0	19.24	3	1.2758	2.3328	730	729.93	973.20	
490986	44	706.7	656.5	511.5	656.2	365.8	1.25	4.59	0	1,136	54	0.56	5.5	26.3	0.0	0.0	18.94	3	1.2758	2.3328	725	729.44	972.27	
491541	44	706.4	655.5	510.5	655.5	365.5	3.31	4.59	0	1,123	53	0.81	5.5	26.3	0.0	0.0	41.34	3	1.2758	2.3328	725	728.85	960.31	
492059	44	705.7	653.8	509.7	653.8	365.5	2.81	4.59	0	1,249	53	4.62	5.5	26.3	0.0	0.0	70.57	3	1.2758	2.3328	725	728.33	997.89	
492613	44	704.6	652.8	508.8	652.8	364.8	3.12	4.59	0	1,152	53	6.25	5.5	26.3	0.0	0.0	75.63	3	1.2758	2.3328	725	727.54	1,062.03	
493136	44	703.2	652.2	508.5	652.2	364.5	4.19	4.59	0	1,232	53	9.50	5.5	26.3	0.0	0.0	91.85	3	1.2758	2.3266	725	726.74	1,165.23	
493673	43	701.6	651.5	508.0	651.8	364.2	5.56	4.59	0	1,430	54	16.75	5.5	26.3	0.0	0.0	101.93	3	1.2758	2.3266	725	725.85	1,241.95	
494233	43	699.4	652.2	508.0	652.2	363.5	5.94	4.59	0	1,409	54	17.56	5.5	26.3	0.0	0.0	103.01	3	1.2758	2.3266	720	724.44	1,257.19	
494798	43	697.1	652.8	508.3	653.2	363.8	6.12	4.59	0	1,463	55	19.19	5.5	26.3	0.0	0.0	99.35	3	1.2758	2.3266	720	722.85	1,223.44	
495327	42	694.8	654.5	508.8	654.5	363.8	5.94	4.59	0	1,485	56	18.38	5.5	26.3	0.0	0.0	94.64	3	1.2758	2.3266	720	721.35	1,194.53	
495917	42	692.6	656.8	510.1	656.8	363.8	5.75	4.59	0	1,502	57	18.12	5.5	26.3	0.0	0.0	91.97	3	1.2758	2.3266	715	719.43	1,169.06	
496428	42	690.7	659.2	511.3	659.5	363.5	6.12	4.59	0	1,552	58	17.81	5.5	26.3	0.0	0.0	92.55	3	1.2758	2.3266	715	717.74	1,146.48	
496979	41	689.1	662.2	512.8	662.2	363.8	4.38	4.59	0	1,479	58	10.56	5.5	26.3	0.0	0.0	38.06	3	1.2758	2.3203	715	716.03	1,077.50	
497502	41	688.0	665.2	514.2	665.5	363.5	0.88	4.59	0	1,473	58	1.62	5.5	26.3	0.0	0.0	16.03	3	1.2758	2.3203	710	714.53	1,001.80	
498043	40	687.0	668.8	515.8	669.2	363.8	1.94	4.59	0	1,270	57	0.81	5.5	26.3	0.0	0.0	40.85	3	1.2758	2.3289	710	713.55	978.52	
498562	40	686.0	671.5	517.3	671.8	363.8	3.00	4.59	0	1,290	57	4.88	5.5	26.3	0.0	0.0	78.84	3	1.2758	2.3227	710	712.23	1,026.02	
499080	41	684.7	674.2	518.8	674.5	363.8	4.00	4.59	0	1,214	57	8.69	5.5	26.3	0.0	0.0	89.27	3	1.2758	2.3227	710	710.85	1,132.42	
499747	41	683.5	677.5	520.5	677.8	363.8	2.25	4.59	0	1,200	57	4.88	5.5	26.3	0.0	0.0	27.33	3	1.2758	2.3164	705	709.14	1,026.95	
500299	41	682.6	679.8	522.0	680.2	363.8	1.44	4.59	0	1,181	56	0.81	5.5	26.3	0.0	0.0	15.14	3	1.2758	2.3164	705	708.04	983.98	
500823	40	681.8	682.8	523.1	683.2	364.2	2.81	4.59	0	1,136	55	0.56	5.5	26.3	0.0	0.0	13.95	3	1.2758	2.3164	705	707.24	970.47	
501394	40	681.0	684.5	524.2	684.8	364.2	1.25	4.59	0	1,136	54	0.56	5.5	26.3	0.0	0.0	16.83	3	1.2758	2.3305	705	706.35	967.11	
501919	41	680.5	686.2	525.2	686.2	364.2	1.25	4.59	0	1,125	53	0.31	5.5	26.3	0.0	0.0	16.43	3	1.2758	2.3305	705	705.74	970.47	
502435	41	680.0	687.2	525.8	687.2	363.8	1.25	4.59	0	1,108	53	0.56	5.5	26.3	0.0	0.0	16.85	3	1.2758	2.3242	705	705.13	970.86	
502974	41	679.6	688.2	525.5	687.8	363.5	1.44	4.59	0	1,085	52	0.31	5.5	26.3	0.0	0.0	16.83	3	1.2758	2.3242	700	704.55	970.39	
503480	41	679.2	687.8	526.0	687.8	363.8	1.44	4.59	0	1,068	51	0.31	5.5	26.3	0.0	0.0	17.06	3	1.2758	2.3180	700	703.84	970.31	
504006	41	678.9	687.8	525.8	687.5	364.2	1.25	4.59	0	1,057	50	0.31	5.5	26.3	0.0	0.0	16.80	3	1.2758	2.3180	700	703.35	969.45	
504521	41	678.7	687.5	525.6	687.2	363.8	1.44	4.59	0	1,040	50	0.56	5.5	25.9	0.0	0.0	17.11	3	1.2758	2.3117	700	702.93	968.67	
505080	41	678.4	686.5	525.3	686.8	363.5	1.44	4.59	0	1,029	49	0.56	5.5	25.9	0.0	0.0	16.71	3	1.2758	2.3117	700	702.44	968.52	
505676	41	678.2	685.5	524.6	685.5	363.5	1.44	4.59	0	1,018	48	0.31	5.5	25.9	0.0	0.0	16.97	3	1.2758	2.3117	700	701.94	968.36	
506247	42	678.0	684.5	524.1	684.5	363.5	1.56	4.59	0	1,005	48	0.31	5.5	25.9	0.0	0.0	16.92	3	1.2758	2.3117	700	701.43	967.81	
506762	42	677.8	683.5	523.6	683.5	363.2	1.56	4.59	0	992	47	-0.19	5.5	25.9	0.0	0.0	16.90	3	1.2758	2.3117	700	701.03	967.34	
507280	42	677.7	682.2	522.8	682.2	362.8	1.56	4.59	0	989	47	0.56	5.5	25.9	0.0	0.0	17.16	3	1.2758	2.3117	700	700.75	967.11	
507902	42	677.5	680.8	522.2	681.2	362.5	1.56	4.59	0	980	46	0.56	5.5	25.9	0.0	0.0	17.16	3	1.2758	2.3117	700	700.35	966.88	
508462	42	677.4	679.2	521.0	679.2	362.5	1.56	4.59	0	1,144	46	0.56	5.5	25.9	0.0	0.0	13.78	3	1.2758	2.3117	695	699.83	964.92	
508887	42	677.3	678.2	520.3	677.8	361.8	1.06	4.59	0	1,168	45	0.56	5.5	25.9	0.0	0.0	17.11	3	1.2758	2.3117	695	699.65	967.42	
509439	42	677.2	676.2	519.2	676.2	362.2	1.25	4.59	0	1,130	45	1.38	5.5	25.9	0.0	0.0	15.09	3	1.2758	2.3117	695	699.25	964.45	
509993	42	677.0	674.5	518.5	674.8	361.8	1.75	4.59	0	1,199	45	1.38	5.5	25.9	0.0	0.0	42.38	3	1.2758	2.3117	695	698.73	964.69	
510518	43	676.8	673.2	517.3	673.2	361.8	2.62	4.59	0	1,201	45	3.50	5.5	25.9	0.0	0.0	58.17	3	1.2758	2.3117	695	698.33	987.19	
511081	43	676.3	671.8	516.6	671.5	361.5	2.81	4.59	0	1,204	46	4.31	5.5	25.9	0.0	0.0	57.02	3	1.2758	2.3117	695	697.84	1,022.89	
511609	43	675.7	670.5	516.1	670.2	361.2	2.25	4.59	0	1,215	47	3.50	5.5	25.9	0.0	0.0	40.64	3	1.2758	2.3117	695	697.35	1,027.42	
512186	42	674.8	669.5	515.5	669.5	360.8	1.94	4.59	0	1,191	47	1.62	5.5	25.9	0.0	0.0	17.84	3	1.2758	2.3117	695	696.74	983.44	
512714	42	674.2	669.2	514.8	669.2	360.8	1.44	4.59	0	1,206	47	0.56	5.5	25.9	0.0	0.0	12.21	3	1.2758	2.3117	695	696.34	970.86	
513251	42	673.6	668.5	514.8	668.5	360.5	1.75	4.59	0	1,159	46	0.31	5.5	25.9	0.0	0.0	16.45	3	1.2758	2.3117	695	696.04	966.72	
513795	42	673.1	668.2	514.5	668.5	360.5	1.06	4.59	0	1,180	46	0.56	5.5	25.9	0.0	0.0	12.98	3	1.2758	2.3117	695	695.64	964.69	
514314	42	672.6	667.8	513.8	667.8	360.2	1.94	4.59	0	1,224	46	1.12	5.5	25.9	0.0	0.0	34.31	3	1.2758	2.3117	695	695.24	962.03	
514886	42	671.9	666.8	513.5	666.5	360.5	2.25	4.59	0	1,224	46	2.75	5.5	25.9	0.0	0.0	49.03	3	1.2758	2.3117	690	694.75	975.23	
515443	42	671.1	666.2	513.3	666.2	360.2	2.81	4.59	0	1,230	47	4.31	5.5	25.9	0.0	0.0	59.41	3	1.2758	2.3117	690	694.23	1,008.12	
515967	42	670.1	665.5	512.8	665.2	359.8	2.62	4.59	0	1,249	48	5.94	5.5	25.9	0.0	0.0	66.12	3	1.2758	2.3117	690	693.65	998.20	
516606	42	668.9	665.5	512.3	665.2	359.8	3.50	4.59	0	1,299	49	6.75	5.5	25.9	0.0	0.0	75.61	3	1.2758	2.3117	690	692.73	1,085.70	
517146	42	667.5	665.2	512.5	665.2	359.8	4.00	4.59	0	1,333	50	9.19	5.5	25.9	0.0	0.0	81.98	3	1.2758	2.3117	690	691.94	1,150.86	
517722	42	665.9	665.5	512.6	665.5	359.8	4.56	4.59	0	1,346	51	11.06	5.5	26.3	0.0	0.0	87.66	3	1.2758	2.3203	690	690.93	1,207.34	
518232	42	664.8	665.8	512.8	665.8	359.5	4.88	4.59	0	1,390	53	12.44	5.5	26.3	0.0	0.0	88.73	3	1.2758	2.3203	690	689.94	1,239.14	
518824	42	663.8	666.5	513.1	666.5	359.8	5.25	4.59	0	1,429	54	13.25	5.5	26.3	0.0	0.0	87.16	3	1.2758	2.3141	685	688.63	1,224.77	
519389	42	663.1	667.8	513.6	668.2	359.5	5.06	4.59	0	1,482	56	13.00	5.5	26.3	0.0	0.0	83.60	3	1.2758	2.3141	685	687.25	1,203.59	
519907	41	662.8	669.2	514.7	669.5	359.8	4.88	4.59	0	1,502	57	12.69	5.5	26.3	0.0	0.0	81.12	3	1.2758	2.3141	685	686.03	1,187.42	
520482	41	662.6	670.8	515.0	671.2	360.2	5.06	4.59	0	1,547	59	12.69	5.5	25.9	0.0	0.0	74.16	3	1.2758	2.3070	685	684.93	1,135.39	
520991	41	662.7	672.2	515.8	672.5	360.2	3.50	4.59	0	1,535	60	7.56	5.5	25.9	0.0	0.0	57.80	3	1.2758	2.3070	680	683.64	1,110.47	
521534	41	662.6	673.8	516.7	673.8	360.2	3.69	4.59	0	1,568	60	7.88	5.5	26.3	0.0	0.0	60.19	3	1.2758	2.3156	680	682.63	1,066.02	
522068	41	662.4	675.2	517.8	675.5	360.5	3.50	4.59	0	1,660	61	9.75	5.5	25.9	0.0	0.0	66.84	3	1.2758	2.3094	680	681.65	1,049.14	
522627	41	662.0	677.2	518.8	677.8	360.2	3.81	4.59	0	1,390	62	9.50	5.5	26.3	0.0	0.0	74.70	3	1.2758	2.3180	680	680.43	1,091.02	
523172	41	661.5	678.5	519.6	678.8	360.5	4.00	4.59	0	1,398	63	10.00	5.5	25.9	0.0	0.0	75.38	3	1.2758	2.3109	675	679.54	1,094.77	
523685	41	661.0	680.2	520.1	680.5	360.8	3.69	4.59	0	1,396	64	10.00	5.5	25.9	0.0	0.0	67.03	3	1.2758	2.3109	675	678.53	1,062.66	
524237	41	660.5	681.5	521.3	681.5	360.8	3.31	4.59	0	1,382	64	6.75	5.5	25.9	0.0	0.0	58.57	3	1.2758	2.3109	675	677.55	1,096.25	
524791	41	659.9	682.8	522.0	682.8	361.5	1.75	4.59	0	1,355	65	2.19	5.5	25.9	0.0	0.0	19.05	3	1.2758	2.3109	675	676.75	1,004.53	
525435	40	659.5	683.8	522.6	684.2	361.5	1.44	4.59	0	1,329	65	0.81	5.5	25.9	0.0	0.0	12.19	3	1.2758	2.3109	675	676.05	975.08	
525999	40	659.1	685.2	523.1	685.2	361.5	1.44	4.59	0	1,343	64	0.81	5.5	25.9	0.0	0.0	16.95	3	1.2758	2.3047	675	675.44	969.84	
526575	40	658.8	685.5	523.5	685.8	361.8	0.88	4.59	0	1,337	64	0.81	5.5	25.9	0.0	0.0	17.20	3	1.2758	2.3047	675	675.04	969.06	
527124	40	658.5	685.5	524.0	685.5	361.8	0.88	4.59	0	1,323	63	1.12	5.5	25.9	0.0	0.0	17.06	3	1.2758	2.2984	670	674.55	975.08	
527678	41	658.4	685.5	523.6	685.2	361.8	0.88	4.59	0	1,304	62	0.81	5.5	25.9	0.0	0.0	17.37	3	1.2758	2.2984	670	674.15	975.55	
528231	41	658.3	684.5	523.3	684.5	361.8	1.06	4.59	0	1,259	60	0.81	5.5	25.5	0.0	0.0	17.13	3	1.2758	2.3070	670	673.75	975.86	
528790	41	658.2	683.8	523.0	683.8	361.8	1.25	4.59	0	1,196	57	0.56	5.5	25.9	0.0	0.0	17.30	3	1.2758	2.3000	670	673.35	975.00	
529308	41	658.2	682.5	522.3	682.2	362.2	1.25	4.59	0	1,156	55	0.56	5.5	25.9	0.0	0.0	17.30	3	1.2758	2.3000	670	673.14	973.52	
529892	41	658.2	681.2	521.6	681.2	362.2	1.25	4.59	0	1,156	55	0.56	5.5	25.5	0.0	0.0	17.81	3	1.2758	2.2938	670	672.83	972.97	
530432	41	658.2	679.5	520.8	679.5	361.8	1.25	4.59	0	1,144	55	0.56	5.5	25.5	0.0	0.0	17.46	3	1.2758	2.2875	670	672.53	972.81	
531019	42	658.2	677.5	519.8	677.5	362.2	1.25	4.59	0	1,136	54	0.56	5.5	25.9	0.0	0.0	17.41	3	1.2758	2.2953	670	672.25	971.95	
531549	42	658.3	676.2	519.3	676.2	361.8	1.25	4.59	0	1,125	54	0.56	5.5	25.9	0.0	0.0	17.53	3	1.2758	2.2953	670	672.04	971.64	
532082	42	658.3	674.5	518.6	674.2	361.8	1.25	4.59	0	1,116	53	0.56	5.5	25.5	0.0	0.0	17.48	3	1.2758	2.2891	670	671.85	971.48	
532644	42	658.3	672.5	517.5	672.5	361.8	1.25	4.59	0	1,106	53	0.56	5.5	25.9	0.0	0.0	17.48	3	1.2758	2.2977	670	671.64	971.17	
533208	42	658.4	670.5	516.3	670.5	361.8	1.25	4.59	0	1,099	53	0.56	5.5	25.5	0.0	0.0	17.48	3	1.2758	2.2906	670	671.43	971.02	
533834	42	658.4	668.5	515.1	668.5	361.5	1.25	4.59	0	1,091	52	0.56	5.5	25.5	0.0	0.0	17.72	3	1.2758	2.2906	670	671.24	970.86	
534402	42	658.5	666.8	514.3	666.5	361.8	1.44	4.59	0	1,081	52	0.56	5.5	25.5	0.0	0.0	17.65	3	1.2758	2.2906	670	671.03	970.78	
534985	42	658.5	664.8	513.1	664.2	361.5	1.25	4.59	0	1,065	51	0.56	5.5	25.5	0.0	0.0	17.84	3	1.2758	2.2906	670	670.84	970.16	
535572	42	658.6	661.5	512.0	661.5	361.5	1.44	4.59	0	1,064	51	0.31	5.5	25.5	0.0	0.0	17.74	3	1.2758	2.2906	670	670.63	970.23	
536104	42	658.6	659.8	510.6	660.5	361.2	1.44	4.59	0	1,050	49	0.56	5.5	25.5	0.0	0.0	17.93	3	1.2758	2.2906	670	670.44	970.08	
536662	42	658.6	658.5	509.8	658.2	360.8	1.25	4.59	0	1,024	48	0.81	5.5	25.5	0.0	0.0	12.84	3	1.2758	2.2906	670	670.35	968.52	
537179	42	658.6	656.5	508.8	656.5	360.8	1.75	4.59	0	1,211	47	0.31	5.5	25.5	0.0	0.0	16.69	3	1.2758	2.2906	670	670.14	968.67	
537701	42	658.6	654.2	507.5	654.2	360.5	1.25	4.59	0	1,165	46	0.81	5.5	25.5	0.0	0.0	18.19	3	1.2758	2.2906	670	669.93	970.16	
538217	43	658.7	652.2	506.3	652.5	360.5	1.25	4.59	0	1,162	45	0.56	5.5	25.5	0.0	0.0	18.12	3	1.2758	2.2906	665	669.83	971.25	
538731	43	658.7	650.8	505.3	650.8	360.2	1.25	4.59	0	1,141	44	0.56	5.5	25.5	0.0	0.0	18.61	3	1.2758	2.2906	665	669.74	971.25	
539301	43	658.8	648.8	504.5	648.2	359.8	1.56	4.59	0	1,349	43	0.81	5.5	25.5	0.0	0.0	13.17	3	1.2758	2.2906	665	669.53	969.61	
539817	43	658.8	646.5	503.5	646.8	359.8	0.38	4.59	0	1,461	43	0.31	5.5	25.5	0.0	0.0	17.27	3	1.2758	2.2906	665	669.34	970.31	
540342	43	658.9	645.2	502.3	644.8	359.2	0.69	4.59	0	1,419	43	1.38	5.5	25.5	0.0	0.0	19.17	3	1.2758	2.2906	665	669.25	973.91	
540956	43	658.9	643.5	501.5	643.2	359.2	0.88	4.59	0	1,390	41	1.12	5.5	25.5	0.0	0.0	19.45	3	1.2758	2.2906	665	669.04	976.25	
541502	43	659.1	641.8	500.6	641.5	358.8	0.88	4.59	0	1,324	39	1.12	5.5	25.5	0.0	0.0	19.17	3	1.2758	2.2906	665	668.85	977.11	
542033	43	659.2	639.5	499.5	639.2	358.5	1.06	4.59	0	1,262	36	0.81	5.5	25.5	0.0	0.0	19.10	3	1.2758	2.2906	665	668.73	976.48	
542675	43	659.3	637.8	498.1	637.8	358.8	1.25	4.59	0	1,166	33	0.56	5.5	25.5	0.0	0.0	18.96	3	1.2758	2.2906	665	668.55	974.45	
543180	43	659.4	636.2	497.6	636.2	358.5	1.44	4.59	0	1,101	30	0.56	5.5	25.5	0.0	0.0	18.45	3	1.2758	2.2906	665	668.33	973.28	
543703	43	659.6	634.8	496.7	634.8	358.2	1.25	4.59	0	1,155	26	0.56	5.5	25.5	0.0	0.0	18.89	3	1.2758	2.2906	665	668.15	973.36	
544239	43	659.7	633.2	495.7	633.2	357.8	1.44	4.59	0	1,048	24	0.31	5.5	25.5	0.0	0.0	18.80	3	1.2758	2.2906	665	668.03	971.17	
544783	43	659.8	631.8	494.8	631.2	357.8	1.94	4.59	0	863	21	0.31	5.5	25.5	0.0	0.0	20.18	3	1.2758	2.2906	665	667.84	966.17	
545302	43	659.9	630.2	494.0	630.2	357.5	1.75	4.59	0	1,021	19	0.56	5.5	25.5	0.0	0.0	14.65	3	1.2758	2.2906	665	667.63	965.00	
545837	43	659.9	628.8	493.1	628.8	357.2	1.75	4.59	0	941	16	0.31	5.5	25.5	0.0	0.0	16.88	3	1.2758	2.2906	665	667.54	962.73	
546412	43	659.9	627.2	492.3	627.2	356.5	1.75	4.59	0	924	13	0.31	5.5	25.5	0.0	0.0	17.30	3	1.2758	2.2906	665	667.35	961.41	
547014	43	659.8	625.8	491.3	625.8	356.5	1.75	4.59	0	919	10	0.56	5.5	25.5	0.0	0.0	18.33	3	1.2758	2.2906	665	667.14	960.62	
547573	43	659.7	623.8	490.6	624.2	356.5	1.75	4.59	0	940	8	0.56	5.5	25.5	0.0	0.0	19.29	3	1.2758	2.2906	665	666.93	961.33	
548091	43	659.5	622.8	489.7	622.5	356.5	1.56	4.59	0	871	5	0.56	5.5	25.5	0.0	0.0	15.96	3	1.2758	2.2906	665	666.74	960.47	
548614	43	659.4	621.8	488.8	621.5	355.5	1.56	4.59	0	808	4	0.31	5.5	25.5	0.0	0.0	21.33	3	1.2758	2.2906	665	666.65	959.84	
549169	43	659.2	620.2	488.0	620.2	355.2	1.75	4.59	0	852	3	0.56	5.5	25.5	0.0	0.0	26.79	3	1.2758	2.2906	665	666.44	959.69	
549721	43	658.9	619.2	487.3	618.8	355.2	1.75	4.59	0	1,016	2	1.12	5.5	25.5	0.0	0.0	19.73	3	1.2758	2.2906	665	666.25	961.88	
550266	43	658.7	617.8	486.3	617.5	354.8	1.75	4.59	0	967	1	0.56	5.5	25.5	0.0	0.0	21.02	3	1.2758	2.2906	665	666.13	960.70	
550841	43	658.3	617.2	485.8	616.5	354.2	1.94	4.59	0	814	2	0.81	5.5	25.5	0.0	0.0	39.02	3	1.2758	2.2906	665	665.94	960.62	
551463	43	658.0	615.8	485.0	615.5	354.5	2.12	4.59	0	863	3	1.62	5.5	25.5	0.0	0.0	36.19	3	1.2758	2.2906	665	665.73	967.97	
552036	43	657.5	614.2	484.1	614.5	353.8	1.94	4.59	0	987	4	1.12	5.5	25.5	0.0	0.0	27.14	3	1.2758	2.2906	665	665.55	971.17	
552542	43	656.9	613.5	483.5	613.5	353.2	1.94	4.59	0	1,003	4	0.81	5.5	25.5	0.0	0.0	26.70	3	1.2758	2.2906	665	665.33	970.00	
553057	43	656.4	613.2	483.0	612.8	352.8	1.94	4.59	0	997	5	1.12	5.5	25.5	0.0	0.0	27.00	3	1.2758	2.2906	665	665.15	968.52	
553563	43	655.9	612.5	482.6	612.5	352.5	1.94	4.59	0	992	5	0.81	5.5	25.5	0.0	0.0	24.77	3	1.2758	2.2906	665	665.03	968.44	
554085	43	655.3	611.8	482.1	611.8	352.2	1.56	4.59	0	973	6	0.81	5.5	25.5	0.0	0.0	37.22	3	1.2758	2.2906	665	664.94	962.97	
554601	43	654.7	611.5	481.7	611.5	352.2	2.12	4.59	0	1,273	7	2.19	5.5	25.5	0.0	0.0	41.06	3	1.2758	2.2906	660	664.75	971.33	
555149	43	653.9	611.2	481.3	610.8	351.8	2.25	4.59	0	1,337	10	2.44	5.5	25.5	0.0	0.0	42.33	3	1.2758	2.2906	660	664.54	981.17	
555720	43	653.0	610.5	481.0	610.5	351.8	2.44	4.59	0	1,511	12	3.00	5.5	25.5	0.0	0.0	42.42	3	1.2758	2.2906	660	664.35	992.73	
556295	43	651.6	610.5	480.8	610.5	351.2	3.00	4.59	0	1,539	14	5.44	5.5	25.5	0.0	0.0	55.59	3	1.2758	2.2906	660	664.14	1,038.12	
556817	43	650.4	610.5	480.8	610.8	351.2	3.00	4.59	0	1,482	15	5.94	5.5	25.5	0.0	0.0	58.76	3	1.2758	2.2906	660	663.83	1,059.38	
557316	43	648.9	611.2	481.2	611.2	350.8	3.00	4.59	0	1,500	17	8.38	5.5	25.5	0.0	0.0	60.49	3	1.2758	2.2906	660	663.53	1,018.36	
557853	43	647.2	611.8	481.1	611.8	350.5	3.50	4.59	0	1,549	20	8.69	5.5	25.5	0.0	0.0	59.58	3	1.2758	2.2906	660	663.25	1,035.86	
558423	43	645.1	612.8	481.8	613.2	350.8	5.56	4.59	0	1,772	23	10.00	5.5	25.5	0.0	0.0	71.34	3	1.2758	2.2906	660	662.64	1,130.00	
558996	43	643.2	613.8	482.0	614.2	350.5	7.50	4.59	0	2,028	27	14.62	5.5	25.5	0.0	0.0	71.79	3	1.2758	2.2844	660	661.94	1,143.52	
559576	42	640.5	615.2	482.8	615.5	350.5	7.69	4.59	0	2,306	30	18.38	5.5	25.5	0.0	0.0	85.50	3	1.2758	2.2844	660	661.14	1,311.41	
560207	42	638.4	617.5	483.8	617.5	350.5	7.50	4.59	0	1,728	32	15.44	5.5	25.5	0.0	0.0	85.36	3	1.2758	2.2844	655	659.85	1,293.20	
560726	42	636.6	619.2	485.1	619.8	350.5	7.31	4.59	0	1,762	35	15.12	5.5	25.5	0.0	0.0	85.45	3	1.2758	2.2844	655	658.84	1,327.66	
561243	42	635.7	621.8	485.8	622.2	350.5	8.50	4.59	0	1,855	38	17.00	5.5	25.5	0.0	0.0	86.23	3	1.2758	2.2844	655	657.74	1,381.25	
561795	42	635.6	624.8	487.5	624.8	350.5	9.38	4.59	0	1,996	41	20.81	5.5	25.5	0.0	0.0	90.05	3	1.2758	2.2781	655	656.33	1,472.19	
562348	42	636.3	627.5	489.2	627.8	350.8	11.12	4.59	0	2,141	44	26.19	5.5	25.5	0.0	0.0	94.55	3	1.2758	2.2781	655	655.23	1,504.69	
562880	43	637.6	630.2	490.5	630.5	351.5	12.19	4.59	0	2,275	47	29.19	5.5	25.5	0.0	0.0	93.35	3	1.2758	2.2781	650	654.25	1,501.72	
563419	43	639.6	633.8	492.6	633.8	351.5	12.69	4.59	0	2,420	49	30.81	5.5	25.5	0.0	0.0	90.70	3	1.2758	2.2844	650	653.24	1,475.62	
563937	43	642.1	637.2	494.3	637.2	352.2	11.62	4.59	0	2,105	51	30.00	5.5	25.5	0.0	0.0	99.30	3	1.2758	2.2844	650	652.44	1,444.14	
564511	43	645.1	640.5	496.5	641.2	352.8	9.06	4.59	0	1,842	53	18.12	5.5	25.5	0.0	0.0	87.75	3	1.2758	2.2844	650	651.83	1,338.75	
565078	43	648.6	644.5	498.5	644.8	353.2	8.69	4.59	0	1,865	55	17.31	5.5	25.5	0.0	0.0	87.16	3	1.2758	2.2844	650	651.44	1,384.69	
565629	43	652.6	648.2	500.8	648.2	353.5	9.56	4.59	0	1,919	57	19.44	5.5	25.5	0.0	0.0	89.67	3	1.2758	2.2930	650	651.25	1,422.58	
566158	43	657.0	651.5	502.3	651.5	354.2	9.94	4.59	0	1,996	58	20.81	5.5	25.5	0.0	0.0	89.06	3	1.2758	2.2859	650	651.34	1,386.33	
566688	43	661.8	655.2	504.6	655.2	354.8	9.38	4.59	0	2,051	60	18.94	5.5	25.5	0.0	0.0	79.29	3	1.2758	2.2797	650	651.74	1,204.22	
567247	43	666.3	658.2	506.5	658.5	355.5	4.88	4.59	0	2,047	61	6.25	5.5	25.5	0.0	0.0	28.15	3	1.2758	2.2883	650	652.14	1,020.94	
567789	42	669.2	661.2	508.3	661.8	356.5	1.75	4.59	0	1,603	61	1.62	5.5	25.5	0.0	0.0	19.24	3	1.2758	2.2883	650	652.54	987.42	
568398	42	671.6	664.2	510.3	664.5	356.5	0.88	4.59	0	1,377	60	1.12	5.5	25.5	0.0	0.0	16.41	3	1.2758	2.2883	650	652.94	974.22	
568970	42	673.8	666.8	511.7	667.2	357.2	1.25	4.59	0	1,551	60	1.38	5.5	25.1	0.0	0.0	35.02	3	1.2758	2.2727	650	653.33	969.14	
569479	42	676.4	668.5	513.0	668.8	357.5	2.44	4.59	0	1,408	59	4.31	5.5	25.5	0.0	0.0	57.61	3	1.2758	2.2797	650	653.73	998.52	
570045	42	678.3	670.5	514.2	670.5	358.2	3.69	4.59	0	1,336	60	7.06	5.5	25.5	0.0	0.0	73.29	3	1.2758	2.2797	650	654.34	1,057.97	
570611	43	680.3	671.2	515.1	671.5	359.2	3.00	4.59	0	1,263	61	5.94	5.5	25.5	0.0	0.0	36.52	3	1.2758	2.2797	655	654.93	1,031.80	
571128	42	681.4	671.8	515.6	672.2	359.5	1.44	4.59	0	1,285	61	1.38	5.5	25.1	0.0	0.0	18.61	3	1.2758	2.2727	655	655.44	990.08	
571699	42	682.5	672.8	516.3	672.8	360.2	1.06	4.59	0	1,236	60	0.81	5.5	25.1	0.0	0.0	12.12	3	1.2758	2.2727	655	655.94	971.80	
572240	42	683.3	673.5	517.0	673.2	360.2	1.56	4.59	0	1,236	59	0.56	5.5	25.1	0.0	0.0	16.48	3	1.2758	2.2727	655	656.24	968.52	
572755	42	683.9	673.5	517.0	673.5	360.5	1.06	4.59	0	1,231	58	0.81	5.5	25.1	0.0	0.0	16.85	3	1.2758	2.2727	655	656.64	973.28	
573306	42	684.6	673.5	517.5	673.5	361.2	1.06	4.59	0	1,209	58	0.56	5.5	25.1	0.0	0.0	17.02	3	1.2758	2.2664	655	657.13	972.42	
573825	42	685.2	673.2	517.1	672.8	361.5	1.25	4.59	0	1,194	57	0.56	5.5	25.1	0.0	0.0	17.06	3	1.2758	2.2664	655	657.44	972.73	
574371	42	685.7	671.8	517.0	671.8	361.8	1.25	4.59	0	1,180	56	0.56	5.5	25.1	0.0	0.0	17.34	3	1.2758	2.2812	655	657.74	973.12	
574910	42	686.3	670.8	516.5	670.8	362.5	1.25	4.59	0	1,167	56	0.56	5.5	25.5	0.0	0.0	17.48	3	1.2758	2.2750	655	658.14	972.89	
575483	43	686.8	669.5	516.1	669.8	362.8	1.25	4.59	0	1,150	55	0.56	5.5	25.1	0.0	0.0	17.51	3	1.2758	2.2680	655	658.54	972.89	
576004	43	687.2	668.5	515.6	668.2	363.2	1.25	4.59	0	1,141	54	0.56	5.5	25.1	0.0	0.0	17.41	3	1.2758	2.2680	655	658.84	971.88	
576522	43	687.6	666.8	515.2	666.8	363.2	1.25	4.59	0	1,127	54	0.56	5.5	25.1	0.0	0.0	17.37	3	1.2758	2.2617	655	659.15	971.88	
577152	43	688.0	665.2	514.6	665.2	363.2	1.44	4.59	0	1,116	53	0.56	5.5	25.1	0.0	0.0	17.20	3	1.2758	2.2695	655	659.55	971.25	
577669	43	688.3	663.8	513.8	664.2	363.5	1.44	4.59	0	1,101	52	0.56	5.5	25.1	0.0	0.0	18.14	3	1.2758	2.2633	655	659.85	971.17	
578188	43	688.7	662.2	512.7	661.8	363.5	2.12	4.59	0	1,128	52	0.81	5.5	25.1	0.0	0.0	47.34	3	1.2758	2.2562	660	660.25	962.58	
578679	43	689.0	660.5	512.1	660.2	363.8	3.69	4.59	0	1,262	52	6.50	5.5	25.1	0.0	0.0	67.69	3	1.2758	2.2648	660	660.65	1,016.41	
579246	44	689.1	658.8	511.1	658.5	364.2	4.00	4.59	0	1,374	53	8.69	5.5	25.1	0.0	0.0	79.62	3	1.2758	2.2648	660	661.23	1,109.92	
579841	44	689.1	656.8	510.7	656.8	364.2	4.56	4.59	0	1,405	54	10.81	5.5	25.1	0.0	0.0	83.93	3	1.2758	2.2648	660	661.84	1,179.30	
580420	43	689.2	655.8	510.1	655.8	364.5	1.94	4.59	0	1,433	55	3.81	5.5	25.1	0.0	0.0	25.50	3	1.2758	2.2578	660	662.43	1,035.55	
580981	43	689.1	654.8	510.0	655.2	364.5	1.25	4.59	0	1,416	54	1.12	5.5	25.1	0.0	0.0	12.54	3	1.2758	2.2516	660	662.85	985.86	
581588	42	689.0	654.2	509.5	654.2	364.8	0.19	4.59	0	1,355	54	0.56	5.5	25.1	0.0	0.0	15.68	3	1.2758	2.2602	660	663.34	972.50	
582135	42	688.9	653.5	509.6	653.8	365.5	0.88	4.59	0	1,248	53	0.81	5.5	25.1	0.0	0.0	17.65	3	1.2758	2.2531	660	663.74	969.77	
582713	43	688.8	652.8	509.2	652.8	365.2	1.25	4.59	0	1,107	52	0.56	5.5	24.7	0.0	0.0	16.76	3	1.2758	2.2531	660	664.23	972.89	
583325	43	688.8	651.8	508.8	651.8	365.2	3.00	4.59	0	1,186	50	0.81	5.5	24.7	0.0	0.0	13.03	3	1.2758	2.2531	660	664.63	970.39	
583867	43	688.7	651.2	508.6	651.2	365.5	1.25	4.59	0	1,212	48	0.56	5.5	24.7	0.0	0.0	17.02	3	1.2758	2.2531	665	665.03	970.86	
584464	43	688.7	649.8	508.0	649.5	365.5	1.25	4.59	0	1,219	47	0.81	5.5	24.7	0.0	0.0	17.67	3	1.2758	2.2531	665	665.33	972.11	
585001	43	688.6	648.8	507.7	648.5	365.8	1.25	4.59	0	1,197	46	0.81	5.5	24.7	0.0	0.0	17.60	3	1.2758	2.2531	665	665.73	972.42	
585529	43	688.6	647.5	506.6	647.5	365.8	1.25	4.59	0	1,191	46	1.12	5.5	24.7	0.0	0.0	14.46	3	1.2758	2.2531	665	666.04	969.45	
586138	43	688.6	646.2	505.8	645.8	365.8	2.44	4.59	0	1,249	46	2.44	5.5	24.7	0.0	0.0	60.38	3	1.2758	2.2531	665	666.44	976.72	
586674	44	688.4	644.8	505.3	643.8	365.8	3.69	4.59	0	1,292	47	6.50	5.5	24.7	0.0	0.0	82.90	3	1.2758	2.2531	665	666.83	1,058.75	
587185	44	687.7	643.2	504.6	642.8	366.2	4.56	4.59	0	1,283	48	10.56	5.5	24.7	0.0	0.0	98.23	3	1.2758	2.2531	665	667.35	1,191.64	
587777	44	687.0	641.8	504.2	641.8	366.2	5.94	4.59	0	1,296	49	14.62	5.5	24.7	0.0	0.0	108.70	3	1.2758	2.2461	665	667.84	1,327.81	
588296	44	686.4	641.5	504.1	641.2	366.2	6.94	4.59	0	1,356	51	18.12	5.5	24.7	0.0	0.0	115.41	3	1.2758	2.2461	665	668.24	1,438.20	
588870	43	686.0	640.8	503.8	640.8	366.5	7.31	4.59	0	1,352	53	19.44	5.5	24.7	0.0	0.0	114.59	3	1.2758	2.2461	665	668.64	1,420.62	
589394	43	685.8	641.5	504.0	641.5	366.8	7.69	4.59	0	1,429	55	21.38	5.5	24.7	0.0	0.0	108.16	3	1.2758	2.2531	665	669.04	1,357.11	
589909	43	685.9	641.5	504.0	641.5	366.8	7.31	4.59	0	1,482	56	20.81	5.5	24.7	0.0	0.0	101.79	3	1.2758	2.2531	665	669.44	1,292.81	
590493	43	686.3	642.5	504.5	642.5	367.2	7.31	4.59	0	1,566	58	19.75	5.5	24.7	0.0	0.0	99.80	3	1.2758	2.2531	665	669.74	1,264.30	
591024	42	687.0	643.8	505.3	643.8	367.2	6.94	4.59	0	1,553	60	18.94	5.5	24.7	0.0	0.0	95.77	3	1.2758	2.2531	670	670.23	1,255.00	
591560	42	687.9	644.8	506.1	645.2	367.5	7.31	4.59	0	1,597	61	18.94	5.5	24.7	0.0	0.0	95.30	3	1.2758	2.2531	670	670.75	1,239.69	
592083	42	688.9	646.8	507.0	646.8	368.2	3.12	4.59	0	1,568	62	6.75	5.5	24.7	0.0	0.0	32.77	3	1.2758	2.2531	670	671.15	1,057.58	
592597	42	689.6	648.5	508.2	648.5	368.2	1.25	4.59	0	1,621	62	1.38	5.5	24.7	0.0	0.0	13.69	3	1.2758	2.2461	670	671.64	995.78	
593134	41	690.2	650.5	509.3	650.5	368.2	1.56	4.59	0	1,233	62	0.81	5.5	24.7	0.0	0.0	12.14	3	1.2758	2.2391	670	671.94	976.09	
593712	41	690.6	652.2	510.3	652.5	368.8	1.44	4.59	0	1,273	62	0.56	5.5	24.7	0.0	0.0	11.93	3	1.2758	2.2391	670	672.34	966.41	
594311	41	690.9	653.8	511.3	653.8	368.8	1.06	4.59	0	1,291	62	0.31	5.5	24.7	0.0	0.0	15.87	3	1.2758	2.2391	670	672.65	969.84	
594830	41	691.3	654.5	512.0	654.5	369.2	1.06	4.59	0	1,281	62	0.81	5.5	24.7	0.0	0.0	16.62	3	1.2758	2.2391	670	672.93	971.64	
595422	42	691.6	655.5	512.6	655.5	369.5	0.88	4.59	0	1,299	62	0.81	5.5	24.7	0.0	0.0	16.97	3	1.2758	2.2391	670	673.23	973.98	
595932	42	691.9	655.8	512.8	655.8	369.8	0.88	4.59	0	1,282	61	0.81	5.5	24.7	0.0	0.0	16.85	3	1.2758	2.2391	670	673.54	974.84	
596449	42	692.2	655.5	512.8	655.5	370.2	1.06	4.59	0	1,280	61	0.81	5.5	24.7	0.0	0.0	16.83	3	1.2758	2.2391	670	673.75	975.00	
597035	42	692.5	655.5	512.7	655.5	370.2	1.06	4.59	0	1,274	61	0.81	5.5	24.7	0.0	0.0	16.92	3	1.2758	2.2328	670	674.03	975.55	
597572	42	692.8	654.8	512.5	654.8	370.2	1.06	4.59	0	1,264	60	1.12	5.5	24.3	0.0	0.0	17.30	3	1.2758	2.2328	670	674.33	975.23	
598090	43	693.0	654.2	512.2	654.2	370.2	1.06	4.59	0	1,255	60	0.81	5.5	24.7	0.0	0.0	17.02	3	1.2758	2.2477	670	674.64	975.47	
598610	43	693.2	653.5	512.0	653.5	370.5	1.06	4.59	0	1,246	59	0.81	5.5	24.7	0.0	0.0	17.32	3	1.2758	2.2406	675	674.94	975.00	
599152	43	693.4	652.5	511.8	652.5	370.5	1.06	4.59	0	1,232	59	0.81	5.5	24.3	0.0	0.0	17.30	3	1.2758	2.2344	675	675.25	974.53	
599709	43	693.6	651.2	511.0	651.5	370.8	1.06	4.59	0	1,210	58	0.81	5.5	24.3	0.0	0.0	17.39	3	1.2758	2.2344	675	675.53	974.61	
600226	43	693.8	650.5	510.6	650.5	370.8	1.25	4.59	0	1,196	57	0.81	5.5	24.7	0.0	0.0	18.80	3	1.2758	2.2430	675	675.74	973.44	
600751	43	693.9	649.5	510.0	649.5	370.8	2.12	4.59	0	1,223	56	1.12	5.5	24.7	0.0	0.0	44.44	3	1.2758	2.2359	675	676.05	964.53	
601297	43	694.0	648.2	509.6	648.2	371.2	3.31	4.59	0	1,291	56	5.69	5.5	24.3	0.0	0.0	70.57	3	1.2758	2.2289	675	676.35	1,015.08	
601846	44	693.8	646.8	508.8	646.8	370.8	3.50	4.59	0	1,258	57	7.06	5.5	24.7	0.0	0.0	76.36	3	1.2758	2.2445	675	676.63	1,087.27	
602369	44	693.4	646.5	509.0	646.5	371.2	4.69	4.59	0	1,264	57	10.56	5.5	24.7	0.0	0.0	95.46	3	1.2758	2.2375	675	677.03	1,193.75	
603015	43	693.1	645.5	508.3	645.5	371.5	5.25	4.59	0	1,254	58	12.44	5.5	24.7	0.0	0.0	102.91	3	1.2758	2.2375	675	677.43	1,294.92	
603581	43	692.8	645.5	508.3	645.5	371.5	5.75	4.59	0	1,251	59	14.62	5.5	24.7	0.0	0.0	107.70	3	1.2758	2.2375	675	677.73	1,344.84	
604085	43	692.7	645.8	508.6	646.2	371.5	6.44	4.59	0	1,323	59	17.56	5.5	24.7	0.0	0.0	107.27	3	1.2758	2.2375	675	677.94	1,308.59	
604626	43	692.8	646.5	509.1	646.5	371.8	6.12	4.59	0	1,320	60	16.75	5.5	24.3	0.0	0.0	106.29	3	1.2758	2.2219	675	678.25	1,263.28	
605148	43	693.1	647.8	509.8	648.2	371.8	4.88	4.59	0	1,293	61	14.31	5.5	24.3	0.0	0.0	54.59	3	1.2758	2.2219	675	678.53	1,090.47	
605664	42	693.3	649.2	510.3	649.2	372.5	1.44	4.59	0	1,245	60	1.94	5.5	24.3	0.0	0.0	18.30	3	1.2758	2.2305	675	678.74	1,011.25	
606192	42	693.5	650.5	511.3	650.8	372.5	1.25	4.59	0	1,258	60	0.81	5.5	24.3	0.0	0.0	11.37	3	1.2758	2.2234	675	678.93	979.45	
606733	41	693.5	652.2	512.2	652.5	372.2	1.06	4.59	0	1,236	59	0.56	5.5	24.3	0.0	0.0	16.55	3	1.2758	2.2234	675	679.14	971.41	
607243	41	693.6	653.5	513.0	653.8	372.8	1.06	4.59	0	1,223	58	0.56	5.5	24.3	0.0	0.0	13.48	3	1.2758	2.2164	675	679.35	966.88	
607791	42	693.7	654.5	513.5	654.8	372.8	2.62	4.59	0	1,291	58	3.00	5.5	24.3	0.0	0.0	59.41	3	1.2758	2.2164	675	679.63	971.17	
608304	42	693.6	656.2	514.1	655.5	372.8	3.69	4.59	0	1,316	58	7.31	5.5	24.3	0.0	0.0	84.45	3	1.2758	2.2250	675	679.84	1,062.97	
608864	42	693.3	656.2	514.6	656.5	373.2	4.69	4.59	0	1,286	59	11.62	5.5	24.3	0.0	0.0	99.35	3	1.2758	2.2250	680	680.15	1,208.59	
609389	43	693.1	656.8	514.6	656.8	373.5	5.75	4.59	0	1,318	60	14.88	5.5	24.3	0.0	0.0	108.00	3	1.2758	2.2180	680	680.43	1,323.12	
609964	43	693.0	658.2	515.8	658.2	373.5	6.81	4.59	0	1,322	61	17.81	5.5	23.9	0.0	0.0	112.29	3	1.2758	2.2109	680	680.55	1,365.78	
610545	43	693.2	659.2	516.3	659.2	373.8	6.12	4.59	0	1,323	62	17.00	5.5	23.9	0.0	0.0	107.84	3	1.2758	2.2109	680	680.85	1,348.05	
611106	42	693.6	660.8	517.5	660.8	374.2	6.81	4.59	0	1,375	63	20.00	5.5	23.9	0.0	0.0	101.32	3	1.2758	2.2109	680	681.13	1,240.31	
611718	42	694.2	662.5	518.1	662.8	374.5	5.56	4.59	0	1,382	64	16.50	5.5	24.3	0.0	0.0	92.02	3	1.2758	2.2266	680	681.44	1,169.53	
612146	42	695.1	664.5	519.3	664.8	374.8	4.56	4.59	0	1,377	65	14.62	5.5	24.3	0.0	0.0	81.87	3	1.2758	2.2266	680	681.65	1,107.42	
612716	42	696.0	666.8	520.8	667.2	374.5	4.19	4.59	0	1,451	66	12.19	5.5	24.3	0.0	0.0	77.70	3	1.2758	2.2195	680	681.93	1,092.34	
613232	42	696.7	669.2	522.2	669.5	375.2	1.94	4.59	0	1,394	66	4.06	5.5	24.3	0.0	0.0	24.38	3	1.2758	2.2125	680	682.23	1,030.94	
613792	41	697.1	671.8	523.3	671.8	375.5	1.25	4.59	0	1,403	66	1.12	5.5	23.9	0.0	0.0	13.50	3	1.2758	2.2281	680	682.54	984.30	
614386	41	697.5	674.5	525.0	674.8	376.2	-1.50	4.59	0	1,366	65	0.56	5.5	24.3	0.0	0.0	16.01	3	1.2758	2.2211	680	682.75	971.72	
614883	41	697.8	676.5	526.2	676.2	376.2	0.69	4.59	0	1,357	65	0.81	5.5	24.3	0.0	0.0	16.88	3	1.2758	2.2211	680	682.94	969.92	
615459	41	698.0	677.8	527.1	678.2	376.5	0.88	4.59	0	1,350	64	1.12	5.5	24.3	0.0	0.0	17.11	3	1.2758	2.2211	680	683.15	975.39	
616015	41	698.3	678.8	527.6	679.2	376.5	0.88	4.59	0	1,335	64	1.12	5.5	23.9	0.0	0.0	17.06	3	1.2758	2.2055	680	683.33	975.70	
616520	42	698.5	679.5	528.0	679.2	376.8	0.88	4.59	0	1,318	63	1.12	5.5	23.9	0.0	0.0	16.97	3	1.2758	2.2055	680	683.55	976.25	
617046	42	698.8	679.5	528.3	679.5	377.2	1.06	4.59	0	1,311	63	1.12	5.5	24.3	0.0	0.0	16.88	3	1.2758	2.2211	680	683.73	976.41	
617619	42	699.0	679.5	528.3	679.5	377.2	1.06	4.59	0	1,302	62	1.12	5.5	23.9	0.0	0.0	17.25	3	1.2758	2.2141	680	683.94	976.17	
618211	42	699.2	678.8	528.3	679.2	377.5	1.06	4.59	0	1,292	62	1.12	5.5	23.9	0.0	0.0	17.20	3	1.2758	2.2141	680	684.25	975.55	
618772	42	699.4	678.2	528.0	678.2	377.5	1.06	4.59	0	1,283	61	0.81	5.5	23.9	0.0	0.0	17.41	3	1.2758	2.2070	680	684.44	975.62	
619357	43	699.6	677.5	527.5	677.2	377.5	1.06	4.59	0	1,262	60	0.81	5.5	23.9	0.0	0.0	17.30	3	1.2758	2.2070	680	684.65	975.39	
620026	43	699.8	675.8	526.8	676.2	377.5	1.06	4.59	0	1,241	59	0.81	5.5	23.9	0.0	0.0	17.39	3	1.2758	2.2000	685	684.93	975.00	
620539	43	699.9	675.2	526.5	674.8	377.8	1.06	4.59	0	1,217	57	0.81	5.5	23.9	0.0	0.0	17.53	3	1.2758	2.2086	685	685.14	974.61	
621085	43	700.0	673.8	525.6	673.8	377.5	1.25	4.59	0	1,178	55	0.56	5.5	23.9	0.0	0.0	17.37	3	1.2758	2.2008	685	685.35	973.83	
621585	43	700.1	672.8	525.3	672.5	377.5	1.25	4.59	0	1,131	54	0.56	5.5	23.9	0.0	0.0	17.30	3	1.2758	2.2008	685	685.54	973.12	
622164	43	700.2	671.5	524.6	671.2	377.5	1.44	4.59	0	1,097	52	0.56	5.5	23.9	0.0	0.0	17.48	3	1.2758	2.2094	685	685.75	971.25	
622686	43	700.3	670.2	524.0	669.8	377.5	1.25	4.59	0	1,259	52	0.81	5.5	23.9	0.0	0.0	13.50	3	1.2758	2.2094	685	685.94	969.22	
623235	43	700.3	668.5	523.0	668.2	377.5	0.88	4.59	0	1,317	52	0.81	5.5	23.9	0.0	0.0	17.91	3	1.2758	2.2094	685	686.15	972.11	
623785	43	700.4	666.5	522.1	666.5	377.5	0.88	4.59	0	1,327	51	0.81	5.5	23.9	0.0	0.0	18.28	3	1.2758	2.2094	685	686.24	974.06	
624305	44	700.5	665.2	521.8	665.2	377.5	0.88	4.59	0	1,286	50	0.81	5.5	23.9	0.0	0.0	18.30	3	1.2758	2.2094	685	686.43	975.00	
624873	44	700.5	663.5	520.5	663.5	377.5	1.06	4.59	0	1,259	49	0.81	5.5	23.9	0.0	0.0	18.19	3	1.2758	2.2094	685	686.55	975.55	
625440	44	700.6	662.2	519.7	662.2	377.2	1.25	4.59	0	1,208	47	0.81	5.5	23.9	0.0	0.0	18.23	3	1.2758	2.2094	685	686.73	974.69	
625979	44	700.7	660.5	519.1	660.5	377.5	1.44	4.59	0	1,165	45	0.56	5.5	23.9	0.0	0.0	18.33	3	1.2758	2.2094	685	686.85	974.14	
626526	44	700.7	658.8	518.1	658.8	376.8	1.25	4.59	0	1,139	44	0.56	5.5	23.9	0.0	0.0	17.86	3	1.2758	2.2094	685	687.04	973.05	
627090	44	700.8	657.5	517.5	657.5	376.8	2.12	4.59	0	1,117	44	0.81	5.5	23.9	0.0	0.0	14.93	3	1.2758	2.2094	685	687.13	970.94	
627614	44	700.8	656.2	516.7	655.8	376.5	1.44	4.59	0	1,476	43	0.56	5.5	23.9	0.0	0.0	16.08	3	1.2758	2.2094	685	687.25	970.08	
628217	44	700.8	654.2	515.6	654.2	376.8	0.69	4.59	0	1,434	43	1.38	5.5	23.9	0.0	0.0	18.87	3	1.2758	2.2094	685	687.44	973.98	
628860	44	700.8	652.8	514.6	652.5	376.8	0.69	4.59	0	1,463	43	1.38	5.5	23.9	0.0	0.0	19.38	3	1.2758	2.2094	685	687.53	976.80	
629355	44	700.8	651.2	514.1	651.5	376.5	0.69	4.59	0	1,447	43	1.38	5.5	23.9	0.0	0.0	19.24	3	1.2758	2.2094	685	687.65	977.66	
629895	44	700.9	649.2	513.5	649.5	376.2	0.69	4.59	0	1,448	43	1.38	5.5	23.9	0.0	0.0	19.27	3	1.2758	2.2094	685	687.74	978.59	
630452	45	700.9	648.2	512.3	648.2	375.8	0.69	4.59	0	1,444	43	1.38	5.5	23.9	0.0	0.0	19.43	3	1.2758	2.2094	685	687.74	979.06	
630952	45	701.0	647.2	511.7	647.2	375.5	0.69	4.59	0	1,440	43	1.38	5.5	23.9	0.0	0.0	19.38	3	1.2758	2.2094	685	687.83	979.22	
631481	45	701.0	646.2	511.3	645.8	375.8	0.69	4.59	0	1,435	43	1.12	5.5	23.9	0.0	0.0	19.43	3	1.2758	2.2094	685	687.83	979.14	
632024	45	701.0	644.5	510.7	644.5	375.8	0.69	4.59	0	1,443	43	1.38	5.5	23.9	0.0	0.0	19.45	3	1.2758	2.2094	685	687.93	979.69	
632584	45	701.0	643.5	509.6	643.2	375.5	0.69	4.59	0	1,440	43	1.38	5.5	23.9	0.0	0.0	19.59	3	1.2758	2.2094	685	687.93	979.53	
633116	45	701.0	642.5	509.0	642.5	375.5	0.69	4.59	0	1,435	42	1.38	5.5	23.9	0.0	0.0	19.62	3	1.2758	2.2094	685	687.93	979.30	
633662	45	701.0	641.2	508.3	640.8	375.2	0.69	4.59	0	1,434	42	1.38	5.5	23.9	0.0	0.0	19.73	3	1.2758	2.2094	685	687.93	979.22	
634180	45	701.0	640.2	507.6	639.8	375.2	0.69	4.59	0	1,429	42	1.38	5.5	23.9	0.0	0.0	19.78	3	1.2758	2.2094	685	687.93	978.91	
634706	45	701.0	639.2	507.0	638.8	375.2	0.69	4.59	0	1,427	42	1.38	5.5	23.9	0.0	0.0	19.78	3	1.2758	2.2094	685	687.93	978.67	
635227	45	701.0	638.2	506.5	637.8	375.2	0.69	4.59	0	1,423	42	1.38	5.5	23.9	0.0	0.0	19.80	3	1.2758	2.2094	685	687.93	979.22	
635752	45	700.9	637.2	506.0	637.2	374.8	0.69	4.59	0	1,416	42	1.38	5.5	23.9	0.0	0.0	19.80	3	1.2758	2.2094	685	687.93	979.53	
636337	46	700.8	636.2	505.5	635.8	374.5	0.69	4.59	0	1,414	42	1.38	5.5	23.9	0.0	0.0	20.06	3	1.2758	2.2094	685	687.93	978.91	
636860	46	700.7	634.8	504.8	634.8	374.2	0.69	4.59	0	1,413	42	1.38	5.5	23.9	0.0	0.0	20.06	3	1.2758	2.2094	685	687.93	979.06	
637517	46	700.6	633.8	504.2	633.5	374.2	0.69	4.59	0	1,409	42	1.12	5.5	23.9	0.0	0.0	19.92	3	1.2758	2.2094	685	687.83	978.91	
638098	46	700.5	633.2	503.6	632.8	373.5	0.69	4.59	0	1,400	41	1.12	5.5	23.9	0.0	0.0	20.09	3	1.2758	2.2094	685	687.83	979.06	
638692	46	700.3	632.2	502.6	632.2	373.5	0.69	4.59	0	1,396	41	1.12	5.5	23.9	0.0	0.0	20.11	3	1.2758	2.2094	685	687.74	978.91	
639281	46	700.2	631.2	502.3	631.2	373.5	0.69	4.59	0	1,395	41	1.38	5.5	23.9	0.0	0.0	20.95	3	1.2758	2.2094	685	687.74	978.75	
639830	46	700.0	630.2	501.7	629.5	373.2	2.62	4.59	0	1,415	41	1.38	5.5	23.9	0.0	0.0	19.95	3	1.2758	2.2094	685	687.65	971.48	
640374	46	699.7	628.8	501.2	628.8	373.2	1.94	4.59	0	1,445	42	1.94	5.5	23.9	0.0	0.0	29.51	3	1.2758	2.2094	685	687.65	968.52	
640903	46	699.2	628.5	501.0	627.8	373.5	2.44	4.59	0	1,487	43	2.75	5.5	23.9	0.0	0.0	40.76	3	1.2758	2.2094	685	687.65	977.03	
641426	46	698.5	627.8	500.3	627.8	372.5	2.62	4.59	0	1,513	44	3.81	5.5	23.9	0.0	0.0	47.53	3	1.2758	2.2094	685	687.53	996.88	
642079	46	697.4	627.5	500.0	627.5	372.8	2.44	4.59	0	1,278	45	3.81	5.5	23.9	0.0	0.0	45.59	3	1.2758	2.2094	685	687.53	1,025.78	
642665	46	696.4	627.2	500.0	626.8	372.8	3.81	4.59	0	1,100	45	1.62	5.5	23.9	0.0	0.0	16.73	3	1.2758	2.2094	685	687.53	984.53	
643196	45	695.4	627.5	500.1	627.5	372.8	1.44	4.59	0	1,159	45	0.56	5.5	23.9	0.0	0.0	27.33	3	1.2758	2.2094	685	687.65	962.11	
643765	45	694.3	627.8	500.1	627.8	372.5	2.44	4.59	0	1,288	45	3.00	5.5	23.9	0.0	0.0	55.88	3	1.2758	2.2094	685	687.65	982.81	
644306	45	692.9	628.2	500.3	628.2	372.5	2.62	4.59	0	1,247	46	5.12	5.5	23.9	0.0	0.0	69.98	3	1.2758	2.2094	685	687.65	1,017.34	
644857	45	691.2	628.5	500.6	628.5	372.2	3.50	4.59	0	1,249	47	7.06	5.5	23.9	0.0	0.0	75.68	3	1.2758	2.2094	685	687.53	1,086.09	
645379	45	689.3	628.8	500.8	628.8	372.2	4.19	4.59	0	1,253	48	10.25	5.5	23.9	0.0	0.0	93.82	3	1.2758	2.2094	685	687.53	1,189.22	
645990	45	687.1	630.2	501.1	630.2	372.5	5.38	4.59	0	1,338	49	14.06	5.5	23.9	0.0	0.0	103.64	3	1.2758	2.2023	685	687.34	1,314.77	
646561	45	685.1	631.5	501.6	631.2	372.2	6.81	4.59	0	1,327	51	19.75	5.5	23.9	0.0	0.0	116.16	3	1.2758	2.2023	685	686.94	1,409.69	
647108	44	683.1	632.8	502.8	633.2	372.8	10.44	4.59	0	1,796	53	23.25	5.5	23.9	0.0	0.0	105.52	3	1.2758	2.2094	685	686.43	1,442.34	
647685	44	681.7	635.2	503.8	635.2	372.8	12.38	4.59	0	1,868	55	27.56	5.5	23.5	0.0	0.0	109.78	3	1.2758	2.1937	685	685.75	1,455.47	
648245	44	680.6	638.2	505.3	638.5	373.2	12.69	4.59	0	1,942	58	28.62	5.5	23.9	0.0	0.0	109.27	3	1.2758	2.2008	685	685.05	1,441.48	
648753	44	680.1	640.8	506.8	641.2	372.8	12.88	4.59	0	2,023	60	30.25	5.5	23.9	0.0	0.0	107.79	3	1.2758	2.2086	680	684.44	1,434.14	
649350	44	680.0	644.8	509.0	645.2	373.5	13.38	4.59	0	2,118	62	32.69	5.5	23.5	0.0	0.0	109.20	3	1.2758	2.1922	680	683.64	1,460.00	
649949	43	680.5	648.5	511.0	649.5	373.8	14.44	4.59	0	2,211	65	36.75	5.5	23.9	0.0	0.0	110.48	3	1.2758	2.2000	680	682.94	1,456.80	
650525	43	681.4	653.2	513.7	653.8	374.2	14.94	4.59	0	2,294	68	37.81	5.5	23.9	0.0	0.0	108.49	3	1.2758	2.2070	680	682.35	1,429.30	
651085	43	683.0	658.2	516.1	658.5	374.8	13.94	4.59	0	2,377	70	35.12	5.5	23.9	0.0	0.0	96.52	3	1.2758	2.1984	680	681.93	1,308.91	
651615	43	684.8	662.8	519.0	663.8	375.2	13.38	4.59	0	2,437	72	33.25	5.5	23.9	0.0	0.0	99.35	3	1.2758	2.1984	680	681.74	1,406.95	
652168	43	687.4	667.8	521.5	668.2	375.8	14.75	4.59	0	2,497	74	37.00	5.5	23.9	0.0	0.0	96.28	3	1.2758	2.2055	680	681.74	1,333.12	
652702	43	690.3	672.8	524.3	673.2	376.8	14.94	4.59	0	2,149	75	34.88	5.5	23.9	0.0	0.0	103.12	3	1.2758	2.2055	680	681.93	1,326.48	
653274	43	693.4	678.2	527.5	678.5	377.5	10.81	4.59	0	2,059	77	23.50	5.5	23.9	0.0	0.0	93.23	3	1.2758	2.2055	680	682.23	1,262.66	
653833	43	697.0	682.8	530.3	683.5	378.2	10.44	4.59	0	2,019	78	24.06	5.5	23.9	0.0	0.0	98.53	3	1.2758	2.2141	680	682.84	1,373.83	
654360	43	701.1	687.8	533.1	687.8	378.8	12.69	4.59	0	2,059	80	29.75	5.5	23.9	0.0	0.0	107.39	3	1.2758	2.2070	680	683.55	1,441.25	
654949	43	705.8	692.8	536.1	692.8	379.8	13.38	4.59	0	2,098	81	32.69	5.5	23.9	0.0	0.0	108.56	3	1.2758	2.2156	680	684.65	1,439.77	
655490	43	709.0	696.2	537.8	696.5	380.2	13.56	4.59	0	2,135	83	33.25	5.5	23.9	0.0	0.0	107.41	3	1.2758	2.2086	685	685.75	1,441.64	
656028	43	714.2	701.2	541.1	701.5	381.2	14.06	4.59	0	2,176	85	34.56	5.5	23.9	0.0	0.0	107.98	3	1.2758	2.2086	685	687.34	1,443.59	
656581	43	718.5	704.8	543.1	705.2	382.5	14.62	4.59	0	2,219	86	34.56	5.5	23.9	0.0	0.0	106.64	3	1.2758	2.2086	685	688.84	1,442.03	
657162	43	723.1	709.2	545.8	709.2	383.2	14.94	4.59	0	2,274	88	36.75	5.5	23.9	0.0	0.0	107.95	3	1.2758	2.2086	690	690.93	1,430.16	
657725	43	727.1	712.5	548.3	712.8	384.5	14.44	4.59	0	2,317	89	35.12	5.5	23.9	0.0	0.0	102.89	3	1.2758	2.2086	690	693.13	1,392.97	
658260	43	731.0	716.5	550.3	716.2	385.2	14.62	4.59	0	2,338	91	35.38	5.5	23.9	0.0	0.0	101.46	3	1.2758	2.2086	695	695.15	1,361.48	
658839	43	734.8	719.5	552.5	719.8	386.2	13.38	4.59	0	2,381	92	32.94	5.5	23.9	0.0	0.0	114.05	3	1.2758	2.2086	695	697.63	1,591.88	
659408	43	738.7	722.8	554.5	722.8	387.2	14.62	4.59	0	2,442	94	33.75	5.5	23.9	0.0	0.0	91.80	3	1.2758	2.2086	700	700.23	1,500.62	
659941	43	742.2	725.8	556.8	725.8	388.2	13.19	4.59	0	2,450	95	30.50	5.5	23.9	0.0	0.0	91.27	3	1.2758	2.2086	700	702.44	1,529.22	
660518	43	745.6	728.8	558.8	729.5	389.5	13.19	4.59	0	2,207	96	32.69	5.5	23.9	0.0	0.0	99.77	3	1.2758	2.2086	705	705.13	1,510.94	
661040	43	749.0	731.5	560.5	731.8	390.5	10.25	4.59	0	2,085	97	23.75	5.5	23.9	0.0	0.0	90.49	3	1.2758	2.2086	705	707.43	1,449.53	
661561	43	752.1	734.2	562.5	734.5	391.2	10.25	4.59	0	2,074	98	22.69	5.5	23.9	0.0	0.0	91.36	3	1.2758	2.2086	705	709.63	1,501.41	
662121	43	755.7	736.8	564.5	737.2	392.5	11.12	4.59	0	2,089	99	25.38	5.5	23.9	0.0	0.0	95.77	3	1.2758	2.2086	710	712.35	1,542.27	
662690	43	759.2	739.8	566.1	739.8	393.5	11.62	4.59	0	2,102	100	26.50	5.5	23.9	0.0	0.0	95.67	3	1.2758	2.2086	710	715.05	1,542.58	
663241	43	762.6	742.2	568.0	742.5	394.2	11.81	4.59	0	2,128	101	27.00	5.5	23.9	0.0	0.0	97.01	3	1.2758	2.2086	715	717.34	1,560.16	
663887	43	765.9	744.8	570.1	745.2	395.5	12.38	4.59	0	2,144	102	28.38	5.5	23.9	0.0	0.0	97.41	3	1.2758	2.2086	720	720.13	1,562.42	
664444	43	768.7	746.8	571.8	747.8	396.8	12.19	4.59	0	2,170	103	28.94	5.5	23.9	0.0	0.0	97.73	3	1.2758	2.2086	720	722.94	1,566.72	
664978	43	771.4	750.2	573.8	749.8	397.8	12.69	4.59	0	2,192	104	29.75	5.5	23.9	0.0	0.0	98.20	3	1.2758	2.2086	725	725.24	1,558.05	
665545	43	773.7	752.5	575.3	752.5	399.2	12.38	4.59	0	2,213	105	29.19	5.5	23.9	0.0	0.0	96.75	3	1.2758	2.2086	725	727.94	1,550.31	
666080	42	775.4	754.8	577.1	754.8	400.2	12.50	4.59	0	2,223	106	29.75	5.5	23.9	0.0	0.0	96.63	3	1.2758	2.2086	730	730.23	1,562.42	
666630	42	777.0	757.5	579.2	757.5	400.8	12.88	4.59	0	2,249	107	30.81	5.5	23.9	0.0	0.0	98.65	3	1.2758	2.2086	730	732.83	1,567.97	
667194	42	778.4	759.8	580.5	760.2	402.2	13.06	4.59	0	2,268	108	30.81	5.5	23.9	0.0	0.0	97.12	3	1.2758	2.2086	735	735.34	1,558.52	
667729	42	779.5	762.2	582.7	762.5	403.2	13.19	4.59	0	2,279	109	31.06	5.5	23.9	0.0	0.0	97.59	3	1.2758	2.2086	735	737.33	1,563.36	
668310	42	780.5	765.2	584.3	765.5	404.8	13.56	4.59	0	2,314	110	31.88	5.5	23.9	0.0	0.0	97.52	3	1.2758	2.2086	735	739.63	1,562.66	
668837	42	781.3	767.8	586.5	767.8	405.8	13.56	4.59	0	2,328	110	31.88	5.5	23.9	0.0	0.0	97.03	3	1.2758	2.2086	740	741.44	1,564.14	
669442	42	782.0	770.8	588.6	771.2	407.2	13.94	4.59	0	2,349	111	33.25	5.5	23.9	0.0	0.0	97.24	3	1.2758	2.2086	740	743.55	1,572.58	
669982	42	782.5	773.5	590.6	773.5	407.8	14.06	4.59	0	2,370	112	33.50	5.5	23.9	0.0	0.0	97.66	3	1.2758	2.2086	745	745.14	1,578.20	
670543	42	782.8	776.2	592.5	776.5	409.8	14.44	4.59	0	2,388	113	33.75	5.5	23.9	0.0	0.0	97.38	3	1.2758	2.2086	745	747.04	1,578.20	
671112	42	783.1	779.2	594.5	779.5	410.5	12.00	4.59	0	2,406	113	23.00	5.5	23.9	0.0	0.0	39.02	3	1.2758	2.2086	745	748.63	1,087.89	
671695	41	783.1	782.5	596.5	782.5	411.5	1.06	4.59	0	2,377	113	2.19	5.5	23.9	0.0	0.0	13.31	3	1.2758	2.2086	745	749.73	987.27	
672353	40	783.0	785.5	598.6	785.5	412.8	1.75	4.59	0	2,099	113	1.38	5.5	23.9	0.0	0.0	17.55	3	1.2758	2.2000	750	750.74	975.39	
672901	40	782.9	787.2	600.0	786.8	413.2	0.88	4.59	0	1,893	111	0.56	5.5	23.9	0.0	0.0	17.02	3	1.2758	2.1914	750	751.54	973.20	
673421	41	782.8	788.5	601.6	788.8	414.5	1.06	4.59	0	1,910	110	0.81	5.5	23.9	0.0	0.0	17.32	3	1.2758	2.2055	750	752.24	981.56	
673935	41	782.7	789.5	602.5	789.5	414.8	0.88	4.59	0	1,895	109	2.44	5.5	23.5	0.0	0.0	16.01	1	1.2758	2.1969	750	752.85	980.00	
674450	41	782.6	789.5	602.6	789.5	415.8	3.50	4.59	0	1,973	109	4.62	5.5	23.9	0.0	0.0	55.43	1	1.2758	2.1969	750	753.53	995.23	
675005	42	782.2	788.8	602.7	789.2	416.5	6.12	4.59	0	1,933	109	12.19	5.5	23.9	0.0	0.0	86.72	1	1.2758	2.2039	750	754.44	1,197.03	
675538	42	781.4	788.5	602.8	788.8	417.2	11.62	4.59	0	1,937	110	27.31	5.5	23.9	0.0	0.0	104.41	1	1.2758	2.2039	755	755.03	1,294.77	
676072	42	780.8	788.2	602.7	788.2	417.2	10.94	4.59	0	1,936	110	23.75	5.5	23.9	0.0	0.0	91.01	1	1.2758	2.1969	755	755.73	1,217.27	
676625	42	780.2	787.8	602.8	788.2	418.2	10.06	4.59	0	1,969	110	21.38	5.5	23.9	0.0	0.0	79.76	1	1.2758	2.1898	755	756.34	1,142.42	
677216	42	779.8	788.5	603.3	788.2	418.8	2.44	4.59	0	1,957	110	3.25	5.5	23.5	0.0	0.0	17.27	1	1.2758	2.1898	755	756.83	996.80	
677777	41	779.4	788.5	603.6	788.5	418.8	1.44	4.59	0	1,914	109	0.81	5.5	23.9	0.0	0.0	11.72	1	1.2758	2.1984	755	757.14	970.00	
678348	41	778.9	789.5	604.1	789.2	419.2	0.56	4.59	0	1,887	108	1.12	5.5	23.9	0.0	0.0	16.80	1	1.2758	2.1984	755	757.44	968.44	
678871	41	778.6	789.5	604.5	789.2	419.5	0.88	4.59	0	1,897	107	1.12	5.5	23.9	0.0	0.0	17.39	1	1.2758	2.1984	755	757.63	970.78	
679400	42	778.2	788.8	604.3	788.5	419.8	0.88	4.59	0	1,878	106	1.38	5.5	23.5	0.0	0.0	17.06	1	1.2758	2.1828	755	757.94	979.92	
679947	42	777.9	787.8	603.8	787.8	419.8	0.88	4.59	0	1,856	106	0.81	5.5	23.5	0.0	0.0	17.37	1	1.2758	2.1828	755	758.15	982.03	
680461	42	777.6	787.2	603.7	786.8	420.2	0.88	4.59	0	1,843	105	0.81	5.5	23.5	0.0	0.0	17.41	0	1.2758	2.1828	755	758.24	982.97	
681127	43	777.3	785.5	603.0	785.2	420.2	0.56	4.59	0	1,871	104	1.12	5.5	23.5	0.0	0.0	35.23	0	1.2758	2.1828	755	758.55	970.62	
681667	43	776.8	783.5	602.3	783.2	420.2	4.56	4.59	0	1,843	104	8.94	5.5	23.1	0.0	0.0	64.05	0	1.2758	2.1758	755	758.64	1,085.16	
682181	43	775.7	781.2	601.0	781.2	420.2	6.25	4.59	0	1,875	104	12.44	5.5	23.5	0.0	0.0	74.72	0	1.2758	2.1914	755	758.73	1,194.69	
682768	43	774.2	779.5	600.2	779.5	420.2	7.31	4.59	0	1,845	104	14.88	5.5	23.5	0.0	0.0	82.57	0	1.2758	2.1844	755	758.85	1,294.53	
683354	43	772.2	778.2	599.5	778.5	420.5	8.38	4.59	0	1,867	105	17.00	5.5	23.5	0.0	0.0	86.77	0	1.2758	2.1766	755	758.85	1,365.78	
683878	43	770.6	777.8	599.3	777.8	420.5	8.88	4.59	0	1,882	105	18.94	5.5	23.5	0.0	0.0	89.39	0	1.2758	2.1766	755	758.73	1,414.14	
684405	43	769.0	777.8	599.1	777.8	420.5	9.38	4.59	0	1,884	106	20.00	5.5	23.5	0.0	0.0	91.69	0	1.2758	2.1766	755	758.43	1,454.22	
684930	42	767.8	777.8	599.5	777.8	420.8	10.06	4.59	0	1,897	107	21.06	5.5	23.5	0.0	0.0	93.30	0	1.2758	2.1766	755	758.24	1,486.64	
685464	42	766.6	778.8	599.8	778.8	420.8	10.44	4.59	0	1,903	107	22.44	5.5	23.1	0.0	0.0	95.09	0	1.2758	2.1617	755	757.94	1,511.25	
686047	42	765.6	779.8	600.1	779.5	421.5	10.81	4.59	0	1,917	108	23.25	5.5	23.1	0.0	0.0	96.84	0	1.2758	2.1617	755	757.54	1,533.44	
686658	42	764.7	781.2	601.5	781.2	421.8	11.31	4.59	0	1,928	109	24.31	5.5	23.1	0.0	0.0	98.18	0	1.2758	2.1688	755	757.05	1,549.38	
687220	41	764.2	782.8	602.3	782.8	421.8	11.12	4.59	0	1,951	109	24.56	5.5	23.1	0.0	0.0	98.51	0	1.2758	2.1688	755	756.53	1,562.58	
687736	41	763.8	784.5	603.3	784.8	422.2	11.31	4.59	0	1,960	110	25.12	5.5	23.1	0.0	0.0	99.21	0	1.2758	2.1688	755	756.13	1,576.25	
688302	41	763.5	786.5	604.3	786.2	422.8	11.62	4.59	0	1,970	111	25.69	5.5	23.1	0.0	0.0	99.54	0	1.2758	2.1617	755	755.64	1,582.42	
688875	41	763.4	788.5	605.7	788.5	423.5	11.62	4.59	0	1,976	111	26.50	5.5	23.1	0.0	0.0	98.93	0	1.2758	2.1617	755	755.24	1,587.81	
689404	41	763.4	790.2	606.8	790.2	423.5	11.81	4.59	0	1,991	112	26.50	5.5	23.1	0.0	0.0	99.98	0	1.2758	2.1617	750	754.75	1,600.47	
690008	41	763.6	791.8	607.6	792.2	423.8	12.00	4.59	0	1,999	113	27.81	5.5	23.1	0.0	0.0	100.38	0	1.2758	2.1617	750	754.35	1,602.11	
690529	41	763.8	793.8	609.1	794.5	424.5	12.38	4.59	0	2,019	114	28.62	5.5	23.5	0.0	0.0	100.64	0	1.2758	2.1695	750	754.05	1,625.39	
691131	40	764.3	796.5	610.5	796.5	425.2	12.69	4.59	0	2,030	114	28.94	5.5	23.1	0.0	0.0	102.98	0	1.2758	2.1695	750	753.65	1,654.30	
691666	40	764.8	798.5	612.0	798.8	425.5	13.19	4.59	0	2,044	115	30.50	5.5	23.1	0.0	0.0	106.34	0	1.2758	2.1695	750	753.44	1,695.08	
692190	40	765.3	800.8	613.1	801.2	426.5	13.94	4.59	0	2,052	116	31.88	5.5	23.1	0.0	0.0	108.07	0	1.2758	2.1625	750	753.13	1,719.84	
692717	40	765.8	803.5	614.8	803.5	426.8	14.25	4.59	0	2,073	116	33.50	5.5	23.1	0.0	0.0	109.17	0	1.2758	2.1625	750	752.94	1,741.02	
693235	40	766.4	805.2	615.6	805.2	427.2	14.62	4.59	0	2,075	117	34.56	5.5	23.1	0.0	0.0	110.60	0	1.2758	2.1625	750	752.85	1,743.05	
693782	40	767.1	807.2	617.0	807.5	427.8	14.75	4.59	0	2,094	118	34.31	5.5	23.5	0.0	0.0	109.10	0	1.2758	2.1781	750	752.73	1,738.59	
694305	40	767.8	809.5	619.0	809.5	428.5	14.94	4.59	0	2,111	119	34.88	5.5	23.5	0.0	0.0	109.57	0	1.2758	2.1711	750	752.64	1,745.31	
694814	40	768.6	811.2	620.3	811.5	429.5	15.12	4.59	0	2,126	120	36.19	5.5	23.1	0.0	0.0	110.62	0	1.2758	2.1711	750	752.64	1,758.91	
695326	40	769.5	813.2	621.5	813.2	429.8	15.31	4.59	0	2,136	120	36.75	5.5	23.1	0.0	0.0	111.40	0	1.2758	2.1711	750	752.73	1,771.88	
695904	40	770.7	815.2	622.5	815.2	430.8	16.00	4.59	0	2,149	121	36.75	5.5	23.1	0.0	0.0	112.08	0	1.2758	2.1711	750	752.85	1,775.78	
696479	40	771.8	817.2	623.8	817.5	431.5	16.00	4.59	0	2,166	122	37.25	5.5	23.1	0.0	0.0	111.66	0	1.2758	2.1641	750	753.04	1,768.20	
697004	40	773.0	819.2	625.5	819.2	432.2	16.19	4.59	0	2,182	123	37.56	5.5	23.5	0.0	0.0	111.98	0	1.2758	2.1797	750	753.34	1,773.75	
697528	40	774.2	820.5	626.6	820.5	432.8	16.31	4.59	0	2,188	123	37.81	5.5	23.1	0.0	0.0	111.75	0	1.2758	2.1727	750	753.65	1,774.06	
698128	40	775.4	822.2	627.6	822.2	433.5	16.50	4.59	0	2,202	124	38.62	5.5	23.1	0.0	0.0	112.22	0	1.2758	2.1727	750	754.05	1,786.72	
698661	40	776.8	823.2	629.0	823.2	434.5	16.88	4.59	0	2,222	125	39.19	5.5	23.1	0.0	0.0	112.05	0	1.2758	2.1648	750	754.44	1,785.47	
699213	40	778.5	825.2	630.3	825.2	435.5	17.06	4.59	0	2,227	126	36.75	5.5	23.1	0.0	0.0	67.88	0	1.2758	2.1805	755	755.03	1,265.55	
699814	40	779.9	826.5	631.1	826.5	436.5	5.25	4.59	0	2,202	126	10.56	5.5	23.1	0.0	0.0	32.41	0	1.2758	2.1734	755	755.55	1,037.66	
700382	39	780.7	827.8	632.5	827.5	437.2	0.69	4.59	0	2,204	125	1.94	5.5	23.5	0.0	0.0	12.61	0	1.2758	2.1805	755	755.94	979.30	
700925	39	781.2	828.5	633.0	828.5	437.8	0.19	4.59	0	2,112	124	1.12	5.5	23.1	0.0	0.0	15.07	0	1.2758	2.1727	755	756.34	967.89	
701462	39	781.7	828.8	633.5	828.8	438.5	1.06	4.59	0	2,169	123	1.62	5.5	23.1	0.0	0.0	17.20	0	1.2758	2.1641	755	756.53	972.34	
701985	40	782.0	828.8	633.8	828.8	438.8	0.88	4.59	0	2,150	122	0.81	5.5	23.1	0.0	0.0	17.41	0	1.2758	2.1625	755	756.83	983.20	
702553	40	782.4	828.2	633.3	827.8	438.8	1.06	4.59	0	2,119	121	1.94	5.5	23.1	0.0	0.0	17.58	0	1.2758	2.1547	755	757.14	987.27	
703092	41	782.7	826.5	633.1	826.5	439.2	1.06	4.59	0	2,106	119	1.12	5.5	23.1	0.0	0.0	17.53	0	1.2758	2.1688	755	757.35	989.14	
703610	41	782.9	825.2	632.5	824.5	439.2	3.12	4.59	0	2,133	119	1.38	5.5	22.7	0.0	0.0	34.83	0	1.2758	2.1531	755	757.54	971.02	
704136	41	783.0	822.8	631.1	822.8	439.5	5.06	4.59	0	2,113	118	10.00	5.5	23.1	0.0	0.0	63.14	0	1.2758	2.1602	755	757.84	1,101.09	
704705	42	782.9	820.5	630.3	820.5	439.8	7.50	4.59	0	2,128	119	15.94	5.5	23.1	0.0	0.0	78.09	0	1.2758	2.1602	755	758.15	1,288.36	
705231	42	782.4	818.8	629.3	818.2	439.8	9.38	4.59	0	2,103	119	21.06	5.5	23.1	0.0	0.0	88.24	0	1.2758	2.1688	755	758.43	1,427.19	
705761	42	781.8	816.8	628.3	816.8	439.8	11.50	4.59	0	2,151	119	26.75	5.5	23.1	0.0	0.0	95.72	0	1.2758	2.1688	755	758.64	1,527.89	
706349	42	781.4	815.5	628.0	815.5	440.5	11.81	4.59	0	2,109	119	27.00	5.5	23.1	0.0	0.0	91.08	0	1.2758	2.1688	755	758.94	1,457.58	
706968	42	781.0	814.8	627.6	814.8	440.2	11.12	4.59	0	2,134	120	26.19	5.5	22.7	0.0	0.0	92.74	0	1.2758	2.1531	755	759.25	1,501.72	
707532	41	780.7	814.2	627.3	814.5	440.8	11.81	4.59	0	2,138	120	27.56	5.5	22.7	0.0	0.0	94.69	0	1.2758	2.1531	755	759.44	1,505.39	
708054	41	780.4	814.5	627.3	814.5	440.8	11.81	4.59	0	2,136	121	27.81	5.5	22.7	0.0	0.0	94.22	0	1.2758	2.1531	755	759.65	1,505.08	
708610	41	780.2	814.5	627.8	814.5	441.5	12.00	4.59	0	2,146	121	27.56	5.5	22.7	0.0	0.0	94.99	0	1.2758	2.1531	760	759.93	1,516.41	
709161	41	780.0	815.2	628.3	815.2	441.5	12.38	4.59	0	2,153	121	28.38	5.5	22.7	0.0	0.0	95.20	0	1.2758	2.1531	760	760.05	1,521.09	
709700	41	779.9	815.8	628.8	815.8	442.2	12.50	4.59	0	2,154	121	28.38	5.5	22.7	0.0	0.0	96.07	0	1.2758	2.1531	760	760.23	1,521.33	
710285	41	779.7	816.8	629.5	817.2	442.2	12.38	4.59	0	2,156	122	28.12	5.5	22.7	0.0	0.0	94.22	0	1.2758	2.1531	760	760.44	1,495.31	
710809	40	779.7	817.5	630.0	817.8	442.5	7.50	4.59	0	2,133	122	14.88	5.5	22.7	0.0	0.0	34.29	0	1.2758	2.1531	760	760.54	1,068.44	
711359	40	779.5	818.8	630.8	818.8	443.2	1.06	4.59	0	2,135	121	1.94	5.5	22.7	0.0	0.0	12.75	0	1.2758	2.1461	760	760.63	986.25	
711871	39	779.3	819.8	631.5	820.2	443.2	4.69	4.59	0	2,087	120	0.31	5.5	22.7	0.0	0.0	13.41	0	1.2758	2.1461	760	760.75	969.45	
712431	39	779.0	821.2	632.0	820.8	443.5	2.12	4.59	0	2,132	118	1.62	5.5	22.7	0.0	0.0	36.26	0	1.2758	2.1531	760	760.84	959.92	
712981	40	778.6	820.8	632.1	820.8	443.5	6.25	4.59	0	2,105	118	12.44	5.5	22.7	0.0	0.0	68.27	0	1.2758	2.1383	760	760.84	1,129.45	
713502	40	777.7	820.8	632.1	820.8	443.5	7.81	4.59	0	2,110	118	16.75	5.5	22.7	0.0	0.0	81.12	0	1.2758	2.1383	760	760.94	1,313.52	
714049	41	776.5	820.5	632.3	820.5	443.8	9.94	4.59	0	2,104	118	23.00	5.5	22.7	0.0	0.0	89.30	0	1.2758	2.1531	760	760.94	1,428.44	
714574	41	775.6	820.5	632.2	820.5	443.8	10.81	4.59	0	2,102	119	24.31	5.5	22.7	0.0	0.0	90.09	0	1.2758	2.1461	760	760.84	1,431.56	
715158	41	774.8	820.5	632.1	820.2	444.2	10.94	4.59	0	2,117	119	24.56	5.5	22.7	0.0	0.0	89.98	0	1.2758	2.1461	760	760.63	1,440.47	
715788	41	774.2	820.5	632.5	820.5	444.5	10.94	4.59	0	2,114	119	24.88	5.5	22.7	0.0	0.0	90.82	0	1.2758	2.1398	760	760.54	1,450.47	
716294	40	773.9	820.8	632.6	821.2	444.8	11.31	4.59	0	2,122	120	25.38	5.5	22.7	0.0	0.0	90.89	0	1.2758	2.1398	760	760.35	1,459.38	
716835	40	773.6	821.5	633.3	821.5	444.8	11.31	4.59	0	2,135	120	26.50	5.5	22.7	0.0	0.0	91.90	0	1.2758	2.1398	760	760.14	1,463.28	
717423	40	773.4	822.8	633.7	822.5	444.8	11.50	4.59	0	2,134	120	26.19	5.5	22.7	0.0	0.0	91.71	0	1.2758	2.1477	760	759.93	1,460.62	
717941	40	773.4	823.2	634.3	823.5	445.5	11.31	4.59	0	2,139	121	26.19	5.5	22.7	0.0	0.0	89.34	0	1.2758	2.1477	755	759.74	1,388.67	
718483	40	773.5	824.2	634.8	824.5	446.5	7.12	4.59	0	2,121	121	13.25	5.5	22.7	0.0	0.0	32.86	0	1.2758	2.1477	755	759.53	1,061.48	
719005	40	773.4	825.2	635.7	824.8	446.2	0.69	4.59	0	2,122	120	1.62	5.5	22.7	0.0	0.0	13.52	0	1.2758	2.1406	755	759.44	980.47	
719540	39	773.2	826.2	636.0	826.5	446.5	4.19	4.59	0	2,206	119	7.06	5.5	22.7	0.0	0.0	55.41	0	1.2758	2.1406	755	759.34	961.72	
720123	39	772.7	826.8	636.2	826.5	446.2	9.06	4.59	0	2,120	120	19.44	5.5	22.7	0.0	0.0	98.39	0	1.2758	2.1406	755	759.13	1,256.64	
720676	40	771.9	826.5	636.5	826.5	446.5	12.88	4.59	0	2,125	120	30.25	5.5	22.7	0.0	0.0	100.80	0	1.2758	2.1406	755	759.04	1,303.91	
721202	40	771.2	826.8	636.6	826.8	446.5	12.00	4.59	0	2,140	121	28.38	5.5	22.7	0.0	0.0	95.55	0	1.2758	2.1484	755	758.73	1,313.20	
721757	40	770.9	827.2	636.6	827.5	446.8	12.50	4.59	0	2,147	121	29.19	5.5	22.7	0.0	0.0	99.16	0	1.2758	2.1484	755	758.55	1,345.94	
722292	40	770.8	826.8	637.2	827.2	447.2	13.19	4.59	0	2,157	122	31.62	5.5	22.7	0.0	0.0	101.41	0	1.2758	2.1414	755	758.24	1,362.03	
722860	40	770.9	827.8	637.8	827.8	447.5	13.38	4.59	0	2,172	122	31.88	5.5	22.7	0.0	0.0	100.36	0	1.2758	2.1414	755	757.94	1,358.12	
723387	40	771.1	828.2	637.5	828.5	447.2	13.38	4.59	0	2,180	123	32.12	5.5	22.7	0.0	0.0	100.48	0	1.2758	2.1414	755	757.75	1,357.89	
724014	40	771.6	828.8	638.3	828.8	447.8	13.56	4.59	0	2,195	124	32.69	5.5	22.7	0.0	0.0	100.01	0	1.2758	2.1414	755	757.54	1,354.30	
724549	40	772.2	829.5	638.8	829.5	448.2	13.56	4.59	0	2,203	124	32.69	5.5	22.7	0.0	0.0	98.72	0	1.2758	2.1414	755	757.35	1,312.89	
725156	40	773.2	830.5	639.3	830.5	448.5	9.25	4.59	0	2,189	125	17.00	5.5	22.7	0.0	0.0	37.57	0	1.2758	2.1414	755	757.23	1,056.41	
725705	39	773.8	831.2	640.0	831.2	448.8	0.69	4.59	0	2,188	124	1.38	5.5	22.4	0.0	0.0	13.01	0	1.2758	2.1344	755	757.23	983.36	
726226	39	774.0	831.8	640.3	832.2	448.8	1.25	4.59	0	2,150	123	1.12	5.5	22.4	0.0	0.0	12.28	0	1.2758	2.1414	755	757.23	966.80	
726759	39	774.3	832.2	640.5	832.5	449.2	0.69	4.59	0	2,167	123	1.62	5.5	22.7	0.0	0.0	17.25	0	1.2758	2.1414	755	757.23	970.70	
727291	39	774.5	831.8	640.5	831.8	449.2	0.88	4.59	0	2,148	122	1.38	5.5	22.4	0.0	0.0	17.44	0	1.2758	2.1336	755	757.14	980.94	
727826	40	774.7	831.5	640.1	831.2	448.8	1.06	4.59	0	2,132	121	1.94	5.5	22.4	0.0	0.0	17.55	0	1.2758	2.1258	755	757.14	986.25	
728407	40	774.9	829.8	639.5	829.8	449.2	1.06	4.59	0	2,110	120	1.94	5.5	22.4	0.0	0.0	14.37	0	1.2758	2.1328	755	757.05	985.55	
728946	41	775.0	828.5	638.6	828.2	448.5	3.12	4.59	0	2,143	120	4.31	5.5	22.4	0.0	0.0	51.89	0	1.2758	2.1180	755	757.05	1,001.33	
729546	42	774.9	825.8	637.3	825.8	448.5	6.25	4.59	0	2,122	120	13.00	5.5	22.4	0.0	0.0	71.98	0	1.2758	2.1250	755	756.93	1,206.09	
730063	42	774.5	824.2	636.3	824.2	448.5	8.88	4.59	0	2,145	120	19.44	5.5	22.4	0.0	0.0	85.10	0	1.2758	2.1328	755	756.83	1,378.20	
730628	42	773.8	822.2	635.2	822.2	448.5	11.12	4.59	0	2,156	121	25.94	5.5	22.4	0.0	0.0	93.77	0	1.2758	2.1258	755	756.74	1,503.91	
731208	42	773.3	821.2	634.7	820.8	448.2	12.19	4.59	0	2,157	122	28.38	5.5	22.4	0.0	0.0	94.41	0	1.2758	2.1258	755	756.65	1,520.86	
731748	41	773.0	820.2	634.5	820.5	448.5	12.50	4.59	0	2,174	123	28.94	5.5	22.4	0.0	0.0	96.42	0	1.2758	2.1258	755	756.53	1,557.27	
732288	41	772.7	820.5	634.3	819.8	448.5	13.75	4.59	0	2,190	124	31.88	5.5	22.4	0.0	0.0	100.99	0	1.2758	2.1180	755	756.53	1,613.98	
732927	41	772.4	820.5	634.3	820.2	448.8	13.94	4.59	0	2,205	124	33.25	5.5	22.4	0.0	0.0	100.92	0	1.2758	2.1180	755	756.34	1,620.08	
733525	41	772.1	820.8	634.6	820.8	448.5	14.44	4.59	0	2,224	125	34.31	5.5	22.4	0.0	0.0	102.40	0	1.2758	2.1250	755	756.25	1,635.70	
734042	41	771.9	821.5	635.5	821.5	449.2	14.62	4.59	0	2,241	126	35.12	5.5	22.4	0.0	0.0	102.66	0	1.2758	2.1250	755	756.13	1,632.11	
734600	41	771.8	822.8	636.1	823.2	449.2	14.62	4.59	0	2,252	127	34.88	5.5	22.0	0.0	0.0	102.45	0	1.2758	2.1172	755	756.04	1,638.12	
735176	40	771.8	824.2	637.0	824.2	449.5	15.81	4.59	0	2,277	128	37.56	5.5	22.0	0.0	0.0	108.26	0	1.2758	2.1172	755	755.94	1,736.56	
735728	40	772.0	825.8	637.6	826.2	449.8	17.38	4.59	0	2,287	129	41.06	5.5	22.0	0.0	0.0	98.27	0	1.2758	2.1172	755	755.85	1,487.73	
736287	40	772.2	827.5	639.0	827.5	450.2	8.19	4.59	0	2,287	129	17.56	5.5	22.4	0.0	0.0	43.34	0	1.2758	2.1234	755	755.85	1,068.59	
736858	39	772.4	829.8	640.0	829.8	450.5	0.88	4.59	0	2,306	129	1.94	5.5	22.0	0.0	0.0	13.27	0	1.2758	2.1172	755	755.85	985.70	
737391	39	772.4	831.5	641.1	831.8	450.8	-0.06	4.59	0	2,233	128	0.81	5.5	22.0	0.0	0.0	13.03	0	1.2758	2.1172	755	755.85	968.36	
737929	39	772.5	833.2	642.0	832.8	451.5	0.88	4.59	0	2,251	127	1.94	5.5	22.4	0.0	0.0	17.37	0	1.2758	2.1234	755	755.73	972.89	
738489	39	772.5	833.2	642.0	833.2	450.8	0.69	4.59	0	2,236	127	1.62	5.5	22.0	0.0	0.0	17.20	0	1.2758	2.1164	755	755.73	984.84	
739003	40	772.5	833.2	642.3	833.2	450.8	0.69	4.59	0	2,215	125	1.94	5.5	22.4	0.0	0.0	17.62	0	1.2758	2.1086	755	755.73	988.91	
739565	40	772.5	832.8	642.1	832.5	451.2	1.06	4.59	0	2,187	125	2.75	5.5	22.0	0.0	0.0	15.70	0	1.2758	2.1156	755	755.64	988.20	
740119	41	772.5	831.8	641.3	831.5	450.8	4.38	4.59	0	2,218	124	7.88	5.5	22.4	0.0	0.0	59.98	0	1.2758	2.1219	755	755.55	1,052.34	
740641	41	772.2	830.8	640.6	830.5	450.8	9.25	4.59	0	2,212	125	23.25	5.5	22.4	0.0	0.0	101.53	0	1.2758	2.1219	755	755.55	1,274.61	
741211	42	771.6	828.8	640.0	828.8	450.8	12.88	4.59	0	2,205	125	31.31	5.5	22.0	0.0	0.0	95.93	0	1.2758	2.1156	755	755.33	1,263.91	
741868	41	771.0	827.8	639.5	827.5	451.2	3.31	4.59	0	2,237	125	7.06	5.5	22.0	0.0	0.0	20.91	0	1.2758	2.1156	755	755.24	1,007.89	
742382	41	770.4	827.5	639.0	826.8	450.8	1.25	4.59	0	2,187	124	1.62	5.5	22.0	0.0	0.0	12.02	0	1.2758	2.1086	755	755.24	973.28	
742911	40	769.8	826.8	639.0	826.5	450.8	1.56	4.59	0	2,101	124	0.31	5.5	22.0	0.0	0.0	17.09	0	1.2758	2.1016	755	755.15	969.92	
743485	41	769.4	826.2	638.5	826.5	450.5	1.25	4.59	0	2,163	123	1.38	5.5	22.0	0.0	0.0	17.70	0	1.2758	2.1016	755	755.03	973.12	
744016	41	768.9	825.2	637.8	824.8	450.2	1.06	4.59	0	2,157	122	1.94	5.5	22.0	0.0	0.0	17.62	0	1.2758	2.1016	755	754.94	985.39	
744548	42	768.6	823.8	637.2	823.5	449.8	1.25	4.59	0	2,129	121	1.94	5.5	22.0	0.0	0.0	17.84	0	1.2758	2.1016	755	754.94	988.44	
745114	42	768.2	822.5	636.1	822.2	449.5	1.44	4.59	0	2,115	120	1.62	5.5	22.0	0.0	0.0	17.88	0	1.2758	2.1016	750	754.75	989.84	
745676	42	767.9	820.5	634.5	820.2	449.5	1.25	4.59	0	2,101	120	2.19	5.5	22.0	0.0	0.0	17.95	0	1.2758	2.1016	750	754.63	990.47	
746192	43	767.7	818.5	633.6	818.5	448.8	1.44	4.59	0	2,092	119	0.56	5.5	22.0	0.0	0.0	18.12	0	1.2758	2.1016	750	754.54	990.55	
746759	43	767.4	815.8	632.3	815.5	448.2	1.44	4.59	0	2,074	118	1.38	5.5	21.6	0.0	0.0	18.14	0	1.2758	2.0945	750	754.44	990.39	
747277	43	767.2	813.5	631.2	813.2	447.5	1.25	4.59	0	2,061	117	1.12	5.5	22.0	0.0	0.0	18.30	0	1.2758	2.1094	750	754.35	990.31	
747797	43	766.9	810.5	629.5	810.8	447.2	1.25	4.59	0	2,054	116	0.00	5.5	22.0	0.0	0.0	18.47	0	1.2758	2.1023	750	754.23	989.69	
748370	44	766.7	808.5	627.5	808.5	446.5	1.44	4.59	0	2,034	116	1.94	5.5	22.0	0.0	0.0	18.61	0	1.2758	2.1023	750	754.14	989.45	
748889	44	766.5	805.5	625.8	805.2	446.2	1.25	4.59	0	2,018	115	0.31	5.5	21.6	0.0	0.0	18.52	0	1.2758	2.0953	750	754.05	989.14	
749450	44	766.3	802.5	624.3	802.5	445.2	1.44	4.59	0	2,014	114	0.31	5.5	21.6	0.0	0.0	18.87	0	1.2758	2.0953	750	754.05	988.36	
750148	44	766.0	799.5	622.3	799.2	444.8	1.25	4.59	0	1,996	113	1.12	5.5	22.0	0.0	0.0	18.91	0	1.2758	2.1031	750	753.93	987.81	
750681	45	765.8	796.8	620.7	796.5	444.2	1.44	4.59	0	1,980	112	1.38	5.5	21.6	0.0	0.0	19.03	0	1.2758	2.0961	750	753.83	987.27	
751288	45	765.5	792.8	618.5	792.5	443.2	1.44	4.59	0	1,962	111	1.12	5.5	22.0	0.0	0.0	19.15	0	1.2758	2.1039	750	753.74	986.80	
751805	45	765.3	789.8	616.5	789.5	442.5	1.25	4.59	0	1,946	110	0.81	5.5	22.0	0.0	0.0	19.10	0	1.2758	2.1039	750	753.74	986.41	
752317	45	765.0	787.2	614.6	787.2	441.8	6.62	4.59	0	1,966	110	1.12	5.5	22.0	0.0	0.0	17.93	0	1.2758	2.1039	750	753.74	971.48	
752774	45	764.7	785.2	613.3	784.8	441.2	3.50	4.59	0	1,968	109	4.88	5.5	22.0	0.0	0.0	55.57	0	1.2758	2.1039	750	753.74	1,002.58	
753300	46	764.0	782.2	611.6	782.2	440.5	6.12	4.59	0	1,937	110	11.62	5.5	22.0	0.0	0.0	70.62	0	1.2758	2.1039	750	753.65	1,152.89	
753865	45	762.8	779.5	609.8	779.5	439.8	7.69	4.59	0	1,941	110	15.94	5.5	22.0	0.0	0.0	81.73	0	1.2758	2.1039	750	753.44	1,286.48	
754433	45	760.8	777.8	608.6	777.8	439.5	8.88	4.59	0	1,957	110	19.19	5.5	21.6	0.0	0.0	86.41	0	1.2758	2.0891	750	753.04	1,388.12	
754949	45	759.3	777.2	608.2	776.8	438.8	10.06	4.59	0	1,953	111	22.44	5.5	21.6	0.0	0.0	92.48	0	1.2758	2.0891	750	752.64	1,453.05	
755521	44	757.8	776.5	607.5	776.2	438.5	10.81	4.59	0	1,975	111	23.25	5.5	21.6	0.0	0.0	92.72	0	1.2758	2.0891	750	752.03	1,480.94	
755966	44	756.8	776.5	607.5	776.5	438.5	10.94	4.59	0	1,985	112	24.88	5.5	21.6	0.0	0.0	94.15	0	1.2758	2.0820	750	751.63	1,489.77	
756543	43	755.6	777.2	607.5	777.2	438.2	11.12	4.59	0	1,998	112	24.56	5.5	21.6	0.0	0.0	94.97	0	1.2758	2.0820	750	750.93	1,502.50	
757091	43	754.9	778.5	607.8	778.5	437.8	11.31	4.59	0	1,998	113	25.38	5.5	21.6	0.0	0.0	95.34	0	1.2758	2.0883	750	750.34	1,516.72	
757705	42	754.2	780.5	608.5	780.5	437.8	11.62	4.59	0	2,025	114	26.19	5.5	21.6	0.0	0.0	96.56	0	1.2758	2.0742	745	749.43	1,521.56	
758249	42	753.9	782.2	610.1	782.5	437.8	10.62	4.59	0	2,021	114	19.19	5.5	21.2	0.0	0.0	37.76	0	1.2758	2.0742	745	748.94	1,092.66	
758885	41	753.6	784.5	610.8	784.8	437.5	1.44	4.59	0	2,005	113	1.62	5.5	21.6	0.0	0.0	13.73	0	1.2758	2.0883	745	748.44	985.78	
759439	40	753.3	787.2	612.1	787.2	437.5	0.88	4.59	0	1,953	112	0.56	5.5	21.6	0.0	0.0	16.41	0	1.2758	2.0820	745	748.05	970.08	
760021	40	753.0	789.2	613.1	789.2	437.2	1.06	4.59	0	1,967	111	2.44	5.5	21.6	0.0	0.0	17.39	0	1.2758	2.0820	745	747.65	953.75	
760616	41	752.6	790.5	613.6	790.5	436.8	4.88	4.59	0	1,971	111	8.69	5.5	21.2	0.0	0.0	65.41	0	1.2758	2.0742	745	747.13	1,048.91	
761161	41	751.9	791.5	614.1	791.8	436.8	10.44	4.59	0	2,003	111	23.75	5.5	21.6	0.0	0.0	109.20	0	1.2758	2.0820	745	746.64	1,408.05	
761699	42	751.1	792.2	614.3	792.2	436.8	13.75	4.59	0	1,972	112	31.31	5.5	21.6	0.0	0.0	111.30	0	1.2758	2.0820	745	746.03	1,419.53	
762247	42	750.4	792.8	614.5	792.8	436.5	13.06	4.59	0	1,995	112	30.81	5.5	21.6	0.0	0.0	107.16	0	1.2758	2.0820	745	745.44	1,445.55	
762887	41	749.9	793.8	615.1	793.8	436.5	10.44	4.59	0	1,995	113	22.19	5.5	21.6	0.0	0.0	79.83	0	1.2758	2.0820	740	744.83	1,206.09	
763465	41	749.9	795.2	616.0	795.5	437.2	9.38	4.59	0	2,044	113	21.62	5.5	21.6	0.0	0.0	87.35	0	1.2758	2.0820	740	744.25	1,204.14	
764032	41	750.2	796.8	616.6	797.2	437.2	10.06	4.59	0	2,016	114	21.38	5.5	21.6	0.0	0.0	87.26	0	1.2758	2.0820	740	743.73	1,298.28	
764551	41	750.8	798.8	617.6	798.8	436.8	12.50	4.59	0	2,029	114	29.44	5.5	21.2	0.0	0.0	85.97	0	1.2758	2.0750	740	743.33	1,329.45	
765126	41	751.3	800.5	618.8	800.8	437.2	9.38	4.59	0	2,007	114	21.88	5.5	21.2	0.0	0.0	74.77	0	1.2758	2.0750	740	742.84	1,157.50	
765643	40	751.3	802.5	619.7	802.8	437.5	5.25	4.59	0	2,022	114	7.88	5.5	21.2	0.0	0.0	23.95	0	1.2758	2.0820	740	742.63	1,013.05	
766234	40	751.3	804.8	620.8	804.8	437.2	1.44	4.59	0	1,990	113	0.31	5.5	21.6	0.0	0.0	12.16	0	1.2758	2.0820	740	742.35	972.81	
766762	39	751.2	806.2	621.5	805.8	437.2	2.62	4.59	0	1,913	112	0.56	5.5	21.6	0.0	0.0	16.69	0	1.2758	2.0680	740	742.14	968.44	
767296	40	751.1	807.2	622.2	807.5	437.2	2.81	4.59	0	1,975	111	0.81	5.5	21.2	0.0	0.0	31.10	0	1.2758	2.0680	740	741.93	958.75	
767950	40	750.9	807.5	622.1	807.8	437.2	5.38	4.59	0	1,964	111	10.25	5.5	21.2	0.0	0.0	68.04	0	1.2758	2.0750	740	741.65	1,119.30	
768504	41	750.6	807.5	622.1	807.8	436.8	7.50	4.59	0	1,977	111	15.12	5.5	21.2	0.0	0.0	79.57	0	1.2758	2.0750	740	741.34	1,269.84	
769056	41	749.9	807.8	622.5	808.2	437.2	8.69	4.59	0	1,982	111	18.94	5.5	21.2	0.0	0.0	86.74	0	1.2758	2.0820	740	741.13	1,383.59	
769575	41	749.6	807.8	622.5	807.8	436.8	9.75	4.59	0	1,988	112	22.19	5.5	21.2	0.0	0.0	89.23	0	1.2758	2.0758	740	740.85	1,429.14	
770093	41	749.7	808.2	622.7	808.5	437.2	10.25	4.59	0	1,990	112	22.69	5.5	21.2	0.0	0.0	90.38	0	1.2758	2.0758	740	740.55	1,470.55	
770662	41	750.2	808.8	622.8	808.5	437.2	10.94	4.59	0	2,000	113	24.06	5.5	21.2	0.0	0.0	93.89	0	1.2758	2.0758	740	740.33	1,510.00	
771221	41	750.9	809.8	623.5	809.8	437.2	11.62	4.59	0	2,014	114	25.94	5.5	21.2	0.0	0.0	93.63	0	1.2758	2.0687	740	740.15	1,438.20	
771739	40	751.8	810.5	624.0	810.5	437.5	10.81	4.59	0	2,037	114	23.25	5.5	21.2	0.0	0.0	88.20	0	1.2758	2.0687	740	739.94	1,423.59	
772327	40	752.8	811.5	624.5	811.5	437.5	10.81	4.59	0	2,035	115	24.31	5.5	21.2	0.0	0.0	91.57	0	1.2758	2.0687	740	739.94	1,456.25	
772877	40	754.0	812.5	625.1	813.2	437.8	11.12	4.59	0	2,043	115	25.12	5.5	21.2	0.0	0.0	91.62	0	1.2758	2.0687	740	739.94	1,382.03	
773451	40	755.3	813.8	626.0	813.8	438.2	3.00	4.59	0	2,039	116	3.25	5.5	21.2	0.0	0.0	19.99	0	1.2758	2.0687	740	739.94	1,022.34	
773997	39	755.9	815.2	626.7	815.5	438.2	3.31	4.59	0	2,050	115	3.81	5.5	21.2	0.0	0.0	48.19	0	1.2758	2.0758	740	740.03	956.64	
774536	39	756.4	815.8	627.2	815.8	438.2	5.56	4.59	0	2,044	115	12.19	5.5	21.2	0.0	0.0	82.99	0	1.2758	2.0758	740	740.15	1,176.41	
775100	40	756.6	816.8	627.5	816.5	438.2	12.50	4.59	0	2,046	116	29.44	5.5	21.2	0.0	0.0	102.00	0	1.2758	2.0687	740	740.24	1,294.92	
775623	40	756.9	817.2	627.8	817.5	438.5	11.81	4.59	0	2,056	116	26.75	5.5	21.2	0.0	0.0	96.56	0	1.2758	2.0687	740	740.33	1,320.55	
776249	40	757.4	817.8	628.5	817.8	439.2	12.38	4.59	0	2,080	117	29.44	5.5	21.2	0.0	0.0	101.53	0	1.2758	2.0625	740	740.55	1,399.06	
776755	40	758.1	818.2	628.8	818.5	439.2	13.75	4.59	0	2,092	118	32.44	5.5	21.2	0.0	0.0	106.95	0	1.2758	2.0766	740	740.73	1,432.03	
777337	40	758.9	819.2	629.3	819.2	439.5	14.25	4.59	0	2,116	119	33.75	5.5	21.2	0.0	0.0	106.95	0	1.2758	2.0625	740	741.04	1,434.61	
777883	40	760.2	819.8	629.8	819.8	439.8	14.62	4.59	0	2,132	120	34.56	5.5	21.2	0.0	0.0	108.42	0	1.2758	2.0625	740	741.34	1,450.78	
778414	40	761.2	820.8	630.5	821.2	439.8	15.12	4.59	0	2,138	121	35.69	5.5	21.2	0.0	0.0	108.47	0	1.2758	2.0687	740	741.74	1,450.00	
778935	40	762.3	822.2	631.1	822.2	440.2	15.12	4.59	0	2,162	122	37.25	5.5	21.2	0.0	0.0	108.05	0	1.2758	2.0687	740	742.14	1,364.38	
779477	40	763.6	823.2	632.0	823.2	440.8	4.69	4.59	0	2,126	122	7.56	5.5	21.2	0.0	0.0	30.82	0	1.2758	2.0687	740	742.44	1,036.88	
780005	39	764.5	824.8	633.0	824.5	441.5	0.88	4.59	0	2,144	121	1.12	5.5	21.2	0.0	0.0	12.40	0	1.2758	2.0766	740	742.84	980.55	
780523	39	765.0	825.5	633.5	825.5	441.8	1.06	4.59	0	2,075	121	0.31	5.5	21.2	0.0	0.0	15.63	0	1.2758	2.0687	740	743.15	969.69	
781099	39	765.6	826.2	634.0	826.2	441.5	3.50	4.59	0	2,154	120	4.88	5.5	21.2	0.0	0.0	52.12	0	1.2758	2.0687	740	743.43	983.44	
781636	40	766.1	826.8	634.3	826.8	441.8	6.44	4.59	0	2,126	120	13.81	5.5	21.2	0.0	0.0	70.29	0	1.2758	2.0758	740	743.85	1,189.45	
782217	40	766.3	826.2	634.0	826.2	442.2	8.69	4.59	0	2,143	121	19.44	5.5	21.2	0.0	0.0	84.21	0	1.2758	2.0758	740	744.25	1,381.17	
782761	40	766.4	825.8	634.3	826.2	442.5	10.94	4.59	0	2,152	122	25.69	5.5	21.2	0.0	0.0	78.19	0	1.2758	2.0758	740	744.65	1,154.77	
783288	40	766.7	825.8	634.3	825.8	442.8	2.44	4.59	0	2,138	121	3.81	5.5	21.2	0.0	0.0	18.80	0	1.2758	2.0687	745	744.93	1,008.20	
783858	39	766.8	825.8	634.3	826.2	443.2	0.38	4.59	0	2,127	121	1.62	5.5	21.2	0.0	0.0	11.84	0	1.2758	2.0687	745	745.23	971.80	
784421	39	766.9	826.2	634.3	826.2	442.8	1.06	4.59	0	2,056	120	1.12	5.5	21.2	0.0	0.0	17.20	0	1.2758	2.0687	745	745.44	970.55	
785053	40	766.9	825.2	634.0	825.2	443.2	0.88	4.59	0	2,103	119	1.62	5.5	21.2	0.0	0.0	17.70	0	1.2758	2.0758	745	745.75	973.52	
785567	40	766.9	824.5	634.0	824.5	442.8	0.56	4.59	0	2,124	118	2.75	5.5	21.2	0.0	0.0	40.83	0	1.2758	2.0758	745	745.94	963.44	
786083	41	766.8	822.8	633.0	822.8	442.8	5.94	4.59	0	2,105	118	11.06	5.5	21.2	0.0	0.0	59.32	0	1.2758	2.0758	745	746.15	1,042.34	
786642	41	766.3	821.5	632.3	821.2	442.8	6.25	4.59	0	2,102	119	13.81	5.5	21.2	0.0	0.0	73.24	0	1.2758	2.0758	745	746.33	1,221.80	
787156	41	765.4	819.8	631.5	819.5	442.8	9.06	4.59	0	2,110	119	20.81	5.5	21.2	0.0	0.0	81.63	0	1.2758	2.0687	745	746.55	1,256.56	
787726	41	764.1	818.5	630.6	818.5	442.8	9.06	4.59	0	2,131	120	20.56	5.5	21.2	0.0	0.0	79.29	0	1.2758	2.0625	745	746.73	1,272.58	
788307	41	762.3	818.2	630.7	817.8	442.8	9.56	4.59	0	2,129	120	21.62	5.5	21.2	0.0	0.0	82.31	0	1.2758	2.0625	745	746.73	1,311.25	
788846	41	760.4	817.5	630.1	817.2	442.8	9.56	4.59	0	2,140	121	22.19	5.5	21.2	0.0	0.0	82.90	0	1.2758	2.0625	745	746.73	1,320.70	
789377	40	759.0	817.5	630.1	817.5	443.2	9.94	4.59	0	2,151	121	23.25	5.5	21.2	0.0	0.0	83.27	0	1.2758	2.0625	745	746.64	1,328.36	
789953	40	758.0	817.5	630.1	817.2	442.8	9.94	4.59	0	2,165	122	23.50	5.5	21.2	0.0	0.0	83.18	0	1.2758	2.0625	745	746.43	1,330.47	
790546	40	757.4	817.8	630.7	818.2	443.5	10.44	4.59	0	2,178	123	23.75	5.5	21.2	0.0	0.0	83.44	0	1.2758	2.0625	745	746.15	1,335.62	
791067	40	757.2	818.8	630.8	818.8	443.5	10.25	4.59	0	2,180	123	24.06	5.5	21.2	0.0	0.0	84.40	0	1.2758	2.0625	745	746.03	1,339.14	
791594	40	757.2	819.5	631.6	819.8	443.5	10.25	4.59	0	2,191	124	24.06	5.5	21.2	0.0	0.0	83.04	0	1.2758	2.0625	745	745.75	1,333.83	
792122	40	757.4	820.5	632.1	820.5	443.8	10.25	4.59	0	2,201	124	23.75	5.5	20.8	0.0	0.0	83.62	0	1.2758	2.0555	745	745.63	1,339.61	
792647	40	757.8	821.8	632.8	821.8	443.8	10.25	4.59	0	2,210	125	24.31	5.5	21.2	0.0	0.0	83.88	0	1.2758	2.0695	745	745.44	1,340.47	
793161	40	758.3	822.8	633.3	822.8	444.5	10.44	4.59	0	2,224	125	24.56	5.5	21.2	0.0	0.0	84.00	0	1.2758	2.0695	745	745.35	1,339.92	
793764	40	758.9	824.2	634.1	824.5	445.2	10.62	4.59	0	2,224	126	24.88	5.5	21.2	0.0	0.0	83.25	0	1.2758	2.0625	745	745.23	1,341.64	
794353	39	759.6	825.8	635.1	826.2	445.2	10.81	4.59	0	2,243	126	25.12	5.5	21.2	0.0	0.0	84.33	0	1.2758	2.0625	745	745.23	1,345.39	
794923	39	760.0	827.5	636.5	827.8	445.5	10.81	4.59	0	2,250	127	24.88	5.5	21.2	0.0	0.0	83.44	0	1.2758	2.0703	745	745.14	1,336.80	
795432	39	759.5	828.8	636.8	828.8	445.5	10.81	4.59	0	2,259	127	25.12	5.5	21.2	0.0	0.0	82.88	0	1.2758	2.0703	745	745.14	1,336.95	
795938	39	758.7	830.2	638.0	830.5	445.8	10.81	4.59	0	2,264	128	25.38	5.5	21.2	0.0	0.0	83.84	0	1.2758	2.0633	745	745.05	1,337.42	
796470	39	757.6	832.2	639.1	831.8	446.5	10.62	4.59	0	2,271	128	24.88	5.5	20.8	0.0	0.0	81.96	0	1.2758	2.0563	745	744.93	1,298.75	
796981	39	756.0	833.5	639.8	833.2	446.8	10.44	4.59	0	2,277	128	23.75	5.5	21.2	0.0	0.0	78.49	0	1.2758	2.0703	740	744.74	1,224.61	
797560	39	754.3	835.2	641.0	835.2	447.2	9.06	4.59	0	2,284	128	21.38	5.5	21.2	0.0	0.0	47.67	0	1.2758	2.0703	740	744.44	1,074.06	
798077	39	752.8	836.5	641.6	836.8	447.8	1.06	4.59	0	2,256	128	2.19	5.5	21.2	0.0	0.0	15.12	0	1.2758	2.0703	740	744.25	990.31	
798592	38	751.6	837.5	642.3	837.5	447.8	1.44	4.59	0	2,226	127	1.62	5.5	21.2	0.0	0.0	10.05	0	1.2758	2.0703	740	743.94	968.52	
799101	39	750.7	838.5	643.5	838.8	448.5	1.25	4.59	0	2,217	126	1.62	5.5	20.8	0.0	0.0	17.39	0	1.2758	2.0563	740	743.73	971.56	
799626	39	749.9	839.5	643.7	839.2	448.5	0.69	4.59	0	2,203	125	1.94	5.5	21.2	0.0	0.0	17.67	0	1.2758	2.0633	740	743.55	974.14	
800138	39	749.1	839.2	643.7	838.8	448.2	0.88	4.59	0	2,181	124	1.38	5.5	20.8	0.0	0.0	17.53	0	1.2758	2.0555	740	743.33	986.33	
800692	40	748.5	838.5	643.3	838.2	448.5	0.88	4.59	0	2,165	123	1.94	5.5	20.8	0.0	0.0	17.77	0	1.2758	2.0555	740	743.15	989.61	
801319	40	747.8	837.2	642.7	836.8	448.5	0.88	4.59	0	2,142	121	2.19	5.5	20.8	0.0	0.0	17.88	0	1.2758	2.0484	740	742.84	991.17	
801946	41	747.3	835.2	641.6	835.2	448.2	1.06	4.59	0	2,123	120	1.62	5.5	20.8	0.0	0.0	17.95	0	1.2758	2.0484	740	742.63	991.41	
802504	41	746.8	833.2	640.5	832.8	447.8	1.25	4.59	0	2,103	119	2.19	5.5	20.8	0.0	0.0	18.16	0	1.2758	2.0484	740	742.35	991.64	
803043	42	746.4	830.5	639.3	830.2	447.8	1.25	4.59	0	2,085	118	0.81	5.5	20.8	0.0	0.0	18.28	0	1.2758	2.0484	740	742.14	991.02	
803627	42	746.0	827.5	637.7	827.5	446.8	1.06	4.59	0	2,059	117	1.12	5.5	20.8	0.0	0.0	18.45	0	1.2758	2.0484	740	741.93	990.31	
804141	42	745.7	825.2	636.1	824.8	446.8	1.44	4.59	0	2,044	116	0.31	5.5	20.8	0.0	0.0	18.54	0	1.2758	2.0484	740	741.74	989.77	
804654	43	745.4	822.5	634.6	822.2	446.5	1.25	4.59	0	2,059	115	1.94	5.5	20.8	0.0	0.0	35.70	0	1.2758	2.0414	740	741.44	970.23	
805176	43	745.0	819.5	633.1	819.2	446.2	5.06	4.59	0	2,060	115	10.25	5.5	20.8	0.0	0.0	63.84	0	1.2758	2.0414	740	741.13	1,086.56	
805727	43	744.2	816.5	631.3	816.2	445.8	7.31	4.59	0	2,052	115	15.69	5.5	20.8	0.0	0.0	77.53	0	1.2758	2.0484	740	740.73	1,260.39	
806272	43	742.9	813.8	629.8	813.8	445.5	9.06	4.59	0	2,046	115	20.00	5.5	20.8	0.0	0.0	87.12	0	1.2758	2.0484	740	740.33	1,386.25	
806782	43	741.7	812.2	629.0	811.5	444.8	10.62	4.59	0	2,051	116	24.56	5.5	20.4	0.0	0.0	89.58	0	1.2758	2.0344	735	739.84	1,329.14	
807337	42	740.7	810.8	628.0	810.8	445.2	5.38	4.59	0	2,039	116	8.69	5.5	20.4	0.0	0.0	27.02	0	1.2758	2.0344	735	739.23	1,037.58	
807867	41	740.0	810.2	627.5	810.2	444.8	1.44	4.59	0	2,033	115	0.81	5.5	20.4	0.0	0.0	12.21	0	1.2758	2.0344	735	738.83	980.70	
808425	41	739.3	809.2	627.0	809.2	444.8	-0.06	4.59	0	1,984	114	-0.75	5.5	20.4	0.0	0.0	17.27	0	1.2758	2.0414	735	738.44	969.22	
809004	41	738.6	808.5	626.5	808.8	444.2	1.25	4.59	0	1,997	113	1.12	5.5	20.8	0.0	0.0	18.19	0	1.2758	2.0414	735	738.13	970.78	
809533	41	738.1	807.8	625.8	807.5	444.5	1.94	4.59	0	1,988	112	1.12	5.5	20.4	0.0	0.0	39.80	0	1.2758	2.0344	735	737.73	962.27	
810081	42	737.4	806.8	625.1	806.8	443.8	6.12	4.59	0	1,999	112	11.62	5.5	20.4	0.0	0.0	68.32	0	1.2758	2.0344	735	737.33	1,118.59	
810751	42	736.1	805.2	624.6	804.8	443.5	7.69	4.59	0	2,000	112	15.94	5.5	20.4	0.0	0.0	81.07	0	1.2758	2.0344	735	736.63	1,312.27	
811295	42	734.6	804.2	623.7	803.8	442.8	9.25	4.59	0	2,002	113	20.81	5.5	20.4	0.0	0.0	88.38	0	1.2758	2.0344	735	735.93	1,419.92	
811830	42	733.2	802.8	622.6	802.8	442.5	10.44	4.59	0	2,011	113	23.75	5.5	20.4	0.0	0.0	91.08	0	1.2758	2.0344	735	735.13	1,476.33	
812366	42	732.5	803.2	622.6	803.5	442.8	11.31	4.59	0	2,023	114	25.69	5.5	20.4	0.0	0.0	95.32	0	1.2758	2.0344	730	734.43	1,543.91	
812893	41	732.1	802.8	622.8	802.8	442.5	12.19	4.59	0	2,030	115	27.31	5.5	20.4	0.0	0.0	99.56	0	1.2758	2.0344	730	733.63	1,598.75	
813466	41	732.0	803.5	623.0	803.5	442.8	13.19	4.59	0	2,053	115	30.50	5.5	20.4	0.0	0.0	104.13	0	1.2758	2.0273	730	732.93	1,653.91	
813982	41	732.2	804.5	623.5	804.5	442.5	13.94	4.59	0	2,057	116	32.12	5.5	20.4	0.0	0.0	105.66	0	1.2758	2.0273	730	732.25	1,673.28	
814520	41	732.6	805.2	624.0	805.5	442.8	14.06	4.59	0	2,074	117	32.69	5.5	20.4	0.0	0.0	106.64	0	1.2758	2.0344	730	731.43	1,691.02	
815110	40	733.3	806.8	624.5	807.2	442.8	14.75	4.59	0	2,095	117	34.56	5.5	20.4	0.0	0.0	107.79	0	1.2758	2.0344	730	730.63	1,710.00	
815661	40	734.2	808.5	625.5	808.8	443.2	14.75	4.59	0	2,103	119	35.12	5.5	20.4	0.0	0.0	109.05	0	1.2758	2.0273	730	730.14	1,717.11	
816213	40	735.5	810.2	627.0	810.5	443.2	15.12	4.59	0	2,125	119	35.38	5.5	20.4	0.0	0.0	108.19	0	1.2758	2.0273	725	729.65	1,723.83	
816766	40	737.0	812.5	627.6	812.5	443.5	15.62	4.59	0	2,137	120	36.50	5.5	20.4	0.0	0.0	110.91	0	1.2758	2.0344	725	729.25	1,706.72	
817284	40	738.6	814.2	629.0	814.2	443.8	5.56	4.59	0	2,106	120	11.38	5.5	20.4	0.0	0.0	33.80	0	1.2758	2.0344	725	729.04	1,064.92	
817819	39	739.8	816.2	630.1	816.2	444.2	0.88	4.59	0	2,123	120	1.38	5.5	20.4	0.0	0.0	13.41	0	1.2758	2.0273	725	728.94	986.09	
818366	38	740.7	818.2	631.1	818.2	444.8	1.25	4.59	0	2,076	119	1.12	5.5	20.4	0.0	0.0	13.55	0	1.2758	2.0344	725	728.85	968.83	
818891	39	741.4	819.2	632.1	819.5	444.5	1.25	4.59	0	2,076	118	1.12	5.5	20.4	0.0	0.0	17.46	0	1.2758	2.0344	725	728.73	971.17	
819505	39	742.1	820.2	632.3	820.5	444.8	1.25	4.59	0	2,077	117	3.00	5.5	20.4	0.0	0.0	35.06	0	1.2758	2.0273	725	728.64	963.44	
820068	39	742.8	820.5	632.5	820.2	445.2	5.94	4.59	0	2,100	118	11.06	5.5	20.4	0.0	0.0	67.05	0	1.2758	2.0336	725	728.55	1,113.67	
820681	40	743.6	819.5	632.1	819.8	445.2	8.00	4.59	0	2,099	118	17.56	5.5	20.8	0.0	0.0	73.88	0	1.2758	2.0406	725	728.43	1,143.36	
821252	40	743.9	819.8	632.3	819.5	445.2	1.56	4.59	0	2,076	118	2.19	5.5	20.8	0.0	0.0	18.12	0	1.2758	2.0406	725	728.43	996.25	
821778	40	744.0	818.8	632.0	818.8	445.2	1.06	4.59	0	2,067	117	1.94	5.5	20.8	0.0	0.0	11.84	0	1.2758	2.0406	725	728.43	970.16	
822320	40	744.1	818.5	631.8	818.5	445.2	1.56	4.59	0	2,020	117	0.00	5.5	20.8	0.0	0.0	17.16	0	1.2758	2.0406	725	728.43	968.36	
822886	40	744.1	817.8	631.1	817.5	444.8	0.56	4.59	0	2,049	116	1.62	5.5	20.8	0.0	0.0	27.91	0	1.2758	2.0406	725	728.43	959.77	
823419	40	744.2	816.5	630.5	816.2	444.5	5.06	4.59	0	2,065	116	9.19	5.5	20.8	0.0	0.0	65.25	0	1.2758	2.0406	725	728.43	1,073.05	
823978	41	744.0	815.2	630.0	815.2	444.5	7.12	4.59	0	2,068	116	15.12	5.5	20.8	0.0	0.0	76.95	0	1.2758	2.0406	725	728.43	1,262.42	
824556	41	743.5	814.2	629.5	814.2	444.8	9.38	4.59	0	2,073	117	20.25	5.5	20.4	0.0	0.0	87.84	0	1.2758	2.0336	725	728.43	1,417.81	
825173	41	743.2	812.8	628.6	812.5	444.5	11.12	4.59	0	2,077	118	25.94	5.5	20.4	0.0	0.0	93.05	0	1.2758	2.0273	725	728.55	1,395.86	
825688	41	743.4	812.2	628.3	812.2	444.8	10.25	4.59	0	2,097	118	23.25	5.5	20.4	0.0	0.0	81.89	0	1.2758	2.0336	725	728.55	1,241.33	
826253	41	743.8	812.2	628.3	812.2	444.8	8.69	4.59	0	2,127	119	19.44	5.5	20.4	0.0	0.0	74.93	0	1.2758	2.0336	725	728.64	1,156.80	
826785	40	743.8	811.8	628.3	811.5	444.5	8.00	4.59	0	2,115	119	17.56	5.5	20.4	0.0	0.0	68.06	0	1.2758	2.0336	725	728.64	1,092.42	
827328	40	743.4	812.2	628.5	811.8	444.8	6.94	4.59	0	2,159	119	14.31	5.5	20.4	0.0	0.0	64.57	0	1.2758	2.0273	725	728.73	1,137.03	
827954	40	742.8	812.8	628.6	812.5	444.8	8.38	4.59	0	2,127	120	18.38	5.5	20.4	0.0	0.0	79.64	0	1.2758	2.0273	725	728.85	1,358.20	
828487	40	742.0	813.2	628.8	813.2	444.8	10.62	4.59	0	2,130	120	24.06	5.5	20.4	0.0	0.0	88.27	0	1.2758	2.0344	725	728.85	1,417.58	
829068	40	741.5	813.8	629.1	813.5	445.2	11.50	4.59	0	2,149	121	27.31	5.5	20.4	0.0	0.0	53.18	0	1.2758	2.0344	725	728.85	1,134.69	
829586	40	741.4	814.5	629.5	814.5	444.8	1.44	4.59	0	2,122	121	2.19	5.5	20.4	0.0	0.0	15.49	0	1.2758	2.0273	725	728.85	1,001.88	
830110	39	741.2	815.2	630.0	815.2	445.2	1.25	4.59	0	2,085	120	1.12	5.5	20.4	0.0	0.0	11.86	0	1.2758	2.0273	725	728.85	971.56	
830624	39	741.1	815.5	630.3	815.5	445.2	2.12	4.59	0	2,058	119	0.31	5.5	20.4	0.0	0.0	14.74	0	1.2758	2.0273	725	728.85	964.45	
831136	39	740.9	815.5	630.1	815.5	445.2	4.38	4.59	0	2,116	119	7.31	5.5	20.4	0.0	0.0	61.73	0	1.2758	2.0273	725	728.85	1,024.92	
831643	40	740.5	815.5	630.0	815.5	444.8	8.00	4.59	0	2,107	119	17.81	5.5	20.4	0.0	0.0	99.02	0	1.2758	2.0273	725	728.73	1,297.03	
832230	40	739.9	814.5	630.0	814.5	445.2	13.56	4.59	0	2,118	120	32.12	5.5	20.4	0.0	0.0	103.15	0	1.2758	2.0203	725	728.73	1,317.50	
832773	40	739.6	813.8	629.7	814.2	445.2	12.00	4.59	0	2,138	120	28.38	5.5	20.4	0.0	0.0	93.98	0	1.2758	2.0203	725	728.64	1,293.83	
833295	40	739.8	813.8	629.7	813.8	445.2	12.00	4.59	0	2,155	121	28.12	5.5	20.4	0.0	0.0	94.85	0	1.2758	2.0203	725	728.55	1,303.67	
833806	40	740.4	813.8	629.3	813.8	445.2	12.38	4.59	0	2,161	122	29.19	5.5	20.4	0.0	0.0	77.32	0	1.2758	2.0203	725	728.43	1,149.30	
834323	40	741.0	814.2	629.7	814.2	445.2	2.62	4.59	0	2,162	121	4.06	5.5	20.4	0.0	0.0	19.62	0	1.2758	2.0203	725	728.43	1,006.25	
834907	39	741.5	814.5	630.0	814.8	445.2	1.44	4.59	0	2,097	120	1.62	5.5	20.4	0.0	0.0	11.32	0	1.2758	2.0344	725	728.43	970.70	
835464	39	741.8	814.8	630.2	815.2	445.2	0.88	4.59	0	2,038	119	1.62	5.5	20.4	0.0	0.0	17.18	0	1.2758	2.0344	725	728.43	970.70	
836020	39	742.1	814.8	630.0	814.5	445.2	1.25	4.59	0	2,095	119	0.81	5.5	20.4	0.0	0.0	17.62	0	1.2758	2.0203	725	728.43	972.58	
836647	40	742.3	814.8	629.6	814.5	445.2	1.06	4.59	0	2,077	118	0.81	5.5	20.4	0.0	0.0	17.41	0	1.2758	2.0203	725	728.43	984.53	
837156	40	742.6	813.5	629.3	813.5	444.8	1.25	4.59	0	2,046	117	0.81	5.5	20.4	0.0	0.0	17.77	0	1.2758	2.0203	725	728.43	986.88	
837749	41	742.8	811.5	628.3	811.5	444.5	1.25	4.59	0	2,030	115	1.38	5.5	20.0	0.0	0.0	17.86	0	1.2758	2.0133	725	728.43	987.58	
838277	41	743.0	809.8	627.3	809.8	444.2	1.25	4.59	0	2,017	114	0.31	5.5	20.0	0.0	0.0	17.88	0	1.2758	2.0133	725	728.33	988.36	
838845	41	743.2	807.8	626.0	807.8	443.8	1.25	4.59	0	1,998	113	0.56	5.5	20.0	0.0	0.0	17.88	0	1.2758	2.0133	725	728.33	987.03	
839388	42	743.4	805.8	625.0	805.5	443.2	1.94	4.59	0	1,998	112	2.19	5.5	20.0	0.0	0.0	39.47	0	1.2758	2.0133	725	728.33	971.72	
839950	42	743.5	803.2	623.3	803.2	443.5	5.75	4.59	0	2,001	112	10.00	5.5	20.0	0.0	0.0	65.09	0	1.2758	2.0203	725	728.24	1,102.11	
840463	43	743.3	800.8	621.8	800.2	442.8	11.50	4.59	0	2,021	113	25.94	5.5	20.4	0.0	0.0	106.69	0	1.2758	2.0203	725	728.24	1,340.16	
841006	42	743.0	799.2	620.8	798.8	442.8	12.88	4.59	0	2,006	114	28.38	5.5	20.4	0.0	0.0	101.70	0	1.2758	2.0203	725	728.24	1,335.39	
841561	42	742.9	797.2	619.8	796.8	442.5	13.56	4.59	0	2,124	114	32.44	5.5	20.0	0.0	0.0	108.56	0	1.2758	2.0062	725	728.24	1,452.27	
842125	42	743.0	796.2	619.2	796.2	442.2	13.38	4.59	0	2,023	115	30.81	5.5	20.0	0.0	0.0	97.03	0	1.2758	2.0133	725	728.24	1,313.67	
842694	41	743.4	795.5	618.8	795.5	442.5	11.81	4.59	0	2,039	115	25.69	5.5	20.0	0.0	0.0	91.85	0	1.2758	2.0062	725	728.33	1,256.88	
843214	41	744.1	795.8	619.2	795.8	442.2	10.81	4.59	0	2,052	116	24.06	5.5	20.0	0.0	0.0	89.27	0	1.2758	2.0062	725	728.43	1,240.62	
843741	41	745.1	796.5	619.3	796.8	442.2	10.94	4.59	0	2,094	116	26.50	5.5	20.0	0.0	0.0	106.41	0	1.2758	2.0133	725	728.64	1,478.59	
844266	41	746.3	797.5	619.7	797.5	442.2	12.19	4.59	0	2,085	117	26.75	5.5	20.0	0.0	0.0	89.53	0	1.2758	2.0133	725	728.85	1,402.58	
844844	41	747.8	798.2	620.3	798.2	442.5	10.06	4.59	0	2,079	117	22.69	5.5	20.0	0.0	0.0	85.31	0	1.2758	2.0133	725	729.13	1,192.34	
845486	40	749.2	799.5	621.0	799.8	442.5	2.44	4.59	0	2,062	117	3.81	5.5	20.0	0.0	0.0	16.50	0	1.2758	2.0133	725	729.53	1,001.80	
846054	39	750.3	801.2	621.6	801.2	442.5	1.75	4.59	0	2,038	116	1.38	5.5	20.0	0.0	0.0	15.80	0	1.2758	2.0062	725	729.74	961.41	
846561	39	751.1	802.2	622.5	802.5	442.5	4.38	4.59	0	2,085	116	5.94	5.5	20.0	0.0	0.0	58.27	0	1.2758	2.0062	730	730.05	956.48	
847137	40	751.7	803.2	622.7	803.5	442.5	8.50	4.59	0	2,087	116	19.44	5.5	20.0	0.0	0.0	99.45	0	1.2758	2.0133	730	730.54	1,288.52	
847674	40	752.3	803.5	623.0	803.5	442.5	13.38	4.59	0	2,061	116	31.31	5.5	20.0	0.0	0.0	105.05	0	1.2758	2.0062	730	730.94	1,354.69	
848198	40	753.0	803.8	623.5	804.2	442.5	12.88	4.59	0	2,077	117	30.00	5.5	19.6	0.0	0.0	101.37	0	1.2758	2.0000	730	731.43	1,384.45	
848781	40	754.1	805.2	624.0	804.8	442.5	13.38	4.59	0	2,084	118	31.62	5.5	20.0	0.0	0.0	105.38	0	1.2758	2.0133	730	731.94	1,408.36	
849309	40	755.2	805.8	624.3	805.8	442.8	14.06	4.59	0	2,104	118	33.75	5.5	20.0	0.0	0.0	107.98	0	1.2758	2.0000	730	732.53	1,449.22	
849918	40	756.6	807.2	625.0	807.2	442.8	14.94	4.59	0	2,112	119	35.69	5.5	20.0	0.0	0.0	110.20	0	1.2758	2.0062	730	733.23	1,537.42	
850494	40	758.1	808.5	625.3	808.5	443.2	18.75	4.59	0	2,126	120	44.56	5.5	20.0	0.0	0.0	126.23	0	1.2758	2.0062	730	734.03	1,660.16	
851064	40	759.4	810.2	627.2	810.2	443.5	19.62	4.59	0	2,141	121	46.75	5.5	20.0	0.0	0.0	126.33	0	1.2758	2.0133	730	734.73	1,684.22	
851627	40	760.7	811.8	628.0	812.2	444.2	20.88	4.59	0	2,165	122	49.44	5.5	20.4	0.0	0.0	128.48	0	1.2758	2.0203	735	735.74	1,698.36	
852206	40	762.1	814.2	629.1	814.2	444.2	20.88	4.59	0	2,182	123	49.44	5.5	20.0	0.0	0.0	126.28	0	1.2758	2.0133	735	736.63	1,688.75	
852723	40	763.3	815.8	630.5	815.8	444.8	21.00	4.59	0	2,198	124	50.00	5.5	20.0	0.0	0.0	126.68	0	1.2758	2.0195	735	737.55	1,695.94	
853262	40	764.9	818.2	631.6	818.5	445.5	21.75	4.59	0	2,202	125	52.12	5.5	20.4	0.0	0.0	128.48	0	1.2758	2.0266	735	738.44	1,717.50	
853888	40	766.7	820.5	633.2	820.5	446.2	22.56	4.59	0	2,223	126	53.50	5.5	20.4	0.0	0.0	128.65	0	1.2758	2.0266	735	739.63	1,718.36	
854428	40	768.5	822.5	634.8	822.5	447.2	22.44	4.59	0	2,247	126	54.00	5.5	20.4	0.0	0.0	129.21	0	1.2758	2.0336	740	740.85	1,718.44	
854876	40	770.6	825.5	636.1	825.5	447.5	22.56	4.59	0	2,259	127	55.94	5.5	20.4	0.0	0.0	129.82	0	1.2758	2.0398	740	741.65	1,698.91	
855461	40	773.0	827.5	638.0	827.5	448.5	10.44	4.59	0	2,223	128	18.38	5.5	20.8	0.0	0.0	39.61	0	1.2758	2.0398	740	742.94	1,081.41	
856032	39	774.9	830.2	639.7	830.5	449.2	0.56	4.59	0	2,255	127	2.19	5.5	20.8	0.0	0.0	13.62	0	1.2758	2.0398	740	743.94	988.52	
856562	39	776.0	832.5	640.6	832.8	449.8	2.25	4.59	0	2,212	126	1.38	5.5	20.4	0.0	0.0	8.93	0	1.2758	2.0328	740	744.65	967.66	
857109	39	777.1	834.2	642.3	834.2	450.5	0.88	4.59	0	2,204	125	1.38	5.5	20.8	0.0	0.0	17.09	0	1.2758	2.0328	745	745.35	971.25	
857691	39	778.1	835.2	643.0	835.2	450.8	0.69	4.59	0	2,185	124	1.38	5.5	20.4	0.0	0.0	17.34	0	1.2758	2.0328	745	746.03	982.89	
858212	40	778.9	835.2	643.2	835.5	450.8	0.88	4.59	0	2,161	123	2.19	5.5	20.8	0.0	0.0	17.48	0	1.2758	2.0328	745	746.55	987.11	
858741	40	779.7	835.2	643.3	835.5	451.5	1.25	4.59	0	2,141	122	1.12	5.5	20.8	0.0	0.0	17.58	0	1.2758	2.0453	745	747.04	989.69	
859328	41	780.4	834.2	643.0	834.2	451.5	1.25	4.59	0	2,121	121	1.38	5.5	20.4	0.0	0.0	17.72	0	1.2758	2.0453	745	747.65	990.31	
859865	41	781.1	832.8	642.3	832.5	451.5	1.25	4.59	0	2,109	120	0.56	5.5	20.4	0.0	0.0	17.77	0	1.2758	2.0383	745	748.05	990.78	
860386	41	781.7	830.8	641.5	830.8	451.8	1.25	4.59	0	2,090	119	1.94	5.5	20.8	0.0	0.0	17.95	0	1.2758	2.0453	745	748.44	990.47	
860900	42	782.1	828.8	640.3	829.2	451.5	1.25	4.59	0	2,075	118	1.12	5.5	20.4	0.0	0.0	18.05	0	1.2758	2.0383	745	748.84	990.39	
861453	42	782.6	826.8	639.5	826.5	451.5	1.25	4.59	0	2,062	117	0.56	5.5	20.4	0.0	0.0	18.07	0	1.2758	2.0383	745	749.15	989.14	
862014	42	783.0	824.5	638.0	823.8	451.8	1.25	4.59	0	2,045	116	1.94	5.5	20.4	0.0	0.0	18.28	0	1.2758	2.0383	745	749.55	988.91	
862628	43	783.4	821.8	636.6	821.5	451.2	1.25	4.59	0	2,030	115	0.31	5.5	20.4	0.0	0.0	18.47	0	1.2758	2.0383	745	749.85	988.20	
863153	43	783.7	819.2	635.2	818.5	451.2	1.06	4.59	0	2,010	114	0.56	5.5	20.4	0.0	0.0	18.59	0	1.2758	2.0383	750	750.13	987.81	
863676	43	784.0	815.5	633.3	815.5	450.8	1.06	4.59	0	1,994	113	0.31	5.5	20.4	0.0	0.0	18.75	0	1.2758	2.0383	750	750.34	987.11	
864211	43	784.2	812.5	631.6	812.5	450.8	1.06	4.59	0	1,978	112	1.94	5.5	20.8	0.0	0.0	18.82	0	1.2758	2.0516	750	750.65	986.48	
864741	44	784.4	809.8	630.0	809.2	449.8	1.06	4.59	0	1,964	112	0.56	5.5	20.8	0.0	0.0	18.94	0	1.2758	2.0453	750	750.83	986.72	
865309	44	784.6	806.5	628.5	806.5	449.8	1.06	4.59	0	1,986	111	0.81	5.5	20.8	0.0	0.0	23.86	0	1.2758	2.0453	750	751.14	968.36	
865860	44	784.7	803.5	626.7	802.8	449.2	5.06	4.59	0	1,998	111	8.38	5.5	20.4	0.0	0.0	63.68	0	1.2758	2.0516	750	751.44	1,060.78	
866375	44	784.7	800.8	625.2	800.5	448.5	8.00	4.59	0	1,968	111	18.94	5.5	20.8	0.0	0.0	99.21	0	1.2758	2.0453	750	751.84	1,259.45	
866935	44	784.3	798.2	623.3	797.5	448.8	11.81	4.59	0	1,971	112	26.50	5.5	20.8	0.0	0.0	98.77	0	1.2758	2.0320	750	752.33	1,305.78	
867442	44	784.2	795.8	622.3	796.2	448.2	12.19	4.59	0	1,989	112	26.75	5.5	20.4	0.0	0.0	100.73	0	1.2758	2.0383	750	752.73	1,372.58	
867989	43	784.2	794.8	621.5	794.8	447.8	13.19	4.59	0	2,005	113	30.25	5.5	20.4	0.0	0.0	101.86	0	1.2758	2.0383	750	753.44	1,340.86	
868537	43	784.2	794.2	621.0	794.5	448.2	12.69	4.59	0	2,044	114	28.94	5.5	20.4	0.0	0.0	99.56	0	1.2758	2.0320	750	753.93	1,355.39	
869058	42	784.3	794.2	621.3	794.2	448.2	13.06	4.59	0	2,033	115	30.00	5.5	20.4	0.0	0.0	101.16	0	1.2758	2.0383	750	754.54	1,337.50	
869593	42	784.5	795.2	621.1	794.8	447.8	12.38	4.59	0	2,047	116	28.12	5.5	20.4	0.0	0.0	95.91	0	1.2758	2.0320	755	755.24	1,313.67	
870143	41	784.9	796.2	621.6	795.8	447.8	12.19	4.59	0	2,057	116	27.81	5.5	20.4	0.0	0.0	96.63	0	1.2758	2.0320	755	755.94	1,300.62	
870685	41	785.4	796.8	622.3	797.2	447.8	11.81	4.59	0	2,070	117	26.75	5.5	20.4	0.0	0.0	91.05	0	1.2758	2.0383	755	756.53	1,239.14	
871329	41	786.1	798.8	623.3	799.2	447.8	9.38	4.59	0	2,077	117	23.50	5.5	20.4	0.0	0.0	75.19	0	1.2758	2.0383	755	757.44	1,216.80	
871904	41	786.5	800.8	624.6	801.2	448.5	3.31	4.59	0	2,082	117	5.12	5.5	20.4	0.0	0.0	21.33	0	1.2758	2.0320	755	758.15	1,015.16	
872403	40	786.5	803.2	625.6	803.5	448.2	0.56	4.59	0	2,059	117	1.94	5.5	20.4	0.0	0.0	12.47	0	1.2758	2.0250	755	758.55	975.23	
872948	40	786.4	805.2	626.5	805.8	448.2	-0.25	4.59	0	1,989	116	1.12	5.5	20.4	0.0	0.0	16.83	0	1.2758	2.0320	755	758.94	968.36	
873530	40	786.3	806.5	627.3	806.5	447.8	1.25	4.59	0	2,027	115	0.81	5.5	20.4	0.0	0.0	17.60	0	1.2758	2.0320	755	759.34	971.17	
874060	40	786.3	807.5	627.6	807.5	447.8	1.25	4.59	0	2,022	114	0.00	5.5	20.4	0.0	0.0	17.65	0	1.2758	2.0383	755	759.65	981.17	
874588	41	786.2	807.8	627.6	807.8	448.2	1.25	4.59	0	2,000	113	0.00	5.5	20.4	0.0	0.0	17.51	0	1.2758	2.0250	760	759.93	984.45	
875110	41	786.1	807.5	627.6	807.5	447.5	1.25	4.59	0	1,982	113	1.94	5.5	20.4	0.0	0.0	17.79	0	1.2758	2.0250	760	760.23	985.31	
875628	42	786.0	806.8	627.1	806.8	447.5	1.06	4.59	0	1,976	112	0.31	5.5	20.4	0.0	0.0	17.74	0	1.2758	2.0312	760	760.44	985.94	
876181	42	785.8	805.5	626.3	805.5	447.2	1.25	4.59	0	1,955	111	0.31	5.5	20.4	0.0	0.0	17.79	0	1.2758	2.0312	760	760.63	986.41	
876748	42	785.7	803.8	625.5	803.8	446.5	1.25	4.59	0	1,945	110	0.56	5.5	20.4	0.0	0.0	17.86	0	1.2758	2.0312	760	760.84	985.47	
877285	43	785.6	802.2	624.1	801.8	446.2	1.06	4.59	0	1,922	108	1.62	5.5	20.4	0.0	0.0	17.98	0	1.2758	2.0312	760	761.03	985.47	
877805	43	785.4	800.2	623.1	800.2	445.8	0.88	4.59	0	1,865	106	1.12	5.5	20.4	0.0	0.0	17.93	0	1.2758	2.0250	760	761.24	984.45	
878344	43	785.3	798.2	621.7	798.2	445.2	0.69	4.59	0	1,812	103	1.12	5.5	20.4	0.0	0.0	18.02	0	1.2758	2.0250	760	761.43	984.06	
878897	43	785.1	795.8	620.7	795.8	444.8	0.88	4.59	0	1,801	102	1.38	5.5	20.4	0.0	0.0	18.23	0	1.2758	2.0187	760	761.64	982.89	
879529	44	784.9	793.5	619.1	793.5	444.2	0.56	4.59	0	1,793	102	1.38	5.5	20.0	0.0	0.0	18.42	0	1.2758	2.0187	760	761.73	982.03	
880040	44	784.8	791.5	617.6	791.2	443.5	0.69	4.59	0	1,779	101	1.62	5.5	20.4	0.0	0.0	18.45	0	1.2758	2.0250	760	761.94	981.41	
880551	44	784.6	789.2	616.1	788.5	443.2	0.56	4.59	0	1,768	100	1.38	5.5	20.4	0.0	0.0	13.66	0	1.2758	2.0187	760	762.04	980.00	
881139	44	784.3	785.8	614.3	785.8	442.5	3.00	4.59	0	1,813	100	3.50	5.5	20.0	0.0	0.0	49.97	0	1.2758	2.0187	760	762.34	981.48	
881690	45	783.7	783.5	613.3	783.2	442.2	5.56	4.59	0	1,792	100	9.75	5.5	20.4	0.0	0.0	85.27	0	1.2758	2.0258	760	762.53	1,105.62	
882230	44	782.6	781.2	611.5	781.2	441.8	10.06	4.59	0	1,804	101	22.69	5.5	20.0	0.0	0.0	105.07	0	1.2758	2.0187	760	762.65	1,304.84	
882777	44	781.6	779.8	610.6	779.8	441.5	11.12	4.59	0	1,820	102	24.06	5.5	20.0	0.0	0.0	99.19	0	1.2758	2.0187	760	762.74	1,313.28	
883369	44	780.6	778.2	609.8	778.5	440.8	12.19	4.59	0	1,918	103	26.19	5.5	20.0	0.0	0.0	100.83	0	1.2758	2.0125	760	762.74	1,305.23	
883925	43	779.7	778.2	609.8	778.5	441.2	10.81	4.59	0	1,840	104	23.00	5.5	20.0	0.0	0.0	95.65	0	1.2758	2.0187	760	762.65	1,257.19	
884493	43	778.8	779.2	610.0	779.2	440.8	3.12	4.59	0	1,832	104	5.44	5.5	20.0	0.0	0.0	27.16	0	1.2758	2.0062	760	762.53	1,058.52	
885060	42	778.1	779.8	610.1	780.2	440.5	0.88	4.59	0	1,813	103	1.38	5.5	20.0	0.0	0.0	10.55	0	1.2758	2.0125	760	762.53	989.38	
885632	41	777.4	781.2	610.6	781.2	440.5	0.69	4.59	0	1,750	103	1.12	5.5	20.0	0.0	0.0	16.97	0	1.2758	2.0125	760	762.53	976.33	
886137	42	776.8	781.8	611.0	782.5	439.8	0.69	4.59	0	1,799	102	1.12	5.5	20.0	0.0	0.0	17.74	0	1.2758	2.0062	760	762.53	973.05	
886728	42	776.3	782.5	611.3	782.5	439.8	1.06	4.59	0	1,800	101	1.38	5.5	20.0	0.0	0.0	29.86	0	1.2758	2.0062	760	762.44	966.88	
887252	42	775.6	782.8	611.1	782.8	439.5	3.81	4.59	0	1,852	101	6.25	5.5	20.0	0.0	0.0	57.19	0	1.2758	2.0062	760	762.44	1,016.25	
887829	43	774.5	782.8	611.0	782.8	439.2	5.56	4.59	0	1,806	102	10.25	5.5	20.0	0.0	0.0	72.02	0	1.2758	2.0125	760	762.34	1,128.36	
888487	43	772.9	782.8	611.0	782.5	438.8	6.94	4.59	0	1,808	102	14.31	5.5	20.0	0.0	0.0	76.36	0	1.2758	2.0062	760	762.13	1,142.73	
889031	42	771.1	782.5	610.5	782.5	438.5	6.94	4.59	0	1,836	103	13.81	5.5	20.0	0.0	0.0	73.71	0	1.2758	2.0062	760	761.85	1,171.41	
889626	42	768.5	783.2	610.5	783.2	438.5	7.31	4.59	0	1,831	103	15.12	5.5	20.0	0.0	0.0	79.08	0	1.2758	2.0125	760	761.55	1,224.84	
890143	42	766.0	783.8	610.8	783.8	438.5	7.81	4.59	0	1,840	104	16.25	5.5	20.0	0.0	0.0	80.53	0	1.2758	2.0125	760	761.03	1,235.31	
890696	42	763.6	784.5	611.8	785.2	437.8	8.19	4.59	0	1,850	104	16.50	5.5	20.0	0.0	0.0	80.53	0	1.2758	2.0062	760	760.44	1,233.75	
891269	41	760.6	786.2	612.3	786.2	438.2	8.38	4.59	0	1,864	105	16.50	5.5	20.0	0.0	0.0	80.16	0	1.2758	2.0062	755	759.83	1,236.41	
891862	41	757.4	788.2	613.0	788.2	438.2	8.38	4.59	0	1,867	105	16.75	5.5	19.6	0.0	0.0	80.55	0	1.2758	2.0000	755	758.94	1,240.39	
892390	41	754.8	790.2	614.0	789.8	438.2	8.50	4.59	0	1,880	106	17.00	5.5	19.6	0.0	0.0	80.51	0	1.2758	2.0000	755	758.15	1,243.28	
892957	41	751.7	792.2	615.0	792.2	437.8	8.50	4.59	0	1,883	106	17.31	5.5	19.6	0.0	0.0	80.72	0	1.2758	1.9930	755	756.93	1,245.94	
893479	41	749.1	793.8	615.8	793.8	438.2	8.69	4.59	0	1,899	106	17.31	5.5	20.0	0.0	0.0	80.06	0	1.2758	2.0062	755	755.94	1,242.50	
894046	40	746.1	796.5	617.3	796.5	438.5	8.50	4.59	0	1,910	107	17.31	5.5	19.6	0.0	0.0	80.11	0	1.2758	2.0000	750	754.75	1,240.00	
894576	40	743.7	797.8	618.0	798.2	437.8	8.69	4.59	0	1,915	107	17.31	5.5	19.6	0.0	0.0	80.11	0	1.2758	2.0000	750	753.53	1,238.28	
895097	40	741.2	800.5	619.1	800.5	438.2	8.69	4.59	0	1,922	108	17.56	5.5	19.6	0.0	0.0	79.59	0	1.2758	1.9930	750	752.15	1,232.03	
895623	40	739.2	802.2	620.0	802.2	438.5	8.50	4.59	0	1,926	109	17.00	5.5	20.0	0.0	0.0	79.10	0	1.2758	2.0062	750	751.05	1,228.52	
896153	40	736.6	804.5	621.3	804.2	438.8	8.50	4.59	0	1,935	109	17.81	5.5	19.6	0.0	0.0	79.12	0	1.2758	2.0000	745	749.55	1,231.48	
896682	40	734.6	806.2	622.3	806.5	439.2	8.69	4.59	0	1,940	109	18.12	5.5	19.6	0.0	0.0	53.18	0	1.2758	1.9930	745	748.14	1,154.38	
897299	40	732.7	808.2	623.3	808.2	438.8	1.25	4.59	0	1,922	109	1.38	5.5	19.6	0.0	0.0	15.26	0	1.2758	2.0000	745	746.73	1,013.05	
897863	39	731.5	810.2	624.7	810.5	439.5	0.19	4.59	0	1,897	108	0.31	5.5	19.6	0.0	0.0	13.24	0	1.2758	2.0000	745	745.94	980.16	
898396	39	730.0	812.2	625.5	812.2	439.2	0.88	4.59	0	1,897	107	1.38	5.5	19.6	0.0	0.0	14.53	0	1.2758	2.0000	745	744.93	971.25	
898950	40	729.0	812.5	626.0	813.2	439.5	3.69	4.59	0	1,911	107	5.44	5.5	19.6	0.0	0.0	60.52	0	1.2758	1.9867	740	743.94	1,008.36	
899474	40	727.8	813.2	626.3	813.2	439.8	6.12	4.59	0	1,895	107	12.19	5.5	19.6	0.0	0.0	89.86	0	1.2758	2.0000	740	742.84	1,216.25	
899996	41	726.4	813.2	626.5	813.2	439.5	12.00	4.59	0	1,901	107	25.94	5.5	19.6	0.0	0.0	103.05	0	1.2758	2.0000	740	741.34	1,298.67	
900554	41	725.6	813.2	626.3	813.5	439.8	11.31	4.59	0	1,922	108	23.50	5.5	19.6	0.0	0.0	95.23	0	1.2758	1.9930	740	740.03	1,291.56	
901085	41	725.5	813.5	626.3	813.5	439.5	11.31	4.59	0	1,936	108	23.75	5.5	19.6	0.0	0.0	95.58	0	1.2758	1.9930	735	738.83	1,303.75	
901632	41	725.9	813.8	626.6	813.8	439.8	11.50	4.59	0	1,942	109	24.88	5.5	19.6	0.0	0.0	96.70	0	1.2758	1.9930	735	737.33	1,320.39	
902161	40	726.7	814.8	627.5	814.8	440.2	12.00	4.59	0	1,950	110	25.38	5.5	19.6	0.0	0.0	97.15	0	1.2758	1.9930	735	736.14	1,312.19	
902711	40	727.9	815.2	627.7	815.2	440.5	5.38	4.59	0	1,955	110	7.88	5.5	19.6	0.0	0.0	34.05	0	1.2758	1.9930	735	735.04	1,082.42	
903265	40	728.7	816.2	628.2	816.2	440.5	1.25	4.59	0	1,934	110	1.38	5.5	19.6	0.0	0.0	13.29	0	1.2758	1.9930	730	734.33	997.66	
903784	39	729.3	816.8	628.5	817.2	440.5	0.38	4.59	0	1,898	109	0.56	5.5	19.6	0.0	0.0	16.17	0	1.2758	1.9867	730	733.75	978.98	
904305	40	729.7	817.5	629.0	817.2	440.5	0.88	4.59	0	1,904	108	1.12	5.5	19.6	0.0	0.0	17.39	0	1.2758	1.9867	730	733.05	974.30	
904868	40	730.2	817.5	629.0	817.5	440.8	1.06	4.59	0	1,899	107	0.81	5.5	19.6	0.0	0.0	17.60	0	1.2758	1.9867	730	732.53	981.25	
905389	40	730.5	817.2	628.8	816.8	440.5	0.88	4.59	0	1,871	106	0.81	5.5	19.6	0.0	0.0	17.62	0	1.2758	1.9930	730	732.04	982.19	
905996	41	730.9	815.8	628.3	816.2	440.5	2.25	4.59	0	1,885	106	1.62	5.5	19.6	0.0	0.0	44.37	0	1.2758	1.9930	730	731.33	974.06	
906549	41	731.3	814.5	627.1	813.8	440.2	5.75	4.59	0	1,887	106	9.75	5.5	19.6	0.0	0.0	65.09	0	1.2758	1.9930	730	730.63	1,100.78	
907052	42	731.4	812.8	626.5	812.5	440.5	10.25	4.59	0	1,927	106	22.69	5.5	19.6	0.0	0.0	101.79	0	1.2758	1.9867	730	730.05	1,283.20	
907652	42	731.6	811.5	625.7	811.2	440.5	11.50	4.59	0	1,893	107	23.75	5.5	19.6	0.0	0.0	97.03	0	1.2758	1.9867	725	729.34	1,315.78	
908169	42	732.1	809.8	625.2	810.2	440.5	12.38	4.59	0	1,983	107	26.75	5.5	19.2	0.0	0.0	101.70	0	1.2758	1.9797	725	728.85	1,356.41	
908702	42	733.0	809.2	624.8	809.2	440.5	12.38	4.59	0	1,916	108	26.50	5.5	19.6	0.0	0.0	100.27	0	1.2758	1.9867	725	728.33	1,334.14	
909232	41	734.1	808.5	624.6	808.5	440.5	12.38	4.59	0	1,935	109	25.12	5.5	19.6	0.0	0.0	92.79	0	1.2758	1.9867	725	727.94	1,232.11	
909761	41	735.4	808.8	624.6	808.5	440.5	5.06	4.59	0	1,900	109	7.56	5.5	19.6	0.0	0.0	32.18	0	1.2758	1.9867	725	727.75	1,082.66	
910319	40	736.4	808.8	624.8	808.5	440.5	1.56	4.59	0	1,892	108	0.81	5.5	19.6	0.0	0.0	12.91	0	1.2758	1.9797	725	727.54	995.16	
910846	40	737.0	808.8	625.0	808.8	440.5	1.06	4.59	0	1,859	107	0.56	5.5	19.2	0.0	0.0	16.24	0	1.2758	1.9797	725	727.35	977.34	
911362	40	737.6	809.2	624.8	808.8	441.2	0.88	4.59	0	1,882	107	1.38	5.5	19.2	0.0	0.0	17.34	0	1.2758	1.9797	725	727.23	973.83	
911921	41	738.1	808.5	624.6	808.2	440.5	0.88	4.59	0	1,869	106	1.12	5.5	19.2	0.0	0.0	17.88	0	1.2758	1.9797	725	727.14	980.23	
912467	41	738.6	807.5	624.1	807.5	440.5	0.88	4.59	0	1,849	105	1.12	5.5	19.2	0.0	0.0	17.51	0	1.2758	1.9797	725	726.93	981.56	
913003	41	739.0	806.2	623.5	806.2	440.2	0.69	4.59	0	1,837	104	1.12	5.5	19.2	0.0	0.0	17.51	0	1.2758	1.9797	725	726.83	982.81	
913555	42	739.4	804.5	622.3	804.2	440.2	0.88	4.59	0	1,820	103	1.62	5.5	19.2	0.0	0.0	17.53	0	1.2758	1.9797	725	726.74	982.73	
914145	42	739.7	802.5	621.5	802.5	440.2	0.69	4.59	0	1,810	103	1.62	5.5	19.2	0.0	0.0	17.62	0	1.2758	1.9797	725	726.65	982.03	
914728	42	740.1	800.2	620.0	799.8	439.8	0.69	4.59	0	1,796	102	1.38	5.5	19.2	0.0	0.0	17.72	0	1.2758	1.9797	725	726.53	982.42	
915225	43	740.4	797.5	618.6	797.5	439.5	0.69	4.59	0	1,783	101	1.38	5.5	19.2	0.0	0.0	17.72	0	1.2758	1.9734	725	726.53	981.41	
915773	43	740.6	794.8	617.3	794.8	438.8	0.69	4.59	0	1,773	101	1.38	5.5	19.2	0.0	0.0	17.91	0	1.2758	1.9734	725	726.44	981.48	
916305	43	740.8	792.2	615.6	791.8	438.8	0.69	4.59	0	1,756	100	1.38	5.5	19.2	0.0	0.0	17.95	0	1.2758	1.9734	725	726.34	981.17	
916859	43	741.0	789.5	614.3	789.5	438.5	-0.62	4.59	0	1,748	99	1.38	5.5	19.2	0.0	0.0	23.79	0	1.2758	1.9664	725	726.34	966.72	
917401	44	741.2	786.8	612.5	786.5	437.5	4.00	4.59	0	1,819	99	5.94	5.5	19.2	0.0	0.0	59.93	0	1.2758	1.9727	725	726.34	1,017.97	
917919	44	741.1	784.2	611.1	783.8	437.5	5.25	4.59	0	1,771	99	10.25	5.5	19.2	0.0	0.0	72.68	0	1.2758	1.9727	725	726.25	1,135.39	
918471	44	740.7	781.5	609.6	781.5	437.5	6.81	4.59	0	1,765	100	13.50	5.5	19.2	0.0	0.0	80.86	0	1.2758	1.9664	725	726.25	1,224.61	
918992	44	740.4	779.8	608.7	779.2	437.2	7.69	4.59	0	1,819	101	15.12	5.5	19.2	0.0	0.0	81.80	0	1.2758	1.9664	725	726.25	1,257.73	
919505	43	740.3	777.5	607.5	777.8	437.2	8.00	4.59	0	1,793	101	16.25	5.5	19.2	0.0	0.0	82.38	0	1.2758	1.9664	725	726.25	1,268.12	
920057	43	740.4	776.8	606.5	776.8	437.2	8.19	4.59	0	1,828	102	16.75	5.5	19.2	0.0	0.0	83.30	0	1.2758	1.9664	725	726.25	1,281.33	
920641	43	740.5	776.5	606.5	776.5	436.5	8.38	4.59	0	1,837	103	16.75	5.5	19.2	0.0	0.0	82.99	0	1.2758	1.9664	725	726.25	1,289.84	
921208	42	740.6	776.2	606.2	776.5	436.5	8.38	4.59	0	1,832	103	17.31	5.5	19.2	0.0	0.0	83.09	0	1.2758	1.9664	725	726.25	1,293.67	
921738	42	740.7	776.2	606.2	776.2	436.2	8.50	4.59	0	1,840	104	17.31	5.5	18.8	0.0	0.0	84.21	0	1.2758	1.9531	725	726.34	1,320.39	
922290	42	741.0	776.8	606.8	777.2	436.5	8.88	4.59	0	1,870	105	18.38	5.5	18.8	0.0	0.0	86.55	0	1.2758	1.9469	725	726.44	1,342.42	
922924	42	741.4	777.8	607.1	777.8	436.5	9.25	4.59	0	1,874	105	18.94	5.5	18.8	0.0	0.0	86.62	0	1.2758	1.9594	725	726.53	1,355.08	
923431	41	742.0	778.5	607.5	778.8	435.8	9.25	4.59	0	1,880	106	19.44	5.5	18.8	0.0	0.0	86.55	0	1.2758	1.9594	725	726.74	1,364.61	
923936	41	742.8	779.8	608.3	780.2	436.5	9.38	4.59	0	1,891	107	20.00	5.5	18.8	0.0	0.0	87.07	0	1.2758	1.9594	725	726.83	1,356.95	
924451	41	743.6	781.2	608.5	781.5	436.8	9.56	4.59	0	1,900	107	19.75	5.5	18.8	0.0	0.0	86.25	0	1.2758	1.9531	725	727.14	1,353.59	
924963	41	744.4	782.5	609.6	782.5	436.5	9.56	4.59	0	1,916	108	19.75	5.5	18.8	0.0	0.0	86.20	0	1.2758	1.9531	725	727.35	1,354.84	
925490	41	745.4	783.8	610.1	784.2	436.5	9.56	4.59	0	1,925	109	20.00	5.5	18.8	0.0	0.0	86.02	0	1.2758	1.9531	725	727.63	1,356.48	
926058	41	746.6	785.8	611.3	785.8	437.2	9.56	4.59	0	1,932	109	20.25	5.5	18.8	0.0	0.0	86.98	0	1.2758	1.9594	725	728.03	1,363.44	
926576	41	747.7	787.8	612.5	788.2	437.5	9.75	4.59	0	1,943	110	20.56	5.5	18.8	0.0	0.0	75.82	0	1.2758	1.9594	725	728.43	1,219.38	
927098	40	748.7	789.5	613.1	789.8	437.5	2.12	4.59	0	1,943	110	3.50	5.5	18.8	0.0	0.0	19.24	0	1.2758	1.9523	725	728.85	1,051.09	
927630	40	749.2	791.5	614.7	791.2	437.8	1.06	4.59	0	1,929	109	1.38	5.5	18.8	0.0	0.0	12.09	0	1.2758	1.9523	725	729.13	990.86	
928169	39	749.5	792.5	615.1	792.8	437.8	0.88	4.59	0	1,874	109	0.56	5.5	18.8	0.0	0.0	18.16	0	1.2758	1.9523	725	729.34	977.11	
928689	40	749.8	793.8	615.8	794.2	438.2	2.81	4.59	0	1,920	108	2.75	5.5	18.8	0.0	0.0	44.55	0	1.2758	1.9523	725	729.65	976.48	
929183	40	750.0	794.8	616.3	794.8	438.2	5.94	4.59	0	1,926	108	11.06	5.5	18.8	0.0	0.0	69.91	0	1.2758	1.9523	730	729.93	1,114.69	
929792	41	749.8	794.8	616.5	795.2	437.8	11.62	4.59	0	1,922	109	25.94	5.5	18.8	0.0	0.0	104.86	0	1.2758	1.9523	730	730.35	1,311.64	
930320	41	749.6	795.2	616.7	795.2	438.2	12.00	4.59	0	1,953	110	25.38	5.5	18.8	0.0	0.0	96.89	0	1.2758	1.9461	730	730.75	1,304.53	
930839	41	749.7	795.8	617.1	795.8	438.5	11.50	4.59	0	1,979	111	24.56	5.5	18.8	0.0	0.0	96.87	0	1.2758	1.9461	730	731.03	1,319.45	
931498	41	750.0	796.5	617.3	796.2	438.8	11.81	4.59	0	1,974	112	26.19	5.5	18.8	0.0	0.0	96.98	0	1.2758	1.9461	730	731.55	1,320.47	
931998	41	750.5	797.2	618.0	797.5	438.8	11.81	4.59	0	1,994	112	25.38	5.5	18.8	0.0	0.0	95.39	0	1.2758	1.9461	730	731.94	1,316.33	
932543	41	751.4	798.5	618.8	798.5	438.8	7.31	4.59	0	1,987	113	11.88	5.5	18.8	0.0	0.0	36.23	0	1.2758	1.9461	730	732.25	1,048.98	
933114	40	751.9	800.2	619.7	800.2	439.2	1.06	4.59	0	1,979	113	1.38	5.5	18.8	0.0	0.0	13.12	0	1.2758	1.9523	730	732.53	981.02	
933654	40	752.2	800.5	620.1	800.5	439.5	-0.94	4.59	0	1,945	112	0.56	5.5	18.8	0.0	0.0	14.67	0	1.2758	1.9523	730	732.83	968.12	
934182	40	752.4	801.5	620.6	801.5	439.5	1.06	4.59	0	1,965	111	1.62	5.5	18.8	0.0	0.0	17.44	0	1.2758	1.9523	730	733.05	970.00	
934738	40	752.6	802.2	620.6	801.5	439.5	2.25	4.59	0	1,972	111	2.44	5.5	18.8	0.0	0.0	43.55	0	1.2758	1.9391	730	733.35	966.64	
935259	41	752.6	801.5	620.3	801.5	439.5	6.12	4.59	0	1,966	111	11.62	5.5	18.8	0.0	0.0	67.90	0	1.2758	1.9461	730	733.54	1,117.58	
935763	41	752.4	801.2	620.6	801.2	439.5	11.12	4.59	0	1,997	111	24.88	5.5	18.8	0.0	0.0	105.73	0	1.2758	1.9523	730	733.84	1,320.47	
936280	42	752.2	800.8	620.1	800.5	439.5	12.50	4.59	0	1,967	112	27.81	5.5	18.8	0.0	0.0	100.64	0	1.2758	1.9523	730	734.03	1,319.77	
936795	42	752.2	800.2	619.8	800.5	439.5	12.00	4.59	0	2,006	113	25.94	5.5	18.8	0.0	0.0	97.15	0	1.2758	1.9453	730	734.43	1,343.28	
937325	41	752.4	800.2	620.0	800.2	439.8	12.50	4.59	0	2,002	113	26.75	5.5	18.8	0.0	0.0	99.47	0	1.2758	1.9523	730	734.64	1,365.08	
937875	41	752.9	800.5	620.2	800.5	440.2	13.06	4.59	0	2,022	114	28.62	5.5	18.8	0.0	0.0	102.14	0	1.2758	1.9523	735	734.94	1,350.47	
938405	41	753.6	800.5	620.1	800.8	440.2	12.19	4.59	0	2,026	115	27.00	5.5	18.8	0.0	0.0	91.88	0	1.2758	1.9523	735	735.34	1,213.05	
938941	41	754.5	801.2	620.8	801.5	440.5	4.88	4.59	0	2,019	115	7.56	5.5	18.8	0.0	0.0	27.00	0	1.2758	1.9523	735	735.65	1,018.67	
939622	40	754.9	802.5	621.5	802.5	440.8	1.56	4.59	0	1,999	114	1.12	5.5	18.8	0.0	0.0	11.91	0	1.2758	1.9453	735	735.93	971.09	
940127	40	755.3	802.5	621.6	802.8	440.5	-3.19	4.59	0	1,947	113	1.12	5.5	18.8	0.0	0.0	16.64	0	1.2758	1.9453	735	736.14	969.06	
940706	40	755.6	803.2	622.1	802.8	440.8	1.25	4.59	0	1,979	112	1.38	5.5	18.8	0.0	0.0	17.44	0	1.2758	1.9523	735	736.35	971.48	
941251	41	755.8	802.8	621.8	802.8	440.8	1.06	4.59	0	1,965	111	0.31	5.5	18.8	0.0	0.0	17.44	0	1.2758	1.9391	735	736.54	982.73	
941763	41	756.0	802.2	621.5	801.8	440.5	1.06	4.59	0	1,940	111	0.56	5.5	18.4	0.0	0.0	17.34	0	1.2758	1.9391	735	736.63	984.84	
942282	42	756.2	801.2	620.8	800.8	440.5	1.06	4.59	0	1,933	110	1.62	5.5	18.4	0.0	0.0	17.65	0	1.2758	1.9391	735	736.75	986.09	
942821	42	756.3	799.2	620.0	799.2	440.5	1.25	4.59	0	1,918	109	1.12	5.5	18.8	0.0	0.0	14.93	0	1.2758	1.9461	735	736.94	983.59	
943338	42	756.4	797.8	619.1	797.8	439.8	3.00	4.59	0	1,965	108	4.06	5.5	18.8	0.0	0.0	50.41	0	1.2758	1.9461	735	737.03	991.48	
943858	43	756.4	795.5	618.0	795.5	440.2	5.94	4.59	0	1,925	109	10.56	5.5	18.4	0.0	0.0	69.45	0	1.2758	1.9391	735	737.24	1,137.27	
944392	43	756.0	793.5	617.0	793.5	439.5	7.69	4.59	0	1,924	108	15.12	5.5	18.4	0.0	0.0	79.78	0	1.2758	1.9391	735	737.33	1,266.17	
944902	43	755.2	791.8	616.0	791.8	439.8	8.69	4.59	0	1,936	109	17.56	5.5	18.4	0.0	0.0	85.52	0	1.2758	1.9453	735	737.55	1,357.27	
945418	43	754.4	791.2	615.3	790.8	439.8	10.25	4.59	0	1,983	109	20.81	5.5	18.4	0.0	0.0	90.42	0	1.2758	1.9328	735	737.64	1,434.30	
945939	43	754.0	789.8	614.6	789.8	439.5	10.62	4.59	0	1,945	110	21.88	5.5	18.4	0.0	0.0	91.38	0	1.2758	1.9328	735	737.73	1,452.27	
946466	42	753.7	789.8	614.6	789.5	439.8	10.94	4.59	0	1,971	111	22.69	5.5	18.4	0.0	0.0	92.06	0	1.2758	1.9328	735	737.85	1,476.80	
947075	42	753.7	789.5	614.8	789.8	439.8	11.12	4.59	0	1,975	111	23.75	5.5	18.4	0.0	0.0	93.16	0	1.2758	1.9328	735	737.94	1,509.69	
947592	42	753.9	790.2	614.8	790.2	440.2	11.50	4.59	0	1,982	112	25.69	5.5	18.4	0.0	0.0	95.23	0	1.2758	1.9391	735	738.13	1,525.00	
948221	42	754.3	791.2	615.5	790.8	440.5	11.62	4.59	0	2,001	112	25.38	5.5	18.4	0.0	0.0	95.77	0	1.2758	1.9391	735	738.25	1,557.97	
948744	42	754.7	791.5	615.8	791.5	440.5	11.81	4.59	0	2,006	113	26.19	5.5	18.4	0.0	0.0	98.20	0	1.2758	1.9391	735	738.44	1,574.38	
949271	41	755.4	792.8	616.6	793.2	440.5	12.38	4.59	0	2,009	113	27.31	5.5	18.4	0.0	0.0	98.39	0	1.2758	1.9391	735	738.65	1,579.77	
949785	41	756.1	794.2	617.1	794.2	440.8	12.69	4.59	0	2,020	114	27.81	5.5	18.4	0.0	0.0	99.56	0	1.2758	1.9391	735	738.83	1,550.47	
950338	41	757.0	795.5	618.5	796.2	441.2	12.38	4.59	0	2,039	114	28.38	5.5	18.4	0.0	0.0	63.14	0	1.2758	1.9391	735	739.14	1,191.64	
950855	41	757.7	797.5	619.3	797.8	441.8	2.25	4.59	0	2,012	114	3.00	5.5	18.4	0.0	0.0	20.25	0	1.2758	1.9391	735	739.35	1,010.86	
951361	40	758.1	798.8	620.1	799.2	441.8	1.06	4.59	0	1,993	113	0.31	5.5	18.4	0.0	0.0	11.98	0	1.2758	1.9328	735	739.54	975.08	
951885	40	758.3	800.2	620.8	800.8	441.8	1.44	4.59	0	1,942	112	0.31	5.5	18.4	0.0	0.0	16.57	0	1.2758	1.9391	735	739.75	969.22	
952397	40	758.6	801.8	621.5	802.2	442.2	1.25	4.59	0	1,974	112	2.19	5.5	18.4	0.0	0.0	14.44	0	1.2758	1.9391	735	739.84	967.66	
952986	40	758.8	802.5	622.2	802.2	442.2	3.31	4.59	0	1,989	111	5.12	5.5	18.4	0.0	0.0	49.50	0	1.2758	1.9328	740	740.03	954.14	
953512	41	758.8	802.2	622.0	801.8	441.8	5.75	4.59	0	1,967	111	10.56	5.5	18.4	0.0	0.0	64.71	0	1.2758	1.9328	740	740.33	1,076.64	
954061	41	758.4	802.2	622.2	801.8	442.2	6.44	4.59	0	2,004	111	10.25	5.5	18.4	0.0	0.0	29.51	0	1.2758	1.9328	740	740.43	1,018.83	
954590	41	757.9	801.5	621.8	801.5	442.5	1.25	4.59	0	1,951	111	1.94	5.5	18.4	0.0	0.0	12.63	0	1.2758	1.9328	740	740.55	977.50	
955137	41	757.4	801.2	622.0	801.5	442.5	0.88	4.59	0	1,910	110	0.00	5.5	18.4	0.0	0.0	15.30	0	1.2758	1.9328	740	740.73	966.25	
955726	41	757.0	800.8	621.5	800.5	442.5	1.06	4.59	0	1,919	109	0.31	5.5	18.4	0.0	0.0	17.60	0	1.2758	1.9328	740	740.85	968.67	
956241	41	756.7	800.2	621.3	799.8	442.5	1.06	4.59	0	1,906	108	1.62	5.5	18.4	0.0	0.0	17.65	0	1.2758	1.9328	740	740.85	976.64	
956851	42	756.4	799.2	620.7	798.8	442.2	0.69	4.59	0	1,878	107	1.12	5.5	18.4	0.0	0.0	17.79	0	1.2758	1.9328	740	740.94	980.78	
957365	42	756.1	797.2	619.7	797.5	442.2	0.88	4.59	0	1,868	106	1.62	5.5	18.4	0.0	0.0	17.77	0	1.2758	1.9266	740	741.04	982.19	
957871	42	755.8	795.5	619.2	795.2	441.5	0.69	4.59	0	1,852	105	1.12	5.5	18.4	0.0	0.0	17.98	0	1.2758	1.9266	740	741.04	983.28	
958380	43	755.6	794.2	618.0	793.8	441.5	0.69	4.59	0	1,841	104	1.12	5.5	18.4	0.0	0.0	17.86	0	1.2758	1.9391	740	741.13	983.98	
958968	43	755.4	791.8	616.7	791.5	441.2	0.69	4.59	0	1,818	103	1.38	5.5	18.4	0.0	0.0	17.77	0	1.2758	1.9328	740	741.13	983.12	
959533	43	755.2	789.2	615.2	789.5	440.5	0.56	4.59	0	1,790	102	1.62	5.5	18.4	0.0	0.0	18.12	0	1.2758	1.9328	740	741.25	982.89	
960038	44	755.0	787.2	613.8	786.8	440.5	0.69	4.59	0	1,772	100	1.38	5.5	18.4	0.0	0.0	18.05	0	1.2758	1.9258	740	741.25	983.59	
960596	44	754.8	784.5	612.5	784.5	439.8	0.69	4.59	0	1,742	99	1.62	5.5	18.4	0.0	0.0	18.26	0	1.2758	1.9258	740	741.25	981.95	
961103	44	754.7	782.5	611.0	782.2	439.5	0.56	4.59	0	1,706	97	1.38	5.5	18.4	0.0	0.0	18.35	0	1.2758	1.9320	740	741.34	981.17	
961679	44	754.5	779.2	609.5	779.2	439.2	0.38	4.59	0	1,675	95	1.38	5.5	18.4	0.0	0.0	18.40	0	1.2758	1.9250	740	741.34	980.78	
962262	44	754.3	776.8	608.0	776.5	438.8	0.38	4.59	0	1,634	92	1.38	5.5	18.0	0.0	0.0	18.35	0	1.2758	1.9188	740	741.44	980.31	
962788	45	754.1	774.2	606.5	774.2	437.8	0.38	4.59	0	1,602	91	1.38	5.5	18.4	0.0	0.0	18.52	0	1.2758	1.9312	740	741.53	979.77	
963311	45	754.0	771.5	604.8	771.5	437.5	0.38	4.59	0	1,553	88	1.38	5.5	18.4	0.0	0.0	18.59	0	1.2758	1.9250	740	741.65	979.61	
963856	45	753.8	768.8	603.3	768.8	437.2	0.56	4.59	0	1,519	86	1.38	5.5	18.4	0.0	0.0	18.59	0	1.2758	1.9250	740	741.74	979.14	
964426	45	753.6	765.8	601.5	765.8	436.8	0.38	4.59	0	1,477	84	1.38	5.5	18.4	0.0	0.0	18.54	0	1.2758	1.9250	740	741.83	978.44	
965069	45	753.4	763.5	600.0	763.5	436.2	0.56	4.59	0	1,453	83	1.38	5.5	18.4	0.0	0.0	18.70	0	1.2758	1.9250	740	742.05	977.81	
965614	45	753.2	760.5	598.3	760.5	435.8	0.56	4.59	0	1,462	82	1.12	5.5	18.4	0.0	0.0	17.72	0	1.2758	1.9250	740	742.14	967.42	
966126	46	752.9	758.5	596.8	758.2	434.5	2.62	4.59	0	1,512	82	3.50	5.5	18.4	0.0	0.0	52.85	0	1.2758	1.9250	740	742.23	983.44	
966646	46	752.4	755.5	595.3	755.2	434.5	3.69	4.59	0	1,503	82	7.88	5.5	18.4	0.0	0.0	66.16	0	1.2758	1.9250	740	742.35	1,052.03	
967152	46	751.6	753.2	594.0	753.2	434.5	4.69	4.59	0	1,512	83	10.25	5.5	18.4	0.0	0.0	79.38	0	1.2758	1.9250	740	742.44	1,133.59	
967660	45	750.6	751.5	593.0	751.5	433.8	5.06	4.59	0	1,493	83	11.38	5.5	18.4	0.0	0.0	96.56	0	1.2758	1.9250	740	742.35	1,233.12	
968193	45	749.6	750.2	592.0	750.2	433.5	8.19	4.59	0	1,579	84	21.62	5.5	18.4	0.0	0.0	103.34	0	1.2758	1.9250	740	742.23	1,320.94	
968739	45	748.5	749.5	591.1	749.5	433.2	7.69	4.59	0	1,495	85	20.25	5.5	18.4	0.0	0.0	99.35	0	1.2758	1.9250	740	741.93	1,277.34	
969240	44	747.7	748.8	590.8	748.5	433.2	7.81	4.59	0	1,530	85	20.25	5.5	18.0	0.0	0.0	97.69	0	1.2758	1.9117	740	741.53	1,276.33	
969765	44	747.1	749.2	590.8	749.5	432.5	7.31	4.59	0	1,536	86	19.75	5.5	18.0	0.0	0.0	98.23	0	1.2758	1.9188	740	741.25	1,276.80	
970317	43	746.5	749.5	591.3	749.5	432.5	7.81	4.59	0	1,581	87	20.25	5.5	18.0	0.0	0.0	99.12	0	1.2758	1.9188	740	740.73	1,273.52	
970860	43	746.2	750.5	591.1	750.5	432.5	7.81	4.59	0	1,570	88	20.00	5.5	18.0	0.0	0.0	96.94	0	1.2758	1.9188	740	740.43	1,275.86	
971401	43	746.1	751.8	591.8	751.8	432.5	7.81	4.59	0	1,584	88	20.00	5.5	18.0	0.0	0.0	98.16	0	1.2758	1.9188	740	739.94	1,266.02	
971916	42	746.2	753.2	592.8	753.2	432.2	8.19	4.59	0	1,637	89	20.00	5.5	18.0	0.0	0.0	96.40	0	1.2758	1.9188	735	739.63	1,267.50	
972459	42	746.4	755.2	593.7	755.5	432.2	6.44	4.59	0	1,622	90	15.94	5.5	18.0	0.0	0.0	38.70	0	1.2758	1.9188	735	739.35	1,090.39	
972971	42	746.6	756.8	594.6	757.5	431.8	0.88	4.59	0	1,578	89	1.62	5.5	18.0	0.0	0.0	14.81	0	1.2758	1.9117	735	739.14	1,006.48	
973576	41	746.6	758.8	595.1	759.2	432.2	0.56	4.59	0	1,563	89	0.56	5.5	18.4	0.0	0.0	10.97	0	1.2758	1.9250	735	738.93	977.11	
974078	41	746.6	760.2	596.0	760.5	432.2	0.56	4.59	0	1,542	88	1.12	5.5	18.4	0.0	0.0	17.20	0	1.2758	1.9250	735	738.74	972.03	
974604	42	746.7	761.8	596.8	761.8	431.8	0.56	4.59	0	1,544	87	1.38	5.5	18.0	0.0	0.0	17.32	0	1.2758	1.9117	735	738.65	977.42	
975197	42	746.7	762.5	597.0	762.8	431.5	0.56	4.59	0	1,518	86	1.38	5.5	18.0	0.0	0.0	17.30	0	1.2758	1.9117	735	738.44	977.81	
975722	42	746.7	762.8	597.0	762.5	431.5	0.56	4.59	0	1,514	86	1.12	5.5	18.0	0.0	0.0	17.51	0	1.2758	1.9188	735	738.34	978.52	
976240	43	746.7	762.5	597.0	762.5	431.2	0.56	4.59	0	1,503	85	1.38	5.5	18.0	0.0	0.0	17.55	0	1.2758	1.9188	735	738.25	978.28	
976805	43	746.7	761.5	596.3	761.5	430.8	0.56	4.59	0	1,490	85	1.12	5.5	18.0	0.0	0.0	17.55	0	1.2758	1.9188	735	738.13	978.20	
977365	43	746.6	760.2	595.6	760.2	431.2	0.69	4.59	0	1,466	83	1.12	5.5	18.0	0.0	0.0	17.51	0	1.2758	1.9117	735	738.04	978.59	
977935	43	746.6	759.2	595.1	759.2	430.5	0.69	4.59	0	1,432	81	1.12	5.5	18.0	0.0	0.0	17.72	0	1.2758	1.9117	735	738.04	978.44	
978474	44	746.6	757.8	594.3	757.8	430.5	0.69	4.59	0	1,393	79	1.12	5.5	18.0	0.0	0.0	17.70	0	1.2758	1.9117	735	738.04	977.66	
979037	44	746.6	756.2	593.2	755.8	430.2	0.88	4.59	0	1,370	78	1.12	5.5	18.0	0.0	0.0	17.62	0	1.2758	1.9047	735	738.04	976.80	
979577	44	746.5	754.2	592.1	754.5	429.5	0.88	4.59	0	1,363	77	1.12	5.5	18.0	0.0	0.0	17.95	0	1.2758	1.9180	735	738.04	976.25	
980099	44	746.5	752.5	591.3	752.2	429.2	0.88	4.59	0	1,345	77	1.12	5.5	18.0	0.0	0.0	18.09	0	1.2758	1.9109	735	738.04	976.09	
980674	44	746.4	750.2	589.8	750.2	429.2	0.88	4.59	0	1,342	76	1.12	5.5	18.0	0.0	0.0	17.86	0	1.2758	1.9109	735	738.04	976.09	
981209	44	746.3	748.2	588.6	747.8	428.8	0.88	4.59	0	1,331	75	0.81	5.5	18.0	0.0	0.0	18.07	0	1.2758	1.9172	735	738.13	975.55	
981761	45	746.2	745.8	587.1	745.8	428.5	1.44	4.59	0	1,353	75	1.12	5.5	18.0	0.0	0.0	41.39	0	1.2758	1.9109	735	738.13	963.28	
982390	45	746.0	743.5	586.0	743.2	427.8	3.69	4.59	0	1,409	75	6.75	5.5	18.0	0.0	0.0	67.48	0	1.2758	1.9109	735	738.13	1,034.38	
982890	45	745.5	741.5	584.6	741.2	427.5	4.19	4.59	0	1,379	76	8.69	5.5	18.0	0.0	0.0	78.54	0	1.2758	1.9039	735	738.13	1,113.75	
983397	45	744.7	739.8	583.5	739.5	427.5	5.25	4.59	0	1,399	76	13.25	5.5	18.0	0.0	0.0	64.34	0	1.2758	1.9039	735	738.04	1,100.62	
983921	45	744.1	738.5	582.6	738.5	427.5	2.12	4.59	0	1,383	76	3.81	5.5	18.0	0.0	0.0	22.59	0	1.2758	1.9172	735	737.94	1,025.16	
984429	44	743.4	737.5	582.1	737.5	426.8	1.06	4.59	0	1,339	76	0.81	5.5	18.0	0.0	0.0	11.09	0	1.2758	1.9102	735	737.94	984.14	
984951	44	742.9	736.8	581.8	736.8	426.5	-0.44	4.59	0	1,309	76	0.56	5.5	18.0	0.0	0.0	15.77	0	1.2758	1.9031	735	737.85	972.34	
985518	44	742.3	735.8	581.0	735.8	426.2	0.88	4.59	0	1,327	75	0.81	5.5	18.0	0.0	0.0	17.79	0	1.2758	1.9164	735	737.85	969.06	
986087	44	741.8	735.5	580.6	735.2	425.8	0.88	4.59	0	1,324	75	0.81	5.5	18.0	0.0	0.0	17.84	0	1.2758	1.9094	735	737.85	974.14	
986638	44	741.3	734.2	580.0	734.2	425.5	1.06	4.59	0	1,305	74	0.81	5.5	18.0	0.0	0.0	17.88	0	1.2758	1.9094	735	737.73	974.30	
987170	44	741.0	732.5	579.0	732.8	425.2	0.88	4.59	0	1,296	74	0.81	5.5	18.0	0.0	0.0	17.81	0	1.2758	1.9094	735	737.73	974.77	
987744	45	740.6	731.5	578.1	731.5	424.5	0.69	4.59	0	1,326	73	0.81	5.5	18.0	0.0	0.0	20.95	0	1.2758	1.9094	735	737.73	960.70	
988272	45	740.2	729.8	577.3	729.8	424.5	3.12	4.59	0	1,409	73	5.12	5.5	18.0	0.0	0.0	60.05	0	1.2758	1.9094	735	737.64	989.53	
988820	45	739.4	728.2	576.1	727.8	423.5	4.19	4.59	0	1,554	74	8.38	5.5	18.0	0.0	0.0	71.09	0	1.2758	1.9094	735	737.55	1,085.16	
989369	45	738.2	726.5	575.1	726.5	423.5	6.94	4.59	0	1,573	75	14.88	5.5	18.0	0.0	0.0	93.80	0	1.2758	1.9023	735	737.33	1,233.91	
989901	45	736.7	725.5	574.6	725.5	423.2	8.00	4.59	0	1,614	76	20.00	5.5	18.0	0.0	0.0	101.30	0	1.2758	1.9023	735	736.94	1,258.20	
990523	44	735.5	725.5	574.3	725.2	423.2	8.00	4.59	0	1,628	77	20.25	5.5	18.0	0.0	0.0	94.22	0	1.2758	1.9094	735	736.35	1,235.55	
991076	44	734.3	725.5	574.1	725.5	423.2	6.62	4.59	0	1,641	78	14.88	5.5	18.0	0.0	0.0	65.98	0	1.2758	1.9094	735	735.74	1,069.69	
991622	43	733.1	725.8	574.3	726.2	422.8	5.56	4.59	0	1,735	79	11.06	5.5	18.0	0.0	0.0	76.57	0	1.2758	1.9094	735	735.13	1,066.17	
992153	43	731.7	727.5	574.6	727.5	422.8	7.12	4.59	0	1,671	80	17.56	5.5	18.0	0.0	0.0	73.62	0	1.2758	1.9094	730	734.43	1,143.12	
992699	43	730.1	728.8	575.3	728.8	422.5	4.38	4.59	0	1,692	80	10.00	5.5	18.0	0.0	0.0	41.04	0	1.2758	1.9094	730	733.75	1,091.80	
993219	43	728.8	730.5	576.3	730.2	422.5	1.06	4.59	0	1,679	80	1.62	5.5	18.0	0.0	0.0	15.35	0	1.2758	1.9023	730	733.23	1,005.08	
993762	42	727.7	732.2	576.8	732.2	422.2	1.94	4.59	0	1,463	80	1.94	5.5	18.0	0.0	0.0	41.62	0	1.2758	1.9023	730	732.74	984.53	
994333	43	726.4	733.5	577.3	733.5	422.5	3.31	4.59	0	1,442	80	7.06	5.5	17.6	0.0	0.0	68.79	0	1.2758	1.9086	730	732.13	1,051.48	
994903	43	724.8	734.8	578.5	735.2	422.2	4.38	4.59	0	1,431	81	10.00	5.5	18.0	0.0	0.0	80.46	0	1.2758	1.9086	730	731.43	1,146.17	
995428	43	723.7	735.8	579.0	736.2	421.8	5.06	4.59	0	1,509	81	12.19	5.5	18.0	0.0	0.0	85.64	0	1.2758	1.9086	730	730.84	1,186.17	
995950	43	722.8	737.2	579.3	737.2	422.2	5.06	4.59	0	1,481	82	12.69	5.5	18.0	0.0	0.0	82.99	0	1.2758	1.9086	730	730.14	1,169.92	
996499	43	722.3	738.2	579.8	738.2	421.5	1.94	4.59	0	1,453	82	4.62	5.5	18.0	0.0	0.0	26.25	0	1.2758	1.9086	725	729.53	1,041.33	
997050	42	721.9	739.8	580.6	740.2	422.2	1.06	4.59	0	1,461	82	1.38	5.5	18.0	0.0	0.0	12.91	0	1.2758	1.9086	725	729.13	987.19	
997579	42	721.5	740.8	581.0	741.2	421.5	-0.06	4.59	0	1,409	81	0.31	5.5	18.0	0.0	0.0	15.23	0	1.2758	1.9086	725	728.73	973.44	
998132	42	721.2	742.2	581.6	742.2	421.5	1.25	4.59	0	1,456	81	1.12	5.5	17.6	0.0	0.0	33.75	0	1.2758	1.9016	725	728.24	962.73	
998681	43	720.8	742.5	582.0	742.5	421.2	3.31	4.59	0	1,531	81	6.25	5.5	17.6	0.0	0.0	63.75	0	1.2758	1.9016	725	727.84	1,013.83	
999339	43	720.1	742.8	582.0	742.8	421.2	4.56	4.59	0	1,496	82	9.50	5.5	17.6	0.0	0.0	78.40	0	1.2758	1.8945	725	727.14	1,134.30	
999879	43	719.3	743.5	581.8	743.5	421.2	4.88	4.59	0	1,497	83	14.31	5.5	18.0	0.0	0.0	96.96	0	1.2758	1.9078	725	726.53	1,260.55	
1000415	43	718.9	743.2	582.3	743.5	421.5	7.31	4.59	0	1,526	83	20.56	5.5	17.6	0.0	0.0	104.62	0	1.2758	1.9008	725	725.85	1,277.89	
1000975	43	718.9	743.8	582.5	743.8	420.8	5.56	4.59	0	1,506	84	17.00	5.5	17.6	0.0	0.0	57.02	0	1.2758	1.9008	725	725.24	1,107.58	
1001532	43	719.1	744.5	583.0	744.5	421.2	1.25	4.59	0	1,507	84	2.44	5.5	17.6	0.0	0.0	16.92	0	1.2758	1.9008	720	724.75	1,015.47	
1002070	42	719.1	745.5	583.5	745.8	420.8	1.44	4.59	0	1,463	83	0.81	5.5	18.0	0.0	0.0	12.21	0	1.2758	1.9070	720	724.35	980.70	
1002591	42	719.1	746.5	583.8	746.5	421.5	0.56	4.59	0	1,451	83	1.12	5.5	18.0	0.0	0.0	16.48	0	1.2758	1.9070	720	724.05	972.50	
1003109	42	719.1	747.2	584.2	747.2	421.2	0.56	4.59	0	1,451	82	1.12	5.5	17.6	0.0	0.0	17.09	0	1.2758	1.9000	720	723.65	969.92	
1003628	43	719.1	747.5	584.0	747.5	420.8	0.88	4.59	0	1,483	82	1.38	5.5	17.6	0.0	0.0	32.74	0	1.2758	1.9000	720	723.44	962.11	
1004209	43	719.1	746.8	583.6	747.2	420.5	3.69	4.59	0	1,550	82	6.75	5.5	17.6	0.0	0.0	65.13	0	1.2758	1.9000	720	722.94	1,020.94	
1004720	43	718.9	746.5	583.8	746.5	420.8	4.56	4.59	0	1,513	82	9.75	5.5	17.6	0.0	0.0	74.91	0	1.2758	1.8930	720	722.55	1,110.31	
1005277	43	718.5	746.2	583.3	746.2	420.5	6.12	4.59	0	1,481	83	15.44	5.5	18.0	0.0	0.0	100.12	0	1.2758	1.9070	720	722.15	1,266.17	
1005835	43	718.3	745.5	583.0	745.8	420.5	6.81	4.59	0	1,479	84	18.38	5.5	17.6	0.0	0.0	101.98	0	1.2758	1.9000	720	721.54	1,286.48	
1006374	43	718.5	745.5	582.8	745.5	420.5	7.12	4.59	0	1,538	85	19.44	5.5	17.6	0.0	0.0	98.32	0	1.2758	1.9000	720	721.05	1,245.78	
1006939	43	719.0	746.2	583.3	746.2	420.5	7.81	4.59	0	1,629	85	20.00	5.5	17.6	0.0	0.0	95.91	0	1.2758	1.9000	720	720.53	1,249.14	
1007467	43	719.6	746.8	583.3	746.8	420.8	6.94	4.59	0	1,531	86	18.38	5.5	17.6	0.0	0.0	95.98	0	1.2758	1.9000	720	720.04	1,248.83	
1008110	42	720.4	747.5	584.1	747.5	421.2	6.25	4.59	0	1,553	87	16.75	5.5	17.6	0.0	0.0	35.60	0	1.2758	1.9000	715	719.55	1,067.97	
1008622	42	721.1	748.8	584.6	748.8	421.2	1.06	4.59	0	1,531	86	1.38	5.5	17.6	0.0	0.0	14.58	0	1.2758	1.9000	715	719.33	998.67	
1009123	41	721.5	750.2	585.5	749.8	420.8	1.06	4.59	0	1,485	86	0.81	5.5	17.6	0.0	0.0	13.88	0	1.2758	1.8922	715	719.15	976.33	
1009654	41	721.9	751.2	585.8	750.8	420.8	0.56	4.59	0	1,513	85	1.12	5.5	17.6	0.0	0.0	17.04	0	1.2758	1.8922	715	719.03	971.48	
1010234	42	722.2	751.8	586.1	751.5	420.5	0.56	4.59	0	1,501	85	1.38	5.5	17.6	0.0	0.0	17.20	0	1.2758	1.8922	715	718.84	975.23	
1010794	42	722.5	751.5	586.5	751.5	420.8	1.25	4.59	0	1,498	84	1.38	5.5	17.6	0.0	0.0	36.94	0	1.2758	1.8922	715	718.63	964.84	
1011313	43	722.7	751.8	586.3	751.5	420.5	3.50	4.59	0	1,570	84	6.25	5.5	17.6	0.0	0.0	61.31	0	1.2758	1.8922	715	718.44	1,015.70	
1011827	43	722.8	750.8	586.0	750.8	420.5	4.38	4.59	0	1,547	85	9.50	5.5	17.6	0.0	0.0	89.62	0	1.2758	1.8922	715	718.23	1,138.36	
1012350	43	722.7	750.2	585.6	750.5	420.8	7.31	4.59	0	1,514	85	18.38	5.5	17.6	0.0	0.0	105.14	0	1.2758	1.8992	715	718.05	1,295.08	
1012872	43	722.7	750.2	585.5	750.2	420.8	8.00	4.59	0	1,547	86	21.38	5.5	17.6	0.0	0.0	101.11	0	1.2758	1.8992	715	717.83	1,282.97	
1013383	43	723.0	749.8	585.0	749.5	421.2	7.50	4.59	0	1,570	87	20.00	5.5	17.6	0.0	0.0	98.25	0	1.2758	1.8992	715	717.65	1,247.89	
1013905	43	723.5	749.8	585.5	749.5	421.2	7.12	4.59	0	1,597	87	19.44	5.5	17.6	0.0	0.0	93.59	0	1.2758	1.8992	715	717.44	1,196.64	
1014442	43	724.3	750.2	585.8	750.2	420.8	5.75	4.59	0	1,568	88	17.31	5.5	17.6	0.0	0.0	67.97	0	1.2758	1.8992	715	717.34	1,104.38	
1014989	42	724.9	750.8	586.2	751.5	421.2	3.31	4.59	0	1,642	88	6.50	5.5	17.6	0.0	0.0	49.55	0	1.2758	1.8992	715	717.25	1,078.83	
1015547	42	725.3	751.8	586.5	751.8	420.8	1.56	4.59	0	1,558	88	1.94	5.5	17.6	0.0	0.0	14.79	0	1.2758	1.8914	715	717.25	1,009.22	
1016186	42	725.5	752.8	586.8	752.8	421.2	1.25	4.59	0	1,529	87	1.12	5.5	17.6	0.0	0.0	11.25	0	1.2758	1.8914	715	717.13	976.48	
1016710	42	725.6	753.5	587.3	753.5	421.2	1.44	4.59	0	1,556	87	1.62	5.5	17.6	0.0	0.0	38.06	0	1.2758	1.8984	715	717.13	968.05	
1017253	42	725.7	753.8	587.3	753.5	421.2	3.69	4.59	0	1,592	87	7.06	5.5	17.6	0.0	0.0	66.89	0	1.2758	1.8984	715	717.13	1,041.33	
1017807	43	725.5	753.5	587.1	753.5	421.5	4.88	4.59	0	1,569	87	10.25	5.5	17.6	0.0	0.0	74.02	0	1.2758	1.8984	715	717.13	1,075.55	
1018343	43	725.1	753.5	587.6	753.5	421.2	1.75	4.59	0	1,534	87	3.50	5.5	17.6	0.0	0.0	20.88	0	1.2758	1.8906	715	717.13	1,024.30	
1018889	42	724.8	753.8	587.3	753.8	421.5	1.06	4.59	0	1,544	87	1.12	5.5	17.6	0.0	0.0	11.79	0	1.2758	1.8906	715	717.13	982.42	
1019472	42	724.5	753.5	587.3	753.5	420.8	0.69	4.59	0	1,488	86	0.81	5.5	18.0	0.0	0.0	16.43	0	1.2758	1.9047	715	717.25	972.03	
1020043	42	724.3	753.2	587.3	753.2	421.2	0.56	4.59	0	1,505	85	0.81	5.5	18.0	0.0	0.0	17.30	0	1.2758	1.8977	715	717.25	969.30	
1020604	43	724.1	752.5	586.8	752.2	420.8	0.69	4.59	0	1,493	85	1.38	5.5	17.6	0.0	0.0	17.06	0	1.2758	1.8977	715	717.25	975.86	
1021141	43	723.9	751.5	586.3	751.5	421.2	0.69	4.59	0	1,473	84	1.12	5.5	17.6	0.0	0.0	17.13	0	1.2758	1.8977	715	717.25	976.80	
1021711	43	723.7	750.2	585.5	750.2	420.8	0.69	4.59	0	1,463	83	1.12	5.5	17.6	0.0	0.0	17.58	0	1.2758	1.8977	715	717.25	977.34	
1022272	43	723.6	749.5	584.8	748.8	420.5	1.25	4.59	0	1,491	83	1.12	5.5	17.6	0.0	0.0	33.26	0	1.2758	1.8898	715	717.34	966.09	
1022835	44	723.4	746.8	583.6	746.5	420.5	3.00	4.59	0	1,537	83	5.44	5.5	17.6	0.0	0.0	62.11	0	1.2758	1.8898	715	717.34	1,005.94	
1023354	44	723.0	745.5	582.8	745.2	420.8	4.00	4.59	0	1,498	83	8.38	5.5	17.6	0.0	0.0	73.29	0	1.2758	1.8969	715	717.44	1,087.89	
1023871	44	722.3	744.2	582.3	743.8	420.2	5.06	4.59	0	1,506	83	11.06	5.5	17.6	0.0	0.0	82.22	0	1.2758	1.8891	715	717.34	1,169.61	
1024394	44	721.8	742.5	581.5	742.5	420.2	5.25	4.59	0	1,508	84	11.88	5.5	17.6	0.0	0.0	84.42	0	1.2758	1.8891	715	717.34	1,218.75	
1025020	44	721.4	741.8	580.5	741.8	420.2	5.56	4.59	0	1,532	84	13.25	5.5	17.6	0.0	0.0	88.27	0	1.2758	1.8891	715	717.13	1,263.52	
1025531	44	721.2	741.2	580.6	740.8	419.8	5.94	4.59	0	1,557	85	14.62	5.5	17.6	0.0	0.0	88.83	0	1.2758	1.8891	715	717.04	1,264.69	
1026036	43	721.2	740.8	580.5	741.2	419.8	5.56	4.59	0	1,528	86	14.31	5.5	17.6	0.0	0.0	82.34	0	1.2758	1.8891	715	716.85	1,210.23	
1026564	43	721.3	741.2	580.5	741.2	420.2	5.38	4.59	0	1,559	86	13.25	5.5	17.6	0.0	0.0	78.80	0	1.2758	1.8891	715	716.73	1,160.70	
1027102	43	721.6	741.8	580.8	741.8	420.5	3.00	4.59	0	1,510	86	5.44	5.5	17.6	0.0	0.0	26.44	0	1.2758	1.8820	715	716.55	1,044.77	
1027655	42	721.7	742.5	581.3	742.5	420.2	1.44	4.59	0	1,519	86	1.12	5.5	17.3	0.0	0.0	13.01	0	1.2758	1.8820	715	716.43	987.50	
1028202	42	721.7	743.2	581.7	743.5	419.8	0.69	4.59	0	1,464	85	0.56	5.5	17.3	0.0	0.0	16.01	0	1.2758	1.8750	715	716.43	974.14	
1028723	42	721.7	743.8	581.8	744.2	419.8	0.56	4.59	0	1,499	85	1.12	5.5	17.3	0.0	0.0	17.27	0	1.2758	1.8750	715	716.33	970.23	
1029288	42	721.7	744.2	582.0	744.5	419.8	2.25	4.59	0	1,494	84	1.38	5.5	17.3	0.0	0.0	21.77	0	1.2758	1.8750	715	716.33	959.61	
1029818	43	721.6	743.5	581.8	743.5	420.2	3.50	4.59	0	1,610	84	5.44	5.5	17.6	0.0	0.0	61.45	0	1.2758	1.8883	715	716.24	1,000.16	
1030344	43	721.4	743.2	581.5	742.8	419.8	4.38	4.59	0	1,550	85	8.38	5.5	17.3	0.0	0.0	72.59	0	1.2758	1.8813	715	716.15	1,093.67	
1030926	43	720.8	742.5	581.1	742.5	419.5	6.44	4.59	0	1,536	85	15.44	5.5	17.3	0.0	0.0	97.01	0	1.2758	1.8734	715	715.94	1,247.42	
1031541	43	720.2	741.8	581.0	741.8	419.5	7.12	4.59	0	1,530	86	18.62	5.5	17.3	0.0	0.0	99.09	0	1.2758	1.8734	715	715.84	1,267.89	
1032056	43	720.1	741.8	580.8	741.8	419.5	7.69	4.59	0	1,609	87	19.75	5.5	17.3	0.0	0.0	97.62	0	1.2758	1.8734	715	715.63	1,252.42	
1032611	43	720.1	742.2	581.0	742.2	419.5	7.50	4.59	0	1,574	88	19.19	5.5	17.3	0.0	0.0	95.88	0	1.2758	1.8734	715	715.44	1,261.17	
1033156	43	720.4	742.8	581.3	743.2	419.5	7.50	4.59	0	1,589	88	19.44	5.5	17.3	0.0	0.0	96.68	0	1.2758	1.8734	715	715.23	1,254.30	
1033776	43	720.8	743.8	581.8	743.8	419.8	8.00	4.59	0	1,626	89	19.75	5.5	17.3	0.0	0.0	96.00	0	1.2758	1.8734	715	715.14	1,268.12	
1034318	43	721.5	744.8	582.5	745.2	420.2	7.81	4.59	0	1,607	90	20.00	5.5	17.3	0.0	0.0	96.40	0	1.2758	1.8734	715	714.93	1,261.02	
1034927	42	722.7	746.8	583.5	746.8	420.5	8.00	4.59	0	1,661	91	20.00	5.5	17.3	0.0	0.0	96.33	0	1.2758	1.8734	715	714.93	1,272.50	
1035487	42	723.9	748.5	584.1	748.5	420.2	8.00	4.59	0	1,637	92	20.56	5.5	17.3	0.0	0.0	95.27	0	1.2758	1.8734	715	714.93	1,274.06	
1035995	42	725.1	750.5	585.1	750.5	420.8	8.38	4.59	0	1,664	93	20.25	5.5	17.3	0.0	0.0	97.50	0	1.2758	1.8734	715	714.93	1,276.48	
1036516	42	726.5	752.2	586.5	752.2	420.8	8.69	4.59	0	1,699	93	21.06	5.5	17.6	0.0	0.0	96.59	0	1.2758	1.8875	715	715.05	1,252.03	
1037042	42	728.1	753.8	587.1	753.8	421.5	7.50	4.59	0	1,666	94	18.12	5.5	17.6	0.0	0.0	46.01	0	1.2758	1.8875	715	715.23	1,106.17	
1037627	42	729.4	756.2	588.6	756.5	421.5	1.06	4.59	0	1,654	94	1.62	5.5	17.3	0.0	0.0	17.79	1	1.2758	1.8805	715	715.44	992.03	
1038178	41	730.3	757.8	589.3	758.2	421.5	2.81	4.59	0	1,738	93	3.50	5.5	17.3	0.0	0.0	52.38	1	1.2758	1.8805	715	715.63	1,015.86	
1038728	42	731.1	759.8	590.8	759.5	421.5	4.88	4.59	0	1,677	93	9.50	5.5	17.3	0.0	0.0	71.04	1	1.2758	1.8805	715	715.94	1,109.84	
1039243	42	731.6	761.5	591.8	761.5	422.5	5.75	4.59	0	1,666	94	12.19	5.5	17.3	0.0	0.0	79.20	1	1.2758	1.8805	715	716.24	1,201.17	
1039773	42	732.1	762.5	592.3	762.8	422.2	6.44	4.59	0	1,703	94	13.50	5.5	17.6	0.0	0.0	83.06	1	1.2758	1.8945	715	716.43	1,258.28	
1040365	42	732.9	764.2	593.5	764.5	422.5	4.56	4.59	0	1,725	95	10.81	5.5	17.6	0.0	0.0	69.33	1	1.2758	1.8867	715	716.85	1,120.86	
1040943	42	733.5	765.8	593.8	765.8	422.8	5.94	4.59	0	1,690	95	13.25	5.5	17.6	0.0	0.0	90.12	1	1.2758	1.8867	715	717.25	1,281.25	
1041466	42	734.1	767.2	594.8	767.2	423.2	11.81	4.59	0	1,875	96	27.31	5.5	17.6	0.0	0.0	110.67	1	1.2758	1.8937	715	717.53	1,485.94	
1042110	42	735.1	768.5	595.5	768.5	423.2	14.25	4.59	0	2,036	97	33.75	5.5	17.6	0.0	0.0	106.17	1	1.2758	1.8937	715	718.14	1,445.78	
1042667	42	736.1	770.5	597.0	770.5	423.8	14.25	4.59	0	2,093	98	36.50	5.5	17.6	0.0	0.0	119.60	1	1.2758	1.8867	715	718.63	1,590.23	
1043186	42	737.5	772.2	598.0	772.5	424.2	17.38	4.59	0	2,103	100	41.62	5.5	17.6	0.0	0.0	123.47	1	1.2758	1.8945	715	719.15	1,618.36	
1043722	42	738.6	774.2	599.5	774.5	424.8	17.88	4.59	0	2,127	101	43.50	5.5	17.6	0.0	0.0	122.72	1	1.2758	1.9016	715	719.85	1,626.72	
1044317	42	740.1	776.8	600.8	776.8	425.5	18.44	4.59	0	2,162	102	45.12	5.5	17.6	0.0	0.0	122.09	1	1.2758	1.8953	720	720.74	1,626.17	
1044848	42	741.5	778.8	602.5	779.2	425.8	18.94	4.59	0	2,182	104	46.75	5.5	18.0	0.0	0.0	122.81	1	1.2758	1.9023	720	721.44	1,636.17	
1045442	42	743.6	781.8	604.0	782.2	427.2	19.81	4.59	0	2,223	105	48.62	5.5	18.0	0.0	0.0	124.66	1	1.2758	1.9031	720	722.43	1,659.92	
1046007	42	745.6	784.8	606.1	784.8	427.8	20.31	4.59	0	2,247	107	50.75	5.5	18.0	0.0	0.0	125.16	1	1.2758	1.9109	720	723.44	1,576.56	
1046550	42	747.8	787.2	607.5	787.5	428.5	11.81	4.59	0	2,261	108	28.12	5.5	18.0	0.0	0.0	80.74	1	1.2758	1.9180	720	724.44	1,251.25	
1047106	42	750.1	789.8	609.0	789.8	429.2	10.06	4.59	0	2,310	108	23.00	5.5	18.0	0.0	0.0	81.14	1	1.2758	1.9180	725	725.55	1,226.41	
1047615	42	751.9	792.2	611.0	792.2	429.8	12.38	4.59	0	2,295	109	31.31	5.5	18.4	0.0	0.0	84.14	1	1.2758	1.9250	725	726.53	1,219.45	
1048187	42	753.8	794.8	612.6	794.8	430.8	8.69	4.59	0	2,294	109	20.00	5.5	18.0	0.0	0.0	68.27	1	1.2758	1.9172	725	727.54	1,133.83	
1048751	42	755.4	796.8	614.0	797.2	431.5	7.69	4.59	0	2,047	109	17.56	5.5	18.0	0.0	0.0	72.84	1	1.2758	1.9250	725	728.73	1,145.08	
1049265	42	756.5	798.8	615.3	799.2	432.5	4.69	4.59	0	1,940	109	6.75	5.5	18.4	0.0	0.0	23.86	1	1.2758	1.9250	725	729.53	1,009.92	
1049797	41	757.4	800.5	616.3	800.5	433.2	1.06	4.59	0	1,926	109	0.81	5.5	18.4	0.0	0.0	12.38	1	1.2758	1.9180	730	730.35	973.44	
1050317	41	758.1	801.8	617.5	801.8	433.5	0.38	4.59	0	1,846	108	0.56	5.5	18.4	0.0	0.0	15.87	1	1.2758	1.9258	730	730.94	966.72	
1051002	41	758.8	803.2	618.3	803.2	433.8	0.88	4.59	0	1,897	107	1.12	5.5	18.4	0.0	0.0	17.13	1	1.2758	1.9258	730	731.64	969.14	
1051547	42	759.3	803.2	619.0	803.5	434.2	1.06	4.59	0	1,871	106	1.38	5.5	18.4	0.0	0.0	17.11	0	1.2758	1.9266	730	732.13	977.89	
1052056	42	759.9	803.2	618.6	802.8	434.8	0.69	4.59	0	1,855	106	1.12	5.5	18.4	0.0	0.0	17.04	0	1.2758	1.9336	730	732.53	980.16	
1052611	43	760.4	802.2	618.5	801.8	435.2	0.69	4.59	0	1,841	105	1.12	5.5	18.4	0.0	0.0	17.32	0	1.2758	1.9273	730	733.05	981.56	
1053136	43	760.8	800.2	618.0	799.8	435.5	0.69	4.59	0	1,828	104	1.12	5.5	18.4	0.0	0.0	17.37	0	1.2758	1.9344	730	733.44	981.56	
1053683	43	761.2	798.5	617.2	798.2	435.2	0.69	4.59	0	1,816	103	1.38	5.5	18.0	0.0	0.0	17.46	0	1.2758	1.9203	730	733.84	982.03	
1054218	43	761.6	796.8	616.1	796.5	435.8	0.69	4.59	0	1,803	102	1.38	5.5	18.4	0.0	0.0	17.32	0	1.2758	1.9273	730	734.24	981.56	
1054739	44	761.9	794.2	615.1	794.5	435.5	0.69	4.59	0	1,787	102	1.12	5.5	18.4	0.0	0.0	17.60	0	1.2758	1.9273	730	734.55	981.41	
1055258	44	762.2	791.8	613.8	791.8	436.2	0.56	4.59	0	1,776	101	1.38	5.5	18.4	0.0	0.0	17.60	0	1.2758	1.9273	730	734.73	981.17	
1055817	44	762.5	789.8	612.5	789.2	435.8	0.69	4.59	0	1,760	100	1.38	5.5	18.4	0.0	0.0	17.77	0	1.2758	1.9273	735	735.04	980.55	
1056367	45	762.8	786.8	611.3	786.5	435.5	0.69	4.59	0	1,748	99	1.62	5.5	18.4	0.0	0.0	17.86	0	1.2758	1.9203	735	735.34	980.39	
1056911	45	763.0	783.8	610.0	783.8	435.5	0.56	4.59	0	1,730	98	1.38	5.5	18.0	0.0	0.0	17.95	0	1.2758	1.9203	735	735.65	979.92	
1057434	45	763.2	781.2	608.5	780.8	435.2	0.56	4.59	0	1,721	98	1.38	5.5	18.4	0.0	0.0	18.21	0	1.2758	1.9344	735	735.83	980.16	
1058015	45	763.4	778.2	607.0	777.8	435.5	0.38	4.59	0	1,706	97	1.62	5.5	18.4	0.0	0.0	18.28	0	1.2758	1.9273	735	736.14	980.16	
1058586	46	763.5	775.2	605.5	775.2	434.8	0.56	4.59	0	1,694	96	1.62	5.5	18.4	0.0	0.0	18.47	0	1.2758	1.9273	735	736.35	980.00	
1059171	46	763.6	772.5	603.8	771.8	434.8	0.38	4.59	0	1,681	95	1.38	5.5	18.4	0.0	0.0	18.35	0	1.2758	1.9336	735	736.54	980.00	
1059785	46	763.7	769.2	602.2	768.8	434.5	0.56	4.59	0	1,663	95	1.38	5.5	18.4	0.0	0.0	18.66	0	1.2758	1.9266	735	736.75	979.22	
1060305	46	763.8	766.8	600.7	765.8	434.2	0.56	4.59	0	1,650	94	1.38	5.5	18.4	0.0	0.0	18.89	0	1.2758	1.9266	735	737.03	978.83	
1060847	46	763.9	763.2	598.6	763.2	434.2	0.56	4.59	0	1,640	93	1.38	5.5	18.4	0.0	0.0	18.84	0	1.2758	1.9266	735	737.24	978.59	
1061431	46	763.9	760.5	597.1	760.2	433.5	0.56	4.59	0	1,625	92	1.38	5.5	18.4	0.0	0.0	18.80	0	1.2758	1.9266	735	737.43	979.22	
1061997	47	763.9	757.5	595.8	757.2	433.5	0.56	4.59	0	1,614	92	1.38	5.5	18.4	0.0	0.0	18.98	0	1.2758	1.9266	735	737.64	979.61	
1062538	47	763.9	754.5	594.0	754.5	433.2	0.56	4.59	0	1,599	91	1.38	5.5	18.4	0.0	0.0	18.75	0	1.2758	1.9266	735	737.94	979.30	
1063063	47	763.9	751.8	592.5	751.8	432.8	0.38	4.59	0	1,589	90	1.38	5.5	18.4	0.0	0.0	19.27	0	1.2758	1.9266	735	738.25	979.45	
1063569	47	763.8	749.5	591.3	749.2	432.2	2.12	4.59	0	1,574	90	1.38	5.5	18.4	0.0	0.0	31.08	0	1.2758	1.9266	735	738.44	966.25	
1064108	47	763.7	746.8	590.0	747.2	431.8	3.31	4.59	0	1,648	90	6.25	5.5	18.4	0.0	0.0	62.11	1	1.2758	1.9266	735	738.83	1,016.95	
1064644	47	763.3	744.5	588.1	744.2	431.2	4.38	4.59	0	1,603	90	8.94	5.5	18.4	0.0	0.0	71.81	0	1.2758	1.9266	735	739.14	1,106.17	
1065202	47	762.4	742.2	587.0	742.2	430.8	7.12	4.59	0	1,609	90	15.44	5.5	18.4	0.0	0.0	97.36	1	1.2758	1.9195	735	739.54	1,254.14	
1065727	46	761.7	740.2	585.6	740.5	431.2	8.19	4.59	0	1,653	90	20.00	5.5	18.0	0.0	0.0	101.65	1	1.2758	1.9266	735	739.75	1,347.27	
1066246	46	760.9	739.2	585.0	739.5	430.8	9.06	4.59	0	1,679	91	22.69	5.5	18.4	0.0	0.0	102.23	1	1.2758	1.9266	740	739.94	1,304.14	
1066818	46	760.3	738.5	584.5	738.5	430.5	8.38	4.59	0	1,655	92	21.62	5.5	18.0	0.0	0.0	97.08	1	1.2758	1.9125	740	740.15	1,248.36	
1067346	45	759.8	738.8	584.6	738.8	430.2	4.69	4.59	0	1,637	92	12.69	5.5	18.0	0.0	0.0	50.04	1	1.2758	1.9195	740	740.33	1,089.69	
1067970	44	759.4	739.2	584.7	739.2	429.8	1.25	4.59	0	1,654	92	2.19	5.5	18.0	0.0	0.0	15.28	1	1.2758	1.9195	740	740.43	1,003.05	
1068497	44	758.9	739.8	585.0	739.8	430.2	1.25	4.59	0	1,610	91	1.12	5.5	18.0	0.0	0.0	11.04	1	1.2758	1.9125	740	740.64	976.80	
1068990	44	758.5	740.5	585.0	740.5	429.8	0.38	4.59	0	1,601	90	1.12	5.5	18.4	0.0	0.0	17.51	1	1.2758	1.9266	740	740.73	971.72	
1069532	44	758.1	741.2	585.3	741.2	429.5	0.56	4.59	0	1,583	90	1.12	5.5	18.4	0.0	0.0	17.86	1	1.2758	1.9266	740	740.85	969.61	
1070044	44	757.7	740.8	585.3	741.5	429.5	0.56	4.59	0	1,563	89	1.38	5.5	18.0	0.0	0.0	17.58	1	1.2758	1.9195	740	740.94	976.56	
1070629	44	757.4	741.2	585.2	741.2	429.2	0.56	4.59	0	1,551	88	1.38	5.5	18.0	0.0	0.0	17.91	1	1.2758	1.9195	740	741.13	977.73	
1071146	45	757.1	740.2	584.5	740.2	429.2	0.56	4.59	0	1,535	87	1.38	5.5	18.0	0.0	0.0	17.74	1	1.2758	1.9195	740	741.25	977.89	
1071676	45	756.8	739.8	584.3	739.8	428.8	3.31	4.59	0	1,549	87	1.38	5.5	18.0	0.0	0.0	31.78	0	1.2758	1.9195	740	741.44	964.22	
1072277	45	756.3	738.5	583.5	738.5	428.2	3.69	4.59	0	1,616	86	7.06	5.5	18.0	0.0	0.0	61.52	0	1.2758	1.9117	740	741.65	1,027.11	
1072803	45	755.5	737.5	582.8	737.2	428.5	8.19	4.59	0	1,787	87	16.25	5.5	18.0	0.0	0.0	98.18	0	1.2758	1.9117	740	741.83	1,269.30	
1073359	45	754.2	736.5	582.5	736.5	427.8	12.19	4.59	0	1,851	87	26.50	5.5	18.0	0.0	0.0	109.99	0	1.2758	1.9117	740	741.83	1,382.50	
1073933	45	752.9	736.2	582.0	736.2	427.8	12.00	4.59	0	1,937	88	25.94	5.5	18.0	0.0	0.0	107.58	0	1.2758	1.9117	740	741.74	1,482.11	
1074502	45	751.7	736.2	582.0	735.8	427.8	13.56	4.59	0	1,948	89	30.25	5.5	18.0	0.0	0.0	103.15	0	1.2758	1.9055	740	741.53	1,390.16	
1075052	44	750.6	737.2	582.1	737.2	428.2	12.69	4.59	0	1,898	91	27.31	5.5	18.0	0.0	0.0	106.80	0	1.2758	1.9125	740	741.34	1,437.89	
1075587	44	750.0	738.5	582.8	738.2	427.5	13.56	4.59	0	1,935	92	29.44	5.5	18.0	0.0	0.0	107.79	0	1.2758	1.9125	740	741.04	1,435.16	
1076140	43	749.5	740.2	584.0	740.2	427.8	13.19	4.59	0	1,964	93	29.19	5.5	18.0	0.0	0.0	107.41	0	1.2758	1.9062	740	740.73	1,418.12	
1076799	43	749.3	742.8	585.3	743.2	428.2	6.44	4.59	0	1,972	93	8.38	5.5	18.0	0.0	0.0	32.39	0	1.2758	1.9133	740	740.43	1,025.70	
1077360	42	749.1	745.5	586.8	745.8	428.2	1.44	4.59	0	1,916	93	0.56	5.5	18.0	0.0	0.0	12.28	0	1.2758	1.9062	740	740.33	975.70	
1077903	42	748.8	749.2	588.1	749.2	428.2	1.44	4.59	0	1,882	91	0.81	5.5	18.0	0.0	0.0	16.69	0	1.2758	1.9062	740	740.24	969.14	
1078489	42	748.7	751.5	589.7	751.5	428.5	1.25	4.59	0	1,906	90	0.81	5.5	18.0	0.0	0.0	17.67	0	1.2758	1.9062	740	740.03	970.00	
1079080	43	748.5	753.5	590.8	753.5	428.5	0.56	4.59	0	1,706	89	1.38	5.5	18.0	0.0	0.0	17.37	0	1.2758	1.9133	740	739.94	977.34	
1079630	43	748.3	754.5	591.3	754.2	428.5	1.06	4.59	0	1,619	89	1.62	5.5	18.0	0.0	0.0	40.85	0	1.2758	1.9133	735	739.84	966.64	
1080149	43	748.1	755.2	591.8	755.2	428.5	3.81	4.59	0	1,705	88	7.31	5.5	18.0	0.0	0.0	60.52	0	1.2758	1.9203	735	739.75	1,030.94	
1080667	44	747.7	755.5	591.8	755.5	428.5	9.38	4.59	0	1,867	89	18.94	5.5	18.0	0.0	0.0	101.67	0	1.2758	1.9203	735	739.54	1,297.58	
1081268	44	747.1	755.2	591.7	755.5	428.2	12.19	4.59	0	1,882	90	26.19	5.5	18.0	0.0	0.0	104.74	0	1.2758	1.9133	735	739.35	1,352.19	
1081785	44	746.8	756.5	592.1	756.5	428.8	13.19	4.59	0	2,046	91	30.50	5.5	18.0	0.0	0.0	108.52	0	1.2758	1.9133	735	739.05	1,448.44	
1082336	44	746.6	757.5	593.2	757.2	428.8	12.69	4.59	0	1,934	92	27.00	5.5	18.0	0.0	0.0	99.84	0	1.2758	1.9133	735	738.83	1,371.48	
1082917	43	746.7	758.5	593.7	758.5	429.2	12.50	4.59	0	1,939	93	28.62	5.5	18.0	0.0	0.0	77.23	0	1.2758	1.9203	735	738.65	1,121.72	
1083451	43	747.0	760.5	594.8	760.5	429.5	6.44	4.59	0	2,001	93	10.81	5.5	18.0	0.0	0.0	57.35	0	1.2758	1.9070	735	738.44	1,003.75	
1084057	42	747.0	762.8	596.1	763.2	429.8	2.25	4.59	0	1,906	93	1.38	5.5	18.0	0.0	0.0	16.31	0	1.2758	1.9133	735	738.34	978.20	
1084597	42	746.9	764.8	597.3	765.2	429.8	0.56	4.59	0	1,412	92	1.12	5.5	18.0	0.0	0.0	16.83	0	1.2758	1.9133	735	738.25	971.56	
1085113	42	746.8	767.2	598.5	767.5	430.2	0.38	4.59	0	1,604	91	1.12	5.5	18.0	0.0	0.0	17.41	0	1.2758	1.9133	735	738.13	969.22	
1085767	42	746.8	768.8	599.3	768.8	429.8	0.56	4.59	0	1,600	90	1.38	5.5	18.0	0.0	0.0	17.16	0	1.2758	1.9133	735	738.04	977.11	
1086322	43	746.8	769.2	600.0	769.2	430.2	0.38	4.59	0	1,573	89	1.38	5.5	17.6	0.0	0.0	17.41	0	1.2758	1.9070	735	737.94	977.89	
1086883	43	746.7	769.5	600.0	769.5	429.8	0.38	4.59	0	1,557	88	1.38	5.5	18.0	0.0	0.0	17.18	0	1.2758	1.9070	735	737.85	977.97	
1087408	44	746.7	769.2	599.8	769.2	430.2	0.38	4.59	0	1,544	88	1.38	5.5	18.0	0.0	0.0	17.32	0	1.2758	1.9070	735	737.73	977.97	
1087944	44	746.7	768.5	599.3	768.2	430.2	0.38	4.59	0	1,527	87	1.38	5.5	18.0	0.0	0.0	17.37	0	1.2758	1.9070	735	737.64	978.36	
1088473	44	746.6	767.5	599.0	767.5	430.5	-0.25	4.59	0	1,533	86	1.38	5.5	18.0	0.0	0.0	31.83	0	1.2758	1.9070	735	737.64	964.22	
1088994	44	746.5	766.5	598.1	766.2	430.2	3.31	4.59	0	1,608	86	5.94	5.5	18.0	0.0	0.0	61.62	0	1.2758	1.9070	735	737.55	1,009.92	
1089505	45	746.2	765.2	597.7	764.5	430.2	4.19	4.59	0	1,555	86	8.38	5.5	17.6	0.0	0.0	71.70	0	1.2758	1.9000	735	737.43	1,087.81	
1090053	45	745.7	763.5	596.8	763.8	429.8	5.25	4.59	0	1,557	87	11.38	5.5	18.0	0.0	0.0	80.88	0	1.2758	1.9062	735	737.33	1,172.11	
1090588	45	745.1	762.5	596.3	762.5	429.8	5.38	4.59	0	1,568	87	12.19	5.5	18.0	0.0	0.0	82.01	0	1.2758	1.9062	735	737.24	1,225.39	
1091101	44	744.7	761.8	595.8	762.5	429.8	6.12	4.59	0	1,578	87	13.50	5.5	18.0	0.0	0.0	86.13	0	1.2758	1.9062	735	737.03	1,261.64	
1091610	44	744.5	762.2	595.8	761.8	429.8	6.44	4.59	0	1,596	88	14.62	5.5	17.6	0.0	0.0	86.09	0	1.2758	1.8992	735	736.94	1,286.88	
1092193	44	744.4	762.2	596.0	761.8	429.8	6.44	4.59	0	1,589	89	15.12	5.5	17.6	0.0	0.0	88.15	0	1.2758	1.8992	735	736.75	1,305.62	
1092707	44	744.4	762.8	596.5	763.2	429.8	6.62	4.59	0	1,622	89	15.44	5.5	17.6	0.0	0.0	88.05	0	1.2758	1.8992	735	736.63	1,318.91	
1093296	43	744.5	763.5	596.8	763.2	430.2	6.62	4.59	0	1,609	90	16.25	5.5	17.6	0.0	0.0	88.50	0	1.2758	1.8992	735	736.44	1,275.62	
1093916	43	744.7	764.8	597.3	765.2	430.2	6.25	4.59	0	1,631	90	15.44	5.5	17.6	0.0	0.0	79.76	0	1.2758	1.8992	735	736.35	1,148.20	
1094462	43	745.0	765.8	597.8	766.2	430.2	4.38	4.59	0	1,620	91	11.62	5.5	17.6	0.0	0.0	56.51	0	1.2758	1.8914	735	736.23	1,084.38	
1094976	42	745.1	767.5	598.7	767.5	430.2	2.44	4.59	0	1,571	91	4.31	5.5	17.6	0.0	0.0	24.00	0	1.2758	1.8914	735	736.14	1,032.58	
1095502	42	744.9	768.8	599.5	768.8	430.8	1.06	4.59	0	1,582	90	1.38	5.5	17.6	0.0	0.0	12.75	0	1.2758	1.8984	735	736.05	985.00	
1096052	42	744.7	770.2	600.2	770.2	430.2	-0.81	4.59	0	1,538	90	0.56	5.5	17.6	0.0	0.0	13.38	0	1.2758	1.8984	735	736.05	969.22	
1096558	42	744.5	770.8	600.5	770.8	430.5	2.62	4.59	0	1,629	89	3.25	5.5	17.6	0.0	0.0	51.07	0	1.2758	1.8984	735	736.05	973.67	
1097064	43	744.2	771.2	600.7	771.5	430.5	6.25	4.59	0	1,853	89	10.25	5.5	17.6	0.0	0.0	85.10	0	1.2758	1.8984	735	735.93	1,118.44	
1097623	43	743.4	771.5	601.0	771.5	430.5	11.62	4.59	0	1,898	90	24.56	5.5	17.6	0.0	0.0	105.47	0	1.2758	1.8906	735	735.83	1,323.59	
1098140	43	742.8	771.8	601.1	771.8	430.8	12.19	4.59	0	1,931	91	25.38	5.5	17.6	0.0	0.0	96.09	0	1.2758	1.8906	735	735.74	1,275.78	
1098694	43	742.4	772.5	601.5	772.2	430.8	10.62	4.59	0	1,949	92	22.19	5.5	17.6	0.0	0.0	89.46	0	1.2758	1.8906	735	735.53	1,222.73	
1099216	43	742.3	773.2	602.0	773.5	430.8	7.31	4.59	0	1,939	93	11.88	5.5	17.6	0.0	0.0	38.02	0	1.2758	1.8906	735	735.34	1,108.28	
1099780	42	742.3	774.5	602.5	774.5	430.8	1.56	4.59	0	1,937	92	0.81	5.5	17.6	0.0	0.0	13.48	0	1.2758	1.8906	735	735.25	1,004.30	
1100303	42	742.2	775.5	602.8	775.5	431.2	-0.94	4.59	0	1,672	92	0.56	5.5	17.6	0.0	0.0	16.80	0	1.2758	1.8836	735	735.13	978.91	
1100834	42	742.1	776.5	603.8	776.5	431.5	0.56	4.59	0	1,600	91	1.38	5.5	17.6	0.0	0.0	16.45	0	1.2758	1.8836	735	735.04	972.27	
1101391	42	742.0	777.5	603.8	777.5	431.2	0.38	4.59	0	1,589	90	1.38	5.5	17.6	0.0	0.0	17.18	0	1.2758	1.8836	735	734.94	976.25	
1101981	43	741.9	777.5	604.1	777.5	430.5	0.38	4.59	0	1,608	89	1.38	5.5	17.6	0.0	0.0	19.66	0	1.2758	1.8836	730	734.85	965.62	
1102562	43	741.8	777.5	604.3	776.8	430.8	2.12	4.59	0	1,632	89	3.25	5.5	17.6	0.0	0.0	47.37	0	1.2758	1.8836	730	734.73	992.27	
1103092	44	741.5	775.8	603.7	775.8	431.2	4.00	4.59	0	1,629	89	8.69	5.5	17.6	0.0	0.0	66.77	0	1.2758	1.8836	730	734.64	1,079.77	
1103662	44	740.7	775.2	603.0	775.2	430.8	5.38	4.59	0	1,645	90	11.38	5.5	17.6	0.0	0.0	79.36	0	1.2758	1.8898	730	734.55	1,172.03	
1104215	44	740.0	774.5	602.8	774.5	430.8	5.75	4.59	0	1,618	90	12.69	5.5	17.6	0.0	0.0	81.45	0	1.2758	1.8898	730	734.33	1,235.86	
1104747	44	739.5	773.8	602.3	773.8	431.2	6.12	4.59	0	1,624	90	14.06	5.5	17.6	0.0	0.0	84.70	0	1.2758	1.8828	730	734.15	1,271.80	
1105268	44	739.2	774.2	602.5	773.8	430.5	6.62	4.59	0	1,645	91	15.12	5.5	17.6	0.0	0.0	86.51	0	1.2758	1.8828	730	733.94	1,300.00	
1105809	43	739.0	774.2	602.7	774.2	430.8	6.94	4.59	0	1,648	91	15.69	5.5	17.3	0.0	0.0	87.52	0	1.2758	1.8758	730	733.63	1,319.22	
1106366	43	739.0	774.8	602.8	774.8	430.8	6.94	4.59	0	1,669	92	16.25	5.5	17.3	0.0	0.0	88.27	0	1.2758	1.8758	730	733.44	1,331.64	
1106894	43	739.1	775.5	603.3	775.5	431.5	7.12	4.59	0	1,659	93	16.75	5.5	17.3	0.0	0.0	86.98	0	1.2758	1.8758	730	733.23	1,183.67	
1107457	43	739.4	776.5	603.8	776.5	431.5	1.75	4.59	0	1,625	93	3.25	5.5	17.3	0.0	0.0	20.81	0	1.2758	1.8891	730	733.05	1,040.78	
1107974	42	739.4	777.5	604.1	777.5	431.5	0.69	4.59	0	1,623	92	1.38	5.5	17.3	0.0	0.0	12.42	0	1.2758	1.8820	730	732.93	987.27	
1108493	42	739.3	778.5	605.0	778.5	431.5	1.75	4.59	0	1,570	91	0.81	5.5	17.3	0.0	0.0	15.84	0	1.2758	1.8820	730	732.83	973.36	
1109087	42	739.3	779.2	605.2	779.2	431.5	0.38	4.59	0	1,599	90	1.12	5.5	17.3	0.0	0.0	13.48	0	1.2758	1.8820	730	732.74	967.03	
1109618	42	739.3	779.5	605.2	779.5	431.2	2.62	4.59	0	1,642	90	2.75	5.5	17.3	0.0	0.0	47.79	0	1.2758	1.8820	730	732.65	988.12	
1110160	43	739.0	778.8	605.2	778.8	431.2	1.56	4.59	0	1,595	90	1.94	5.5	17.3	0.0	0.0	18.54	0	1.2758	1.8750	730	732.53	978.91	
1110728	43	738.8	778.2	604.8	778.2	431.2	1.06	4.59	0	1,555	89	1.12	5.5	17.3	0.0	0.0	10.97	0	1.2758	1.8750	730	732.44	967.50	
1111340	43	738.5	777.8	604.6	778.2	431.5	0.19	4.59	0	1,526	89	1.12	5.5	17.3	0.0	0.0	18.66	0	1.2758	1.8750	730	732.34	967.03	
1111862	43	738.4	776.8	603.8	776.5	431.2	1.06	4.59	0	1,564	88	1.62	5.5	17.3	0.0	0.0	38.51	0	1.2758	1.8750	730	732.34	959.06	
1112424	44	738.0	774.8	602.8	774.8	431.2	4.00	4.59	0	1,609	88	7.56	5.5	17.3	0.0	0.0	62.06	0	1.2758	1.8672	730	732.25	1,037.81	
1112976	44	737.3	773.8	602.1	773.2	430.5	7.50	4.59	0	1,766	88	16.75	5.5	17.3	0.0	0.0	98.34	0	1.2758	1.8813	730	732.04	1,253.59	
1113531	44	736.6	772.2	601.1	771.8	430.5	12.00	4.59	0	1,879	89	25.38	5.5	17.3	0.0	0.0	102.82	0	1.2758	1.8813	730	731.85	1,337.66	
1114048	44	736.0	770.8	601.0	771.2	430.5	12.88	4.59	0	1,939	90	29.19	5.5	17.3	0.0	0.0	109.08	0	1.2758	1.8672	730	731.64	1,441.80	
1114554	44	735.6	770.8	600.5	770.8	430.8	12.88	4.59	0	1,918	92	27.56	5.5	17.3	0.0	0.0	99.54	0	1.2758	1.8750	730	731.33	1,362.97	
1115130	43	735.5	770.8	600.8	770.8	430.8	12.19	4.59	0	1,952	92	27.31	5.5	17.3	0.0	0.0	102.66	0	1.2758	1.8680	730	730.94	1,398.98	
1115716	43	735.7	771.8	601.3	771.8	431.2	12.88	4.59	0	1,980	93	28.94	5.5	17.3	0.0	0.0	103.57	0	1.2758	1.8680	730	730.63	1,397.50	
1116249	43	736.1	772.5	601.6	772.8	431.2	13.06	4.59	0	1,994	95	28.12	5.5	17.3	0.0	0.0	103.05	0	1.2758	1.8758	730	730.44	1,393.28	
1116832	43	736.9	774.5	602.8	774.5	431.5	12.88	4.59	0	1,989	95	23.00	5.5	17.3	0.0	0.0	42.30	0	1.2758	1.8695	730	730.14	1,084.45	
1117359	42	737.5	776.2	603.6	776.2	431.5	1.75	4.59	0	1,995	95	1.62	5.5	17.6	0.0	0.0	15.49	0	1.2758	1.8828	730	730.05	991.72	
1117874	41	737.8	777.5	604.5	777.5	431.5	1.06	4.59	0	1,977	94	-0.19	5.5	17.3	0.0	0.0	10.43	0	1.2758	1.8758	730	729.93	968.28	
1118442	41	738.1	779.5	605.5	779.2	431.8	1.44	4.59	0	1,958	94	0.56	5.5	17.3	0.0	0.0	17.37	0	1.2758	1.8758	730	729.93	969.14	
1119027	42	738.4	780.5	606.0	780.2	432.2	1.06	4.59	0	1,849	93	1.12	5.5	17.3	0.0	0.0	17.67	0	1.2758	1.8695	725	729.83	976.17	
1119662	42	738.6	780.5	606.1	780.8	432.2	0.56	4.59	0	1,656	92	1.38	5.5	17.3	0.0	0.0	17.18	0	1.2758	1.8695	725	729.74	978.05	
1120211	43	738.9	780.5	606.5	779.8	432.2	0.38	4.59	0	1,609	91	1.38	5.5	17.3	0.0	0.0	17.13	0	1.2758	1.8766	725	729.65	978.44	
1120762	43	739.1	779.5	605.8	779.5	432.5	0.56	4.59	0	1,587	90	1.38	5.5	17.3	0.0	0.0	17.09	0	1.2758	1.8766	725	729.53	978.36	
1121355	43	739.3	778.5	605.3	778.2	432.2	0.56	4.59	0	1,576	89	1.38	5.5	17.3	0.0	0.0	17.32	0	1.2758	1.8633	725	729.44	978.05	
1121885	44	739.4	777.2	604.5	776.8	431.5	0.69	4.59	0	1,564	89	1.12	5.5	17.3	0.0	0.0	17.37	0	1.2758	1.8633	725	729.44	978.05	
1122399	44	739.6	775.2	603.6	774.8	431.8	0.38	4.59	0	1,553	88	1.38	5.5	17.3	0.0	0.0	17.41	0	1.2758	1.8633	725	729.34	977.97	
1122949	44	739.7	773.5	602.6	773.5	431.5	0.38	4.59	0	1,540	87	1.38	5.5	17.3	0.0	0.0	17.46	0	1.2758	1.8633	725	729.34	977.34	
1123457	44	739.8	771.5	601.5	771.5	431.5	0.56	4.59	0	1,530	87	1.12	5.5	17.3	0.0	0.0	17.77	0	1.2758	1.8633	725	729.25	977.66	
1124015	45	739.9	769.5	600.3	769.2	430.8	0.56	4.59	0	1,518	86	1.38	5.5	17.3	0.0	0.0	17.88	0	1.2758	1.8766	725	729.25	977.19	
1124539	45	740.0	767.2	599.2	767.2	431.2	0.38	4.59	0	1,508	86	1.12	5.5	17.3	0.0	0.0	17.86	0	1.2758	1.8695	725	729.25	976.64	
1125099	45	740.1	764.5	597.8	764.5	430.5	0.56	4.59	0	1,493	85	1.12	5.5	17.3	0.0	0.0	18.05	0	1.2758	1.8695	725	729.25	976.80	
1125667	45	740.1	761.8	596.5	761.8	430.5	0.56	4.59	0	1,487	84	1.12	5.5	16.9	0.0	0.0	17.93	0	1.2758	1.8617	725	729.25	977.03	
1126172	45	740.2	759.8	595.2	759.5	430.5	0.56	4.59	0	1,474	84	1.12	5.5	16.9	0.0	0.0	18.19	0	1.2758	1.8617	725	729.34	976.80	
1126721	46	740.2	757.5	593.8	757.2	429.8	0.56	4.59	0	1,458	83	1.12	5.5	17.3	0.0	0.0	18.30	0	1.2758	1.8680	725	729.34	976.48	
1127243	46	740.2	754.5	592.0	754.5	429.8	0.56	4.59	0	1,458	83	1.12	5.5	16.9	0.0	0.0	18.30	0	1.2758	1.8609	725	729.44	976.41	
1127818	46	740.2	752.2	590.6	751.8	429.5	0.56	4.59	0	1,442	82	1.12	5.5	16.9	0.0	0.0	18.54	0	1.2758	1.8609	725	729.53	976.48	
1128483	46	740.2	749.2	589.3	749.2	429.2	0.56	4.59	0	1,435	81	1.12	5.5	16.9	0.0	0.0	18.66	0	1.2758	1.8609	725	729.65	976.41	
1129007	46	740.1	746.5	587.8	746.5	428.5	0.56	4.59	0	1,422	81	1.12	5.5	16.9	0.0	0.0	18.56	0	1.2758	1.8609	725	729.65	976.02	
1129514	46	740.1	743.5	586.0	743.8	428.2	0.69	4.59	0	1,410	80	1.12	5.5	16.9	0.0	0.0	18.80	0	1.2758	1.8609	725	729.74	975.55	
1130058	46	740.0	741.5	584.6	741.5	427.8	0.56	4.59	0	1,406	80	1.12	5.5	16.9	0.0	0.0	18.84	0	1.2758	1.8609	725	729.74	975.94	
1130566	47	739.9	739.2	583.6	738.8	427.5	0.69	4.59	0	1,395	79	1.12	5.5	16.9	0.0	0.0	19.01	0	1.2758	1.8609	725	729.83	975.47	
1131096	47	739.8	736.8	582.2	736.5	427.2	0.69	4.59	0	1,389	79	1.12	5.5	16.9	0.0	0.0	19.05	0	1.2758	1.8609	725	729.83	976.09	
1131637	47	739.7	733.8	580.5	733.5	427.2	0.69	4.59	0	1,380	78	1.12	5.5	16.9	0.0	0.0	19.17	0	1.2758	1.8609	730	729.93	975.62	
1132207	47	739.5	731.2	579.0	730.8	426.2	0.69	4.59	0	1,368	78	1.12	5.5	16.9	0.0	0.0	13.20	0	1.2758	1.8609	730	729.93	973.91	
1132751	47	739.4	729.2	577.8	728.8	425.8	2.44	4.59	0	1,457	77	2.19	5.5	16.9	0.0	0.0	42.91	0	1.2758	1.8609	730	730.05	969.77	
1133306	47	739.0	726.8	576.6	726.5	425.5	3.00	4.59	0	1,440	78	5.69	5.5	16.9	0.0	0.0	64.66	0	1.2758	1.8609	730	730.05	1,008.59	
1133864	47	738.3	724.2	575.1	724.2	425.5	2.44	4.59	0	1,368	78	4.88	5.5	16.9	0.0	0.0	29.67	0	1.2758	1.8609	730	730.05	1,015.62	
1134381	47	737.7	722.5	574.0	722.5	424.8	1.06	4.59	0	1,417	78	1.38	5.5	16.9	0.0	0.0	14.53	0	1.2758	1.8609	730	730.05	982.50	
1134894	46	737.0	721.5	573.1	721.2	424.2	0.69	4.59	0	1,338	78	0.56	5.5	16.9	0.0	0.0	14.30	0	1.2758	1.8609	730	730.05	969.30	
1135419	46	736.5	720.2	572.1	720.2	424.2	0.69	4.59	0	1,364	77	1.12	5.5	16.9	0.0	0.0	18.49	0	1.2758	1.8609	730	730.05	967.11	
1135983	46	736.0	718.5	571.0	718.5	423.8	0.69	4.59	0	1,359	77	1.12	5.5	16.9	0.0	0.0	18.77	0	1.2758	1.8609	730	730.05	972.03	
1136527	46	735.6	716.8	570.3	716.5	423.5	0.69	4.59	0	1,340	76	1.12	5.5	16.9	0.0	0.0	18.94	0	1.2758	1.8609	730	730.05	972.58	
1137141	47	735.2	715.8	569.5	715.8	422.8	0.69	4.59	0	1,338	76	0.81	5.5	16.9	0.0	0.0	18.89	0	1.2758	1.8609	730	730.05	973.67	
1137656	47	734.9	714.2	568.5	713.8	422.5	0.69	4.59	0	1,326	75	1.12	5.5	16.9	0.0	0.0	18.77	0	1.2758	1.8609	730	730.05	974.30	
1138242	47	734.6	711.8	567.3	711.8	421.8	0.88	4.59	0	1,324	75	1.12	5.5	16.9	0.0	0.0	18.68	0	1.2758	1.8609	730	730.05	973.28	
1138783	47	734.4	710.5	566.3	710.2	421.8	0.88	4.59	0	1,306	74	0.81	5.5	16.9	0.0	0.0	18.75	0	1.2758	1.8609	730	730.05	973.91	
1139299	47	734.2	708.8	565.3	708.5	421.2	0.88	4.59	0	1,300	74	0.81	5.5	16.9	0.0	0.0	18.56	0	1.2758	1.8609	730	730.05	973.98	
1139844	47	734.0	707.2	564.0	706.8	420.8	0.88	4.59	0	1,287	73	0.81	5.5	16.9	0.0	0.0	18.91	0	1.2758	1.8609	730	730.05	973.44	
1140364	47	733.9	705.5	563.1	705.2	420.5	0.88	4.59	0	1,253	70	0.81	5.5	16.9	0.0	0.0	18.63	0	1.2758	1.8609	730	730.05	972.42	
1140907	47	733.7	703.5	562.1	703.2	419.8	0.88	4.59	0	1,366	68	0.81	5.5	16.9	0.0	0.0	12.05	0	1.2758	1.8609	730	729.93	969.61	
1141522	47	733.6	701.2	560.8	701.2	419.5	0.69	4.59	0	1,333	65	0.81	5.5	16.9	0.0	0.0	18.09	0	1.2758	1.8609	730	729.93	970.62	
1142100	47	733.4	699.5	559.7	699.2	418.8	0.69	4.59	0	1,317	62	0.81	5.5	16.9	0.0	0.0	18.75	0	1.2758	1.8609	725	729.83	971.72	
1142622	47	733.3	697.8	558.1	697.8	418.5	1.06	4.59	0	1,267	60	0.81	5.5	16.9	0.0	0.0	18.66	0	1.2758	1.8609	725	729.74	971.72	
1143174	48	733.2	695.8	557.0	695.8	417.5	1.25	4.59	0	1,213	58	0.81	5.5	16.9	0.0	0.0	18.54	0	1.2758	1.8609	725	729.65	971.80	
1143746	48	733.1	694.2	556.0	693.8	417.2	1.25	4.59	0	1,201	57	0.56	5.5	16.9	0.0	0.0	18.73	0	1.2758	1.8609	725	729.53	970.86	
1144332	48	733.0	692.5	555.0	692.2	417.2	1.25	4.59	0	1,186	57	0.56	5.5	16.9	0.0	0.0	18.70	0	1.2758	1.8609	725	729.44	970.62	
1144860	48	732.8	690.8	553.5	690.5	416.2	1.25	4.59	0	1,182	56	0.56	5.5	16.9	0.0	0.0	18.66	0	1.2758	1.8609	725	729.34	970.62	
1145553	48	732.7	688.5	552.3	688.5	415.5	1.25	4.59	0	1,147	54	0.56	5.5	16.9	0.0	0.0	18.38	0	1.2758	1.8609	725	729.25	969.92	
1146143	48	732.6	686.8	551.2	686.5	415.2	1.44	4.59	0	1,113	53	0.56	5.5	16.9	0.0	0.0	18.59	0	1.2758	1.8609	725	729.04	969.30	
1146710	48	732.5	684.8	549.5	684.5	414.5	1.44	4.59	0	1,295	51	0.56	5.5	16.9	0.0	0.0	11.16	0	1.2758	1.8609	725	728.94	966.56	
1147226	48	732.4	683.5	548.7	683.2	413.8	1.06	4.59	0	1,280	51	0.56	5.5	16.9	0.0	0.0	18.38	0	1.2758	1.8609	725	728.73	968.20	
1147740	48	732.2	681.5	547.5	681.8	413.2	1.06	4.59	0	1,301	51	0.81	5.5	16.9	0.0	0.0	19.12	0	1.2758	1.8609	725	728.64	969.92	
1148255	48	732.1	679.8	546.5	679.8	412.8	1.06	4.59	0	1,288	50	0.81	5.5	16.9	0.0	0.0	19.24	0	1.2758	1.8609	725	728.55	971.33	
1148777	48	732.0	678.2	545.5	678.2	411.8	1.06	4.59	0	1,272	50	0.81	5.5	16.9	0.0	0.0	19.24	0	1.2758	1.8609	725	728.33	971.41	
1149294	48	731.9	676.8	544.5	676.8	411.8	1.06	4.59	0	1,267	49	0.81	5.5	16.9	0.0	0.0	19.10	0	1.2758	1.8609	725	728.24	972.03	
1149812	48	731.8	675.8	543.6	675.5	411.5	1.06	4.59	0	1,251	49	0.81	5.5	16.9	0.0	0.0	19.20	0	1.2758	1.8609	725	728.03	972.42	
1150343	48	731.7	673.8	542.5	674.5	410.8	1.25	4.59	0	1,241	48	0.81	5.5	16.9	0.0	0.0	19.31	0	1.2758	1.8609	725	727.94	972.19	
1150886	48	731.6	672.5	541.3	672.8	410.5	1.06	4.59	0	1,232	48	0.81	5.5	16.9	0.0	0.0	19.43	0	1.2758	1.8609	725	727.75	971.72	
1151419	48	731.4	671.2	540.6	671.2	409.5	1.25	4.59	0	1,216	47	0.81	5.5	16.9	0.0	0.0	19.12	0	1.2758	1.8609	725	727.63	971.72	
1151967	48	731.3	669.8	539.7	669.8	409.2	1.25	4.59	0	1,205	47	0.56	5.5	16.9	0.0	0.0	19.43	0	1.2758	1.8609	725	727.44	971.17	
1152480	48	731.2	668.2	539.0	668.2	408.5	1.06	4.59	0	1,192	46	0.56	5.5	16.9	0.0	0.0	19.48	0	1.2758	1.8609	725	727.23	970.86	
1152995	48	731.1	666.8	537.8	666.5	407.8	1.25	4.59	0	1,182	46	0.56	5.5	16.9	0.0	0.0	19.20	0	1.2758	1.8609	725	727.14	970.70	
1153556	48	730.9	665.5	537.0	665.5	407.5	1.25	4.59	0	1,167	45	0.56	5.5	16.9	0.0	0.0	19.22	0	1.2758	1.8609	725	726.93	970.62	
1154161	48	730.8	664.5	535.8	663.8	406.8	1.44	4.59	0	1,157	45	0.56	5.5	16.9	0.0	0.0	19.24	0	1.2758	1.8609	725	726.74	970.00	
1154709	49	730.6	663.2	534.8	663.2	406.2	1.25	4.59	0	1,140	44	0.56	5.5	16.9	0.0	0.0	18.96	0	1.2758	1.8609	725	726.53	969.92	
1155217	49	730.4	661.5	533.8	661.5	405.8	1.44	4.59	0	1,125	44	0.56	5.5	16.9	0.0	0.0	18.91	0	1.2758	1.8609	725	726.34	969.22	
1155817	49	730.3	660.5	532.7	660.5	405.2	1.44	4.59	0	1,111	43	0.56	5.5	16.9	0.0	0.0	18.84	0	1.2758	1.8609	725	726.13	968.91	
1156346	49	730.1	659.2	532.1	659.2	404.5	1.56	4.59	0	1,136	41	0.81	5.5	16.9	0.0	0.0	14.23	0	1.2758	1.8609	725	726.04	967.58	
1156900	49	729.8	657.5	531.3	657.8	404.2	1.25	4.59	0	1,233	37	0.31	5.5	16.9	0.0	0.0	17.11	0	1.2758	1.8609	725	725.85	967.11	
1157433	49	729.6	656.5	530.1	656.5	403.5	1.44	4.59	0	1,122	32	0.56	5.5	16.9	0.0	0.0	19.95	0	1.2758	1.8609	725	725.64	968.36	
1157950	49	729.4	655.2	529.3	655.2	403.2	1.56	4.59	0	1,029	28	0.31	5.5	16.9	0.0	0.0	11.81	0	1.2758	1.8609	725	725.43	964.14	
1158482	49	729.2	654.2	528.6	654.2	402.5	1.75	4.59	0	1,066	26	0.31	5.5	16.9	0.0	0.0	11.98	0	1.2758	1.8609	725	725.33	961.72	
1158998	49	729.0	653.2	527.8	653.2	401.8	1.56	4.59	0	1,194	24	0.56	5.5	16.9	0.0	0.0	12.19	0	1.2758	1.8609	725	725.15	960.70	
1159629	49	728.6	652.2	526.8	651.5	401.5	1.56	4.59	0	1,146	23	0.56	5.5	16.9	0.0	0.0	12.54	0	1.2758	1.8609	725	724.94	959.53	
1160153	49	728.3	650.5	525.6	650.5	400.8	1.44	4.59	0	1,107	22	0.31	5.5	16.9	0.0	0.0	12.56	0	1.2758	1.8609	720	724.75	959.14	
1160698	49	728.0	650.2	525.3	649.5	400.8	1.44	4.59	0	1,092	22	0.56	5.5	16.9	0.0	0.0	12.70	0	1.2758	1.8609	720	724.63	958.75	
1161237	49	727.7	648.8	524.3	648.5	399.5	1.56	4.59	0	963	21	0.31	5.5	16.9	0.0	0.0	13.20	0	1.2758	1.8609	720	724.44	957.34	
1161761	49	727.3	647.5	523.5	647.2	399.2	1.75	4.59	0	870	19	0.31	5.5	16.9	0.0	0.0	19.38	0	1.2758	1.8609	720	724.23	957.42	
1162294	49	726.9	646.5	522.6	646.5	398.8	1.56	4.59	0	954	18	0.31	5.5	16.9	0.0	0.0	15.98	0	1.2758	1.8609	720	724.05	957.19	
1162958	49	726.5	645.2	521.6	644.8	398.5	1.75	4.59	0	931	16	0.31	5.5	16.9	0.0	0.0	18.26	0	1.2758	1.8609	720	723.93	957.03	
1163489	49	726.1	644.2	520.8	644.2	397.5	1.75	4.59	0	959	15	0.31	5.5	16.9	0.0	0.0	18.21	0	1.2758	1.8609	720	723.74	957.34	
1164053	49	725.5	642.8	520.0	642.8	396.8	1.56	4.59	0	965	15	0.31	5.5	16.9	0.0	0.0	17.32	0	1.2758	1.8609	720	723.53	952.19	
1164580	49	725.0	641.8	519.1	641.5	396.8	2.62	4.59	0	1,252	15	1.94	5.5	16.9	0.0	0.0	43.97	0	1.2758	1.8609	720	723.44	956.33	
1165115	49	724.2	640.8	518.6	640.8	396.5	3.12	4.59	0	1,492	16	5.12	5.5	16.9	0.0	0.0	55.31	0	1.2758	1.8609	720	723.13	998.20	
1165652	49	723.1	639.8	518.2	640.2	395.8	3.50	4.59	0	1,547	18	5.94	5.5	16.9	0.0	0.0	58.20	0	1.2758	1.8609	720	723.04	1,045.39	
1166212	49	721.3	640.2	517.5	639.8	395.5	3.31	4.59	0	1,593	21	5.94	5.5	16.9	0.0	0.0	49.03	0	1.2758	1.8609	720	722.85	1,063.20	
1166761	48	719.4	640.2	517.7	640.2	395.2	3.31	4.59	0	1,746	23	4.06	5.5	16.9	0.0	0.0	39.05	0	1.2758	1.8539	720	722.64	1,048.12	
1167334	48	717.5	640.8	517.6	640.8	394.5	3.31	4.59	0	1,873	24	3.50	5.5	17.3	0.0	0.0	44.18	0	1.2758	1.8672	720	722.33	1,047.11	
1167908	47	715.1	641.8	518.5	642.2	394.5	3.00	4.59	0	1,406	25	5.44	5.5	16.9	0.0	0.0	57.05	0	1.2758	1.8602	720	722.03	1,058.83	
1168489	47	712.6	643.5	518.8	643.8	394.2	3.31	4.59	0	1,391	27	7.31	5.5	16.9	0.0	0.0	59.65	0	1.2758	1.8602	720	721.75	1,034.22	
1169017	47	710.4	645.5	519.5	645.5	394.2	3.50	4.59	0	1,472	28	7.56	5.5	16.9	0.0	0.0	62.62	0	1.2758	1.8523	720	721.23	1,034.45	
1169549	47	708.0	646.8	520.3	647.2	393.8	3.31	4.59	0	1,491	30	5.94	5.5	16.9	0.0	0.0	48.56	0	1.2758	1.8523	720	720.83	1,067.27	
1170088	47	705.5	648.8	521.3	649.2	393.5	1.94	4.59	0	1,494	31	2.44	5.5	17.3	0.0	0.0	24.00	0	1.2758	1.8586	720	720.44	999.92	
1170611	46	703.7	651.2	522.3	651.5	393.5	1.94	4.59	0	1,028	31	0.56	5.5	16.9	0.0	0.0	13.24	0	1.2758	1.8586	720	720.04	975.55	
1171217	46	702.2	653.5	523.5	653.5	393.2	1.75	4.59	0	1,029	30	0.56	5.5	16.9	0.0	0.0	12.61	0	1.2758	1.8516	715	719.73	965.23	
1171730	46	700.7	654.8	524.2	655.2	392.8	1.56	4.59	0	1,009	30	0.31	5.5	16.9	0.0	0.0	13.43	0	1.2758	1.8656	715	719.33	960.55	
1172242	46	699.5	656.8	524.5	656.8	392.8	1.44	4.59	0	1,001	29	0.31	5.5	17.3	0.0	0.0	12.49	0	1.2758	1.8656	715	719.03	960.70	
1172755	46	698.2	658.5	525.3	658.2	392.5	1.56	4.59	0	965	29	0.31	5.5	17.3	0.0	0.0	12.80	0	1.2758	1.8656	715	718.75	959.61	
1173288	46	697.1	659.2	525.8	658.8	392.5	1.56	4.59	0	961	28	0.31	5.5	17.3	0.0	0.0	12.68	0	1.2758	1.8656	715	718.54	958.59	
1173802	46	696.1	659.5	525.8	659.5	392.2	0.69	4.59	0	948	28	0.31	5.5	17.3	0.0	0.0	12.91	0	1.2758	1.8656	715	718.23	958.05	
1174392	46	695.1	659.8	526.0	659.5	392.2	1.56	4.59	0	930	27	0.31	5.5	17.3	0.0	0.0	12.40	0	1.2758	1.8656	715	717.93	957.58	
1174966	46	694.2	659.8	526.0	659.5	391.8	2.44	4.59	0	848	25	0.31	5.5	17.3	0.0	0.0	12.26	0	1.2758	1.8656	715	717.65	957.11	
1175534	47	693.3	659.5	525.6	659.5	391.5	1.94	4.59	0	824	22	0.31	5.5	17.3	0.0	0.0	21.52	0	1.2758	1.8656	715	717.44	956.33	
1176086	47	692.4	659.2	525.3	659.2	391.5	1.75	4.59	0	969	22	0.56	5.5	17.3	0.0	0.0	18.45	0	1.2758	1.8656	715	717.13	957.50	
1176646	47	691.6	658.5	524.8	658.5	391.2	1.56	4.59	0	979	22	0.31	5.5	17.3	0.0	0.0	17.72	0	1.2758	1.8656	715	716.94	957.19	
1177182	47	690.8	657.8	524.6	658.2	390.8	1.75	4.59	0	957	21	0.31	5.5	17.3	0.0	0.0	19.27	0	1.2758	1.8656	715	716.64	957.11	
1177784	47	689.9	657.2	523.8	657.2	390.8	1.75	4.59	0	1,010	21	0.31	5.5	17.3	0.0	0.0	17.37	0	1.2758	1.8656	715	716.43	957.81	
1178302	47	689.2	656.5	523.6	656.5	390.5	1.56	4.59	0	988	21	0.31	5.5	17.3	0.0	0.0	18.19	0	1.2758	1.8656	715	716.15	948.75	
1178859	47	688.3	655.8	523.1	655.5	390.8	3.00	4.59	0	1,369	21	3.50	5.5	17.3	0.0	0.0	47.79	0	1.2758	1.8656	715	715.84	967.11	
1179409	47	687.1	654.8	522.6	655.2	390.5	3.69	4.59	0	1,696	22	5.69	5.5	17.3	0.0	0.0	52.66	0	1.2758	1.8656	715	715.35	1,024.61	
1180047	47	685.6	654.5	522.3	654.2	390.2	4.19	4.59	0	1,861	23	5.94	5.5	17.3	0.0	0.0	51.66	0	1.2758	1.8578	710	714.74	1,070.94	
1180615	47	683.8	654.5	522.5	654.5	389.8	4.56	4.59	0	1,984	26	6.50	5.5	16.9	0.0	0.0	48.89	0	1.2758	1.8578	710	714.04	1,059.45	
1181127	47	681.6	655.2	522.5	655.5	390.2	2.81	4.59	0	1,591	27	7.88	5.5	16.9	0.0	0.0	48.63	0	1.2758	1.8578	710	713.33	1,035.47	
1181694	47	679.3	656.5	522.8	656.5	389.8	3.12	4.59	0	1,526	28	5.94	5.5	16.9	0.0	0.0	56.93	0	1.2758	1.8500	710	712.35	1,061.33	
1182213	47	677.3	657.5	523.6	657.2	390.2	3.69	4.59	0	1,559	30	8.12	5.5	16.9	0.0	0.0	59.37	0	1.2758	1.8500	710	711.53	1,038.44	
1182724	47	675.2	658.8	524.3	659.2	389.8	4.00	4.59	0	1,623	31	8.94	5.5	16.9	0.0	0.0	60.59	0	1.2758	1.8500	710	710.55	1,029.92	
1183243	47	672.9	660.8	525.5	661.2	390.2	3.00	4.59	0	1,624	33	4.88	5.5	16.5	0.0	0.0	39.87	0	1.2758	1.8430	705	709.63	1,048.12	
1183758	47	671.0	663.2	526.5	663.5	390.2	2.12	4.59	0	1,494	33	3.25	5.5	16.5	0.0	0.0	40.22	0	1.2758	1.8570	705	708.65	1,031.41	
1184274	46	669.3	664.5	527.5	664.8	390.8	2.44	4.59	0	1,349	33	3.50	5.5	16.9	0.0	0.0	49.03	0	1.2758	1.8492	705	707.73	1,025.62	
1184840	46	667.4	666.8	528.6	666.8	390.5	2.62	4.59	0	1,293	34	4.06	5.5	16.9	0.0	0.0	51.14	0	1.2758	1.8414	705	706.63	1,032.19	
1185382	46	665.6	668.8	529.5	669.2	390.5	2.44	4.59	0	1,263	35	3.50	5.5	16.9	0.0	0.0	53.79	0	1.2758	1.8555	705	705.65	1,020.08	
1185901	46	663.8	670.8	530.5	670.8	390.5	3.50	4.59	0	1,308	36	6.50	5.5	16.9	0.0	0.0	64.31	0	1.2758	1.8555	700	704.43	1,037.66	
1186431	46	662.2	672.8	531.6	672.8	390.5	1.94	4.59	0	1,246	37	2.44	5.5	16.9	0.0	0.0	24.98	0	1.2758	1.8555	700	703.54	1,002.50	
1186952	46	660.8	674.8	532.6	675.2	390.8	1.44	4.59	0	1,244	37	0.81	5.5	16.9	0.0	0.0	15.66	0	1.2758	1.8555	700	702.74	975.78	
1187486	46	659.7	676.5	533.5	676.5	391.2	1.56	4.59	0	1,225	36	0.81	5.5	16.9	0.0	0.0	11.81	0	1.2758	1.8555	700	702.04	966.48	
1188043	46	658.7	677.8	534.3	677.8	391.2	1.06	4.59	0	1,206	36	0.81	5.5	16.9	0.0	0.0	14.67	0	1.2758	1.8555	700	701.24	961.48	
1188657	46	657.7	679.2	535.2	679.5	390.8	2.25	4.59	0	1,275	36	1.62	5.5	16.9	0.0	0.0	45.87	0	1.2758	1.8555	700	700.35	966.48	
1189225	47	656.5	680.2	535.8	680.8	391.5	2.81	4.59	0	1,309	36	4.06	5.5	16.9	0.0	0.0	57.38	0	1.2758	1.8555	695	699.25	1,000.78	
1189806	47	654.9	681.2	536.1	681.2	391.5	3.00	4.59	0	1,279	37	4.31	5.5	16.9	0.0	0.0	60.23	0	1.2758	1.8555	695	698.15	1,025.39	
1190335	47	653.6	681.5	536.3	681.8	391.5	3.50	4.59	0	1,396	39	7.31	5.5	16.9	0.0	0.0	65.48	0	1.2758	1.8555	695	697.14	1,028.52	
1190914	47	652.1	682.5	537.1	682.8	391.5	3.12	4.59	0	1,351	40	5.69	5.5	16.9	0.0	0.0	53.25	0	1.2758	1.8555	695	695.85	1,057.50	
1191524	47	650.6	683.5	537.6	683.8	392.5	1.94	4.59	0	1,318	40	1.94	5.5	16.9	0.0	0.0	19.90	0	1.2758	1.8555	690	694.75	996.25	
1192068	46	649.6	684.8	538.3	684.8	392.2	1.56	4.59	0	1,025	40	0.56	5.5	16.9	0.0	0.0	13.12	0	1.2758	1.8555	690	694.05	972.89	
1192603	46	648.7	685.5	538.8	685.5	391.8	1.94	4.59	0	909	40	0.31	5.5	16.9	0.0	0.0	39.23	0	1.2758	1.8555	690	693.13	957.81	
1193150	46	647.7	686.2	539.3	686.5	392.5	3.12	4.59	0	1,173	40	4.31	5.5	16.9	0.0	0.0	69.84	0	1.2758	1.8555	690	692.24	1,000.08	
1193711	47	646.6	686.8	539.6	686.5	392.2	3.12	4.59	0	1,069	41	4.88	5.5	16.9	0.0	0.0	82.01	0	1.2758	1.8555	690	691.05	1,052.73	
1194243	47	645.6	687.5	540.0	687.5	392.5	4.00	4.59	0	1,152	42	7.88	5.5	16.9	0.0	0.0	89.32	0	1.2758	1.8555	690	689.94	1,134.77	
1194794	47	645.0	687.8	540.1	687.8	392.8	4.56	4.59	0	1,146	43	9.19	5.5	16.9	0.0	0.0	96.12	0	1.2758	1.8555	685	688.75	1,198.91	
1195261	47	644.6	688.5	540.7	688.5	393.2	5.06	4.59	0	1,182	44	10.81	5.5	16.9	0.0	0.0	99.66	0	1.2758	1.8555	685	687.44	1,250.55	
1195828	47	644.3	689.2	541.5	689.5	393.8	5.38	4.59	0	1,230	45	13.00	5.5	16.9	0.0	0.0	99.07	0	1.2758	1.8555	685	685.84	1,247.97	
1196350	47	644.3	690.5	541.8	690.5	393.8	5.38	4.59	0	1,265	47	13.25	5.5	16.9	0.0	0.0	98.55	0	1.2758	1.8555	680	684.44	1,235.08	
1196975	47	644.6	691.5	542.5	691.5	393.8	4.88	4.59	0	1,252	48	12.69	5.5	16.9	0.0	0.0	93.45	0	1.2758	1.8484	680	683.03	1,202.42	
1197545	46	645.3	692.8	543.1	692.8	394.5	4.88	4.59	0	1,310	49	13.25	5.5	16.9	0.0	0.0	89.34	0	1.2758	1.8484	680	681.13	1,159.92	
1198057	46	646.0	694.5	544.6	694.8	394.5	5.06	4.59	0	1,367	51	13.50	5.5	16.9	0.0	0.0	88.29	0	1.2758	1.8484	675	679.84	1,131.88	
1198667	46	647.5	696.2	545.5	696.5	395.2	5.06	4.59	0	1,389	52	13.50	5.5	16.9	0.0	0.0	85.64	0	1.2758	1.8484	675	678.34	1,118.20	
1199250	46	649.0	697.8	546.8	697.8	395.5	4.69	4.59	0	1,384	53	12.69	5.5	16.9	0.0	0.0	84.40	0	1.2758	1.8625	675	676.94	1,116.64	
1199782	46	650.4	699.5	547.5	699.5	395.5	5.38	4.59	0	1,410	54	15.12	5.5	16.9	0.0	0.0	79.92	0	1.2758	1.8547	675	675.83	1,183.44	
1200353	46	651.7	701.2	548.5	701.5	396.2	3.31	4.59	0	1,432	55	7.88	5.5	16.9	0.0	0.0	56.02	0	1.2758	1.8547	670	674.73	1,048.28	
1200903	46	652.6	702.8	549.3	702.8	396.5	4.19	4.59	0	1,504	56	7.88	5.5	16.9	0.0	0.0	73.03	0	1.2758	1.8469	670	673.63	1,104.69	
1201500	46	653.5	704.2	550.5	704.2	396.5	5.06	4.59	0	1,555	56	11.88	5.5	16.9	0.0	0.0	74.09	0	1.2758	1.8531	670	672.83	1,142.81	
1202049	46	654.2	705.5	551.2	705.5	397.5	1.75	4.59	0	1,178	57	2.75	5.5	16.9	0.0	0.0	25.50	0	1.2758	1.8531	670	672.13	1,020.47	
1202577	46	654.6	706.8	552.1	706.8	397.5	1.44	4.59	0	1,179	56	0.81	5.5	16.9	0.0	0.0	14.93	0	1.2758	1.8531	670	671.64	982.66	
1203150	45	655.0	707.5	552.6	707.5	398.2	1.44	4.59	0	1,160	56	0.31	5.5	16.9	0.0	0.0	15.70	0	1.2758	1.8531	670	671.15	960.31	
1203741	46	655.4	708.5	553.3	708.5	398.5	2.44	4.59	0	1,281	56	2.75	5.5	16.9	0.0	0.0	54.84	0	1.2758	1.8531	670	670.54	983.28	
1204271	46	655.8	708.2	553.5	708.5	398.5	1.56	4.59	0	1,173	56	1.94	5.5	16.9	0.0	0.0	24.70	0	1.2758	1.8531	670	670.05	981.41	
1204835	46	656.0	708.5	553.8	708.5	398.8	1.44	4.59	0	1,172	56	0.56	5.5	16.9	0.0	0.0	14.41	0	1.2758	1.8531	665	669.65	969.38	
1205410	46	656.3	708.2	553.8	708.2	399.5	1.94	4.59	0	1,155	55	0.31	5.5	16.9	0.0	0.0	14.09	0	1.2758	1.8531	665	669.34	963.44	
1206104	46	656.5	707.5	553.5	707.5	399.8	1.25	4.59	0	1,145	55	0.56	5.5	16.9	0.0	0.0	16.43	0	1.2758	1.8461	665	668.94	962.97	
1206671	46	656.7	706.5	553.3	706.5	399.8	1.25	4.59	0	1,133	53	0.31	5.5	16.9	0.0	0.0	16.43	0	1.2758	1.8461	665	668.64	967.11	
1207187	46	657.0	705.2	552.6	705.2	399.8	1.44	4.59	0	1,087	51	0.31	5.5	16.9	0.0	0.0	17.58	0	1.2758	1.8461	665	668.43	966.72	
1207741	46	657.2	703.8	552.0	703.5	400.2	1.44	4.59	0	1,235	48	0.56	5.5	16.9	0.0	0.0	13.48	0	1.2758	1.8523	665	668.24	965.78	
1208292	47	657.4	702.2	551.3	702.2	400.2	1.44	4.59	0	1,141	44	0.56	5.5	16.9	0.0	0.0	16.64	0	1.2758	1.8523	665	668.03	966.80	
1208815	47	657.7	700.2	550.5	700.2	400.5	1.25	4.59	0	1,096	42	0.31	5.5	16.9	0.0	0.0	16.85	0	1.2758	1.8523	665	667.84	967.34	
1209336	47	657.9	698.5	549.5	698.2	400.5	1.56	4.59	0	1,317	41	0.81	5.5	16.9	0.0	0.0	12.30	0	1.2758	1.8445	665	667.63	965.23	
1209852	47	658.1	696.8	548.6	696.5	400.5	0.88	4.59	0	1,359	41	0.56	5.5	16.9	0.0	0.0	17.04	0	1.2758	1.8445	665	667.54	967.27	
1210372	47	658.3	694.5	547.8	694.2	400.5	1.06	4.59	0	1,342	40	0.81	5.5	16.9	0.0	0.0	17.37	0	1.2758	1.8516	665	667.44	970.08	
1210894	47	658.5	692.8	547.0	692.8	400.5	0.88	4.59	0	1,350	39	0.81	5.5	16.9	0.0	0.0	17.86	0	1.2758	1.8438	665	667.23	971.72	
1211394	47	658.8	690.8	546.0	690.8	400.5	1.06	4.59	0	1,314	39	0.81	5.5	16.9	0.0	0.0	17.79	0	1.2758	1.8438	665	667.14	973.12	
1211932	47	659.1	688.8	544.6	688.8	400.5	1.06	4.59	0	1,288	38	0.81	5.5	16.9	0.0	0.0	17.67	0	1.2758	1.8438	665	667.05	973.12	
1212453	48	659.4	686.8	543.8	686.5	400.8	1.06	4.59	0	1,273	37	0.81	5.5	16.9	0.0	0.0	17.84	0	1.2758	1.8438	665	666.93	972.97	
1213006	48	659.7	684.5	542.8	684.5	400.8	1.06	4.59	0	1,246	37	0.56	5.5	16.9	0.0	0.0	17.86	0	1.2758	1.8438	665	666.83	972.66	
1213535	48	660.0	682.5	541.6	682.5	400.5	1.25	4.59	0	1,226	36	0.56	5.5	16.9	0.0	0.0	17.91	0	1.2758	1.8438	665	666.74	972.81	
1214077	48	660.3	680.5	540.6	680.5	400.2	1.25	4.59	0	1,202	35	0.56	5.5	16.9	0.0	0.0	17.84	0	1.2758	1.8438	665	666.65	971.88	
1214694	48	660.6	678.8	540.0	678.8	400.5	1.25	4.59	0	1,175	35	0.56	5.5	16.9	0.0	0.0	18.16	0	1.2758	1.8438	665	666.53	971.48	
1215240	48	660.9	676.8	538.6	676.5	400.5	1.25	4.59	0	1,142	34	0.56	5.5	16.9	0.0	0.0	18.00	0	1.2758	1.8438	665	666.53	970.47	
1215749	48	661.2	674.5	537.6	674.5	400.5	1.44	4.59	0	1,100	32	0.56	5.5	16.9	0.0	0.0	17.86	0	1.2758	1.8438	665	666.44	969.69	
1216293	48	661.5	672.5	536.5	672.5	400.2	1.44	4.59	0	1,100	31	0.56	5.5	16.9	0.0	0.0	18.00	0	1.2758	1.8438	665	666.44	969.45	
1216809	48	661.8	670.8	535.5	670.8	400.2	1.25	4.59	0	1,245	29	0.56	5.5	16.9	0.0	0.0	18.73	0	1.2758	1.8438	665	666.34	970.78	
1217329	48	662.0	668.8	534.5	668.8	399.8	1.06	4.59	0	1,363	28	0.81	5.5	16.9	0.0	0.0	18.52	0	1.2758	1.8438	665	666.25	971.88	
1217868	48	662.3	667.5	533.5	667.2	399.8	0.88	4.59	0	1,368	27	1.12	5.5	16.9	0.0	0.0	19.08	0	1.2758	1.8438	665	666.25	973.52	
1218428	49	662.5	665.2	532.6	665.5	399.8	1.06	4.59	0	1,312	26	0.81	5.5	16.9	0.0	0.0	18.96	0	1.2758	1.8438	665	666.13	974.06	
1218962	49	662.7	663.5	531.5	663.5	399.5	3.00	4.59	0	1,293	26	0.81	5.5	16.9	0.0	0.0	13.99	0	1.2758	1.8438	665	666.13	970.94	
1219527	49	662.9	661.8	530.8	661.8	399.5	1.75	4.59	0	1,346	25	1.38	5.5	16.9	0.0	0.0	36.33	0	1.2758	1.8438	665	666.04	963.36	
1220094	49	663.1	660.2	530.0	660.2	399.5	2.62	4.59	0	1,389	26	3.50	5.5	16.9	0.0	0.0	47.88	0	1.2758	1.8438	665	665.94	984.84	
1220671	49	663.0	658.5	528.8	658.5	399.2	2.81	4.59	0	1,404	28	4.06	5.5	16.9	0.0	0.0	52.71	0	1.2758	1.8438	665	665.85	1,011.25	
1221221	49	662.8	657.5	528.1	657.2	399.5	3.12	4.59	0	1,461	29	5.12	5.5	16.9	0.0	0.0	52.08	0	1.2758	1.8438	665	665.73	1,035.70	
1221783	49	662.4	656.5	527.6	656.5	399.2	3.12	4.59	0	1,546	31	5.12	5.5	16.9	0.0	0.0	49.83	0	1.2758	1.8438	665	665.73	1,048.28	
1222337	49	661.7	655.5	527.3	655.5	399.2	3.12	4.59	0	1,603	32	5.12	5.5	16.9	0.0	0.0	47.98	0	1.2758	1.8438	665	665.55	1,051.95	
1222986	48	661.0	655.2	527.2	655.5	398.8	3.00	4.59	0	1,639	33	4.06	5.5	16.9	0.0	0.0	39.19	0	1.2758	1.8438	665	665.43	1,044.22	
1223548	48	660.1	655.5	527.1	655.5	399.2	2.25	4.59	0	1,730	34	3.00	5.5	16.9	0.0	0.0	16.59	0	1.2758	1.8438	665	665.33	999.69	
1224130	48	659.4	655.2	527.3	655.5	399.2	2.25	4.59	0	1,153	33	0.81	5.5	16.9	0.0	0.0	11.95	0	1.2758	1.8438	665	665.24	974.06	
1224641	48	658.6	655.8	527.5	655.8	398.5	1.75	4.59	0	1,129	33	0.56	5.5	16.9	0.0	0.0	12.07	0	1.2758	1.8438	665	665.15	965.16	
1225150	48	658.1	655.8	527.3	655.8	398.8	1.56	4.59	0	1,112	33	0.56	5.5	16.9	0.0	0.0	12.35	0	1.2758	1.8438	665	665.03	960.78	
1225661	48	657.6	655.8	527.1	655.8	398.5	1.44	4.59	0	1,080	32	0.31	5.5	16.9	0.0	0.0	12.21	0	1.2758	1.8438	665	665.03	962.03	
1226216	48	657.1	655.8	527.1	655.5	398.5	1.94	4.59	0	1,100	32	0.81	5.5	16.9	0.0	0.0	35.06	0	1.2758	1.8438	665	664.94	954.84	
1226732	48	656.5	655.2	527.0	655.2	398.5	2.44	4.59	0	1,206	32	2.44	5.5	16.9	0.0	0.0	47.79	0	1.2758	1.8438	660	664.84	969.69	
1227245	48	655.8	654.5	526.8	654.5	398.8	2.25	4.59	0	1,192	33	3.00	5.5	16.9	0.0	0.0	27.70	0	1.2758	1.8438	660	664.75	978.98	
1227761	48	655.1	654.2	526.6	654.2	398.5	1.56	4.59	0	1,198	33	1.12	5.5	16.9	0.0	0.0	16.62	0	1.2758	1.8438	660	664.63	969.92	
1228285	48	654.5	653.5	526.3	653.8	398.5	1.44	4.59	0	1,078	32	0.31	5.5	16.9	0.0	0.0	14.13	0	1.2758	1.8438	660	664.54	964.14	
1228829	48	654.0	653.2	525.7	653.5	398.2	1.44	4.59	0	1,080	32	0.31	5.5	16.9	0.0	0.0	17.37	0	1.2758	1.8438	660	664.44	962.73	
1229347	48	653.6	652.5	525.7	652.8	398.2	1.44	4.59	0	1,060	31	0.31	5.5	16.9	0.0	0.0	17.48	0	1.2758	1.8438	660	664.35	961.56	
1229943	48	653.2	651.8	525.2	651.8	398.2	1.25	4.59	0	1,078	31	0.56	5.5	16.9	0.0	0.0	23.67	0	1.2758	1.8438	660	664.23	957.81	
1230462	48	652.9	651.5	524.5	650.8	398.2	2.44	4.59	0	1,099	31	1.94	5.5	16.9	0.0	0.0	48.42	0	1.2758	1.8438	660	664.14	964.69	
1230988	48	652.5	650.5	524.1	650.2	397.5	2.44	4.59	0	1,137	31	3.00	5.5	16.9	0.0	0.0	32.16	0	1.2758	1.8438	660	664.05	978.36	
1231594	48	651.9	649.5	523.5	649.5	397.8	1.75	4.59	0	1,080	31	0.81	5.5	16.9	0.0	0.0	16.66	0	1.2758	1.8438	660	663.93	968.44	
1232168	48	651.4	648.8	523.2	648.5	397.8	1.56	4.59	0	1,034	31	-0.19	5.5	16.9	0.0	0.0	15.96	0	1.2758	1.8438	660	663.83	962.73	
1232682	48	651.0	648.2	522.5	647.8	397.5	1.44	4.59	0	1,024	30	0.56	5.5	16.9	0.0	0.0	15.00	0	1.2758	1.8438	660	663.74	956.64	
1233189	48	650.6	647.2	522.5	647.2	397.2	2.44	4.59	0	1,093	30	1.62	5.5	16.9	0.0	0.0	51.05	0	1.2758	1.8438	660	663.65	962.66	
1233782	49	650.0	646.5	522.0	646.5	397.2	2.81	4.59	0	1,140	31	4.31	5.5	16.9	0.0	0.0	59.53	0	1.2758	1.8438	660	663.44	979.14	
1234358	49	649.2	645.5	521.3	645.5	396.8	2.62	4.59	0	1,108	32	4.06	5.5	16.9	0.0	0.0	54.19	0	1.2758	1.8438	660	663.25	986.95	
1234890	49	648.3	645.2	521.0	645.2	396.8	2.62	4.59	0	1,163	33	3.25	5.5	16.9	0.0	0.0	47.44	0	1.2758	1.8438	660	663.04	1,003.98	
1235430	48	647.4	644.5	520.5	644.5	396.8	2.44	4.59	0	1,196	34	2.75	5.5	16.9	0.0	0.0	41.48	0	1.2758	1.8438	660	662.85	1,008.12	
1235944	48	646.4	643.8	520.3	644.2	397.2	2.12	4.59	0	1,199	34	2.19	5.5	16.9	0.0	0.0	39.14	0	1.2758	1.8438	660	662.64	999.38	
1236460	48	645.4	644.2	520.0	643.8	396.8	2.25	4.59	0	1,229	35	2.19	5.5	16.9	0.0	0.0	39.63	0	1.2758	1.8438	660	662.43	994.30	
1237023	48	644.4	643.8	520.1	643.8	396.5	2.44	4.59	0	1,235	36	2.44	5.5	16.9	0.0	0.0	41.18	0	1.2758	1.8438	660	662.24	997.81	
1237588	48	643.3	644.2	520.3	643.8	396.5	1.94	4.59	0	1,218	36	1.38	5.5	16.9	0.0	0.0	18.42	0	1.2758	1.8438	660	662.03	975.00	
1238115	48	642.3	644.2	520.3	643.8	396.2	1.44	4.59	0	1,216	36	0.81	5.5	16.9	0.0	0.0	14.09	0	1.2758	1.8438	660	661.75	963.67	
1238632	48	641.5	644.5	520.3	644.5	396.2	2.12	4.59	0	1,285	36	1.62	5.5	16.9	0.0	0.0	39.61	0	1.2758	1.8438	660	661.54	964.84	
1239206	48	640.4	644.2	520.3	644.2	396.2	2.81	4.59	0	1,345	36	4.06	5.5	16.9	0.0	0.0	39.68	0	1.2758	1.8438	660	661.35	990.39	
1239750	48	639.3	644.5	520.3	644.2	396.5	1.94	4.59	0	1,287	36	1.62	5.5	16.9	0.0	0.0	16.85	0	1.2758	1.8438	660	661.14	975.62	
1240472	48	638.3	644.8	520.3	644.8	396.2	1.44	4.59	0	1,185	36	0.56	5.5	16.9	0.0	0.0	15.21	0	1.2758	1.8438	660	660.83	964.92	
1241042	48	637.4	644.5	520.3	644.5	396.2	1.06	4.59	0	1,186	35	0.56	5.5	16.9	0.0	0.0	17.44	0	1.2758	1.8438	660	660.65	963.91	
1241647	48	636.7	644.5	520.1	644.5	396.2	1.25	4.59	0	1,166	34	0.56	5.5	16.9	0.0	0.0	17.48	0	1.2758	1.8438	660	660.44	967.50	
1242253	48	636.1	644.2	520.0	644.2	395.5	1.44	4.59	0	1,132	33	0.56	5.5	16.9	0.0	0.0	17.30	0	1.2758	1.8438	660	660.13	968.36	
1242782	48	635.6	643.5	519.6	643.5	395.8	1.44	4.59	0	1,115	33	0.31	5.5	16.9	0.0	0.0	17.67	0	1.2758	1.8438	660	660.04	967.73	
1243317	48	635.1	642.8	519.3	642.8	395.8	1.56	4.59	0	1,111	32	0.56	5.5	16.9	0.0	0.0	42.54	0	1.2758	1.8438	655	659.73	959.14	
1243862	48	634.6	641.8	518.6	641.8	395.5	2.81	4.59	0	1,241	33	3.50	5.5	16.9	0.0	0.0	60.63	0	1.2758	1.8438	655	659.55	982.19	
1244405	49	633.8	641.2	518.3	641.2	395.5	2.62	4.59	0	1,179	34	4.88	5.5	16.9	0.0	0.0	63.21	0	1.2758	1.8438	655	659.15	996.88	
1244934	49	632.8	640.5	518.0	640.5	395.2	2.81	4.59	0	1,236	35	5.12	5.5	16.9	0.0	0.0	60.16	0	1.2758	1.8438	655	658.75	1,003.75	
1245501	49	631.7	639.8	517.7	639.8	395.5	3.12	4.59	0	1,269	36	5.69	5.5	16.9	0.0	0.0	61.55	0	1.2758	1.8438	655	658.35	1,001.88	
1246018	48	630.3	639.8	517.7	639.8	395.5	3.12	4.59	0	1,267	38	7.06	5.5	16.9	0.0	0.0	67.66	0	1.2758	1.8438	655	657.74	1,010.08	
1246558	48	628.9	639.5	517.5	639.2	395.2	3.31	4.59	0	1,352	39	7.88	5.5	16.9	0.0	0.0	64.29	0	1.2758	1.8438	655	657.25	1,012.03	
1247086	48	627.4	639.8	517.5	640.2	395.2	3.00	4.59	0	1,379	40	6.75	5.5	16.9	0.0	0.0	42.00	0	1.2758	1.8438	655	656.64	1,016.88	
1247702	48	625.8	639.8	517.3	640.2	395.2	1.25	4.59	0	1,357	40	1.38	5.5	16.9	0.0	0.0	17.37	0	1.2758	1.8438	655	655.94	983.28	
1248227	48	624.7	640.5	517.5	640.5	395.2	1.56	4.59	0	1,322	40	0.81	5.5	16.9	0.0	0.0	12.47	0	1.2758	1.8438	655	655.54	968.05	
1248769	47	623.6	640.8	518.0	640.8	395.2	1.94	4.59	0	1,394	40	1.38	5.5	16.9	0.0	0.0	39.63	0	1.2758	1.8438	655	655.05	962.81	
1249408	48	622.4	641.2	518.0	641.2	394.8	3.00	4.59	0	1,399	40	5.69	5.5	16.9	0.0	0.0	69.23	0	1.2758	1.8438	650	654.25	1,030.78	
1249931	48	621.1	641.5	518.0	641.2	395.2	4.19	4.59	0	1,451	41	8.94	5.5	16.9	0.0	0.0	77.98	0	1.2758	1.8438	650	653.55	1,113.83	
1250476	48	619.3	641.5	518.3	641.8	394.8	4.88	4.59	0	1,455	43	10.81	5.5	16.9	0.0	0.0	81.87	0	1.2758	1.8438	650	652.75	1,178.91	
1251034	48	618.2	642.2	518.7	642.2	395.2	3.69	4.59	0	1,520	44	9.19	5.5	16.9	0.0	0.0	55.78	0	1.2758	1.8438	650	651.74	1,061.25	
1251549	48	617.4	642.8	519.0	642.8	394.5	2.81	4.59	0	1,541	45	4.06	5.5	16.9	0.0	0.0	44.67	0	1.2758	1.8438	650	650.94	1,004.45	
1252090	47	616.6	643.5	519.1	643.8	395.2	3.69	4.59	0	1,611	46	6.50	5.5	16.9	0.0	0.0	61.27	0	1.2758	1.8438	650	650.15	1,030.86	
1252595	47	615.8	644.5	519.8	644.8	395.5	3.12	4.59	0	1,364	47	7.88	5.5	16.9	0.0	0.0	71.23	0	1.2758	1.8438	645	649.05	1,068.52	
1253102	47	614.9	645.8	520.3	646.2	395.2	4.00	4.59	0	1,328	48	8.38	5.5	16.9	0.0	0.0	76.50	0	1.2758	1.8438	645	648.13	1,116.17	
1253644	47	614.0	647.2	521.3	647.2	395.5	4.19	4.59	0	1,349	49	9.19	5.5	16.9	0.0	0.0	77.55	0	1.2758	1.8438	645	647.24	1,133.44	
1254165	47	613.3	648.5	521.8	648.2	395.5	4.19	4.59	0	1,355	50	9.50	5.5	16.9	0.0	0.0	76.76	0	1.2758	1.8438	645	646.23	1,130.47	
1254718	47	612.8	649.5	522.5	649.5	395.5	2.25	4.59	0	1,275	50	4.06	5.5	16.9	0.0	0.0	27.47	0	1.2758	1.8438	645	645.25	1,029.22	
1255258	47	612.6	651.2	523.1	651.5	395.5	1.44	4.59	0	1,300	50	1.12	5.5	16.9	0.0	0.0	14.55	0	1.2758	1.8438	640	644.55	984.30	
1255771	46	612.4	652.5	524.1	652.5	395.8	1.56	4.59	0	1,047	50	0.56	5.5	16.9	0.0	0.0	13.27	0	1.2758	1.8438	640	644.03	965.55	
1256371	46	612.1	653.5	524.8	653.8	396.2	2.81	4.59	0	1,197	50	3.00	5.5	16.9	0.0	0.0	66.23	0	1.2758	1.8438	640	643.23	980.00	
1256902	47	611.9	655.2	525.1	654.8	396.2	3.81	4.59	0	1,367	51	7.56	5.5	16.9	0.0	0.0	74.95	0	1.2758	1.8438	640	642.25	1,061.25	
1257497	47	611.6	655.5	525.8	655.2	396.2	4.19	4.59	0	1,320	51	8.38	5.5	16.9	0.0	0.0	79.62	0	1.2758	1.8438	640	641.43	1,134.22	
1258056	47	611.5	656.5	526.3	656.8	396.5	4.56	4.59	0	1,351	52	10.00	5.5	16.9	0.0	0.0	83.77	0	1.2758	1.8438	640	640.54	1,173.83	
1258564	47	611.8	657.5	527.0	657.8	396.5	2.62	4.59	0	1,386	53	6.25	5.5	16.9	0.0	0.0	35.27	0	1.2758	1.8438	635	639.74	1,051.33	
1259098	47	612.0	658.5	527.3	658.5	396.5	1.25	4.59	0	1,375	53	1.12	5.5	16.9	0.0	0.0	16.03	0	1.2758	1.8438	635	639.13	990.94	
1259636	46	612.1	659.5	528.0	659.5	396.5	1.44	4.59	0	1,323	53	0.56	5.5	16.9	0.0	0.0	10.95	0	1.2758	1.8438	635	638.64	972.11	
1260152	46	612.2	660.5	528.5	660.8	397.2	0.56	4.59	0	1,340	52	0.81	5.5	16.9	0.0	0.0	17.02	0	1.2758	1.8438	635	638.15	968.05	
1260699	46	612.4	661.5	529.3	661.8	397.2	1.25	4.59	0	1,170	51	0.56	5.5	16.9	0.0	0.0	16.55	0	1.2758	1.8438	635	637.75	970.78	
1261226	47	612.5	661.5	529.3	661.8	397.2	1.25	4.59	0	1,075	50	0.31	5.5	16.9	0.0	0.0	16.66	0	1.2758	1.8438	635	637.23	969.06	
1261824	47	612.7	661.8	529.5	661.8	397.2	1.44	4.59	0	1,055	50	0.56	5.5	16.9	0.0	0.0	16.88	0	1.2758	1.8438	635	636.83	967.66	
1262358	47	612.9	661.8	529.3	661.5	397.2	1.44	4.59	0	1,031	50	0.31	5.5	16.9	0.0	0.0	16.66	0	1.2758	1.8438	635	636.53	967.03	
1262936	47	613.2	661.2	529.1	661.2	397.2	1.44	4.59	0	1,022	49	0.56	5.5	16.9	0.0	0.0	16.66	0	1.2758	1.8438	635	636.13	966.88	
1263508	47	613.4	660.5	528.8	660.5	397.2	1.44	4.59	0	1,005	48	-0.19	5.5	16.9	0.0	0.0	18.49	0	1.2758	1.8438	635	635.85	965.08	
1264097	47	613.6	659.5	528.3	659.8	396.8	2.44	4.59	0	1,055	48	1.94	5.5	16.9	0.0	0.0	58.45	0	1.2758	1.8438	635	635.55	960.94	
1264652	48	613.8	658.5	528.0	658.5	397.2	3.31	4.59	0	1,241	48	5.69	5.5	16.9	0.0	0.0	71.70	0	1.2758	1.8438	635	635.03	1,033.75	
1265177	48	613.9	657.8	527.8	657.8	397.2	3.00	4.59	0	1,247	49	6.25	5.5	16.9	0.0	0.0	42.19	0	1.2758	1.8438	630	634.63	1,035.16	
1265739	48	613.8	657.2	527.0	657.5	397.2	1.75	4.59	0	1,269	49	1.38	5.5	16.9	0.0	0.0	18.28	0	1.2758	1.8438	630	634.23	987.19	
1266367	47	613.8	657.2	527.0	657.2	396.5	1.25	4.59	0	1,265	49	0.56	5.5	16.9	0.0	0.0	11.91	0	1.2758	1.8438	630	633.93	968.36	
1266930	47	613.7	656.5	527.0	656.8	396.8	1.06	4.59	0	1,180	48	0.31	5.5	16.9	0.0	0.0	17.11	0	1.2758	1.8438	630	633.65	964.53	
1267486	48	613.7	656.5	526.6	656.5	396.8	1.56	4.59	0	1,007	47	-0.19	5.5	16.9	0.0	0.0	16.57	0	1.2758	1.8438	630	633.44	966.48	
1267997	48	613.8	655.8	526.1	655.8	396.8	1.44	4.59	0	991	47	0.00	5.5	16.9	0.0	0.0	16.95	0	1.2758	1.8438	630	633.25	965.70	
1268518	48	613.8	655.2	525.8	654.8	396.5	1.56	4.59	0	965	46	0.00	5.5	16.9	0.0	0.0	16.92	0	1.2758	1.8438	630	633.04	965.08	
1269036	48	613.9	654.5	525.3	654.5	396.5	1.56	4.59	0	969	46	0.00	5.5	16.9	0.0	0.0	14.09	0	1.2758	1.8438	630	632.85	964.06	
1269560	48	614.0	653.5	525.0	653.5	396.2	1.56	4.59	0	1,183	45	0.56	5.5	16.9	0.0	0.0	26.46	0	1.2758	1.8438	630	632.64	957.81	
1270149	48	614.0	652.2	524.5	652.5	396.5	2.25	4.59	0	1,234	45	1.94	5.5	16.9	0.0	0.0	45.75	0	1.2758	1.8438	630	632.33	963.98	
1270684	49	614.0	651.5	523.8	651.5	396.2	2.62	4.59	0	1,216	46	3.50	5.5	16.9	0.0	0.0	57.54	0	1.2758	1.8438	630	632.15	992.27	
1271246	49	613.8	650.5	523.0	650.5	395.5	2.81	4.59	0	1,237	47	4.31	5.5	16.9	0.0	0.0	58.99	0	1.2758	1.8438	630	631.84	1,021.80	
1271794	49	613.5	649.8	522.8	650.2	395.8	2.62	4.59	0	1,253	48	5.94	5.5	16.9	0.0	0.0	59.53	0	1.2758	1.8438	630	631.54	1,013.91	
1272352	48	613.1	649.5	522.5	649.5	395.5	1.94	4.59	0	1,238	48	2.75	5.5	16.9	0.0	0.0	25.64	0	1.2758	1.8438	630	631.23	998.05	
1272887	48	612.7	649.2	522.2	649.2	395.5	1.25	4.59	0	1,239	48	0.56	5.5	16.9	0.0	0.0	16.52	0	1.2758	1.8438	630	631.05	968.05	
1273404	48	612.4	649.2	522.3	649.2	395.5	2.25	4.59	0	1,313	48	1.94	5.5	16.9	0.0	0.0	46.41	0	1.2758	1.8438	630	630.74	974.45	
1273989	48	611.9	649.5	522.5	649.8	395.2	3.00	4.59	0	1,326	48	4.62	5.5	16.9	0.0	0.0	63.61	0	1.2758	1.8438	630	630.44	1,006.25	
1274578	48	611.2	649.5	522.5	649.5	395.5	2.81	4.59	0	1,279	49	4.88	5.5	16.9	0.0	0.0	46.66	0	1.2758	1.8438	630	630.04	1,033.44	
1275202	48	610.6	650.2	523.0	649.8	395.5	4.19	4.59	0	1,118	49	0.81	5.5	16.9	0.0	0.0	17.41	0	1.2758	1.8438	625	629.73	981.72	
1275749	48	610.1	650.2	522.7	650.2	394.8	1.44	4.59	0	996	49	0.31	5.5	16.9	0.0	0.0	12.30	0	1.2758	1.8438	625	629.55	965.39	
1276312	48	609.5	650.5	522.6	650.5	395.2	2.44	4.59	0	1,159	48	1.94	5.5	16.9	0.0	0.0	53.30	0	1.2758	1.8438	625	629.24	968.91	
1276830	48	609.0	651.2	523.3	651.2	395.2	3.12	4.59	0	1,140	49	4.62	5.5	16.9	0.0	0.0	73.29	0	1.2758	1.8438	625	628.94	1,010.23	
1277419	48	608.4	651.2	522.8	651.2	394.8	3.31	4.59	0	1,080	50	5.94	5.5	16.9	0.0	0.0	67.64	0	1.2758	1.8438	625	628.63	1,038.28	
1278019	48	608.0	651.5	522.8	651.5	394.8	2.12	4.59	0	1,051	50	2.44	5.5	16.9	0.0	0.0	27.28	0	1.2758	1.8438	625	628.23	1,002.66	
1278539	48	607.7	651.5	523.0	651.8	394.5	1.56	4.59	0	1,041	50	0.81	5.5	16.9	0.0	0.0	12.47	0	1.2758	1.8438	625	628.05	977.11	
1279058	47	607.4	652.5	523.5	652.2	394.5	1.44	4.59	0	998	49	0.56	5.5	16.9	0.0	0.0	18.16	0	1.2758	1.8438	625	627.83	955.62	
1279623	48	607.1	652.5	523.5	652.5	394.5	2.81	4.59	0	1,152	49	3.00	5.5	16.9	0.0	0.0	68.09	0	1.2758	1.8438	625	627.53	985.31	
1280139	48	606.8	652.8	523.3	652.8	394.5	3.12	4.59	0	1,076	50	4.62	5.5	16.9	0.0	0.0	73.92	0	1.2758	1.8438	625	627.25	1,030.62	
1280677	48	606.5	652.5	523.6	652.8	394.2	3.81	4.59	0	1,130	51	7.06	5.5	16.9	0.0	0.0	87.14	0	1.2758	1.8438	625	626.85	1,111.02	
1281226	48	606.4	653.2	523.5	653.2	394.2	3.81	4.59	0	1,083	52	7.88	5.5	16.9	0.0	0.0	92.77	0	1.2758	1.8438	625	626.43	1,170.94	
1281674	48	606.5	653.2	523.3	653.2	394.2	4.56	4.59	0	1,150	52	9.50	5.5	16.9	0.0	0.0	97.34	0	1.2758	1.8438	625	626.03	1,219.06	
1282239	48	606.9	653.8	524.0	654.2	394.2	5.06	4.59	0	1,154	53	10.81	5.5	16.9	0.0	0.0	100.29	0	1.2758	1.8438	625	625.54	1,260.39	
1282768	47	607.5	654.8	524.3	655.2	394.2	5.38	4.59	0	1,197	54	12.44	5.5	16.9	0.0	0.0	103.97	0	1.2758	1.8438	625	625.14	1,241.72	
1283385	47	608.2	655.8	524.8	656.2	394.2	2.62	4.59	0	1,147	55	5.44	5.5	16.9	0.0	0.0	35.95	0	1.2758	1.8438	620	624.74	1,043.75	
1283927	47	608.9	657.2	525.7	657.2	394.2	1.44	4.59	0	1,140	54	0.56	5.5	16.9	0.0	0.0	15.89	0	1.2758	1.8500	620	624.44	986.09	
1284462	46	609.4	658.2	526.5	658.5	394.2	1.25	4.59	0	1,134	54	0.00	5.5	16.9	0.0	0.0	14.91	0	1.2758	1.8500	620	624.25	969.69	
1285035	46	609.9	659.8	526.8	659.8	394.2	1.44	4.59	0	1,120	53	0.81	5.5	16.5	0.0	0.0	21.07	0	1.2758	1.8422	620	623.94	955.23	
1285617	47	610.3	660.2	527.2	660.5	394.5	3.31	4.59	0	1,385	53	4.88	5.5	16.5	0.0	0.0	61.31	0	1.2758	1.8422	620	623.64	988.52	
1286180	47	610.7	660.8	527.3	660.8	394.2	3.81	4.59	0	1,401	54	8.12	5.5	16.5	0.0	0.0	75.42	0	1.2758	1.8422	620	623.43	1,082.34	
1286709	47	611.0	661.5	527.8	661.5	393.8	4.38	4.59	0	1,426	55	10.25	5.5	16.5	0.0	0.0	77.32	0	1.2758	1.8422	620	623.15	1,105.78	
1287273	47	611.5	661.8	528.0	661.5	393.8	2.25	4.59	0	1,435	56	4.62	5.5	16.5	0.0	0.0	33.63	0	1.2758	1.8422	620	622.84	1,024.14	
1287891	47	611.8	662.2	528.2	662.2	394.2	2.25	4.59	0	1,310	56	1.12	5.5	16.5	0.0	0.0	14.44	0	1.2758	1.8422	620	622.75	980.70	
1288421	46	612.1	662.8	528.5	662.5	393.8	1.56	4.59	0	1,120	55	0.56	5.5	16.5	0.0	0.0	12.12	0	1.2758	1.8422	620	622.54	967.66	
1288924	47	612.3	663.5	528.8	663.5	394.2	1.44	4.59	0	1,153	55	0.56	5.5	16.5	0.0	0.0	16.36	0	1.2758	1.8422	620	622.44	964.61	
1289478	47	612.5	664.2	529.0	663.8	393.8	1.25	4.59	0	1,141	54	0.31	5.5	16.5	0.0	0.0	16.95	0	1.2758	1.8422	620	622.35	968.05	
1290088	47	612.7	663.8	529.0	664.2	393.8	1.44	4.59	0	1,123	53	0.56	5.5	16.5	0.0	0.0	16.92	0	1.2758	1.8422	620	622.23	968.36	
1290753	47	613.0	663.5	528.6	663.5	393.8	1.44	4.59	0	1,103	53	0.56	5.5	16.5	0.0	0.0	17.04	0	1.2758	1.8422	620	622.14	968.36	
1291315	47	613.3	662.8	528.3	662.8	393.8	1.25	4.59	0	1,091	52	0.31	5.5	16.5	0.0	0.0	16.92	0	1.2758	1.8422	620	622.05	967.58	
1291849	47	613.5	661.5	527.8	661.8	393.8	1.44	4.59	0	1,083	52	0.31	5.5	16.5	0.0	0.0	17.23	0	1.2758	1.8422	620	622.05	967.27	
1292520	48	613.7	660.5	527.1	660.5	393.5	1.75	4.59	0	1,115	51	0.56	5.5	16.5	0.0	0.0	46.08	0	1.2758	1.8422	620	621.93	961.02	
1293042	48	614.0	659.5	526.6	659.5	393.5	3.31	4.59	0	1,212	52	5.12	5.5	16.5	0.0	0.0	71.09	0	1.2758	1.8422	620	621.83	1,014.92	
1293550	48	614.2	658.8	525.6	658.5	393.2	3.12	4.59	0	1,122	52	5.44	5.5	16.5	0.0	0.0	76.03	0	1.2758	1.8422	620	621.74	1,060.62	
1294103	48	614.5	657.5	525.3	657.2	393.5	3.50	4.59	0	1,161	53	7.31	5.5	16.5	0.0	0.0	71.62	1	1.2758	1.8422	620	621.65	1,044.22	
1294676	48	614.9	656.8	524.8	656.8	393.2	2.81	4.59	0	1,131	54	4.62	5.5	16.5	0.0	0.0	62.44	1	1.2758	1.8422	620	621.53	1,049.92	
1295210	48	615.3	656.5	524.8	656.2	393.2	2.25	4.59	0	1,161	54	3.25	5.5	16.5	0.0	0.0	46.52	1	1.2758	1.8422	620	621.44	1,038.20	
1295761	48	615.5	656.2	524.5	656.5	392.8	1.94	4.59	0	1,169	54	1.94	5.5	16.5	0.0	0.0	57.66	1	1.2758	1.8422	620	621.44	1,013.98	
1296314	48	615.6	656.5	524.6	656.2	392.5	3.00	4.59	0	1,280	54	5.69	5.5	16.5	0.0	0.0	71.27	1	1.2758	1.8422	620	621.44	1,037.66	
1296823	48	615.5	656.5	524.3	656.5	392.8	3.31	4.59	0	1,173	55	5.94	5.5	16.5	0.0	0.0	75.56	1	1.2758	1.8422	620	621.34	1,077.97	
1297352	47	615.6	656.8	524.5	656.5	392.2	3.69	4.59	0	1,244	56	7.31	5.5	16.5	0.0	0.0	75.94	1	1.2758	1.8422	620	621.34	1,095.39	
1297901	47	615.9	656.8	524.8	656.8	392.5	3.00	4.59	0	1,209	57	6.75	5.5	16.5	0.0	0.0	64.55	1	1.2758	1.8422	620	621.34	1,053.12	
1298427	47	616.2	657.8	525.0	657.5	392.2	3.00	4.59	0	1,260	57	4.88	5.5	16.5	0.0	0.0	69.77	1	1.2758	1.8422	620	621.25	1,059.14	
1298952	47	616.3	658.2	525.5	658.2	392.5	3.69	4.59	0	1,255	58	7.31	5.5	16.5	0.0	0.0	76.80	1	1.2758	1.8422	620	621.25	1,111.64	
1299471	47	616.3	658.5	525.6	658.8	392.8	4.00	4.59	0	1,300	59	8.94	5.5	16.5	0.0	0.0	78.28	1	1.2758	1.8422	620	621.25	1,148.05	
1300038	47	616.2	659.5	526.0	659.8	392.5	4.19	4.59	0	1,272	60	8.94	5.5	16.5	0.0	0.0	80.84	1	1.2758	1.8422	620	621.25	1,152.50	
1300532	47	616.3	660.5	526.3	660.5	392.2	3.00	4.59	0	1,266	60	6.75	5.5	16.5	0.0	0.0	41.13	1	1.2758	1.8422	620	621.25	1,059.69	
1301159	46	616.4	661.5	527.0	661.5	392.2	1.94	4.59	0	1,257	60	1.38	5.5	16.5	0.0	0.0	16.55	1	1.2758	1.8422	620	621.25	987.81	
1301689	46	616.5	662.5	527.5	662.5	392.5	0.88	4.59	0	1,255	59	0.56	5.5	16.5	0.0	0.0	25.99	1	1.2758	1.8422	620	621.25	966.09	
1302225	46	616.5	663.5	527.8	663.5	392.5	2.62	4.59	0	1,339	60	4.06	5.5	16.5	0.0	0.0	58.69	1	1.2758	1.8422	620	621.25	991.95	
1302740	47	616.5	664.5	528.3	664.5	392.5	3.31	4.59	0	1,326	60	7.06	5.5	16.5	0.0	0.0	60.12	1	1.2758	1.8422	620	621.25	1,027.81	
1303309	47	616.3	665.2	528.5	664.8	392.5	1.25	4.59	0	1,259	60	1.62	5.5	16.5	0.0	0.0	19.03	1	1.2758	1.8422	620	621.25	991.41	
1303874	46	616.2	665.2	528.6	665.2	392.2	1.25	4.59	0	1,252	60	0.56	5.5	16.5	0.0	0.0	12.05	1	1.2758	1.8422	620	621.34	971.02	
1304444	46	616.1	665.8	528.8	665.8	392.5	1.06	4.59	0	1,226	59	0.31	5.5	16.5	0.0	0.0	16.22	1	1.2758	1.8422	620	621.34	965.23	
1304999	46	616.0	665.5	529.1	665.8	392.5	0.88	4.59	0	1,221	58	0.56	5.5	16.5	0.0	0.0	19.90	1	1.2758	1.8422	620	621.34	964.06	
1305612	47	616.0	665.5	529.0	665.5	392.5	2.12	4.59	0	1,263	58	1.62	5.5	16.5	0.0	0.0	46.57	1	1.2758	1.8422	620	621.44	962.42	
1306177	47	615.9	665.5	528.8	665.2	392.5	3.12	4.59	0	1,307	58	5.69	5.5	16.5	0.0	0.0	67.41	1	1.2758	1.8422	620	621.44	1,018.91	
1306736	47	615.7	664.8	528.5	664.8	392.2	2.44	4.59	0	1,241	59	4.88	5.5	16.5	0.0	0.0	35.95	1	1.2758	1.8422	620	621.44	1,020.31	
1307251	47	615.4	664.5	528.1	664.5	391.8	1.44	4.59	0	1,227	59	1.12	5.5	16.5	0.0	0.0	16.55	1	1.2758	1.8422	620	621.44	982.89	
1307819	47	615.2	664.5	528.1	664.2	391.8	1.44	4.59	0	1,210	58	0.31	5.5	16.5	0.0	0.0	11.37	1	1.2758	1.8422	620	621.53	968.28	
1308370	47	615.0	663.8	528.0	663.5	392.2	0.88	4.59	0	1,215	58	0.56	5.5	16.5	0.0	0.0	16.85	1	1.2758	1.8422	620	621.53	964.92	
1308902	47	614.9	663.5	527.8	663.5	391.8	1.06	4.59	0	1,199	57	0.56	5.5	16.5	0.0	0.0	17.20	1	1.2758	1.8422	620	621.53	968.75	
1309520	47	614.9	662.8	527.3	662.8	391.8	1.25	4.59	0	1,192	57	0.56	5.5	16.5	0.0	0.0	17.39	1	1.2758	1.8422	620	621.53	969.38	
1310068	47	614.9	662.2	527.2	662.2	391.5	1.25	4.59	0	1,173	56	0.81	5.5	16.5	0.0	0.0	17.27	1	1.2758	1.8422	620	621.65	969.22	
1310667	48	614.9	660.8	526.1	660.8	391.2	1.25	4.59	0	1,161	55	0.56	5.5	16.5	0.0	0.0	17.44	1	1.2758	1.8422	620	621.65	969.22	
1311213	48	615.0	659.5	525.7	659.5	391.8	1.25	4.59	0	1,150	55	0.56	5.5	16.5	0.0	0.0	17.27	1	1.2758	1.8422	620	621.65	969.38	
1311782	48	615.1	658.2	524.6	658.5	390.8	1.25	4.59	0	1,137	54	0.81	5.5	16.5	0.0	0.0	15.89	1	1.2758	1.8422	620	621.65	962.42	
1312332	48	615.2	657.2	524.0	657.2	390.8	2.44	4.59	0	1,231	54	2.75	5.5	16.5	0.0	0.0	60.26	1	1.2758	1.8422	620	621.74	967.50	
1312905	49	615.2	655.5	523.1	655.2	390.5	3.31	4.59	0	1,263	55	6.25	5.5	16.5	0.0	0.0	72.38	1	1.2758	1.8422	620	621.74	1,043.83	
1313422	49	615.0	654.2	522.3	654.2	390.2	4.19	4.59	0	1,215	56	8.38	5.5	16.5	0.0	0.0	89.18	1	1.2758	1.8422	620	621.65	1,133.75	
1313973	48	615.0	653.5	521.8	653.5	390.2	4.69	4.59	0	1,232	56	10.25	5.5	16.5	0.0	0.0	96.26	1	1.2758	1.8422	620	621.65	1,211.33	
1314489	48	615.2	652.5	521.3	652.5	389.8	3.50	4.59	0	1,226	57	8.12	5.5	16.5	0.0	0.0	49.83	1	1.2758	1.8422	620	621.53	1,090.47	
1315031	48	615.4	652.5	521.1	652.8	389.5	1.44	4.59	0	1,200	57	1.38	5.5	16.5	0.0	0.0	41.25	1	1.2758	1.8344	620	621.53	1,004.38	
1315562	47	615.5	652.5	521.0	652.5	389.8	3.69	4.59	0	1,364	57	7.31	5.5	16.5	0.0	0.0	82.24	1	1.2758	1.8344	620	621.44	1,067.03	
1316173	48	615.5	652.5	521.1	652.8	389.2	4.69	4.59	0	1,291	58	11.06	5.5	16.9	0.0	0.0	93.89	1	1.2758	1.8406	620	621.44	1,223.28	
1316701	47	615.9	653.2	521.0	653.2	389.5	6.81	4.59	0	1,533	59	17.31	5.5	16.5	0.0	0.0	106.24	1	1.2758	1.8406	620	621.34	1,374.92	
1317265	47	616.8	653.8	521.3	653.5	389.5	8.19	4.59	0	1,573	61	21.38	5.5	16.5	0.0	0.0	107.81	1	1.2758	1.8484	620	621.25	1,398.20	
1317800	47	618.2	654.2	521.7	654.5	389.5	8.50	4.59	0	1,611	62	21.88	5.5	16.5	0.0	0.0	103.48	1	1.2758	1.8344	620	621.25	1,360.16	
1318491	47	620.1	655.5	522.5	656.2	389.5	9.06	4.59	0	1,674	64	21.62	5.5	16.5	0.0	0.0	99.91	1	1.2758	1.8422	620	621.34	1,298.59	
1319079	47	622.6	657.8	523.3	657.5	389.2	4.00	4.59	0	1,706	65	5.12	5.5	16.5	0.0	0.0	30.00	1	1.2758	1.8422	620	621.53	1,048.59	
1319658	46	624.8	659.8	524.6	660.2	389.5	1.25	4.59	0	1,662	65	1.38	5.5	16.5	0.0	0.0	12.30	1	1.2758	1.8422	620	621.74	986.48	
1320240	45	626.0	661.8	525.6	662.2	389.8	3.50	4.59	0	1,585	64	0.00	5.5	16.9	0.0	0.0	16.05	1	1.2758	1.8484	620	621.83	972.34	
1320782	46	627.2	663.5	526.3	663.5	389.8	0.56	4.59	0	1,521	63	1.12	5.5	16.9	0.0	0.0	17.88	1	1.2758	1.8484	620	622.05	969.22	
1321322	46	628.3	664.8	526.8	664.8	389.5	0.69	4.59	0	1,313	63	1.12	5.5	16.5	0.0	0.0	16.66	1	1.2758	1.8344	620	622.14	974.38	
1321949	46	629.4	665.8	527.6	665.8	389.8	0.88	4.59	0	1,303	62	0.81	5.5	16.5	0.0	0.0	17.44	1	1.2758	1.8344	620	622.35	973.67	
1322459	46	630.3	665.8	528.0	666.2	389.8	0.88	4.59	0	1,289	61	0.81	5.5	16.5	0.0	0.0	17.13	1	1.2758	1.8344	620	622.44	973.20	
1323021	47	631.1	666.5	528.0	666.5	389.5	1.06	4.59	0	1,276	61	0.81	5.5	16.5	0.0	0.0	17.11	1	1.2758	1.8344	620	622.63	973.12	
1323580	47	631.8	665.8	528.0	665.5	389.8	1.06	4.59	0	1,262	60	0.81	5.5	16.5	0.0	0.0	17.25	1	1.2758	1.8344	620	622.84	972.42	
1324076	47	632.6	665.5	527.5	665.2	389.8	1.44	4.59	0	1,290	60	0.81	5.5	16.5	0.0	0.0	23.98	1	1.2758	1.8344	620	622.94	963.98	
1324624	47	633.3	664.8	527.3	664.8	389.5	2.12	4.59	0	1,338	60	2.19	5.5	16.5	0.0	0.0	40.36	1	1.2758	1.8344	620	623.15	967.19	
1325152	48	634.0	664.2	526.8	664.2	389.5	2.44	4.59	0	1,338	60	3.81	5.5	16.9	0.0	0.0	51.87	1	1.2758	1.8484	620	623.43	993.67	
1325744	48	634.6	663.2	526.5	663.2	389.2	2.62	4.59	0	1,299	60	4.06	5.5	16.5	0.0	0.0	53.70	1	1.2758	1.8406	620	623.73	1,016.80	
1326305	48	635.1	662.8	526.1	663.2	389.2	2.62	4.59	0	1,319	61	4.31	5.5	16.5	0.0	0.0	52.99	1	1.2758	1.8328	620	624.04	1,030.08	
1326840	48	635.4	662.5	525.8	662.2	389.5	2.81	4.59	0	1,314	61	4.31	5.5	16.9	0.0	0.0	53.11	1	1.2758	1.8477	620	624.25	1,039.61	
1327486	48	635.5	662.5	525.6	662.2	389.5	1.25	4.59	0	1,276	61	2.19	5.5	16.9	0.0	0.0	18.52	1	1.2758	1.8477	620	624.53	991.56	
1328026	48	635.5	662.2	525.6	662.2	389.5	1.44	4.59	0	1,286	61	0.81	5.5	16.9	0.0	0.0	12.23	1	1.2758	1.8477	620	624.83	971.41	
1328537	47	635.6	662.2	526.0	662.2	389.5	0.56	4.59	0	1,247	61	0.56	5.5	16.9	0.0	0.0	16.62	1	1.2758	1.8477	625	625.05	966.09	
1329073	47	635.6	661.5	525.5	661.8	388.8	0.88	4.59	0	1,268	60	0.56	5.5	16.9	0.0	0.0	17.44	1	1.2758	1.8477	625	625.23	964.45	
1329612	48	635.8	661.5	525.1	661.5	389.2	0.88	4.59	0	1,249	59	0.81	5.5	16.9	0.0	0.0	17.77	1	1.2758	1.8477	625	625.44	969.22	
1330130	48	635.9	660.8	525.0	660.8	388.8	1.06	4.59	0	1,233	59	0.81	5.5	16.9	0.0	0.0	17.41	1	1.2758	1.8477	625	625.63	969.77	
1330660	48	636.1	659.8	524.5	659.8	388.8	1.06	4.59	0	1,226	58	0.81	5.5	16.9	0.0	0.0	17.48	1	1.2758	1.8477	625	625.84	970.55	
1331233	48	636.4	658.8	524.0	658.8	389.2	1.06	4.59	0	1,210	58	0.56	5.5	16.9	0.0	0.0	17.55	1	1.2758	1.8477	625	626.15	970.31	
1331742	48	636.7	658.2	523.3	658.2	388.8	1.06	4.59	0	1,198	57	0.56	5.5	16.9	0.0	0.0	17.62	1	1.2758	1.8477	625	626.33	970.00	
1332270	48	636.9	656.8	522.8	656.5	388.2	1.06	4.59	0	1,190	57	0.56	5.5	16.9	0.0	0.0	17.65	1	1.2758	1.8477	625	626.43	969.92	
1332797	48	637.2	655.8	522.2	655.8	388.5	1.25	4.59	0	1,176	56	0.56	5.5	16.9	0.0	0.0	17.65	1	1.2758	1.8477	625	626.64	969.77	
1333371	49	637.6	654.2	521.5	654.2	388.2	1.25	4.59	0	1,166	56	0.56	5.5	16.9	0.0	0.0	17.62	1	1.2758	1.8477	625	626.85	969.61	
1333917	49	637.9	652.8	520.6	652.8	387.5	1.25	4.59	0	1,155	55	0.56	5.5	16.9	0.0	0.0	17.72	1	1.2758	1.8477	625	627.04	969.06	
1334505	49	638.2	651.5	519.8	651.5	387.2	1.25	4.59	0	1,147	54	0.56	5.5	16.9	0.0	0.0	17.79	1	1.2758	1.8477	625	627.25	969.22	
1334960	49	638.5	650.2	519.1	649.8	387.2	1.44	4.59	0	1,129	54	0.56	5.5	16.9	0.0	0.0	17.62	1	1.2758	1.8477	625	627.44	968.67	
1335646	49	638.8	648.8	517.8	648.5	387.2	1.44	4.59	0	1,118	53	0.31	5.5	16.9	0.0	0.0	17.81	1	1.2758	1.8477	625	627.65	968.20	
1336161	49	639.1	647.2	517.1	646.8	386.8	1.44	4.59	0	1,147	53	0.56	5.5	16.9	0.0	0.0	34.99	1	1.2758	1.8477	625	627.83	955.31	
1336692	49	639.4	645.5	516.5	645.5	386.5	2.62	4.59	0	1,234	53	3.50	5.5	16.9	0.0	0.0	58.20	1	1.2758	1.8477	625	627.93	981.41	
1337214	50	639.6	644.2	515.6	643.8	386.2	2.12	4.59	0	1,131	53	3.00	5.5	16.9	0.0	0.0	29.65	1	1.2758	1.8477	625	628.23	988.52	
1337741	49	639.6	642.8	514.6	642.8	386.2	1.75	4.59	0	1,164	53	0.81	5.5	16.9	0.0	0.0	16.31	1	1.2758	1.8477	625	628.44	973.05	
1338292	49	639.6	642.2	514.0	642.5	385.5	1.44	4.59	0	1,103	53	0.56	5.5	16.9	0.0	0.0	11.74	1	1.2758	1.8477	625	628.54	963.28	
1338831	49	639.6	641.2	513.5	641.2	385.8	1.56	4.59	0	1,080	52	0.31	5.5	16.9	0.0	0.0	17.11	1	1.2758	1.8477	625	628.75	961.41	
1339379	49	639.6	640.2	512.8	640.5	385.2	2.12	4.59	0	1,129	52	0.81	5.5	16.9	0.0	0.0	45.40	1	1.2758	1.8477	625	628.94	955.94	
1339915	49	639.6	639.5	512.5	639.2	384.8	3.31	4.59	0	1,217	52	5.12	5.5	16.9	0.0	0.0	70.41	1	1.2758	1.8477	625	629.15	1,002.34	
1340509	50	639.4	638.5	511.6	638.5	384.5	3.12	4.59	0	1,125	53	5.12	5.5	16.9	0.0	0.0	81.68	1	1.2758	1.8477	625	629.43	1,063.75	
1341069	49	639.3	637.5	511.3	637.8	384.8	3.81	4.59	0	1,175	54	8.38	5.5	16.9	0.0	0.0	91.10	1	1.2758	1.8477	625	629.64	1,152.73	
1341624	49	639.4	637.2	510.7	637.5	384.2	4.88	4.59	0	1,251	55	10.56	5.5	16.9	0.0	0.0	96.16	1	1.2758	1.8477	630	629.94	1,207.81	
1342160	49	639.6	636.8	510.7	637.2	384.2	4.69	4.59	0	1,220	55	11.62	5.5	16.5	0.0	0.0	93.56	1	1.2758	1.8398	630	630.25	1,185.86	
1342742	49	639.9	637.5	510.8	637.8	383.8	2.12	4.59	0	1,148	56	3.81	5.5	16.5	0.0	0.0	29.27	1	1.2758	1.8398	630	630.44	1,033.59	
1343316	48	640.0	638.5	511.0	638.2	384.2	1.94	4.59	0	1,189	56	1.12	5.5	16.5	0.0	0.0	47.98	1	1.2758	1.8398	630	630.74	990.00	
1343852	48	640.1	639.2	511.5	639.2	383.8	3.69	4.59	0	1,284	56	7.88	5.5	16.5	0.0	0.0	84.84	1	1.2758	1.8312	630	631.05	1,079.22	
1344476	48	640.0	640.2	511.6	640.5	383.5	4.19	4.59	0	1,250	57	10.00	5.5	16.5	0.0	0.0	94.97	1	1.2758	1.8312	630	631.35	1,194.53	
1345018	48	640.2	640.5	512.1	640.8	383.5	4.69	4.59	0	1,232	58	11.88	5.5	16.5	0.0	0.0	100.38	1	1.2758	1.8383	630	631.75	1,267.81	
1345560	48	640.7	642.2	512.8	642.5	383.5	5.38	4.59	0	1,238	59	13.50	5.5	16.5	0.0	0.0	105.42	1	1.2758	1.8383	630	632.03	1,319.77	
1346116	48	641.5	643.5	513.5	643.8	383.5	6.12	4.59	0	1,329	60	16.25	5.5	16.5	0.0	0.0	103.45	1	1.2758	1.8383	630	632.33	1,321.41	
1346643	48	642.7	644.8	514.0	645.2	383.5	6.44	4.59	0	1,323	61	16.75	5.5	16.5	0.0	0.0	104.09	1	1.2758	1.8383	630	632.73	1,289.69	
1347188	47	644.0	646.5	515.1	646.8	383.8	5.38	4.59	0	1,297	62	14.62	5.5	16.5	0.0	0.0	97.76	1	1.2758	1.8383	630	633.13	1,241.64	
1347729	47	645.6	648.5	516.0	648.5	383.8	2.62	4.59	0	1,301	62	6.75	5.5	16.5	0.0	0.0	31.80	1	1.2758	1.8383	630	633.53	1,052.81	
1348352	46	646.9	650.2	517.0	650.5	384.2	1.44	4.59	0	1,287	62	0.81	5.5	16.5	0.0	0.0	13.80	1	1.2758	1.8383	630	633.93	985.00	
1348891	46	647.8	652.8	518.0	653.2	384.2	0.38	4.59	0	1,289	61	0.00	5.5	16.5	0.0	0.0	15.33	1	1.2758	1.8305	630	634.23	970.00	
1349431	46	648.6	654.5	519.1	654.5	383.8	1.06	4.59	0	1,277	61	0.81	5.5	16.5	0.0	0.0	16.95	1	1.2758	1.8305	630	634.54	966.64	
1349984	47	649.3	655.5	519.8	655.8	384.2	0.88	4.59	0	1,262	60	0.81	5.5	16.5	0.0	0.0	16.55	1	1.2758	1.8305	630	634.84	970.86	
1350546	47	650.0	656.8	520.3	656.5	383.8	1.06	4.59	0	1,244	59	0.81	5.5	16.5	0.0	0.0	17.18	1	1.2758	1.8305	635	635.15	970.86	
1351083	47	650.7	657.2	520.5	657.5	384.2	1.06	4.59	0	1,237	59	1.12	5.5	16.5	0.0	0.0	16.10	1	1.2758	1.8305	635	635.43	962.27	
1351615	47	651.4	657.2	520.7	657.5	384.2	2.44	4.59	0	1,288	59	2.75	5.5	16.5	0.0	0.0	53.06	1	1.2758	1.8305	635	635.85	975.23	
1352165	48	652.0	656.8	520.7	657.2	383.8	3.31	4.59	0	1,341	59	6.25	5.5	16.5	0.0	0.0	68.37	1	1.2758	1.8305	635	636.25	1,034.84	
1352701	48	652.4	656.8	520.7	656.8	384.5	3.81	4.59	0	1,326	60	7.88	5.5	16.5	0.0	0.0	77.06	1	1.2758	1.8367	635	636.65	1,099.06	
1353377	48	652.7	656.5	520.3	656.8	384.5	3.81	4.59	0	1,310	61	8.38	5.5	16.5	0.0	0.0	77.65	1	1.2758	1.8367	635	637.23	1,116.48	
1353909	48	652.8	657.5	520.6	657.2	384.5	3.69	4.59	0	1,342	62	9.50	5.5	16.5	0.0	0.0	65.95	1	1.2758	1.8289	635	637.75	1,055.39	
1354413	47	652.7	657.5	521.0	657.8	384.5	3.00	4.59	0	1,335	62	5.44	5.5	16.5	0.0	0.0	56.23	1	1.2758	1.8289	635	638.15	1,060.39	
1354934	47	652.5	657.8	521.1	658.2	384.5	3.12	4.59	0	1,371	62	5.69	5.5	16.5	0.0	0.0	61.38	1	1.2758	1.8289	635	638.55	1,064.61	
1355440	47	652.2	658.8	521.6	659.5	384.5	3.00	4.59	0	1,339	63	6.75	5.5	16.5	0.0	0.0	62.30	1	1.2758	1.8289	635	638.94	1,041.41	
1355955	47	651.8	659.5	521.8	659.5	384.5	3.69	4.59	0	1,387	63	7.88	5.5	16.5	0.0	0.0	69.63	1	1.2758	1.8289	635	639.34	1,062.73	
1356517	47	651.4	660.2	522.5	660.5	384.8	3.81	4.59	0	1,392	64	8.94	5.5	16.5	0.0	0.0	71.93	1	1.2758	1.8289	635	639.83	1,105.94	
1357051	47	650.8	661.5	523.0	661.8	384.5	4.38	4.59	0	1,401	65	9.50	5.5	16.5	0.0	0.0	79.57	1	1.2758	1.8289	640	640.23	1,160.16	
1357594	47	650.4	662.8	523.5	662.8	384.8	4.88	4.59	0	1,466	66	11.38	5.5	16.5	0.0	0.0	83.23	1	1.2758	1.8289	640	640.54	1,208.83	
1358161	47	650.4	663.5	524.1	663.5	384.8	5.06	4.59	0	1,430	67	11.88	5.5	16.5	0.0	0.0	95.32	1	1.2758	1.8289	640	641.03	1,231.25	
1358697	47	650.8	664.8	524.8	665.2	385.5	6.62	4.59	0	1,457	68	18.38	5.5	16.5	0.0	0.0	105.91	1	1.2758	1.8289	640	641.33	1,323.12	
1359247	47	651.7	666.5	525.8	666.8	385.2	6.81	4.59	0	1,458	68	18.62	5.5	16.5	0.0	0.0	102.23	1	1.2758	1.8289	640	641.85	1,305.00	
1359811	47	653.0	668.2	526.6	668.2	385.2	6.81	4.59	0	1,491	70	18.38	5.5	16.5	0.0	0.0	99.33	1	1.2758	1.8289	640	642.34	1,290.47	
1360377	46	654.7	669.5	527.6	669.8	385.5	6.81	4.59	0	1,501	71	18.38	5.5	16.5	0.0	0.0	97.83	1	1.2758	1.8289	640	642.74	1,276.33	
1360925	46	656.9	671.8	528.6	671.8	386.2	7.50	4.59	0	1,614	72	19.44	5.5	16.5	0.0	0.0	97.45	1	1.2758	1.8289	640	643.44	1,258.98	
1361542	46	659.3	673.8	529.5	673.8	386.2	6.62	4.59	0	1,535	73	17.81	5.5	16.5	0.0	0.0	96.94	1	1.2758	1.8289	640	644.15	1,264.06	
1362108	46	662.0	675.5	531.1	675.8	386.5	7.31	4.59	0	1,622	74	18.94	5.5	16.5	0.0	0.0	89.95	1	1.2758	1.8289	640	644.85	1,166.72	
1362684	46	665.5	677.8	532.3	678.2	386.2	5.75	4.59	0	1,623	75	15.69	5.5	16.9	0.0	0.0	80.48	1	1.2758	1.8438	645	645.83	1,099.30	
1363200	46	668.3	680.2	533.3	680.2	386.8	5.75	4.59	0	1,569	75	15.94	5.5	16.9	0.0	0.0	47.48	1	1.2758	1.8438	645	646.75	1,087.97	
1363741	46	670.6	682.2	534.7	682.5	387.5	2.12	4.59	0	1,560	75	3.25	5.5	16.5	0.0	0.0	16.20	1	1.2758	1.8359	645	647.43	1,016.02	
1364272	45	672.2	684.8	535.8	684.5	387.5	1.06	4.59	0	1,527	74	1.12	5.5	16.5	0.0	0.0	12.94	1	1.2758	1.8359	645	648.04	978.20	
1364835	45	673.6	686.2	537.0	686.5	387.8	0.56	4.59	0	1,307	73	0.56	5.5	16.5	0.0	0.0	16.24	1	1.2758	1.8359	645	648.65	968.05	
1365342	45	674.8	687.8	537.6	687.8	387.8	0.88	4.59	0	1,287	73	0.81	5.5	16.9	0.0	0.0	16.66	1	1.2758	1.8438	645	649.14	966.09	
1365893	46	675.8	688.5	538.1	688.2	388.2	2.12	4.59	0	1,280	72	1.38	5.5	16.9	0.0	0.0	23.20	1	1.2758	1.8438	645	649.63	957.81	
1366433	46	676.9	688.8	538.5	688.8	388.2	3.31	4.59	0	1,485	72	5.12	5.5	16.9	0.0	0.0	60.16	1	1.2758	1.8438	650	650.43	992.73	
1366980	47	678.1	688.5	538.6	688.8	388.5	3.81	4.59	0	1,525	72	7.88	5.5	16.9	0.0	0.0	66.02	1	1.2758	1.8438	650	651.13	1,074.06	
1367538	47	679.0	689.2	538.8	688.8	388.8	2.81	4.59	0	1,520	73	5.44	5.5	16.9	0.0	0.0	27.38	1	1.2758	1.8438	650	651.93	1,032.73	
1368081	47	679.6	688.8	538.8	688.8	388.8	1.06	4.59	0	1,527	72	1.38	5.5	16.9	0.0	0.0	12.38	1	1.2758	1.8438	650	652.44	984.38	
1368620	46	680.0	688.5	538.8	688.5	388.8	0.69	4.59	0	1,509	72	1.12	5.5	16.9	0.0	0.0	22.29	1	1.2758	1.8438	650	653.03	956.56	
1369146	46	680.3	688.5	539.0	688.8	388.8	3.00	4.59	0	1,612	72	4.88	5.5	16.5	0.0	0.0	60.23	1	1.2758	1.8359	650	653.64	1,001.02	
1369656	47	680.6	688.8	538.8	688.8	388.8	6.62	4.59	0	1,877	72	12.69	5.5	16.5	0.0	0.0	89.67	1	1.2758	1.8359	650	654.44	1,212.89	
1370209	47	680.9	688.2	538.8	688.5	389.5	11.81	4.59	0	1,896	74	25.12	5.5	16.5	0.0	0.0	115.69	1	1.2758	1.8359	655	655.44	1,487.27	
1370720	47	681.2	688.8	539.0	688.5	389.5	13.56	4.59	0	1,946	75	28.38	5.5	16.9	0.0	0.0	107.46	1	1.2758	1.8438	655	656.24	1,447.03	
1371261	47	682.1	689.2	539.3	689.2	389.5	13.38	4.59	0	1,994	77	29.19	5.5	16.9	0.0	0.0	111.54	1	1.2758	1.8438	655	657.25	1,451.25	
1371791	47	683.1	689.8	539.6	689.8	390.2	12.50	4.59	0	2,013	78	24.56	5.5	16.5	0.0	0.0	53.70	1	1.2758	1.8367	655	658.23	1,106.80	
1372350	46	684.2	691.2	540.3	691.2	390.2	1.75	4.59	0	2,035	78	2.19	5.5	16.9	0.0	0.0	16.38	1	1.2758	1.8453	655	659.15	991.48	
1372936	46	684.9	692.5	541.3	692.5	390.5	0.38	4.59	0	1,474	77	1.12	5.5	16.5	0.0	0.0	20.41	1	1.2758	1.8367	655	659.85	974.45	
1373541	46	685.6	694.2	542.3	694.2	390.8	2.44	4.59	0	1,691	77	2.19	5.5	16.9	0.0	0.0	39.59	1	1.2758	1.8523	660	660.65	965.08	
1374094	46	686.2	695.2	543.2	695.2	390.8	4.38	4.59	0	1,750	77	8.12	5.5	16.9	0.0	0.0	80.30	1	1.2758	1.8523	660	661.44	1,077.19	
1374598	47	686.6	696.2	543.5	695.8	391.2	5.06	4.59	0	1,643	78	11.06	5.5	16.9	0.0	0.0	75.75	1	1.2758	1.8523	660	662.24	1,138.44	
1375207	47	687.0	696.8	543.7	696.5	391.5	5.38	4.59	0	1,692	78	11.88	5.5	16.9	0.0	0.0	75.00	1	1.2758	1.8438	660	663.13	1,145.16	
1375734	47	687.6	697.2	544.5	697.5	391.8	5.38	4.59	0	1,687	79	12.19	5.5	16.9	0.0	0.0	73.41	1	1.2758	1.8594	660	664.05	1,144.06	
1376313	46	688.6	697.8	544.5	698.2	391.5	5.56	4.59	0	1,699	80	12.19	5.5	16.9	0.0	0.0	73.76	1	1.2758	1.8508	660	665.03	1,156.64	
1376848	46	689.6	699.2	545.3	699.2	392.2	5.94	4.59	0	1,715	81	12.69	5.5	16.9	0.0	0.0	75.38	1	1.2758	1.8508	665	665.85	1,160.62	
1377419	46	690.9	700.5	545.8	700.5	392.2	6.12	4.59	0	1,726	81	13.00	5.5	16.9	0.0	0.0	65.84	1	1.2758	1.8508	665	666.83	1,090.55	
1377981	46	691.9	701.2	546.5	701.2	392.5	4.69	4.59	0	1,788	82	9.19	5.5	16.9	0.0	0.0	66.38	1	1.2758	1.8508	665	667.63	1,108.83	
1378549	46	692.7	702.8	547.5	702.8	392.5	6.12	4.59	0	1,738	82	12.19	5.5	16.9	0.0	0.0	76.69	1	1.2758	1.8508	665	668.64	1,190.47	
1379190	46	693.2	703.8	548.1	703.8	393.2	6.81	4.59	0	1,772	83	13.25	5.5	16.9	0.0	0.0	77.23	1	1.2758	1.8508	665	669.65	1,186.56	
1379776	46	693.9	704.8	549.0	705.2	393.5	2.25	4.59	0	1,736	83	3.25	5.5	16.9	0.0	0.0	20.60	1	1.2758	1.8508	670	670.44	1,036.56	
1380354	45	694.5	706.5	549.8	706.8	393.5	1.06	4.59	0	1,702	83	1.12	5.5	16.9	0.0	0.0	12.38	1	1.2758	1.8508	670	671.15	981.95	
1380910	45	694.7	707.8	550.5	707.8	393.8	1.06	4.59	0	1,462	82	0.81	5.5	16.9	0.0	0.0	16.38	1	1.2758	1.8508	670	671.64	971.02	
1381478	45	695.0	708.5	551.1	708.8	394.2	0.56	4.59	0	1,435	81	1.12	5.5	16.9	0.0	0.0	17.13	1	1.2758	1.8508	670	672.13	967.03	
1381998	46	695.2	708.8	551.7	708.8	394.2	0.69	4.59	0	1,421	81	1.12	5.5	16.9	0.0	0.0	16.76	1	1.2758	1.8508	670	672.53	973.12	
1382571	46	695.4	709.2	551.3	709.2	394.5	0.69	4.59	0	1,409	80	1.12	5.5	16.5	0.0	0.0	17.34	1	1.2758	1.8359	670	673.05	973.98	
1383109	46	695.6	708.5	551.5	708.5	394.2	0.69	4.59	0	1,394	79	1.12	5.5	16.5	0.0	0.0	17.44	1	1.2758	1.8359	670	673.54	973.83	
1383675	46	695.8	707.8	550.8	707.8	394.2	0.69	4.59	0	1,380	78	1.12	5.5	16.5	0.0	0.0	17.20	1	1.2758	1.8359	670	673.84	974.06	
1384210	47	696.0	706.2	550.5	706.2	394.2	0.69	4.59	0	1,366	77	1.12	5.5	16.5	0.0	0.0	17.55	1	1.2758	1.8359	670	674.24	973.67	
1384731	47	696.2	704.8	549.8	704.8	394.2	0.69	4.59	0	1,335	76	0.81	5.5	16.5	0.0	0.0	17.77	1	1.2758	1.8273	670	674.64	973.59	
1385317	47	696.4	703.5	548.8	703.5	394.2	0.69	4.59	0	1,329	75	0.81	5.5	16.5	0.0	0.0	17.84	1	1.2758	1.8273	675	675.04	972.73	
1385892	47	696.5	701.5	547.8	701.2	394.2	0.69	4.59	0	1,317	75	0.81	5.5	16.5	0.0	0.0	13.59	1	1.2758	1.8430	675	675.34	970.70	
1386436	48	696.6	699.5	547.1	699.8	394.5	2.62	4.59	0	1,383	74	3.00	5.5	16.5	0.0	0.0	53.62	1	1.2758	1.8344	675	675.74	969.53	
1386963	48	696.6	697.8	546.1	697.5	393.8	3.50	4.59	0	1,396	74	6.75	5.5	16.5	0.0	0.0	71.11	1	1.2758	1.8344	675	676.23	1,041.88	
1387566	48	696.3	696.5	545.2	696.5	394.2	3.81	4.59	0	1,356	75	7.88	5.5	16.5	0.0	0.0	89.02	1	1.2758	1.8258	675	676.75	1,159.30	
1388083	48	695.8	694.8	544.7	694.5	394.2	5.25	4.59	0	1,375	75	13.50	5.5	16.5	0.0	0.0	102.02	1	1.2758	1.8258	675	677.15	1,278.83	
1388588	48	695.3	693.5	543.8	693.5	394.2	6.44	4.59	0	1,381	76	16.25	5.5	16.5	0.0	0.0	107.18	1	1.2758	1.8258	675	677.55	1,362.81	
1389196	48	695.1	692.5	543.3	692.2	394.2	8.00	4.59	0	1,446	77	20.56	5.5	16.5	0.0	0.0	111.52	1	1.2758	1.8258	675	677.94	1,404.22	
1389722	47	695.2	692.2	543.1	691.8	394.2	7.81	4.59	0	1,442	77	21.62	5.5	16.5	0.0	0.0	96.19	1	1.2758	1.8344	675	678.34	1,182.58	
1390239	47	695.3	692.2	543.2	692.2	394.5	2.12	4.59	0	1,381	77	4.88	5.5	16.5	0.0	0.0	29.58	1	1.2758	1.8344	675	678.74	1,050.55	
1390824	46	695.4	692.2	543.5	692.5	394.8	1.06	4.59	0	1,334	77	0.81	5.5	16.5	0.0	0.0	12.35	1	1.2758	1.8344	675	679.05	984.14	
1391414	46	695.4	693.5	544.0	693.2	394.5	1.94	4.59	0	1,370	76	1.38	5.5	16.5	0.0	0.0	36.87	1	1.2758	1.8258	675	679.35	969.69	
1391933	46	695.3	693.5	544.0	693.5	394.2	3.00	4.59	0	1,427	76	5.12	5.5	16.5	0.0	0.0	61.15	1	1.2758	1.8258	675	679.63	1,004.92	
1392486	47	695.0	694.2	544.3	694.2	394.8	1.94	4.59	0	1,334	76	3.81	5.5	16.5	0.0	0.0	25.08	1	1.2758	1.8328	680	679.94	1,001.41	
1393008	47	694.7	694.5	544.3	694.2	394.5	1.25	4.59	0	1,361	76	1.12	5.5	16.5	0.0	0.0	14.16	1	1.2758	1.8328	680	680.24	976.33	
1393555	46	694.4	694.2	544.3	694.2	394.5	0.88	4.59	0	1,299	75	0.31	5.5	16.5	0.0	0.0	15.42	1	1.2758	1.8328	680	680.43	965.62	
1394106	46	694.2	694.2	544.5	694.2	394.5	0.69	4.59	0	1,313	74	0.81	5.5	16.5	0.0	0.0	17.06	1	1.2758	1.8328	680	680.73	964.30	
1394610	47	694.0	694.2	544.1	694.2	394.8	0.69	4.59	0	1,300	74	0.81	5.5	16.5	0.0	0.0	16.73	1	1.2758	1.8328	680	680.94	969.14	
1395174	47	693.8	693.5	544.0	693.5	394.5	0.88	4.59	0	1,278	73	0.81	5.5	16.5	0.0	0.0	17.02	1	1.2758	1.8328	680	681.13	970.00	
1395702	47	693.7	692.5	543.3	692.2	394.2	0.88	4.59	0	1,276	73	0.81	5.5	16.5	0.0	0.0	17.48	1	1.2758	1.8328	680	681.44	970.70	
1396336	47	693.6	691.5	542.8	691.2	394.2	0.88	4.59	0	1,263	71	0.81	5.5	16.5	0.0	0.0	17.30	1	1.2758	1.8250	680	681.74	970.00	
1396883	48	693.5	689.8	542.0	690.2	394.2	0.88	4.59	0	1,246	71	0.81	5.5	16.5	0.0	0.0	17.32	1	1.2758	1.8250	680	681.93	970.00	
1397471	48	693.4	688.2	541.1	688.2	393.8	0.88	4.59	0	1,234	70	0.81	5.5	16.5	0.0	0.0	17.32	1	1.2758	1.8250	680	682.23	970.16	
1398020	48	693.3	686.5	540.0	686.5	393.5	1.75	4.59	0	1,267	69	0.81	5.5	16.1	0.0	0.0	43.08	1	1.2758	1.8164	680	682.44	959.61	
1398621	48	693.1	684.8	539.5	684.8	393.5	3.50	4.59	0	1,477	69	6.75	5.5	16.5	0.0	0.0	63.35	1	1.2758	1.8312	680	682.75	1,017.27	
1399146	49	692.7	683.2	538.2	683.5	393.2	3.81	4.59	0	1,481	70	8.69	5.5	16.1	0.0	0.0	74.23	1	1.2758	1.8234	680	683.03	1,098.28	
1399665	48	692.0	682.2	537.7	682.2	393.2	5.56	4.59	0	1,492	70	14.06	5.5	16.1	0.0	0.0	96.73	1	1.2758	1.8234	680	683.24	1,245.16	
1400184	48	691.2	681.2	537.2	680.8	393.2	7.12	4.59	0	1,576	71	18.62	5.5	16.1	0.0	0.0	102.94	1	1.2758	1.8234	680	683.33	1,328.36	
1400751	48	690.7	680.5	537.0	680.5	392.8	8.69	4.59	0	1,812	72	21.38	5.5	16.1	0.0	0.0	95.39	1	1.2758	1.8234	680	683.33	1,331.41	
1401271	47	690.4	680.5	536.8	680.5	393.2	11.12	4.59	0	1,882	73	23.25	5.5	16.1	0.0	0.0	97.62	1	1.2758	1.8164	680	683.33	1,319.61	
1401826	47	690.3	681.2	537.0	681.2	393.2	11.12	4.59	0	1,921	74	23.25	5.5	16.5	0.0	0.0	96.68	1	1.2758	1.8250	680	683.24	1,318.05	
1402341	47	690.5	682.2	537.5	682.5	392.5	11.12	4.59	0	1,960	76	23.25	5.5	16.5	0.0	0.0	95.62	1	1.2758	1.8094	680	683.24	1,305.08	
1402892	46	691.1	683.8	538.3	684.2	392.8	7.50	4.59	0	1,974	77	11.62	5.5	16.1	0.0	0.0	35.91	1	1.2758	1.8180	680	683.15	1,103.20	
1403448	46	691.5	686.2	539.3	685.8	393.2	1.25	4.59	0	1,969	76	0.56	5.5	16.1	0.0	0.0	14.02	1	1.2758	1.8180	680	683.24	1,002.89	
1403966	45	691.7	687.8	540.5	688.5	393.5	4.69	4.59	0	1,467	75	1.38	5.5	16.5	0.0	0.0	12.14	1	1.2758	1.8250	680	683.24	975.78	
1404530	45	691.9	690.2	541.7	690.2	393.2	2.62	4.59	0	1,668	75	3.00	5.5	16.5	0.0	0.0	49.08	1	1.2758	1.8250	680	683.24	978.44	
1405147	46	692.0	692.2	542.6	691.8	393.5	5.38	4.59	0	1,689	75	11.88	5.5	16.5	0.0	0.0	88.50	1	1.2758	1.8250	680	683.33	1,130.78	
1405696	46	691.9	693.5	543.3	693.8	393.5	6.12	4.59	0	1,608	76	15.94	5.5	16.5	0.0	0.0	90.94	1	1.2758	1.8250	680	683.33	1,187.11	
1406237	46	692.3	695.2	544.1	695.5	393.5	5.94	4.59	0	1,495	76	16.50	5.5	16.1	0.0	0.0	97.83	1	1.2758	1.8164	680	683.43	1,271.41	
1406834	46	693.0	696.8	545.0	697.2	393.8	7.12	4.59	0	1,462	77	18.62	5.5	16.1	0.0	0.0	106.69	1	1.2758	1.8164	680	683.55	1,306.64	
1407368	46	694.0	698.5	546.1	698.8	393.8	6.12	4.59	0	1,407	78	17.56	5.5	16.5	0.0	0.0	89.77	1	1.2758	1.8312	680	683.64	1,122.66	
1407875	46	695.1	700.5	547.0	700.5	394.2	1.75	4.59	0	1,436	78	4.31	5.5	16.5	0.0	0.0	25.27	1	1.2758	1.8312	680	683.73	1,037.11	
1408443	45	695.8	702.2	548.2	702.5	394.2	1.06	4.59	0	1,341	77	0.81	5.5	16.5	0.0	0.0	11.06	1	1.2758	1.8312	680	683.85	981.33	
1408991	45	696.4	704.5	549.0	704.5	394.2	0.38	4.59	0	1,330	76	0.31	5.5	16.5	0.0	0.0	15.73	1	1.2758	1.8312	680	683.94	969.06	
1409510	45	696.9	705.5	549.8	705.8	394.5	0.88	4.59	0	1,338	76	0.81	5.5	16.1	0.0	0.0	16.83	1	1.2758	1.8164	680	684.13	965.78	
1410021	46	697.3	706.2	550.2	706.5	394.2	0.88	4.59	0	1,329	75	0.81	5.5	16.1	0.0	0.0	16.85	1	1.2758	1.8164	680	684.25	970.86	
1410583	46	697.7	706.8	550.8	707.2	394.2	0.88	4.59	0	1,310	75	0.81	5.5	16.1	0.0	0.0	16.69	1	1.2758	1.8164	680	684.34	971.95	
1411188	46	698.1	706.8	550.6	706.8	394.5	0.88	4.59	0	1,294	74	0.81	5.5	16.1	0.0	0.0	16.97	1	1.2758	1.8164	680	684.44	971.56	
1411736	46	698.6	706.5	550.3	706.8	394.2	0.88	4.59	0	1,285	73	0.81	5.5	16.1	0.0	0.0	17.11	1	1.2758	1.8164	680	684.65	971.33	
1412274	47	698.9	705.5	549.8	705.8	394.2	0.88	4.59	0	1,276	72	0.81	5.5	16.1	0.0	0.0	17.23	1	1.2758	1.8164	680	684.74	970.39	
1412819	47	699.2	704.8	549.8	704.5	394.5	0.88	4.59	0	1,263	72	0.81	5.5	16.1	0.0	0.0	17.09	1	1.2758	1.8164	680	684.83	970.78	
1413463	47	699.5	703.5	549.3	703.5	394.5	0.88	4.59	0	1,247	71	0.81	5.5	16.1	0.0	0.0	17.04	1	1.2758	1.8164	685	685.05	970.23	
1413994	47	699.8	701.8	548.5	702.2	394.2	1.06	4.59	0	1,233	70	0.81	5.5	16.1	0.0	0.0	17.37	1	1.2758	1.8164	685	685.14	970.00	
1414547	47	700.1	700.2	547.0	700.2	394.2	1.06	4.59	0	1,225	70	0.81	5.5	16.1	0.0	0.0	17.32	1	1.2758	1.8078	685	685.35	969.84	
1415122	48	700.3	698.2	546.5	698.5	393.5	1.06	4.59	0	1,210	69	0.56	5.5	16.1	0.0	0.0	17.44	1	1.2758	1.8234	685	685.54	969.30	
1415701	48	700.5	696.5	545.3	696.5	393.5	1.25	4.59	0	1,199	68	0.56	5.5	16.1	0.0	0.0	17.23	1	1.2758	1.8234	685	685.75	968.83	
1416255	48	700.7	694.8	544.3	694.5	393.5	1.06	4.59	0	1,189	67	0.56	5.5	16.1	0.0	0.0	17.32	1	1.2758	1.8148	685	685.94	968.59	
1416771	48	700.9	693.2	543.3	692.8	393.5	1.06	4.59	0	1,171	67	0.56	5.5	16.1	0.0	0.0	17.34	1	1.2758	1.8148	685	686.03	968.12	
1417331	48	701.0	690.5	542.0	690.5	393.2	0.88	4.59	0	1,158	66	0.56	5.5	16.1	0.0	0.0	17.44	1	1.2758	1.8219	685	686.24	967.66	
1417901	49	701.2	688.8	541.1	688.5	392.5	1.56	4.59	0	1,165	65	0.56	5.5	16.1	0.0	0.0	44.20	1	1.2758	1.8219	685	686.33	956.95	
1418459	49	701.2	686.8	539.8	686.5	392.5	3.00	4.59	0	1,374	65	5.94	5.5	16.1	0.0	0.0	63.84	1	1.2758	1.8219	685	686.64	1,005.55	
1419029	49	701.1	684.5	538.6	684.8	392.2	1.56	4.59	0	1,354	65	2.75	5.5	16.1	0.0	0.0	24.38	1	1.2758	1.8219	685	686.85	991.88	
1419559	49	700.9	683.2	537.8	682.8	391.8	1.25	4.59	0	1,352	65	0.81	5.5	16.1	0.0	0.0	11.93	1	1.2758	1.8219	685	686.94	970.62	
1420134	49	700.6	681.8	536.8	681.5	391.8	1.56	4.59	0	1,338	64	0.56	5.5	16.1	0.0	0.0	17.18	1	1.2758	1.8219	685	687.13	964.61	
1420710	49	700.4	680.5	536.0	680.2	391.5	0.69	4.59	0	1,328	63	0.81	5.5	16.1	0.0	0.0	18.05	1	1.2758	1.8219	685	687.25	964.14	
1421288	49	700.3	679.2	535.2	678.8	391.5	0.88	4.59	0	1,313	63	0.81	5.5	16.1	0.0	0.0	17.81	1	1.2758	1.8219	685	687.34	969.69	
1421883	49	700.2	677.5	534.1	678.2	391.2	0.88	4.59	0	1,295	62	0.81	5.5	16.1	0.0	0.0	19.36	1	1.2758	1.8219	685	687.53	970.31	
1422514	49	700.1	676.2	533.3	675.8	390.5	0.88	4.59	0	1,284	61	0.81	5.5	16.1	0.0	0.0	36.19	1	1.2758	1.8219	685	687.74	960.31	
1423098	49	699.9	674.5	532.7	674.2	390.2	3.00	4.59	0	1,406	61	5.94	5.5	16.1	0.0	0.0	64.92	1	1.2758	1.8219	685	687.83	1,010.08	
1423621	50	699.3	673.2	531.7	672.8	389.8	3.69	4.59	0	1,357	62	7.56	5.5	16.1	0.0	0.0	75.80	1	1.2758	1.8219	685	688.05	1,082.11	
1424189	49	698.4	671.5	530.8	671.5	389.8	4.19	4.59	0	1,331	62	9.19	5.5	16.1	0.0	0.0	81.09	1	1.2758	1.8219	685	688.14	1,142.81	
1424738	49	697.7	670.8	530.3	670.8	389.5	4.56	4.59	0	1,399	63	10.56	5.5	16.1	0.0	0.0	83.20	1	1.2758	1.8219	685	688.23	1,187.89	
1425271	49	696.9	670.8	530.1	670.8	389.2	4.69	4.59	0	1,357	64	11.06	5.5	16.1	0.0	0.0	85.80	1	1.2758	1.8219	685	688.23	1,219.14	
1425800	48	696.4	670.5	530.1	670.8	389.5	4.88	4.59	0	1,400	64	11.88	5.5	16.1	0.0	0.0	87.59	1	1.2758	1.8062	685	688.23	1,241.48	
1426323	48	696.0	671.5	530.1	671.8	389.2	5.25	4.59	0	1,399	65	14.06	5.5	16.1	0.0	0.0	97.48	1	1.2758	1.8062	685	688.14	1,301.80	
1426901	48	695.7	672.5	531.0	672.5	389.5	6.81	4.59	0	1,413	66	18.94	5.5	16.1	0.0	0.0	105.12	1	1.2758	1.8062	685	688.05	1,326.17	
1427471	47	695.6	674.2	531.7	674.2	389.2	6.81	4.59	0	1,443	67	18.12	5.5	16.1	0.0	0.0	100.80	1	1.2758	1.8062	685	687.93	1,288.83	
1427997	47	695.8	675.5	532.0	675.5	388.8	6.81	4.59	0	1,491	68	19.19	5.5	16.1	0.0	0.0	100.41	1	1.2758	1.8148	685	687.83	1,268.75	
1428556	47	696.3	677.5	533.0	677.8	388.8	6.81	4.59	0	1,511	69	19.44	5.5	16.1	0.0	0.0	62.86	1	1.2758	1.8148	685	687.74	1,115.94	
1429082	46	696.8	679.5	534.1	679.5	388.8	1.94	4.59	0	1,446	69	3.50	5.5	16.1	0.0	0.0	22.55	1	1.2758	1.8148	685	687.74	1,023.28	
1429605	46	697.1	681.8	535.5	682.2	389.5	1.25	4.59	0	1,433	68	1.12	5.5	16.1	0.0	0.0	11.39	1	1.2758	1.8062	685	687.74	978.98	
1430155	46	697.3	683.8	536.5	684.2	389.5	0.38	4.59	0	1,386	67	0.81	5.5	16.1	0.0	0.0	16.24	1	1.2758	1.8062	685	687.74	968.83	
1430673	46	697.5	685.5	537.5	685.5	389.5	0.69	4.59	0	1,382	67	0.81	5.5	16.1	0.0	0.0	17.44	1	1.2758	1.8062	685	687.74	966.09	
1431331	46	697.7	686.8	537.8	686.8	389.5	1.25	4.59	0	1,174	66	0.56	5.5	16.1	0.0	0.0	17.41	1	1.2758	1.8062	685	687.83	968.59	
1431849	46	697.9	687.8	538.7	688.2	389.2	1.25	4.59	0	1,158	65	0.56	5.5	16.1	0.0	0.0	16.71	1	1.2758	1.8062	685	687.83	968.20	
1432425	47	698.1	688.2	538.8	688.5	389.2	1.25	4.59	0	1,136	64	0.56	5.5	16.1	0.0	0.0	16.71	1	1.2758	1.8148	685	687.93	967.42	
1432960	47	698.3	688.2	538.6	688.5	389.5	2.25	4.59	0	1,252	64	0.81	5.5	16.1	0.0	0.0	12.52	1	1.2758	1.8148	685	687.93	965.23	
1433461	47	698.4	688.2	538.7	687.8	389.2	1.25	4.59	0	1,297	63	0.56	5.5	16.1	0.0	0.0	16.55	1	1.2758	1.8148	685	688.05	966.09	
1434009	47	698.6	687.2	538.5	687.2	388.8	1.06	4.59	0	1,312	62	0.81	5.5	16.1	0.0	0.0	17.09	1	1.2758	1.8062	685	688.14	968.05	
1434563	47	698.8	686.5	537.8	686.5	388.8	1.06	4.59	0	1,293	62	0.81	5.5	16.1	0.0	0.0	17.30	1	1.2758	1.8062	685	688.23	969.22	
1435100	48	698.9	685.5	537.1	685.5	388.5	1.06	4.59	0	1,281	61	0.81	5.5	16.1	0.0	0.0	17.37	1	1.2758	1.8062	685	688.35	969.92	
1435622	48	699.1	684.5	536.3	684.2	388.5	1.25	4.59	0	1,265	60	0.81	5.5	16.1	0.0	0.0	17.41	1	1.2758	1.8219	685	688.54	969.53	
1436154	48	699.2	682.8	536.0	682.8	388.2	1.06	4.59	0	1,248	60	0.81	5.5	16.1	0.0	0.0	17.39	1	1.2758	1.8133	685	688.63	970.08	
1436742	48	699.4	681.5	535.0	681.2	388.2	1.25	4.59	0	1,263	59	0.81	5.5	16.1	0.0	0.0	43.83	1	1.2758	1.8133	685	688.75	958.91	
1437252	49	699.4	680.2	534.3	679.5	388.2	3.31	4.59	0	1,379	59	5.69	5.5	16.1	0.0	0.0	65.77	1	1.2758	1.8047	685	688.84	999.38	
1437789	49	699.3	678.8	533.3	678.8	388.2	4.38	4.59	0	1,317	60	9.75	5.5	16.1	0.0	0.0	91.78	1	1.2758	1.8047	685	688.94	1,131.25	
1438349	49	699.1	677.8	532.6	677.8	387.5	5.25	4.59	0	1,320	60	13.00	5.5	16.1	0.0	0.0	103.10	1	1.2758	1.8047	685	689.03	1,259.06	
1438873	49	699.0	676.8	532.3	676.5	387.8	6.12	4.59	0	1,288	61	15.12	5.5	16.1	0.0	0.0	108.98	1	1.2758	1.8047	685	689.03	1,354.14	
1439484	48	699.0	676.5	532.1	676.2	387.2	7.81	4.59	0	1,412	62	20.56	5.5	16.1	0.0	0.0	118.88	1	1.2758	1.8047	685	689.15	1,456.17	
1440036	48	699.2	676.2	532.1	676.2	387.5	8.19	4.59	0	1,371	63	21.38	5.5	16.1	0.0	0.0	119.30	1	1.2758	1.8133	685	689.15	1,514.22	
1440621	47	699.8	677.5	532.3	677.5	387.5	8.00	4.59	0	1,364	65	21.06	5.5	15.7	0.0	0.0	121.83	1	1.2758	1.7977	685	689.15	1,455.62	
1441165	47	700.6	678.5	533.1	678.8	387.8	5.56	4.59	0	1,397	66	17.56	5.5	16.1	0.0	0.0	86.86	1	1.2758	1.8062	685	689.24	1,246.33	
1441726	46	701.6	680.5	534.3	680.8	387.5	4.56	4.59	0	1,495	66	13.00	5.5	16.1	0.0	0.0	70.27	1	1.2758	1.8062	685	689.33	1,118.67	
1442259	46	702.5	682.5	535.1	682.5	388.2	1.44	4.59	0	1,402	67	4.06	5.5	16.1	0.0	0.0	22.05	1	1.2758	1.8062	685	689.43	1,027.11	
1442767	46	703.1	684.5	536.0	684.5	388.5	1.25	4.59	0	1,407	66	1.12	5.5	16.1	0.0	0.0	13.45	1	1.2758	1.8062	685	689.55	982.97	
1443342	46	703.5	686.5	537.3	686.8	388.2	1.75	4.59	0	1,410	66	1.12	5.5	16.1	0.0	0.0	36.45	1	1.2758	1.8133	685	689.73	967.81	
1443871	46	703.9	688.2	538.3	688.5	388.2	3.00	4.59	0	1,455	66	5.12	5.5	16.1	0.0	0.0	58.73	1	1.2758	1.8219	685	689.85	1,007.11	
1444405	46	704.2	689.5	539.0	689.5	388.5	3.12	4.59	0	1,408	66	5.69	5.5	16.1	0.0	0.0	31.66	1	1.2758	1.8133	690	690.04	1,011.33	
1444931	46	704.3	691.2	539.6	691.5	388.5	1.25	4.59	0	1,427	66	1.62	5.5	16.1	0.0	0.0	40.52	1	1.2758	1.8133	690	690.25	984.84	
1445444	46	704.2	691.8	540.5	692.2	388.5	3.31	4.59	0	1,502	66	7.31	5.5	16.1	0.0	0.0	63.12	1	1.2758	1.8133	690	690.44	1,044.14	
1446001	47	704.0	693.2	541.0	693.5	388.5	4.38	4.59	0	1,472	67	9.19	5.5	16.1	0.0	0.0	77.30	1	1.2758	1.8133	690	690.74	1,119.45	
1446530	47	703.7	694.5	541.5	694.5	388.8	7.12	4.59	0	1,697	68	17.56	5.5	16.1	0.0	0.0	99.59	1	1.2758	1.8133	690	690.93	1,329.77	
1447109	47	703.7	695.5	542.0	695.5	389.2	11.50	4.59	0	1,793	69	26.19	5.5	16.1	0.0	0.0	121.08	1	1.2758	1.8047	690	691.23	1,602.66	
1447675	47	704.1	697.2	542.8	697.2	389.2	15.12	4.59	0	1,824	71	34.06	5.5	16.1	0.0	0.0	125.88	1	1.2758	1.8133	690	691.54	1,648.91	
1448319	47	704.6	698.5	543.8	698.8	389.2	15.31	4.59	0	1,876	73	34.56	5.5	16.1	0.0	0.0	123.98	1	1.2758	1.8219	690	691.84	1,659.45	
1448866	46	705.5	700.8	545.1	701.2	389.8	16.00	4.59	0	1,949	75	37.56	5.5	16.1	0.0	0.0	126.61	1	1.2758	1.8148	690	692.15	1,698.20	
1449493	46	706.9	703.8	546.8	703.8	390.2	17.75	4.59	0	2,007	78	41.06	5.5	16.5	0.0	0.0	128.84	1	1.2758	1.8164	690	692.64	1,707.89	
1450004	46	708.6	706.2	548.3	706.8	390.8	18.25	4.59	0	2,067	80	44.81	5.5	16.5	0.0	0.0	128.86	1	1.2758	1.8250	690	693.25	1,600.00	
1450548	45	710.5	710.2	550.6	710.2	391.2	12.69	4.59	0	2,077	81	23.50	5.5	16.5	0.0	0.0	42.21	1	1.2758	1.8414	690	693.74	1,097.73	
1451137	45	712.2	713.5	552.5	714.2	391.8	1.44	4.59	0	1,987	81	1.38	5.5	16.5	0.0	0.0	20.11	1	1.2758	1.8414	690	694.23	990.47	
1451585	44	713.1	716.2	554.0	716.5	392.5	0.56	4.59	0	1,517	81	1.12	5.5	16.5	0.0	0.0	16.95	1	1.2758	1.8414	690	694.54	976.88	
1452142	44	714.3	719.5	555.6	719.8	392.5	0.56	4.59	0	1,611	80	1.12	5.5	16.5	0.0	0.0	16.85	1	1.2758	1.8258	695	694.94	969.45	
1452672	45	715.1	721.8	557.3	722.2	393.2	0.69	4.59	0	1,668	79	1.12	5.5	16.5	0.0	0.0	16.97	1	1.2758	1.8344	695	695.24	967.27	
1453188	45	715.9	723.5	558.5	723.5	393.5	0.56	4.59	0	1,564	79	1.38	5.5	16.5	0.0	0.0	17.41	1	1.2758	1.8273	695	695.55	973.12	
1453727	46	716.8	724.5	559.1	724.5	393.8	0.56	4.59	0	1,378	78	1.12	5.5	16.5	0.0	0.0	16.73	1	1.2758	1.8359	695	695.85	972.73	
1454247	46	717.5	725.2	559.7	725.2	393.8	0.69	4.59	0	1,372	77	1.12	5.5	16.9	0.0	0.0	16.73	1	1.2758	1.8438	695	696.04	972.97	
1454768	46	718.2	725.2	559.7	725.2	394.5	0.69	4.59	0	1,347	77	0.81	5.5	16.5	0.0	0.0	17.13	1	1.2758	1.8367	695	696.34	972.34	
1455305	46	718.8	724.8	560.0	724.8	394.2	0.88	4.59	0	1,340	76	0.81	5.5	16.5	0.0	0.0	17.13	1	1.2758	1.8367	695	696.53	972.11	
1455907	47	719.5	724.2	559.3	723.5	394.8	0.69	4.59	0	1,327	76	1.12	5.5	16.9	0.0	0.0	17.30	1	1.2758	1.8453	695	696.83	972.03	
1456487	47	720.1	722.8	558.8	722.5	394.8	0.88	4.59	0	1,324	75	0.81	5.5	16.9	0.0	0.0	17.16	1	1.2758	1.8453	695	697.05	971.56	
1457113	47	720.6	721.5	558.5	721.2	395.2	0.88	4.59	0	1,313	74	0.81	5.5	16.9	0.0	0.0	17.34	1	1.2758	1.8453	695	697.35	970.70	
1457634	47	721.1	719.8	557.3	719.5	395.2	0.69	4.59	0	1,303	74	0.81	5.5	16.9	0.0	0.0	17.39	1	1.2758	1.8453	695	697.44	970.86	
1458206	48	721.6	717.2	556.3	717.2	395.2	0.69	4.59	0	1,286	73	0.81	5.5	16.9	0.0	0.0	17.53	1	1.2758	1.8453	695	697.75	970.94	
1458743	48	722.0	715.8	555.5	715.5	395.5	0.69	4.59	0	1,259	72	0.81	5.5	16.9	0.0	0.0	17.23	1	1.2758	1.8453	695	697.94	970.94	
1459261	48	722.4	713.5	554.8	713.5	395.5	0.88	4.59	0	1,255	70	0.81	5.5	16.5	0.0	0.0	17.60	1	1.2758	1.8367	695	698.15	970.00	
1459790	48	722.8	711.8	553.5	711.5	395.2	1.25	4.59	0	1,360	69	1.12	5.5	16.5	0.0	0.0	11.79	1	1.2758	1.8367	695	698.33	966.88	
1460372	48	723.1	709.2	552.3	709.2	395.5	0.69	4.59	0	1,360	66	0.81	5.5	16.5	0.0	0.0	17.53	1	1.2758	1.8523	695	698.55	968.44	
1460901	48	723.5	707.2	551.5	706.8	395.2	0.69	4.59	0	1,344	64	0.81	5.5	16.9	0.0	0.0	18.02	1	1.2758	1.8438	695	698.73	970.08	
1461428	49	723.7	704.8	550.2	704.5	395.2	0.69	4.59	0	1,321	63	0.81	5.5	16.9	0.0	0.0	18.02	1	1.2758	1.8438	695	699.04	970.70	
1461992	49	724.0	702.2	548.8	702.2	394.8	0.69	4.59	0	1,297	62	0.81	5.5	16.5	0.0	0.0	18.23	1	1.2758	1.8359	695	699.25	970.55	
1462539	49	724.3	700.5	547.6	699.8	394.5	0.88	4.59	0	1,291	61	0.81	5.5	16.5	0.0	0.0	18.09	1	1.2758	1.8359	695	699.53	970.70	
1463129	49	724.7	698.2	546.3	697.5	394.8	0.88	4.59	0	1,278	61	0.81	5.5	16.5	0.0	0.0	18.21	1	1.2758	1.8359	695	699.83	970.47	
1463676	49	724.9	695.8	545.1	695.5	394.5	1.06	4.59	0	1,273	61	0.81	5.5	16.5	0.0	0.0	18.49	1	1.2758	1.8359	700	700.05	970.47	
1464232	49	725.2	693.2	543.8	692.8	393.8	1.06	4.59	0	1,262	60	0.81	5.5	16.5	0.0	0.0	18.16	1	1.2758	1.8359	700	700.35	970.55	
1464744	49	725.4	691.5	542.8	690.8	394.2	1.06	4.59	0	1,252	60	0.81	5.5	16.5	0.0	0.0	18.54	1	1.2758	1.8359	700	700.54	969.69	
1465354	49	725.6	689.2	541.8	688.8	394.2	1.06	4.59	0	1,246	59	0.81	5.5	16.5	0.0	0.0	18.63	1	1.2758	1.8359	700	700.75	969.84	
1465860	50	725.8	686.8	540.3	686.5	393.5	1.06	4.59	0	1,235	59	0.56	5.5	16.5	0.0	0.0	18.42	1	1.2758	1.8359	700	700.94	969.45	
1466385	50	726.0	684.8	539.5	684.5	393.5	1.06	4.59	0	1,221	58	0.81	5.5	16.5	0.0	0.0	18.68	1	1.2758	1.8359	700	701.15	969.30	
1466980	50	726.2	682.5	538.0	682.2	393.2	1.06	4.59	0	1,213	58	0.56	5.5	16.5	0.0	0.0	19.31	1	1.2758	1.8359	700	701.33	969.30	
1467495	50	726.4	680.2	536.8	679.8	392.8	1.44	4.59	0	1,244	58	0.81	5.5	16.5	0.0	0.0	31.15	1	1.2758	1.8359	700	701.55	961.33	
1468070	50	726.5	678.2	535.6	677.8	392.5	2.62	4.59	0	1,322	58	3.00	5.5	16.5	0.0	0.0	53.72	1	1.2758	1.8359	700	701.85	974.38	
1468593	50	726.6	676.5	534.5	676.2	392.5	2.81	4.59	0	1,274	58	5.12	5.5	16.5	0.0	0.0	69.52	1	1.2758	1.8359	700	702.04	1,013.98	
1469149	50	726.6	674.2	533.5	674.2	392.8	3.69	4.59	0	1,285	59	7.56	5.5	16.5	0.0	0.0	59.32	1	1.2758	1.8359	700	702.44	1,048.05	
1469656	50	726.5	673.5	532.7	673.5	391.8	1.44	4.59	0	1,242	59	2.19	5.5	16.5	0.0	0.0	20.11	1	1.2758	1.8359	700	702.65	1,002.19	
1470242	49	726.4	672.2	532.1	671.8	391.8	1.44	4.59	0	1,240	59	0.56	5.5	16.5	0.0	0.0	14.81	1	1.2758	1.8359	700	702.93	967.27	
1470755	49	726.2	671.5	531.6	671.5	391.8	2.25	4.59	0	1,314	59	1.94	5.5	16.5	0.0	0.0	44.44	1	1.2758	1.8430	700	703.14	970.86	
1471251	49	725.9	670.8	531.3	670.5	391.2	2.81	4.59	0	1,372	59	4.88	5.5	16.5	0.0	0.0	61.52	1	1.2758	1.8344	700	703.44	1,005.23	
1471759	49	725.5	670.2	530.6	670.5	390.8	3.50	4.59	0	1,311	60	6.50	5.5	16.5	0.0	0.0	70.15	1	1.2758	1.8344	700	703.75	1,033.36	
1472342	49	725.0	669.5	530.1	669.8	391.2	3.69	4.59	0	1,316	61	7.56	5.5	16.5	0.0	0.0	74.67	1	1.2758	1.8344	700	704.15	1,096.64	
1472855	49	724.7	669.5	530.0	669.5	390.8	2.12	4.59	0	1,289	61	4.31	5.5	16.5	0.0	0.0	29.16	1	1.2758	1.8344	700	704.43	1,028.98	
1473378	49	724.3	669.8	530.3	670.2	390.5	1.25	4.59	0	1,278	61	1.12	5.5	16.5	0.0	0.0	14.88	1	1.2758	1.8344	700	704.64	983.05	
1474040	48	723.9	669.8	530.1	669.5	390.2	1.44	4.59	0	1,274	61	0.56	5.5	16.5	0.0	0.0	15.98	1	1.2758	1.8344	705	704.94	960.47	
1474574	48	723.5	670.2	530.2	670.5	389.8	2.12	4.59	0	1,343	61	1.62	5.5	16.5	0.0	0.0	40.43	1	1.2758	1.8344	705	705.25	965.55	
1475146	49	722.7	670.5	530.1	670.5	390.2	2.44	4.59	0	1,350	61	3.81	5.5	16.5	0.0	0.0	53.34	1	1.2758	1.8344	705	705.53	989.92	
1475689	49	721.9	670.2	530.1	670.5	389.8	3.00	4.59	0	1,324	61	4.62	5.5	16.5	0.0	0.0	56.34	1	1.2758	1.8344	705	705.83	1,020.94	
1476218	49	720.9	670.5	530.0	670.8	389.5	2.81	4.59	0	1,332	62	4.88	5.5	16.5	0.0	0.0	57.98	1	1.2758	1.8344	705	706.14	1,047.89	
1476764	49	719.7	671.2	530.3	670.8	389.5	4.19	4.59	0	1,239	62	1.94	5.5	16.5	0.0	0.0	23.25	1	1.2758	1.8344	705	706.35	996.80	
1477344	48	718.7	671.2	530.5	671.5	389.2	2.25	4.59	0	1,365	62	1.94	5.5	16.5	0.0	0.0	43.52	1	1.2758	1.8344	705	706.54	980.94	
1477842	48	717.4	672.2	530.5	672.2	389.2	3.00	4.59	0	1,416	62	5.44	5.5	16.5	0.0	0.0	55.62	1	1.2758	1.8344	705	706.84	1,011.25	
1478355	49	716.2	671.8	530.8	672.5	389.2	0.00	4.59	0	1,246	62	1.62	5.5	16.5	0.0	0.0	21.75	1	1.2758	1.8344	705	706.94	988.91	
1478901	48	715.1	672.8	530.8	672.8	388.8	1.06	4.59	0	1,301	62	0.81	5.5	16.5	0.0	0.0	11.95	1	1.2758	1.8344	705	707.15	969.22	
1479407	48	714.1	673.5	531.1	673.8	388.8	0.00	4.59	0	1,237	59	0.31	5.5	16.5	0.0	0.0	16.52	1	1.2758	1.8344	705	707.24	963.28	
1479927	48	713.3	673.8	531.1	673.8	388.8	1.06	4.59	0	1,231	58	0.56	5.5	16.5	0.0	0.0	17.67	1	1.2758	1.8344	705	707.33	962.27	
1480444	48	712.5	674.2	531.1	674.2	388.5	1.06	4.59	0	1,194	56	0.56	5.5	16.5	0.0	0.0	17.20	1	1.2758	1.8344	705	707.43	966.09	
1481006	48	711.8	673.8	531.3	673.5	388.2	2.62	4.59	0	1,088	50	0.81	5.5	16.5	0.0	0.0	12.68	1	1.2758	1.8344	705	707.55	963.91	
1481544	49	711.2	673.5	530.6	673.5	388.2	1.75	4.59	0	1,120	46	0.56	5.5	16.5	0.0	0.0	13.48	1	1.2758	1.8344	705	707.64	961.88	
1482109	49	710.5	672.8	530.5	672.5	387.8	1.56	4.59	0	1,152	44	0.56	5.5	16.5	0.0	0.0	12.66	1	1.2758	1.8344	705	707.73	959.77	
1482722	49	709.9	671.8	529.8	671.5	387.5	1.44	4.59	0	1,142	44	0.31	5.5	16.5	0.0	0.0	14.91	1	1.2758	1.8344	705	707.85	958.12	
1483157	49	709.3	670.5	529.1	670.8	387.5	1.75	4.59	0	1,393	42	0.81	5.5	16.5	0.0	0.0	10.71	1	1.2758	1.8344	705	707.94	957.89	
1483669	49	708.8	669.8	528.8	669.8	387.5	0.88	4.59	0	1,393	41	1.12	5.5	16.5	0.0	0.0	18.23	1	1.2758	1.8344	705	707.94	962.66	
1484216	49	708.3	668.8	527.8	668.8	387.2	0.88	4.59	0	1,381	40	1.12	5.5	16.5	0.0	0.0	19.95	1	1.2758	1.8344	705	708.04	967.34	
1484772	49	707.9	667.5	527.3	667.2	386.5	1.56	4.59	0	1,400	40	1.12	5.5	16.5	0.0	0.0	36.96	1	1.2758	1.8344	705	708.13	956.95	
1485285	50	707.4	666.5	526.8	665.8	386.8	3.12	4.59	0	1,463	41	5.44	5.5	16.5	0.0	0.0	61.71	1	1.2758	1.8344	705	708.13	994.69	
1485802	50	706.5	665.2	526.0	665.2	386.2	4.00	4.59	0	1,487	42	8.12	5.5	16.5	0.0	0.0	74.16	1	1.2758	1.8344	705	708.13	1,078.05	
1486346	50	705.4	664.5	525.3	664.5	386.5	4.69	4.59	0	1,488	43	10.25	5.5	16.5	0.0	0.0	90.54	1	1.2758	1.8344	705	707.94	1,188.98	
1486911	49	704.2	663.5	525.0	663.5	386.2	7.31	4.59	0	1,555	45	18.38	5.5	16.5	0.0	0.0	109.08	1	1.2758	1.8344	705	707.64	1,400.23	
1487465	49	703.1	663.5	524.8	663.8	385.8	8.50	4.59	0	1,618	47	23.25	5.5	16.5	0.0	0.0	105.09	1	1.2758	1.8344	705	707.24	1,370.94	
1488049	49	702.1	664.2	524.8	664.2	385.8	9.75	4.59	0	1,669	49	24.06	5.5	16.5	0.0	0.0	111.73	1	1.2758	1.8430	705	706.63	1,540.70	
1488585	48	701.3	664.8	525.5	665.5	385.8	11.50	4.59	0	1,725	51	29.19	5.5	16.5	0.0	0.0	112.73	1	1.2758	1.8359	705	706.05	1,485.62	
1489097	48	700.7	666.5	526.2	666.5	386.2	12.69	4.59	0	1,796	53	28.94	5.5	16.9	0.0	0.0	119.04	1	1.2758	1.8438	705	705.34	1,591.02	
1489614	48	700.4	668.8	527.3	669.2	386.2	14.62	4.59	0	1,844	55	32.94	5.5	16.5	0.0	0.0	119.81	1	1.2758	1.8367	700	704.43	1,575.31	
1490140	47	700.4	670.8	528.3	671.2	386.2	15.50	4.59	0	1,987	57	35.38	5.5	16.9	0.0	0.0	123.12	1	1.2758	1.8453	700	703.75	1,659.22	
1490821	47	700.8	674.2	530.5	674.8	386.8	17.19	4.59	0	2,046	60	40.50	5.5	16.5	0.0	0.0	125.04	1	1.2758	1.8383	700	702.93	1,669.92	
1491358	47	701.5	677.5	532.0	678.2	386.8	17.88	4.59	0	2,113	63	44.56	5.5	16.9	0.0	0.0	126.40	1	1.2758	1.8547	700	702.25	1,677.89	
1491924	47	702.8	682.5	534.8	682.5	387.8	19.12	4.59	0	2,247	66	48.38	5.5	16.9	0.0	0.0	124.88	1	1.2758	1.8477	700	701.64	1,694.69	
1492431	47	704.6	686.5	537.1	686.5	388.2	20.88	4.59	0	2,308	68	51.88	5.5	16.9	0.0	0.0	124.31	1	1.2758	1.8633	700	701.33	1,673.28	
1492983	46	706.8	690.5	539.3	691.2	388.8	21.56	4.59	0	2,416	71	55.12	5.5	16.9	0.0	0.0	120.16	1	1.2758	1.8570	700	701.24	1,538.98	
1493496	46	709.2	695.5	541.8	695.8	389.5	8.19	4.59	0	2,421	72	17.00	5.5	17.3	0.0	0.0	39.80	1	1.2758	1.8648	700	701.24	1,060.55	
1494066	46	711.8	700.8	545.0	700.8	390.2	0.88	4.59	0	2,461	72	1.94	5.5	17.3	0.0	0.0	14.48	1	1.2758	1.8648	700	701.33	979.14	
1494583	45	713.4	704.8	547.2	705.2	390.8	2.62	4.59	0	2,442	72	1.94	5.5	17.3	0.0	0.0	11.81	1	1.2758	1.8727	700	701.33	961.56	
1495130	45	714.9	709.2	550.1	709.5	391.5	2.62	4.59	0	2,160	71	0.81	5.5	17.3	0.0	0.0	18.00	1	1.2758	1.8805	700	701.55	963.52	
1495638	46	716.1	712.5	552.1	712.8	391.5	1.25	4.59	0	1,862	70	0.81	5.5	17.3	0.0	0.0	17.30	1	1.2758	1.8734	700	701.55	972.66	
1496166	46	717.4	715.5	553.5	715.5	391.8	0.88	4.59	0	1,795	70	1.12	5.5	17.6	0.0	0.0	17.23	1	1.2758	1.8750	700	701.64	975.55	
1496662	46	718.4	717.5	555.1	717.8	392.8	0.88	4.59	0	1,776	69	1.12	5.5	17.6	0.0	0.0	17.30	1	1.2758	1.8828	700	701.73	976.02	
1497190	47	719.4	718.8	556.2	719.5	392.8	0.56	4.59	0	1,539	68	1.12	5.5	17.3	0.0	0.0	17.11	1	1.2758	1.8836	700	701.85	975.23	
1497752	47	720.3	720.5	557.0	720.8	393.5	0.56	4.59	0	1,419	67	1.12	5.5	17.6	0.0	0.0	17.11	1	1.2758	1.8914	700	701.94	974.14	
1498287	47	721.2	720.8	557.1	720.8	393.8	0.69	4.59	0	1,374	66	1.12	5.5	17.6	0.0	0.0	17.18	1	1.2758	1.8844	700	701.94	973.75	
1498815	47	722.1	721.2	557.7	720.8	393.8	0.69	4.59	0	1,365	65	1.12	5.5	17.6	0.0	0.0	17.32	1	1.2758	1.8922	700	702.04	972.89	
1499397	48	722.7	720.8	557.5	720.8	394.2	0.88	4.59	0	1,293	62	0.81	5.5	17.6	0.0	0.0	17.39	1	1.2758	1.8922	700	702.13	972.27	
1499925	48	723.4	719.8	557.1	719.8	394.5	0.88	4.59	0	1,225	59	0.81	5.5	17.6	0.0	0.0	17.34	1	1.2758	1.8922	700	702.13	970.62	
1500441	48	724.1	718.5	557.0	718.5	394.8	0.88	4.59	0	1,179	56	0.56	5.5	17.6	0.0	0.0	17.13	1	1.2758	1.9000	700	702.25	969.92	
1500973	48	724.7	717.5	556.1	717.5	395.2	1.06	4.59	0	1,117	53	0.56	5.5	17.6	0.0	0.0	16.90	1	1.2758	1.9000	700	702.34	967.89	
1501552	48	725.2	716.2	555.7	715.8	395.5	1.06	4.59	0	1,276	50	0.81	5.5	17.6	0.0	0.0	11.79	0	1.2758	1.8922	700	702.44	964.38	
1502121	48	725.7	714.5	555.0	714.5	395.5	1.06	4.59	0	1,240	50	0.56	5.5	17.6	0.0	0.0	17.04	0	1.2758	1.8922	700	702.53	965.70	
1502677	49	726.2	712.5	554.0	712.5	395.5	1.06	4.59	0	1,264	49	0.81	5.5	17.6	0.0	0.0	17.91	0	1.2758	1.8922	700	702.65	967.73	
1503180	49	726.6	711.2	553.3	710.8	395.5	1.25	4.59	0	1,242	48	0.81	5.5	17.6	0.0	0.0	17.95	0	1.2758	1.9062	700	702.74	968.05	
1503729	49	727.0	709.2	552.3	709.2	395.8	1.25	4.59	0	1,229	48	0.56	5.5	17.6	0.0	0.0	17.70	0	1.2758	1.8992	700	702.83	968.52	
1504293	49	727.5	706.8	551.1	706.8	395.5	1.25	4.59	0	1,206	47	0.56	5.5	17.6	0.0	0.0	17.86	0	1.2758	1.8992	700	703.05	968.36	
1504856	49	727.8	704.8	550.1	704.5	395.5	1.25	4.59	0	1,191	46	0.56	5.5	17.6	0.0	0.0	19.15	0	1.2758	1.8914	700	703.14	969.06	
1505378	49	728.1	702.8	549.3	702.8	395.5	1.44	4.59	0	1,194	46	0.81	5.5	18.0	0.0	0.0	39.94	0	1.2758	1.9062	700	703.35	958.20	
1505895	50	728.5	700.8	548.6	700.8	395.8	2.81	4.59	0	1,291	46	4.06	5.5	18.0	0.0	0.0	60.98	0	1.2758	1.9062	700	703.54	983.59	
1506465	50	728.8	698.5	547.3	698.5	395.8	3.50	4.59	0	1,234	47	6.25	5.5	18.0	0.0	0.0	73.34	0	1.2758	1.9062	700	703.84	1,057.73	
1507006	50	729.2	696.8	546.5	696.8	395.5	3.81	4.59	0	1,280	48	7.56	5.5	18.0	0.0	0.0	77.23	0	1.2758	1.9062	700	704.24	1,111.09	
1507589	50	729.8	695.5	545.6	695.5	395.8	3.31	4.59	0	1,273	49	7.56	5.5	17.6	0.0	0.0	48.21	0	1.2758	1.8984	700	704.55	1,070.47	
1508204	49	730.3	694.5	545.1	694.5	395.8	1.94	4.59	0	1,162	48	1.94	5.5	17.6	0.0	0.0	15.89	0	1.2758	1.8984	705	704.94	990.70	
1508716	49	730.6	693.8	544.6	693.5	395.5	1.44	4.59	0	1,234	48	0.56	5.5	17.6	0.0	0.0	11.11	0	1.2758	1.8906	705	705.25	969.84	
1509241	49	730.8	693.2	544.3	693.2	395.5	1.44	4.59	0	1,217	47	0.56	5.5	17.6	0.0	0.0	17.23	0	1.2758	1.8906	705	705.53	964.61	
1509758	49	731.0	692.8	544.1	692.8	395.5	1.25	4.59	0	1,239	47	0.81	5.5	17.6	0.0	0.0	33.21	0	1.2758	1.8969	705	705.83	955.94	
1510280	49	731.2	691.8	543.8	691.5	395.2	3.00	4.59	0	1,301	47	4.31	5.5	17.6	0.0	0.0	61.80	0	1.2758	1.8891	705	706.23	982.19	
1510823	49	731.2	690.8	543.1	690.8	395.5	3.50	4.59	0	1,236	48	6.25	5.5	17.6	0.0	0.0	73.31	0	1.2758	1.8891	705	706.63	1,058.36	
1511357	49	731.1	690.5	542.8	690.2	395.5	3.69	4.59	0	1,268	48	7.88	5.5	17.6	0.0	0.0	77.88	0	1.2758	1.8891	705	707.03	1,117.73	
1511876	49	731.1	689.8	542.5	689.5	395.5	4.19	4.59	0	1,308	49	8.94	5.5	17.6	0.0	0.0	80.65	0	1.2758	1.8891	705	707.43	1,163.20	
1512392	49	731.2	689.5	542.6	689.5	395.5	4.38	4.59	0	1,321	50	9.75	5.5	17.6	0.0	0.0	82.43	0	1.2758	1.8891	705	707.85	1,191.72	
1512908	49	731.2	689.2	542.3	689.5	395.5	4.69	4.59	0	1,370	51	11.06	5.5	17.6	0.0	0.0	83.23	0	1.2758	1.8891	705	708.34	1,191.48	
1513421	48	731.2	689.8	542.6	689.8	395.5	4.56	4.59	0	1,361	52	11.62	5.5	17.6	0.0	0.0	59.16	0	1.2758	1.8891	705	708.74	1,116.33	
1513997	48	731.2	690.2	542.8	690.2	395.5	1.75	4.59	0	1,292	52	2.44	5.5	17.6	0.0	0.0	16.76	0	1.2758	1.8891	705	709.05	1,009.61	
1514553	47	731.1	690.5	543.3	690.8	395.8	1.06	4.59	0	1,322	51	0.56	5.5	17.6	0.0	0.0	26.91	0	1.2758	1.8891	705	709.44	977.97	
1515077	47	730.9	691.5	543.5	691.5	395.5	1.44	4.59	0	1,395	51	1.62	5.5	17.6	0.0	0.0	21.14	0	1.2758	1.8891	705	709.75	970.78	
1515607	48	730.6	692.5	543.8	692.5	395.8	1.06	4.59	0	1,289	50	0.56	5.5	17.6	0.0	0.0	12.21	0	1.2758	1.8891	710	710.15	962.73	
1516221	48	730.3	692.5	544.0	692.5	395.5	0.56	4.59	0	1,274	50	0.00	5.5	17.6	0.0	0.0	16.01	0	1.2758	1.8891	710	710.43	960.31	
1516784	48	730.1	692.8	544.0	692.8	395.8	1.06	4.59	0	1,245	49	0.56	5.5	17.6	0.0	0.0	17.55	0	1.2758	1.8891	710	710.73	959.84	
1517328	48	729.8	692.8	544.1	692.5	396.2	1.44	4.59	0	1,004	48	0.00	5.5	17.6	0.0	0.0	17.23	0	1.2758	1.8891	710	711.13	962.42	
1517884	48	729.6	691.8	544.0	691.8	395.5	1.56	4.59	0	990	47	0.56	5.5	17.6	0.0	0.0	16.97	0	1.2758	1.8891	710	711.44	961.56	
1518440	48	729.4	691.5	543.6	691.2	395.5	1.56	4.59	0	973	46	0.31	5.5	17.6	0.0	0.0	16.76	0	1.2758	1.8891	710	711.74	961.17	
1519015	49	729.2	690.5	542.8	690.5	395.2	1.94	4.59	0	1,116	45	0.56	5.5	17.6	0.0	0.0	11.09	0	1.2758	1.8891	710	712.05	959.84	
1519519	49	729.0	689.2	542.5	689.5	395.5	3.31	4.59	0	1,154	44	0.81	5.5	17.6	0.0	0.0	36.45	0	1.2758	1.8891	710	712.35	950.86	
1520064	49	728.7	688.2	541.7	687.8	395.5	3.12	4.59	0	1,284	44	4.62	5.5	17.6	0.0	0.0	66.33	0	1.2758	1.8891	710	712.63	988.28	
1520628	49	728.2	686.5	541.1	686.5	394.8	3.50	4.59	0	1,199	45	6.25	5.5	17.6	0.0	0.0	82.92	0	1.2758	1.8891	710	712.94	1,080.47	
1521205	49	727.5	685.2	540.5	685.5	394.8	4.56	4.59	0	1,221	45	10.00	5.5	17.6	0.0	0.0	96.70	0	1.2758	1.8891	710	713.24	1,200.31	
1521712	49	726.9	684.8	539.6	684.8	394.8	5.38	4.59	0	1,287	46	12.44	5.5	17.6	0.0	0.0	103.22	0	1.2758	1.8891	710	713.43	1,282.81	
1522363	49	726.2	684.5	539.5	684.2	395.2	6.12	4.59	0	1,288	47	14.62	5.5	17.6	0.0	0.0	107.41	0	1.2758	1.8891	710	713.64	1,320.47	
1522903	49	725.5	684.5	539.7	684.2	395.2	5.94	4.59	0	1,253	49	14.62	5.5	17.6	0.0	0.0	107.11	0	1.2758	1.8891	710	713.73	1,285.39	
1523497	48	724.9	684.8	540.0	684.8	394.8	5.25	4.59	0	1,286	50	14.62	5.5	17.6	0.0	0.0	90.87	0	1.2758	1.8969	710	713.85	1,172.27	
1524057	48	724.5	686.2	540.6	686.2	395.2	3.69	4.59	0	1,311	50	11.06	5.5	17.6	0.0	0.0	63.75	0	1.2758	1.8969	710	713.85	1,066.72	
1524601	48	724.2	687.5	541.1	687.5	395.2	3.50	4.59	0	1,439	51	8.38	5.5	17.6	0.0	0.0	70.52	0	1.2758	1.8969	710	713.85	1,066.95	
1525256	47	724.1	688.8	541.7	688.8	395.5	4.69	4.59	0	1,343	52	11.38	5.5	17.6	0.0	0.0	93.54	0	1.2758	1.8891	710	713.85	1,246.95	
1525765	48	724.0	690.5	542.6	690.2	395.5	4.38	4.59	0	1,406	52	12.69	5.5	17.6	0.0	0.0	69.94	0	1.2758	1.8891	710	713.85	1,064.61	
1526290	47	723.9	692.2	543.8	692.5	395.8	2.12	4.59	0	1,367	52	4.62	5.5	17.3	0.0	0.0	29.58	0	1.2758	1.8813	710	713.94	1,033.05	
1526821	47	723.8	693.8	545.0	694.2	396.2	1.56	4.59	0	1,354	52	0.81	5.5	17.6	0.0	0.0	25.15	0	1.2758	1.8961	710	713.94	975.00	
1527361	47	723.6	695.8	546.0	695.8	396.2	2.62	4.59	0	1,170	51	3.25	5.5	17.6	0.0	0.0	68.27	0	1.2758	1.8883	710	713.94	1,000.62	
1527871	47	723.3	697.2	546.8	697.5	396.2	3.12	4.59	0	1,106	52	5.44	5.5	17.6	0.0	0.0	81.75	0	1.2758	1.8883	710	714.04	1,055.39	
1528400	48	723.1	698.5	547.5	698.8	396.2	4.38	4.59	0	1,237	52	9.19	5.5	17.6	0.0	0.0	93.21	0	1.2758	1.8883	710	714.04	1,180.86	
1528937	48	723.0	699.8	548.3	699.8	396.5	6.25	4.59	0	1,408	53	16.75	5.5	17.6	0.0	0.0	103.57	0	1.2758	1.8883	710	714.13	1,255.39	
1529458	48	723.1	701.2	549.0	701.5	396.8	5.94	4.59	0	1,400	54	16.75	5.5	17.6	0.0	0.0	73.20	0	1.2758	1.8883	710	714.13	1,105.16	
1529977	47	723.2	702.5	549.5	702.8	397.2	2.12	4.59	0	1,387	54	3.81	5.5	17.6	0.0	0.0	23.06	0	1.2758	1.8883	710	714.13	1,020.55	
1530517	47	723.2	704.5	551.0	704.8	397.2	1.44	4.59	0	1,345	53	0.81	5.5	17.6	0.0	0.0	11.30	0	1.2758	1.8883	710	714.25	978.52	
1531061	47	723.2	706.2	551.5	706.5	397.5	1.06	4.59	0	1,314	52	0.56	5.5	17.6	0.0	0.0	15.80	0	1.2758	1.8883	710	714.25	966.80	
1531646	47	723.2	707.5	552.2	707.5	397.5	1.06	4.59	0	1,211	51	0.56	5.5	17.6	0.0	0.0	17.04	0	1.2758	1.8883	710	714.34	962.81	
1532233	47	723.2	708.2	552.8	708.2	397.8	1.44	4.59	0	1,063	50	0.31	5.5	17.6	0.0	0.0	16.99	0	1.2758	1.8883	710	714.44	965.94	
1532745	47	723.2	708.8	553.3	708.5	397.8	1.44	4.59	0	1,040	49	0.31	5.5	17.6	0.0	0.0	16.57	0	1.2758	1.8883	710	714.44	964.92	
1533297	48	723.2	708.8	553.3	708.8	397.5	1.44	4.59	0	1,024	49	0.31	5.5	17.6	0.0	0.0	16.71	0	1.2758	1.8883	710	714.53	963.59	
1533904	48	723.2	708.5	553.5	708.8	398.2	1.56	4.59	0	994	47	0.00	5.5	17.6	0.0	0.0	16.55	0	1.2758	1.8883	710	714.65	962.19	
1534466	48	723.2	707.8	553.2	707.8	398.2	1.56	4.59	0	976	46	0.00	5.5	17.6	0.0	0.0	16.50	0	1.2758	1.8883	710	714.74	961.48	
1534980	48	723.2	707.2	552.3	706.8	397.8	1.56	4.59	0	961	46	0.31	5.5	17.6	0.0	0.0	16.59	0	1.2758	1.8883	710	714.83	960.70	
1535520	48	723.2	705.8	552.0	705.8	398.2	1.25	4.59	0	1,136	45	0.31	5.5	17.3	0.0	0.0	15.47	0	1.2758	1.8805	715	714.93	960.00	
1536086	49	723.2	704.8	551.3	704.5	397.8	1.44	4.59	0	1,093	44	0.56	5.5	17.3	0.0	0.0	16.64	0	1.2758	1.8805	715	715.05	961.72	
1536620	49	723.2	702.8	550.5	702.8	397.8	1.44	4.59	0	1,107	43	0.56	5.5	17.6	0.0	0.0	16.90	0	1.2758	1.8875	715	715.23	962.34	
1537137	49	723.2	701.8	550.2	701.8	398.2	1.44	4.59	0	1,071	41	0.31	5.5	17.6	0.0	0.0	16.78	0	1.2758	1.8875	715	715.35	962.34	
1537708	49	723.2	700.5	549.1	700.2	397.5	1.44	4.59	0	1,037	40	0.31	5.5	17.6	0.0	0.0	12.98	0	1.2758	1.8875	715	715.44	959.45	
1538224	49	723.2	698.8	548.5	698.8	397.8	2.62	4.59	0	1,120	40	2.19	5.5	17.3	0.0	0.0	60.40	0	1.2758	1.8797	715	715.54	960.23	
1538688	50	723.1	697.2	547.5	697.2	397.5	3.12	4.59	0	1,153	40	5.12	5.5	17.3	0.0	0.0	77.81	0	1.2758	1.8797	715	715.63	1,013.98	
1539205	50	722.9	695.5	546.6	695.2	397.5	3.81	4.59	0	1,120	40	7.56	5.5	17.3	0.0	0.0	85.27	0	1.2758	1.8797	715	715.75	1,113.12	
1539676	50	722.7	694.5	546.1	694.5	397.5	5.75	4.59	0	1,388	40	14.31	5.5	17.3	0.0	0.0	103.80	0	1.2758	1.8719	715	715.75	1,264.61	
1540155	49	722.6	693.8	545.6	694.2	397.2	6.25	4.59	0	1,390	41	17.56	5.5	17.3	0.0	0.0	100.52	0	1.2758	1.8719	715	715.75	1,235.62	
1540708	49	722.4	693.5	545.5	693.2	397.2	5.75	4.59	0	1,426	42	17.81	5.5	17.3	0.0	0.0	93.94	0	1.2758	1.8797	715	715.75	1,178.67	
1541207	49	722.3	693.5	545.5	693.5	397.5	5.38	4.59	0	1,506	43	17.00	5.5	17.3	0.0	0.0	78.52	0	1.2758	1.8797	715	715.63	1,112.81	
1541773	49	722.2	694.2	545.6	694.2	397.5	5.25	4.59	0	1,507	43	14.62	5.5	17.3	0.0	0.0	92.53	0	1.2758	1.8797	715	715.54	1,201.72	
1542300	49	722.2	695.2	546.0	694.8	397.2	3.00	4.59	0	1,540	43	7.56	5.5	17.6	0.0	0.0	32.34	0	1.2758	1.8875	715	715.44	1,060.08	
1542854	48	722.0	696.8	547.1	696.8	397.8	2.12	4.59	0	1,575	43	2.19	5.5	17.3	0.0	0.0	39.02	0	1.2758	1.8797	715	715.35	1,004.30	
1543378	48	721.7	698.5	548.2	698.5	397.8	3.12	4.59	0	1,459	43	5.69	5.5	17.3	0.0	0.0	60.33	0	1.2758	1.8797	715	715.35	1,028.59	
1543870	48	721.1	700.2	548.6	700.5	397.8	3.69	4.59	0	1,512	43	7.88	5.5	17.6	0.0	0.0	62.02	0	1.2758	1.8867	715	715.23	1,027.50	
1544407	48	720.4	701.5	549.7	701.8	398.2	3.69	4.59	0	1,506	44	9.50	5.5	17.6	0.0	0.0	64.92	0	1.2758	1.8867	715	715.14	1,018.20	
1544922	48	719.5	703.2	550.7	703.2	398.2	3.81	4.59	0	1,551	44	9.50	5.5	17.3	0.0	0.0	60.63	0	1.2758	1.8789	715	715.05	1,028.75	
1545438	48	718.5	704.5	551.5	704.8	398.8	3.81	4.59	0	1,541	45	8.69	5.5	17.3	0.0	0.0	60.02	0	1.2758	1.8789	715	714.93	1,037.27	
1546046	48	717.2	707.2	552.6	707.2	398.8	3.69	4.59	0	1,593	45	8.69	5.5	17.3	0.0	0.0	58.38	0	1.2758	1.8789	710	714.74	1,018.59	
1546617	48	715.9	708.5	553.5	708.5	398.8	1.94	4.59	0	1,519	45	3.25	5.5	17.3	0.0	0.0	24.49	0	1.2758	1.8789	710	714.53	1,003.20	
1547156	48	714.9	710.8	554.8	710.8	398.8	1.25	4.59	0	1,506	45	1.38	5.5	17.3	0.0	0.0	12.80	0	1.2758	1.8789	710	714.44	973.83	
1547707	48	714.0	712.2	555.5	712.2	399.2	-0.62	4.59	0	1,433	43	0.56	5.5	17.3	0.0	0.0	16.43	0	1.2758	1.8789	710	714.34	964.69	
1548262	48	713.3	713.8	556.6	714.2	399.2	0.88	4.59	0	1,421	42	1.12	5.5	17.3	0.0	0.0	17.41	0	1.2758	1.8789	710	714.34	962.81	
1548844	48	712.5	714.8	557.0	715.2	399.8	0.88	4.59	0	1,385	40	1.12	5.5	17.3	0.0	0.0	17.27	0	1.2758	1.8789	710	714.25	968.36	
1549422	48	712.0	715.5	557.6	715.5	399.8	1.06	4.59	0	1,332	39	0.81	5.5	17.3	0.0	0.0	17.48	0	1.2758	1.8789	710	714.13	968.98	
1550025	49	711.5	715.2	557.5	715.5	400.2	1.06	4.59	0	1,287	38	0.81	5.5	17.3	0.0	0.0	17.32	0	1.2758	1.8703	710	714.13	969.06	
1550737	49	711.0	714.8	557.0	714.8	399.8	1.25	4.59	0	1,245	37	0.81	5.5	17.3	0.0	0.0	17.16	0	1.2758	1.8703	710	714.13	967.66	
1551281	49	710.6	714.2	557.0	713.8	399.5	1.25	4.59	0	1,204	35	0.81	5.5	17.3	0.0	0.0	17.34	0	1.2758	1.8703	710	714.13	967.34	
1551817	49	710.2	712.8	556.5	712.5	400.2	1.25	4.59	0	1,162	34	0.56	5.5	17.3	0.0	0.0	17.55	0	1.2758	1.8773	710	714.13	966.56	
1552340	49	710.0	711.8	556.0	711.8	400.2	1.44	4.59	0	1,127	33	0.56	5.5	17.3	0.0	0.0	17.25	0	1.2758	1.8773	710	714.13	966.09	
1552838	50	709.7	711.2	555.8	710.5	400.2	1.44	4.59	0	1,099	32	0.56	5.5	17.3	0.0	0.0	17.39	0	1.2758	1.8773	710	714.13	964.69	
1553348	50	709.5	709.5	554.6	709.2	400.2	1.56	4.59	0	1,057	31	0.31	5.5	17.3	0.0	0.0	17.34	0	1.2758	1.8695	710	714.04	963.67	
1553927	50	709.3	707.8	554.0	707.8	399.8	1.56	4.59	0	1,019	30	0.56	5.5	17.3	0.0	0.0	17.44	0	1.2758	1.8695	710	714.04	962.50	
1554470	50	709.1	706.2	553.1	706.2	399.8	1.56	4.59	0	997	29	0.56	5.5	17.3	0.0	0.0	17.18	0	1.2758	1.8695	710	714.04	961.25	
1554985	50	708.9	704.5	552.3	704.5	399.8	1.75	4.59	0	965	28	0.31	5.5	17.3	0.0	0.0	17.06	0	1.2758	1.8695	710	714.04	960.47	
1555503	50	708.7	702.8	551.6	702.8	399.8	1.75	4.59	0	975	27	0.31	5.5	17.3	0.0	0.0	16.73	0	1.2758	1.8695	710	714.04	960.31	
1556032	50	708.5	701.5	550.3	701.2	399.8	1.56	4.59	0	1,092	25	0.31	5.5	17.3	0.0	0.0	17.32	0	1.2758	1.8695	710	713.94	961.17	
1556601	50	708.4	699.5	549.8	699.5	399.8	2.44	4.59	0	1,191	24	1.12	5.5	17.3	0.0	0.0	17.18	0	1.2758	1.8695	710	713.94	959.77	
1557135	51	708.2	697.5	548.6	697.5	399.2	2.12	4.59	0	1,201	24	1.38	5.5	17.3	0.0	0.0	45.52	0	1.2758	1.8695	710	713.94	958.12	
1557659	51	707.8	695.8	547.8	695.8	399.8	2.81	4.59	0	1,271	25	4.31	5.5	17.3	0.0	0.0	62.98	0	1.2758	1.8695	710	713.85	980.62	
1558176	51	707.3	694.2	547.0	694.2	399.2	3.69	4.59	0	1,343	27	7.31	5.5	17.3	0.0	0.0	69.38	0	1.2758	1.8695	710	713.64	1,030.39	
1558738	51	706.6	692.5	546.3	692.8	399.2	3.31	4.59	0	1,446	28	8.94	5.5	17.3	0.0	0.0	58.88	0	1.2758	1.8695	710	713.43	1,001.56	
1559288	51	705.9	692.2	545.7	691.8	398.8	3.50	4.59	0	1,535	29	6.75	5.5	17.3	0.0	0.0	54.33	0	1.2758	1.8695	710	713.15	1,050.78	
1559801	51	704.9	691.5	545.3	691.2	399.2	3.31	4.59	0	1,538	31	5.69	5.5	16.9	0.0	0.0	50.27	0	1.2758	1.8617	710	712.84	1,057.34	
1560375	50	703.3	691.5	545.0	691.5	399.2	3.31	4.59	0	1,655	32	5.44	5.5	16.9	0.0	0.0	54.09	0	1.2758	1.8617	710	712.44	1,070.16	
1560923	50	701.9	691.2	545.2	691.5	399.2	3.00	4.59	0	1,270	32	5.44	5.5	17.3	0.0	0.0	61.76	0	1.2758	1.8766	710	712.05	1,068.67	
1561483	50	700.2	691.8	545.3	692.2	399.2	2.81	4.59	0	1,209	33	5.44	5.5	17.3	0.0	0.0	60.70	0	1.2758	1.8687	710	711.65	1,024.14	
1561916	50	698.8	692.2	545.8	692.2	399.2	3.31	4.59	0	1,197	34	5.94	5.5	17.3	0.0	0.0	71.46	0	1.2758	1.8687	710	711.25	1,057.66	
1562398	50	697.6	693.2	546.1	693.2	399.2	3.81	4.59	0	1,245	35	7.06	5.5	16.9	0.0	0.0	73.69	0	1.2758	1.8602	710	710.85	1,096.48	
1562884	50	696.6	693.8	546.6	694.2	399.5	3.81	4.59	0	1,253	36	7.88	5.5	16.9	0.0	0.0	74.88	0	1.2758	1.8602	710	710.24	1,105.78	
1563375	50	695.5	694.8	546.8	694.8	399.8	4.00	4.59	0	1,312	37	9.19	5.5	16.9	0.0	0.0	53.41	0	1.2758	1.8523	705	709.75	1,075.86	
1563878	50	694.6	695.5	547.6	695.5	399.5	3.00	4.59	0	1,278	37	1.94	5.5	17.3	0.0	0.0	24.14	0	1.2758	1.8672	705	709.23	994.84	
1564358	49	693.7	697.2	548.1	697.2	399.5	2.81	4.59	0	1,432	37	2.75	5.5	17.3	0.0	0.0	48.91	0	1.2758	1.8594	705	708.74	997.58	
1564893	49	692.6	697.8	548.8	698.2	399.5	3.12	4.59	0	1,395	38	5.69	5.5	16.9	0.0	0.0	62.58	0	1.2758	1.8594	705	708.13	1,009.77	
1565391	49	691.5	699.2	549.3	699.2	399.8	3.12	4.59	0	1,355	39	7.06	5.5	17.3	0.0	0.0	64.88	0	1.2758	1.8664	705	707.64	999.38	
1565886	50	690.1	699.8	549.8	699.5	399.8	3.00	4.59	0	1,368	39	7.56	5.5	17.3	0.0	0.0	62.16	0	1.2758	1.8664	705	707.03	988.52	
1566396	49	688.7	701.2	550.7	701.2	400.5	3.12	4.59	0	1,365	40	7.56	5.5	17.3	0.0	0.0	63.56	0	1.2758	1.8664	705	706.44	1,009.22	
1567018	49	687.5	702.2	551.2	701.8	400.2	3.00	4.59	0	1,376	40	5.69	5.5	17.3	0.0	0.0	37.52	0	1.2758	1.8664	705	705.65	1,011.33	
1567546	49	686.6	703.5	551.3	703.5	400.5	1.06	4.59	0	1,387	40	1.38	5.5	17.3	0.0	0.0	15.68	0	1.2758	1.8664	705	705.04	976.80	
1568069	49	685.7	703.8	552.1	704.5	401.2	0.38	4.59	0	1,313	39	0.31	5.5	17.3	0.0	0.0	11.62	0	1.2758	1.8664	700	704.64	965.23	
1568595	49	684.8	705.2	552.6	704.8	400.8	2.12	4.59	0	1,332	38	0.81	5.5	17.3	0.0	0.0	20.41	0	1.2758	1.8664	700	704.24	954.77	
1569151	49	684.0	705.8	553.1	706.2	400.8	2.25	4.59	0	1,366	38	2.19	5.5	17.3	0.0	0.0	40.78	0	1.2758	1.8664	700	703.75	962.73	
1569624	50	683.2	705.5	553.3	705.8	401.2	2.81	4.59	0	1,392	39	4.06	5.5	17.3	0.0	0.0	49.01	0	1.2758	1.8664	700	703.23	1,002.42	
1570122	50	682.2	706.2	553.7	705.5	401.5	2.25	4.59	0	1,251	38	1.62	5.5	17.3	0.0	0.0	21.00	0	1.2758	1.8664	700	702.83	978.05	
1570601	50	681.4	705.8	553.5	706.2	401.2	1.25	4.59	0	1,343	38	0.81	5.5	17.3	0.0	0.0	13.73	0	1.2758	1.8664	700	702.53	965.55	
1571134	50	680.5	706.5	553.8	706.5	401.5	2.12	4.59	0	1,347	38	1.38	5.5	17.3	0.0	0.0	39.61	0	1.2758	1.8664	700	702.04	961.17	
1571664	50	679.6	706.2	553.7	706.2	401.5	3.00	4.59	0	1,389	38	4.62	5.5	17.3	0.0	0.0	55.50	0	1.2758	1.8664	700	701.55	1,003.12	
1572158	50	678.5	705.8	554.0	705.8	401.5	1.25	4.59	0	1,180	38	1.62	5.5	17.3	0.0	0.0	25.20	0	1.2758	1.8664	700	701.15	983.67	
1572657	50	677.7	705.8	553.5	706.2	401.5	2.44	4.59	0	1,313	37	0.81	5.5	17.3	0.0	0.0	28.57	0	1.2758	1.8664	700	700.75	957.03	
1573140	50	676.8	705.5	554.0	705.8	401.5	2.62	4.59	0	1,392	37	2.75	5.5	17.3	0.0	0.0	46.41	0	1.2758	1.8664	700	700.35	973.20	
1573619	50	675.8	705.5	553.8	705.5	401.8	3.00	4.59	0	1,377	38	4.31	5.5	17.3	0.0	0.0	55.15	0	1.2758	1.8664	695	699.83	1,002.50	
1574108	50	674.6	705.8	553.6	705.5	401.5	3.00	4.59	0	1,347	38	4.62	5.5	17.3	0.0	0.0	54.87	0	1.2758	1.8664	695	699.34	1,024.84	
1574608	50	673.4	705.8	553.6	705.8	401.8	2.81	4.59	0	1,347	39	4.06	5.5	17.3	0.0	0.0	33.87	0	1.2758	1.8664	695	698.85	1,012.34	
1575210	50	672.2	705.5	554.0	705.5	402.2	2.44	4.59	0	1,366	38	1.38	5.5	17.3	0.0	0.0	17.23	0	1.2758	1.8664	695	698.24	971.72	
1575736	50	671.2	706.2	554.2	705.8	402.2	2.12	4.59	0	1,314	38	1.62	5.5	17.3	0.0	0.0	38.09	0	1.2758	1.8664	695	697.84	970.16	
1576224	50	670.0	706.2	554.2	706.2	402.5	2.44	4.59	0	1,387	38	3.00	5.5	17.3	0.0	0.0	34.10	0	1.2758	1.8664	695	697.35	977.58	
1576760	50	668.8	706.2	554.3	706.2	402.5	1.25	4.59	0	1,330	37	1.38	5.5	17.3	0.0	0.0	15.98	0	1.2758	1.8664	695	696.83	968.05	
1577278	50	667.9	706.5	554.5	706.2	402.8	1.44	4.59	0	1,257	37	0.81	5.5	17.3	0.0	0.0	11.48	0	1.2758	1.8664	695	696.53	960.31	
1577770	50	667.1	706.2	554.3	706.5	402.5	1.25	4.59	0	1,238	36	1.12	5.5	17.3	0.0	0.0	11.95	0	1.2758	1.8664	695	696.13	958.05	
1578244	50	666.4	705.8	554.6	705.8	403.2	1.56	4.59	0	1,230	35	0.56	5.5	17.3	0.0	0.0	27.73	0	1.2758	1.8664	695	695.73	952.58	
1578726	50	665.7	705.8	554.3	705.5	402.8	2.44	4.59	0	1,296	35	2.19	5.5	17.3	0.0	0.0	48.02	0	1.2758	1.8664	695	695.33	961.56	
1579253	51	664.6	705.5	554.2	705.2	403.2	2.62	4.59	0	1,299	36	3.81	5.5	17.3	0.0	0.0	52.57	0	1.2758	1.8664	690	694.84	994.30	
1579773	51	663.6	704.5	553.6	704.2	403.2	2.25	4.59	0	1,213	36	2.19	5.5	17.3	0.0	0.0	23.84	0	1.2758	1.8664	690	694.35	983.05	
1580250	51	662.7	704.2	553.7	704.2	403.2	1.06	4.59	0	1,293	36	0.81	5.5	17.3	0.0	0.0	15.19	0	1.2758	1.8664	690	693.83	968.59	
1580742	50	661.9	703.5	553.5	703.8	403.2	1.44	4.59	0	1,192	35	0.56	5.5	17.3	0.0	0.0	12.77	0	1.2758	1.8664	690	693.44	960.70	
1581281	50	661.1	703.5	553.1	703.5	403.2	1.06	4.59	0	1,161	34	0.31	5.5	17.3	0.0	0.0	16.57	0	1.2758	1.8664	690	693.13	958.20	
1581773	51	660.5	702.5	553.0	702.8	403.2	1.25	4.59	0	1,118	33	0.56	5.5	17.3	0.0	0.0	17.25	0	1.2758	1.8664	690	692.73	957.73	
1582298	51	659.9	702.2	552.7	701.5	403.2	1.44	4.59	0	1,096	32	0.56	5.5	17.3	0.0	0.0	17.02	0	1.2758	1.8664	690	692.43	961.25	
1582783	51	659.4	700.8	552.5	700.8	402.8	1.44	4.59	0	1,080	32	0.31	5.5	17.3	0.0	0.0	17.34	0	1.2758	1.8664	690	692.03	961.41	
1583345	51	659.0	700.5	551.8	700.2	403.2	1.44	4.59	0	1,056	30	0.31	5.5	17.3	0.0	0.0	17.06	0	1.2758	1.8664	690	691.75	961.17	
1583876	51	658.6	698.8	551.0	698.5	403.2	1.56	4.59	0	1,002	29	0.81	5.5	17.3	0.0	0.0	17.72	0	1.2758	1.8664	690	691.44	958.28	
1584382	51	658.2	697.5	550.3	697.5	403.2	2.25	4.59	0	1,071	29	1.62	5.5	17.3	0.0	0.0	49.15	0	1.2758	1.8664	690	691.05	957.73	
1584863	52	657.6	695.8	549.5	695.8	403.2	2.62	4.59	0	1,135	30	3.81	5.5	17.3	0.0	0.0	61.52	0	1.2758	1.8664	690	690.53	977.97	
1585404	52	656.9	694.8	548.8	694.5	402.8	2.81	4.59	0	1,055	31	4.31	5.5	17.3	0.0	0.0	58.12	0	1.2758	1.8664	690	689.94	993.12	
1585895	52	656.1	693.5	548.3	693.2	402.8	2.44	4.59	0	1,086	31	3.25	5.5	17.3	0.0	0.0	49.52	0	1.2758	1.8664	685	689.55	1,005.86	
1586384	52	655.5	691.8	547.8	692.2	402.8	2.44	4.59	0	1,177	32	3.00	5.5	17.3	0.0	0.0	46.45	0	1.2758	1.8664	685	688.94	1,005.16	
1586924	52	654.6	691.5	547.1	691.2	402.5	2.25	4.59	0	1,191	33	3.00	5.5	17.3	0.0	0.0	45.61	0	1.2758	1.8664	685	688.23	1,004.92	
1587482	51	653.6	691.2	547.0	690.8	403.2	1.56	4.59	0	1,119	33	1.62	5.5	17.3	0.0	0.0	19.66	0	1.2758	1.8664	685	687.74	980.31	
1587991	51	652.8	690.5	546.6	690.8	402.8	1.44	4.59	0	1,140	33	0.56	5.5	17.3	0.0	0.0	13.97	0	1.2758	1.8664	685	687.25	965.16	
1588486	51	652.2	690.5	546.6	690.5	402.5	0.69	4.59	0	1,080	33	0.00	5.5	17.3	0.0	0.0	15.19	0	1.2758	1.8664	685	686.85	958.98	
1588994	51	651.5	689.8	546.5	690.2	402.8	1.44	4.59	0	1,128	32	0.56	5.5	17.3	0.0	0.0	22.90	0	1.2758	1.8664	685	686.43	952.27	
1589527	51	650.9	689.8	546.3	689.5	402.8	2.25	4.59	0	1,177	32	1.62	5.5	17.3	0.0	0.0	40.01	0	1.2758	1.8664	685	685.84	958.36	
1590019	52	650.1	689.2	546.0	689.5	402.8	2.25	4.59	0	1,198	33	2.44	5.5	17.3	0.0	0.0	45.19	0	1.2758	1.8664	685	685.23	972.03	
1590494	52	649.2	688.5	545.6	688.5	402.5	2.12	4.59	0	1,142	33	2.19	5.5	17.3	0.0	0.0	43.76	0	1.2758	1.8664	680	684.83	979.61	
1590974	52	648.3	687.8	545.3	688.2	402.5	2.12	4.59	0	1,172	34	1.94	5.5	17.3	0.0	0.0	35.06	0	1.2758	1.8664	680	684.25	979.53	
1591537	52	647.5	687.8	544.8	687.8	402.2	3.12	4.59	0	1,034	34	1.62	5.5	17.3	0.0	0.0	16.43	0	1.2758	1.8664	680	683.64	965.94	
1592012	51	646.7	687.2	544.8	687.8	402.5	1.56	4.59	0	1,150	34	0.56	5.5	17.3	0.0	0.0	13.59	0	1.2758	1.8664	680	683.15	959.53	
1592509	51	646.0	687.8	545.0	687.5	402.5	1.25	4.59	0	1,109	33	0.00	5.5	17.3	0.0	0.0	15.35	0	1.2758	1.8664	680	682.63	956.33	
1593051	51	645.3	687.5	544.8	687.2	402.5	1.44	4.59	0	1,120	33	0.31	5.5	17.3	0.0	0.0	17.20	0	1.2758	1.8664	680	682.23	956.33	
1593557	51	644.8	686.8	544.7	686.8	402.5	1.44	4.59	0	1,068	32	0.31	5.5	17.3	0.0	0.0	17.34	0	1.2758	1.8664	680	681.83	959.61	
1594077	51	644.5	686.2	544.0	686.5	402.2	1.44	4.59	0	1,071	31	0.31	5.5	17.3	0.0	0.0	17.46	0	1.2758	1.8664	680	681.44	960.08	
1594571	52	644.2	685.5	543.8	685.5	402.2	1.56	4.59	0	1,047	31	0.31	5.5	17.3	0.0	0.0	17.58	0	1.2758	1.8664	680	681.13	960.39	
1595095	52	644.0	684.5	543.3	684.5	402.2	1.44	4.59	0	1,043	30	0.31	5.5	17.3	0.0	0.0	32.67	0	1.2758	1.8664	680	680.73	952.27	
1595594	52	643.7	683.5	542.5	683.2	401.5	2.62	4.59	0	1,132	30	2.19	5.5	17.3	0.0	0.0	51.89	0	1.2758	1.8664	680	680.33	963.12	
1596121	52	643.2	682.5	542.0	682.5	401.2	2.62	4.59	0	1,107	31	3.50	5.5	17.3	0.0	0.0	57.77	0	1.2758	1.8664	675	679.63	993.12	
1596660	52	642.6	681.5	541.6	681.5	401.2	2.44	4.59	0	1,092	32	3.50	5.5	17.3	0.0	0.0	52.05	0	1.2758	1.8664	675	679.14	1,010.62	
1597196	52	642.0	680.8	541.0	680.5	401.8	2.25	4.59	0	1,153	33	2.44	5.5	17.3	0.0	0.0	23.23	0	1.2758	1.8664	675	678.53	990.86	
1597666	52	641.4	680.2	541.0	680.2	401.5	1.94	4.59	0	1,108	32	0.81	5.5	17.3	0.0	0.0	15.23	0	1.2758	1.8664	675	678.04	969.61	
1598106	52	640.8	680.2	540.8	680.2	401.5	1.56	4.59	0	1,075	32	0.56	5.5	17.3	0.0	0.0	13.10	0	1.2758	1.8664	675	677.73	961.48	
1598629	52	640.4	679.8	540.3	679.8	401.2	2.12	4.59	0	1,126	31	1.12	5.5	17.3	0.0	0.0	37.69	0	1.2758	1.8664	675	677.15	956.48	
1599089	52	639.8	679.5	540.3	679.5	400.8	2.44	4.59	0	1,192	31	2.19	5.5	17.3	0.0	0.0	48.59	0	1.2758	1.8664	675	676.75	968.75	
1599566	52	639.1	679.5	540.0	679.2	400.5	2.44	4.59	0	1,150	32	3.25	5.5	17.3	0.0	0.0	56.55	0	1.2758	1.8664	675	676.14	990.16	
1600066	52	638.2	678.8	540.0	678.8	401.2	2.81	4.59	0	1,142	32	3.81	5.5	17.3	0.0	0.0	58.22	0	1.2758	1.8664	675	675.53	1,010.86	
1600563	52	637.3	678.8	540.0	678.8	401.2	3.31	4.59	0	1,180	33	5.44	5.5	17.3	0.0	0.0	73.03	0	1.2758	1.8664	670	674.85	1,045.78	
1601022	52	636.5	678.8	539.8	678.8	401.2	3.50	4.59	0	1,157	33	6.50	5.5	17.3	0.0	0.0	76.55	0	1.2758	1.8664	670	674.03	1,088.28	
1601510	52	635.8	678.8	539.8	679.2	400.8	3.69	4.59	0	1,195	34	7.31	5.5	17.3	0.0	0.0	77.41	0	1.2758	1.8664	670	673.23	1,121.09	
1601976	52	635.2	679.5	540.1	679.5	400.8	4.00	4.59	0	1,249	35	7.88	5.5	17.3	0.0	0.0	78.42	0	1.2758	1.8664	670	672.44	1,142.81	
1602457	52	634.8	680.2	540.5	680.2	401.2	3.81	4.59	0	1,262	36	8.12	5.5	17.3	0.0	0.0	87.94	0	1.2758	1.8664	670	671.55	1,167.03	
1602922	51	634.4	680.8	540.8	680.8	401.2	5.38	4.59	0	1,343	37	13.50	5.5	17.3	0.0	0.0	100.99	0	1.2758	1.8664	670	670.44	1,282.66	
1603462	51	634.1	681.8	541.6	681.8	401.5	6.81	4.59	0	1,338	38	16.75	5.5	17.3	0.0	0.0	108.52	0	1.2758	1.8664	665	669.25	1,381.17	
1603966	51	634.2	682.8	542.0	683.2	401.2	11.62	4.59	0	1,825	39	27.00	5.5	17.3	0.0	0.0	113.62	0	1.2758	1.8664	665	668.03	1,513.83	
1604457	51	634.5	684.5	542.8	684.5	401.5	14.62	4.59	0	2,013	41	32.12	5.5	16.9	0.0	0.0	110.23	0	1.2758	1.8594	665	666.65	1,468.28	
1604994	51	635.5	686.5	544.0	686.5	401.8	14.62	4.59	0	2,131	43	34.31	5.5	17.3	0.0	0.0	109.62	0	1.2758	1.8672	665	665.15	1,461.09	
1605484	51	636.7	688.5	545.2	689.2	401.8	14.75	4.59	0	2,272	46	35.94	5.5	16.9	0.0	0.0	98.95	0	1.2758	1.8602	660	663.74	1,328.36	
1606031	50	638.9	691.2	546.7	691.5	402.5	12.19	4.59	0	2,360	48	29.75	5.5	17.3	0.0	0.0	86.39	0	1.2758	1.8766	660	662.24	1,218.83	
1606528	50	641.9	694.5	548.5	694.5	402.8	11.81	4.59	0	2,458	49	29.19	5.5	17.6	0.0	0.0	82.92	0	1.2758	1.8852	660	661.23	1,211.17	
1607139	50	645.2	697.5	550.1	697.5	403.8	5.38	4.59	0	1,697	50	13.25	5.5	17.3	0.0	0.0	64.48	0	1.2758	1.8695	660	660.25	1,047.97	
1607597	50	648.4	700.5	551.8	700.8	403.5	5.25	4.59	0	1,709	50	10.81	5.5	17.6	0.0	0.0	67.27	0	1.2758	1.8852	655	659.73	1,036.41	
1608067	50	651.9	703.5	554.0	703.8	404.2	6.62	4.59	0	1,754	51	13.00	5.5	17.3	0.0	0.0	82.38	0	1.2758	1.8766	655	659.15	1,146.95	
1608603	50	656.0	707.5	555.5	707.5	404.8	6.94	4.59	0	1,793	52	12.69	5.5	17.3	0.0	0.0	70.78	0	1.2758	1.8766	655	658.75	1,112.42	
1609085	50	659.7	709.8	557.5	709.8	405.2	6.44	4.59	0	1,805	52	11.88	5.5	17.3	0.0	0.0	68.23	0	1.2758	1.8766	655	658.54	1,104.14	
1609601	50	663.6	712.5	558.7	712.5	405.5	6.44	4.59	0	1,802	53	12.19	5.5	17.3	0.0	0.0	70.22	0	1.2758	1.8766	655	658.54	1,122.19	
1610084	50	667.0	714.8	560.0	715.2	405.5	6.81	4.59	0	1,841	54	12.44	5.5	17.3	0.0	0.0	70.20	0	1.2758	1.8766	655	658.63	1,116.09	
1610549	50	670.8	716.8	561.5	717.5	406.5	6.94	4.59	0	1,860	54	12.44	5.5	17.3	0.0	0.0	69.33	0	1.2758	1.8766	655	658.84	1,116.33	
1611095	50	674.9	719.8	562.8	719.8	406.8	6.94	4.59	0	1,864	55	12.44	5.5	17.3	0.0	0.0	69.91	0	1.2758	1.8766	655	659.24	1,130.47	
1611610	50	678.6	721.8	564.5	722.2	407.5	7.50	4.59	0	1,896	56	13.00	5.5	17.3	0.0	0.0	70.95	0	1.2758	1.8766	655	659.94	1,131.25	
1612106	50	682.2	724.2	565.6	724.2	408.2	6.25	4.59	0	1,926	56	8.69	5.5	17.3	0.0	0.0	38.60	0	1.2758	1.8766	660	660.44	1,077.03	
1612665	49	685.1	726.5	567.5	726.5	408.5	-0.94	4.59	0	1,581	56	1.12	5.5	17.3	0.0	0.0	15.63	0	1.2758	1.8766	660	661.14	996.72	
1613220	49	687.0	728.5	568.8	728.5	409.2	1.06	4.59	0	1,367	55	0.56	5.5	17.3	0.0	0.0	16.62	0	1.2758	1.8766	660	661.63	971.17	
1613712	49	688.8	729.8	569.5	729.8	409.2	0.88	4.59	0	1,413	54	1.62	5.5	17.3	0.0	0.0	15.98	0	1.2758	1.8766	660	662.15	961.02	
1614264	49	690.6	731.2	570.1	731.2	409.5	2.62	4.59	0	1,408	53	2.44	5.5	17.6	0.0	0.0	49.12	0	1.2758	1.8852	660	662.64	968.12	
1614726	50	692.2	731.2	570.8	731.5	410.2	3.50	4.59	0	1,436	53	6.25	5.5	17.6	0.0	0.0	65.79	0	1.2758	1.8852	660	663.34	1,018.83	
1615284	50	693.5	731.5	571.0	731.8	410.5	3.81	4.59	0	1,386	54	7.88	5.5	17.6	0.0	0.0	75.16	0	1.2758	1.8852	660	664.05	1,097.97	
1615752	50	695.0	731.8	571.5	732.2	411.2	4.38	4.59	0	1,427	54	9.75	5.5	17.3	0.0	0.0	77.32	0	1.2758	1.8766	660	664.75	1,130.55	
1616241	50	696.4	732.5	571.7	732.2	411.2	4.38	4.59	0	1,439	54	10.56	5.5	17.3	0.0	0.0	75.73	0	1.2758	1.8766	665	665.64	1,131.88	
1616711	50	697.8	732.8	572.0	732.8	411.8	4.38	4.59	0	1,458	55	10.81	5.5	17.6	0.0	0.0	74.32	0	1.2758	1.8836	665	666.44	1,123.52	
1617241	50	699.3	732.8	572.7	732.8	411.8	4.19	4.59	0	1,459	55	10.25	5.5	17.6	0.0	0.0	72.02	0	1.2758	1.8836	665	667.44	1,108.52	
1617773	50	700.6	733.2	573.1	733.2	412.5	4.19	4.59	0	1,490	55	10.81	5.5	17.6	0.0	0.0	51.96	0	1.2758	1.8836	665	668.33	1,073.83	
1618266	50	701.7	733.5	573.1	733.5	412.8	0.56	4.59	0	1,414	55	2.19	5.5	17.6	0.0	0.0	18.87	0	1.2758	1.8836	665	669.13	1,004.30	
1618759	50	702.5	734.2	573.8	734.2	413.5	1.06	4.59	0	1,386	54	0.81	5.5	17.6	0.0	0.0	12.33	0	1.2758	1.8836	665	669.74	973.75	
1619222	50	703.0	734.5	574.0	734.2	413.5	0.88	4.59	0	1,371	54	0.56	5.5	17.6	0.0	0.0	16.10	0	1.2758	1.8836	670	670.44	964.38	
1619697	50	703.5	734.5	574.2	734.2	414.5	0.88	4.59	0	1,338	53	0.81	5.5	17.3	0.0	0.0	17.23	0	1.2758	1.8758	670	670.84	961.88	
1620210	50	704.0	733.8	574.3	734.2	413.8	1.06	4.59	0	1,327	51	1.12	5.5	17.3	0.0	0.0	17.20	0	1.2758	1.8758	670	671.55	966.33	
1620694	50	704.4	733.5	574.1	733.5	414.5	0.88	4.59	0	1,310	50	0.81	5.5	17.3	0.0	0.0	17.18	0	1.2758	1.8758	670	672.04	966.72	
1621213	50	704.8	732.8	574.2	732.8	415.2	1.06	4.59	0	1,279	49	0.81	5.5	17.3	0.0	0.0	19.34	0	1.2758	1.8758	670	672.65	967.19	
1621697	51	705.2	731.8	573.7	731.8	415.2	1.75	4.59	0	1,281	49	1.12	5.5	17.3	0.0	0.0	38.81	0	1.2758	1.8758	670	673.05	956.25	
1622260	51	705.5	730.5	573.0	730.5	415.2	3.00	4.59	0	1,363	49	4.88	5.5	17.3	0.0	0.0	63.14	0	1.2758	1.8672	670	673.84	987.66	
1622878	52	705.6	728.8	572.1	729.2	415.5	3.69	4.59	0	1,325	50	6.75	5.5	17.6	0.0	0.0	72.56	0	1.2758	1.8828	670	674.64	1,072.81	
1623348	52	705.7	727.5	571.8	727.5	415.5	4.00	4.59	0	1,326	51	8.38	5.5	17.3	0.0	0.0	75.30	0	1.2758	1.8750	675	675.44	1,106.95	
1623855	51	705.8	726.5	571.1	726.8	416.2	4.00	4.59	0	1,348	52	8.94	5.5	17.3	0.0	0.0	73.85	0	1.2758	1.8750	675	676.14	1,098.75	
1624349	51	705.9	725.5	571.1	725.5	416.5	3.81	4.59	0	1,406	52	10.00	5.5	17.3	0.0	0.0	65.60	0	1.2758	1.8750	675	676.84	1,072.66	
1624824	51	706.0	725.5	571.0	725.2	416.8	3.12	4.59	0	1,405	53	8.69	5.5	17.3	0.0	0.0	58.22	0	1.2758	1.8750	675	677.55	1,044.38	
1625362	51	706.0	724.8	570.8	724.8	416.8	2.62	4.59	0	1,398	54	4.62	5.5	17.3	0.0	0.0	44.95	0	1.2758	1.8750	675	678.25	1,046.33	
1625840	51	705.8	724.8	571.0	724.5	416.8	2.25	4.59	0	1,408	54	3.00	5.5	17.3	0.0	0.0	42.77	0	1.2758	1.8750	675	678.93	1,021.48	
1626315	51	705.4	724.5	571.0	724.5	417.2	2.81	4.59	0	1,340	54	5.69	5.5	17.3	0.0	0.0	71.32	0	1.2758	1.8750	675	679.63	1,055.16	
1626867	51	704.8	724.5	571.0	724.2	417.5	3.81	4.59	0	1,259	55	7.56	5.5	17.3	0.0	0.0	77.11	0	1.2758	1.8750	680	680.33	1,117.50	
1627355	51	704.3	724.2	570.8	724.2	417.8	3.69	4.59	0	1,169	55	7.88	5.5	17.3	0.0	0.0	87.87	0	1.2758	1.8750	680	681.04	1,167.27	
1627903	51	703.9	724.5	571.2	724.2	418.5	5.38	4.59	0	1,279	56	12.69	5.5	17.3	0.0	0.0	98.39	0	1.2758	1.8750	680	681.65	1,266.48	
1628376	51	703.6	724.5	571.3	724.8	418.5	5.56	4.59	0	1,236	57	12.69	5.5	17.3	0.0	0.0	99.73	0	1.2758	1.8750	680	682.35	1,234.53	
1628867	50	703.4	724.8	571.6	725.2	418.5	5.06	4.59	0	1,241	58	12.19	5.5	17.3	0.0	0.0	91.03	0	1.2758	1.8750	680	683.03	1,199.61	
1629342	50	703.5	725.5	571.8	725.5	418.8	4.69	4.59	0	1,267	59	11.88	5.5	17.3	0.0	0.0	89.09	0	1.2758	1.8750	680	683.64	1,204.30	
1629900	50	703.6	726.2	572.5	726.2	419.2	5.75	4.59	0	1,321	60	14.06	5.5	17.3	0.0	0.0	98.41	0	1.2758	1.8750	680	684.25	1,247.73	
1630415	50	704.0	726.5	573.1	726.5	419.5	5.38	4.59	0	1,281	61	13.00	5.5	17.3	0.0	0.0	98.84	0	1.2758	1.8750	680	684.93	1,260.00	
1630968	49	704.4	727.5	573.2	727.5	419.5	5.94	4.59	0	1,351	62	15.94	5.5	17.3	0.0	0.0	94.52	0	1.2758	1.8750	685	685.54	1,184.30	
1631496	49	705.1	728.8	574.1	728.8	419.5	3.00	4.59	0	1,315	62	6.25	5.5	17.3	0.0	0.0	33.68	0	1.2758	1.8750	685	686.15	1,048.12	
1632031	49	705.6	729.8	575.0	729.8	420.2	1.75	4.59	0	1,263	62	1.12	5.5	17.3	0.0	0.0	14.81	0	1.2758	1.8750	685	686.64	986.48	
1632508	49	705.9	730.5	575.5	731.2	420.5	1.06	4.59	0	1,279	62	0.81	5.5	17.3	0.0	0.0	13.50	0	1.2758	1.8750	685	687.04	967.11	
1633060	49	706.2	731.8	576.1	731.8	421.2	0.88	4.59	0	1,267	61	0.81	5.5	17.3	0.0	0.0	16.31	0	1.2758	1.8664	685	687.34	962.03	
1633585	49	706.4	732.2	576.3	732.2	421.2	1.06	4.59	0	1,243	60	0.56	5.5	17.3	0.0	0.0	16.73	0	1.2758	1.8664	685	687.65	964.45	
1634132	49	706.7	732.2	576.7	732.2	421.5	1.06	4.59	0	1,254	60	0.56	5.5	17.3	0.0	0.0	16.90	0	1.2758	1.8664	685	688.05	965.23	
1634684	49	706.9	731.8	576.5	731.8	421.5	1.06	4.59	0	1,244	59	0.81	5.5	17.3	0.0	0.0	16.99	0	1.2758	1.8664	685	688.35	965.86	
1635232	50	707.1	731.2	576.5	731.2	421.5	1.25	4.59	0	1,225	58	0.56	5.5	17.3	0.0	0.0	16.85	0	1.2758	1.8664	685	688.75	965.16	
1635778	50	707.3	730.2	576.3	730.2	421.2	1.06	4.59	0	1,208	58	0.56	5.5	17.3	0.0	0.0	17.09	0	1.2758	1.8664	685	689.03	964.84	
1636355	50	707.5	729.2	575.5	729.2	421.8	1.25	4.59	0	1,193	57	0.56	5.5	17.3	0.0	0.0	16.99	0	1.2758	1.8664	685	689.33	964.22	
1636882	51	707.7	727.5	574.6	727.5	421.8	1.25	4.59	0	1,181	56	0.56	5.5	17.3	0.0	0.0	17.04	0	1.2758	1.8664	685	689.64	964.22	
1637452	51	707.8	725.8	573.8	725.8	421.5	1.25	4.59	0	1,167	56	0.56	5.5	17.3	0.0	0.0	17.20	0	1.2758	1.8578	690	690.04	963.75	
1637956	51	708.0	724.5	573.1	724.5	421.5	1.25	4.59	0	1,146	55	0.56	5.5	16.9	0.0	0.0	17.04	0	1.2758	1.8578	690	690.25	963.52	
1638498	51	708.1	722.8	572.3	722.8	421.5	1.25	4.59	0	1,126	53	0.56	5.5	16.9	0.0	0.0	16.90	0	1.2758	1.8578	690	690.53	962.73	
1639016	51	708.2	721.2	571.3	721.2	421.5	1.44	4.59	0	1,095	52	0.31	5.5	16.9	0.0	0.0	17.72	0	1.2758	1.8500	690	690.83	961.56	
1639648	52	708.3	718.8	570.5	719.2	421.2	1.56	4.59	0	1,309	51	0.56	5.5	17.3	0.0	0.0	15.40	0	1.2758	1.8648	690	691.23	960.47	
1640153	52	708.3	717.2	569.1	716.5	421.5	1.06	4.59	0	1,243	49	0.56	5.5	16.9	0.0	0.0	17.48	0	1.2758	1.8570	690	691.44	962.58	
1640665	52	708.4	714.8	568.3	714.8	420.8	1.25	4.59	0	1,233	47	0.56	5.5	16.9	0.0	0.0	17.84	0	1.2758	1.8570	690	691.63	963.52	
1641185	52	708.5	713.2	567.1	712.8	420.8	1.25	4.59	0	1,128	43	0.56	5.5	16.9	0.0	0.0	17.53	0	1.2758	1.8484	690	691.94	963.28	
1641710	52	708.5	711.5	566.1	711.2	420.8	1.44	4.59	0	1,107	40	0.31	5.5	16.9	0.0	0.0	15.12	0	1.2758	1.8484	690	692.15	961.88	
1642260	52	708.6	709.5	565.0	709.5	420.8	1.44	4.59	0	1,331	39	0.31	5.5	16.9	0.0	0.0	15.42	0	1.2758	1.8484	690	692.33	960.23	
1642836	53	708.6	707.2	564.0	707.2	420.5	1.25	4.59	0	1,208	37	0.56	5.5	16.9	0.0	0.0	17.58	0	1.2758	1.8484	690	692.64	962.11	
1643427	53	708.7	705.2	562.8	705.2	420.5	1.44	4.59	0	1,181	34	0.56	5.5	16.9	0.0	0.0	18.19	0	1.2758	1.8484	690	692.85	962.73	
1643943	53	708.7	703.5	561.6	703.2	419.5	1.44	4.59	0	1,144	33	0.56	5.5	16.9	0.0	0.0	17.77	0	1.2758	1.8484	690	693.04	962.58	
1644458	53	708.8	701.5	560.6	701.5	419.5	1.06	4.59	0	1,274	32	0.81	5.5	16.9	0.0	0.0	18.47	0	1.2758	1.8484	690	693.13	964.22	
1644995	53	708.9	699.5	559.6	699.5	419.5	0.88	4.59	0	1,403	31	1.12	5.5	16.9	0.0	0.0	18.56	0	1.2758	1.8484	690	693.34	966.25	
1645516	53	709.0	697.5	558.3	697.5	419.2	0.69	4.59	0	1,471	30	1.12	5.5	16.9	0.0	0.0	18.89	0	1.2758	1.8484	690	693.53	968.05	
1646043	54	709.1	695.8	557.5	695.8	418.8	0.88	4.59	0	1,440	29	1.12	5.5	16.9	0.0	0.0	18.84	0	1.2758	1.8484	690	693.65	968.52	
1646586	54	709.1	694.2	556.5	693.8	418.5	0.88	4.59	0	1,382	28	1.12	5.5	16.9	0.0	0.0	13.15	0	1.2758	1.8484	690	693.83	967.89	
1647132	54	709.2	692.5	555.7	692.5	418.5	1.56	4.59	0	1,439	28	1.38	5.5	16.9	0.0	0.0	31.92	0	1.2758	1.8484	690	694.05	958.05	
1647772	54	709.2	690.8	554.3	690.8	417.8	2.62	4.59	0	1,497	28	3.00	5.5	16.9	0.0	0.0	44.67	0	1.2758	1.8484	690	694.23	978.52	
1648284	54	709.0	689.5	553.3	689.2	417.8	2.62	4.59	0	1,490	30	4.06	5.5	16.9	0.0	0.0	48.21	0	1.2758	1.8484	690	694.35	1,001.17	
1648818	54	708.4	687.5	552.6	687.5	417.5	3.00	4.59	0	1,566	31	4.31	5.5	16.9	0.0	0.0	45.77	0	1.2758	1.8484	690	694.63	1,015.78	
1649395	54	707.8	687.2	552.2	687.2	417.5	3.00	4.59	0	1,619	32	4.31	5.5	16.9	0.0	0.0	44.60	0	1.2758	1.8484	690	694.75	1,023.67	
1649977	54	706.9	686.8	551.6	686.5	417.2	3.12	4.59	0	1,681	34	4.62	5.5	16.9	0.0	0.0	44.79	0	1.2758	1.8484	695	694.94	1,029.53	
1650539	53	705.6	686.8	551.8	686.5	416.8	3.00	4.59	0	1,722	35	3.81	5.5	16.9	0.0	0.0	30.89	0	1.2758	1.8484	695	695.15	1,029.77	
1651061	53	704.5	686.8	551.5	687.2	416.8	-0.62	4.59	0	1,763	35	3.00	5.5	16.9	0.0	0.0	16.05	0	1.2758	1.8484	695	695.24	987.34	
1651591	53	703.5	688.2	552.1	688.2	416.5	1.44	4.59	0	1,242	35	0.56	5.5	16.9	0.0	0.0	13.34	0	1.2758	1.8484	695	695.33	966.48	
1652107	53	702.6	688.5	552.5	688.5	416.5	1.44	4.59	0	1,167	35	0.56	5.5	16.9	0.0	0.0	11.70	0	1.2758	1.8484	695	695.33	958.83	
1652636	53	701.9	689.5	552.8	689.2	416.2	1.44	4.59	0	1,180	34	0.31	5.5	16.9	0.0	0.0	17.51	0	1.2758	1.8484	695	695.43	957.03	
1653157	53	701.2	689.5	553.0	689.8	416.5	1.44	4.59	0	1,145	34	0.56	5.5	16.9	0.0	0.0	17.53	0	1.2758	1.8484	695	695.55	957.03	
1653721	53	700.6	690.2	553.0	689.8	415.8	1.44	4.59	0	1,104	33	0.56	5.5	16.9	0.0	0.0	17.58	0	1.2758	1.8484	695	695.64	960.55	
1654273	53	700.1	689.8	552.8	689.8	415.5	1.44	4.59	0	1,101	32	0.31	5.5	16.9	0.0	0.0	18.07	0	1.2758	1.8484	695	695.73	961.33	
1654805	53	699.7	689.8	552.5	689.5	415.5	2.12	4.59	0	1,105	32	0.56	5.5	16.9	0.0	0.0	37.69	0	1.2758	1.8484	695	695.73	953.44	
1655325	54	699.1	688.8	552.0	688.8	415.2	2.62	4.59	0	1,223	32	2.75	5.5	16.9	0.0	0.0	54.89	0	1.2758	1.8484	695	695.85	972.58	
1655847	54	698.4	688.2	551.5	688.5	415.2	2.25	4.59	0	1,159	33	3.00	5.5	16.9	0.0	0.0	25.90	0	1.2758	1.8484	695	695.85	978.36	
1656520	54	697.6	687.5	551.1	687.8	414.8	1.44	4.59	0	1,127	33	0.81	5.5	16.9	0.0	0.0	15.00	0	1.2758	1.8484	695	695.94	961.88	
1657034	53	697.0	687.8	551.0	687.5	414.2	1.44	4.59	0	1,089	33	0.31	5.5	16.9	0.0	0.0	13.73	0	1.2758	1.8484	695	695.94	956.80	
1657575	53	696.3	686.8	550.6	687.2	414.5	3.12	4.59	0	1,133	32	0.81	5.5	16.9	0.0	0.0	11.84	0	1.2758	1.8484	695	695.94	954.14	
1658120	53	695.8	686.8	550.3	686.5	413.8	1.94	4.59	0	1,152	32	1.12	5.5	16.9	0.0	0.0	36.77	0	1.2758	1.8484	695	695.94	951.02	
1658710	54	694.9	686.5	550.0	686.5	413.8	2.44	4.59	0	1,204	33	2.75	5.5	16.9	0.0	0.0	52.45	0	1.2758	1.8484	695	695.94	967.66	
1659236	54	694.1	685.5	549.5	685.5	413.8	2.62	4.59	0	1,201	34	4.06	5.5	16.9	0.0	0.0	57.28	0	1.2758	1.8484	695	695.85	999.92	
1659774	54	693.0	685.2	549.5	685.2	413.5	2.62	4.59	0	1,185	35	3.50	5.5	16.9	0.0	0.0	31.43	0	1.2758	1.8484	695	695.85	993.05	
1660337	54	692.1	684.8	548.8	684.8	413.5	1.06	4.59	0	1,186	35	0.81	5.5	16.9	0.0	0.0	16.10	0	1.2758	1.8484	695	695.73	969.53	
1660869	53	691.3	684.8	549.0	684.8	412.8	1.44	4.59	0	1,175	35	0.56	5.5	16.9	0.0	0.0	13.10	0	1.2758	1.8484	695	695.73	959.53	
1661413	53	690.5	685.5	549.1	685.2	412.8	0.00	4.59	0	1,161	34	0.00	5.5	16.9	0.0	0.0	16.10	0	1.2758	1.8484	695	695.64	956.56	
1661926	53	689.8	685.2	548.8	685.2	412.5	1.44	4.59	0	1,114	33	0.56	5.5	16.9	0.0	0.0	18.75	0	1.2758	1.8484	695	695.64	961.02	
1662444	54	689.3	685.2	548.6	684.8	412.5	1.75	4.59	0	1,117	33	0.81	5.5	16.9	0.0	0.0	39.47	0	1.2758	1.8484	695	695.55	950.78	
1662992	54	688.4	684.8	548.6	684.5	412.2	3.00	4.59	0	1,288	34	3.81	5.5	16.9	0.0	0.0	63.02	0	1.2758	1.8484	695	695.43	976.48	
1663559	54	687.3	684.2	548.3	684.5	412.2	3.50	4.59	0	1,217	35	5.94	5.5	16.9	0.0	0.0	72.87	0	1.2758	1.8484	695	695.24	1,043.44	
1664193	54	685.8	683.8	547.8	684.2	412.2	3.81	4.59	0	1,267	36	7.56	5.5	16.9	0.0	0.0	73.88	0	1.2758	1.8484	695	694.94	1,072.50	
1664771	54	684.5	684.5	548.0	684.5	412.2	3.12	4.59	0	1,277	38	6.75	5.5	16.9	0.0	0.0	40.80	0	1.2758	1.8484	690	694.63	1,034.06	
1665483	53	683.4	685.2	548.5	684.8	411.8	1.25	4.59	0	1,274	37	1.12	5.5	16.9	0.0	0.0	15.84	0	1.2758	1.8484	690	694.35	975.47	
1666000	53	682.5	685.5	548.6	685.5	411.2	1.44	4.59	0	1,240	37	0.81	5.5	16.9	0.0	0.0	12.63	0	1.2758	1.8484	690	694.14	962.03	
1666511	53	681.6	686.2	548.8	686.5	411.5	1.06	4.59	0	1,242	36	0.56	5.5	16.9	0.0	0.0	16.48	0	1.2758	1.8484	690	693.93	959.06	
1667054	53	680.9	687.2	549.5	687.2	411.2	1.06	4.59	0	1,209	35	0.56	5.5	16.9	0.0	0.0	17.39	0	1.2758	1.8484	690	693.74	962.97	
1667564	53	680.3	687.5	549.3	687.5	411.5	1.25	4.59	0	1,131	33	0.56	5.5	16.9	0.0	0.0	17.62	0	1.2758	1.8484	690	693.53	962.34	
1668106	53	679.7	687.5	549.5	687.8	411.5	1.56	4.59	0	1,036	30	0.56	5.5	16.9	0.0	0.0	17.93	0	1.2758	1.8484	690	693.34	961.64	
1668623	53	679.2	687.5	549.5	687.2	411.2	1.56	4.59	0	980	28	0.56	5.5	16.9	0.0	0.0	11.23	0	1.2758	1.8484	690	693.25	959.84	
1669171	53	678.7	687.2	549.2	687.2	411.2	1.25	4.59	0	1,132	26	0.56	5.5	16.9	0.0	0.0	12.45	0	1.2758	1.8484	690	693.04	956.95	
1669751	54	678.2	686.2	548.5	686.2	410.8	1.06	4.59	0	1,208	25	0.56	5.5	16.9	0.0	0.0	12.33	0	1.2758	1.8484	690	692.85	955.39	
1670292	54	677.7	685.5	548.3	685.5	410.5	1.25	4.59	0	1,199	23	0.56	5.5	16.9	0.0	0.0	12.16	0	1.2758	1.8484	690	692.64	953.98	
1670853	54	677.2	684.8	548.0	684.8	410.8	1.56	4.59	0	1,086	22	0.31	5.5	16.9	0.0	0.0	12.63	0	1.2758	1.8484	690	692.43	952.81	
1671387	54	676.7	684.5	547.5	684.2	410.5	1.75	4.59	0	933	21	0.31	5.5	16.9	0.0	0.0	12.70	0	1.2758	1.8484	690	692.24	951.48	
1671917	54	676.2	683.5	546.8	683.2	410.2	1.56	4.59	0	915	20	0.31	5.5	16.9	0.0	0.0	16.22	0	1.2758	1.8484	690	692.03	951.25	
1672476	54	675.7	681.8	546.3	681.8	409.8	2.25	4.59	0	1,036	19	0.81	5.5	16.9	0.0	0.0	36.68	0	1.2758	1.8484	690	691.84	946.72	
1673048	55	675.0	680.8	545.7	681.2	409.8	2.44	4.59	0	1,538	20	2.75	5.5	16.9	0.0	0.0	34.66	0	1.2758	1.8484	690	691.54	963.12	
1673705	55	674.0	680.2	545.1	680.2	409.5	2.62	4.59	0	1,631	21	3.00	5.5	16.9	0.0	0.0	39.96	0	1.2758	1.8484	690	691.23	980.39	
1674234	55	673.0	679.5	544.6	679.5	409.8	3.50	4.59	0	1,781	22	4.31	5.5	16.9	0.0	0.0	44.37	0	1.2758	1.8484	690	690.83	1,005.94	
1674740	55	671.4	679.2	544.3	679.2	409.5	3.81	4.59	0	1,906	24	4.88	5.5	16.9	0.0	0.0	44.72	0	1.2758	1.8484	690	690.44	1,031.02	
1675336	54	669.5	679.2	544.3	679.2	409.8	4.56	4.59	0	2,031	26	6.25	5.5	16.9	0.0	0.0	42.82	0	1.2758	1.8484	685	689.85	994.06	
1675869	54	667.5	680.2	544.6	680.2	409.5	2.62	4.59	0	1,689	27	7.31	5.5	16.9	0.0	0.0	53.23	0	1.2758	1.8484	685	689.33	1,006.80	
1676427	54	665.3	680.8	545.3	680.8	409.5	3.12	4.59	0	1,500	28	6.75	5.5	16.9	0.0	0.0	60.00	0	1.2758	1.8484	685	688.63	1,059.06	
1676939	54	663.3	682.5	545.8	682.5	409.5	3.50	4.59	0	1,543	29	8.69	5.5	16.9	0.0	0.0	59.77	0	1.2758	1.8484	685	688.05	1,021.17	
1677516	54	660.7	684.2	547.0	684.2	409.5	4.00	4.59	0	1,623	31	8.38	5.5	16.9	0.0	0.0	59.55	0	1.2758	1.8484	685	687.13	1,043.44	
1678116	53	658.1	685.8	547.5	686.2	409.8	4.69	4.59	0	1,698	33	9.50	5.5	16.9	0.0	0.0	62.04	0	1.2758	1.8484	685	686.15	1,070.23	
1678710	53	655.6	688.2	549.0	687.8	409.8	4.69	4.59	0	1,723	34	10.00	5.5	16.9	0.0	0.0	62.74	0	1.2758	1.8484	685	684.93	1,076.72	
1679231	53	653.1	690.2	550.2	690.2	410.2	6.12	4.59	0	1,852	35	11.62	5.5	16.9	0.0	0.0	68.55	0	1.2758	1.8484	680	683.94	1,109.22	
1679804	53	650.6	692.5	551.3	692.8	410.2	4.19	4.59	0	1,429	36	9.50	5.5	16.9	0.0	0.0	71.88	0	1.2758	1.8484	680	682.84	1,127.66	
1680334	53	648.4	695.2	552.6	695.2	410.2	4.38	4.59	0	1,310	37	9.50	5.5	16.9	0.0	0.0	78.84	0	1.2758	1.8484	680	681.44	1,161.72	
1680868	53	646.8	697.8	554.1	697.5	410.8	4.38	4.59	0	1,303	38	9.75	5.5	16.9	0.0	0.0	80.25	0	1.2758	1.8484	680	680.24	1,189.38	
1681393	52	645.7	699.8	555.0	700.2	410.5	4.88	4.59	0	1,380	39	10.81	5.5	16.9	0.0	0.0	83.37	0	1.2758	1.8484	675	678.93	1,216.88	
1681912	52	644.9	702.5	556.3	702.5	410.8	5.06	4.59	0	1,397	40	11.62	5.5	16.9	0.0	0.0	83.93	0	1.2758	1.8484	675	677.43	1,235.39	
1682540	52	644.6	704.8	557.8	704.8	411.5	5.25	4.59	0	1,414	41	12.19	5.5	16.9	0.0	0.0	85.41	0	1.2758	1.8484	675	675.83	1,227.66	
1683111	52	644.7	707.5	559.3	707.5	411.8	3.12	4.59	0	1,385	42	5.12	5.5	16.9	0.0	0.0	27.38	0	1.2758	1.8484	670	674.55	1,043.98	
1683637	51	644.9	710.2	561.0	710.2	412.2	1.25	4.59	0	1,426	41	1.12	5.5	16.9	0.0	0.0	17.95	0	1.2758	1.8484	670	673.75	977.11	
1684186	51	645.0	712.5	562.5	712.5	412.5	2.44	4.59	0	1,448	40	2.75	5.5	16.9	0.0	0.0	44.27	0	1.2758	1.8484	670	672.83	980.78	
1684730	52	645.0	714.2	563.5	714.5	412.5	3.31	4.59	0	1,484	41	6.25	5.5	16.9	0.0	0.0	60.45	0	1.2758	1.8484	670	671.73	1,017.97	
1685245	52	645.0	716.2	564.3	716.2	412.5	4.00	4.59	0	1,484	41	8.12	5.5	16.9	0.0	0.0	67.15	0	1.2758	1.8484	670	670.84	1,063.59	
1685776	52	645.0	717.5	565.3	717.8	413.2	1.94	4.59	0	1,404	41	3.25	5.5	16.9	0.0	0.0	22.05	0	1.2758	1.8484	670	670.05	1,000.16	
1686287	52	645.1	719.2	566.0	719.2	413.5	1.25	4.59	0	1,403	41	1.12	5.5	16.9	0.0	0.0	12.77	0	1.2758	1.8484	665	669.44	972.03	
1686840	52	645.1	720.2	567.0	720.5	413.8	1.75	4.59	0	1,348	40	0.31	5.5	16.9	0.0	0.0	15.02	0	1.2758	1.8484	665	668.73	962.03	
1687409	52	645.1	721.8	567.5	722.2	414.2	1.06	4.59	0	1,306	39	0.81	5.5	16.9	0.0	0.0	17.13	0	1.2758	1.8484	665	668.24	959.61	
1688017	52	645.2	722.5	568.3	722.5	414.2	1.06	4.59	0	1,278	37	0.81	5.5	16.9	0.0	0.0	17.32	0	1.2758	1.8484	665	667.63	964.22	
1688553	52	645.3	722.2	568.6	722.5	414.8	1.06	4.59	0	1,228	36	0.81	5.5	16.9	0.0	0.0	17.25	0	1.2758	1.8484	665	667.23	964.14	
1689101	53	645.4	722.2	568.5	722.2	414.5	1.25	4.59	0	1,193	35	0.56	5.5	16.9	0.0	0.0	17.23	0	1.2758	1.8484	665	666.83	964.06	
1689655	53	645.6	721.5	568.3	721.8	414.8	1.25	4.59	0	1,145	33	0.56	5.5	16.9	0.0	0.0	16.97	0	1.2758	1.8555	665	666.44	963.12	
1690203	53	645.7	720.5	568.2	720.8	414.8	1.44	4.59	0	1,102	32	0.56	5.5	16.9	0.0	0.0	16.95	0	1.2758	1.8555	665	666.04	961.95	
1690768	53	645.9	718.8	567.3	719.2	415.5	1.44	4.59	0	1,068	31	0.56	5.5	16.9	0.0	0.0	17.11	0	1.2758	1.8555	665	665.73	960.70	
1691435	53	646.0	717.8	566.3	717.8	415.5	1.56	4.59	0	1,025	30	0.31	5.5	16.9	0.0	0.0	17.02	0	1.2758	1.8469	665	665.33	960.00	
1691938	54	646.2	716.8	566.1	716.2	415.5	1.56	4.59	0	991	29	0.56	5.5	16.9	0.0	0.0	17.04	0	1.2758	1.8469	665	665.03	958.83	
1692536	54	646.3	714.8	565.1	714.8	415.5	1.56	4.59	0	971	28	0.31	5.5	16.9	0.0	0.0	16.69	0	1.2758	1.8469	660	664.75	958.05	
1693106	54	646.5	713.2	564.5	713.2	415.2	1.56	4.59	0	938	27	0.31	5.5	16.9	0.0	0.0	12.42	0	1.2758	1.8469	660	664.54	957.03	
1693623	54	646.6	711.5	563.5	711.5	415.5	2.12	4.59	0	941	26	0.31	5.5	16.9	0.0	0.0	11.51	0	1.2758	1.8469	660	664.23	954.22	
1694139	54	646.7	710.2	562.6	709.8	415.5	1.06	4.59	0	1,131	24	0.31	5.5	16.9	0.0	0.0	11.81	0	1.2758	1.8469	660	664.05	953.44	
1694660	54	646.7	707.8	561.8	708.2	415.5	1.44	4.59	0	1,091	23	0.31	5.5	16.9	0.0	0.0	13.15	0	1.2758	1.8469	660	663.74	952.27	
1695215	54	646.8	706.5	561.1	706.5	415.5	1.44	4.59	0	943	24	0.31	5.5	16.9	0.0	0.0	12.68	0	1.2758	1.8469	660	663.53	951.56	
1695805	54	646.8	704.2	559.8	703.8	415.2	1.56	4.59	0	914	24	0.31	5.5	16.9	0.0	0.0	13.95	0	1.2758	1.8469	660	663.34	950.70	
1696314	54	646.8	702.2	559.0	702.5	415.2	1.56	4.59	0	927	24	0.56	5.5	16.9	0.0	0.0	14.34	0	1.2758	1.8469	660	663.13	950.39	
1696867	55	646.8	700.8	557.8	700.5	414.8	1.44	4.59	0	942	23	0.31	5.5	16.9	0.0	0.0	14.44	0	1.2758	1.8469	660	662.94	950.00	
1697395	55	646.8	698.5	557.2	698.5	414.8	1.44	4.59	0	956	23	0.31	5.5	16.9	0.0	0.0	14.44	0	1.2758	1.8469	660	662.85	949.77	
1697956	55	646.7	696.8	556.0	697.2	414.8	1.56	4.59	0	939	22	0.31	5.5	16.9	0.0	0.0	14.65	0	1.2758	1.8469	660	662.64	949.77	
1698511	55	646.6	694.8	555.3	695.2	415.2	1.44	4.59	0	955	21	0.31	5.5	16.9	0.0	0.0	14.88	0	1.2758	1.8469	660	662.43	949.77	
1699073	55	646.5	693.2	554.2	692.8	414.8	1.56	4.59	0	954	19	0.56	5.5	16.9	0.0	0.0	14.81	0	1.2758	1.8469	660	662.24	949.69	
1699659	55	646.4	691.5	553.1	691.2	414.8	1.56	4.59	0	915	18	0.31	5.5	16.9	0.0	0.0	14.20	0	1.2758	1.8469	660	662.03	949.45	
1700209	55	646.3	689.2	552.1	689.5	414.8	1.56	4.59	0	913	17	0.31	5.5	16.9	0.0	0.0	16.43	0	1.2758	1.8469	660	661.84	949.69	
1700774	55	646.2	687.2	551.0	686.8	414.5	1.56	4.59	0	950	17	0.31	5.5	16.9	0.0	0.0	16.50	0	1.2758	1.8469	660	661.63	949.45	
1701301	55	646.0	685.5	550.0	685.5	414.2	1.56	4.59	0	972	17	0.56	5.5	16.9	0.0	0.0	15.70	0	1.2758	1.8469	660	661.54	949.77	
1701814	55	645.8	684.2	549.3	683.8	414.2	1.56	4.59	0	959	17	0.31	5.5	16.9	0.0	0.0	15.94	0	1.2758	1.8469	660	661.35	949.84	
1702411	55	645.7	682.2	548.2	682.2	414.2	1.56	4.59	0	947	16	0.31	5.5	16.9	0.0	0.0	16.17	0	1.2758	1.8469	660	661.14	949.84	
1702968	56	645.5	680.5	547.1	680.5	413.8	1.56	4.59	0	936	16	0.31	5.5	16.9	0.0	0.0	16.41	0	1.2758	1.8469	660	660.93	949.77	
1703516	56	645.3	678.5	546.5	678.5	413.5	1.75	4.59	0	942	14	0.31	5.5	16.9	0.0	0.0	16.57	0	1.2758	1.8469	660	660.74	949.61	
1704061	56	645.0	677.2	545.3	677.2	413.5	1.56	4.59	0	953	12	0.31	5.5	16.9	0.0	0.0	16.76	0	1.2758	1.8469	660	660.65	949.61	
1704589	56	644.8	675.5	544.8	675.5	413.5	1.56	4.59	0	906	10	0.31	5.5	16.9	0.0	0.0	17.51	0	1.2758	1.8469	660	660.44	949.61	
1705143	56	644.6	674.2	543.7	673.8	413.2	1.75	4.59	0	945	7	0.31	5.5	16.9	0.0	0.0	17.30	0	1.2758	1.8469	660	660.25	950.31	
1705745	56	644.3	672.5	543.0	672.8	412.8	1.56	4.59	0	785	3	0.31	5.5	16.9	0.0	0.0	13.69	0	1.2758	1.8469	660	660.04	949.84	
1706264	56	644.1	671.2	542.2	670.8	412.8	1.56	4.59	0	754	0	0.31	5.5	16.9	0.0	0.0	16.12	0	1.2758	1.8469	660	659.94	949.77	
1706787	56	643.8	669.8	541.5	669.8	412.5	1.56	4.59	0	785	0	0.31	5.5	16.9	0.0	0.0	17.58	0	1.2758	1.8469	655	659.73	949.45	
1707313	56	643.6	668.5	540.5	668.5	412.5	1.56	4.59	0	820	0	0.31	5.5	16.9	0.0	0.0	16.12	0	1.2758	1.8469	655	659.55	949.45	
1708282	56	643.1	666.2	539.1	666.2	412.2	1.56	4.59	0	808	0	0.31	5.5	16.9	0.0	0.0	16.03	0	1.2758	1.8469	655	659.33	949.06	
1708780	56	642.9	664.8	538.5	664.8	411.8	1.56	4.59	0	805	0	0.31	5.5	16.9	0.0	0.0	16.20	0	1.2758	1.8469	655	659.24	948.98	
1709249	56	642.7	664.2	537.8	664.2	411.8	1.56	4.59	0	806	0	0.31	5.5	16.9	0.0	0.0	16.12	0	1.2758	1.8469	655	659.03	949.06	
1709735	56	642.4	662.8	537.1	662.8	411.5	1.44	4.59	0	812	0	0.31	5.5	16.9	0.0	0.0	16.17	0	1.2758	1.8469	655	658.94	948.91	
1710129	56	642.2	662.2	536.7	662.2	411.5	1.56	4.59	0	811	0	0.31	5.5	16.9	0.0	0.0	16.05	0	1.2758	1.8469	655	658.84	948.91	
1710514	56	642.0	661.5	536.2	661.2	411.2	1.56	4.59	0	811	0	0.31	5.5	16.9	0.0	0.0	16.05	0	1.2758	1.8469	655	658.75	948.98	
1710964	56	641.8	660.2	535.5	659.8	410.8	1.56	4.59	0	810	0	0.31	5.5	16.9	0.0	0.0	16.03	0	1.2758	1.8469	655	658.63	948.75	
1711346	56	641.6	659.2	535.2	659.2	410.8	1.44	4.59	0	803	0	0.31	5.5	16.9	0.0	0.0	15.89	0	1.2758	1.8469	655	658.44	948.83	
1711741	56	641.4	658.5	534.6	658.2	410.8	1.56	4.59	0	795	0	0.31	5.5	16.9	0.0	0.0	15.77	0	1.2758	1.8469	655	658.35	948.98	
1712227	56	641.1	658.2	534.1	657.8	410.5	1.56	4.59	0	789	0	0.31	5.5	16.9	0.0	0.0	16.43	0	1.2758	1.8469	655	658.23	948.83	
1712720	56	640.9	656.8	534.0	656.8	410.5	1.56	4.59	0	809	0	0.31	5.5	16.9	0.0	0.0	16.43	0	1.2758	1.8469	655	658.14	949.06	
1713223	56	640.6	655.8	533.0	655.8	410.2	1.56	4.59	0	803	0	0.31	5.5	16.9	0.0	0.0	15.94	0	1.2758	1.8469	655	658.05	949.06	
1713723	57	640.3	654.8	532.5	654.8	409.5	1.56	4.59	0	786	0	0.31	5.5	16.9	0.0	0.0	16.01	0	1.2758	1.8469	655	657.83	948.98	
1714275	57	640.0	653.8	531.8	653.8	409.8	1.56	4.59	0	783	0	0.31	5.5	16.9	0.0	0.0	17.16	0	1.2758	1.8469	655	657.74	948.83	
1714830	57	639.7	652.8	531.3	652.8	409.5	1.56	4.59	0	791	0	0.31	5.5	16.9	0.0	0.0	17.51	0	1.2758	1.8469	655	657.65	948.75	
1715357	57	639.4	652.2	530.7	651.8	409.2	1.56	4.59	0	803	0	0.31	5.5	16.9	0.0	0.0	17.20	0	1.2758	1.8469	655	657.44	948.98	
1715901	57	639.1	651.2	530.5	650.8	409.2	1.56	4.59	0	801	0	0.31	5.5	16.9	0.0	0.0	17.37	0	1.2758	1.8469	655	657.34	949.06	
1716557	57	638.8	650.2	529.8	649.8	409.2	1.56	4.59	0	795	0	0.31	5.5	16.9	0.0	0.0	17.23	0	1.2758	1.8469	655	657.13	949.06	
1717085	57	638.5	649.5	529.1	649.5	408.8	1.56	4.59	0	800	0	0.31	5.5	16.9	0.0	0.0	17.39	0	1.2758	1.8469	655	657.04	949.06	
1717601	57	638.1	648.5	528.5	648.5	408.8	1.56	4.59	0	797	0	0.31	5.5	16.9	0.0	0.0	17.13	0	1.2758	1.8469	655	656.94	949.06	
1718193	57	637.8	647.5	528.3	647.5	408.8	1.56	4.59	0	798	0	0.31	5.5	16.9	0.0	0.0	17.25	0	1.2758	1.8469	655	656.73	948.98	
1718738	57	637.4	646.8	528.0	646.8	408.5	1.56	4.59	0	795	0	0.31	5.5	16.9	0.0	0.0	17.41	0	1.2758	1.8469	655	656.64	949.06	
1719314	57	637.1	645.8	527.5	646.2	408.5	1.56	4.59	0	799	0	0.31	5.5	16.9	0.0	0.0	17.37	0	1.2758	1.8469	655	656.43	948.98	
1719846	57	636.7	645.2	527.0	645.2	408.5	1.56	4.59	0	807	0	0.31	5.5	16.9	0.0	0.0	17.32	0	1.2758	1.8469	655	656.33	948.91	
1720363	57	636.4	644.5	526.6	644.5	408.2	1.56	4.59	0	805	0	0.56	5.5	16.9	0.0	0.0	17.25	0	1.2758	1.8469	655	656.24	948.83	
1720872	57	636.1	643.8	526.0	643.8	408.2	1.56	4.59	0	798	0	0.31	5.5	16.9	0.0	0.0	17.46	0	1.2758	1.8469	655	656.03	948.98	
1721403	57	635.7	643.5	525.8	643.2	408.2	1.56	4.59	0	793	0	0.31	5.5	16.9	0.0	0.0	17.37	0	1.2758	1.8469	655	655.94	948.98	
1721965	57	635.3	642.8	525.3	642.8	407.8	1.56	4.59	0	796	0	0.31	5.5	16.9	0.0	0.0	17.37	0	1.2758	1.8469	655	655.84	948.91	
1722516	57	635.0	642.2	525.2	642.2	408.2	1.56	4.59	0	799	0	0.31	5.5	16.9	0.0	0.0	17.55	0	1.2758	1.8469	655	655.63	949.06	
1723042	57	634.6	641.2	524.6	641.5	407.5	1.56	4.59	0	797	0	0.31	5.5	16.9	0.0	0.0	17.39	0	1.2758	1.8469	655	655.54	948.98	
1723560	57	634.2	640.8	524.3	640.8	407.8	1.56	4.59	0	799	0	0.31	5.5	16.9	0.0	0.0	17.58	0	1.2758	1.8469	655	655.44	948.83	
1724121	57	633.9	640.2	523.8	640.2	407.5	1.56	4.59	0	799	0	0.31	5.5	16.9	0.0	0.0	17.46	0	1.2758	1.8469	655	655.23	949.06	
1724723	57	633.4	639.8	523.8	639.5	407.5	1.56	4.59	0	799	0	0.31	5.5	16.9	0.0	0.0	17.44	0	1.2758	1.8469	655	655.05	948.98	
1725280	57	633.1	639.5	523.6	639.5	407.5	1.56	4.59	0	785	0	0.31	5.5	16.9	0.0	0.0	17.34	0	1.2758	1.8469	655	654.93	948.59	
1725703	57	632.7	638.5	523.0	638.8	407.5	1.56	4.59	0	792	0	0.31	5.5	16.9	0.0	0.0	18.05	0	1.2758	1.8469	650	654.83	948.91	
1726290	57	632.3	637.8	522.8	638.2	407.5	1.56	4.59	0	803	0	0.31	5.5	16.9	0.0	0.0	17.81	0	1.2758	1.8469	650	654.74	948.98	
1726872	57	631.9	637.5	522.5	637.2	407.2	1.56	4.59	0	801	0	0.31	5.5	16.9	0.0	0.0	17.30	0	1.2758	1.8469	650	654.53	948.91	
1727429	57	631.5	637.2	522.2	637.2	407.5	1.56	4.59	0	793	0	0.31	5.5	16.9	0.0	0.0	18.02	0	1.2758	1.8469	650	654.34	948.91	
1727965	57	631.1	636.5	521.8	636.5	407.2	1.56	4.59	0	805	0	0.31	5.5	16.9	0.0	0.0	17.55	0	1.2758	1.8469	650	654.25	948.75	
1728475	57	630.7	636.2	521.8	636.2	407.2	1.56	4.59	0	802	0	0.31	5.5	16.9	0.0	0.0	17.51	0	1.2758	1.8469	650	654.13	948.98	
1729067	57	630.3	635.8	521.3	635.5	407.2	1.56	4.59	0	797	0	0.31	5.5	16.9	0.0	0.0	17.37	0	1.2758	1.8469	650	653.94	948.91	
1729604	58	629.9	634.8	521.3	634.8	407.2	1.56	4.59	0	794	0	0.31	5.5	16.9	0.0	0.0	17.46	0	1.2758	1.8469	650	653.85	949.06	
1730163	58	629.4	634.5	520.8	634.5	407.2	1.56	4.59	0	801	0	0.31	5.5	16.9	0.0	0.0	17.88	0	1.2758	1.8469	650	653.64	948.98	
1730702	58	629.0	634.2	520.7	634.2	406.8	1.56	4.59	0	804	0	0.31	5.5	16.9	0.0	0.0	17.60	0	1.2758	1.8469	650	653.55	948.91	
1731287	58	628.6	633.5	520.5	633.5	406.8	1.56	4.59	0	795	0	0.31	5.5	16.9	0.0	0.0	17.23	0	1.2758	1.8469	650	653.33	949.14	
1731796	58	628.2	633.2	520.2	632.8	407.2	1.56	4.59	0	801	0	0.31	5.5	16.9	0.0	0.0	17.27	0	1.2758	1.8469	650	653.24	948.98	
1732312	58	627.8	632.8	520.0	632.8	407.2	1.56	4.59	0	796	0	0.31	5.5	16.9	0.0	0.0	17.32	0	1.2758	1.8469	650	653.03	948.91	
1732866	58	627.3	632.5	519.8	632.5	407.5	1.56	4.59	0	793	0	0.31	5.5	16.9	0.0	0.0	17.23	0	1.2758	1.8469	650	652.84	948.98	
1733508	58	626.9	631.8	519.3	631.5	407.2	1.56	4.59	0	797	0	0.31	5.5	16.9	0.0	0.0	17.98	0	1.2758	1.8469	650	652.75	949.06	
1734056	58	626.5	631.5	519.5	631.5	407.2	1.56	4.59	0	810	0	0.31	5.5	16.9	0.0	0.0	17.39	0	1.2758	1.8469	650	652.54	949.30	
1734610	58	626.0	630.8	519.1	630.8	407.2	1.56	4.59	0	788	0	0.31	5.5	16.9	0.0	0.0	17.41	0	1.2758	1.8469	650	652.35	949.14	
1735162	58	625.5	630.8	519.0	630.5	407.2	1.56	4.59	0	790	0	0.31	5.5	16.9	0.0	0.0	17.74	0	1.2758	1.8469	650	652.23	949.06	
1735630	58	625.2	630.5	518.8	630.2	407.5	1.56	4.59	0	808	0	0.31	5.5	16.9	0.0	0.0	18.16	0	1.2758	1.8469	650	652.05	949.14	
1736234	58	624.7	629.8	518.5	629.8	406.8	1.56	4.59	0	813	0	0.31	5.5	16.9	0.0	0.0	17.02	0	1.2758	1.8469	650	651.83	949.30	
1736779	58	624.2	629.5	518.3	629.5	407.2	1.56	4.59	0	795	0	0.31	5.5	16.9	0.0	0.0	17.39	0	1.2758	1.8469	650	651.74	948.98	
1737311	58	623.8	628.8	518.2	629.2	407.2	1.56	4.59	0	793	0	0.31	5.5	16.9	0.0	0.0	17.53	0	1.2758	1.8469	650	651.53	949.06	
1737815	58	623.4	628.5	517.8	628.5	406.8	1.56	4.59	0	798	0	0.31	5.5	16.9	0.0	0.0	17.84	0	1.2758	1.8469	650	651.44	949.14	
1738409	58	622.9	628.2	517.7	628.2	407.2	1.56	4.59	0	795	0	0.31	5.5	16.9	0.0	0.0	17.74	0	1.2758	1.8469	650	651.25	949.06	
1738986	58	622.4	627.8	517.5	627.8	407.2	1.56	4.59	0	808	0	0.31	5.5	16.9	0.0	0.0	17.39	0	1.2758	1.8469	650	651.04	948.98	
1739570	58	621.9	627.5	517.6	627.5	407.5	1.56	4.59	0	796	0	0.31	5.5	16.9	0.0	0.0	17.60	0	1.2758	1.8469	650	650.85	949.06	
1740118	58	621.4	627.2	517.3	627.2	407.5	1.56	4.59	0	796	0	0.31	5.5	16.9	0.0	0.0	17.53	0	1.2758	1.8469	650	650.64	949.06	
1740666	58	621.0	626.8	516.8	626.8	407.5	1.56	4.59	0	792	0	0.31	5.5	16.9	0.0	0.0	17.77	0	1.2758	1.8469	650	650.55	948.98	
1741263	58	620.5	626.2	517.0	626.2	407.5	1.56	4.59	0	791	0	0.31	5.5	16.9	0.0	0.0	17.79	0	1.2758	1.8469	650	650.33	949.06	
1741839	58	620.0	626.5	516.8	626.2	407.8	1.56	4.59	0	798	0	0.31	5.5	16.9	0.0	0.0	17.60	0	1.2758	1.8469	650	650.15	949.06	
1742366	58	619.6	625.8	516.6	626.2	407.2	1.56	4.59	0	807	0	0.31	5.5	16.9	0.0	0.0	17.67	0	1.2758	1.8469	650	649.94	949.14	
1742935	58	619.1	625.5	516.3	625.2	407.5	1.56	4.59	0	795	0	0.31	5.5	16.9	0.0	0.0	17.88	0	1.2758	1.8469	645	649.75	948.98	
1743497	58	618.6	625.2	516.0	624.8	407.8	1.56	4.59	0	805	0	0.31	5.5	16.9	0.0	0.0	17.60	0	1.2758	1.8469	645	649.63	949.14	
1744101	58	618.0	624.5	516.3	624.5	407.5	1.56	4.59	0	808	0	0.31	5.5	16.9	0.0	0.0	17.55	0	1.2758	1.8469	645	649.44	949.14	
1744646	58	617.6	624.2	516.0	624.5	407.8	1.56	4.59	0	805	0	0.31	5.5	16.9	0.0	0.0	17.62	0	1.2758	1.8469	645	649.23	949.14	
1745183	58	617.1	624.2	516.0	624.2	407.8	1.56	4.59	0	799	0	0.31	5.5	16.9	0.0	0.0	18.09	0	1.2758	1.8469	645	649.05	949.38	
1745733	58	616.6	623.8	516.0	623.8	408.2	1.56	4.59	0	800	0	0.31	5.5	16.9	0.0	0.0	17.72	0	1.2758	1.8469	645	648.83	949.53	
1746330	58	616.1	623.5	515.8	623.2	407.5	1.56	4.59	0	797	0	0.31	5.5	16.9	0.0	0.0	17.81	0	1.2758	1.8469	645	648.65	949.30	
1746847	58	615.6	622.8	515.5	622.8	408.2	1.56	4.59	0	802	0	0.31	5.5	16.9	0.0	0.0	18.00	0	1.2758	1.8469	645	648.44	949.06	
1747433	58	615.1	622.5	515.3	622.8	408.2	1.56	4.59	0	801	0	0.31	5.5	16.9	0.0	0.0	18.05	0	1.2758	1.8469	645	648.25	949.06	
1747983	58	614.6	622.5	515.5	622.5	408.2	1.56	4.59	0	798	0	0.31	5.5	16.9	0.0	0.0	17.93	0	1.2758	1.8469	645	648.04	949.06	
1748568	58	614.1	622.5	515.3	622.5	408.2	1.56	4.59	0	798	0	0.31	5.5	16.9	0.0	0.0	17.88	0	1.2758	1.8469	645	647.85	949.06	
1749093	59	613.6	621.8	515.1	621.8	408.2	1.56	4.59	0	789	0	0.31	5.5	16.9	0.0	0.0	18.14	0	1.2758	1.8469	645	647.64	949.14	
1749627	59	613.1	621.8	515.0	621.5	408.5	1.56	4.59	0	790	0	0.31	5.5	16.9	0.0	0.0	18.14	0	1.2758	1.8469	645	647.43	949.14	
1750195	59	612.6	621.8	515.1	621.5	408.5	1.56	4.59	0	798	0	0.31	5.5	16.9	0.0	0.0	18.02	0	1.2758	1.8469	645	647.24	949.14	
1750846	59	612.1	620.8	514.8	621.2	408.8	1.56	4.59	0	798	0	0.31	5.5	16.9	0.0	0.0	18.19	0	1.2758	1.8469	645	647.03	949.06	
1751405	59	611.6	620.8	514.6	620.5	408.8	1.56	4.59	0	796	0	0.31	5.5	16.9	0.0	0.0	17.74	0	1.2758	1.8469	645	646.84	948.98	
1751981	59	611.0	620.5	514.6	620.8	409.2	1.56	4.59	0	800	0	0.31	5.5	16.9	0.0	0.0	17.81	0	1.2758	1.8469	645	646.63	949.06	
1752565	59	610.4	620.8	514.8	620.2	409.2	1.56	4.59	0	796	0	0.31	5.5	16.9	0.0	0.0	18.07	0	1.2758	1.8469	645	646.35	948.98	
1753092	59	609.9	619.8	514.5	619.8	409.2	1.56	4.59	0	799	0	0.31	5.5	16.9	0.0	0.0	17.88	0	1.2758	1.8469	645	646.14	949.14	
1753661	59	609.4	620.2	514.5	619.8	408.8	1.56	4.59	0	806	0	0.31	5.5	16.9	0.0	0.0	17.84	0	1.2758	1.8469	645	645.93	949.14	
1754221	59	608.9	619.5	514.1	619.5	409.5	1.56	4.59	0	802	0	0.31	5.5	16.9	0.0	0.0	18.02	0	1.2758	1.8469	645	645.74	949.06	
1754747	59	608.4	619.5	514.3	619.2	409.5	1.56	4.59	0	812	0	0.31	5.5	16.9	0.0	0.0	21.00	0	1.2758	1.8469	645	645.53	948.67	
1755293	59	607.9	619.2	514.3	619.5	409.2	1.75	4.59	0	850	0	0.56	5.5	16.9	0.0	0.0	21.05	0	1.2758	1.8469	645	645.34	949.77	
1755850	59	607.3	618.8	514.1	618.8	409.2	1.56	4.59	0	852	0	0.56	5.5	16.9	0.0	0.0	20.34	0	1.2758	1.8469	645	645.04	948.91	
1756472	59	606.7	618.8	514.1	618.5	409.5	1.75	4.59	0	820	0	0.81	5.5	16.9	0.0	0.0	25.83	0	1.2758	1.8469	640	644.85	949.92	
1757008	59	606.1	618.2	514.0	618.2	409.5	1.75	4.59	0	845	0	0.81	5.5	16.9	0.0	0.0	35.13	0	1.2758	1.8469	640	644.55	949.84	
1757607	59	605.4	618.2	514.0	618.5	409.5	1.75	4.59	0	1,073	2	1.12	5.5	16.9	0.0	0.0	33.75	0	1.2758	1.8469	640	644.24	950.86	
1758201	59	604.5	618.5	514.1	618.5	409.8	2.25	4.59	0	1,249	4	1.94	5.5	16.9	0.0	0.0	38.16	0	1.2758	1.8469	640	643.94	960.39	
1758734	59	603.5	618.8	514.3	618.5	409.8	2.25	4.59	0	1,298	7	1.94	5.5	16.9	0.0	0.0	37.29	0	1.2758	1.8469	640	643.54	968.12	
1759256	59	602.5	618.8	514.5	618.8	409.8	2.12	4.59	0	1,325	10	1.94	5.5	16.9	0.0	0.0	35.72	0	1.2758	1.8469	640	643.14	970.31	
1759942	59	601.3	619.2	514.5	619.5	410.2	2.25	4.59	0	1,495	12	2.44	5.5	16.9	0.0	0.0	35.32	0	1.2758	1.8469	640	642.65	978.52	
1760508	59	599.9	620.8	515.3	620.8	410.8	2.25	4.59	0	1,447	14	2.75	5.5	16.9	0.0	0.0	29.34	0	1.2758	1.8469	640	642.13	978.67	
1761027	59	598.5	621.8	516.3	621.8	410.8	1.44	4.59	0	1,186	15	1.12	5.5	16.9	0.0	0.0	16.10	0	1.2758	1.8469	640	641.73	966.56	
1761563	58	597.4	623.2	517.0	623.5	411.2	1.75	4.59	0	1,231	15	0.81	5.5	16.9	0.0	0.0	24.14	0	1.2758	1.8469	640	641.33	954.69	
1762131	58	596.2	624.8	517.5	624.8	411.2	2.12	4.59	0	1,355	17	1.38	5.5	16.9	0.0	0.0	30.23	0	1.2758	1.8469	640	640.75	959.69	
1762672	58	595.0	625.8	518.5	625.5	411.2	1.94	4.59	0	1,365	18	1.62	5.5	16.9	0.0	0.0	24.75	0	1.2758	1.8469	640	640.35	964.06	
1763223	59	593.8	626.8	519.0	626.8	411.5	1.25	4.59	0	1,428	18	1.38	5.5	16.9	0.0	0.0	14.95	0	1.2758	1.8469	640	639.83	957.27	
1763752	58	592.9	628.2	520.0	628.2	411.8	1.44	4.59	0	1,475	19	1.38	5.5	16.9	0.0	0.0	22.78	0	1.2758	1.8469	635	639.34	950.70	
1764276	58	591.7	629.2	520.5	629.5	411.8	2.12	4.59	0	1,528	20	1.94	5.5	16.9	0.0	0.0	30.82	0	1.2758	1.8469	635	638.94	960.86	
1764799	58	590.6	630.5	520.5	630.2	411.8	1.56	4.59	0	1,608	21	1.94	5.5	16.9	0.0	0.0	20.55	0	1.2758	1.8469	635	638.43	959.14	
1765354	58	589.5	631.2	521.5	631.5	412.2	1.25	4.59	0	1,607	21	1.38	5.5	16.9	0.0	0.0	12.05	0	1.2758	1.8469	635	637.84	956.41	
1765936	58	588.4	632.2	522.3	632.5	412.5	0.19	4.59	0	1,461	21	0.81	5.5	16.9	0.0	0.0	16.83	0	1.2758	1.8469	635	637.35	956.64	
1766510	58	587.5	633.5	522.8	633.5	412.5	1.75	4.59	0	1,607	21	0.81	5.5	16.9	0.0	0.0	12.91	0	1.2758	1.8469	635	636.83	954.69	
1767051	58	586.7	634.5	523.7	634.2	412.8	1.94	4.59	0	1,658	21	1.38	5.5	16.9	0.0	0.0	11.95	0	1.2758	1.8469	635	636.34	953.98	
1767576	58	585.8	634.5	523.8	634.8	412.8	-0.94	4.59	0	1,627	21	0.00	5.5	16.9	0.0	0.0	16.80	0	1.2758	1.8469	635	635.94	958.91	
1768163	58	585.1	635.5	524.3	635.5	413.5	0.56	4.59	0	1,496	20	1.38	5.5	16.9	0.0	0.0	18.84	0	1.2758	1.8469	635	635.43	963.75	
1768786	59	584.6	635.8	524.5	635.5	413.5	0.69	4.59	0	1,452	18	1.38	5.5	16.9	0.0	0.0	19.05	0	1.2758	1.8469	635	635.03	966.64	
1769319	59	584.2	635.8	524.5	635.8	413.5	0.88	4.59	0	1,318	16	0.81	5.5	16.9	0.0	0.0	18.59	0	1.2758	1.8469	630	634.63	966.25	
1769829	59	583.9	635.8	524.6	635.8	413.8	1.25	4.59	0	1,194	15	0.56	5.5	16.9	0.0	0.0	18.49	0	1.2758	1.8469	630	634.23	965.23	
1770385	59	583.6	635.5	524.8	635.5	414.2	1.25	4.59	0	1,104	14	0.56	5.5	16.9	0.0	0.0	13.05	0	1.2758	1.8469	630	633.93	960.86	
1770919	59	583.4	635.5	524.6	635.5	414.2	1.56	4.59	0	1,061	13	0.56	5.5	16.9	0.0	0.0	15.77	0	1.2758	1.8469	630	633.53	957.34	
1771507	59	583.1	635.2	524.7	635.2	414.5	1.56	4.59	0	952	11	0.31	5.5	16.9	0.0	0.0	12.47	0	1.2758	1.8469	630	633.13	954.69	
1772069	59	582.8	634.8	524.6	634.8	414.2	1.56	4.59	0	763	9	0.31	5.5	16.9	0.0	0.0	16.95	0	1.2758	1.8469	630	632.73	952.73	
1772660	59	582.5	634.5	524.6	634.5	414.5	1.56	4.59	0	719	8	0.31	5.5	16.9	0.0	0.0	32.23	0	1.2758	1.8469	630	632.33	950.31	
1773235	59	582.2	633.5	524.1	633.8	414.5	1.56	4.59	0	903	9	0.56	5.5	16.9	0.0	0.0	20.62	0	1.2758	1.8469	630	631.94	952.27	
1773774	59	581.8	633.5	524.1	633.5	414.5	1.56	4.59	0	918	9	0.56	5.5	16.9	0.0	0.0	19.05	0	1.2758	1.8469	630	631.54	951.48	
1774305	59	581.4	632.8	524.0	632.8	414.8	1.56	4.59	0	902	9	0.56	5.5	16.9	0.0	0.0	21.38	0	1.2758	1.8469	630	631.23	951.02	
1774818	59	581.0	632.2	523.5	632.5	414.8	1.75	4.59	0	938	9	0.81	5.5	16.9	0.0	0.0	24.68	0	1.2758	1.8469	630	630.83	952.27	
1775385	59	580.6	631.8	523.5	632.5	414.8	1.56	4.59	0	1,004	9	0.31	5.5	16.9	0.0	0.0	18.49	0	1.2758	1.8469	630	630.44	952.11	
1775968	59	580.1	631.5	523.3	631.5	415.2	1.56	4.59	0	983	10	0.56	5.5	16.9	0.0	0.0	19.66	0	1.2758	1.8469	630	630.04	952.11	
1776515	59	579.6	630.8	523.0	631.2	415.2	1.56	4.59	0	986	10	0.56	5.5	16.9	0.0	0.0	19.15	0	1.2758	1.8469	625	629.55	951.95	
1777097	59	579.2	630.8	523.0	630.5	415.2	1.75	4.59	0	1,014	11	0.56	5.5	16.9	0.0	0.0	30.59	0	1.2758	1.8469	625	629.24	950.55	
1777631	59	578.6	630.2	523.0	630.5	415.5	2.12	4.59	0	1,276	12	1.38	5.5	16.9	0.0	0.0	31.55	0	1.2758	1.8469	625	628.63	953.75	
1778199	59	577.7	629.8	522.8	629.8	415.5	2.12	4.59	0	1,292	14	1.62	5.5	16.9	0.0	0.0	36.98	0	1.2758	1.8469	625	628.23	957.58	
1778767	59	576.9	629.8	522.6	629.8	415.5	2.25	4.59	0	1,378	15	2.75	5.5	16.9	0.0	0.0	42.94	0	1.2758	1.8469	625	627.53	969.38	
1779360	59	575.8	629.8	522.6	629.8	415.5	2.44	4.59	0	1,431	18	3.50	5.5	16.9	0.0	0.0	44.98	0	1.2758	1.8469	625	626.85	988.05	
1779917	59	574.6	630.5	522.8	630.2	416.2	2.81	4.59	0	1,560	20	3.81	5.5	16.9	0.0	0.0	41.16	0	1.2758	1.8469	625	626.03	999.53	
1780523	59	573.3	630.5	523.3	630.8	416.5	3.00	4.59	0	1,685	22	3.81	5.5	16.9	0.0	0.0	40.99	0	1.2758	1.8469	625	625.14	1,008.83	
1781094	59	571.8	631.5	524.0	631.8	416.2	3.31	4.59	0	1,858	24	4.06	5.5	16.9	0.0	0.0	41.20	0	1.2758	1.8469	620	624.34	1,020.94	
1781657	59	570.1	632.5	524.6	633.2	416.5	2.81	4.59	0	1,688	26	4.88	5.5	16.9	0.0	0.0	47.04	0	1.2758	1.8469	620	623.33	1,046.72	
1782206	59	568.7	634.2	525.1	634.5	416.5	2.44	4.59	0	1,494	27	4.62	5.5	16.9	0.0	0.0	43.29	0	1.2758	1.8469	620	622.44	1,038.98	
1782752	58	567.2	635.5	526.1	635.8	416.8	2.44	4.59	0	1,500	29	3.81	5.5	16.9	0.0	0.0	42.45	0	1.2758	1.8469	620	621.34	1,024.61	
1783320	58	565.7	637.2	526.8	637.2	416.8	2.25	4.59	0	1,494	30	3.00	5.5	16.9	0.0	0.0	36.21	0	1.2758	1.8469	620	620.24	1,010.31	
1783928	58	564.1	638.8	527.8	639.2	417.2	3.12	4.59	0	1,347	31	2.75	5.5	16.9	0.0	0.0	36.75	0	1.2758	1.8469	615	619.14	1,000.70	
1784511	58	562.9	640.5	528.8	640.5	417.2	1.94	4.59	0	1,250	32	1.94	5.5	16.9	0.0	0.0	28.69	0	1.2758	1.8469	615	618.25	985.70	
1785110	58	561.8	642.5	529.7	642.5	417.8	1.44	4.59	0	1,105	32	0.56	5.5	16.9	0.0	0.0	14.84	0	1.2758	1.8469	615	617.33	964.61	
1785632	57	560.9	643.5	530.6	643.5	418.2	1.25	4.59	0	1,050	32	0.31	5.5	16.9	0.0	0.0	15.19	0	1.2758	1.8469	615	616.63	957.66	
1786239	57	560.1	645.2	531.3	645.2	417.5	1.44	4.59	0	1,052	32	0.31	5.5	16.9	0.0	0.0	16.99	0	1.2758	1.8469	615	615.83	956.02	
1786831	58	559.5	645.5	531.6	645.8	418.2	1.56	4.59	0	1,039	31	0.56	5.5	16.9	0.0	0.0	17.09	0	1.2758	1.8469	615	615.13	957.19	
1787412	58	558.9	646.2	532.2	646.2	417.8	1.56	4.59	0	1,026	30	0.56	5.5	16.9	0.0	0.0	17.41	0	1.2758	1.8469	610	614.55	958.75	
1787944	58	558.5	646.2	532.3	646.2	418.2	1.56	4.59	0	1,003	29	-0.19	5.5	16.9	0.0	0.0	17.44	0	1.2758	1.8469	610	613.94	958.59	
1788462	58	558.1	646.2	532.2	646.5	418.2	1.56	4.59	0	971	28	0.31	5.5	16.9	0.0	0.0	17.30	0	1.2758	1.8469	610	613.44	958.05	
1789030	58	557.8	645.8	532.3	645.8	418.2	2.62	4.59	0	931	26	0.56	5.5	16.9	0.0	0.0	11.44	0	1.2758	1.8469	610	612.83	956.95	
1789599	58	557.5	645.5	532.0	645.5	418.5	1.44	4.59	0	1,109	25	0.31	5.5	16.9	0.0	0.0	11.67	0	1.2758	1.8469	610	612.34	954.69	
1790146	58	557.2	645.2	532.0	645.2	418.5	1.44	4.59	0	1,167	23	0.56	5.5	16.9	0.0	0.0	11.88	0	1.2758	1.8469	610	611.85	953.98	
1790685	58	557.0	644.8	531.5	644.5	418.5	1.44	4.59	0	1,100	21	0.56	5.5	16.9	0.0	0.0	12.09	0	1.2758	1.8469	610	611.33	953.20	
1791260	58	556.7	643.5	531.1	643.8	418.5	1.44	4.59	0	969	19	0.31	5.5	16.9	0.0	0.0	12.45	0	1.2758	1.8469	610	610.84	952.27	
1791788	58	556.4	642.5	530.8	642.5	418.5	1.44	4.59	0	902	17	0.31	5.5	16.9	0.0	0.0	13.48	0	1.2758	1.8469	610	610.44	951.72	
1792310	58	556.2	642.2	530.5	641.8	418.8	1.56	4.59	0	903	16	0.31	5.5	16.9	0.0	0.0	14.58	0	1.2758	1.8469	610	610.05	950.94	
1792851	59	556.0	641.5	530.0	641.5	418.5	1.56	4.59	0	923	14	0.31	5.5	16.9	0.0	0.0	14.98	0	1.2758	1.8469	605	609.53	950.55	
1793379	59	555.7	639.8	529.1	640.5	418.5	1.56	4.59	0	924	12	0.31	5.5	16.9	0.0	0.0	16.05	0	1.2758	1.8469	605	609.13	950.47	
1793935	59	555.5	639.5	529.1	639.2	418.5	1.56	4.59	0	928	10	0.31	5.5	16.9	0.0	0.0	17.41	0	1.2758	1.8469	605	608.64	949.92	
1794549	59	555.2	638.2	528.5	638.2	418.5	1.75	4.59	0	970	8	0.56	5.5	16.9	0.0	0.0	17.39	0	1.2758	1.8469	605	608.15	950.86	
1795184	59	554.9	637.2	527.8	637.2	418.8	1.56	4.59	0	924	7	0.31	5.5	16.9	0.0	0.0	20.30	0	1.2758	1.8469	605	607.75	950.00	
1795755	59	554.6	636.5	527.3	636.2	418.5	1.56	4.59	0	982	7	0.56	5.5	16.9	0.0	0.0	21.61	0	1.2758	1.8469	605	607.23	949.84	
1796326	59	554.2	634.8	526.7	634.8	418.5	1.56	4.59	0	1,002	6	0.56	5.5	16.9	0.0	0.0	17.06	0	1.2758	1.8469	605	606.74	951.72	
1796854	59	554.0	633.8	526.1	633.8	418.5	1.75	4.59	0	971	6	0.56	5.5	16.9	0.0	0.0	23.18	0	1.2758	1.8469	605	606.34	950.70	
1797386	59	553.6	633.5	525.8	633.2	418.2	1.75	4.59	0	1,126	6	0.81	5.5	16.9	0.0	0.0	25.59	0	1.2758	1.8469	605	605.94	951.56	
1797895	59	553.3	632.5	525.5	632.2	418.2	1.75	4.59	0	1,189	6	1.12	5.5	16.9	0.0	0.0	25.43	0	1.2758	1.8469	605	605.55	953.36	
1798461	59	552.9	631.8	525.1	631.5	418.2	1.56	4.59	0	1,196	6	1.12	5.5	16.9	0.0	0.0	20.67	0	1.2758	1.8469	605	605.03	956.33	
1799010	59	552.5	630.8	524.7	630.8	418.2	1.44	4.59	0	1,067	6	0.56	5.5	16.9	0.0	0.0	16.34	0	1.2758	1.8469	600	604.63	952.50	
1799538	59	552.1	630.2	524.0	629.8	418.2	1.56	4.59	0	920	5	0.56	5.5	16.9	0.0	0.0	16.97	0	1.2758	1.8469	600	604.14	950.86	
1800074	59	551.7	630.2	524.1	630.2	417.8	1.56	4.59	0	872	4	0.56	5.5	16.9	0.0	0.0	20.88	0	1.2758	1.8469	600	603.74	951.17	
1800662	59	551.3	629.5	523.8	629.2	417.8	1.75	4.59	0	925	4	0.81	5.5	16.9	0.0	0.0	27.61	0	1.2758	1.8469	600	603.25	951.88	
1801194	59	550.9	628.5	523.3	628.8	418.2	1.75	4.59	0	1,001	4	0.81	5.5	16.9	0.0	0.0	23.48	0	1.2758	1.8469	600	602.85	953.91	
1801767	59	550.5	627.8	523.0	627.8	417.5	1.75	4.59	0	1,009	3	0.56	5.5	16.9	0.0	0.0	25.24	0	1.2758	1.8469	600	602.43	953.83	
1802277	59	550.1	628.2	522.8	628.2	417.8	1.75	4.59	0	1,015	3	1.12	5.5	16.9	0.0	0.0	24.59	0	1.2758	1.8469	600	602.03	954.14	
1802826	59	549.6	627.8	522.6	627.5	417.8	1.75	4.59	0	1,029	3	0.81	5.5	16.9	0.0	0.0	34.71	0	1.2758	1.8469	600	601.54	952.34	
1803455	59	549.1	627.2	522.5	627.2	417.5	2.12	4.59	0	1,300	4	1.62	5.5	16.9	0.0	0.0	35.02	0	1.2758	1.8469	600	601.05	960.39	
1803998	59	548.6	627.2	522.3	627.2	417.5	1.94	4.59	0	1,275	5	1.38	5.5	16.9	0.0	0.0	33.21	0	1.2758	1.8469	600	600.53	962.66	
1804585	59	547.9	627.2	522.3	627.2	417.5	2.12	4.59	0	1,297	7	1.62	5.5	16.9	0.0	0.0	33.66	0	1.2758	1.8469	600	599.94	964.61	
1805161	59	547.0	627.2	522.3	627.2	417.8	1.94	4.59	0	1,331	8	1.62	5.5	16.9	0.0	0.0	28.01	0	1.2758	1.8469	595	599.33	969.45	
1805712	59	546.4	627.5	522.1	627.5	417.2	1.25	4.59	0	1,161	9	1.12	5.5	16.9	0.0	0.0	16.80	0	1.2758	1.8469	595	598.84	959.61	
1806288	59	545.8	627.8	522.3	627.5	417.5	1.44	4.59	0	1,009	8	0.56	5.5	16.9	0.0	0.0	16.05	0	1.2758	1.8469	595	598.35	954.84	
1806884	59	545.2	627.8	522.6	627.8	417.2	1.56	4.59	0	872	8	0.31	5.5	16.9	0.0	0.0	19.71	0	1.2758	1.8469	595	597.83	951.95	
1807408	59	544.7	628.5	522.8	628.5	417.2	1.56	4.59	0	901	6	0.56	5.5	16.9	0.0	0.0	20.37	0	1.2758	1.8469	595	597.44	950.62	
1807981	59	544.2	628.5	522.8	628.5	417.2	1.75	4.59	0	948	7	0.56	5.5	16.9	0.0	0.0	22.62	0	1.2758	1.8469	595	596.94	952.58	
1808520	59	543.6	628.2	523.0	628.5	416.8	1.56	4.59	0	957	6	0.56	5.5	16.9	0.0	0.0	18.00	0	1.2758	1.8469	595	596.43	952.66	
1809045	59	543.2	628.5	523.0	628.5	417.5	1.56	4.59	0	899	4	0.31	5.5	16.9	0.0	0.0	15.47	0	1.2758	1.8469	595	596.03	952.34	
1809563	59	542.7	628.2	522.8	628.2	417.2	1.56	4.59	0	817	2	0.31	5.5	16.9	0.0	0.0	17.37	0	1.2758	1.8469	595	595.75	951.48	
1810122	59	542.3	628.2	522.8	627.8	417.2	1.56	4.59	0	815	1	0.56	5.5	16.9	0.0	0.0	19.52	0	1.2758	1.8469	595	595.23	950.70	
1810681	59	541.9	627.8	522.5	627.8	417.2	1.56	4.59	0	809	0	0.31	5.5	16.9	0.0	0.0	20.44	0	1.2758	1.8469	595	594.93	950.70	
1811224	59	541.5	627.5	522.3	627.2	417.2	1.56	4.59	0	829	0	0.56	5.5	16.9	0.0	0.0	19.76	0	1.2758	1.8469	590	594.44	950.70	
1811772	59	541.1	626.8	522.0	626.8	416.8	1.56	4.59	0	843	0	0.31	5.5	16.9	0.0	0.0	17.48	0	1.2758	1.8469	590	594.13	949.69	
1812462	59	540.7	626.8	521.6	626.5	416.8	1.56	4.59	0	828	0	0.56	5.5	16.9	0.0	0.0	22.45	0	1.2758	1.8469	590	593.64	947.50	
1813024	59	540.2	625.8	521.3	625.8	416.5	1.94	4.59	0	967	1	0.81	5.5	16.9	0.0	0.0	25.97	0	1.2758	1.8469	590	593.24	952.34	
1813541	59	539.7	625.2	521.0	625.2	416.8	1.56	4.59	0	933	4	0.56	5.5	16.9	0.0	0.0	21.56	0	1.2758	1.8469	590	592.84	952.42	
1814051	59	539.3	624.8	520.6	624.8	416.5	1.56	4.59	0	940	7	0.56	5.5	16.9	0.0	0.0	19.22	0	1.2758	1.8469	590	592.54	952.42	
1814636	59	538.9	624.2	520.5	624.2	416.2	1.56	4.59	0	1,109	9	0.81	5.5	16.9	0.0	0.0	17.93	0	1.2758	1.8469	590	592.14	951.48	
1815203	59	538.4	623.5	520.0	623.8	416.5	1.44	4.59	0	1,219	12	0.81	5.5	16.9	0.0	0.0	17.09	0	1.2758	1.8469	590	591.74	953.75	
1815738	59	538.0	623.2	520.0	623.5	416.2	1.25	4.59	0	1,172	14	0.56	5.5	16.9	0.0	0.0	15.77	0	1.2758	1.8469	590	591.34	953.75	
1816257	59	537.6	622.5	519.7	623.2	416.5	1.44	4.59	0	1,190	17	0.56	5.5	16.9	0.0	0.0	12.09	0	1.2758	1.8469	590	591.04	953.83	
1816833	59	537.2	622.8	519.3	622.5	416.2	1.94	4.59	0	1,313	18	0.56	5.5	16.9	0.0	0.0	11.48	0	1.2758	1.8469	590	590.64	953.98	
1817351	59	536.8	622.2	519.0	622.2	416.2	1.56	4.59	0	1,541	20	1.12	5.5	16.9	0.0	0.0	15.28	0	1.2758	1.8469	590	590.24	956.17	
1817873	59	536.4	621.5	518.8	621.8	415.8	0.56	4.59	0	1,567	22	1.12	5.5	16.9	0.0	0.0	18.59	0	1.2758	1.8469	590	589.94	961.17	
1818477	60	536.1	621.2	518.5	620.8	415.8	0.88	4.59	0	1,717	23	1.12	5.5	16.9	0.0	0.0	19.22	0	1.2758	1.8469	585	589.54	966.95	
1819017	60	535.9	620.5	518.1	620.8	415.8	0.88	4.59	0	1,714	24	1.38	5.5	16.9	0.0	0.0	19.57	0	1.2758	1.8469	585	589.23	970.31	
1819537	60	535.8	620.2	518.0	620.2	415.8	0.56	4.59	0	1,596	24	1.38	5.5	16.9	0.0	0.0	19.12	0	1.2758	1.8469	585	588.93	971.41	
1820060	60	535.7	619.5	517.6	619.5	415.8	0.56	4.59	0	1,560	26	1.38	5.5	16.9	0.0	0.0	19.38	0	1.2758	1.8469	585	588.65	971.88	
1820591	60	535.6	618.8	517.0	618.8	415.5	0.56	4.59	0	1,500	26	1.38	5.5	16.9	0.0	0.0	19.41	0	1.2758	1.8469	585	588.34	971.41	
1821206	60	535.5	618.5	517.0	618.5	415.8	0.88	4.59	0	1,354	25	0.81	5.5	16.9	0.0	0.0	18.87	0	1.2758	1.8469	585	588.04	969.61	
1821772	60	535.5	617.8	516.8	617.8	415.5	1.06	4.59	0	1,191	24	0.56	5.5	16.9	0.0	0.0	18.49	0	1.2758	1.8469	585	587.64	967.81	
1822334	60	535.5	617.2	516.1	617.2	415.2	1.25	4.59	0	1,140	23	0.56	5.5	16.9	0.0	0.0	18.45	0	1.2758	1.8469	585	587.33	966.09	
1822886	60	535.5	616.5	516.0	616.5	415.5	1.44	4.59	0	1,090	22	0.31	5.5	16.9	0.0	0.0	18.52	0	1.2758	1.8469	585	587.15	964.14	
1823415	60	535.5	616.2	515.5	615.8	415.2	2.81	4.59	0	901	21	0.56	5.5	16.9	0.0	0.0	13.27	0	1.2758	1.8469	585	586.84	959.61	
1823947	60	535.4	615.5	515.6	615.2	415.2	2.12	4.59	0	1,011	18	0.81	5.5	16.9	0.0	0.0	19.08	0	1.2758	1.8469	585	586.54	959.14	
1824470	60	535.3	614.5	514.8	614.5	415.2	1.56	4.59	0	1,052	16	0.31	5.5	16.9	0.0	0.0	12.96	0	1.2758	1.8469	585	586.23	956.56	
1825002	60	535.2	614.2	514.7	614.5	414.8	1.56	4.59	0	944	13	0.31	5.5	16.9	0.0	0.0	14.23	0	1.2758	1.8469	585	585.93	954.84	
1825591	60	535.0	613.5	514.3	613.8	414.8	1.56	4.59	0	894	10	0.31	5.5	16.9	0.0	0.0	14.58	0	1.2758	1.8469	585	585.65	953.36	
1826150	60	534.9	612.5	513.8	612.5	415.2	1.75	4.59	0	881	9	0.31	5.5	16.9	0.0	0.0	16.80	0	1.2758	1.8469	585	585.34	952.11	
1826675	60	534.7	611.8	513.3	611.8	414.5	1.75	4.59	0	847	8	0.31	5.5	16.9	0.0	0.0	23.84	0	1.2758	1.8469	585	585.04	952.27	
1827251	60	534.5	611.2	513.0	611.2	414.5	1.56	4.59	0	944	8	0.56	5.5	16.9	0.0	0.0	18.87	0	1.2758	1.8469	580	584.73	951.80	
1827814	60	534.2	610.5	512.5	610.5	414.8	1.75	4.59	0	969	8	0.56	5.5	16.9	0.0	0.0	20.18	0	1.2758	1.8469	580	584.33	952.66	
1828332	60	533.9	609.8	512.1	609.5	414.8	1.56	4.59	0	976	9	0.31	5.5	16.9	0.0	0.0	17.04	0	1.2758	1.8469	580	584.15	952.34	
1828922	60	533.6	608.8	511.8	608.8	414.5	1.75	4.59	0	1,001	9	0.56	5.5	16.9	0.0	0.0	29.23	0	1.2758	1.8469	580	583.75	950.55	
1829447	60	533.2	608.5	511.5	608.5	414.2	1.94	4.59	0	1,243	9	1.38	5.5	16.9	0.0	0.0	32.60	0	1.2758	1.8469	580	583.44	953.12	
1829952	60	532.8	608.2	510.8	607.8	414.2	2.12	4.59	0	1,310	10	1.62	5.5	16.9	0.0	0.0	34.10	0	1.2758	1.8469	580	583.05	959.53	
1830513	60	532.3	607.8	510.8	607.5	413.8	1.94	4.59	0	1,333	12	1.62	5.5	16.9	0.0	0.0	33.07	0	1.2758	1.8469	580	582.53	963.44	
1831034	60	531.6	606.8	510.8	607.5	414.2	2.12	4.59	0	1,345	13	1.62	5.5	16.9	0.0	0.0	33.98	0	1.2758	1.8469	580	582.04	965.94	
1831583	60	530.8	607.2	510.5	607.2	414.2	2.12	4.59	0	1,392	14	1.94	5.5	16.9	0.0	0.0	31.20	0	1.2758	1.8469	580	581.55	971.02	
1832146	60	530.1	607.5	510.5	607.5	414.2	1.44	4.59	0	1,344	15	1.62	5.5	16.9	0.0	0.0	23.88	0	1.2758	1.8469	580	581.03	961.88	
1832725	59	529.3	607.5	510.5	607.5	414.2	1.44	4.59	0	1,235	15	0.56	5.5	16.9	0.0	0.0	13.08	0	1.2758	1.8469	580	580.54	956.95	
1833252	59	528.7	607.8	510.8	607.8	413.5	1.44	4.59	0	1,154	15	0.56	5.5	16.9	0.0	0.0	11.88	0	1.2758	1.8469	580	580.14	953.83	
1833771	59	528.1	608.2	511.0	608.2	413.8	3.12	4.59	0	1,120	14	0.56	5.5	16.9	0.0	0.0	11.91	0	1.2758	1.8469	575	579.74	953.83	
1834293	59	527.6	608.2	511.0	608.2	413.5	1.44	4.59	0	1,115	14	0.56	5.5	16.9	0.0	0.0	12.42	0	1.2758	1.8469	575	579.34	954.61	
1834845	59	527.1	608.5	511.0	608.5	413.5	1.56	4.59	0	1,108	14	0.56	5.5	16.9	0.0	0.0	19.31	0	1.2758	1.8469	575	578.94	953.12	
1835354	59	526.5	608.2	511.0	607.8	413.5	1.75	4.59	0	1,129	14	0.56	5.5	16.9	0.0	0.0	18.98	0	1.2758	1.8469	575	578.55	953.28	
1835877	59	526.0	608.2	510.5	608.2	413.8	1.56	4.59	0	1,144	15	0.56	5.5	16.9	0.0	0.0	19.69	0	1.2758	1.8469	575	578.15	954.53	
1836398	60	525.5	607.8	510.8	607.5	413.5	1.56	4.59	0	1,169	15	0.81	5.5	16.9	0.0	0.0	14.93	0	1.2758	1.8469	575	577.75	955.39	
1836963	59	524.9	607.5	510.5	607.5	413.2	1.44	4.59	0	1,108	15	0.56	5.5	16.9	0.0	0.0	12.40	0	1.2758	1.8469	575	577.23	954.22	
1837493	59	524.5	607.5	510.3	607.5	412.8	1.56	4.59	0	1,122	14	0.31	5.5	16.9	0.0	0.0	12.49	0	1.2758	1.8469	575	576.93	953.44	
1838151	59	524.0	607.2	510.3	606.8	413.2	1.56	4.59	0	1,086	14	0.31	5.5	16.9	0.0	0.0	12.61	0	1.2758	1.8469	575	576.44	952.42	
1838714	59	523.5	606.5	510.1	606.5	413.2	1.56	4.59	0	1,042	13	0.31	5.5	16.9	0.0	0.0	12.47	0	1.2758	1.8469	575	576.04	952.42	
1839232	59	523.0	606.2	509.7	606.2	413.2	1.44	4.59	0	1,002	13	0.31	5.5	16.9	0.0	0.0	12.91	0	1.2758	1.8469	575	575.64	951.56	
1839796	60	522.6	605.8	509.5	606.2	413.2	1.44	4.59	0	970	12	0.31	5.5	16.9	0.0	0.0	12.61	0	1.2758	1.8469	575	575.33	951.02	
1840335	60	522.2	605.2	509.0	604.8	413.2	1.44	4.59	0	907	12	0.31	5.5	16.9	0.0	0.0	12.91	0	1.2758	1.8469	575	574.94	950.94	
1840855	60	521.8	604.8	508.8	604.8	412.8	1.56	4.59	0	898	11	0.31	5.5	16.9	0.0	0.0	14.84	0	1.2758	1.8469	570	574.63	950.78	
1841377	60	521.4	604.2	508.5	604.2	412.8	1.56	4.59	0	896	11	0.31	5.5	16.9	0.0	0.0	15.61	1	1.2758	1.8469	570	574.35	950.70	
1841913	60	521.0	603.5	508.1	603.5	412.5	1.56	4.59	0	892	11	0.31	5.5	16.9	0.0	0.0	17.04	1	1.2758	1.8469	570	574.05	950.55	
1842454	60	520.6	602.5	507.6	602.8	412.5	1.44	4.59	0	905	11	0.31	5.5	16.9	0.0	0.0	20.25	1	1.2758	1.8469	570	573.65	949.84	
1843016	60	520.2	602.2	507.5	602.2	412.5	1.75	4.59	0	1,054	11	0.81	5.5	16.9	0.0	0.0	22.55	1	1.2758	1.8469	570	573.34	950.70	
1843550	60	519.8	601.5	506.8	601.2	412.5	1.75	4.59	0	1,117	11	0.81	5.5	16.9	0.0	0.0	23.60	1	1.2758	1.8469	570	572.94	951.80	
1844072	60	519.3	600.5	506.5	601.2	412.2	1.75	4.59	0	1,158	12	0.81	5.5	16.9	0.0	0.0	24.56	1	1.2758	1.8469	570	572.64	952.66	
1844606	60	518.8	600.2	506.0	600.2	412.2	1.75	4.59	0	1,198	12	1.12	5.5	16.9	0.0	0.0	25.97	1	1.2758	1.8469	570	572.24	953.59	
1845139	60	518.3	599.5	505.8	599.2	411.8	1.94	4.59	0	1,278	13	1.12	5.5	16.9	0.0	0.0	28.92	1	1.2758	1.8469	570	571.84	955.62	
1845659	60	517.7	598.8	505.3	599.5	411.8	1.94	4.59	0	1,295	14	1.12	5.5	16.9	0.0	0.0	29.95	1	1.2758	1.8469	570	571.44	958.20	
1846213	60	517.0	598.8	505.3	598.8	411.8	1.75	4.59	0	1,278	14	1.38	5.5	16.9	0.0	0.0	28.73	1	1.2758	1.8469	570	570.93	958.20	
1846851	60	516.4	598.8	505.3	598.8	411.5	1.44	4.59	0	1,216	15	0.81	5.5	16.9	0.0	0.0	21.30	1	1.2758	1.8469	570	570.44	954.14	
1847380	60	515.8	598.8	505.1	598.8	411.8	1.56	4.59	0	1,229	16	0.81	5.5	16.9	0.0	0.0	24.54	1	1.2758	1.8469	570	569.94	956.33	
1847908	60	515.1	598.5	505.1	598.5	411.5	1.75	4.59	0	1,286	17	1.12	5.5	16.9	0.0	0.0	27.12	1	1.2758	1.8469	565	569.55	957.19	
1848462	60	514.3	598.5	505.1	598.8	411.2	1.75	4.59	0	1,369	17	1.38	5.5	16.9	0.0	0.0	26.72	1	1.2758	1.8469	565	569.03	959.30	
1849008	60	513.6	598.5	505.0	598.5	411.5	1.75	4.59	0	1,429	18	1.38	5.5	16.9	0.0	0.0	22.34	1	1.2758	1.8469	565	568.54	960.94	
1849513	60	513.0	598.8	505.0	598.8	411.2	1.56	4.59	0	1,466	19	1.38	5.5	16.9	0.0	0.0	21.38	1	1.2758	1.8469	565	567.93	962.42	
1850038	59	512.3	599.2	505.5	599.2	411.5	1.06	4.59	0	1,440	19	1.12	5.5	16.9	0.0	0.0	12.98	1	1.2758	1.8469	565	567.53	961.17	
1850555	59	511.7	599.5	505.2	599.2	411.5	1.06	4.59	0	1,450	18	1.12	5.5	16.9	0.0	0.0	12.26	1	1.2758	1.8469	565	567.13	960.23	
1851085	59	511.2	599.5	505.2	599.5	411.2	1.06	4.59	0	1,416	18	0.81	5.5	16.9	0.0	0.0	11.23	1	1.2758	1.8469	565	566.73	958.36	
1851643	59	510.6	599.5	505.0	598.8	411.2	0.88	4.59	0	1,313	17	0.81	5.5	16.9	0.0	0.0	18.21	1	1.2758	1.8469	565	566.24	961.95	
1852250	59	510.2	599.5	505.0	599.2	410.8	1.06	4.59	0	1,226	16	0.56	5.5	16.9	0.0	0.0	19.22	1	1.2758	1.8469	565	565.84	963.59	
1852773	59	509.8	598.8	505.0	599.5	411.2	2.44	4.59	0	1,170	15	1.12	5.5	16.9	0.0	0.0	12.61	1	1.2758	1.8469	565	565.44	962.19	
1853310	59	509.5	598.8	504.6	598.8	410.8	1.56	4.59	0	1,137	14	0.56	5.5	16.9	0.0	0.0	19.12	1	1.2758	1.8469	565	565.05	958.05	
1853865	60	509.1	598.2	504.6	598.5	410.8	1.75	4.59	0	1,106	14	0.56	5.5	16.9	0.0	0.0	19.17	1	1.2758	1.8469	560	564.65	956.17	
1854434	60	508.7	598.2	504.5	597.8	410.8	1.56	4.59	0	1,154	15	0.81	5.5	16.9	0.0	0.0	21.80	1	1.2758	1.8469	560	564.13	955.47	
1855062	60	508.3	597.8	504.3	598.2	410.5	1.75	4.59	0	1,222	15	0.81	5.5	16.9	0.0	0.0	22.55	1	1.2758	1.8469	560	563.73	955.78	
1855620	60	507.8	597.2	504.0	597.2	410.8	1.56	4.59	0	1,277	16	1.12	5.5	16.9	0.0	0.0	21.98	1	1.2758	1.8469	560	563.15	957.03	
1856197	60	507.4	596.8	503.5	596.8	410.5	1.56	4.59	0	1,279	15	0.81	5.5	16.9	0.0	0.0	12.54	1	1.2758	1.8469	560	562.75	958.75	
1856730	59	506.8	596.5	503.6	596.5	410.5	1.25	4.59	0	1,246	16	0.56	5.5	16.9	0.0	0.0	12.38	1	1.2758	1.8469	560	562.23	956.64	
1857312	59	506.4	596.2	503.3	596.2	410.5	1.56	4.59	0	1,242	16	0.56	5.5	16.9	0.0	0.0	12.66	1	1.2758	1.8469	560	561.83	955.55	
1857905	59	505.9	595.5	503.0	595.5	410.5	1.44	4.59	0	1,172	15	0.56	5.5	16.9	0.0	0.0	12.54	1	1.2758	1.8469	560	561.44	954.14	
1858418	60	505.5	595.5	503.0	595.2	410.5	1.56	4.59	0	1,148	14	0.31	5.5	16.9	0.0	0.0	12.19	1	1.2758	1.8469	560	561.04	953.83	
1858930	60	505.2	594.8	502.5	594.8	410.5	1.44	4.59	0	1,009	13	0.31	5.5	16.9	0.0	0.0	12.89	1	1.2758	1.8469	560	560.64	953.12	
1859496	60	504.8	594.5	502.5	594.5	410.2	1.56	4.59	0	866	10	0.31	5.5	16.9	0.0	0.0	12.09	1	1.2758	1.8469	560	560.33	952.11	
1860030	60	504.4	593.8	502.2	593.8	409.8	1.75	4.59	0	735	9	0.31	5.5	16.9	0.0	0.0	25.62	1	1.2758	1.8469	560	559.94	949.45	
1860624	60	504.0	593.5	501.6	593.5	410.2	1.75	4.59	0	895	9	0.81	5.5	16.9	0.0	0.0	22.01	1	1.2758	1.8469	555	559.44	952.34	
1861170	60	503.6	592.8	501.5	592.5	409.8	1.56	4.59	0	894	8	0.56	5.5	16.9	0.0	0.0	20.70	1	1.2758	1.8469	555	559.14	951.41	
1861728	60	503.2	592.5	501.1	592.2	409.5	1.75	4.59	0	942	9	0.81	5.5	16.9	0.0	0.0	24.68	1	1.2758	1.8469	555	558.74	952.42	
1862248	60	502.8	591.5	500.6	591.5	409.5	1.56	4.59	0	973	8	0.56	5.5	16.9	0.0	0.0	20.77	1	1.2758	1.8469	555	558.34	952.42	
1862788	60	502.4	591.2	500.3	590.8	409.5	1.75	4.59	0	950	8	0.56	5.5	16.9	0.0	0.0	20.79	1	1.2758	1.8469	555	557.94	952.42	
1863361	60	502.0	590.5	500.0	590.2	409.2	1.56	4.59	0	894	6	0.31	5.5	16.9	0.0	0.0	19.31	1	1.2758	1.8469	555	557.55	951.64	
1863984	60	501.6	590.2	499.7	589.8	409.5	1.94	4.59	0	766	6	0.56	5.5	16.9	0.0	0.0	34.66	1	1.2758	1.8469	555	557.15	953.20	
1864489	60	501.1	589.5	499.3	589.5	408.8	1.75	4.59	0	929	6	0.81	5.5	16.9	0.0	0.0	25.57	1	1.2758	1.8469	555	556.75	953.91	
1864997	60	500.6	589.2	499.0	589.2	408.5	1.75	4.59	0	1,009	6	0.56	5.5	16.9	0.0	0.0	23.37	1	1.2758	1.8469	555	556.35	951.56	
1865534	60	500.1	588.5	498.8	588.5	408.5	2.25	4.59	0	1,254	6	1.38	5.5	16.9	0.0	0.0	36.73	1	1.2758	1.8469	555	555.83	954.06	
1866044	60	499.6	588.2	498.3	588.5	408.5	2.25	4.59	0	1,345	8	2.19	5.5	16.9	0.0	0.0	40.64	1	1.2758	1.8469	555	555.34	964.53	
1866562	60	499.0	587.8	498.3	587.8	408.2	2.44	4.59	0	1,364	9	3.00	5.5	16.9	0.0	0.0	45.05	1	1.2758	1.8469	550	554.85	978.52	
1867075	60	498.2	588.2	498.1	588.2	408.2	2.44	4.59	0	1,416	11	3.50	5.5	16.9	0.0	0.0	45.82	1	1.2758	1.8469	550	554.24	992.58	
1867606	60	497.4	587.5	498.0	587.8	408.2	2.44	4.59	0	1,441	13	3.81	5.5	16.9	0.0	0.0	45.91	1	1.2758	1.8469	550	553.63	1,002.89	
1868159	59	496.4	588.5	498.2	588.5	407.8	2.44	4.59	0	1,458	15	3.81	5.5	16.9	0.0	0.0	45.30	1	1.2758	1.8469	550	552.74	1,008.20	
1868675	59	495.6	588.5	498.3	588.8	407.8	2.44	4.59	0	1,468	17	3.81	5.5	16.9	0.0	0.0	45.56	1	1.2758	1.8469	550	552.04	1,011.64	
1869224	59	494.6	589.2	498.1	589.2	407.8	2.62	4.59	0	1,475	19	4.06	5.5	16.9	0.0	0.0	43.27	1	1.2758	1.8469	550	551.03	1,014.53	
1869793	59	493.7	589.8	498.6	589.5	408.2	2.62	4.59	0	1,639	21	3.25	5.5	16.9	0.0	0.0	37.45	1	1.2758	1.8469	550	550.23	1,013.05	
1870321	58	492.8	590.2	499.1	590.2	408.2	2.62	4.59	0	1,741	23	3.00	5.5	16.9	0.0	0.0	29.09	1	1.2758	1.8469	545	549.25	997.97	
1870852	58	492.1	591.2	499.7	591.5	407.8	0.19	4.59	0	1,525	23	0.81	5.5	16.9	0.0	0.0	16.12	1	1.2758	1.8469	545	548.55	976.64	
1871394	58	491.6	591.8	499.8	591.8	407.5	1.44	4.59	0	1,101	23	0.31	5.5	16.9	0.0	0.0	12.00	1	1.2758	1.8469	545	547.94	962.03	
1871934	58	491.0	592.5	500.3	592.8	407.8	1.44	4.59	0	1,122	22	0.56	5.5	16.9	0.0	0.0	12.30	1	1.2758	1.8469	545	547.23	956.17	
1872573	58	490.6	593.2	500.1	593.2	407.8	1.25	4.59	0	1,095	22	0.31	5.5	16.9	0.0	0.0	12.42	1	1.2758	1.8469	545	546.65	953.12	
1873116	58	490.1	594.2	500.5	594.2	407.8	1.56	4.59	0	1,014	22	0.31	5.5	16.9	0.0	0.0	13.29	1	1.2758	1.8469	545	545.94	953.91	
1873656	58	489.7	593.8	500.6	593.8	407.5	1.56	4.59	0	888	21	0.31	5.5	16.9	0.0	0.0	16.78	1	1.2758	1.8469	545	545.43	952.42	
1874154	58	489.4	593.8	500.6	593.8	407.5	1.56	4.59	0	978	20	0.56	5.5	16.9	0.0	0.0	17.13	1	1.2758	1.8469	545	544.94	952.81	
1874657	58	489.0	593.8	500.8	593.8	407.8	1.44	4.59	0	1,013	20	0.56	5.5	16.9	0.0	0.0	14.62	1	1.2758	1.8469	540	544.44	952.27	
1875162	58	488.8	593.8	500.5	593.8	407.5	1.56	4.59	0	965	20	0.56	5.5	16.9	0.0	0.0	15.80	1	1.2758	1.8469	540	544.05	951.95	
1875684	58	488.5	593.2	500.3	593.5	407.2	1.44	4.59	0	982	19	0.56	5.5	16.9	0.0	0.0	15.21	1	1.2758	1.8469	540	543.53	951.64	
1876221	58	488.2	592.8	500.3	593.2	407.2	1.56	4.59	0	961	19	0.31	5.5	16.9	0.0	0.0	15.96	1	1.2758	1.8469	540	543.04	951.80	
1876769	58	488.0	592.5	500.0	592.5	407.2	1.56	4.59	0	919	17	0.31	5.5	16.9	0.0	0.0	16.66	1	1.2758	1.8469	540	542.64	951.33	
1877290	59	487.7	592.5	499.5	592.5	406.8	1.56	4.59	0	912	15	0.56	5.5	16.9	0.0	0.0	18.33	1	1.2758	1.8469	540	542.24	951.09	
1877803	59	487.5	591.8	499.3	591.5	406.8	1.56	4.59	0	947	13	0.56	5.5	16.9	0.0	0.0	18.38	1	1.2758	1.8469	540	541.84	951.41	
1878323	59	487.3	590.8	499.2	590.8	406.8	1.56	4.59	0	951	12	0.31	5.5	16.9	0.0	0.0	18.12	1	1.2758	1.8469	540	541.44	951.48	
1878914	59	487.1	590.5	498.5	590.5	406.5	1.56	4.59	0	938	12	0.31	5.5	16.9	0.0	0.0	18.12	1	1.2758	1.8469	540	540.93	951.56	
1879494	59	486.8	589.8	498.5	589.8	406.5	1.56	4.59	0	932	12	0.31	5.5	16.9	0.0	0.0	18.87	1	1.2758	1.8469	540	540.65	951.41	
1880031	59	486.6	589.2	497.8	589.2	406.2	1.56	4.59	0	918	10	0.56	5.5	16.9	0.0	0.0	20.27	1	1.2758	1.8469	540	540.25	951.41	
1880696	59	486.4	588.8	497.3	588.8	406.5	1.56	4.59	0	911	10	0.56	5.5	16.9	0.0	0.0	26.32	1	1.2758	1.8469	535	539.73	951.56	
1881229	59	486.2	587.8	497.3	587.8	406.2	1.75	4.59	0	992	9	0.81	5.5	16.9	0.0	0.0	20.70	1	1.2758	1.8469	535	539.33	952.58	
1881745	59	486.0	587.2	496.3	587.2	405.8	1.75	4.59	0	972	9	0.56	5.5	16.9	0.0	0.0	24.84	1	1.2758	1.8469	535	539.03	953.20	
1882245	59	485.8	587.2	496.3	586.8	405.8	1.56	4.59	0	1,003	9	0.56	5.5	16.9	0.0	0.0	19.05	1	1.2758	1.8469	535	538.63	953.20	
1882830	59	485.5	585.8	496.0	585.8	405.5	1.56	4.59	0	968	9	0.56	5.5	16.9	0.0	0.0	20.44	1	1.2758	1.8469	535	538.23	952.50	
1883342	59	485.4	585.8	495.6	586.2	405.5	1.56	4.59	0	969	11	0.56	5.5	16.9	0.0	0.0	19.95	1	1.2758	1.8469	535	537.93	952.27	
1883858	59	485.2	585.2	495.3	585.5	405.2	1.56	4.59	0	973	9	0.56	5.5	16.9	0.0	0.0	19.78	1	1.2758	1.8469	535	537.65	952.50	
1884416	59	484.9	584.8	495.0	584.5	405.2	1.75	4.59	0	933	6	0.31	5.5	16.9	0.0	0.0	18.07	1	1.2758	1.8469	535	537.25	952.42	
1884940	59	484.8	584.2	494.7	584.5	404.8	1.56	4.59	0	819	4	0.31	5.5	16.9	0.0	0.0	17.04	1	1.2758	1.8469	535	536.94	951.72	
1885483	59	484.6	583.5	494.7	583.8	404.8	1.56	4.59	0	777	2	0.31	5.5	16.9	0.0	0.0	21.49	1	1.2758	1.8469	535	536.64	951.02	
1886015	59	484.4	583.5	494.0	583.5	404.5	1.56	4.59	0	788	0	0.31	5.5	16.9	0.0	0.0	28.48	1	1.2758	1.8469	535	536.24	949.77	
1886564	59	484.2	583.2	494.0	583.5	404.5	1.75	4.59	0	876	0	1.12	5.5	16.9	0.0	0.0	30.98	1	1.2758	1.8469	535	535.94	952.27	
1887114	59	484.0	582.8	493.6	583.2	404.2	1.75	4.59	0	844	0	0.81	5.5	16.9	0.0	0.0	34.97	1	1.2758	1.8469	535	535.63	952.27	
1887643	59	483.8	582.2	493.2	582.2	404.2	1.94	4.59	0	983	1	1.38	5.5	16.9	0.0	0.0	32.84	1	1.2758	1.8469	535	535.23	958.20	
1888175	59	483.5	581.5	493.0	581.8	403.8	1.75	4.59	0	1,118	2	1.12	5.5	16.9	0.0	0.0	31.92	1	1.2758	1.8469	535	534.93	957.58	
1888722	59	483.3	581.5	492.6	581.5	403.8	1.94	4.59	0	1,244	4	1.38	5.5	16.9	0.0	0.0	35.74	1	1.2758	1.8469	530	534.44	960.31	
1889349	59	483.0	581.5	492.6	581.5	403.5	2.12	4.59	0	1,294	6	1.94	5.5	16.9	0.0	0.0	38.18	1	1.2758	1.8469	530	533.94	967.42	
1889875	59	482.7	580.8	492.3	580.8	403.5	2.12	4.59	0	1,332	9	2.19	5.5	16.9	0.0	0.0	38.04	1	1.2758	1.8469	530	533.55	972.58	
1890462	59	482.2	581.2	492.3	581.2	403.2	2.12	4.59	0	1,371	11	2.19	5.5	16.9	0.0	0.0	36.98	1	1.2758	1.8469	530	532.94	977.19	
1891021	59	481.8	581.2	492.3	581.5	403.2	2.12	4.59	0	1,402	12	2.19	5.5	16.9	0.0	0.0	28.92	1	1.2758	1.8469	530	532.35	984.38	
1891566	59	481.5	581.5	492.5	581.8	402.8	1.44	4.59	0	1,064	13	0.56	5.5	16.9	0.0	0.0	18.47	1	1.2758	1.8469	530	531.93	965.31	
1892090	58	481.2	582.2	492.7	582.5	402.8	1.56	4.59	0	983	13	0.31	5.5	16.9	0.0	0.0	16.34	1	1.2758	1.8469	530	531.53	957.19	
1892648	58	480.9	582.5	492.5	582.5	402.5	1.56	4.59	0	980	12	0.56	5.5	16.9	0.0	0.0	16.10	1	1.2758	1.8469	530	531.13	953.98	
1893222	58	480.6	582.8	493.0	582.8	402.5	1.56	4.59	0	926	11	0.31	5.5	16.9	0.0	0.0	17.25	1	1.2758	1.8469	530	530.64	951.95	
1893737	58	480.4	582.8	492.6	582.8	402.2	1.75	4.59	0	854	11	0.31	5.5	16.9	0.0	0.0	21.30	1	1.2758	1.8469	530	530.33	952.42	
1894264	59	480.2	582.8	492.5	582.8	401.8	1.75	4.59	0	840	11	0.56	5.5	16.9	0.0	0.0	28.24	1	1.2758	1.8469	530	529.94	952.34	
1894799	59	480.0	583.2	492.7	583.2	402.2	1.56	4.59	0	946	11	0.56	5.5	16.9	0.0	0.0	21.23	1	1.2758	1.8469	525	529.63	953.20	
1895347	59	479.7	582.8	492.5	582.8	401.8	1.56	4.59	0	958	11	0.56	5.5	16.9	0.0	0.0	20.72	1	1.2758	1.8469	525	529.23	953.20	
1895875	59	479.5	583.2	492.1	583.2	401.5	1.56	4.59	0	957	10	0.31	5.5	16.9	0.0	0.0	19.62	1	1.2758	1.8469	525	528.83	952.27	
1896393	59	479.3	582.8	492.1	582.8	401.8	1.75	4.59	0	994	10	0.56	5.5	16.9	0.0	0.0	24.05	1	1.2758	1.8469	525	528.53	952.27	
1896935	59	479.1	582.8	492.1	582.2	401.5	1.75	4.59	0	1,120	11	0.81	5.5	16.9	0.0	0.0	25.52	1	1.2758	1.8469	525	528.13	953.28	
1897451	59	478.9	582.5	492.0	582.2	401.5	1.75	4.59	0	1,165	11	0.81	5.5	16.9	0.0	0.0	25.50	1	1.2758	1.8469	525	527.85	953.98	
1898051	59	478.7	582.2	491.8	582.2	401.2	1.75	4.59	0	1,216	12	1.12	5.5	16.9	0.0	0.0	26.74	1	1.2758	1.8469	525	527.33	955.78	
1898601	59	478.5	581.5	491.5	581.8	401.5	1.75	4.59	0	1,256	12	1.12	5.5	16.9	0.0	0.0	28.29	1	1.2758	1.8469	525	527.03	957.34	
1899113	59	478.2	581.8	491.5	582.2	400.8	1.94	4.59	0	1,242	13	1.12	5.5	16.9	0.0	0.0	33.56	1	1.2758	1.8469	525	526.63	961.41	
1899672	59	478.0	582.2	491.5	581.8	400.8	1.44	4.59	0	1,257	14	1.12	5.5	16.9	0.0	0.0	17.04	1	1.2758	1.8469	525	526.23	958.91	
1900185	59	477.7	582.2	491.3	582.2	400.8	1.44	4.59	0	1,092	14	0.56	5.5	16.9	0.0	0.0	15.05	1	1.2758	1.8469	525	525.93	955.55	
1900694	59	477.6	581.8	491.5	582.2	401.2	1.44	4.59	0	1,044	14	0.31	5.5	16.9	0.0	0.0	12.45	1	1.2758	1.8469	525	525.65	953.20	
1901215	59	477.4	582.2	491.3	582.2	400.8	1.56	4.59	0	1,025	13	0.31	5.5	16.9	0.0	0.0	12.91	1	1.2758	1.8469	525	525.25	952.27	
1901799	59	477.2	582.2	491.5	581.8	400.8	1.56	4.59	0	983	12	0.31	5.5	16.9	0.0	0.0	13.90	1	1.2758	1.8469	525	524.94	952.50	
1902327	59	477.0	581.8	491.5	582.2	401.2	1.44	4.59	0	942	12	0.31	5.5	16.9	0.0	0.0	14.84	1	1.2758	1.8469	520	524.64	952.42	
1902850	59	476.8	582.2	491.1	581.8	400.5	1.44	4.59	0	920	12	0.31	5.5	16.9	0.0	0.0	15.09	1	1.2758	1.8469	520	524.33	951.72	
1903400	59	476.7	581.2	490.8	581.5	400.2	1.44	4.59	0	905	11	0.31	5.5	16.9	0.0	0.0	17.09	1	1.2758	1.8469	520	524.15	951.56	
1903936	59	476.5	581.2	491.0	581.2	400.5	1.56	4.59	0	872	10	0.31	5.5	16.9	0.0	0.0	19.88	1	1.2758	1.8469	520	523.75	951.25	
1904525	59	476.3	580.5	490.5	580.8	400.2	1.56	4.59	0	896	8	0.31	5.5	16.9	0.0	0.0	20.70	1	1.2758	1.8469	520	523.44	951.25	
1905045	59	476.2	580.2	490.2	579.8	400.2	1.56	4.59	0	850	8	0.31	5.5	16.9	0.0	0.0	28.20	1	1.2758	1.8469	520	523.23	951.02	
1905580	59	476.0	579.8	489.8	579.8	400.2	1.75	4.59	0	914	7	0.56	5.5	16.9	0.0	0.0	22.62	1	1.2758	1.8469	520	522.93	952.27	
1906154	59	475.8	579.5	489.6	579.2	400.2	1.75	4.59	0	946	5	0.56	5.5	16.9	0.0	0.0	19.36	1	1.2758	1.8469	520	522.65	952.97	
1906839	59	475.7	578.8	489.1	578.5	399.5	1.56	4.59	0	884	3	0.31	5.5	16.9	0.0	0.0	14.06	1	1.2758	1.8469	520	522.34	952.34	
1907420	59	475.5	578.8	489.1	578.2	399.5	1.75	4.59	0	746	1	0.31	5.5	16.9	0.0	0.0	19.90	1	1.2758	1.8469	520	522.04	951.56	
1907937	59	475.3	578.2	488.5	577.8	399.5	1.56	4.59	0	777	0	0.31	5.5	16.9	0.0	0.0	23.53	1	1.2758	1.8469	520	521.85	951.25	
1908458	59	475.2	577.5	488.5	577.5	399.5	1.75	4.59	0	870	0	0.56	5.5	16.9	0.0	0.0	30.38	1	1.2758	1.8469	520	521.64	950.16	
1909064	60	475.0	576.8	488.0	577.2	399.2	1.94	4.59	0	955	0	1.12	5.5	16.9	0.0	0.0	35.20	1	1.2758	1.8469	520	521.33	954.14	
1909612	60	474.8	576.5	487.5	576.5	398.8	1.94	4.59	0	964	1	1.12	5.5	16.9	0.0	0.0	37.92	1	1.2758	1.8469	520	520.94	959.45	
1910156	60	474.6	576.2	487.5	576.5	398.5	2.12	4.59	0	969	2	1.12	5.5	16.9	0.0	0.0	37.01	1	1.2758	1.8469	520	520.63	964.14	
1910689	59	474.3	576.2	487.3	575.8	398.5	1.94	4.59	0	972	3	1.12	5.5	16.9	0.0	0.0	35.13	1	1.2758	1.8469	520	520.44	966.64	
1911241	59	474.1	575.5	486.8	575.5	398.2	1.94	4.59	0	968	4	1.12	5.5	16.9	0.0	0.0	30.94	1	1.2758	1.8469	520	520.05	967.11	
1911762	59	473.9	576.2	486.8	576.2	397.8	1.75	4.59	0	927	4	0.81	5.5	16.9	0.0	0.0	27.68	1	1.2758	1.8469	515	519.74	964.77	
1912334	59	473.7	575.5	486.8	575.2	397.8	1.75	4.59	0	946	3	0.56	5.5	16.9	0.0	0.0	24.45	1	1.2758	1.8469	515	519.44	961.17	
1912855	59	473.4	575.5	486.3	575.5	397.5	1.56	4.59	0	974	3	0.56	5.5	16.9	0.0	0.0	26.70	1	1.2758	1.8469	515	519.13	957.50	
1913371	59	473.2	575.2	486.3	574.8	397.5	1.75	4.59	0	978	3	1.12	5.5	16.9	0.0	0.0	29.62	1	1.2758	1.8469	515	518.85	958.91	
1913886	59	473.0	574.8	486.0	574.5	397.5	1.75	4.59	0	899	3	0.81	5.5	16.9	0.0	0.0	31.03	1	1.2758	1.8469	515	518.55	959.77	
1914398	59	472.8	574.8	486.0	574.8	397.2	1.75	4.59	0	891	2	0.81	5.5	16.9	0.0	0.0	29.72	1	1.2758	1.8469	515	518.24	959.77	
1915035	59	472.6	574.8	486.0	574.8	396.8	1.94	4.59	0	954	2	0.81	5.5	16.9	0.0	0.0	31.01	1	1.2758	1.8469	515	517.84	959.84	
1915600	59	472.3	574.5	485.8	574.8	396.8	1.94	4.59	0	997	2	0.81	5.5	16.9	0.0	0.0	29.51	1	1.2758	1.8469	515	517.54	960.70	
1916117	59	472.1	574.8	485.6	574.5	396.5	1.94	4.59	0	988	2	0.81	5.5	16.9	0.0	0.0	27.68	1	1.2758	1.8469	515	517.23	961.17	
1916675	59	471.9	574.5	485.3	574.5	396.5	1.75	4.59	0	973	2	0.81	5.5	16.9	0.0	0.0	26.37	1	1.2758	1.8469	515	516.93	959.61	
1917194	59	471.7	574.5	485.3	574.5	395.8	1.75	4.59	0	969	2	0.56	5.5	16.9	0.0	0.0	25.36	1	1.2758	1.8469	515	516.65	958.44	
1917746	59	471.5	574.5	485.2	574.5	396.2	1.75	4.59	0	959	2	0.81	5.5	16.9	0.0	0.0	24.42	1	1.2758	1.8469	515	516.34	957.27	
1918282	59	471.3	574.2	485.3	574.5	395.5	1.56	4.59	0	935	2	0.56	5.5	16.9	0.0	0.0	23.79	1	1.2758	1.8469	515	516.04	956.33	
1918808	59	471.1	573.8	485.0	574.2	395.8	1.56	4.59	0	917	2	0.56	5.5	16.9	0.0	0.0	24.07	1	1.2758	1.8469	515	515.85	955.55	
1919376	59	470.9	573.8	484.6	574.2	395.5	1.56	4.59	0	940	1	0.56	5.5	16.9	0.0	0.0	24.49	1	1.2758	1.8469	515	515.43	954.84	
1919895	59	470.7	573.8	484.5	573.8	395.2	1.56	4.59	0	954	1	0.56	5.5	16.9	0.0	0.0	24.40	1	1.2758	1.8469	515	515.24	954.92	
1920435	59	470.5	573.8	484.6	573.8	395.5	1.75	4.59	0	968	1	0.56	5.5	16.9	0.0	0.0	23.86	1	1.2758	1.8469	515	514.94	955.16	
1920965	59	470.3	573.8	484.3	573.8	395.2	1.56	4.59	0	948	0	0.56	5.5	16.9	0.0	0.0	24.23	1	1.2758	1.8469	510	514.63	955.00	
1921490	59	470.2	573.5	484.5	573.5	395.2	1.56	4.59	0	947	0	0.81	5.5	16.9	0.0	0.0	23.95	1	1.2758	1.8469	510	514.35	954.61	
1922006	59	470.0	573.5	484.3	573.5	395.2	1.56	4.59	0	942	0	0.56	5.5	16.9	0.0	0.0	24.23	1	1.2758	1.8469	510	514.14	955.23	
1922590	59	469.8	573.2	484.1	573.2	394.8	1.56	4.59	0	942	0	0.56	5.5	16.9	0.0	0.0	25.97	1	1.2758	1.8469	510	513.83	951.88	
1923132	59	469.7	572.8	484.0	572.8	394.8	1.94	4.59	0	930	0	1.12	5.5	16.9	0.0	0.0	34.62	1	1.2758	1.8469	510	513.53	954.84	
1923828	59	469.5	573.2	484.0	572.8	394.8	1.94	4.59	0	916	1	1.38	5.5	16.9	0.0	0.0	28.76	1	1.2758	1.8469	510	513.13	960.00	
1924394	59	469.3	572.5	483.8	572.8	394.8	1.75	4.59	0	855	0	1.12	5.5	16.9	0.0	0.0	25.10	1	1.2758	1.8469	510	512.94	961.25	
1924909	59	469.1	572.5	483.6	572.8	394.8	1.56	4.59	0	856	0	0.56	5.5	16.9	0.0	0.0	23.37	1	1.2758	1.8469	510	512.64	958.44	
1925401	59	468.9	572.5	483.3	572.2	394.5	1.56	4.59	0	814	0	0.56	5.5	16.9	0.0	0.0	23.51	1	1.2758	1.8469	510	512.43	956.72	
1925905	59	468.8	572.2	483.6	572.2	394.5	1.56	4.59	0	824	0	0.56	5.5	16.9	0.0	0.0	21.28	1	1.2758	1.8469	510	512.15	955.62	
1926427	59	468.6	571.8	483.1	571.8	394.5	1.56	4.59	0	824	0	0.56	5.5	16.9	0.0	0.0	19.76	1	1.2758	1.8469	510	511.94	954.22	
1926941	59	468.5	572.2	483.0	571.8	394.5	1.56	4.59	0	810	0	0.31	5.5	16.9	0.0	0.0	19.50	1	1.2758	1.8469	510	511.75	953.20	
1927496	59	468.3	571.5	483.1	571.5	394.8	1.56	4.59	0	791	0	0.31	5.5	16.9	0.0	0.0	20.02	1	1.2758	1.8469	510	511.54	952.42	
1928024	59	468.2	571.2	483.0	571.5	394.2	1.56	4.59	0	773	0	0.31	5.5	16.9	0.0	0.0	20.72	1	1.2758	1.8469	510	511.23	952.03	
1928561	59	468.0	571.2	482.7	570.8	394.2	1.56	4.59	0	812	0	0.31	5.5	16.9	0.0	0.0	18.73	1	1.2758	1.8469	510	511.05	952.11	
1929112	59	467.9	570.5	482.5	570.5	394.2	1.56	4.59	0	801	0	0.31	5.5	16.9	0.0	0.0	18.77	1	1.2758	1.8469	510	510.83	951.48	
1929677	59	467.8	570.2	482.3	570.2	394.2	1.56	4.59	0	790	0	0.31	5.5	16.9	0.0	0.0	19.34	1	1.2758	1.8469	510	510.65	951.17	
1930206	59	467.7	569.5	482.0	569.8	394.5	1.56	4.59	0	801	0	0.31	5.5	16.9	0.0	0.0	19.05	1	1.2758	1.8469	510	510.44	950.78	
1930757	59	467.5	569.2	482.0	569.5	394.2	1.56	4.59	0	804	0	0.31	5.5	16.9	0.0	0.0	18.73	1	1.2758	1.8469	510	510.25	950.70	
1931323	59	467.4	568.5	481.6	568.8	394.5	1.56	4.59	0	811	0	0.31	5.5	16.9	0.0	0.0	18.07	1	1.2758	1.8469	510	510.04	950.70	
1931881	60	467.3	568.2	481.2	568.2	394.2	1.56	4.59	0	794	0	0.31	5.5	16.9	0.0	0.0	18.16	1	1.2758	1.8469	505	509.85	950.47	
1932497	60	467.2	567.5	481.3	567.8	394.5	1.56	4.59	0	778	0	0.31	5.5	16.9	0.0	0.0	19.12	1	1.2758	1.8469	505	509.64	950.70	
1932993	60	467.0	567.5	480.8	567.5	394.2	1.56	4.59	0	797	0	0.31	5.5	16.9	0.0	0.0	19.08	1	1.2758	1.8469	505	509.43	950.23	
1933511	60	466.9	566.5	480.8	566.8	394.5	1.56	4.59	0	811	0	0.31	5.5	16.9	0.0	0.0	18.59	1	1.2758	1.8469	505	509.33	950.55	
1934048	60	466.8	566.2	480.3	565.8	394.2	1.56	4.59	0	806	0	0.31	5.5	16.9	0.0	0.0	18.07	1	1.2758	1.8469	505	509.15	950.55	
1934589	60	466.7	565.5	480.1	565.8	394.5	1.56	4.59	0	790	0	0.31	5.5	16.9	0.0	0.0	18.49	1	1.2758	1.8469	505	508.94	950.70	
1935087	60	466.6	565.5	479.8	564.8	394.5	1.56	4.59	0	794	0	0.31	5.5	16.9	0.0	0.0	18.47	1	1.2758	1.8469	505	508.75	950.39	
1935641	60	466.5	564.5	479.5	564.2	394.5	1.56	4.59	0	790	0	0.31	5.5	16.9	0.0	0.0	18.59	1	1.2758	1.8469	505	508.63	950.70	
1936218	60	466.3	564.2	479.0	563.8	394.5	1.56	4.59	0	807	0	0.31	5.5	16.9	0.0	0.0	18.84	1	1.2758	1.8469	505	508.44	950.47	
