#2026-07-25 11:11:04 LSVZM60T8N2105404
#Time	01/进气温度/---	01/废气温度1，气缸列1/---	01/微粒过滤器之前的废气温度/---	01/颗粒过滤器中的废气温度，计算所得/---	01/气缸列1颗粒过滤器入口，温度传感器1，原始值/---	01/气缸列1颗粒过滤器出口，温度传感器1，原始值/---	01/颗粒过滤器，颗粒过滤器上游的相对压力/---	01/颗粒过滤器，油灰质量（克）/---	01/颗粒过滤器，负荷级/---	01/发动机转速/---	01/车速/---	01/微粒过滤器，压差/---	01/颗粒过滤器，测得的机油灰分负荷/---	01/颗粒过滤器，测得的积碳负荷/---	01/颗粒过滤器，计算出的积碳负荷/---	01/颗粒过滤器，水分负荷/---	01/相对负荷值/---	01/微粒过滤器，计算的碳微粒质量/---	01/颗粒过滤器，积灰量比例/---	01/颗粒过滤器，炭灰量比例/---	01/催化转化器温度，模型/---	01/催化转换器后的气缸列 1 氧传感器，计算所得废气温度/---	01/增压压力，实际值/---	
#Time	01----	01----	01----	01----	01----	01----	01----	01----	01----	01----	01----	01----	01----	01----	01----	01----	01----	01----	01----	01----	01----	01----	01----	
#ms	℃	℃	℃	℃	℃	℃	hPa	g	-	rpm	km/h	hPa	%	%	%	%	%	mg	-	-	℃	℃	hPa	
363	53	399.7	388.8	287.0	388.8	184.8	1.44	4.58	0	798	0	0.31	5.5	19.6	0.4	0.0	23.30	68	1.2758	1.9813	420	420.83	959.30	
861	53	399.7	388.8	286.8	388.8	184.5	1.44	4.58	0	795	0	0.31	5.5	19.6	0.4	0.0	23.34	68	1.2758	1.9813	420	420.74	959.30	
1414	53	399.6	388.5	287.0	388.5	184.8	1.44	4.58	0	799	0	0.31	5.5	19.6	0.4	0.0	23.46	68	1.2758	1.9813	420	420.65	959.06	
2031	53	399.6	388.5	286.5	388.2	185.2	1.44	4.58	0	784	0	0.31	5.5	19.6	0.4	0.0	43.31	68	1.2758	1.9813	420	420.53	957.19	
2576	54	399.6	388.2	286.7	387.8	184.8	1.94	4.58	0	1,144	0	1.38	5.5	19.6	0.4	0.0	37.95	68	1.2758	1.9813	420	420.44	965.78	
3182	54	399.5	387.8	286.5	387.8	185.8	1.75	4.58	0	1,048	3	0.81	5.5	19.6	0.4	0.0	44.65	68	1.2758	1.9813	420	420.34	969.30	
3816	54	399.5	387.8	286.5	387.5	185.2	1.75	4.58	0	1,228	6	2.19	5.5	19.6	0.4	0.0	45.26	68	1.2758	1.9813	420	420.25	981.33	
4415	54	399.4	387.5	286.6	387.2	185.8	1.94	4.58	0	1,396	9	3.50	5.5	19.6	0.4	0.0	49.90	68	1.2758	1.9813	420	420.13	1,002.89	
5016	54	399.4	387.2	286.5	387.5	185.8	2.44	4.58	0	1,536	12	4.06	5.5	19.6	0.4	0.0	53.72	68	1.2758	1.9813	420	419.94	1,032.73	
5641	54	399.4	387.2	286.6	387.5	185.8	2.44	4.58	0	1,503	14	5.12	5.5	19.6	0.4	0.0	58.76	68	1.2758	1.9813	415	419.73	1,070.94	
6242	54	399.4	387.8	286.8	388.2	185.8	2.62	4.58	0	1,495	17	5.12	5.5	19.6	0.4	0.0	60.66	68	1.2758	1.9813	415	419.55	1,084.92	
6817	53	399.6	388.2	287.2	388.2	186.2	3.00	4.58	0	1,554	19	5.12	5.5	19.6	0.4	0.0	59.16	68	1.2758	1.9813	415	419.24	1,093.91	
7460	53	400.0	389.5	287.6	389.5	186.5	3.69	4.58	0	1,737	22	4.62	5.5	19.6	0.4	0.0	57.35	68	1.2758	1.9813	415	419.03	1,113.52	
8024	53	400.5	389.8	288.0	389.5	186.5	4.38	4.58	0	1,883	25	4.62	5.5	19.6	0.4	0.0	56.53	68	1.2758	1.9813	415	418.75	1,136.80	
8673	53	401.4	390.2	288.5	390.5	186.5	4.19	4.58	0	1,538	26	8.38	5.5	19.6	0.4	0.0	60.16	68	1.2758	1.9813	415	418.44	1,081.48	
9207	53	402.3	391.5	289.0	391.5	186.8	3.00	4.58	0	1,488	28	7.06	5.5	19.6	0.4	0.0	62.32	68	1.2758	1.9813	415	418.23	1,055.62	
9760	53	403.8	392.8	289.5	392.8	186.8	3.50	4.58	0	1,553	30	7.88	5.5	19.6	0.4	0.0	66.00	68	1.2758	1.9813	415	418.05	1,057.81	
10298	53	405.6	393.2	290.0	393.5	187.2	4.00	4.58	0	1,606	32	6.75	5.5	19.6	0.4	0.0	63.30	68	1.2758	1.9813	415	417.83	1,065.78	
10856	53	408.2	394.2	291.0	394.5	187.2	4.56	4.58	0	1,695	34	6.50	5.5	19.6	0.4	0.0	68.58	68	1.2758	1.9813	415	417.74	1,121.41	
11482	53	411.9	395.2	291.3	395.5	187.2	4.38	4.58	0	1,570	36	9.50	5.5	19.6	0.4	0.0	78.80	68	1.2758	1.9813	415	417.83	1,176.41	
12091	53	416.6	396.5	291.8	396.8	187.5	3.31	4.58	0	1,360	38	9.50	5.5	19.6	0.4	0.0	84.52	68	1.2758	1.9813	415	417.93	1,221.25	
12677	53	421.7	397.5	292.5	397.5	187.2	3.50	4.58	0	1,390	39	10.00	5.5	19.6	0.4	0.0	86.04	68	1.2758	1.9813	415	418.35	1,250.23	
13235	53	426.9	398.5	293.0	398.8	187.5	2.12	4.58	0	1,390	41	8.94	5.5	19.6	0.4	0.0	41.67	68	1.2758	1.9813	415	418.75	1,085.86	
13769	52	431.1	399.5	293.1	399.5	187.5	0.88	4.58	0	1,394	41	1.38	5.5	19.6	0.4	0.0	19.03	68	1.2758	1.9813	415	419.24	1,001.80	
14349	52	434.5	400.5	293.8	400.5	187.8	0.88	4.58	0	1,367	41	0.81	5.5	19.6	0.4	0.0	12.38	68	1.2758	1.9813	415	419.64	975.16	
14930	52	437.3	401.5	294.7	401.5	187.8	0.56	4.58	0	1,366	40	0.56	5.5	19.6	0.4	0.0	16.88	68	1.2758	1.9813	420	420.04	969.45	
15485	52	440.1	402.2	295.0	402.2	187.8	0.69	4.58	0	1,118	40	0.31	5.5	19.6	0.4	0.0	17.44	68	1.2758	1.9813	420	420.44	971.72	
16059	52	442.4	402.5	295.1	402.5	188.2	1.25	4.58	0	1,016	39	0.00	5.5	19.6	0.4	0.0	16.27	68	1.2758	1.9813	420	420.83	970.23	
16622	52	444.8	402.8	295.6	402.8	188.2	1.25	4.58	0	993	38	0.00	5.5	19.6	0.4	0.0	16.97	68	1.2758	1.9813	420	421.23	969.14	
17233	52	446.9	403.2	295.7	403.5	188.2	1.44	4.58	0	967	38	-0.19	5.5	19.6	0.4	0.0	16.31	68	1.2758	1.9813	420	421.75	968.36	
17874	52	448.7	403.2	296.0	403.5	188.5	1.44	4.58	0	955	37	0.31	5.5	19.6	0.4	0.0	16.62	68	1.2758	1.9813	420	422.15	967.66	
18431	52	450.2	403.2	296.0	402.8	188.2	1.44	4.58	0	982	36	0.31	5.5	19.6	0.4	0.0	18.80	68	1.2758	1.9813	420	422.55	962.27	
19029	53	452.5	402.8	295.6	402.8	188.8	1.75	4.58	0	1,250	36	1.38	5.5	19.6	0.4	0.0	42.26	68	1.2758	1.9813	420	423.04	965.08	
19629	53	454.6	402.5	295.6	402.8	188.5	1.94	4.58	0	1,331	37	3.81	5.5	19.6	0.4	0.0	53.93	68	1.2758	1.9813	420	423.65	997.66	
20219	53	456.9	402.5	295.5	402.2	188.5	1.94	4.58	0	1,316	38	3.81	5.5	19.6	0.4	0.0	36.38	68	1.2758	1.9813	420	424.44	1,009.61	
20797	53	458.6	401.8	295.3	401.8	188.5	-0.06	4.58	0	1,350	39	1.38	5.5	19.6	0.4	0.0	15.28	68	1.2758	1.9813	425	425.03	979.45	
21329	53	460.0	402.2	295.3	401.8	188.5	0.88	4.58	0	1,301	39	0.81	5.5	19.6	0.4	0.0	11.25	68	1.2758	1.9813	425	425.55	969.14	
21932	52	461.3	401.8	295.1	401.8	188.5	0.56	4.58	0	1,283	38	0.56	5.5	19.6	0.4	0.0	17.11	68	1.2758	1.9813	425	426.04	967.42	
22535	53	462.8	401.5	295.0	401.5	188.5	0.38	4.58	0	1,272	37	0.56	5.5	19.6	0.4	0.0	17.65	68	1.2758	1.9813	425	426.65	966.88	
23112	53	464.0	401.5	295.3	401.5	188.8	0.56	4.58	0	1,248	37	0.56	5.5	19.6	0.4	0.0	17.58	68	1.2758	1.9813	425	427.23	972.42	
23709	53	465.3	401.5	295.0	401.5	188.5	0.56	4.58	0	1,227	36	0.56	5.5	19.6	0.4	0.0	17.48	68	1.2758	1.9813	425	427.84	972.97	
24279	53	466.5	400.8	295.0	400.8	188.8	0.69	4.58	0	1,203	35	0.56	5.5	19.6	0.4	0.0	17.62	68	1.2758	1.9813	425	428.33	972.89	
24801	53	467.7	400.5	294.6	400.5	188.8	0.69	4.58	0	1,180	35	0.56	5.5	19.6	0.4	0.0	17.44	68	1.2758	1.9813	425	428.85	973.12	
25331	53	468.7	400.2	294.5	400.2	188.8	0.69	4.58	0	1,168	34	0.56	5.5	19.6	0.4	0.0	17.67	68	1.2758	1.9813	425	429.25	973.05	
25797	53	469.6	400.2	294.5	399.8	188.8	0.88	4.58	0	1,127	33	0.56	5.5	19.6	0.4	0.0	17.53	68	1.2758	1.9813	425	429.74	972.73	
26482	53	470.7	399.5	294.1	399.5	188.8	1.06	4.58	0	1,075	31	0.31	5.5	19.6	0.4	0.0	17.16	68	1.2758	1.9813	430	430.35	972.11	
27028	54	471.7	399.2	293.6	399.2	189.2	0.88	4.58	0	1,172	29	0.56	5.5	19.6	0.4	0.0	18.07	68	1.2758	1.9813	430	430.75	973.05	
27641	54	473.0	398.5	293.5	398.5	188.8	0.56	4.58	0	1,273	26	0.81	5.5	19.6	0.4	0.0	18.14	68	1.2758	1.9813	430	431.33	974.14	
28216	54	474.0	397.8	293.1	397.8	188.8	0.69	4.58	0	1,193	24	0.56	5.5	19.6	0.4	0.0	18.02	68	1.2758	1.9813	430	431.85	974.22	
28759	54	474.8	397.2	293.3	397.2	189.2	1.06	4.58	0	1,100	21	0.56	5.5	19.6	0.4	0.0	19.29	68	1.2758	1.9813	430	432.25	972.58	
29325	54	475.7	396.5	292.8	396.5	188.8	1.06	4.58	0	892	19	0.31	5.5	19.6	0.4	0.0	15.80	68	1.2758	1.9813	430	432.74	967.73	
29935	54	476.6	395.8	292.3	395.8	188.8	1.44	4.58	0	959	17	0.56	5.5	19.6	0.4	0.0	16.88	68	1.2758	1.9813	430	433.23	964.92	
30475	54	477.4	395.5	292.1	395.5	189.2	1.25	4.58	0	981	17	0.31	5.5	19.6	0.4	0.0	14.95	68	1.2758	1.9813	430	433.75	962.97	
31021	54	478.1	394.5	291.6	394.5	188.8	1.56	4.58	0	935	17	0.31	5.5	19.6	0.4	0.0	16.03	68	1.2758	1.9813	430	434.03	961.41	
31548	54	478.7	394.2	291.5	394.2	188.8	1.44	4.58	0	933	17	0.31	5.5	19.6	0.4	0.0	16.66	68	1.2758	1.9813	430	434.43	960.78	
32159	54	479.4	393.5	291.5	393.5	188.8	1.25	4.58	0	939	17	0.31	5.5	19.6	0.4	0.0	16.83	68	1.2758	1.9813	435	434.94	960.16	
32744	54	480.0	393.2	290.8	393.2	188.8	1.44	4.58	0	939	17	0.31	5.5	19.6	0.4	0.0	16.99	68	1.2758	1.9813	435	435.34	959.53	
33272	54	480.5	392.5	290.8	392.8	188.8	1.25	4.58	0	946	16	0.31	5.5	19.6	0.4	0.0	18.09	68	1.2758	1.9813	435	435.83	957.50	
33948	54	481.0	391.8	290.3	392.2	189.2	1.75	4.58	0	1,243	16	1.38	5.5	19.6	0.4	0.0	29.41	68	1.2758	1.9813	435	436.23	960.00	
34503	54	481.6	391.2	290.3	391.5	188.8	1.56	4.58	0	1,355	17	1.38	5.5	19.6	0.4	0.0	32.02	68	1.2758	1.9813	435	436.84	964.69	
35119	54	482.1	390.8	290.0	391.2	189.2	1.75	4.58	0	1,466	19	1.62	5.5	19.6	0.4	0.0	30.82	68	1.2758	1.9813	435	437.43	971.48	
35809	54	482.7	390.8	290.0	391.2	189.2	1.75	4.58	0	1,598	21	1.62	5.5	19.6	0.4	0.0	33.14	68	1.2758	1.9813	435	438.25	977.50	
36401	54	483.2	390.2	289.8	390.5	189.2	2.12	4.58	0	1,768	23	1.94	5.5	19.6	0.4	0.0	35.95	68	1.2758	1.9813	435	439.05	989.06	
36977	54	483.8	390.8	289.8	390.8	188.8	2.44	4.58	0	1,886	25	2.44	5.5	19.6	0.4	0.0	38.30	68	1.2758	1.9813	435	439.84	1,001.64	
37530	54	484.3	390.8	290.0	391.2	189.2	3.69	4.58	0	2,023	26	2.44	5.5	19.6	0.4	0.0	44.04	68	1.2758	1.9813	440	440.85	990.08	
38184	53	484.7	391.2	290.0	391.2	189.2	2.25	4.58	0	1,527	28	4.06	5.5	19.6	0.4	0.0	48.26	68	1.2758	1.9813	440	441.93	1,019.61	
38791	53	485.1	391.2	290.3	391.8	189.2	2.62	4.58	0	1,547	30	4.06	5.5	19.6	0.4	0.0	51.45	68	1.2758	1.9813	440	443.03	1,041.25	
39387	53	485.6	392.8	290.5	392.8	189.2	2.81	4.58	0	1,584	31	4.88	5.5	19.6	0.4	0.0	57.00	68	1.2758	1.9813	440	444.53	1,066.41	
39948	53	486.0	392.8	291.1	393.5	189.5	4.19	4.58	0	1,707	33	7.31	5.5	19.6	0.4	0.0	66.66	68	1.2758	1.9813	445	445.63	1,076.48	
40583	53	486.5	394.2	291.3	394.2	189.5	2.81	4.58	0	1,316	35	7.06	5.5	19.6	0.4	0.0	76.88	68	1.2758	1.9813	445	447.13	1,136.09	
41154	52	487.7	394.8	292.3	394.8	189.2	3.00	4.58	0	1,278	36	7.88	5.5	19.6	0.4	0.0	78.14	68	1.2758	1.9813	445	448.35	1,165.94	
41693	52	489.3	395.8	292.8	396.2	189.2	3.69	4.58	0	1,296	38	10.81	5.5	19.6	0.4	0.0	99.28	68	1.2758	1.9813	445	449.85	1,290.08	
42238	52	491.5	397.2	293.0	397.2	189.5	4.69	4.58	0	1,396	40	14.31	5.5	19.6	0.4	0.0	108.68	68	1.2758	1.9813	450	451.35	1,343.44	
42811	51	494.5	397.8	293.6	398.2	189.5	5.38	4.58	0	1,430	42	16.25	5.5	19.6	0.4	0.0	105.19	68	1.2758	1.9813	450	453.13	1,335.78	
43400	51	498.7	399.5	294.3	399.5	189.5	6.12	4.58	0	1,554	44	17.31	5.5	19.6	0.4	0.0	99.21	68	1.2758	1.9813	455	455.15	1,272.34	
43989	51	503.7	400.8	295.1	401.2	189.5	5.75	4.58	0	1,574	46	15.94	5.5	19.6	0.4	0.0	92.46	68	1.2758	1.9813	455	457.44	1,224.45	
44513	50	508.9	402.5	295.8	402.8	189.5	6.81	4.58	0	1,647	47	14.06	5.5	19.6	0.4	0.0	92.02	68	1.2758	1.9813	455	459.44	1,208.20	
45126	50	514.2	403.8	296.6	404.2	189.8	6.94	4.58	0	1,680	49	13.50	5.5	19.6	0.4	0.0	88.64	68	1.2758	1.9813	460	462.25	1,215.94	
45647	50	519.8	405.8	297.5	406.2	189.5	7.69	4.58	0	1,718	50	13.50	5.5	19.6	0.4	0.0	91.85	68	1.2758	1.9813	460	464.64	1,221.02	
46153	50	527.8	408.2	298.6	408.5	189.5	8.38	4.58	0	1,774	52	12.69	5.5	19.6	0.4	0.0	91.20	68	1.2758	1.9813	465	467.33	1,221.56	
46695	49	534.3	410.5	300.0	410.5	189.5	8.19	4.58	0	1,798	53	12.44	5.5	19.6	0.4	0.0	96.35	68	1.2758	1.9813	470	470.73	1,334.14	
47247	49	541.9	412.5	300.8	412.8	189.5	8.38	4.58	0	1,867	54	13.25	5.5	19.6	0.4	0.0	84.89	68	1.2758	1.9813	470	473.94	1,271.80	
47833	49	549.8	415.5	302.1	415.5	189.8	8.00	4.58	0	1,889	55	10.25	5.5	19.6	0.4	0.0	57.80	68	1.2758	1.9813	475	477.93	1,139.14	
48363	49	556.9	417.8	303.3	417.5	189.5	1.94	4.58	0	1,772	55	1.62	5.5	19.6	0.4	0.0	18.73	68	1.2758	1.9813	480	480.74	1,032.73	
48912	48	562.1	420.5	305.0	420.8	189.5	0.88	4.58	0	1,413	55	1.12	5.5	19.6	0.4	0.0	12.54	68	1.2758	1.9813	480	483.34	984.14	
49453	48	566.1	423.5	306.3	423.5	189.8	-0.62	4.58	0	1,383	54	0.56	5.5	19.6	0.4	0.0	15.84	68	1.2758	1.9813	485	485.33	972.27	
50034	48	569.6	426.2	307.6	426.5	189.8	0.38	4.58	0	1,302	53	1.12	5.5	19.6	0.4	0.0	15.07	68	1.2758	1.9813	485	487.63	966.25	
50559	49	572.8	428.5	309.0	428.5	190.2	1.94	4.58	0	1,259	53	2.19	5.5	19.6	0.4	0.0	56.86	68	1.2758	1.9813	485	489.83	969.92	
51156	49	577.1	430.2	309.6	430.5	189.5	2.25	4.58	0	1,114	53	4.62	5.5	19.6	0.4	0.0	71.37	68	1.2758	1.9813	490	492.83	1,039.45	
51719	50	580.9	432.2	311.2	432.2	189.8	2.44	4.58	0	1,140	53	5.94	5.5	19.6	0.4	0.0	81.42	68	1.2758	1.9813	495	495.83	1,084.84	
52326	50	585.4	433.8	311.6	434.2	189.8	0.88	4.58	0	1,377	53	3.50	5.5	19.6	0.4	0.0	21.89	68	1.2758	1.9906	495	498.65	1,023.28	
52911	49	588.1	435.2	312.5	435.2	190.2	0.69	4.58	0	1,341	51	0.56	5.5	19.6	0.4	0.0	11.53	68	1.2758	1.9906	500	500.85	980.31	
53562	49	590.3	436.8	313.3	436.8	189.8	0.38	4.58	0	1,247	48	0.31	5.5	19.6	0.4	0.0	15.87	68	1.2758	1.9906	500	502.84	970.00	
54090	49	592.3	438.5	314.3	438.5	189.8	0.69	4.58	0	1,146	44	0.56	5.5	19.6	0.4	0.0	16.69	68	1.2758	1.9906	500	504.74	973.20	
54654	50	594.4	439.5	314.8	439.5	190.2	0.56	4.58	0	1,181	39	0.56	5.5	19.6	0.4	0.0	12.77	68	1.2758	1.9906	505	506.24	969.22	
55181	50	596.1	440.5	315.0	440.5	190.2	0.38	4.58	0	1,189	35	0.00	5.5	19.6	0.4	0.0	15.63	68	1.2758	1.9906	505	508.05	967.97	
55738	50	597.5	441.2	315.5	441.2	189.8	2.25	4.58	0	1,058	31	0.56	5.5	19.6	0.4	0.0	12.40	68	1.2758	1.9906	505	509.43	967.19	
56280	50	599.0	441.8	316.2	441.8	189.8	1.25	4.58	0	962	28	0.31	5.5	19.6	0.4	0.0	12.73	68	1.2758	1.9906	510	511.05	964.22	
56856	50	600.3	442.5	316.1	442.5	189.5	1.44	4.58	0	928	24	0.31	5.5	19.6	0.4	0.0	12.66	68	1.2758	1.9906	510	512.33	961.72	
57384	50	601.4	442.5	316.1	442.5	189.8	1.44	4.58	0	871	22	0.31	5.5	19.6	0.4	0.0	17.06	68	1.2758	1.9906	510	513.83	961.17	
57935	51	602.4	442.5	316.1	442.5	189.8	1.44	4.58	0	942	20	0.31	5.5	19.6	0.4	0.0	17.11	68	1.2758	1.9906	515	515.03	960.47	
58466	51	603.3	442.8	316.0	442.8	189.8	1.44	4.58	0	946	16	0.31	5.5	19.6	0.4	0.0	16.57	68	1.2758	1.9906	515	516.53	959.84	
59050	51	604.1	442.5	316.3	442.8	190.2	1.44	4.58	0	921	13	0.31	5.5	19.6	0.4	0.0	17.04	68	1.2758	1.9906	515	517.63	959.77	
59628	51	604.9	442.5	316.3	442.5	189.8	1.44	4.58	0	907	9	0.31	5.5	19.6	0.4	0.0	18.63	68	1.2758	1.9906	515	519.04	959.22	
60171	51	605.5	442.2	316.3	442.5	190.2	1.44	4.58	0	945	5	0.31	5.5	19.6	0.4	0.0	16.71	68	1.2758	1.9906	520	520.35	959.77	
60716	51	606.2	442.2	316.0	442.2	190.2	1.25	4.58	0	842	2	0.31	5.5	19.6	0.4	0.0	17.86	68	1.2758	1.9906	520	521.33	959.30	
61298	51	606.7	441.8	316.0	442.2	189.8	1.44	4.58	0	766	0	0.31	5.5	19.6	0.4	0.0	23.53	68	1.2758	1.9906	520	522.53	958.83	
61876	52	607.2	442.5	316.0	442.2	190.2	1.44	4.58	0	855	0	0.56	5.5	19.6	0.4	0.0	21.05	68	1.2758	1.9906	520	523.75	958.75	
62572	52	607.7	441.5	316.1	441.5	190.2	1.56	4.58	0	867	0	0.31	5.5	19.6	0.4	0.0	20.11	68	1.2758	1.9906	525	525.13	959.61	
63095	52	608.0	441.5	315.8	441.2	190.2	1.44	4.58	0	861	0	0.31	5.5	19.6	0.4	0.0	18.35	68	1.2758	1.9906	525	526.05	959.30	
63613	52	608.4	440.8	315.8	440.8	190.8	1.44	4.58	0	831	0	0.31	5.5	19.6	0.4	0.0	24.68	68	1.2758	1.9906	525	526.94	958.75	
64147	52	608.6	440.8	315.6	440.8	190.8	1.44	4.58	0	821	0	0.56	5.5	19.6	0.4	0.0	25.97	68	1.2758	1.9906	525	527.85	959.84	
64745	52	608.9	440.8	315.8	440.8	190.8	1.44	4.58	0	842	0	0.56	5.5	19.6	0.4	0.0	24.12	68	1.2758	1.9906	525	528.93	960.55	
65270	52	609.1	440.2	315.3	440.5	190.8	1.44	4.58	0	822	0	0.56	5.5	19.6	0.4	0.0	24.82	68	1.2758	1.9906	525	530.03	960.94	
65796	52	609.2	439.8	315.7	439.8	190.8	1.44	4.58	0	810	0	0.56	5.5	19.6	0.4	0.0	25.31	68	1.2758	1.9906	530	530.85	961.17	
66431	52	609.4	439.5	315.1	439.8	191.2	1.44	4.58	0	815	0	0.56	5.5	19.6	0.4	0.0	22.92	68	1.2758	1.9906	530	531.83	961.25	
66959	52	609.5	439.8	315.7	439.5	191.2	1.44	4.58	0	818	0	0.31	5.5	19.6	0.4	0.0	21.84	68	1.2758	1.9906	530	532.63	960.94	
67528	52	609.5	439.5	315.3	439.5	191.5	1.44	4.58	0	814	0	0.31	5.5	19.6	0.4	0.0	20.18	68	1.2758	1.9906	530	533.64	960.39	
68135	52	609.5	439.5	315.5	439.5	191.8	1.44	4.58	0	803	0	0.31	5.5	19.6	0.4	0.0	20.48	68	1.2758	1.9906	530	534.53	959.61	
68741	52	609.5	439.2	315.3	439.2	191.8	1.44	4.58	0	794	0	0.31	5.5	19.6	0.4	0.0	20.79	68	1.2758	1.9906	535	535.44	958.83	
69279	52	609.5	439.2	315.5	438.8	192.2	1.44	4.58	0	801	0	0.31	5.5	19.6	0.4	0.0	20.93	68	1.2758	1.9906	535	536.24	958.75	
69834	53	609.5	439.2	315.6	438.8	191.8	1.44	4.58	0	793	0	0.31	5.5	19.6	0.4	0.0	21.09	68	1.2758	1.9906	535	536.94	958.91	
70379	53	609.4	438.8	315.5	439.2	192.2	1.44	4.58	0	794	0	0.31	5.5	19.6	0.4	0.0	21.14	68	1.2758	1.9906	535	537.74	958.75	
70987	53	609.3	438.8	315.5	438.8	192.5	1.44	4.58	0	794	0	0.31	5.5	19.6	0.4	0.0	21.49	68	1.2758	1.9906	535	538.54	958.83	
71668	53	609.2	438.5	315.1	438.5	192.5	1.44	4.58	0	801	0	0.31	5.5	19.6	0.4	0.0	21.21	68	1.2758	1.9906	535	539.33	958.83	
72249	53	609.1	438.2	315.3	438.5	192.5	1.44	4.58	0	795	0	0.31	5.5	19.6	0.4	0.0	21.05	68	1.2758	1.9906	540	539.94	958.83	
72815	53	608.9	438.2	315.3	438.5	192.5	1.44	4.58	0	785	0	0.31	5.5	19.6	0.4	0.0	21.47	68	1.2758	1.9906	540	540.65	958.75	
73334	53	608.8	437.8	315.3	437.5	192.8	1.44	4.58	0	790	0	0.31	5.5	19.6	0.4	0.0	21.59	68	1.2758	1.9906	540	541.23	958.75	
73871	53	608.6	437.8	315.3	438.2	193.2	1.44	4.58	0	801	0	0.31	5.5	19.6	0.4	0.0	21.73	68	1.2758	1.9906	540	541.84	958.83	
74469	53	608.4	437.8	315.3	437.5	193.2	1.44	4.58	0	800	0	0.31	5.5	19.6	0.4	0.0	21.63	68	1.2758	1.9906	540	542.43	958.83	
75005	53	608.2	437.5	315.3	437.5	193.2	1.44	4.58	0	800	0	0.31	5.5	19.6	0.4	0.0	21.49	68	1.2758	1.9906	540	543.04	959.06	
75553	53	608.0	437.2	315.0	437.2	193.5	1.44	4.58	0	793	0	0.31	5.5	19.6	0.4	0.0	21.73	68	1.2758	1.9906	540	543.53	958.75	
76078	53	607.8	436.8	315.3	437.2	193.2	1.44	4.58	0	784	0	0.31	5.5	19.6	0.4	0.0	22.22	68	1.2758	1.9906	540	544.14	958.67	
76602	53	607.6	436.8	315.5	436.8	193.5	1.44	4.58	0	798	0	0.56	5.5	19.6	0.4	0.0	22.31	68	1.2758	1.9906	540	544.63	958.83	
77221	53	607.3	436.8	315.3	436.8	193.8	1.44	4.58	0	815	0	0.31	5.5	19.6	0.4	0.0	21.87	69	1.2758	1.9906	545	545.15	958.83	
77839	53	607.0	436.5	315.1	436.5	193.8	1.44	4.58	0	809	0	0.31	5.5	19.6	0.4	0.0	21.68	69	1.2758	1.9906	545	545.73	959.06	
78359	53	606.7	436.5	315.1	436.5	194.2	1.44	4.58	0	799	0	0.31	5.5	19.6	0.4	0.0	21.84	69	1.2758	1.9906	545	546.13	958.75	
78926	53	606.4	436.5	315.3	436.5	194.2	1.44	4.58	0	804	0	0.31	5.5	19.6	0.4	0.0	22.15	69	1.2758	1.9906	545	546.74	959.14	
79510	53	606.1	436.5	315.3	436.5	193.8	1.44	4.58	0	809	0	0.31	5.5	19.6	0.4	0.0	22.01	69	1.2758	1.9906	545	547.23	959.30	
80147	53	605.8	436.5	315.5	436.5	194.2	1.44	4.58	0	809	0	0.31	5.5	19.6	0.4	0.0	21.96	69	1.2758	1.9906	545	547.75	959.06	
80684	53	605.4	435.8	315.0	436.2	194.5	1.44	4.58	0	806	0	0.31	5.5	19.6	0.4	0.0	21.98	69	1.2758	1.9906	545	548.24	959.30	
81204	53	605.0	436.2	315.3	436.2	194.5	1.44	4.58	0	805	0	0.31	5.5	19.6	0.4	0.0	22.08	69	1.2758	1.9906	545	548.64	959.22	
81771	53	604.7	436.2	315.3	436.5	195.2	1.44	4.58	0	799	0	0.31	5.5	19.6	0.4	0.0	22.17	69	1.2758	1.9906	545	549.13	959.06	
82341	53	604.3	436.5	315.3	435.8	195.2	1.44	4.58	0	804	0	0.31	5.5	19.6	0.4	0.0	22.15	69	1.2758	1.9906	545	549.53	959.38	
82857	53	603.9	436.2	315.7	436.2	194.8	1.44	4.58	0	804	0	0.31	5.5	19.6	0.4	0.0	22.29	69	1.2758	1.9906	550	549.93	959.06	
83398	53	603.5	436.2	315.8	436.2	195.5	1.44	4.58	0	806	0	0.31	5.5	19.6	0.4	0.0	22.31	69	1.2758	1.9906	550	550.35	959.06	
83948	53	603.1	436.2	315.7	436.2	195.2	1.44	4.58	0	807	0	0.31	5.5	19.6	0.4	0.0	22.12	69	1.2758	1.9906	550	550.75	959.30	
84503	53	602.7	436.2	316.0	435.8	195.2	1.44	4.58	0	808	0	0.31	5.5	19.6	0.4	0.0	22.12	69	1.2758	1.9906	550	551.15	959.30	
85072	53	602.3	436.5	315.8	436.2	195.2	1.44	4.58	0	799	0	0.31	5.5	19.6	0.4	0.0	22.22	69	1.2758	1.9906	550	551.55	959.30	
85648	53	601.8	436.2	316.1	435.8	195.5	1.44	4.58	0	795	0	0.31	5.5	19.6	0.4	0.0	22.34	69	1.2758	1.9906	550	551.94	959.14	
86201	53	601.4	435.8	316.2	435.8	195.8	1.44	4.58	0	794	0	0.31	5.5	19.6	0.4	0.0	22.29	69	1.2758	1.9906	550	552.34	959.45	
86752	53	601.0	435.8	316.0	436.2	195.8	1.44	4.58	0	791	0	0.31	5.5	19.6	0.4	0.0	22.62	69	1.2758	1.9906	550	552.65	958.98	
87287	53	600.5	436.2	316.0	436.2	196.2	1.44	4.58	0	791	0	0.31	5.5	19.6	0.4	0.0	22.57	69	1.2758	1.9906	550	553.05	958.91	
87804	53	600.0	436.2	316.3	436.2	195.8	1.44	4.58	0	787	0	0.31	5.5	19.6	0.4	0.0	21.80	69	1.2758	1.9906	550	553.35	958.59	
88355	54	599.6	435.8	316.2	435.8	196.2	1.94	4.58	0	756	0	0.81	5.5	19.6	0.4	0.0	39.59	69	1.2758	1.9906	550	553.63	960.55	
88972	54	599.0	436.2	316.2	436.2	196.5	1.56	4.58	0	1,007	1	1.12	5.5	19.6	0.4	0.0	32.91	69	1.2758	1.9906	550	554.15	963.44	
89503	54	598.4	436.2	316.3	436.2	196.2	1.75	4.58	0	974	2	0.81	5.5	19.6	0.4	0.0	38.84	69	1.2758	1.9906	550	554.55	963.83	
90066	54	597.5	436.5	316.5	436.2	196.5	1.94	4.58	0	1,142	4	1.62	5.5	19.6	0.4	0.0	45.94	69	1.2758	1.9906	555	555.04	971.88	
90602	54	596.7	436.5	316.6	436.5	196.5	1.94	4.58	0	1,319	7	2.75	5.5	19.6	0.4	0.0	47.60	69	1.2758	1.9906	555	555.65	989.14	
91171	53	595.4	437.2	317.0	437.5	196.5	2.12	4.58	0	1,485	10	3.81	5.5	19.6	0.4	0.0	49.97	69	1.2758	1.9906	555	556.23	1,012.50	
91710	53	594.2	437.8	317.3	437.8	196.8	2.25	4.58	0	1,522	12	4.06	5.5	19.6	0.4	0.0	49.78	69	1.2758	1.9906	555	556.84	1,033.59	
92294	53	592.6	438.5	318.0	438.5	197.2	2.25	4.58	0	1,488	14	4.88	5.5	19.6	0.4	0.0	54.12	69	1.2758	1.9906	555	557.55	1,057.11	
92840	53	591.0	439.8	318.3	439.8	197.2	2.25	4.58	0	1,467	16	5.12	5.5	19.6	0.4	0.0	54.54	69	1.2758	1.9906	555	558.04	1,066.72	
93374	53	589.2	441.5	318.8	441.5	197.2	2.62	4.58	0	1,535	18	5.69	5.5	19.6	0.4	0.0	59.13	69	1.2758	1.9906	555	558.74	1,047.50	
93949	52	587.4	442.5	319.8	442.5	197.5	3.31	4.58	0	1,618	21	7.56	5.5	19.6	0.4	0.0	56.20	69	1.2758	1.9906	555	559.23	997.89	
94464	52	585.5	444.5	320.8	444.5	197.5	4.88	4.58	0	1,804	23	5.94	5.5	19.6	0.4	0.0	57.94	69	1.2758	1.9906	555	559.75	981.17	
94974	52	583.6	446.5	321.8	446.5	197.5	5.94	4.58	0	1,969	25	7.06	5.5	19.6	0.4	0.0	58.73	69	1.2758	1.9906	560	560.24	979.92	
95576	52	581.3	448.5	322.7	448.5	197.5	3.50	4.58	0	1,535	27	9.19	5.5	19.6	0.4	0.0	64.97	69	1.2758	1.9906	560	560.64	1,042.19	
96109	51	579.6	450.5	323.7	450.5	197.5	3.31	4.58	0	1,520	29	8.12	5.5	19.6	0.4	0.0	70.64	69	1.2758	1.9906	560	560.94	1,108.28	
96643	51	578.1	452.5	324.8	452.8	197.5	4.00	4.58	0	1,553	31	9.19	5.5	19.6	0.4	0.0	75.89	69	1.2758	1.9906	560	561.13	1,180.86	
97232	51	577.0	455.5	326.5	455.5	197.8	5.06	4.58	0	1,661	33	10.25	5.5	19.6	0.4	0.0	79.66	69	1.2758	1.9906	560	561.44	1,249.92	
97862	51	576.8	458.2	327.8	458.2	198.2	6.25	4.58	0	1,772	36	11.62	5.5	19.6	0.4	0.0	79.55	69	1.2758	1.9906	560	561.65	1,223.83	
98411	51	577.1	460.8	329.3	461.8	198.2	6.81	4.58	0	1,869	38	11.38	5.5	19.6	0.4	0.0	74.06	69	1.2758	1.9906	560	561.74	1,155.39	
98921	51	578.1	464.5	331.2	464.8	198.5	7.12	4.58	0	1,941	39	10.00	5.5	19.6	0.4	0.0	69.84	69	1.2758	1.9906	560	561.93	1,089.77	
99495	50	579.4	468.2	333.1	468.2	198.5	3.12	4.58	0	1,461	40	8.94	5.5	19.6	0.4	0.0	71.02	69	1.2758	1.9906	560	562.23	1,104.92	
100021	50	581.0	471.8	334.8	471.8	198.5	3.12	4.58	0	1,470	42	9.75	5.5	19.6	0.4	0.0	72.84	69	1.2758	1.9906	560	562.54	1,128.59	
100553	50	582.7	475.2	336.5	475.5	198.5	3.50	4.58	0	1,488	43	10.00	5.5	19.6	0.4	0.0	74.60	69	1.2758	1.9906	560	562.84	1,143.44	
101077	50	584.9	478.5	338.3	478.8	198.5	3.31	4.58	0	1,497	44	10.81	5.5	19.6	0.4	0.0	71.79	69	1.2758	1.9906	560	563.33	1,110.31	
101602	50	587.0	482.2	340.5	482.2	198.8	3.31	4.58	0	1,570	45	9.75	5.5	19.6	0.4	0.0	64.29	69	1.2758	1.9906	560	563.73	1,071.64	
102124	50	589.3	485.8	342.0	485.8	198.8	1.44	4.58	0	1,533	46	3.81	5.5	19.6	0.4	0.0	23.51	69	1.2758	1.9906	560	564.25	1,023.91	
102647	50	590.8	489.2	344.1	489.5	199.5	-0.44	4.58	0	1,309	45	0.81	5.5	19.6	0.4	0.0	16.03	69	1.2758	1.9906	560	564.53	986.48	
103160	49	592.1	492.5	345.5	492.5	199.5	1.56	4.58	0	1,193	45	0.56	5.5	19.6	0.4	0.0	41.30	69	1.2758	1.9906	565	564.93	969.06	
103742	50	593.6	495.5	347.5	496.2	199.8	2.25	4.58	0	1,289	45	5.12	5.5	19.6	0.4	0.0	69.19	69	1.2758	1.9906	565	565.54	1,023.59	
104330	50	595.3	498.8	349.1	498.8	199.8	2.44	4.58	0	1,210	46	6.25	5.5	19.6	0.4	0.0	84.84	69	1.2758	1.9906	565	566.24	1,109.30	
104851	50	596.9	501.5	350.3	501.8	200.2	3.12	4.58	0	1,263	47	10.00	5.5	19.6	0.4	0.0	98.16	69	1.2758	1.9906	565	566.85	1,240.23	
105376	50	598.9	503.8	351.7	503.8	199.8	4.00	4.58	0	1,333	48	12.44	5.5	19.6	0.4	0.0	105.70	69	1.2758	1.9906	565	567.74	1,328.05	
106009	51	601.0	506.8	353.1	506.5	199.8	4.00	4.58	0	1,296	49	13.81	5.5	19.6	0.4	0.0	102.02	69	1.2758	1.9906	565	568.75	1,325.86	
106518	50	603.6	508.8	354.3	509.2	200.2	4.69	4.58	0	1,379	51	16.25	5.5	19.6	0.4	0.0	78.05	69	1.2758	1.9906	565	569.64	1,139.14	
107032	50	606.4	512.2	356.1	512.5	200.5	1.44	4.58	0	1,325	51	4.06	5.5	19.6	0.4	0.0	24.98	69	1.2758	1.9906	570	570.44	1,035.55	
107583	50	608.2	515.5	357.8	515.5	200.8	1.25	4.58	0	1,300	51	0.81	5.5	19.6	0.4	0.0	12.94	69	1.2758	1.9906	570	571.23	984.77	
108118	49	609.6	518.2	359.3	518.2	200.5	0.38	4.58	0	1,267	50	0.31	5.5	19.6	0.4	0.0	14.39	69	1.2758	1.9906	570	571.84	968.98	
108663	49	610.8	520.5	360.5	520.8	200.8	1.94	4.58	0	1,303	50	1.62	5.5	19.6	0.4	0.0	49.36	69	1.2758	1.9906	570	572.55	972.11	
109195	50	612.3	523.2	362.0	523.2	200.8	2.81	4.58	0	1,373	50	6.25	5.5	19.6	0.4	0.0	69.56	69	1.2758	1.9906	570	573.53	1,039.77	
109732	50	613.7	524.8	362.8	525.2	201.2	2.25	4.58	0	1,148	51	5.44	5.5	19.6	0.4	0.0	83.02	69	1.2758	1.9906	570	574.44	1,087.73	
110302	50	615.3	526.8	364.3	526.8	201.5	2.81	4.58	0	1,111	52	7.06	5.5	19.6	0.4	0.0	90.19	69	1.2758	1.9906	575	575.55	1,165.16	
110816	50	617.1	528.8	365.0	528.8	201.5	4.19	4.58	0	1,389	52	13.50	5.5	19.6	0.4	0.0	102.91	69	1.2758	1.9906	575	576.53	1,243.91	
111331	50	619.0	530.2	365.8	530.5	201.5	3.81	4.58	0	1,369	52	14.31	5.5	19.6	0.4	0.0	94.34	69	1.2758	1.9906	575	577.75	1,199.84	
111910	50	621.3	532.2	366.8	532.5	201.8	3.31	4.58	0	1,399	53	13.25	5.5	19.6	0.4	0.0	50.06	69	1.2758	1.9906	575	579.04	1,098.44	
112491	50	623.4	534.5	368.3	534.5	201.8	0.88	4.58	0	1,361	53	1.38	5.5	19.6	0.4	0.0	17.30	69	1.2758	1.9906	580	580.14	1,003.59	
113038	49	624.7	536.5	369.1	536.8	202.5	0.38	4.58	0	1,330	52	0.56	5.5	19.6	0.4	0.0	12.26	69	1.2758	1.9906	580	580.94	976.88	
113644	49	626.0	538.5	370.5	538.5	202.5	2.12	4.58	0	1,363	51	1.62	5.5	19.6	0.4	0.0	46.24	69	1.2758	1.9906	580	581.94	969.92	
114170	50	627.1	540.5	371.0	540.2	202.5	2.44	4.58	0	1,372	51	5.94	5.5	19.6	0.4	0.0	68.65	69	1.2758	1.9906	580	582.93	1,033.98	
114833	50	628.5	541.2	371.8	541.5	202.8	3.00	4.58	0	1,338	51	7.56	5.5	19.6	0.4	0.0	77.18	69	1.2758	1.9906	580	584.43	1,132.58	
115399	50	630.1	542.5	372.8	542.5	203.2	3.12	4.58	0	1,354	52	9.19	5.5	19.6	0.4	0.0	83.84	69	1.2758	1.9906	585	585.74	1,195.39	
115930	50	631.9	543.8	373.5	543.5	203.2	3.50	4.58	0	1,390	52	10.25	5.5	19.6	0.4	0.0	87.40	69	1.2758	1.9906	585	586.94	1,234.38	
116526	50	633.8	545.2	374.0	545.5	203.2	3.69	4.58	0	1,407	52	11.06	5.5	19.6	0.4	0.0	89.11	69	1.2758	1.9906	585	588.44	1,263.91	
117063	50	635.6	546.5	374.8	546.8	203.8	3.81	4.58	0	1,395	53	11.38	5.5	19.6	0.4	0.0	87.82	69	1.2758	1.9906	585	589.75	1,271.48	
117657	50	637.7	547.8	375.6	547.8	203.8	3.81	4.58	0	1,386	53	11.38	5.5	19.6	0.4	0.0	90.45	69	1.2758	1.9906	590	591.34	1,284.14	
118179	49	639.8	549.5	376.5	549.2	204.5	4.19	4.58	0	1,447	54	12.44	5.5	19.6	0.4	0.0	90.33	69	1.2758	1.9906	590	592.94	1,275.62	
118764	49	642.0	550.8	377.5	550.8	204.2	3.69	4.58	0	1,407	54	11.62	5.5	19.6	0.4	0.0	83.74	69	1.2758	1.9906	590	594.34	1,223.28	
119316	49	644.1	552.5	378.8	552.5	204.5	3.31	4.58	0	1,460	54	11.38	5.5	19.6	0.4	0.0	51.28	69	1.2758	1.9906	595	595.94	1,091.72	
119894	49	645.6	554.2	379.3	554.5	204.8	1.06	4.58	0	1,385	54	1.62	5.5	19.6	0.4	0.0	18.09	69	1.2758	1.9906	595	597.13	1,007.50	
120477	48	646.6	555.8	380.1	555.8	205.2	1.06	4.58	0	1,355	53	0.81	5.5	19.6	0.4	0.0	12.38	69	1.2758	1.9906	595	598.23	976.17	
121033	48	647.4	556.8	381.0	556.8	205.2	0.19	4.58	0	1,340	52	0.56	5.5	19.6	0.4	0.0	16.31	69	1.2758	1.9906	595	599.03	970.00	
121575	49	648.1	557.8	381.3	557.8	205.2	0.56	4.58	0	1,312	51	0.56	5.5	19.6	0.4	0.0	16.80	69	1.2758	1.9906	595	599.94	968.28	
122121	49	648.9	558.2	382.0	558.5	205.5	0.56	4.58	0	1,292	50	0.56	5.5	19.6	0.4	0.0	16.76	69	1.2758	1.9906	600	600.65	972.81	
122663	49	649.5	558.8	382.0	558.8	205.8	0.69	4.58	0	1,257	49	0.56	5.5	19.6	0.4	0.0	16.85	69	1.2758	1.9906	600	601.35	973.44	
123223	49	650.1	558.2	382.1	558.2	205.8	0.69	4.58	0	1,242	48	0.56	5.5	19.6	0.4	0.0	18.61	69	1.2758	1.9813	600	602.15	972.42	
123940	50	650.7	557.8	381.8	557.8	205.8	2.12	4.58	0	1,279	48	1.38	5.5	19.6	0.4	0.0	48.52	69	1.2758	1.9813	600	603.25	972.03	
124454	50	651.2	556.8	381.5	556.8	206.5	2.62	4.58	0	1,321	49	5.12	5.5	19.6	0.4	0.0	67.05	69	1.2758	1.9813	600	604.14	1,018.91	
124967	50	651.7	555.8	381.2	555.5	206.5	2.62	4.58	0	1,298	50	6.75	5.5	19.6	0.4	0.0	71.25	69	1.2758	1.9906	605	605.24	1,075.94	
125505	50	652.0	555.2	380.8	555.2	206.5	1.94	4.58	0	1,302	50	4.62	5.5	19.6	0.4	0.0	42.94	69	1.2758	1.9906	605	606.13	1,045.08	
126062	50	652.2	555.2	381.0	554.8	206.8	0.38	4.58	0	1,250	51	0.81	5.5	19.6	0.4	0.0	18.68	69	1.2758	1.9813	605	606.83	991.17	
126584	50	652.3	554.2	380.5	554.2	206.8	1.44	4.58	0	1,013	51	0.31	5.5	19.6	0.4	0.0	13.85	69	1.2758	1.9813	605	607.63	972.97	
127148	50	652.3	554.2	380.7	553.8	207.2	1.44	4.58	0	970	51	0.31	5.5	19.6	0.4	0.0	14.91	69	1.2758	1.9813	605	608.24	966.17	
127670	50	652.4	553.5	380.3	553.5	207.2	1.06	4.58	0	1,057	51	0.31	5.5	19.6	0.4	0.0	16.76	69	1.2758	1.9813	605	608.94	964.45	
128231	50	652.5	553.2	380.2	552.8	207.5	1.06	4.58	0	1,063	51	0.31	5.5	19.6	0.4	0.0	16.08	69	1.2758	1.9813	605	609.53	967.66	
128764	50	652.6	552.2	380.0	552.2	207.2	1.06	4.58	0	1,061	51	0.31	5.5	19.6	0.4	0.0	16.76	69	1.2758	1.9813	610	610.14	968.12	
129347	50	652.7	551.2	379.3	551.2	207.5	1.06	4.58	0	1,060	51	0.31	5.5	19.6	0.4	0.0	16.88	69	1.2758	1.9813	610	610.84	968.36	
129876	50	652.8	550.2	378.8	549.8	207.8	1.06	4.58	0	1,066	51	0.31	5.5	19.6	0.4	0.0	16.80	69	1.2758	1.9813	610	611.55	968.52	
130418	51	652.9	548.8	378.5	548.5	208.2	1.06	4.58	0	1,071	51	0.31	5.5	19.6	0.4	0.0	17.02	69	1.2758	1.9813	610	612.13	968.59	
131009	51	653.1	547.2	377.5	546.8	207.8	1.06	4.58	0	1,071	51	0.31	5.5	19.6	0.4	0.0	17.02	69	1.2758	1.9813	610	612.74	968.44	
131534	51	653.2	545.5	376.8	545.5	208.2	1.06	4.58	0	1,079	51	0.31	5.5	19.6	0.4	0.0	17.32	69	1.2758	1.9813	610	613.23	968.52	
132210	51	653.3	544.2	376.2	544.2	208.5	1.06	4.58	0	1,080	52	0.31	5.5	19.6	0.4	0.0	17.20	69	1.2758	1.9813	610	613.94	968.75	
132747	51	653.4	542.5	375.5	542.8	208.2	1.06	4.58	0	1,083	52	0.31	5.5	19.6	0.4	0.0	17.20	69	1.2758	1.9813	610	614.43	969.06	
133305	51	653.5	541.2	375.0	540.8	208.5	1.06	4.58	0	1,089	52	0.31	5.5	19.6	0.4	0.0	17.58	69	1.2758	1.9813	615	614.94	969.30	
133833	51	653.6	539.2	374.0	539.5	208.5	1.06	4.58	0	1,089	53	0.31	5.5	19.6	0.4	0.0	17.53	69	1.2758	1.9813	615	615.44	969.22	
134367	52	653.7	537.8	373.3	537.5	208.8	1.06	4.58	0	1,091	52	0.31	5.5	19.6	0.4	0.0	17.55	69	1.2758	1.9813	615	615.83	969.77	
134920	52	653.8	535.8	372.1	535.8	208.8	1.06	4.58	0	1,099	52	0.31	5.5	19.6	0.4	0.0	17.77	69	1.2758	1.9813	615	616.23	969.45	
135431	52	653.8	534.2	371.5	534.2	208.5	1.06	4.58	0	1,099	52	0.56	5.5	19.6	0.4	0.0	17.55	69	1.2758	1.9813	615	616.63	969.92	
135969	52	653.8	532.8	371.0	532.8	209.2	0.88	4.58	0	1,300	51	0.81	5.5	19.6	0.4	0.0	11.60	69	1.2758	1.9813	615	617.03	967.81	
136493	52	653.9	531.2	369.8	531.2	208.5	0.69	4.58	0	1,274	50	0.56	5.5	19.6	0.4	0.0	17.60	69	1.2758	1.9813	615	617.43	969.53	
137007	52	653.9	529.5	369.3	529.5	208.8	0.56	4.58	0	1,265	49	0.81	5.5	19.6	0.4	0.0	18.14	69	1.2758	1.9813	615	617.73	971.41	
137549	52	653.9	528.2	368.3	528.2	208.8	0.69	4.58	0	1,234	47	0.56	5.5	19.6	0.4	0.0	18.26	69	1.2758	1.9813	615	618.04	972.73	
138071	52	653.9	526.5	368.0	526.5	208.8	0.69	4.58	0	1,202	46	0.56	5.5	19.6	0.4	0.0	19.31	69	1.2758	1.9813	615	618.44	972.34	
138610	52	653.9	525.5	366.8	525.2	209.2	1.44	4.58	0	1,491	46	1.12	5.5	19.6	0.4	0.0	10.88	69	1.2758	1.9813	615	618.74	969.22	
139057	52	653.9	524.2	366.5	524.2	208.5	0.56	4.58	0	1,532	45	0.56	5.5	19.6	0.4	0.0	17.93	69	1.2758	1.9813	615	618.93	971.41	
139597	53	653.9	522.8	365.8	522.5	209.2	0.56	4.58	0	1,485	44	1.12	5.5	19.6	0.4	0.0	19.24	69	1.2758	1.9813	615	619.23	974.14	
140135	53	654.0	521.2	365.3	521.2	209.2	0.38	4.58	0	1,439	42	1.12	5.5	19.6	0.4	0.0	19.43	69	1.2758	1.9813	615	619.44	975.08	
140770	53	654.1	519.8	364.8	519.8	208.8	0.56	4.58	0	1,337	39	1.12	5.5	19.6	0.4	0.0	19.24	69	1.2758	1.9813	615	619.75	976.09	
141308	53	654.2	518.5	364.0	518.5	209.2	0.69	4.58	0	1,244	36	0.56	5.5	19.6	0.4	0.0	18.70	69	1.2758	1.9813	620	619.94	975.55	
141851	53	654.4	517.2	363.5	517.2	209.2	0.69	4.58	0	1,281	34	0.56	5.5	19.6	0.4	0.0	18.87	69	1.2758	1.9813	620	620.15	975.08	
142429	53	654.5	516.2	362.7	515.8	209.5	0.38	4.58	0	1,376	32	1.12	5.5	19.6	0.4	0.0	19.17	69	1.2758	1.9813	620	620.33	975.55	
142956	53	654.7	515.2	362.1	514.8	208.8	0.56	4.58	0	1,434	30	1.12	5.5	19.6	0.4	0.0	19.17	69	1.2758	1.9813	620	620.55	976.41	
143520	53	654.8	513.8	361.5	514.5	209.2	0.38	4.58	0	1,441	29	1.12	5.5	19.6	0.4	0.0	19.66	69	1.2758	1.9813	620	620.73	976.41	
144040	53	655.0	512.5	361.0	512.8	209.2	0.56	4.58	0	1,395	28	1.12	5.5	19.6	0.4	0.0	19.59	69	1.2758	1.9813	620	620.85	976.48	
144572	53	655.1	511.5	360.5	511.5	209.2	0.38	4.58	0	1,355	28	1.12	5.5	19.6	0.4	0.0	19.43	69	1.2758	1.9813	620	621.04	976.48	
145125	54	655.2	510.5	360.0	510.5	209.5	0.56	4.58	0	1,343	27	0.81	5.5	19.6	0.4	0.0	19.66	69	1.2758	1.9813	620	621.13	976.17	
145712	54	655.4	509.5	359.5	509.2	209.5	0.56	4.58	0	1,279	26	0.81	5.5	19.6	0.4	0.0	19.36	69	1.2758	1.9813	620	621.25	975.78	
146271	54	655.5	508.5	359.0	508.8	209.5	0.69	4.58	0	1,224	24	0.56	5.5	19.6	0.4	0.0	19.57	69	1.2758	1.9813	620	621.44	975.00	
146830	54	655.6	507.5	358.6	507.5	209.5	0.88	4.58	0	1,173	23	0.56	5.5	19.6	0.4	0.0	19.27	69	1.2758	1.9813	620	621.53	974.06	
147350	54	655.7	506.5	358.3	506.5	209.5	0.38	4.58	0	1,147	23	0.56	5.5	19.6	0.4	0.0	15.56	69	1.2758	1.9813	620	621.53	966.64	
147865	54	655.7	506.2	357.8	505.5	209.8	1.94	4.58	0	1,250	23	1.62	5.5	19.6	0.4	0.0	46.15	69	1.2758	1.9813	620	621.74	967.50	
148394	54	655.6	504.8	357.3	504.8	209.5	2.12	4.58	0	1,269	24	3.50	5.5	19.6	0.4	0.0	52.92	69	1.2758	1.9813	620	621.83	993.12	
149017	54	655.1	504.2	357.1	503.8	209.8	2.25	4.58	0	1,293	25	3.81	5.5	19.6	0.4	0.0	53.62	69	1.2758	1.9813	620	622.14	1,017.27	
149671	54	654.2	503.5	356.6	503.5	209.8	1.94	4.58	0	1,372	27	4.06	5.5	19.6	0.4	0.0	54.30	69	1.2758	1.9813	620	622.44	1,032.58	
150216	53	653.2	503.5	356.8	503.5	210.2	2.44	4.58	0	1,449	29	4.88	5.5	19.6	0.4	0.0	53.11	69	1.2758	1.9813	620	622.75	1,046.88	
150806	53	651.6	503.5	356.6	503.5	210.5	2.44	4.58	0	1,517	30	5.12	5.5	19.6	0.4	0.0	53.95	69	1.2758	1.9813	620	623.03	1,058.67	
151328	53	649.9	504.2	357.2	504.5	210.2	2.62	4.58	0	1,577	32	4.88	5.5	19.6	0.4	0.0	51.68	69	1.2758	1.9813	620	623.33	1,065.47	
151852	53	648.3	505.2	357.3	504.8	210.5	2.81	4.58	0	1,647	33	4.62	5.5	19.6	0.4	0.0	48.38	69	1.2758	1.9813	620	623.55	1,064.92	
152427	52	646.2	506.5	358.3	506.2	210.5	2.12	4.58	0	1,509	34	5.69	5.5	19.6	0.4	0.0	57.45	69	1.2758	1.9813	620	623.85	1,081.64	
152955	52	644.3	507.5	359.0	507.5	210.5	1.44	4.58	0	1,283	35	3.25	5.5	19.6	0.4	0.0	28.48	69	1.2758	1.9813	620	623.94	1,025.86	
153481	52	642.7	509.2	359.8	509.2	210.5	1.06	4.58	0	1,192	35	0.81	5.5	19.6	0.4	0.0	17.30	69	1.2758	1.9813	620	624.13	984.30	
154040	51	641.3	510.5	360.5	510.8	210.8	1.25	4.58	0	1,183	35	0.56	5.5	19.6	0.4	0.0	11.98	69	1.2758	1.9813	620	624.25	969.45	
154569	51	640.1	512.2	361.5	512.5	210.8	0.69	4.58	0	1,162	35	0.31	5.5	19.6	0.4	0.0	17.44	69	1.2758	1.9813	620	624.34	966.95	
155107	51	639.0	513.5	362.1	513.5	211.5	0.88	4.58	0	1,158	34	0.31	5.5	19.6	0.4	0.0	17.62	69	1.2758	1.9813	620	624.53	967.19	
155651	51	638.1	514.5	362.8	514.5	210.8	0.88	4.58	0	1,131	33	0.31	5.5	19.6	0.4	0.0	17.48	69	1.2758	1.9813	620	624.65	970.39	
156215	52	637.1	515.5	363.3	515.5	210.8	0.88	4.58	0	1,117	33	0.31	5.5	19.6	0.4	0.0	17.44	69	1.2758	1.9813	620	624.74	970.47	
156782	52	636.4	516.2	363.5	515.8	211.2	1.06	4.58	0	1,088	32	0.56	5.5	19.6	0.4	0.0	17.53	69	1.2758	1.9813	620	624.93	970.47	
157340	52	635.8	516.2	363.5	516.2	210.8	1.06	4.58	0	1,074	32	0.31	5.5	19.6	0.4	0.0	18.42	69	1.2758	1.9813	625	625.05	970.39	
157951	52	635.2	516.5	363.5	516.8	211.5	1.25	4.58	0	1,056	31	0.31	5.5	19.6	0.4	0.0	28.15	69	1.2758	1.9813	625	625.14	960.47	
158501	52	634.5	516.5	363.8	516.2	211.2	1.94	4.58	0	1,182	32	1.62	5.5	19.6	0.4	0.0	41.70	69	1.2758	1.9813	625	625.23	968.59	
159077	52	633.4	516.5	363.6	516.2	211.5	1.94	4.58	0	1,173	33	1.94	5.5	19.6	0.4	0.0	44.67	69	1.2758	1.9813	625	625.35	980.08	
159603	53	632.5	516.5	363.7	516.2	211.5	1.75	4.58	0	1,174	34	2.19	5.5	19.6	0.4	0.0	42.87	69	1.2758	1.9813	625	625.35	987.27	
160204	52	631.3	516.8	363.8	516.5	211.5	1.75	4.58	0	1,204	35	2.19	5.5	19.6	0.4	0.0	41.86	69	1.2758	1.9813	625	625.35	991.25	
160768	52	630.0	516.8	364.1	516.8	211.5	1.75	4.58	0	1,225	35	2.19	5.5	19.6	0.4	0.0	40.85	69	1.2758	1.9813	625	625.35	991.64	
161301	52	628.8	517.2	364.5	517.2	211.8	1.75	4.58	0	1,262	36	2.19	5.5	19.6	0.4	0.0	41.37	69	1.2758	1.9813	625	625.23	992.19	
161815	52	627.4	517.8	364.8	518.2	211.8	1.94	4.58	0	1,285	37	2.19	5.5	19.6	0.4	0.0	37.78	69	1.2758	1.9813	625	625.14	998.59	
162377	52	626.1	519.2	365.3	519.2	211.8	1.56	4.58	0	1,266	37	1.38	5.5	19.6	0.4	0.0	17.04	69	1.2758	1.9813	625	625.05	975.00	
162959	52	624.8	519.8	365.8	520.5	212.2	1.06	4.58	0	1,263	37	0.81	5.5	19.6	0.4	0.0	12.70	69	1.2758	1.9813	625	624.93	966.95	
163496	51	623.7	521.2	366.5	521.2	212.2	0.69	4.58	0	1,227	37	0.56	5.5	19.6	0.4	0.0	17.04	69	1.2758	1.9813	620	624.83	965.23	
164048	51	622.8	521.8	366.6	522.2	212.2	0.56	4.58	0	1,233	36	0.56	5.5	19.6	0.4	0.0	17.86	69	1.2758	1.9813	620	624.83	965.31	
164653	52	622.0	522.8	367.5	522.8	212.2	0.69	4.58	0	1,215	36	0.56	5.5	19.6	0.4	0.0	17.65	69	1.2758	1.9813	620	624.74	970.00	
165192	52	621.3	523.5	367.7	523.8	212.2	0.69	4.58	0	1,183	35	0.56	5.5	19.6	0.4	0.0	17.79	69	1.2758	1.9813	620	624.74	971.25	
165709	52	620.7	523.8	368.0	523.8	212.2	0.88	4.58	0	1,168	34	0.56	5.5	19.6	0.4	0.0	17.91	69	1.2758	1.9813	620	624.65	971.48	
166271	52	620.2	524.2	368.1	523.8	212.2	0.88	4.58	0	1,147	34	0.56	5.5	19.6	0.4	0.0	17.79	69	1.2758	1.9813	620	624.53	971.33	
166897	52	619.8	523.8	368.1	523.5	212.5	0.88	4.58	0	1,130	33	0.56	5.5	19.6	0.4	0.0	17.84	69	1.2758	1.9813	620	624.53	971.33	
167439	52	619.4	523.2	367.8	523.2	212.2	0.88	4.58	0	1,098	32	0.56	5.5	19.6	0.4	0.0	17.72	69	1.2758	1.9813	620	624.44	971.41	
167941	52	619.0	523.5	367.8	522.8	212.2	1.06	4.58	0	1,069	31	0.31	5.5	19.6	0.4	0.0	18.00	69	1.2758	1.9813	620	624.34	970.16	
168462	52	618.7	522.8	367.6	522.5	212.5	1.06	4.58	0	1,100	29	0.56	5.5	19.6	0.4	0.0	17.60	69	1.2758	1.9813	620	624.34	970.70	
168991	52	618.4	521.8	367.1	521.5	212.5	0.88	4.58	0	1,185	26	0.56	5.5	19.6	0.4	0.0	18.38	69	1.2758	1.9813	620	624.13	971.56	
169543	53	618.1	521.5	367.1	521.5	212.5	0.69	4.58	0	1,230	25	0.56	5.5	19.6	0.4	0.0	18.42	69	1.2758	1.9813	620	624.04	972.34	
170078	53	617.9	521.2	366.6	520.8	212.2	0.88	4.58	0	1,174	23	0.56	5.5	19.6	0.4	0.0	18.14	69	1.2758	1.9813	620	623.94	972.11	
170634	53	617.6	520.5	366.5	520.5	212.5	1.06	4.58	0	1,091	22	0.31	5.5	19.6	0.4	0.0	18.28	69	1.2758	1.9813	620	623.85	971.33	
171210	53	617.4	519.5	366.1	519.2	212.8	1.94	4.58	0	892	21	0.31	5.5	19.6	0.4	0.0	13.59	69	1.2758	1.9813	620	623.64	967.50	
171790	53	617.1	518.5	365.5	518.5	212.8	1.75	4.58	0	956	20	0.56	5.5	19.6	0.4	0.0	19.12	69	1.2758	1.9813	620	623.43	965.00	
172330	53	616.8	518.2	365.3	517.8	212.8	1.25	4.58	0	1,014	20	0.31	5.5	19.6	0.4	0.0	15.42	69	1.2758	1.9813	620	623.33	962.89	
172865	53	616.4	517.2	365.1	517.2	212.5	1.56	4.58	0	983	19	0.31	5.5	19.6	0.4	0.0	16.17	69	1.2758	1.9813	620	623.15	961.88	
173394	53	616.1	516.5	364.6	516.5	212.5	1.44	4.58	0	961	19	0.31	5.5	19.6	0.4	0.0	16.69	69	1.2758	1.9813	620	622.94	960.70	
173949	53	615.7	515.8	364.5	515.5	213.2	1.44	4.58	0	961	19	0.31	5.5	19.6	0.4	0.0	17.02	69	1.2758	1.9813	620	622.75	960.23	
174464	53	615.2	514.8	364.2	514.8	213.2	1.75	4.58	0	1,010	19	0.81	5.5	19.6	0.4	0.0	32.27	69	1.2758	1.9813	620	622.63	957.34	
175078	53	614.5	514.5	363.8	514.2	213.5	1.56	4.58	0	1,405	19	1.62	5.5	19.6	0.4	0.0	25.38	69	1.2758	1.9813	620	622.35	965.08	
175726	53	613.8	514.2	363.7	514.2	213.2	1.44	4.58	0	1,517	19	1.62	5.5	19.6	0.4	0.0	23.51	69	1.2758	1.9813	620	622.05	969.77	
176255	53	613.0	513.8	363.5	513.8	213.5	1.06	4.58	0	1,537	19	0.81	5.5	19.6	0.4	0.0	13.85	69	1.2758	1.9813	620	621.83	965.08	
176822	53	611.9	513.5	363.6	513.5	213.2	1.06	4.58	0	1,489	19	1.38	5.5	19.6	0.4	0.0	18.52	69	1.2758	1.9813	620	621.53	960.47	
177379	53	611.0	513.8	363.8	513.8	213.8	1.94	4.58	0	1,544	19	1.94	5.5	19.6	0.4	0.0	34.97	69	1.2758	1.9813	620	621.25	963.44	
177950	53	609.8	513.8	363.8	514.2	213.8	2.62	4.58	0	1,630	21	3.81	5.5	19.6	0.4	0.0	54.19	69	1.2758	1.9813	620	620.94	989.92	
178476	53	608.1	514.2	364.0	514.5	213.5	4.69	4.58	0	1,817	24	7.56	5.5	19.6	0.4	0.0	63.12	69	1.2758	1.9813	620	620.43	1,058.98	
179001	53	605.9	515.5	364.5	515.5	213.5	5.75	4.58	0	2,054	26	10.00	5.5	19.6	0.4	0.0	70.15	69	1.2758	1.9813	620	619.94	1,122.03	
179528	53	603.8	516.2	365.2	516.2	214.2	5.94	4.58	0	2,177	29	13.25	5.5	19.6	0.4	0.0	75.49	69	1.2758	1.9813	615	619.23	1,225.16	
180050	52	601.9	517.8	365.7	518.2	214.5	6.62	4.58	0	1,761	31	12.69	5.5	19.6	0.4	0.0	83.34	69	1.2758	1.9813	615	618.34	1,259.92	
180565	52	600.1	519.2	366.8	519.8	213.8	5.56	4.58	0	1,677	33	12.69	5.5	19.6	0.4	0.0	81.94	69	1.2758	1.9813	615	617.33	1,257.89	
181096	51	598.8	522.5	368.5	523.2	214.5	6.44	4.58	0	1,785	35	12.44	5.5	19.6	0.4	0.0	82.22	69	1.2758	1.9813	615	616.14	1,279.61	
181614	51	597.8	525.5	369.8	525.8	214.5	6.81	4.58	0	1,858	38	11.38	5.5	19.6	0.4	0.0	46.57	69	1.2758	1.9813	615	615.04	1,122.66	
182163	51	597.2	528.8	371.5	529.2	214.8	-0.81	4.58	0	1,653	38	1.94	5.5	19.6	0.4	0.0	18.94	69	1.2758	1.9813	610	614.24	1,016.64	
182687	50	596.8	532.2	373.7	532.5	215.2	1.44	4.58	0	1,284	38	0.81	5.5	19.6	0.4	0.0	16.83	69	1.2758	1.9813	610	613.44	974.77	
183261	50	596.3	536.5	375.5	536.5	215.2	2.12	4.58	0	1,364	38	2.44	5.5	19.2	0.4	0.0	56.88	69	1.2758	1.9719	610	612.65	986.48	
183877	50	595.7	539.5	377.5	539.5	215.2	2.44	4.58	0	1,330	39	6.50	5.5	19.2	0.4	0.0	70.90	69	1.2758	1.9719	610	611.73	1,066.02	
184423	50	595.3	542.5	379.0	542.8	215.5	3.12	4.58	0	1,386	40	8.69	5.5	19.6	0.4	0.0	79.38	69	1.2758	1.9898	610	610.75	1,147.42	
184986	50	595.3	546.5	381.1	546.5	215.5	3.69	4.58	0	1,454	42	10.56	5.5	19.6	0.4	0.0	83.84	69	1.2758	1.9898	605	609.65	1,213.75	
185530	50	595.7	549.5	382.3	549.5	215.8	4.38	4.58	0	1,521	44	11.88	5.5	19.6	0.4	0.0	87.23	69	1.2758	1.9898	605	608.85	1,261.95	
186050	50	596.3	552.5	383.8	552.8	215.8	4.69	4.58	0	1,558	45	12.69	5.5	19.6	0.4	0.0	86.32	69	1.2758	1.9898	605	607.94	1,299.38	
186566	50	597.3	555.5	385.3	555.8	216.2	5.25	4.58	0	1,600	47	13.25	5.5	19.6	0.4	0.0	87.80	69	1.2758	1.9898	605	607.14	1,325.70	
187097	50	598.6	558.8	387.3	558.8	216.5	5.75	4.58	0	1,657	48	13.81	5.5	19.6	0.4	0.0	87.63	69	1.2758	1.9898	605	606.25	1,352.81	
187676	50	600.5	562.2	389.1	562.8	216.5	6.62	4.58	0	1,719	50	14.62	5.5	19.6	0.4	0.0	87.70	69	1.2758	1.9898	605	605.43	1,381.33	
188192	50	602.5	565.8	391.1	566.2	216.8	7.12	4.58	0	1,772	52	14.62	5.5	19.6	0.4	0.0	87.84	69	1.2758	1.9898	600	604.84	1,403.59	
188710	50	604.9	569.2	393.0	569.5	216.8	7.69	4.58	0	1,821	54	15.44	5.5	19.6	0.4	0.0	90.09	69	1.2758	1.9898	600	604.44	1,429.69	
189304	49	608.1	573.5	395.2	573.5	217.2	8.19	4.58	0	1,888	56	16.75	5.5	19.6	0.4	0.0	91.24	69	1.2758	1.9898	600	604.05	1,462.34	
189831	49	611.5	577.2	397.0	577.8	217.2	9.06	4.58	0	1,951	58	20.56	5.5	19.6	0.4	0.0	80.39	69	1.2758	1.9898	600	603.93	1,205.47	
190368	49	614.7	581.5	399.0	581.8	217.5	2.12	4.58	0	1,957	58	2.75	5.5	19.6	0.4	0.0	17.72	69	1.2758	1.9898	600	603.93	1,035.08	
190891	48	616.7	585.5	401.5	585.5	218.2	-0.62	4.58	0	1,484	58	1.12	5.5	19.6	0.4	0.0	11.46	69	1.2758	1.9898	600	603.93	989.45	
191422	48	618.5	588.8	403.0	589.2	218.2	0.56	4.58	0	1,318	57	0.81	5.5	19.6	0.4	0.0	16.76	69	1.2758	1.9898	600	603.93	975.70	
191989	48	620.1	592.5	405.0	592.8	218.2	0.88	4.58	0	1,195	57	0.56	5.5	19.2	0.4	0.0	16.62	69	1.2758	1.9719	600	604.05	970.16	
192632	49	621.6	594.8	406.6	594.5	218.5	0.69	4.58	0	1,186	56	0.56	5.5	19.2	0.4	0.0	16.27	69	1.2758	1.9719	600	604.05	973.44	
193168	49	623.0	596.8	407.5	596.5	218.5	0.88	4.58	0	1,155	55	0.31	5.5	19.2	0.4	0.0	16.97	69	1.2758	1.9719	600	604.14	973.28	
193687	49	624.4	598.2	408.3	598.2	218.8	0.88	4.58	0	1,153	55	0.56	5.5	19.2	0.4	0.0	16.80	69	1.2758	1.9719	600	604.23	972.66	
194207	49	625.5	598.8	409.0	599.2	219.2	0.88	4.58	0	1,138	54	0.31	5.5	19.6	0.4	0.0	16.80	69	1.2758	1.9813	600	604.35	972.19	
194760	49	626.7	599.2	409.2	599.5	219.5	1.06	4.58	0	1,130	54	0.31	5.5	19.6	0.4	0.0	16.99	69	1.2758	1.9813	600	604.44	971.88	
195316	50	627.6	599.2	409.1	599.2	219.8	1.06	4.58	0	1,112	53	0.56	5.5	19.2	0.4	0.0	16.92	69	1.2758	1.9719	600	604.54	971.33	
195849	50	628.6	598.5	409.1	598.5	219.8	1.06	4.58	0	1,102	52	0.56	5.5	19.2	0.4	0.0	17.06	69	1.2758	1.9719	600	604.75	971.41	
196413	50	629.5	597.8	408.8	597.8	219.8	1.06	4.58	0	1,089	52	0.56	5.5	19.2	0.4	0.0	16.95	69	1.2758	1.9719	605	604.94	970.62	
196975	50	630.4	597.2	408.5	597.2	220.5	1.06	4.58	0	1,078	51	0.56	5.5	19.2	0.4	0.0	17.04	69	1.2758	1.9719	605	605.15	970.39	
197539	50	631.2	595.8	408.1	595.8	220.5	1.06	4.58	0	1,068	51	0.31	5.5	19.2	0.4	0.0	17.27	69	1.2758	1.9625	605	605.24	969.61	
198066	50	632.0	594.5	407.8	594.5	220.5	1.06	4.58	0	1,053	50	0.31	5.5	19.2	0.4	0.0	17.23	69	1.2758	1.9625	605	605.55	969.69	
198677	51	632.7	593.2	407.0	592.5	220.5	1.06	4.58	0	1,041	50	0.56	5.5	19.6	0.4	0.0	17.25	69	1.2758	1.9805	605	605.73	969.22	
199202	51	633.3	591.8	406.1	591.5	220.8	1.25	4.58	0	1,028	49	0.56	5.5	19.6	0.4	0.0	16.97	69	1.2758	1.9805	605	605.94	969.06	
199721	51	633.9	590.5	405.8	590.2	221.2	1.25	4.58	0	1,022	49	0.31	5.5	19.6	0.4	0.0	17.23	69	1.2758	1.9805	605	606.13	968.52	
200302	51	634.5	588.5	404.6	588.5	221.2	1.25	4.58	0	1,010	48	0.31	5.5	19.6	0.4	0.0	17.13	69	1.2758	1.9805	605	606.44	968.28	
200866	51	635.0	586.8	404.0	586.8	221.2	1.25	4.58	0	1,001	48	0.00	5.5	19.6	0.4	0.0	17.27	69	1.2758	1.9805	605	606.65	968.28	
201587	51	635.6	584.8	403.1	584.8	221.5	1.44	4.58	0	989	47	0.31	5.5	19.6	0.4	0.0	17.20	69	1.2758	1.9805	605	606.93	967.66	
202168	51	636.0	583.2	402.3	583.2	221.5	1.44	4.58	0	977	46	0.00	5.5	19.6	0.4	0.0	17.44	69	1.2758	1.9805	605	607.14	967.34	
202747	52	636.5	580.8	401.1	580.5	221.5	1.44	4.58	0	975	46	0.00	5.5	19.6	0.4	0.0	17.60	69	1.2758	1.9805	605	607.35	966.80	
203292	52	636.9	579.2	400.5	578.8	221.8	0.69	4.58	0	1,191	46	0.00	5.5	19.6	0.4	0.0	14.44	69	1.2758	1.9805	605	607.63	966.33	
203876	52	637.3	576.8	399.5	576.8	222.2	1.06	4.58	0	1,133	45	0.56	5.5	19.6	0.4	0.0	17.60	69	1.2758	1.9805	605	607.84	968.36	
204454	52	637.7	574.8	399.1	574.8	222.5	0.88	4.58	0	1,150	44	0.56	5.5	19.6	0.4	0.0	18.19	69	1.2758	1.9805	605	608.03	969.92	
205011	52	638.1	573.5	398.1	573.2	222.2	1.06	4.58	0	1,133	44	0.56	5.5	19.6	0.4	0.0	18.30	69	1.2758	1.9805	605	608.24	970.16	
205539	52	638.4	571.8	397.1	571.5	222.5	0.88	4.58	0	1,123	43	0.56	5.5	19.6	0.4	0.0	18.12	69	1.2758	1.9805	605	608.43	970.55	
206073	52	638.8	570.2	396.3	569.8	222.5	1.06	4.58	0	1,106	43	0.56	5.5	19.6	0.4	0.0	18.28	69	1.2758	1.9805	605	608.64	970.78	
206645	52	639.1	568.2	395.3	567.8	222.5	1.06	4.58	0	1,091	42	0.56	5.5	19.6	0.4	0.0	18.26	69	1.2758	1.9805	605	608.85	970.31	
207171	52	639.4	566.8	394.6	566.2	223.2	1.44	4.58	0	1,085	42	0.56	5.5	19.6	0.4	0.0	31.52	69	1.2758	1.9805	605	609.04	964.14	
207700	53	639.7	564.5	394.0	564.8	223.2	2.12	4.58	0	1,212	42	1.94	5.5	19.6	0.4	0.0	49.50	69	1.2758	1.9805	605	609.25	969.06	
208273	53	639.9	562.8	393.2	562.8	223.2	2.44	4.58	0	1,191	43	4.06	5.5	19.6	0.4	0.0	59.62	69	1.2758	1.9805	605	609.53	988.91	
208846	53	640.1	561.5	392.5	561.5	223.5	2.12	4.58	0	1,158	44	4.62	5.5	19.6	0.4	0.0	58.43	69	1.2758	1.9805	605	609.83	991.48	
209325	53	640.1	560.5	392.0	560.5	223.5	1.56	4.58	0	1,137	45	3.25	5.5	19.6	0.4	0.0	29.13	69	1.2758	1.9805	610	610.14	993.83	
209990	52	640.1	560.2	391.8	559.8	223.5	1.75	4.58	0	1,258	45	1.12	5.5	19.6	0.4	0.0	35.70	69	1.2758	1.9805	610	610.54	983.28	
210540	52	639.9	559.5	391.1	559.2	223.8	1.94	4.58	0	1,192	45	2.44	5.5	19.6	0.4	0.0	47.53	69	1.2758	1.9805	610	610.94	994.22	
211141	52	639.6	558.8	391.1	558.8	223.8	1.94	4.58	0	1,210	46	2.44	5.5	19.6	0.4	0.0	44.27	69	1.2758	1.9805	610	611.43	1,001.48	
211651	52	639.1	558.5	391.1	558.8	223.8	1.75	4.58	0	1,243	47	2.44	5.5	19.6	0.4	0.0	45.40	69	1.2758	1.9805	610	611.85	1,003.91	
212263	52	638.6	558.8	391.3	558.8	223.8	2.12	4.58	0	1,274	47	3.50	5.5	19.6	0.4	0.0	52.43	69	1.2758	1.9805	610	612.25	1,015.62	
212775	52	637.9	559.5	391.7	559.5	224.2	2.12	4.58	0	1,278	48	3.50	5.5	19.6	0.4	0.0	51.94	69	1.2758	1.9805	610	612.74	1,023.36	
213307	52	637.1	559.8	392.1	559.8	224.5	2.12	4.58	0	1,293	49	3.81	5.5	19.6	0.4	0.0	51.80	69	1.2758	1.9805	610	613.14	1,029.61	
213819	52	636.2	560.2	392.5	560.5	224.2	2.12	4.58	0	1,297	50	3.81	5.5	19.6	0.4	0.0	51.61	69	1.2758	1.9805	610	613.54	1,037.89	
214379	51	635.3	560.8	392.6	560.8	224.2	1.75	4.58	0	1,038	50	1.62	5.5	19.6	0.4	0.0	21.98	69	1.2758	1.9805	610	614.03	996.56	
214928	51	634.5	561.5	393.0	561.8	224.5	0.88	4.58	0	1,053	50	0.56	5.5	19.6	0.4	0.0	13.36	69	1.2758	1.9805	610	614.24	975.00	
215460	51	633.9	562.5	393.5	562.8	224.8	1.25	4.58	0	1,017	48	0.31	5.5	19.6	0.4	0.0	12.75	69	1.2758	1.9805	610	614.55	965.94	
215978	51	633.2	562.8	393.6	562.8	224.8	1.75	4.58	0	1,057	45	0.31	5.5	19.6	0.4	0.0	13.15	69	1.2758	1.9805	610	614.85	962.58	
216494	51	632.7	563.2	394.1	563.5	224.5	1.06	4.58	0	1,105	42	0.31	5.5	19.6	0.4	0.0	12.66	69	1.2758	1.9805	615	615.13	963.44	
217019	51	632.1	563.8	394.1	563.5	225.2	1.56	4.58	0	1,010	39	0.31	5.5	19.6	0.4	0.0	12.91	69	1.2758	1.9805	615	615.34	961.48	
217586	51	631.5	563.5	394.5	563.8	224.8	1.56	4.58	0	1,056	36	0.00	5.5	19.6	0.4	0.0	13.99	69	1.2758	1.9805	615	615.65	961.33	
218184	51	631.0	563.5	394.3	563.5	225.2	1.06	4.58	0	989	33	0.31	5.5	19.6	0.4	0.0	12.66	69	1.2758	1.9805	615	615.93	960.94	
218710	51	630.6	563.5	394.5	563.5	225.2	1.56	4.58	0	1,037	31	0.00	5.5	19.6	0.4	0.0	12.09	69	1.2758	1.9805	615	616.14	960.31	
219277	51	630.1	563.2	394.1	562.8	225.2	1.25	4.58	0	986	29	0.31	5.5	19.6	0.4	0.0	12.16	69	1.2758	1.9805	615	616.35	959.77	
219849	51	629.5	562.2	394.0	562.2	225.5	1.75	4.58	0	1,154	28	0.31	5.5	19.6	0.4	0.0	11.06	69	1.2758	1.9805	615	616.54	959.69	
220419	52	629.1	561.5	393.5	561.5	225.5	0.69	4.58	0	1,255	27	0.56	5.5	19.6	0.4	0.0	17.58	69	1.2758	1.9805	615	616.75	963.91	
220966	52	628.7	560.8	393.3	561.2	225.8	0.56	4.58	0	1,321	26	0.81	5.5	19.6	0.4	0.0	20.34	69	1.2758	1.9805	615	616.94	968.91	
221493	52	628.4	559.8	392.6	559.5	225.5	1.06	4.58	0	1,288	26	0.81	5.5	19.6	0.4	0.0	24.19	69	1.2758	1.9805	615	617.15	961.88	
222048	52	628.0	558.8	392.5	558.8	225.5	1.94	4.58	0	1,353	26	1.62	5.5	19.6	0.4	0.0	39.61	69	1.2758	1.9805	615	617.24	965.78	
222598	52	627.4	558.2	392.0	558.2	226.2	2.25	4.58	0	1,386	28	3.81	5.5	19.6	0.4	0.0	53.23	69	1.2758	1.9805	615	617.43	990.70	
223179	52	626.6	556.8	391.8	557.2	225.8	2.44	4.58	0	1,495	29	4.88	5.5	19.6	0.4	0.0	53.32	69	1.2758	1.9805	615	617.64	1,028.52	
223707	52	625.6	556.5	391.6	556.5	226.2	2.62	4.58	0	1,534	31	4.88	5.5	19.6	0.4	0.0	51.14	69	1.2758	1.9805	615	617.73	1,047.58	
224245	52	624.3	556.2	391.3	556.5	226.5	2.62	4.58	0	1,623	32	4.62	5.5	19.6	0.4	0.0	48.14	69	1.2758	1.9805	615	617.85	1,054.14	
224783	52	622.9	556.2	391.5	556.2	226.8	3.00	4.58	0	1,678	34	4.62	5.5	19.6	0.4	0.0	48.28	69	1.2758	1.9805	615	617.85	1,058.83	
225334	52	621.4	556.8	391.6	556.8	226.8	3.50	4.58	0	1,780	35	5.44	5.5	19.6	0.4	0.0	49.64	69	1.2758	1.9805	615	617.85	1,071.64	
225865	51	619.7	557.5	391.6	557.8	226.5	2.12	4.58	0	1,376	36	4.88	5.5	19.6	0.4	0.0	54.82	69	1.2758	1.9805	615	617.73	1,066.41	
226432	51	618.0	558.5	392.5	558.5	226.8	2.25	4.58	0	1,331	36	4.62	5.5	19.6	0.4	0.0	54.94	69	1.2758	1.9805	615	617.73	1,067.89	
226961	51	616.6	559.2	393.3	559.5	227.2	1.25	4.58	0	1,247	37	1.94	5.5	19.6	0.4	0.0	21.98	69	1.2758	1.9805	615	617.64	1,005.39	
227577	51	615.3	560.2	393.7	560.5	227.5	1.06	4.58	0	1,258	37	0.81	5.5	19.6	0.4	0.0	14.53	69	1.2758	1.9805	615	617.55	975.86	
228076	51	614.2	561.5	394.2	561.8	227.5	1.56	4.58	0	1,226	37	0.31	5.5	19.6	0.4	0.0	13.97	69	1.2758	1.9805	615	617.43	968.36	
228613	51	613.2	562.5	394.8	562.5	227.8	0.69	4.58	0	1,216	36	0.56	5.5	19.6	0.4	0.0	17.44	69	1.2758	1.9805	615	617.43	966.95	
229166	51	612.4	562.8	395.3	563.2	227.5	0.69	4.58	0	1,214	35	0.56	5.5	19.6	0.4	0.0	17.02	69	1.2758	1.9805	615	617.33	971.33	
229738	51	611.6	563.2	395.5	563.2	227.8	0.88	4.58	0	1,184	35	0.56	5.5	19.6	0.4	0.0	17.46	69	1.2758	1.9805	615	617.33	972.42	
230299	51	611.0	563.5	395.6	563.5	227.8	0.88	4.58	0	1,167	34	0.56	5.5	19.6	0.4	0.0	17.46	69	1.2758	1.9805	615	617.24	971.88	
230814	51	610.4	563.2	395.5	563.5	227.8	1.06	4.58	0	1,137	34	0.56	5.5	19.6	0.4	0.0	17.46	69	1.2758	1.9805	615	617.24	971.88	
231391	51	610.0	563.2	395.8	563.2	228.2	0.88	4.58	0	1,120	33	0.56	5.5	19.6	0.4	0.0	17.53	69	1.2758	1.9805	615	617.15	971.56	
231966	51	609.6	562.8	395.6	562.5	228.2	1.06	4.58	0	1,102	32	0.56	5.5	19.6	0.4	0.0	17.20	69	1.2758	1.9805	615	617.15	971.17	
232492	52	609.2	561.8	395.0	561.8	228.2	1.06	4.58	0	1,070	31	0.31	5.5	19.6	0.4	0.0	17.79	69	1.2758	1.9805	615	617.03	970.47	
233064	52	608.9	561.2	394.8	560.8	228.8	1.06	4.58	0	1,048	30	0.31	5.5	19.6	0.4	0.0	17.37	69	1.2758	1.9805	615	617.03	970.23	
233602	52	608.7	560.2	394.5	560.2	228.5	1.25	4.58	0	1,041	29	0.31	5.5	19.6	0.4	0.0	16.55	69	1.2758	1.9805	615	616.94	969.22	
234164	52	608.4	559.2	394.1	558.8	228.8	0.88	4.58	0	1,151	28	0.56	5.5	19.6	0.4	0.0	13.20	69	1.2758	1.9805	615	616.84	969.77	
234707	52	608.2	558.5	393.6	558.2	228.8	2.12	4.58	0	1,425	29	1.62	5.5	19.6	0.4	0.0	39.47	69	1.2758	1.9805	615	616.84	960.23	
235230	52	607.8	557.2	393.0	557.5	228.8	2.62	4.58	0	1,475	29	5.44	5.5	19.6	0.4	0.0	60.75	69	1.2758	1.9805	615	616.63	992.97	
235886	52	607.0	556.8	392.8	556.5	228.8	3.31	4.58	0	1,582	31	7.31	5.5	19.6	0.4	0.0	67.24	69	1.2758	1.9805	615	616.44	1,097.58	
236385	52	606.1	555.8	392.7	555.8	228.8	4.69	4.58	0	1,653	33	10.00	5.5	19.6	0.4	0.0	94.36	69	1.2758	1.9805	615	616.05	1,268.05	
236971	52	605.0	555.5	392.1	555.8	229.2	10.94	4.58	0	1,800	37	25.69	5.5	19.2	0.4	0.0	120.45	69	1.2758	1.9625	615	615.53	1,502.97	
237566	52	603.6	556.2	392.3	555.8	229.2	12.00	4.58	0	1,933	40	26.75	5.5	19.2	0.4	0.0	113.53	69	1.2758	1.9719	610	614.73	1,508.36	
238089	51	602.9	557.2	393.1	557.2	229.5	12.19	4.58	0	2,143	44	31.31	5.5	19.6	0.4	0.0	109.73	69	1.2758	1.9625	610	613.63	1,493.91	
238620	51	602.5	558.8	394.0	558.8	229.8	13.56	4.58	0	2,358	47	37.56	5.5	19.2	0.4	0.0	109.43	69	1.2758	1.9719	610	612.74	1,420.94	
239171	51	602.7	560.8	395.3	561.2	229.8	11.12	4.58	0	2,499	51	30.81	5.5	19.2	0.4	0.0	89.11	69	1.2758	1.9719	610	611.55	1,258.91	
239717	50	603.6	563.5	396.8	563.8	230.5	10.62	4.58	0	2,611	53	29.19	5.5	19.6	0.4	0.0	85.71	69	1.2758	1.9813	610	610.75	1,276.33	
240240	50	605.5	567.2	398.5	567.5	230.5	6.44	4.58	0	1,879	54	9.19	5.5	19.6	0.4	0.0	55.83	69	1.2758	1.9906	610	610.05	1,042.03	
240805	49	607.4	571.5	400.6	571.8	230.8	2.25	4.58	0	1,793	55	1.62	5.5	19.6	0.4	0.0	22.64	69	1.2758	1.9906	605	609.53	989.92	
241331	49	608.8	574.8	403.0	575.2	231.2	1.25	4.58	0	1,323	54	0.56	5.5	19.6	0.4	0.0	15.12	69	1.2758	1.9813	605	609.13	974.14	
241921	49	610.2	578.8	404.8	579.5	231.2	0.56	4.58	0	1,379	54	0.81	5.5	19.6	0.4	0.0	17.04	69	1.2758	1.9906	605	608.85	970.39	
242505	49	611.3	582.5	406.8	582.5	231.5	0.56	4.58	0	1,320	54	0.81	5.5	19.6	0.4	0.0	17.13	69	1.2758	1.9906	605	608.55	968.44	
242993	50	612.3	584.8	408.3	584.8	231.5	1.06	4.58	0	1,139	53	0.56	5.5	19.6	0.4	0.0	16.41	69	1.2758	1.9813	605	608.24	972.50	
243569	50	613.3	586.8	409.1	587.2	231.5	1.06	4.58	0	1,120	53	0.56	5.5	19.6	0.4	0.0	14.65	69	1.2758	1.9906	605	608.03	966.25	
244143	50	614.4	588.5	410.5	588.8	232.2	2.12	4.58	0	1,198	53	2.44	5.5	19.6	0.4	0.0	55.41	69	1.2758	1.9906	605	607.75	970.16	
244826	51	615.7	589.5	410.7	589.5	232.5	2.44	4.58	0	1,203	54	5.44	5.5	19.6	0.4	0.0	69.80	69	1.2758	1.9906	605	607.54	1,036.95	
245385	51	617.0	590.8	411.5	590.8	232.5	2.12	4.58	0	1,187	55	5.69	5.5	19.6	0.4	0.0	58.17	69	1.2758	1.9906	605	607.35	1,033.44	
245912	51	618.3	591.5	412.0	591.8	232.8	1.25	4.58	0	1,160	55	1.62	5.5	19.6	0.4	0.0	21.40	69	1.2758	1.9906	605	607.35	994.22	
246504	50	619.3	592.5	412.6	592.5	233.2	1.94	4.58	0	1,215	55	1.62	5.5	20.0	0.4	0.0	53.72	69	1.2758	2.0086	605	607.23	987.27	
247037	50	620.2	593.2	413.2	593.5	233.5	2.25	4.58	0	1,269	56	4.88	5.5	20.0	0.4	0.0	70.03	69	1.2758	2.0086	605	607.35	1,028.98	
247599	51	621.2	594.5	414.0	594.5	233.5	2.81	4.58	0	1,257	57	6.50	5.5	20.0	0.4	0.0	75.19	69	1.2758	2.0086	605	607.44	1,096.56	
248136	51	622.5	595.5	414.3	595.2	233.5	2.62	4.58	0	1,240	58	8.12	5.5	20.0	0.4	0.0	62.48	69	1.2758	2.0086	605	607.54	1,060.70	
248694	50	623.7	596.2	415.2	595.8	233.8	1.06	4.58	0	1,230	58	1.62	5.5	20.0	0.4	0.0	19.83	69	1.2758	2.0086	605	607.75	1,001.88	
249252	50	624.5	597.2	415.3	597.5	234.5	1.06	4.58	0	1,199	58	0.56	5.5	20.0	0.4	0.0	12.33	69	1.2758	2.0086	605	607.84	975.86	
249787	50	625.2	597.8	416.1	598.2	234.2	1.75	4.58	0	1,216	58	0.31	5.5	20.0	0.4	0.0	16.15	69	1.2758	2.0086	605	608.03	969.92	
250328	50	625.9	599.2	416.6	599.2	234.8	1.44	4.58	0	1,230	58	0.81	5.5	20.0	0.4	0.0	33.02	69	1.2758	2.0086	605	608.24	961.80	
250842	50	626.4	599.2	416.8	599.5	234.2	2.25	4.58	0	1,323	58	3.50	5.5	20.0	0.4	0.0	58.45	69	1.2758	2.0086	605	608.43	988.12	
251355	51	627.0	599.8	417.1	599.8	234.8	2.44	4.58	0	1,296	59	5.94	5.5	20.0	0.4	0.0	68.86	69	1.2758	2.0086	605	608.73	1,036.95	
251901	51	627.6	600.2	417.7	600.2	235.2	2.81	4.58	0	1,281	60	7.06	5.5	20.0	0.4	0.0	76.05	69	1.2758	2.0086	605	609.13	1,104.45	
252423	51	628.5	600.2	417.5	600.2	235.5	3.31	4.58	0	1,304	60	8.38	5.5	20.0	0.4	0.0	80.58	69	1.2758	2.0086	605	609.44	1,159.77	
252879	51	629.2	600.8	418.0	601.2	235.2	3.69	4.58	0	1,354	61	9.50	5.5	20.0	0.4	0.0	91.27	69	1.2758	2.0086	605	609.83	1,206.48	
253566	50	630.5	601.2	418.5	601.5	235.5	4.69	4.58	0	1,349	62	14.88	5.5	20.0	0.4	0.0	107.51	69	1.2758	2.0086	610	610.35	1,396.48	
254129	50	631.8	602.5	419.0	602.5	236.2	9.25	4.58	0	1,672	64	22.19	5.5	20.0	0.4	0.0	116.86	69	1.2758	2.0086	610	610.94	1,532.97	
254664	50	634.0	604.2	419.5	604.2	236.2	9.38	4.58	0	1,691	65	23.75	5.5	20.0	0.4	0.0	111.66	69	1.2758	2.0086	610	611.55	1,391.56	
255192	50	636.0	604.8	420.3	605.2	236.2	6.62	4.58	0	1,718	66	16.50	5.5	19.6	0.4	0.0	64.99	69	1.2758	2.0000	610	612.34	1,052.03	
255715	49	638.3	606.5	421.6	606.8	236.5	3.31	4.58	0	1,802	67	5.94	5.5	19.6	0.4	0.0	33.47	69	1.2758	2.0000	610	613.05	1,052.66	
256284	49	639.9	608.8	422.7	608.8	236.8	1.44	4.58	0	1,321	67	1.38	5.5	20.0	0.4	0.0	13.85	69	1.2758	2.0180	610	613.63	995.31	
256813	48	641.1	611.2	423.6	611.2	237.2	1.25	4.58	0	1,379	66	0.56	5.5	20.0	0.4	0.0	16.66	69	1.2758	2.0086	610	614.15	976.48	
257340	49	642.3	612.5	424.7	612.8	237.2	0.56	4.58	0	1,364	65	0.81	5.5	20.0	0.4	0.0	16.43	69	1.2758	2.0086	610	614.55	978.36	
257894	49	643.4	613.8	425.5	614.5	237.2	0.56	4.58	0	1,352	64	0.81	5.5	20.0	0.4	0.0	16.90	69	1.2758	2.0086	615	615.04	977.19	
258481	49	644.6	615.2	426.0	614.5	237.5	0.69	4.58	0	1,328	63	0.81	5.5	20.0	0.4	0.0	17.09	69	1.2758	2.0086	615	615.65	977.19	
259006	49	645.5	615.5	426.6	615.5	237.5	0.56	4.58	0	1,308	63	0.81	5.5	20.0	0.4	0.0	17.25	69	1.2758	2.0086	615	616.05	976.56	
259570	50	646.6	615.8	426.8	615.8	238.2	0.69	4.58	0	1,296	62	0.56	5.5	20.0	0.4	0.0	17.18	69	1.2758	2.0086	615	616.54	976.56	
260103	50	647.5	615.5	426.8	615.2	238.2	0.69	4.58	0	1,260	60	0.81	5.5	20.0	0.4	0.0	17.13	69	1.2758	2.0086	615	616.94	975.47	
260622	50	648.4	615.2	426.7	615.2	238.2	0.88	4.58	0	1,199	57	0.56	5.5	20.0	0.4	0.0	17.30	69	1.2758	2.0086	615	617.33	975.39	
261133	50	649.1	614.5	426.6	614.2	238.5	1.06	4.58	0	1,159	55	0.56	5.5	20.0	0.4	0.0	16.92	69	1.2758	2.0086	615	617.73	974.14	
261813	50	650.0	613.5	426.0	613.5	238.5	1.06	4.58	0	1,138	54	0.56	5.5	20.0	0.4	0.0	17.30	69	1.2758	2.0086	615	618.25	972.58	
262383	50	650.8	612.2	425.6	612.5	238.5	1.06	4.58	0	1,110	53	0.31	5.5	19.6	0.4	0.0	16.90	69	1.2758	2.0000	615	618.83	964.22	
262955	51	651.6	610.5	425.0	610.5	238.5	2.44	4.58	0	1,162	53	2.75	5.5	19.6	0.4	0.0	64.17	69	1.2758	2.0000	615	619.35	979.22	
263468	51	652.6	609.5	424.5	609.8	239.5	2.81	4.58	0	1,211	53	5.44	5.5	19.6	0.4	0.0	71.44	69	1.2758	2.0086	620	619.94	1,041.25	
263981	51	653.4	608.8	423.8	608.5	239.5	3.12	4.58	0	1,405	54	8.38	5.5	20.0	0.4	0.0	75.09	69	1.2758	2.0086	620	620.73	1,119.84	
264507	51	654.3	607.5	423.5	607.5	239.8	3.69	4.58	0	1,396	54	9.75	5.5	19.6	0.4	0.0	81.84	69	1.2758	2.0000	620	621.44	1,187.19	
265030	51	655.4	606.8	423.3	607.5	239.8	4.00	4.58	0	1,444	55	11.38	5.5	19.6	0.4	0.0	84.56	69	1.2758	2.0000	620	622.14	1,218.83	
265611	51	656.8	606.8	423.1	606.5	240.5	4.00	4.58	0	1,448	56	11.88	5.5	19.6	0.4	0.0	81.87	69	1.2758	2.0000	620	623.03	1,208.12	
266121	50	657.9	607.2	423.5	607.2	240.2	4.38	4.58	0	1,528	57	11.88	5.5	19.6	0.4	0.0	79.99	69	1.2758	2.0000	620	623.94	1,188.67	
266637	50	659.2	607.5	423.7	607.2	240.5	4.00	4.58	0	1,510	57	11.38	5.5	19.6	0.4	0.0	77.32	69	1.2758	2.0000	620	624.74	1,173.59	
267216	50	660.6	608.2	424.3	608.5	240.2	4.19	4.58	0	1,539	58	11.38	5.5	19.6	0.4	0.0	76.12	69	1.2758	2.0000	625	625.84	1,140.00	
267802	49	662.1	608.8	424.5	609.5	240.5	2.62	4.58	0	1,532	59	6.50	5.5	19.6	0.4	0.0	46.45	69	1.2758	2.0000	625	626.85	1,073.20	
268347	49	663.1	610.5	425.6	610.5	240.8	1.06	4.58	0	1,483	59	1.12	5.5	19.6	0.4	0.0	19.41	69	1.2758	2.0000	625	627.44	1,004.14	
268854	49	663.7	611.8	426.0	612.2	240.8	0.88	4.58	0	1,219	58	0.56	5.5	19.6	0.4	0.0	12.52	69	1.2758	1.9906	625	628.05	978.12	
269376	49	664.2	612.8	427.0	613.2	241.5	0.56	4.58	0	1,168	57	0.00	5.5	19.6	0.4	0.0	15.45	69	1.2758	1.9906	625	628.75	969.61	
269960	49	664.7	614.5	427.8	614.5	241.2	0.88	4.58	0	1,189	56	0.56	5.5	19.6	0.4	0.0	17.04	69	1.2758	1.9906	625	629.33	967.19	
270576	49	665.1	615.2	428.2	614.8	241.8	0.88	4.58	0	1,168	56	0.31	5.5	19.6	0.4	0.0	16.27	69	1.2758	1.9906	630	630.04	971.41	
271096	49	665.5	615.5	428.5	615.8	241.8	1.06	4.58	0	1,147	55	0.31	5.5	19.6	0.4	0.0	17.09	69	1.2758	1.9906	630	630.53	971.25	
271695	49	665.9	615.8	428.6	615.8	241.8	1.06	4.58	0	1,127	54	0.31	5.5	19.6	0.4	0.0	16.99	69	1.2758	1.9906	630	631.23	971.09	
272285	50	666.3	615.5	429.0	615.5	241.8	1.06	4.58	0	1,108	53	0.31	5.5	19.6	0.4	0.0	17.04	69	1.2758	1.9906	630	631.84	970.78	
272808	50	666.6	614.8	428.5	614.8	242.5	1.06	4.58	0	1,092	52	0.31	5.5	19.6	0.4	0.0	17.06	69	1.2758	1.9906	630	632.33	970.47	
273374	50	666.9	614.2	428.3	614.2	242.5	1.06	4.58	0	1,071	51	0.31	5.5	19.6	0.4	0.0	17.09	69	1.2758	1.9906	630	632.85	970.31	
273917	50	667.1	613.2	428.0	613.5	242.2	1.06	4.58	0	1,060	50	0.31	5.5	19.6	0.4	0.0	16.97	69	1.2758	1.9906	630	633.34	969.45	
274492	50	667.4	612.2	427.3	612.2	242.5	1.25	4.58	0	1,042	50	0.56	5.5	19.6	0.4	0.0	17.09	69	1.2758	1.9906	630	633.83	969.22	
275026	51	667.6	611.2	426.8	610.8	242.5	1.25	4.58	0	1,021	49	0.31	5.5	19.6	0.4	0.0	16.78	69	1.2758	1.9906	630	634.23	968.98	
275561	51	667.8	609.8	426.3	609.8	242.5	1.25	4.58	0	1,010	48	0.31	5.5	19.6	0.4	0.0	17.09	69	1.2758	1.9906	630	634.63	968.59	
276121	51	668.0	608.5	425.6	608.5	242.8	1.25	4.58	0	993	47	0.56	5.5	19.6	0.4	0.0	17.06	69	1.2758	1.9906	635	635.15	967.66	
276658	51	668.1	606.8	425.1	607.2	243.2	1.44	4.58	0	972	46	0.31	5.5	19.6	0.4	0.0	16.92	69	1.2758	1.9906	635	635.43	967.27	
277179	51	668.2	605.8	424.7	605.8	243.2	1.44	4.58	0	960	45	0.31	5.5	19.6	0.4	0.0	13.92	69	1.2758	1.9906	635	635.94	966.64	
277745	51	668.3	604.5	423.6	604.5	243.2	0.88	4.58	0	1,147	45	0.31	5.5	19.6	0.4	0.0	16.43	69	1.2758	1.9906	635	636.25	966.64	
278315	51	668.5	602.5	423.0	602.5	243.2	1.06	4.58	0	1,115	44	0.56	5.5	19.6	0.4	0.0	18.49	69	1.2758	1.9906	635	636.65	968.05	
278838	51	668.5	601.2	422.5	601.2	243.5	1.94	4.58	0	1,154	43	1.12	5.5	19.6	0.4	0.0	46.05	69	1.2758	1.9906	635	636.93	959.84	
279489	52	668.5	599.8	421.7	599.5	243.2	3.00	4.58	0	1,230	44	4.88	5.5	19.6	0.4	0.0	71.81	69	1.2758	1.9906	635	637.54	1,019.22	
279997	52	668.4	598.5	421.0	598.2	243.5	3.00	4.58	0	1,190	44	6.25	5.5	19.6	0.4	0.0	75.84	69	1.2758	1.9906	635	638.03	1,079.69	
280504	52	668.1	597.5	420.3	597.2	243.5	3.00	4.58	0	1,199	45	7.06	5.5	19.6	0.4	0.0	77.93	69	1.2758	1.9906	635	638.43	1,120.94	
281074	51	667.7	596.5	420.1	596.5	244.2	1.75	4.58	0	1,155	46	5.12	5.5	19.6	0.4	0.0	36.09	69	1.2758	1.9906	635	638.85	1,050.94	
281624	51	667.4	596.5	420.3	596.2	244.2	1.25	4.58	0	1,163	45	0.81	5.5	19.6	0.4	0.0	17.72	69	1.2758	1.9906	635	639.34	989.61	
282183	51	667.0	596.5	420.2	596.8	244.5	-0.25	4.58	0	1,137	45	0.00	5.5	19.6	0.4	0.0	12.42	69	1.2758	1.9906	635	639.65	971.56	
282778	50	666.7	596.5	420.6	596.5	244.5	0.56	4.58	0	1,144	43	0.56	5.5	19.6	0.4	0.0	23.58	69	1.2758	1.9906	640	640.05	961.17	
283333	51	666.3	597.2	420.6	596.8	244.5	1.94	4.58	0	1,166	44	1.62	5.5	19.6	0.4	0.0	45.28	69	1.2758	1.9906	640	640.44	968.12	
283851	51	665.7	596.5	420.8	596.5	244.8	2.12	4.58	0	1,182	44	3.25	5.5	19.6	0.4	0.0	57.91	69	1.2758	1.9906	640	640.84	991.25	
284470	51	664.9	596.8	420.6	596.8	245.2	2.25	4.58	0	1,177	45	4.62	5.5	19.6	0.4	0.0	62.39	69	1.2758	1.9906	640	641.24	1,010.31	
285000	51	664.2	596.8	420.8	596.8	245.2	2.25	4.58	0	1,223	46	5.12	5.5	19.6	0.4	0.0	59.91	69	1.2758	1.9906	640	641.73	1,012.34	
285520	51	663.5	597.2	421.3	597.2	245.2	2.12	4.58	0	1,225	46	5.44	5.5	19.6	0.4	0.0	58.31	69	1.2758	1.9906	640	642.04	1,009.61	
286052	51	662.8	597.5	421.6	597.5	245.5	1.94	4.58	0	1,231	47	3.81	5.5	19.6	0.4	0.0	44.18	69	1.2758	1.9906	640	642.44	1,029.92	
286595	51	662.1	598.5	422.0	598.8	245.5	-0.06	4.58	0	1,182	47	1.62	5.5	19.6	0.4	0.0	20.20	69	1.2758	1.9906	640	642.74	990.08	
287213	50	661.3	599.8	422.5	599.5	246.2	1.94	4.58	0	1,255	47	1.12	5.5	19.6	0.4	0.0	43.24	69	1.2758	1.9906	640	643.05	970.47	
287889	51	660.4	600.5	423.0	600.2	245.8	2.62	4.58	0	1,329	48	5.94	5.5	19.6	0.4	0.0	69.38	69	1.2758	1.9906	640	643.44	1,029.22	
288404	51	659.5	601.2	423.5	600.8	246.5	2.81	4.58	0	1,290	49	7.31	5.5	19.6	0.4	0.0	86.27	69	1.2758	1.9906	640	643.84	1,114.92	
288987	51	658.5	602.2	424.3	602.5	246.5	2.81	4.58	0	1,307	50	8.69	5.5	19.6	0.4	0.0	64.71	69	1.2758	1.9906	640	644.03	1,159.38	
289515	51	657.5	603.5	424.8	603.8	246.5	2.12	4.58	0	1,427	51	5.12	5.5	19.6	0.4	0.0	50.79	69	1.2758	1.9906	640	644.24	1,109.06	
290024	50	656.5	604.8	425.8	604.5	246.5	2.44	4.58	0	1,369	51	4.62	5.5	19.6	0.4	0.0	66.70	69	1.2758	1.9906	640	644.43	1,050.86	
290554	50	655.6	605.8	426.3	606.5	247.2	1.94	4.58	0	1,227	52	7.31	5.5	19.6	0.4	0.0	63.61	69	1.2758	1.9906	640	644.64	1,022.50	
291096	50	654.8	607.8	427.1	607.8	246.8	1.44	4.58	0	1,097	53	2.75	5.5	19.6	0.4	0.0	25.83	69	1.2758	1.9906	640	644.73	1,003.98	
291634	50	654.1	609.5	428.3	609.8	247.2	1.44	4.58	0	1,088	53	0.56	5.5	19.6	0.4	0.0	15.28	69	1.2758	1.9906	640	644.85	976.88	
292200	50	653.5	611.5	429.5	611.2	247.5	2.12	4.58	0	1,110	53	0.31	5.5	19.6	0.4	0.0	13.69	69	1.2758	1.9906	645	644.94	967.11	
292731	50	653.0	612.8	430.0	612.8	247.8	1.06	4.58	0	1,102	53	0.31	5.5	19.6	0.4	0.0	16.78	69	1.2758	1.9906	645	645.04	965.00	
293245	50	652.6	613.8	430.6	614.2	247.8	1.06	4.58	0	1,106	52	0.31	5.5	19.6	0.4	0.0	18.42	69	1.2758	1.9906	645	645.25	967.03	
293761	50	652.2	614.2	431.1	614.5	248.2	2.12	4.58	0	1,126	53	1.12	5.5	19.6	0.4	0.0	50.98	69	1.2758	1.9906	645	645.34	961.48	
294316	51	651.5	615.2	431.7	615.2	247.8	3.00	4.58	0	1,251	54	5.44	5.5	19.6	0.4	0.0	70.03	69	1.2758	1.9906	645	645.44	1,016.41	
294847	51	650.9	615.5	431.7	615.5	248.2	2.81	4.58	0	1,166	55	5.69	5.5	19.6	0.4	0.0	75.63	69	1.2758	1.9906	645	645.53	1,076.80	
295359	51	650.3	615.8	432.0	615.2	248.5	3.00	4.58	0	1,247	56	7.06	5.5	19.6	0.4	0.0	78.38	69	1.2758	1.9906	645	645.53	1,123.36	
295917	51	649.7	615.8	432.3	616.2	248.2	2.81	4.58	0	1,238	57	8.69	5.5	19.6	0.4	0.0	67.57	69	1.2758	1.9906	645	645.53	1,120.55	
296550	50	649.3	617.2	432.5	617.2	248.8	2.12	4.58	0	1,254	58	4.06	5.5	19.6	0.4	0.0	48.35	69	1.2758	1.9906	645	645.44	1,069.77	
297104	50	648.9	618.2	433.5	618.2	248.8	1.75	4.58	0	1,242	59	1.62	5.5	19.6	0.4	0.0	26.20	69	1.2758	1.9906	645	645.44	1,008.67	
297660	50	648.3	619.5	434.1	619.5	249.5	1.94	4.58	0	1,258	59	0.81	5.5	19.6	0.4	0.0	13.27	69	1.2758	1.9906	645	645.44	978.36	
298186	50	647.9	620.5	434.8	620.8	249.5	1.44	4.58	0	1,220	59	0.56	5.5	19.6	0.4	0.0	11.46	69	1.2758	1.9906	645	645.44	967.58	
298749	50	647.5	622.2	435.6	622.2	249.5	0.69	4.58	0	1,226	59	0.56	5.5	19.6	0.4	0.0	16.92	69	1.2758	1.9906	645	645.44	966.56	
299286	50	647.2	622.8	436.3	623.2	249.5	0.69	4.58	0	1,229	59	0.56	5.5	19.6	0.4	0.0	17.27	69	1.2758	1.9906	645	645.44	966.17	
299804	50	646.9	623.2	436.5	623.5	249.8	0.69	4.58	0	1,225	58	0.56	5.5	19.6	0.4	0.0	17.25	69	1.2758	1.9906	645	645.44	971.17	
300385	50	646.7	623.5	436.8	623.5	250.2	0.69	4.58	0	1,219	58	0.56	5.5	19.6	0.4	0.0	17.44	69	1.2758	1.9906	645	645.44	972.19	
300955	50	646.5	623.8	436.6	624.2	250.2	0.88	4.58	0	1,213	58	0.56	5.5	19.6	0.4	0.0	17.44	69	1.2758	1.9906	645	645.53	972.58	
301551	51	646.3	623.2	436.8	623.2	250.2	0.69	4.58	0	1,212	58	0.56	5.5	19.6	0.4	0.0	17.55	69	1.2758	1.9906	645	645.53	973.28	
302071	51	646.1	622.2	436.5	622.5	250.5	0.69	4.58	0	1,207	58	0.56	5.5	19.6	0.4	0.0	17.55	69	1.2758	1.9906	645	645.53	973.05	
302640	51	646.0	621.8	436.0	621.8	250.2	0.69	4.58	0	1,203	58	0.56	5.5	19.6	0.4	0.0	17.62	69	1.2758	1.9906	645	645.53	973.12	
303201	51	645.9	620.8	435.6	620.5	250.5	0.69	4.58	0	1,201	57	0.56	5.5	19.6	0.4	0.0	17.79	69	1.2758	1.9906	645	645.53	972.97	
303738	51	645.8	619.5	435.1	619.5	250.5	0.88	4.58	0	1,199	57	0.56	5.5	19.6	0.4	0.0	17.53	69	1.2758	1.9906	645	645.53	972.73	
304306	51	645.7	618.8	434.8	618.5	251.2	0.88	4.58	0	1,194	57	0.56	5.5	19.6	0.4	0.0	17.70	69	1.2758	1.9906	645	645.53	972.97	
304834	52	645.6	617.5	434.3	616.8	250.5	0.88	4.58	0	1,191	57	0.56	5.5	19.6	0.4	0.0	17.98	69	1.2758	1.9906	645	645.53	973.12	
305502	52	645.5	616.2	433.5	616.2	250.8	0.88	4.58	0	1,186	57	0.56	5.5	19.6	0.4	0.0	17.95	69	1.2758	1.9906	645	645.53	973.05	
306085	52	645.4	614.5	432.8	614.5	251.2	0.88	4.58	0	1,184	57	0.56	5.5	19.6	0.4	0.0	17.93	69	1.2758	1.9906	645	645.53	972.42	
306607	52	645.3	613.2	432.5	613.2	251.2	0.88	4.58	0	1,184	57	0.56	5.5	19.6	0.4	0.0	18.12	69	1.2758	1.9906	645	645.53	972.50	
307102	52	645.3	612.5	431.7	612.2	251.5	0.88	4.58	0	1,182	56	0.56	5.5	19.6	0.4	0.0	18.16	69	1.2758	1.9906	645	645.53	972.50	
308147	52	645.2	610.8	431.2	610.5	251.5	0.88	4.58	0	1,170	56	0.56	5.5	19.6	0.4	0.0	13.20	69	1.2758	1.9906	645	645.53	970.23	
308716	52	644.9	608.2	430.0	608.5	251.8	2.25	4.58	0	1,221	56	1.94	5.5	19.6	0.4	0.0	57.12	69	1.2758	1.9906	645	645.44	968.75	
309309	53	644.5	607.2	429.3	606.5	251.8	2.81	4.58	0	1,294	57	6.50	5.5	19.6	0.4	0.0	69.89	69	1.2758	1.9906	645	645.34	1,037.97	
309827	53	643.9	605.2	428.5	605.5	251.5	2.12	4.58	0	1,222	58	4.62	5.5	19.6	0.4	0.0	30.87	69	1.2758	1.9906	645	645.25	1,021.48	
310453	52	643.2	604.8	428.5	604.5	252.5	0.88	4.58	0	1,182	58	0.56	5.5	19.6	0.4	0.0	14.93	69	1.2758	1.9906	645	645.13	979.92	
310980	52	642.5	604.5	428.1	604.5	252.2	1.06	4.58	0	1,208	58	0.31	5.5	19.6	0.4	0.0	14.02	69	1.2758	1.9906	645	645.04	969.06	
311514	52	642.0	604.2	428.0	604.8	251.8	0.69	4.58	0	1,209	57	0.56	5.5	19.6	0.4	0.0	17.95	69	1.2758	1.9906	645	644.94	967.34	
312044	52	641.6	603.8	428.5	604.2	252.2	0.88	4.58	0	1,202	57	0.56	5.5	19.6	0.4	0.0	18.14	69	1.2758	1.9906	640	644.85	972.03	
312614	52	641.2	603.5	427.6	603.8	252.2	0.88	4.58	0	1,190	57	0.56	5.5	19.6	0.4	0.0	13.64	69	1.2758	1.9906	640	644.73	970.62	
313148	52	640.9	603.2	427.8	603.2	252.2	2.44	4.58	0	1,215	57	1.94	5.5	19.6	0.4	0.0	49.36	69	1.2758	1.9906	640	644.64	968.59	
313726	53	640.2	602.8	427.3	602.8	252.5	2.62	4.58	0	1,294	57	5.44	5.5	19.6	0.4	0.0	64.50	69	1.2758	1.9906	640	644.43	1,015.23	
314277	53	639.3	602.2	427.3	602.2	252.8	1.75	4.58	0	1,225	58	3.25	5.5	19.6	0.4	0.0	46.05	69	1.2758	1.9906	640	644.24	1,018.52	
314902	52	638.4	601.5	427.1	602.2	252.5	2.25	4.58	0	1,280	58	4.88	5.5	19.6	0.4	0.0	64.50	69	1.2758	1.9906	640	643.94	1,014.45	
315454	52	637.3	602.2	427.3	602.2	252.5	2.81	4.58	0	1,258	59	6.25	5.5	19.6	0.4	0.0	71.37	69	1.2758	1.9906	640	643.75	1,065.70	
315981	52	636.1	602.5	427.5	602.5	252.8	3.69	4.58	0	1,285	60	10.25	5.5	19.6	0.4	0.0	92.84	69	1.2758	1.9906	640	643.35	1,196.09	
316533	52	635.1	603.8	428.1	603.5	253.2	5.56	4.58	0	1,436	61	16.75	5.5	19.6	0.4	0.0	100.64	69	1.2758	1.9906	640	642.83	1,363.05	
317055	52	634.3	604.8	428.8	604.8	252.5	7.81	4.58	0	1,641	62	21.88	5.5	19.6	0.4	0.0	114.54	69	1.2758	1.9906	640	642.34	1,528.67	
317589	52	633.8	606.5	429.3	606.5	252.8	9.75	4.58	0	1,666	64	26.19	5.5	19.6	0.4	0.0	123.70	69	1.2758	1.9906	640	641.55	1,652.50	
318110	51	633.6	608.5	430.8	608.5	253.2	12.00	4.58	0	1,730	66	30.81	5.5	19.6	0.4	0.0	134.27	69	1.2758	2.0000	640	640.75	1,771.56	
318647	51	633.9	611.2	431.8	611.2	253.5	14.44	4.58	0	1,802	68	36.50	5.5	19.6	0.4	0.0	139.99	69	1.2758	2.0000	640	639.93	1,826.88	
319166	51	635.0	614.2	433.6	614.5	253.5	15.50	4.58	0	1,815	71	40.25	5.5	20.0	0.4	0.0	143.60	69	1.2758	2.0086	635	639.25	1,854.61	
319676	51	636.7	617.5	435.3	617.8	253.8	15.62	4.58	0	1,871	73	39.69	5.5	19.6	0.4	0.0	86.65	69	1.2758	2.0000	635	638.55	1,282.50	
320182	50	638.8	621.5	438.1	621.5	254.5	2.81	4.58	0	1,909	73	3.50	5.5	20.0	0.4	0.0	27.87	69	1.2758	2.0086	635	638.03	1,067.03	
320707	49	640.6	625.5	440.0	625.8	254.5	1.25	4.58	0	1,877	73	0.81	5.5	20.0	0.4	0.0	12.68	69	1.2758	2.0086	635	637.84	997.11	
321273	49	642.2	630.5	441.8	630.8	254.5	-1.62	4.58	0	1,815	73	0.00	5.5	20.0	0.4	0.0	15.23	69	1.2758	2.0086	635	637.54	978.20	
321784	49	643.4	634.5	444.1	634.8	254.8	1.25	4.58	0	1,735	72	0.81	5.5	20.0	0.4	0.0	17.79	69	1.2758	2.0086	635	637.35	974.84	
322314	49	644.6	637.5	446.5	638.2	255.2	0.56	4.58	0	1,599	71	1.12	5.5	20.0	0.4	0.0	16.97	69	1.2758	2.0180	635	637.23	980.31	
322922	49	645.8	640.5	447.7	640.8	255.2	0.38	4.58	0	1,480	71	1.12	5.5	20.4	0.4	0.0	19.24	69	1.2758	2.0086	635	637.05	978.44	
323472	50	647.0	643.2	449.3	643.5	255.5	0.88	4.58	0	1,534	71	2.19	5.5	20.0	0.4	0.0	41.93	69	1.2758	2.0086	635	636.93	969.61	
323971	50	648.5	645.2	450.1	645.2	255.5	3.50	4.58	0	1,592	71	7.31	5.5	20.0	0.4	0.0	60.91	69	1.2758	2.0180	635	636.83	1,029.92	
324477	51	649.8	646.5	451.0	646.5	255.8	5.25	4.58	0	1,611	72	13.81	5.5	20.0	0.4	0.0	92.32	69	1.2758	2.0180	635	636.74	1,249.69	
325037	51	651.7	647.5	451.6	647.8	255.8	10.81	4.58	0	1,883	73	25.12	5.5	20.0	0.4	0.0	122.27	69	1.2758	2.0086	635	636.83	1,651.56	
325563	51	654.0	649.2	452.3	649.2	255.8	14.06	4.58	0	1,916	74	34.88	5.5	20.0	0.4	0.0	125.51	69	1.2758	2.0086	635	637.14	1,610.55	
326091	51	656.8	650.5	453.5	650.8	256.5	13.56	4.58	0	1,956	76	34.06	5.5	20.0	0.4	0.0	124.90	69	1.2758	2.0180	635	637.75	1,666.25	
326609	51	659.6	652.8	454.6	653.2	256.8	14.44	4.58	0	2,017	78	36.75	5.5	20.4	0.4	0.0	122.44	69	1.2758	2.0266	635	638.43	1,384.14	
327171	50	662.9	655.2	455.6	655.5	257.2	3.50	4.58	0	2,054	79	4.62	5.5	20.0	0.4	0.0	26.60	69	1.2758	2.0172	635	639.13	1,031.33	
327688	49	665.2	658.2	457.5	658.5	256.8	1.25	4.58	0	2,018	79	1.12	5.5	20.0	0.4	0.0	12.33	69	1.2758	2.0359	635	639.83	979.53	
328222	49	667.0	660.8	459.0	661.2	257.5	-1.62	4.58	0	1,941	78	-0.75	5.5	20.4	0.4	0.0	15.98	69	1.2758	2.0266	640	640.44	970.16	
329093	49	668.5	663.2	460.5	663.5	257.5	1.75	4.58	0	1,990	78	-0.44	5.5	20.4	0.4	0.0	17.88	69	1.2758	2.0266	640	641.33	975.55	
329643	49	670.8	666.8	462.5	666.8	257.8	0.69	4.58	0	1,710	76	1.12	5.5	20.0	0.4	0.0	17.53	69	1.2758	2.0172	640	641.73	981.09	
330183	50	672.1	668.2	463.2	668.2	258.2	0.56	4.58	0	1,577	75	1.38	5.5	20.4	0.4	0.0	17.23	69	1.2758	2.0266	640	642.34	981.02	
330683	50	673.2	668.8	463.8	668.8	258.5	0.38	4.58	0	1,545	73	1.12	5.5	20.4	0.4	0.0	17.39	69	1.2758	2.0266	640	642.74	980.31	
331193	50	674.2	669.2	464.0	669.8	258.2	0.38	4.58	0	1,474	70	1.12	5.5	20.4	0.4	0.0	17.25	69	1.2758	2.0266	640	643.14	979.77	
331774	50	675.1	669.5	464.0	669.5	258.8	0.38	4.58	0	1,431	68	1.12	5.5	20.4	0.4	0.0	17.46	69	1.2758	2.0266	640	643.54	978.83	
332863	51	676.0	669.5	464.0	669.5	258.5	0.56	4.58	0	1,362	65	0.81	5.5	20.4	0.4	0.0	17.58	69	1.2758	2.0352	640	644.03	977.50	
333403	51	677.7	667.5	463.5	667.8	258.8	0.38	4.58	0	1,340	64	0.81	5.5	20.4	0.4	0.0	17.84	69	1.2758	2.0266	640	644.85	977.03	
333910	51	678.4	667.2	463.3	666.8	259.2	0.56	4.58	0	1,331	63	0.81	5.5	20.4	0.4	0.0	17.46	69	1.2758	2.0266	645	645.25	976.64	
334416	51	679.1	665.8	462.7	665.8	259.2	0.69	4.58	0	1,321	63	0.81	5.5	20.4	0.4	0.0	17.84	69	1.2758	2.0266	645	645.53	976.80	
334914	51	679.6	664.8	462.3	664.8	259.5	0.69	4.58	0	1,311	63	0.56	5.5	20.4	0.4	0.0	17.95	69	1.2758	2.0266	645	645.93	976.95	
335417	52	680.2	662.8	461.3	663.2	259.5	0.69	4.58	0	1,303	62	0.81	5.5	20.0	0.4	0.0	17.93	69	1.2758	2.0172	645	646.35	976.41	
335950	52	680.6	661.5	460.8	661.5	259.8	0.69	4.58	0	1,294	62	0.81	5.5	20.0	0.4	0.0	18.02	69	1.2758	2.0172	645	646.63	976.48	
336519	52	681.2	659.8	459.8	659.8	260.2	0.69	4.58	0	1,284	61	0.56	5.5	20.4	0.4	0.0	18.14	69	1.2758	2.0266	645	647.15	975.78	
337019	52	681.6	658.5	459.1	658.2	259.8	0.69	4.58	0	1,277	61	0.56	5.5	20.4	0.4	0.0	17.88	69	1.2758	2.0266	645	647.55	975.70	
337534	52	682.0	656.5	458.0	656.5	260.2	0.69	4.58	0	1,266	60	0.56	5.5	20.4	0.4	0.0	18.16	69	1.2758	2.0266	645	647.85	975.55	
338044	52	682.3	654.8	457.7	654.5	260.2	0.69	4.58	0	1,259	60	0.56	5.5	20.4	0.4	0.0	18.12	69	1.2758	2.0266	645	648.25	975.55	
338546	52	682.6	653.5	457.0	653.2	260.2	0.69	4.58	0	1,249	60	0.81	5.5	20.4	0.4	0.0	13.76	69	1.2758	2.0266	645	648.53	974.14	
339122	52	682.9	651.2	455.7	650.8	260.2	1.75	4.58	0	1,273	59	1.38	5.5	20.4	0.4	0.0	43.03	69	1.2758	2.0266	645	649.05	967.27	
339623	53	683.2	649.2	455.1	649.2	260.5	2.44	4.58	0	1,360	60	4.88	5.5	20.4	0.4	0.0	65.79	69	1.2758	2.0266	645	649.44	1,000.31	
340132	53	683.4	647.8	454.5	647.8	260.2	2.25	4.58	0	1,253	60	4.88	5.5	20.4	0.4	0.0	31.15	69	1.2758	2.0266	650	649.94	1,011.02	
340770	53	683.5	646.2	453.5	646.5	260.8	1.25	4.58	0	1,267	60	0.81	5.5	20.4	0.4	0.0	13.57	69	1.2758	2.0266	650	650.33	978.91	
341256	52	683.5	645.2	453.0	644.8	260.8	0.88	4.58	0	1,262	60	0.31	5.5	20.4	0.4	0.0	11.18	69	1.2758	2.0266	650	650.73	968.91	
341746	52	683.5	643.8	452.3	643.5	260.8	0.56	4.58	0	1,244	60	0.56	5.5	20.4	0.4	0.0	17.62	69	1.2758	2.0266	650	651.04	967.73	
342269	52	683.5	643.2	451.8	642.8	260.8	0.69	4.58	0	1,238	59	0.56	5.5	20.4	0.4	0.0	18.14	69	1.2758	2.0266	650	651.44	971.72	
343130	52	683.6	641.5	451.0	640.8	260.8	0.88	4.58	0	1,230	58	0.56	5.5	20.4	0.4	0.0	18.16	69	1.2758	2.0266	650	651.93	972.73	
343634	52	683.9	639.5	450.5	639.5	260.8	0.88	4.58	0	1,213	58	0.56	5.5	20.4	0.4	0.0	18.38	69	1.2758	2.0266	650	652.35	973.44	
344153	53	684.1	637.8	449.8	638.2	260.8	0.88	4.58	0	1,207	57	0.56	5.5	20.4	0.4	0.0	18.35	69	1.2758	2.0266	650	652.63	973.59	
344666	53	684.3	636.8	449.2	636.5	261.5	0.88	4.58	0	1,194	57	0.56	5.5	20.4	0.4	0.0	18.16	69	1.2758	2.0266	650	652.94	973.12	
345201	53	684.6	635.2	448.3	635.2	261.2	0.88	4.58	0	1,187	57	0.31	5.5	20.4	0.4	0.0	18.38	69	1.2758	2.0266	650	653.24	972.81	
345696	53	684.8	633.8	447.7	633.5	261.2	0.88	4.58	0	1,182	56	0.56	5.5	20.4	0.4	0.0	18.56	69	1.2758	2.0266	650	653.55	973.36	
346187	53	685.1	632.5	447.1	632.2	261.5	0.88	4.58	0	1,167	56	0.56	5.5	20.4	0.4	0.0	18.09	69	1.2758	2.0266	650	653.85	973.05	
346652	53	685.4	631.2	446.3	631.2	261.5	0.88	4.58	0	1,156	55	0.56	5.5	20.4	0.4	0.0	18.30	69	1.2758	2.0266	650	654.04	973.12	
347135	53	685.6	629.5	445.5	629.8	261.5	1.06	4.58	0	1,141	54	0.31	5.5	20.4	0.4	0.0	18.12	69	1.2758	2.0266	650	654.25	972.50	
347637	53	685.9	628.2	444.8	628.2	261.8	1.06	4.58	0	1,097	52	0.31	5.5	20.4	0.4	0.0	18.35	69	1.2758	2.0266	650	654.53	971.72	
348156	53	686.2	626.8	444.1	626.5	261.5	1.25	4.58	0	1,123	49	0.81	5.5	20.4	0.4	0.0	11.41	69	1.2758	2.0266	650	654.74	969.22	
348718	53	686.4	625.5	443.5	625.5	261.5	0.88	4.58	0	1,202	48	0.31	5.5	20.4	0.4	0.0	17.77	69	1.2758	2.0266	655	655.05	970.62	
349253	53	686.6	623.8	442.6	623.5	261.5	0.88	4.58	0	1,216	47	0.56	5.5	20.4	0.4	0.0	18.63	69	1.2758	2.0266	655	655.23	972.19	
349799	53	686.9	621.5	441.5	621.8	261.5	0.88	4.58	0	1,185	46	0.56	5.5	20.4	0.4	0.0	18.87	69	1.2758	2.0266	655	655.44	972.27	
350291	53	687.1	620.2	441.0	620.2	261.5	0.88	4.58	0	1,141	44	0.56	5.5	20.4	0.4	0.0	18.68	69	1.2758	2.0266	655	655.63	972.42	
350827	53	687.3	618.8	440.1	618.5	261.8	1.06	4.58	0	1,088	42	0.56	5.5	20.4	0.4	0.0	19.27	69	1.2758	2.0266	655	655.84	971.56	
351352	53	687.5	617.2	439.6	616.8	261.8	1.25	4.58	0	1,291	40	0.81	5.5	20.4	0.4	0.0	10.62	69	1.2758	2.0266	655	655.94	968.36	
351899	53	687.7	615.8	438.6	615.5	261.5	0.69	4.58	0	1,306	40	0.56	5.5	20.4	0.4	0.0	18.49	69	1.2758	2.0266	655	656.15	971.02	
352399	54	687.8	614.5	438.3	614.2	261.5	0.69	4.58	0	1,295	38	0.81	5.5	20.4	0.4	0.0	19.22	69	1.2758	2.0266	655	656.24	973.12	
352876	54	688.0	613.2	437.5	612.8	261.8	0.88	4.58	0	1,269	37	0.81	5.5	20.4	0.4	0.0	19.55	69	1.2758	2.0266	655	656.43	973.59	
353361	54	688.2	611.8	437.0	611.8	261.8	0.88	4.58	0	1,247	37	1.38	5.5	20.4	0.4	0.0	16.31	69	1.2758	2.0266	655	656.55	971.25	
353905	54	688.4	610.5	436.1	610.5	261.8	1.94	4.58	0	1,282	37	1.94	5.5	20.4	0.4	0.0	47.48	69	1.2758	2.0266	655	656.73	968.59	
354413	54	688.4	609.2	435.5	609.2	262.5	3.00	4.58	0	1,378	37	5.69	5.5	20.4	0.4	0.0	67.12	69	1.2758	2.0266	655	656.94	1,016.09	
354904	54	688.3	608.2	435.3	607.8	261.8	3.31	4.58	0	1,319	39	7.31	5.5	20.4	0.4	0.0	74.39	69	1.2758	2.0266	655	657.34	1,090.16	
355446	54	688.1	607.2	434.8	607.5	262.2	3.81	4.58	0	1,332	40	11.88	5.5	20.4	0.4	0.0	96.45	69	1.2758	2.0180	655	657.65	1,233.67	
356005	53	688.0	606.8	434.8	606.8	262.5	5.75	4.58	0	1,476	41	17.56	5.5	20.4	0.4	0.0	110.30	69	1.2758	2.0266	655	658.23	1,397.19	
356503	53	687.8	606.8	434.8	607.2	262.5	6.12	4.58	0	1,466	43	20.00	5.5	20.4	0.4	0.0	109.48	69	1.2758	2.0266	655	658.75	1,409.69	
357074	52	687.7	607.5	435.1	607.5	262.5	6.62	4.58	0	1,528	45	22.19	5.5	20.0	0.4	0.0	106.24	69	1.2758	2.0172	655	659.33	1,385.39	
357615	52	687.8	608.5	435.6	608.8	263.2	8.38	4.58	0	1,669	47	22.44	5.5	20.0	0.4	0.0	103.95	69	1.2758	2.0172	660	659.94	1,376.64	
358158	51	688.1	610.5	436.7	610.5	262.8	8.19	4.58	0	1,649	49	21.88	5.5	20.4	0.4	0.0	102.23	69	1.2758	2.0266	660	660.44	1,369.06	
358689	51	688.7	612.5	437.5	612.5	263.2	8.88	4.58	0	1,726	50	22.44	5.5	20.4	0.4	0.0	102.07	69	1.2758	2.0352	660	661.14	1,399.53	
359224	51	689.6	614.8	439.1	615.2	263.5	9.75	4.58	0	1,776	52	23.50	5.5	20.4	0.4	0.0	103.34	69	1.2758	2.0352	660	661.84	1,380.31	
359735	50	690.7	617.8	440.3	618.2	263.5	7.81	4.58	0	1,774	53	16.50	5.5	20.0	0.4	0.0	43.97	69	1.2758	2.0172	660	662.55	1,138.75	
361129	50	691.6	620.8	442.1	621.5	263.8	1.44	4.58	0	1,805	53	1.62	5.5	20.4	0.4	0.0	14.48	69	1.2758	2.0352	660	663.93	976.48	
361656	49	693.1	630.2	447.1	630.5	264.5	0.38	4.58	0	1,274	51	0.81	5.5	20.4	0.4	0.0	31.83	69	1.2758	2.0352	660	664.35	964.14	
362154	50	693.6	632.5	448.5	632.5	264.5	3.12	4.58	0	1,469	51	6.25	5.5	20.4	0.4	0.0	63.07	69	1.2758	2.0352	665	664.94	1,008.20	
362631	50	694.0	634.5	449.6	634.8	264.8	3.12	4.58	0	1,311	52	7.56	5.5	20.4	0.4	0.0	76.12	69	1.2758	2.0352	665	665.55	1,084.61	
363188	50	694.5	636.8	450.8	636.8	265.2	4.00	4.58	0	1,482	52	10.25	5.5	20.4	0.4	0.0	82.73	69	1.2758	2.0352	665	666.25	1,171.02	
363718	50	695.1	638.5	451.5	638.8	265.2	3.81	4.58	0	1,361	53	10.56	5.5	20.4	0.4	0.0	82.80	69	1.2758	2.0352	665	666.93	1,220.62	
364224	50	695.8	640.8	453.0	641.2	265.5	6.25	4.58	0	1,805	53	13.25	5.5	20.4	0.4	0.0	80.23	69	1.2758	2.0266	665	667.54	1,292.03	
364754	50	696.6	642.8	453.8	642.8	265.5	7.31	4.58	0	1,845	54	15.12	5.5	20.8	0.4	0.0	98.67	69	1.2758	2.0445	665	668.33	1,367.66	
365284	50	697.7	645.2	455.0	645.2	265.8	12.19	4.58	0	1,871	55	28.38	5.5	20.8	0.4	0.0	125.23	69	1.2758	2.0445	665	669.25	1,754.45	
365812	50	698.6	647.5	457.0	647.8	265.8	15.31	4.58	0	1,957	58	37.56	5.5	20.4	0.4	0.0	126.63	69	1.2758	2.0266	670	670.14	1,715.62	
366559	50	699.5	650.8	458.5	651.2	266.5	15.62	4.58	0	2,045	60	40.81	5.5	20.4	0.4	0.0	128.39	69	1.2758	2.0445	670	671.55	1,684.38	
367234	50	700.9	655.2	461.1	656.5	267.2	15.31	4.58	0	2,180	63	43.25	5.5	20.4	0.4	0.0	129.63	69	1.2758	2.0352	670	672.93	1,744.53	
367879	50	702.3	660.5	463.3	660.8	267.5	17.75	4.58	0	2,233	66	50.75	5.5	20.8	0.4	0.0	126.52	69	1.2758	2.0523	670	674.24	1,709.61	
368542	50	703.3	665.5	466.5	665.8	267.5	17.56	4.58	0	2,318	69	47.56	5.5	20.8	0.4	0.0	116.02	69	1.2758	2.0609	675	675.65	1,533.44	
369185	49	704.3	671.5	469.8	671.8	268.5	15.50	4.58	0	2,414	71	43.25	5.5	21.2	0.4	0.0	115.01	69	1.2758	2.0695	675	676.84	1,557.73	
369818	49	705.4	677.8	472.8	678.2	269.2	3.81	4.58	0	2,447	72	8.12	5.5	21.2	0.4	0.0	29.25	70	1.2758	2.0602	675	677.94	1,031.02	
370515	49	706.0	683.5	476.3	684.2	269.5	2.12	4.58	0	2,420	72	1.62	5.5	21.6	0.4	0.0	11.53	70	1.2758	2.0789	675	678.83	972.03	
371166	48	706.6	689.2	479.1	689.8	270.2	1.56	4.58	0	2,390	71	0.31	5.5	21.2	0.4	0.0	17.13	70	1.2758	2.0695	675	679.44	967.81	
371791	49	707.0	694.2	482.3	694.5	270.5	1.56	4.58	0	2,207	69	1.12	5.5	21.6	0.4	0.0	18.00	70	1.2758	2.0687	680	680.15	981.25	
372416	49	707.5	698.5	484.1	698.5	270.8	1.44	4.58	0	1,826	68	1.12	5.5	21.2	0.4	0.0	17.39	70	1.2758	2.0859	680	680.64	982.89	
373078	49	708.0	700.8	486.1	701.2	271.5	1.06	4.58	0	1,742	67	1.12	5.5	21.2	0.4	0.0	17.34	70	1.2758	2.0766	680	681.13	982.42	
373757	50	708.5	703.2	487.0	703.2	271.5	0.88	4.58	0	1,727	66	1.12	5.5	21.6	0.4	0.0	17.55	70	1.2758	2.0758	680	681.65	981.02	
374468	50	709.0	704.2	488.0	704.2	272.5	0.56	4.58	0	1,447	66	1.12	5.5	21.6	0.4	0.0	17.58	70	1.2758	2.0844	680	682.14	979.30	
375116	50	709.4	704.5	488.6	704.5	272.8	0.56	4.58	0	1,350	65	1.12	5.5	21.6	0.4	0.0	17.27	70	1.2758	2.0930	680	682.54	978.59	
375822	51	709.8	704.2	488.6	704.5	273.2	0.69	4.58	0	1,356	64	0.81	5.5	21.6	0.4	0.0	17.48	70	1.2758	2.0930	680	682.84	977.34	
376544	51	710.2	703.8	488.5	703.5	273.5	0.69	4.58	0	1,335	64	0.81	5.5	22.0	0.4	0.0	17.62	70	1.2758	2.1016	680	683.24	976.41	
377175	51	710.5	702.5	488.0	702.5	273.8	0.69	4.58	0	1,327	63	0.81	5.5	22.0	0.4	0.0	17.44	70	1.2758	2.1016	680	683.55	976.41	
377784	51	710.8	700.8	487.3	700.8	273.8	0.56	4.58	0	1,315	63	0.81	5.5	21.6	0.4	0.0	17.70	70	1.2758	2.0930	680	683.85	975.70	
378423	51	711.1	699.2	486.8	699.2	274.2	0.69	4.58	0	1,306	62	0.81	5.5	21.6	0.4	0.0	17.77	70	1.2758	2.0930	680	684.13	975.70	
379048	52	711.4	697.2	486.0	696.8	274.5	0.69	4.58	0	1,253	60	0.81	5.5	21.6	0.4	0.0	17.74	70	1.2758	2.0930	680	684.44	975.23	
379689	52	711.6	695.2	485.0	695.2	275.2	0.88	4.58	0	1,206	57	0.56	5.5	21.6	0.4	0.0	18.05	70	1.2758	2.0844	680	684.74	974.30	
380395	52	711.8	692.5	484.0	692.5	274.8	1.25	4.58	0	1,119	52	0.31	5.5	22.0	0.4	0.0	18.28	70	1.2758	2.0938	685	685.05	972.03	
380986	52	712.0	690.2	483.1	690.2	275.2	1.06	4.58	0	1,292	51	0.56	5.5	21.6	0.4	0.0	11.34	70	1.2758	2.0938	685	685.35	968.36	
381578	52	712.1	688.5	482.1	688.5	275.2	0.88	4.58	0	1,263	51	0.56	5.5	21.6	0.4	0.0	17.67	70	1.2758	2.0938	685	685.63	970.86	
382165	52	712.3	685.5	481.0	685.5	275.5	0.69	4.58	0	1,299	50	0.81	5.5	21.6	0.4	0.0	18.54	70	1.2758	2.0938	685	685.94	972.81	
382719	52	712.4	683.8	479.6	683.5	276.2	0.88	4.58	0	1,292	50	0.81	5.5	21.6	0.4	0.0	18.66	70	1.2758	2.0938	685	686.24	973.98	
383250	53	712.5	682.2	478.6	681.5	275.8	0.69	4.58	0	1,286	50	0.81	5.5	21.6	0.4	0.0	18.59	70	1.2758	2.0938	685	686.43	974.77	
383803	53	712.6	679.8	478.0	679.5	275.8	0.88	4.58	0	1,282	50	0.81	5.5	21.6	0.4	0.0	18.56	70	1.2758	2.0938	685	686.85	974.84	
384409	53	712.7	676.8	476.7	676.8	276.5	0.88	4.58	0	1,278	50	0.81	5.5	21.6	0.4	0.0	18.77	70	1.2758	2.0938	685	687.13	975.39	
384946	53	712.8	675.5	476.0	674.5	276.5	0.88	4.58	0	1,268	49	0.81	5.5	21.6	0.4	0.0	18.77	70	1.2758	2.0938	685	687.34	975.23	
385472	53	712.9	672.8	475.0	672.8	276.8	0.88	4.58	0	1,218	47	0.56	5.5	21.6	0.4	0.0	18.66	70	1.2758	2.0938	685	687.53	974.77	
386090	53	713.0	670.8	474.0	670.5	276.8	1.06	4.58	0	1,191	46	0.56	5.5	21.6	0.4	0.0	19.05	70	1.2758	2.0938	685	687.83	973.83	
386616	53	713.1	668.8	473.2	668.5	276.8	1.06	4.58	0	1,188	46	0.56	5.5	21.6	0.4	0.0	18.89	70	1.2758	2.0938	685	688.14	973.59	
387164	53	713.1	666.8	472.0	666.8	277.5	0.38	4.58	0	1,196	46	0.81	5.5	21.6	0.4	0.0	18.12	70	1.2758	2.0938	685	688.35	965.94	
387698	53	713.2	664.8	471.2	664.5	277.5	2.12	4.58	0	1,296	47	1.62	5.5	21.6	0.4	0.0	39.07	70	1.2758	2.0938	685	688.63	964.84	
388287	54	713.0	662.5	470.1	662.5	278.2	2.44	4.58	0	1,306	48	4.06	5.5	21.6	0.4	0.0	58.29	70	1.2758	2.0938	685	688.94	1,000.94	
388806	54	712.7	661.2	469.3	660.8	277.5	2.62	4.58	0	1,282	49	5.12	5.5	21.6	0.4	0.0	65.06	70	1.2758	2.0938	685	689.24	1,038.05	
389327	53	712.2	659.8	469.0	659.8	278.2	2.81	4.58	0	1,313	50	5.94	5.5	21.6	0.4	0.0	65.44	70	1.2758	2.0938	685	689.55	1,069.77	
389898	53	711.8	658.8	468.5	658.8	278.2	2.81	4.58	0	1,348	52	6.25	5.5	21.6	0.4	0.0	63.54	70	1.2758	2.0938	685	689.85	1,069.38	
390449	53	711.3	658.8	468.8	658.5	278.5	2.81	4.58	0	1,383	53	7.31	5.5	21.6	0.4	0.0	68.32	70	1.2758	2.0938	690	690.04	1,068.28	
391431	52	710.5	658.8	468.6	658.8	278.8	3.50	4.58	0	1,449	55	10.00	5.5	21.6	0.4	0.0	69.19	70	1.2758	2.0938	690	690.44	1,082.11	
391967	52	710.1	659.5	468.8	659.5	279.2	3.69	4.58	0	1,497	57	10.00	5.5	21.6	0.4	0.0	64.78	70	1.2758	2.0938	690	690.65	1,071.17	
392509	52	709.6	660.5	469.8	660.5	279.2	2.12	4.58	0	1,491	58	5.12	5.5	21.6	0.4	0.0	27.73	70	1.2758	2.0938	690	690.83	1,032.11	
393039	51	709.0	661.5	470.3	661.5	279.2	1.56	4.58	0	1,247	58	0.81	5.5	21.6	0.4	0.0	16.59	70	1.2758	2.0938	690	691.05	987.50	
393579	51	708.5	662.5	471.0	662.8	279.5	1.44	4.58	0	1,209	58	0.56	5.5	21.6	0.4	0.0	13.71	70	1.2758	2.0938	690	691.23	970.16	
394147	51	708.0	664.2	471.8	664.2	279.5	1.44	4.58	0	1,237	59	0.56	5.5	21.6	0.4	0.0	12.94	70	1.2758	2.0938	690	691.44	965.94	
394730	51	707.5	665.5	472.7	665.5	279.8	0.19	4.58	0	1,208	58	-0.19	5.5	21.6	0.4	0.0	15.82	70	1.2758	2.0938	690	691.63	967.50	
395397	51	707.0	666.2	473.0	666.2	280.2	0.88	4.58	0	1,216	58	0.56	5.5	21.6	0.4	0.0	17.67	70	1.2758	2.0938	690	691.84	970.16	
395918	51	706.6	666.8	473.5	666.5	280.2	0.88	4.58	0	1,228	58	0.56	5.5	21.6	0.4	0.0	17.72	70	1.2758	2.0938	690	692.03	971.64	
396425	52	706.2	666.5	473.5	666.5	280.2	0.88	4.58	0	1,210	58	0.56	5.5	21.6	0.4	0.0	17.70	70	1.2758	2.0938	690	692.24	972.58	
396953	52	705.9	666.5	473.3	666.5	280.8	0.88	4.58	0	1,191	56	0.56	5.5	21.6	0.4	0.0	17.55	70	1.2758	2.0938	690	692.33	972.89	
397502	52	705.5	665.8	473.0	665.2	280.5	1.06	4.58	0	1,153	55	0.56	5.5	21.6	0.4	0.0	17.58	70	1.2758	2.0938	690	692.55	972.73	
398061	52	705.3	664.5	473.0	664.5	280.5	1.06	4.58	0	1,132	54	0.56	5.5	21.6	0.4	0.0	17.62	70	1.2758	2.0938	690	692.64	972.27	
398581	52	705.0	664.2	472.6	664.2	280.5	1.06	4.58	0	1,130	54	0.31	5.5	21.6	0.4	0.0	17.74	70	1.2758	2.0938	690	692.85	972.27	
399112	52	704.7	662.8	472.2	662.8	280.8	1.06	4.58	0	1,131	54	0.31	5.5	21.6	0.4	0.0	17.81	70	1.2758	2.0938	690	692.94	971.88	
399642	52	704.5	662.2	471.7	662.2	281.2	1.06	4.58	0	1,123	54	0.31	5.5	21.6	0.4	0.0	17.67	70	1.2758	2.0938	690	693.04	971.80	
400219	52	704.2	660.5	471.2	660.5	281.2	1.06	4.58	0	1,116	53	0.31	5.5	21.6	0.4	0.0	17.62	70	1.2758	2.0938	690	693.13	971.72	
400788	53	704.0	659.5	470.3	659.5	281.2	1.06	4.58	0	1,109	53	0.31	5.5	21.6	0.4	0.0	17.74	70	1.2758	2.0938	690	693.25	971.56	
401314	53	703.8	658.2	470.0	658.2	281.5	1.06	4.58	0	1,106	53	0.56	5.5	21.6	0.4	0.0	17.70	70	1.2758	2.0938	690	693.34	970.86	
401887	53	703.6	656.8	469.5	656.8	281.5	1.06	4.58	0	1,099	52	0.31	5.5	21.6	0.4	0.0	17.74	70	1.2758	2.0938	690	693.44	970.86	
402438	53	703.3	655.5	469.2	655.5	281.2	1.06	4.58	0	1,089	52	0.31	5.5	21.6	0.4	0.0	17.84	70	1.2758	2.0938	690	693.53	970.62	
402987	53	703.1	653.8	468.0	654.2	281.5	1.25	4.58	0	1,079	52	0.31	5.5	21.6	0.4	0.0	17.72	70	1.2758	2.0938	690	693.65	970.39	
403625	53	702.9	652.8	467.3	652.8	281.5	1.25	4.58	0	1,071	51	0.56	5.5	21.6	0.4	0.0	17.65	70	1.2758	2.0938	690	693.65	970.31	
404142	53	702.7	651.5	466.8	651.2	281.8	1.25	4.58	0	1,060	51	0.00	5.5	21.6	0.4	0.0	18.02	70	1.2758	2.0938	690	693.65	969.61	
404681	53	702.4	649.5	465.5	649.5	281.5	1.25	4.58	0	1,050	50	0.31	5.5	21.6	0.4	0.0	17.79	70	1.2758	2.0938	690	693.65	969.22	
405259	53	702.2	648.2	465.2	648.2	282.5	1.25	4.58	0	1,036	49	0.31	5.5	21.6	0.4	0.0	18.07	70	1.2758	2.0938	690	693.65	969.30	
405792	53	701.9	646.8	464.5	646.8	281.5	1.25	4.58	0	1,018	48	0.00	5.5	21.6	0.4	0.0	18.21	70	1.2758	2.0938	690	693.65	968.98	
406327	53	701.7	645.5	463.6	645.2	281.8	1.44	4.58	0	997	47	0.00	5.5	21.6	0.4	0.0	18.09	70	1.2758	2.0938	690	693.65	968.52	
406912	53	701.4	644.2	463.0	644.2	282.2	1.44	4.58	0	1,084	45	0.31	5.5	21.6	0.4	0.0	12.14	70	1.2758	2.0938	690	693.53	966.33	
407490	53	701.1	642.2	462.3	642.5	282.5	1.06	4.58	0	1,152	44	0.31	5.5	21.6	0.4	0.0	12.47	70	1.2758	2.0938	690	693.44	963.91	
408052	54	700.8	640.8	461.5	640.8	282.5	1.06	4.58	0	1,118	44	0.56	5.5	21.6	0.4	0.0	12.61	70	1.2758	2.0938	690	693.44	963.44	
408562	54	700.4	639.8	461.0	639.8	282.8	1.44	4.58	0	1,123	44	0.31	5.5	21.6	0.4	0.0	12.28	70	1.2758	2.0938	690	693.34	962.11	
409002	54	700.1	638.8	460.6	638.8	282.5	1.56	4.58	0	1,156	43	0.56	5.5	21.6	0.4	0.0	31.20	70	1.2758	2.0938	690	693.25	955.62	
409516	54	699.6	637.5	460.1	637.2	282.5	2.25	4.58	0	1,249	44	2.44	5.5	21.6	0.4	0.0	50.48	70	1.2758	2.0938	690	693.13	968.75	
410131	54	698.7	636.2	459.6	636.2	282.8	2.44	4.58	0	1,208	44	4.88	5.5	21.6	0.4	0.0	59.95	70	1.2758	2.0938	690	693.04	987.81	
411095	54	696.7	634.8	458.8	634.8	282.8	3.12	4.58	0	1,259	46	6.50	5.5	21.6	0.4	0.0	83.60	70	1.2758	2.0938	690	692.85	1,091.17	
411668	54	695.3	634.8	458.8	634.8	283.5	4.00	4.58	0	1,246	47	10.81	5.5	21.6	0.4	0.0	95.37	70	1.2758	2.0938	690	692.73	1,217.97	
412263	53	693.6	635.2	458.8	635.2	283.2	5.06	4.58	0	1,358	48	14.31	5.5	21.6	0.4	0.0	104.55	70	1.2758	2.0852	690	692.43	1,293.36	
412892	53	692.1	635.8	459.5	636.2	282.8	5.06	4.58	0	1,320	49	14.62	5.5	21.6	0.4	0.0	104.06	70	1.2758	2.0938	690	691.94	1,309.30	
413459	53	690.6	637.2	460.0	637.5	283.2	5.06	4.58	0	1,335	51	15.69	5.5	21.6	0.4	0.0	101.32	70	1.2758	2.0938	690	691.44	1,293.91	
413995	52	689.0	639.5	461.6	639.8	283.8	5.38	4.58	0	1,349	52	17.81	5.5	21.6	0.4	0.0	99.16	70	1.2758	2.0938	690	690.83	1,255.94	
414515	52	688.0	641.5	462.6	641.5	283.5	4.88	4.58	0	1,394	54	17.31	5.5	21.6	0.4	0.0	97.83	70	1.2758	2.0938	690	690.25	1,249.53	
415073	52	687.1	644.5	464.0	644.8	284.2	4.88	4.58	0	1,422	55	17.56	5.5	21.6	0.4	0.0	96.02	70	1.2758	2.1023	685	689.73	1,215.16	
415602	51	686.6	647.5	465.7	647.5	284.2	4.88	4.58	0	1,505	56	17.81	5.5	22.0	0.4	0.0	93.00	70	1.2758	2.1023	685	688.94	1,182.97	
416130	51	685.9	650.5	467.5	650.8	284.5	3.69	4.58	0	1,480	57	14.62	5.5	22.0	0.4	0.0	66.59	70	1.2758	2.1023	685	688.23	1,082.97	
416671	51	685.3	654.2	469.1	654.5	284.8	2.12	4.58	0	1,487	57	7.06	5.5	21.6	0.4	0.0	33.63	70	1.2758	2.0938	685	687.65	1,047.42	
417200	51	684.7	657.5	471.0	657.8	284.5	1.25	4.58	0	1,238	57	1.12	5.5	21.6	0.4	0.0	18.05	70	1.2758	2.0938	685	687.04	994.77	
417785	50	684.1	661.2	472.6	661.5	284.8	1.25	4.58	0	1,189	56	0.56	5.5	21.6	0.4	0.0	12.09	70	1.2758	2.0852	685	686.64	972.97	
418389	50	683.6	664.8	474.3	664.8	285.5	1.06	4.58	0	1,174	56	0.31	5.5	21.6	0.4	0.0	16.59	70	1.2758	2.0938	685	686.33	968.44	
418914	51	683.3	667.2	476.0	667.2	285.2	1.06	4.58	0	1,156	55	0.31	5.5	21.6	0.4	0.0	16.71	70	1.2758	2.0938	685	686.03	971.88	
419473	51	683.0	669.2	477.0	669.2	285.5	1.06	4.58	0	1,152	55	0.56	5.5	21.6	0.4	0.0	13.03	70	1.2758	2.0938	685	685.75	969.45	
420046	51	682.7	670.5	477.8	670.5	285.2	2.25	4.58	0	1,249	55	2.19	5.5	21.6	0.4	0.0	56.41	70	1.2758	2.0938	685	685.44	967.11	
420575	52	682.2	671.2	478.5	671.2	285.5	3.00	4.58	0	1,267	55	5.94	5.5	21.6	0.4	0.0	79.64	70	1.2758	2.0938	685	685.05	1,043.05	
421124	52	681.8	672.2	478.8	672.2	286.2	3.50	4.58	0	1,180	56	8.69	5.5	21.6	0.4	0.0	91.10	70	1.2758	2.0852	680	684.65	1,154.22	
421831	52	681.4	672.8	479.6	672.8	285.8	4.19	4.58	0	1,248	56	11.88	5.5	22.0	0.4	0.0	100.90	70	1.2758	2.0945	680	684.13	1,272.97	
422354	52	681.3	673.8	479.6	673.8	286.5	5.25	4.58	0	1,259	58	14.88	5.5	21.6	0.4	0.0	105.61	70	1.2758	2.0945	680	683.64	1,357.11	
422902	52	681.4	675.2	480.6	675.2	286.5	7.69	4.58	0	1,544	59	22.44	5.5	21.6	0.4	0.0	117.30	70	1.2758	2.0945	680	683.03	1,511.41	
423409	52	681.8	676.5	481.5	676.8	286.5	9.38	4.58	0	1,565	60	27.00	5.5	21.6	0.4	0.0	124.48	70	1.2758	2.0945	680	682.63	1,629.38	
423937	52	682.6	677.8	482.5	678.5	286.8	11.62	4.58	0	1,625	62	32.44	5.5	21.6	0.4	0.0	130.71	70	1.2758	2.0852	680	682.14	1,684.22	
424504	52	683.8	680.5	483.8	680.5	287.2	11.62	4.58	0	1,665	64	31.06	5.5	21.6	0.4	0.0	124.64	70	1.2758	2.0938	680	681.74	1,693.83	
425037	52	685.5	683.5	485.3	683.5	287.5	12.38	4.58	0	1,712	66	32.44	5.5	22.0	0.4	0.0	84.82	70	1.2758	2.1023	680	681.44	1,256.64	
425586	51	687.6	686.5	486.6	686.8	287.8	2.62	4.58	0	1,743	67	5.12	5.5	21.6	0.4	0.0	31.52	70	1.2758	2.0844	680	681.25	1,069.30	
426178	50	689.1	689.8	488.8	690.2	287.8	1.06	4.58	0	1,723	67	1.12	5.5	22.0	0.4	0.0	12.54	70	1.2758	2.1023	680	681.13	992.81	
426735	50	690.4	692.8	490.5	693.5	288.5	0.88	4.58	0	1,644	66	0.81	5.5	22.0	0.4	0.0	14.60	70	1.2758	2.1023	680	681.13	976.02	
427247	50	691.3	695.8	491.8	695.8	288.5	0.56	4.58	0	1,599	65	1.12	5.5	22.0	0.4	0.0	17.67	70	1.2758	2.1023	680	681.04	972.50	
427778	50	692.2	697.8	492.8	697.8	288.8	0.56	4.58	0	1,387	65	0.81	5.5	21.6	0.4	0.0	17.16	70	1.2758	2.0844	680	681.04	976.48	
428336	51	693.0	699.5	493.8	699.8	288.8	0.69	4.58	0	1,348	64	0.81	5.5	21.6	0.4	0.0	16.76	70	1.2758	2.0930	680	681.04	977.03	
428859	51	693.8	700.2	494.5	700.5	288.8	0.69	4.58	0	1,333	63	0.81	5.5	21.6	0.4	0.0	17.11	70	1.2758	2.0930	680	681.04	976.80	
429373	51	694.5	700.5	495.0	700.5	289.5	0.88	4.58	0	1,314	63	0.81	5.5	21.6	0.4	0.0	17.04	70	1.2758	2.0930	680	681.04	976.33	
430015	51	695.2	700.8	495.0	700.8	289.2	0.69	4.58	0	1,300	62	0.81	5.5	22.0	0.4	0.0	16.99	70	1.2758	2.1016	680	681.04	975.94	
430540	51	695.8	700.5	494.8	700.5	289.5	0.69	4.58	0	1,289	62	0.81	5.5	22.0	0.4	0.0	17.02	70	1.2758	2.1016	680	681.04	975.55	
431054	52	696.4	699.5	494.6	699.5	289.5	0.88	4.58	0	1,271	61	0.56	5.5	22.0	0.4	0.0	16.78	70	1.2758	2.1016	680	681.13	975.62	
431585	52	696.9	698.5	494.3	698.5	289.5	0.88	4.58	0	1,261	60	0.56	5.5	22.0	0.4	0.0	17.25	70	1.2758	2.1016	680	681.13	974.53	
432137	52	697.4	697.5	493.8	697.5	289.8	0.69	4.58	0	1,250	60	0.56	5.5	21.6	0.4	0.0	17.37	70	1.2758	2.0930	680	681.25	974.92	
432663	52	697.9	696.5	493.3	696.5	290.5	0.88	4.58	0	1,237	59	0.56	5.5	21.6	0.4	0.0	17.41	70	1.2758	2.0930	680	681.34	974.30	
433268	52	698.4	694.8	492.1	694.8	290.5	0.88	4.58	0	1,227	58	0.56	5.5	21.6	0.4	0.0	17.32	70	1.2758	2.0930	680	681.44	974.30	
433829	53	698.8	692.8	491.7	692.5	290.5	0.88	4.58	0	1,213	58	0.56	5.5	21.6	0.4	0.0	17.67	70	1.2758	2.0844	680	681.53	974.38	
434405	53	699.1	690.5	490.8	690.8	290.8	0.88	4.58	0	1,201	57	0.56	5.5	22.0	0.4	0.0	17.62	70	1.2758	2.1023	680	681.65	973.83	
434934	53	699.4	689.2	490.0	689.2	290.5	0.88	4.58	0	1,194	57	0.56	5.5	21.6	0.4	0.0	17.60	70	1.2758	2.0938	680	681.83	973.98	
435469	53	699.7	687.5	489.5	687.5	290.5	0.88	4.58	0	1,180	56	0.56	5.5	21.6	0.4	0.0	17.60	70	1.2758	2.0938	680	681.93	973.44	
436007	53	700.0	685.8	488.1	685.5	290.8	0.88	4.58	0	1,173	56	0.56	5.5	21.6	0.4	0.0	17.70	70	1.2758	2.0852	680	682.05	972.89	
436607	53	700.2	683.5	487.1	683.5	290.8	1.06	4.58	0	1,164	56	0.31	5.5	21.6	0.4	0.0	17.84	70	1.2758	2.0852	680	682.23	972.34	
437130	53	700.5	681.5	486.3	681.2	290.8	1.06	4.58	0	1,152	55	0.56	5.5	21.6	0.4	0.0	18.02	70	1.2758	2.0852	680	682.35	972.73	
437655	53	700.6	679.5	485.3	679.2	290.8	1.06	4.58	0	1,127	53	0.31	5.5	21.6	0.4	0.0	17.79	70	1.2758	2.0852	680	682.44	972.27	
438182	54	700.8	678.2	484.5	677.8	290.8	1.25	4.58	0	1,077	51	0.31	5.5	21.6	0.4	0.0	18.63	70	1.2758	2.0852	680	682.54	971.72	
438814	54	701.0	675.8	483.3	675.5	291.5	1.25	4.58	0	1,252	49	0.56	5.5	21.6	0.4	0.0	13.92	70	1.2758	2.0852	680	682.63	969.61	
439381	54	701.1	673.8	482.8	673.8	291.5	1.25	4.58	0	1,142	45	0.56	5.5	21.6	0.4	0.0	18.07	70	1.2758	2.0852	680	682.84	971.09	
439897	54	701.3	671.5	481.5	671.5	291.5	1.06	4.58	0	1,154	44	0.56	5.5	21.6	0.4	0.0	18.70	70	1.2758	2.0852	680	682.94	970.94	
440424	54	701.4	669.8	480.6	669.8	291.2	1.06	4.58	0	1,449	44	0.81	5.5	21.6	0.4	0.0	10.43	70	1.2758	2.0852	680	683.03	968.75	
440948	54	701.5	667.5	479.8	667.5	291.5	0.56	4.58	0	1,431	43	1.12	5.5	21.6	0.4	0.0	18.33	70	1.2758	2.0852	680	683.15	972.03	
441516	54	701.6	665.5	478.6	665.5	291.5	0.69	4.58	0	1,450	43	1.12	5.5	21.6	0.4	0.0	19.22	70	1.2758	2.0852	680	683.24	975.00	
442095	54	701.8	663.8	477.8	663.8	292.2	0.69	4.58	0	1,424	42	1.12	5.5	21.6	0.4	0.0	19.38	70	1.2758	2.0852	680	683.33	976.72	
443124	54	702.0	660.2	476.0	659.8	291.8	0.56	4.58	0	1,382	41	1.12	5.5	21.6	0.4	0.0	19.27	70	1.2758	2.0852	680	683.55	977.50	
443696	55	702.2	658.5	475.0	658.2	291.8	1.94	4.58	0	1,363	40	1.94	5.5	21.6	0.4	0.0	16.17	70	1.2758	2.0852	680	683.64	974.53	
444213	55	702.3	656.8	474.7	656.5	292.2	1.94	4.58	0	1,405	40	1.62	5.5	21.6	0.4	0.0	40.17	70	1.2758	2.0852	680	683.73	967.19	
444728	55	702.3	655.2	473.6	655.2	291.8	3.00	4.58	0	1,481	41	5.69	5.5	21.6	0.4	0.0	62.41	70	1.2758	2.0852	680	683.85	1,010.62	
445288	55	702.0	653.8	472.8	653.8	291.8	3.69	4.58	0	1,463	42	8.12	5.5	21.6	0.4	0.0	72.84	70	1.2758	2.0852	680	684.04	1,091.88	
445844	55	701.6	652.8	472.7	652.8	291.8	4.19	4.58	0	1,519	44	10.56	5.5	21.6	0.4	0.0	76.78	70	1.2758	2.0852	680	684.25	1,154.38	
446396	54	701.2	652.2	472.0	651.8	292.2	4.19	4.58	0	1,562	46	11.88	5.5	21.6	0.4	0.0	75.70	70	1.2758	2.0852	680	684.44	1,157.19	
446985	54	700.8	651.5	472.0	651.5	292.2	5.06	4.58	0	1,655	47	12.19	5.5	21.6	0.4	0.0	73.62	70	1.2758	2.0852	680	684.65	1,171.02	
447515	53	700.5	652.2	472.3	652.2	292.5	5.38	4.58	0	1,670	49	12.69	5.5	21.6	0.4	0.0	78.70	70	1.2758	2.0852	680	684.83	1,243.59	
448153	53	700.2	652.5	472.3	652.8	292.5	8.19	4.58	0	1,702	50	20.00	5.5	21.6	0.4	0.0	111.84	70	1.2758	2.0852	685	685.05	1,540.55	
448688	53	700.0	654.5	473.3	654.5	293.2	11.81	4.58	0	1,813	53	29.19	5.5	21.6	0.4	0.0	114.96	70	1.2758	2.0852	685	685.23	1,536.25	
449197	52	699.7	655.5	474.2	655.5	292.8	12.88	4.58	0	1,875	55	30.25	5.5	21.2	0.4	0.0	120.09	70	1.2758	2.0758	685	685.35	1,616.41	
449728	52	699.7	657.5	475.2	657.5	293.5	14.44	4.58	0	1,943	58	36.19	5.5	21.6	0.4	0.0	127.76	70	1.2758	2.0844	685	685.44	1,703.12	
450263	52	699.7	659.5	476.3	659.8	293.8	15.31	4.58	0	2,042	60	39.44	5.5	21.2	0.4	0.0	127.92	70	1.2758	2.0836	685	685.54	1,746.80	
450777	52	699.7	662.5	477.6	662.8	293.8	16.69	4.58	0	2,138	63	45.62	5.5	21.6	0.4	0.0	133.59	70	1.2758	2.0922	685	685.63	1,804.45	
451316	52	699.5	665.2	479.6	665.8	294.2	20.31	4.58	0	2,264	66	56.19	5.5	21.6	0.4	0.0	134.65	70	1.2758	2.0914	685	685.63	1,783.05	
451862	51	699.4	669.2	481.3	669.2	294.5	18.75	4.58	0	2,323	69	53.19	5.5	22.0	0.4	0.0	121.66	70	1.2758	2.1078	685	685.75	1,568.59	
452375	51	699.6	672.5	483.3	672.8	294.8	10.06	4.58	0	2,359	71	23.00	5.5	22.0	0.4	0.0	42.80	70	1.2758	2.0984	685	685.94	1,086.88	
452892	50	700.3	676.8	485.8	677.5	295.2	3.69	4.58	0	2,250	71	1.12	5.5	22.0	0.4	0.0	21.14	70	1.2758	2.1070	685	686.03	1,004.30	
453425	50	700.9	681.2	488.1	681.5	295.5	0.56	4.58	0	1,611	70	1.12	5.5	22.0	0.4	0.0	16.90	70	1.2758	2.0984	685	686.24	982.97	
453950	50	701.4	685.2	490.0	685.5	295.5	0.88	4.58	0	1,706	70	1.12	5.5	22.0	0.4	0.0	17.23	70	1.2758	2.1070	685	686.33	975.70	
454528	50	702.0	688.8	492.1	689.2	295.8	0.69	4.58	0	1,783	69	0.81	5.5	22.0	0.4	0.0	17.37	70	1.2758	2.1156	685	686.43	978.52	
455089	51	702.6	691.5	493.6	691.8	295.8	0.69	4.58	0	1,691	68	1.12	5.5	22.0	0.4	0.0	17.67	70	1.2758	2.1141	685	686.55	980.55	
455699	51	703.2	693.8	495.1	694.2	296.5	0.56	4.58	0	1,431	67	1.12	5.5	22.4	0.4	0.0	17.27	70	1.2758	2.1055	685	686.64	979.30	
456321	51	703.7	695.5	496.1	695.8	296.8	0.69	4.58	0	1,407	67	0.81	5.5	22.0	0.4	0.0	17.30	70	1.2758	2.1133	685	686.73	978.98	
457196	52	704.5	696.8	496.8	696.8	296.8	0.69	4.58	0	1,265	65	0.56	5.5	22.0	0.4	0.0	14.70	70	1.2758	2.1125	685	686.85	976.41	
457759	52	705.0	697.2	497.1	697.5	296.8	0.38	4.58	0	1,349	65	0.56	5.5	22.0	0.4	0.0	16.97	70	1.2758	2.1125	685	686.94	974.61	
458265	52	705.5	696.8	497.0	697.5	297.5	0.69	4.58	0	1,338	64	0.81	5.5	22.4	0.4	0.0	17.58	70	1.2758	2.1203	685	687.04	975.55	
458841	52	705.9	696.5	497.1	696.8	297.5	0.69	4.58	0	1,321	63	0.81	5.5	22.4	0.4	0.0	17.60	70	1.2758	2.1203	685	687.13	975.70	
459365	53	706.3	696.2	496.7	695.8	297.5	0.69	4.58	0	1,305	62	0.56	5.5	22.4	0.4	0.0	17.55	70	1.2758	2.1203	685	687.25	976.17	
459885	53	706.8	694.8	496.1	695.2	297.5	0.69	4.58	0	1,285	61	0.81	5.5	22.4	0.4	0.0	17.55	70	1.2758	2.1203	685	687.34	976.09	
460402	53	707.1	694.2	496.0	693.8	297.5	0.69	4.58	0	1,266	60	0.56	5.5	22.4	0.4	0.0	17.77	70	1.2758	2.1203	685	687.44	975.78	
460945	53	707.5	692.8	495.5	692.8	297.8	0.88	4.58	0	1,254	60	0.56	5.5	22.0	0.4	0.0	17.58	70	1.2758	2.1125	685	687.53	975.39	
461492	53	707.9	691.5	494.6	691.2	297.8	0.69	4.58	0	1,266	59	0.56	5.5	22.4	0.4	0.0	31.01	70	1.2758	2.1297	685	687.74	962.58	
462011	53	708.3	689.8	493.8	689.8	298.2	2.81	4.58	0	1,367	59	4.62	5.5	22.4	0.4	0.0	64.66	70	1.2758	2.1219	685	687.93	993.28	
462530	54	708.8	688.5	493.5	688.5	297.8	3.81	4.58	0	1,320	59	8.69	5.5	22.4	0.4	0.0	88.34	70	1.2758	2.1219	685	688.14	1,110.16	
463106	54	709.5	687.2	493.0	686.8	298.2	4.38	4.58	0	1,286	60	12.44	5.5	22.0	0.4	0.0	101.55	70	1.2758	2.1133	685	688.44	1,262.50	
463637	54	710.5	686.2	492.2	686.2	298.2	5.75	4.58	0	1,334	60	16.25	5.5	22.0	0.4	0.0	110.39	70	1.2758	2.1133	685	688.75	1,228.36	
464150	53	711.5	685.8	492.0	685.5	298.5	1.94	4.58	0	1,273	61	6.75	5.5	22.0	0.4	0.0	41.34	70	1.2758	2.1133	685	689.15	1,057.19	
464667	53	712.2	685.5	492.0	685.5	298.5	1.06	4.58	0	1,264	60	1.12	5.5	22.0	0.4	0.0	16.83	70	1.2758	2.1133	685	689.33	997.73	
465265	52	712.8	685.8	492.3	685.8	298.5	1.25	4.58	0	1,257	60	0.31	5.5	22.4	0.4	0.0	11.32	70	1.2758	2.1227	685	689.73	974.38	
465830	52	713.2	686.2	492.5	686.2	298.8	0.88	4.58	0	1,236	59	0.56	5.5	22.4	0.4	0.0	17.27	70	1.2758	2.1141	690	690.04	969.77	
466339	52	713.7	686.2	492.5	686.5	298.8	0.88	4.58	0	1,229	58	0.31	5.5	22.0	0.4	0.0	17.11	70	1.2758	2.1141	690	690.34	974.06	
466908	52	714.1	686.2	492.6	686.2	298.8	1.06	4.58	0	1,202	57	0.56	5.5	22.0	0.4	0.0	17.25	70	1.2758	2.1141	690	690.65	973.98	
467482	53	714.5	685.5	492.3	685.5	299.2	1.06	4.58	0	1,181	56	0.56	5.5	22.0	0.4	0.0	17.18	70	1.2758	2.1141	690	690.93	973.28	
468070	53	714.9	685.2	492.2	685.2	299.2	1.06	4.58	0	1,161	55	0.31	5.5	22.0	0.4	0.0	17.37	70	1.2758	2.1141	690	691.23	972.81	
468599	53	715.1	683.8	491.5	683.8	299.2	1.06	4.58	0	1,147	55	0.56	5.5	22.0	0.4	0.0	16.95	70	1.2758	2.1141	690	691.54	972.27	
469123	53	715.4	682.8	491.2	682.5	299.2	1.06	4.58	0	1,133	54	0.31	5.5	22.0	0.4	0.0	17.16	70	1.2758	2.1141	690	691.84	971.88	
469641	53	715.7	681.8	490.7	681.5	299.5	1.25	4.58	0	1,114	53	0.31	5.5	22.0	0.4	0.0	17.46	70	1.2758	2.1141	690	692.15	971.64	
470238	53	715.9	680.2	490.0	680.2	299.2	1.06	4.58	0	1,098	52	0.31	5.5	22.0	0.4	0.0	17.11	70	1.2758	2.1141	690	692.43	971.17	
470761	53	716.1	679.2	489.3	678.5	299.2	1.25	4.58	0	1,081	51	0.31	5.5	22.0	0.4	0.0	17.27	70	1.2758	2.1141	690	692.64	970.86	
471282	53	716.3	677.5	489.0	677.5	299.5	1.25	4.58	0	1,066	51	0.31	5.5	22.0	0.4	0.0	16.83	70	1.2758	2.1141	690	692.94	970.47	
471824	54	716.5	676.2	487.8	676.2	300.2	1.25	4.58	0	1,046	50	0.31	5.5	22.0	0.4	0.0	17.30	70	1.2758	2.1141	690	693.13	969.30	
472381	54	716.7	674.8	487.1	674.5	299.5	1.25	4.58	0	1,029	49	0.00	5.5	22.0	0.4	0.0	17.18	70	1.2758	2.1141	690	693.44	969.30	
472931	54	716.8	673.2	486.3	672.8	299.8	1.44	4.58	0	1,016	48	0.56	5.5	22.0	0.4	0.0	16.95	70	1.2758	2.1141	690	693.65	968.98	
473484	54	716.9	671.5	485.8	671.2	299.8	1.44	4.58	0	1,002	48	0.56	5.5	22.0	0.4	0.0	14.60	70	1.2758	2.1141	690	693.83	962.66	
474120	54	717.0	669.5	484.5	669.5	299.8	2.25	4.58	0	1,059	47	1.62	5.5	22.0	0.4	0.0	69.16	70	1.2758	2.1141	690	694.14	980.55	
474648	55	717.0	668.2	484.1	667.8	300.2	2.62	4.58	0	1,028	48	4.62	5.5	22.0	0.4	0.0	77.51	70	1.2758	2.1141	690	694.44	1,026.02	
475171	54	716.9	666.5	483.5	666.5	299.5	3.31	4.58	0	1,024	48	5.94	5.5	22.0	0.4	0.0	84.30	70	1.2758	2.1141	690	694.75	1,102.42	
475682	54	716.8	665.5	483.0	665.5	299.8	3.50	4.58	0	1,078	48	7.88	5.5	22.0	0.4	0.0	89.37	70	1.2758	2.1141	695	695.03	1,160.86	
476210	54	716.7	664.8	482.3	664.8	300.5	3.69	4.58	0	1,099	49	8.38	5.5	22.0	0.4	0.0	92.88	70	1.2758	2.1063	695	695.33	1,188.75	
476724	53	716.5	664.5	482.5	664.5	300.5	3.31	4.58	0	1,091	50	8.94	5.5	22.0	0.4	0.0	86.39	70	1.2758	2.1063	695	695.64	1,147.81	
477265	53	716.5	664.5	482.6	664.5	300.2	3.69	4.58	0	1,123	50	8.94	5.5	22.0	0.4	0.0	82.50	70	1.2758	2.1063	695	695.94	1,123.44	
477817	53	716.4	665.5	483.0	665.5	300.5	2.44	4.58	0	1,086	51	5.12	5.5	22.0	0.4	0.0	34.20	70	1.2758	2.0977	695	696.25	1,039.06	
478355	52	716.2	665.5	483.3	665.8	300.5	1.25	4.58	0	1,047	51	0.56	5.5	22.0	0.4	0.0	17.30	70	1.2758	2.1156	695	696.53	987.81	
478791	52	716.1	666.5	483.5	666.8	300.5	1.25	4.58	0	1,047	51	0.31	5.5	22.0	0.4	0.0	11.98	70	1.2758	2.1156	695	696.74	971.09	
479317	52	715.9	667.5	484.1	667.8	301.2	2.44	4.58	0	1,097	51	1.62	5.5	22.0	0.4	0.0	50.11	70	1.2758	2.1070	695	696.93	971.33	
479891	52	715.5	668.5	484.6	668.5	300.8	1.56	4.58	0	1,058	51	2.19	5.5	22.0	0.4	0.0	25.73	70	1.2758	2.0984	695	697.35	982.03	
480499	52	715.0	668.8	485.2	669.2	301.2	1.44	4.58	0	1,065	51	0.56	5.5	22.0	0.4	0.0	14.79	70	1.2758	2.0984	695	697.54	969.45	
481070	52	714.5	669.8	485.3	669.8	301.2	1.25	4.58	0	1,081	51	0.31	5.5	22.0	0.4	0.0	14.18	70	1.2758	2.0984	695	697.84	963.67	
481627	52	714.2	669.8	485.6	669.8	301.5	1.44	4.58	0	1,050	51	0.31	5.5	22.0	0.4	0.0	16.38	70	1.2758	2.0984	695	698.03	963.59	
482266	52	713.8	670.2	485.6	669.8	301.5	1.25	4.58	0	1,066	51	0.31	5.5	22.0	0.4	0.0	16.01	70	1.2758	2.0984	695	698.24	967.19	
482833	53	713.5	669.8	485.8	670.2	301.8	1.06	4.58	0	1,059	50	0.00	5.5	22.0	0.4	0.0	16.62	70	1.2758	2.0984	695	698.43	967.97	
483352	53	713.2	669.5	485.5	669.5	301.5	0.88	4.58	0	1,088	50	0.56	5.5	22.0	0.4	0.0	37.69	70	1.2758	2.0984	695	698.64	960.62	
483869	53	712.8	668.5	485.5	668.5	301.8	2.44	4.58	0	1,162	51	2.75	5.5	22.0	0.4	0.0	58.52	70	1.2758	2.0984	695	698.85	977.19	
484400	54	712.2	668.2	484.8	667.8	301.5	2.25	4.58	0	1,109	52	4.62	5.5	22.0	0.4	0.0	56.04	70	1.2758	2.0984	695	699.13	993.83	
484974	54	711.5	667.2	484.8	667.2	302.2	1.25	4.58	0	1,093	53	1.38	5.5	22.0	0.4	0.0	19.78	70	1.2758	2.0984	695	699.25	982.27	
485508	53	710.9	666.8	484.7	666.8	302.2	2.25	4.58	0	1,136	53	1.38	5.5	22.0	0.4	0.0	52.62	70	1.2758	2.0984	695	699.44	976.48	
486033	53	710.0	666.5	484.5	666.2	301.8	3.00	4.58	0	1,238	54	5.12	5.5	22.0	0.4	0.0	68.39	70	1.2758	2.0984	695	699.65	1,021.80	
486566	53	709.2	666.2	484.5	666.5	302.2	1.56	4.58	0	1,167	55	2.44	5.5	22.0	0.4	0.0	25.17	70	1.2758	2.0984	695	699.74	1,001.48	
487124	53	708.3	666.5	484.5	666.5	302.2	1.06	4.58	0	1,132	55	0.56	5.5	22.0	0.4	0.0	14.48	70	1.2758	2.0984	695	699.83	976.88	
487654	53	707.6	666.5	484.3	666.8	302.5	1.94	4.58	0	1,140	55	0.00	5.5	22.0	0.4	0.0	13.97	70	1.2758	2.0984	700	699.93	968.44	
488186	53	706.9	666.8	484.5	666.5	302.5	0.88	4.58	0	1,148	55	0.31	5.5	22.0	0.4	0.0	17.09	70	1.2758	2.0984	700	700.05	966.80	
488710	53	706.3	666.5	484.5	666.5	302.8	1.06	4.58	0	1,153	55	0.31	5.5	22.0	0.4	0.0	16.73	70	1.2758	2.0984	700	700.14	971.02	
489232	53	705.8	666.2	484.3	666.5	302.5	2.25	4.58	0	1,183	55	0.56	5.5	22.0	0.4	0.0	23.86	70	1.2758	2.0984	700	700.23	959.45	
489817	53	705.1	665.8	484.0	665.8	302.5	2.44	4.58	0	1,254	56	3.50	5.5	22.0	0.4	0.0	65.88	70	1.2758	2.0984	700	700.35	983.75	
490392	54	704.1	665.2	483.8	665.2	302.5	3.00	4.58	0	1,244	57	6.50	5.5	22.0	0.4	0.0	74.11	70	1.2758	2.0984	700	700.35	1,061.95	
491021	54	703.0	664.5	483.6	664.5	302.5	3.12	4.58	0	1,243	58	7.56	5.5	22.0	0.4	0.0	48.16	70	1.2758	2.0984	700	700.35	1,049.53	
491575	53	701.9	664.5	483.5	664.5	302.5	0.69	4.58	0	1,185	58	0.81	5.5	22.0	0.4	0.0	17.37	70	1.2758	2.0984	700	700.23	992.27	
492104	53	701.0	664.5	483.3	664.5	302.5	0.69	4.58	0	1,215	58	0.00	5.5	22.0	0.4	0.0	12.21	70	1.2758	2.0984	700	700.23	974.53	
492666	53	700.2	664.8	483.6	664.8	302.8	2.12	4.58	0	1,263	59	0.81	5.5	22.0	0.4	0.0	18.84	70	1.2758	2.0984	700	700.23	961.25	
493219	53	699.3	665.2	483.8	665.2	302.5	2.25	4.58	0	1,311	59	2.75	5.5	22.0	0.4	0.0	55.55	70	1.2758	2.0984	700	700.14	978.28	
493784	53	698.0	665.5	484.0	665.5	302.5	1.56	4.58	0	1,285	60	3.25	5.5	22.0	0.4	0.0	27.02	70	1.2758	2.0984	700	700.05	992.03	
494328	53	696.9	665.5	484.1	665.5	302.8	1.06	4.58	0	1,249	60	0.81	5.5	22.0	0.4	0.0	14.37	70	1.2758	2.0984	700	700.05	975.08	
494840	53	696.0	665.8	484.0	665.5	303.2	0.38	4.58	0	1,247	60	0.56	5.5	22.0	0.4	0.0	11.74	70	1.2758	2.0984	700	699.93	967.50	
495401	53	695.1	665.5	484.0	665.5	302.8	0.69	4.58	0	1,243	60	0.81	5.5	22.0	0.4	0.0	17.04	70	1.2758	2.0984	700	699.93	966.95	
495912	53	694.3	665.8	484.1	665.5	302.8	0.69	4.58	0	1,248	59	0.56	5.5	22.0	0.4	0.0	17.51	70	1.2758	2.0984	695	699.83	970.70	
496442	53	693.6	665.5	484.0	665.5	302.8	0.69	4.58	0	1,239	59	0.56	5.5	22.0	0.4	0.0	17.46	70	1.2758	2.0984	695	699.74	972.34	
496988	53	693.0	665.2	484.0	665.2	302.8	0.88	4.58	0	1,226	59	0.56	5.5	22.0	0.4	0.0	17.44	70	1.2758	2.0984	695	699.74	973.52	
497552	54	692.4	664.5	483.8	664.8	302.8	0.69	4.58	0	1,221	58	0.56	5.5	22.0	0.4	0.0	17.44	70	1.2758	2.0984	695	699.65	973.44	
498094	54	691.9	663.8	483.1	663.8	302.5	0.88	4.58	0	1,211	58	0.56	5.5	22.0	0.4	0.0	17.70	70	1.2758	2.0984	695	699.53	973.28	
498634	54	691.4	663.2	482.8	662.5	302.5	0.88	4.58	0	1,201	57	0.56	5.5	22.0	0.4	0.0	17.53	70	1.2758	2.0984	695	699.44	973.44	
499207	54	691.0	662.2	482.1	661.8	302.5	0.88	4.58	0	1,193	57	0.56	5.5	22.0	0.4	0.0	17.91	70	1.2758	2.0984	695	699.44	973.44	
499834	54	690.6	660.5	481.6	660.8	302.5	0.88	4.58	0	1,183	56	0.56	5.5	22.0	0.4	0.0	17.65	70	1.2758	2.0984	695	699.25	972.50	
500343	54	690.2	660.2	481.2	659.5	302.5	0.88	4.58	0	1,172	56	0.56	5.5	22.0	0.4	0.0	17.67	70	1.2758	2.0984	695	699.25	972.66	
500901	54	689.8	658.8	480.6	658.8	302.5	0.88	4.58	0	1,164	55	0.56	5.5	22.0	0.4	0.0	18.02	70	1.2758	2.0984	695	699.04	972.27	
501416	54	689.5	657.8	480.0	657.5	302.2	1.06	4.58	0	1,150	55	0.56	5.5	22.0	0.4	0.0	17.81	70	1.2758	2.0984	695	698.94	972.73	
501939	55	689.2	656.5	479.5	656.2	302.5	1.06	4.58	0	1,137	54	0.56	5.5	22.0	0.4	0.0	17.79	70	1.2758	2.0984	695	698.85	972.27	
502506	55	688.9	655.5	478.8	655.5	301.8	1.25	4.58	0	1,100	51	0.31	5.5	22.0	0.4	0.0	17.81	70	1.2758	2.0984	695	698.64	971.09	
503017	55	688.6	653.8	478.0	653.8	301.8	1.56	4.58	0	1,236	50	0.81	5.5	22.0	0.4	0.0	12.56	70	1.2758	2.0984	695	698.55	968.75	
503605	55	688.2	652.8	477.3	652.5	302.2	0.69	4.58	0	1,255	50	0.56	5.5	22.0	0.4	0.0	17.91	70	1.2758	2.0984	695	698.33	970.70	
504189	55	687.9	651.5	476.8	651.8	301.5	3.50	4.58	0	1,314	49	1.38	5.5	22.0	0.4	0.0	18.02	70	1.2758	2.0984	695	698.15	964.53	
504797	55	687.5	650.5	476.0	649.8	301.8	2.25	4.58	0	1,339	50	3.00	5.5	22.0	0.4	0.0	52.41	70	1.2758	2.0984	695	697.84	976.09	
505347	55	686.7	649.2	475.3	649.5	301.8	2.81	4.58	0	1,309	50	5.69	5.5	22.0	0.4	0.0	68.77	70	1.2758	2.0984	695	697.63	1,008.44	
505862	55	685.7	648.5	475.0	648.2	301.5	3.00	4.58	0	1,360	51	8.38	5.5	22.0	0.4	0.0	69.80	70	1.2758	2.0984	695	697.35	1,034.84	
506391	55	684.6	648.2	475.0	647.8	301.5	3.00	4.58	0	1,369	52	8.69	5.5	22.0	0.4	0.0	67.52	70	1.2758	2.0984	695	696.93	1,032.89	
506972	55	683.4	647.5	474.5	647.5	301.5	2.62	4.58	0	1,400	53	8.94	5.5	22.0	0.4	0.0	63.12	70	1.2758	2.0984	695	696.53	1,019.77	
507532	54	682.0	648.2	474.8	648.2	301.5	2.62	4.58	0	1,444	54	8.69	5.5	22.0	0.4	0.0	62.91	70	1.2758	2.0984	695	696.04	1,009.53	
508142	54	680.5	648.5	475.1	648.8	301.5	2.62	4.58	0	1,443	55	8.94	5.5	22.0	0.4	0.0	61.55	70	1.2758	2.1078	695	695.55	1,035.78	
508669	54	678.8	649.5	475.5	649.5	301.5	2.25	4.58	0	1,443	56	3.00	5.5	22.0	0.4	0.0	28.36	70	1.2758	2.1078	695	694.94	1,010.62	
509231	53	676.8	651.5	476.3	651.5	301.2	2.12	4.58	0	1,164	55	0.81	5.5	22.0	0.4	0.0	14.67	70	1.2758	2.1000	690	694.44	979.61	
509793	53	675.4	652.8	477.1	653.2	301.2	1.25	4.58	0	1,148	55	0.56	5.5	22.0	0.4	0.0	14.37	70	1.2758	2.1000	690	694.05	969.14	
510327	53	674.3	654.5	478.0	654.5	301.5	1.25	4.58	0	1,108	55	0.56	5.5	21.6	0.4	0.0	16.97	70	1.2758	2.1086	690	693.74	967.11	
510868	53	673.3	655.5	478.6	655.5	301.2	1.06	4.58	0	1,144	54	0.56	5.5	22.0	0.4	0.0	17.95	70	1.2758	2.1086	690	693.44	970.39	
511399	53	672.4	656.5	479.0	656.5	301.5	1.06	4.58	0	1,124	54	0.56	5.5	22.0	0.4	0.0	17.44	70	1.2758	2.1086	690	693.04	970.62	
511989	53	671.5	656.5	479.0	656.5	301.5	1.06	4.58	0	1,116	53	0.31	5.5	22.0	0.4	0.0	17.34	70	1.2758	2.1086	690	692.73	970.86	
512624	53	670.8	657.2	479.0	657.2	301.5	1.25	4.58	0	1,102	53	0.56	5.5	22.0	0.4	0.0	17.53	70	1.2758	2.1086	690	692.33	971.02	
513201	54	670.0	657.2	479.2	657.2	301.2	1.25	4.58	0	1,092	52	0.31	5.5	22.0	0.4	0.0	17.34	70	1.2758	2.1086	690	692.03	971.17	
513758	54	669.4	656.5	478.8	656.8	300.8	1.25	4.58	0	1,086	52	0.31	5.5	22.0	0.4	0.0	18.59	70	1.2758	2.1086	690	691.75	969.92	
514293	54	668.8	655.8	478.7	656.2	301.2	1.94	4.58	0	1,125	52	1.12	5.5	22.0	0.4	0.0	50.20	70	1.2758	2.1086	690	691.44	959.77	
514819	54	668.1	655.8	478.7	655.5	300.8	3.00	4.58	0	1,207	53	5.44	5.5	22.0	0.4	0.0	68.88	70	1.2758	2.1086	690	690.93	1,018.67	
515343	54	667.1	655.2	478.3	655.2	300.8	3.00	4.58	0	1,135	54	6.50	5.5	22.0	0.4	0.0	84.54	70	1.2758	2.1086	690	690.44	1,093.67	
515918	54	665.9	654.8	477.8	654.8	301.2	3.69	4.58	0	1,183	55	9.75	5.5	22.0	0.4	0.0	96.40	70	1.2758	2.1086	685	689.73	1,202.81	
516451	54	664.7	655.2	478.2	655.2	301.2	4.19	4.58	0	1,198	56	13.25	5.5	22.0	0.4	0.0	70.20	70	1.2758	2.1086	685	688.94	1,105.62	
517075	53	663.6	655.8	478.3	655.8	300.8	1.56	4.58	0	1,180	56	3.25	5.5	22.0	0.4	0.0	23.44	70	1.2758	2.1008	685	688.23	1,015.23	
517623	53	662.7	656.8	478.6	657.2	301.2	1.06	4.58	0	1,182	56	0.56	5.5	22.0	0.4	0.0	12.47	70	1.2758	2.1008	685	687.65	980.23	
518144	52	661.9	658.2	479.5	657.8	301.2	1.44	4.58	0	1,153	57	0.31	5.5	21.6	0.4	0.0	15.66	70	1.2758	2.0922	685	687.13	971.64	
518658	53	661.3	659.5	480.0	659.2	300.8	0.88	4.58	0	1,185	56	0.31	5.5	21.6	0.4	0.0	17.37	70	1.2758	2.0922	685	686.73	969.45	
519198	53	660.7	659.8	480.7	660.2	300.8	0.88	4.58	0	1,176	56	0.56	5.5	22.0	0.4	0.0	17.39	70	1.2758	2.1016	685	686.24	973.98	
519771	53	660.1	660.8	481.0	660.8	300.8	1.06	4.58	0	1,166	56	0.56	5.5	22.0	0.4	0.0	17.39	70	1.2758	2.1016	685	685.84	973.67	
520308	53	659.7	660.8	480.6	661.2	300.8	1.06	4.58	0	1,153	55	0.56	5.5	22.0	0.4	0.0	17.46	70	1.2758	2.1016	685	685.44	973.28	
520850	53	659.3	660.8	480.8	660.8	300.5	1.06	4.58	0	1,155	55	0.56	5.5	22.0	0.4	0.0	17.60	70	1.2758	2.1016	685	685.05	972.97	
521396	53	658.9	660.8	480.8	660.8	300.8	1.06	4.58	0	1,150	55	0.56	5.5	22.0	0.4	0.0	17.62	70	1.2758	2.1016	680	684.65	973.28	
521946	54	658.6	660.5	480.5	660.2	300.5	1.06	4.58	0	1,140	54	0.56	5.5	22.0	0.4	0.0	17.67	70	1.2758	2.1016	680	684.34	972.73	
522476	54	658.3	659.5	480.6	659.8	300.5	1.06	4.58	0	1,120	53	0.56	5.5	22.0	0.4	0.0	17.48	70	1.2758	2.1016	680	684.04	972.34	
523022	54	658.1	658.8	480.0	659.2	300.8	1.06	4.58	0	1,101	53	0.56	5.5	22.0	0.4	0.0	14.86	70	1.2758	2.1016	680	683.64	971.17	
523569	54	657.8	658.8	479.6	658.5	300.8	0.88	4.58	0	1,333	52	0.31	5.5	22.0	0.4	0.0	15.70	70	1.2758	2.1016	680	683.33	970.00	
524126	54	657.6	657.5	479.0	657.2	300.5	0.56	4.58	0	1,316	52	0.81	5.5	22.0	0.4	0.0	17.93	70	1.2758	2.1016	680	682.94	973.12	
524664	54	657.4	656.5	478.6	656.5	300.8	0.56	4.58	0	1,344	52	0.81	5.5	22.0	0.4	0.0	18.28	70	1.2758	2.1016	680	682.63	974.92	
525214	54	657.2	656.2	478.3	656.2	300.5	0.56	4.58	0	1,339	52	0.81	5.5	22.0	0.4	0.0	18.38	70	1.2758	2.1016	680	682.35	976.33	
525915	54	657.0	654.5	477.5	654.5	300.5	0.56	4.58	0	1,328	52	0.81	5.5	22.0	0.4	0.0	18.33	70	1.2758	2.1016	680	681.93	976.95	
526433	55	656.9	653.8	477.1	653.8	300.5	0.69	4.58	0	1,331	52	0.81	5.5	22.0	0.4	0.0	18.23	70	1.2758	2.1016	680	681.65	977.19	
526942	55	656.7	652.5	476.6	652.5	300.5	0.69	4.58	0	1,325	51	1.12	5.5	22.0	0.4	0.0	18.54	70	1.2758	2.1016	680	681.34	977.19	
527466	55	656.6	651.5	476.1	651.8	300.2	0.69	4.58	0	1,324	52	1.12	5.5	22.0	0.4	0.0	18.52	70	1.2758	2.1016	680	681.04	977.50	
528008	55	656.5	651.2	475.6	650.8	300.5	0.69	4.58	0	1,321	51	0.81	5.5	22.0	0.4	0.0	18.61	70	1.2758	2.1016	680	680.73	977.42	
528560	55	656.3	649.8	475.0	649.8	300.2	0.56	4.58	0	1,319	51	0.81	5.5	22.0	0.4	0.0	18.66	70	1.2758	2.1016	680	680.43	977.58	
529120	55	656.2	648.5	474.6	648.8	300.5	0.69	4.58	0	1,316	51	0.81	5.5	22.0	0.4	0.0	18.61	70	1.2758	2.1016	680	680.15	977.34	
529639	55	656.1	647.5	474.1	647.5	300.2	1.06	4.58	0	1,077	51	0.31	5.5	22.0	0.4	0.0	18.14	70	1.2758	2.1016	675	679.84	975.47	
530177	55	656.0	646.5	473.3	646.8	300.2	1.25	4.58	0	1,073	51	0.31	5.5	22.0	0.4	0.0	18.09	70	1.2758	2.1016	675	679.54	973.28	
530751	55	655.8	645.5	473.2	645.5	300.2	1.25	4.58	0	1,065	50	0.56	5.5	22.0	0.4	0.0	18.42	70	1.2758	2.1016	675	679.23	972.27	
531286	55	655.7	644.8	472.7	644.8	300.2	1.25	4.58	0	1,053	50	0.31	5.5	22.0	0.4	0.0	18.21	70	1.2758	2.1016	675	678.93	971.33	
531816	55	655.5	644.2	472.0	643.8	300.5	1.25	4.58	0	1,051	50	0.31	5.5	22.0	0.4	0.0	18.28	70	1.2758	2.1016	675	678.65	970.55	
532420	55	655.4	642.5	471.3	642.8	299.8	1.25	4.58	0	1,039	50	0.56	5.5	22.0	0.4	0.0	18.21	70	1.2758	2.1016	675	678.34	970.31	
532947	55	655.2	641.8	471.0	641.5	300.2	1.44	4.58	0	1,033	49	0.56	5.5	22.0	0.4	0.0	18.28	70	1.2758	2.1016	675	678.04	969.92	
533506	56	655.0	640.5	470.5	640.5	300.2	1.44	4.58	0	1,020	49	0.31	5.5	22.0	0.4	0.0	18.00	70	1.2758	2.1016	675	677.73	969.77	
534119	56	654.8	639.8	469.8	639.5	299.8	1.44	4.58	0	1,008	48	0.56	5.5	22.0	0.4	0.0	18.14	70	1.2758	2.1016	675	677.43	969.30	
534648	56	654.7	638.5	469.5	638.5	300.2	1.25	4.58	0	1,000	48	0.31	5.5	22.0	0.4	0.0	18.05	70	1.2758	2.1016	675	677.15	969.06	
535241	56	654.4	637.2	468.6	637.5	299.8	1.56	4.58	0	1,001	47	0.31	5.5	22.0	0.4	0.0	24.23	70	1.2758	2.1016	675	676.84	958.20	
535855	56	654.1	636.2	468.2	636.2	299.5	3.00	4.58	0	1,128	47	4.06	5.5	22.0	0.4	0.0	70.01	70	1.2758	2.1016	675	676.35	994.61	
536381	56	653.4	635.2	467.3	634.8	299.5	3.12	4.58	0	1,019	48	5.12	5.5	22.0	0.4	0.0	81.94	70	1.2758	2.1016	675	675.93	1,064.77	
536949	56	652.6	634.5	467.0	634.5	299.8	3.69	4.58	0	1,269	48	9.75	5.5	22.0	0.4	0.0	96.05	70	1.2758	2.1016	675	675.34	1,185.16	
537465	55	651.6	633.8	466.8	634.2	299.8	4.88	4.58	0	1,363	49	14.62	5.5	22.0	0.4	0.0	104.65	70	1.2758	2.1016	670	674.73	1,322.03	
538000	55	650.4	634.5	467.0	634.2	299.8	9.25	4.58	0	1,701	50	24.31	5.5	21.6	0.4	0.0	117.61	70	1.2758	2.0836	670	673.84	1,531.72	
538560	54	649.2	635.2	467.1	635.5	299.8	12.00	4.58	0	1,748	52	30.25	5.5	21.6	0.4	0.0	119.65	70	1.2758	2.0922	670	672.83	1,578.12	
539102	54	647.9	636.8	468.1	637.2	299.8	12.69	4.58	0	1,828	54	32.69	5.5	21.6	0.4	0.0	125.65	70	1.2758	2.0828	670	671.33	1,649.84	
539631	53	646.9	639.2	469.1	639.2	299.5	14.25	4.58	0	1,916	56	36.50	5.5	21.6	0.4	0.0	126.26	70	1.2758	2.0914	670	670.05	1,655.00	
540209	53	646.3	642.5	471.1	642.8	300.2	14.06	4.58	0	1,964	58	36.75	5.5	21.6	0.4	0.0	123.73	70	1.2758	2.0906	665	668.33	1,651.88	
540740	52	646.0	646.2	473.0	646.5	300.2	14.62	4.58	0	2,026	60	39.44	5.5	22.0	0.4	0.0	124.66	70	1.2758	2.0984	665	666.83	1,664.22	
541291	52	646.0	650.8	475.6	651.5	300.2	16.31	4.58	0	2,106	63	45.62	5.5	21.6	0.4	0.0	125.20	70	1.2758	2.0977	665	665.03	1,639.14	
541846	51	646.3	655.5	477.7	656.2	300.8	16.31	4.58	0	2,183	65	44.56	5.5	22.0	0.4	0.0	124.80	70	1.2758	2.1141	660	663.53	1,592.34	
542377	51	647.0	660.5	480.1	660.8	300.8	13.94	4.58	0	2,234	66	38.88	5.5	22.0	0.4	0.0	75.80	70	1.2758	2.1055	660	662.15	1,186.17	
543007	50	647.9	665.5	483.0	666.5	300.8	2.62	4.58	0	2,329	66	3.81	5.5	22.0	0.4	0.0	18.30	70	1.2758	2.1055	660	660.74	997.50	
543519	50	648.6	671.2	485.8	671.5	301.2	3.69	4.58	0	1,940	65	4.88	5.5	22.4	0.4	0.0	54.49	70	1.2758	2.1227	655	659.85	964.53	
544043	50	649.5	676.8	488.7	677.2	301.2	5.25	4.58	0	1,761	66	10.25	5.5	22.0	0.4	0.0	76.83	70	1.2758	2.1055	655	658.94	1,061.72	
544632	50	650.9	681.5	491.3	682.2	301.2	6.62	4.58	0	1,722	66	15.94	5.5	22.0	0.4	0.0	53.98	70	1.2758	2.1133	655	658.05	1,107.66	
545169	50	652.4	686.2	493.3	686.5	301.8	1.56	4.58	0	1,707	66	2.19	5.5	22.0	0.4	0.0	17.37	70	1.2758	2.1133	655	657.53	1,015.86	
545726	50	653.5	689.2	495.6	690.2	301.5	0.88	4.58	0	1,689	65	0.81	5.5	22.4	0.4	0.0	11.93	70	1.2758	2.1219	655	657.04	982.11	
546242	50	654.5	693.2	497.1	693.5	302.2	1.44	4.58	0	1,602	64	0.81	5.5	22.4	0.4	0.0	16.24	70	1.2758	2.1297	655	656.73	973.91	
546757	50	655.3	695.5	498.5	695.8	301.8	0.56	4.58	0	1,629	63	0.81	5.5	22.4	0.4	0.0	17.41	70	1.2758	2.1203	655	656.33	971.72	
547332	51	656.2	697.8	500.0	698.2	302.2	0.56	4.58	0	1,596	62	1.12	5.5	22.4	0.4	0.0	17.44	70	1.2758	2.1289	655	656.03	978.59	
547906	51	657.0	699.5	501.0	699.5	301.8	0.38	4.58	0	1,557	61	1.12	5.5	22.4	0.4	0.0	17.41	70	1.2758	2.1289	655	655.63	979.22	
548427	51	657.8	700.2	501.3	700.2	302.8	0.56	4.58	0	1,536	60	1.12	5.5	22.4	0.4	0.0	17.48	70	1.2758	2.1367	655	655.44	979.61	
548944	52	658.4	700.5	501.5	700.2	302.5	0.56	4.58	0	1,517	59	1.38	5.5	22.4	0.4	0.0	17.58	70	1.2758	2.1195	655	655.23	979.61	
549499	52	659.1	700.5	501.5	700.5	302.5	0.56	4.58	0	1,490	58	1.12	5.5	22.4	0.4	0.0	17.44	70	1.2758	2.1195	655	655.05	979.69	
550034	52	659.8	700.2	501.5	700.5	302.8	0.56	4.58	0	1,464	57	1.12	5.5	22.4	0.4	0.0	17.58	70	1.2758	2.1195	650	654.83	979.92	
550567	52	660.4	699.8	501.3	699.5	302.5	0.56	4.58	0	1,451	56	1.12	5.5	22.4	0.4	0.0	17.74	70	1.2758	2.1195	650	654.65	979.61	
551077	53	660.9	699.2	500.8	698.8	302.8	0.56	4.58	0	1,431	55	1.12	5.5	22.4	0.4	0.0	17.91	70	1.2758	2.1195	650	654.53	979.84	
551741	53	661.4	698.2	500.3	698.2	302.5	0.69	4.58	0	1,392	54	1.12	5.5	22.4	0.4	0.0	18.07	70	1.2758	2.1289	650	654.34	979.06	
552265	53	662.0	696.8	500.0	696.8	302.8	0.69	4.58	0	1,381	53	1.12	5.5	22.4	0.4	0.0	18.23	70	1.2758	2.1289	650	654.25	978.12	
552849	53	662.6	695.8	499.3	695.8	303.2	0.69	4.58	0	1,357	53	0.81	5.5	22.4	0.4	0.0	18.09	70	1.2758	2.1203	650	654.13	977.89	
553371	53	663.0	694.5	498.6	694.2	303.2	0.69	4.58	0	1,345	52	1.12	5.5	22.4	0.4	0.0	17.93	70	1.2758	2.1203	650	654.13	977.50	
553979	54	663.5	692.5	498.2	692.5	302.8	-0.06	4.58	0	1,330	52	0.81	5.5	22.4	0.4	0.0	18.28	70	1.2758	2.1297	650	654.04	969.22	
554609	54	663.9	691.2	497.0	690.5	303.2	2.25	4.58	0	1,431	52	3.00	5.5	22.4	0.4	0.0	49.29	70	1.2758	2.1219	650	654.04	977.81	
555146	54	664.3	689.5	496.3	689.5	302.8	2.81	4.58	0	1,412	52	5.69	5.5	22.4	0.4	0.0	61.69	70	1.2758	2.1219	650	654.04	1,002.19	
555695	54	664.5	687.8	495.7	687.8	303.2	2.62	4.58	0	1,374	53	5.94	5.5	22.4	0.4	0.0	34.34	70	1.2758	2.1219	650	654.13	1,008.75	
556308	54	664.6	686.8	495.3	686.8	302.8	1.44	4.58	0	1,389	53	1.12	5.5	22.4	0.4	0.0	14.65	70	1.2758	2.1219	650	654.13	979.14	
556846	53	664.6	685.8	494.6	685.8	303.2	-0.94	4.58	0	1,319	53	0.31	5.5	22.4	0.4	0.0	14.02	70	1.2758	2.1219	650	654.25	970.62	
557387	53	664.6	685.5	494.5	685.2	303.8	0.69	4.58	0	1,344	52	0.81	5.5	22.4	0.4	0.0	18.21	70	1.2758	2.1219	650	654.34	969.22	
557992	53	664.7	684.8	494.0	684.5	303.5	1.06	4.58	0	1,138	52	0.31	5.5	22.4	0.4	0.0	18.09	70	1.2758	2.1219	650	654.44	972.58	
558536	54	664.8	683.8	493.5	683.5	303.5	1.06	4.58	0	1,094	52	0.31	5.5	22.4	0.4	0.0	17.46	70	1.2758	2.1219	650	654.44	971.88	
559078	54	665.0	682.5	493.1	682.5	303.8	1.25	4.58	0	1,082	51	0.31	5.5	22.4	0.4	0.0	17.86	70	1.2758	2.1219	650	654.53	971.88	
559650	54	665.1	681.2	492.3	680.8	303.2	1.25	4.58	0	1,061	51	0.00	5.5	22.4	0.4	0.0	17.55	70	1.2758	2.1219	650	654.65	970.62	
560247	54	665.3	680.2	491.6	680.2	303.5	1.25	4.58	0	1,063	51	0.00	5.5	22.4	0.4	0.0	17.55	70	1.2758	2.1219	650	654.74	970.62	
560765	54	665.5	678.5	491.0	678.2	303.2	1.25	4.58	0	1,051	50	0.31	5.5	22.4	0.4	0.0	17.48	70	1.2758	2.1219	650	654.83	970.23	
561285	54	665.7	676.8	490.5	676.8	303.5	1.25	4.58	0	1,046	50	0.00	5.5	22.4	0.4	0.0	17.88	70	1.2758	2.1219	655	654.93	969.92	
561847	54	666.0	675.2	489.5	675.2	303.5	1.25	4.58	0	1,038	50	0.56	5.5	22.4	0.4	0.0	17.62	70	1.2758	2.1219	655	655.05	969.53	
562369	54	666.2	674.2	488.7	673.8	303.5	1.25	4.58	0	1,037	49	0.31	5.5	22.4	0.4	0.0	17.72	70	1.2758	2.1219	655	655.14	969.45	
562916	54	666.4	672.2	487.8	672.2	303.5	1.44	4.58	0	1,022	49	0.56	5.5	22.4	0.4	0.0	17.65	70	1.2758	2.1219	655	655.23	969.22	
563454	54	666.6	670.5	487.0	670.5	303.2	1.44	4.58	0	1,012	48	-0.19	5.5	22.4	0.4	0.0	20.48	70	1.2758	2.1219	655	655.35	969.53	
564032	54	666.8	668.8	486.5	668.5	303.5	1.44	4.58	0	1,043	48	0.56	5.5	22.4	0.4	0.0	29.18	70	1.2758	2.1219	655	655.44	961.88	
564564	55	667.0	667.5	485.5	667.2	303.5	1.94	4.58	0	1,095	49	1.62	5.5	22.4	0.4	0.0	33.23	70	1.2758	2.1219	655	655.54	966.09	
565081	55	667.1	665.8	484.6	665.5	303.5	0.88	4.58	0	1,051	49	0.56	5.5	22.4	0.4	0.0	15.28	70	1.2758	2.1219	655	655.63	965.94	
565621	55	667.1	664.2	483.5	664.2	303.2	0.56	4.58	0	976	49	-0.19	5.5	22.4	0.4	0.0	16.83	70	1.2758	2.1219	655	655.75	962.97	
566204	54	667.2	662.8	483.0	662.8	303.2	1.56	4.58	0	1,017	49	0.31	5.5	22.4	0.4	0.0	12.35	70	1.2758	2.1219	655	655.84	961.72	
566795	54	667.2	661.2	482.0	661.5	302.8	1.44	4.58	0	1,024	49	0.00	5.5	22.4	0.4	0.0	12.12	70	1.2758	2.1219	655	655.94	960.47	
567323	55	667.2	660.2	481.7	659.8	303.2	1.44	4.58	0	1,024	48	0.31	5.5	22.4	0.4	0.0	12.47	70	1.2758	2.1219	655	656.03	961.72	
567868	55	667.1	658.5	481.0	658.5	303.5	1.25	4.58	0	1,009	48	0.00	5.5	22.4	0.4	0.0	12.33	70	1.2758	2.1219	655	656.03	961.33	
568412	55	667.1	657.2	480.3	657.2	302.8	1.44	4.58	0	997	48	0.00	5.5	22.4	0.4	0.0	12.09	70	1.2758	2.1219	655	656.15	961.17	
569086	55	667.0	655.8	479.1	655.5	302.8	1.44	4.58	0	1,012	48	0.31	5.5	22.4	0.4	0.0	16.97	70	1.2758	2.1219	655	656.24	958.91	
570148	55	666.9	654.5	478.6	654.2	302.5	1.75	4.58	0	1,072	48	0.81	5.5	22.4	0.4	0.0	52.95	70	1.2758	2.1219	655	656.33	978.20	
570625	55	666.4	651.5	477.1	651.2	302.5	2.12	4.58	0	1,046	49	2.75	5.5	22.4	0.4	0.0	58.62	70	1.2758	2.1219	655	656.55	994.84	
571089	55	666.0	650.5	476.5	650.5	302.8	2.25	4.58	0	1,118	50	4.62	5.5	22.4	0.4	0.0	58.34	70	1.2758	2.1219	655	656.64	994.77	
571564	55	665.7	649.8	476.0	650.2	302.5	2.44	4.58	0	1,078	50	4.31	5.5	22.4	0.4	0.0	71.06	70	1.2758	2.1219	655	656.73	1,005.00	
572044	55	665.3	649.5	476.0	649.5	302.2	3.00	4.58	0	1,151	51	5.69	5.5	22.4	0.4	0.0	72.38	70	1.2758	2.1219	655	656.94	1,053.05	
572454	54	665.0	649.2	475.7	649.2	302.5	2.81	4.58	0	1,086	52	5.44	5.5	22.4	0.4	0.0	74.72	70	1.2758	2.1219	655	657.04	1,082.81	
572859	54	664.7	649.2	475.8	649.2	302.5	2.44	4.58	0	1,113	52	5.94	5.5	22.4	0.4	0.0	54.47	70	1.2758	2.1219	655	657.13	1,067.89	
573277	54	664.4	649.2	476.0	649.5	302.5	1.56	4.58	0	1,089	52	2.44	5.5	22.4	0.4	0.0	21.77	70	1.2758	2.1219	655	657.25	1,017.42	
573671	53	664.2	649.5	475.8	649.5	302.2	1.25	4.58	0	1,063	52	0.56	5.5	22.4	0.4	0.0	15.70	70	1.2758	2.1219	655	657.34	987.50	
574070	53	663.9	649.8	475.8	650.2	302.2	1.25	4.58	0	1,093	51	0.56	5.5	22.4	0.4	0.0	22.95	70	1.2758	2.1219	655	657.44	969.77	
574504	53	663.6	650.5	476.3	650.5	302.2	1.75	4.58	0	1,101	51	1.12	5.5	22.4	0.4	0.0	36.61	70	1.2758	2.1219	655	657.53	969.06	
575000	53	663.2	650.5	476.3	650.8	302.2	2.12	4.58	0	1,135	51	2.19	5.5	22.4	0.4	0.0	53.04	70	1.2758	2.1219	655	657.74	979.69	
575491	53	662.7	651.2	476.3	650.8	301.8	2.44	4.58	0	1,079	51	3.50	5.5	22.4	0.4	0.0	70.29	70	1.2758	2.1219	655	657.83	1,008.67	
576011	53	662.1	651.2	476.7	651.5	301.8	3.31	4.58	0	1,298	51	6.75	5.5	22.4	0.4	0.0	85.41	70	1.2758	2.1219	655	657.93	1,107.58	
576616	53	661.4	651.5	477.0	651.5	302.2	4.69	4.58	0	1,339	51	13.81	5.5	22.4	0.4	0.0	103.22	70	1.2758	2.1219	655	658.14	1,281.33	
577249	53	660.9	652.5	477.2	652.5	302.2	5.94	4.58	0	1,351	52	17.56	5.5	22.4	0.4	0.0	112.55	70	1.2758	2.1219	655	658.14	1,414.06	
577752	53	660.7	653.5	477.8	653.5	301.8	7.12	4.58	0	1,394	53	21.88	5.5	22.4	0.4	0.0	117.73	70	1.2758	2.1219	655	658.23	1,492.50	
578283	52	660.8	655.2	478.5	655.2	301.8	8.38	4.58	0	1,431	54	25.12	5.5	22.4	0.4	0.0	119.41	70	1.2758	2.1297	655	658.23	1,490.31	
578819	52	661.4	656.8	479.5	657.2	302.2	8.19	4.58	0	1,495	55	24.31	5.5	22.4	0.4	0.0	118.69	70	1.2758	2.1297	655	658.23	1,468.59	
579338	51	662.6	658.8	480.3	658.8	302.2	7.81	4.58	0	1,459	56	22.69	5.5	22.4	0.4	0.0	117.00	70	1.2758	2.1203	655	658.23	1,478.98	
579849	51	664.2	660.5	481.5	661.2	302.2	7.31	4.58	0	1,471	57	21.62	5.5	22.4	0.4	0.0	113.44	70	1.2758	2.1203	655	658.35	1,464.38	
580398	50	666.5	663.8	483.0	664.2	301.8	7.69	4.58	0	1,500	58	22.44	5.5	22.4	0.4	0.0	108.56	70	1.2758	2.1289	655	658.63	1,434.45	
580904	50	669.0	666.8	484.5	666.8	302.5	8.38	4.58	0	1,590	59	23.50	5.5	22.4	0.4	0.0	111.75	70	1.2758	2.1289	655	658.94	1,425.31	
581483	50	672.5	669.8	486.0	670.5	302.5	8.00	4.58	0	1,581	60	22.69	5.5	22.4	0.4	0.0	108.87	70	1.2758	2.1289	655	659.43	1,456.17	
582042	50	676.2	673.5	487.8	673.8	302.5	8.00	4.58	0	1,578	61	23.25	5.5	22.4	0.4	0.0	109.36	70	1.2758	2.1289	660	660.13	1,432.66	
582612	50	680.2	676.8	489.5	677.2	302.8	8.69	4.58	0	1,650	62	23.25	5.5	22.4	0.4	0.0	108.09	70	1.2758	2.1289	660	661.14	1,445.94	
583208	49	684.7	680.8	491.6	681.5	302.8	8.19	4.58	0	1,619	63	23.00	5.5	22.7	0.4	0.0	106.59	70	1.2758	2.1461	660	662.24	1,358.36	
583743	49	688.5	684.8	493.3	684.8	303.2	6.81	4.58	0	1,636	63	20.56	5.5	22.7	0.4	0.0	76.41	70	1.2758	2.1375	660	663.34	1,197.34	
584328	49	692.1	688.2	495.8	688.5	302.8	2.25	4.58	0	1,673	63	4.88	5.5	22.7	0.4	0.0	27.05	70	1.2758	2.1375	660	664.44	1,048.83	
584837	49	694.1	692.2	497.6	692.2	303.5	1.44	4.58	0	1,605	62	1.12	5.5	22.4	0.4	0.0	13.55	70	1.2758	2.1297	665	665.24	992.19	
585541	48	696.0	695.5	499.3	695.5	303.5	0.69	4.58	0	1,519	61	0.81	5.5	22.7	0.4	0.0	14.98	70	1.2758	2.1375	665	666.04	974.14	
586081	49	697.4	698.2	500.5	698.2	303.8	0.38	4.58	0	1,555	60	1.12	5.5	22.7	0.4	0.0	17.04	70	1.2758	2.1375	665	666.74	971.48	
586656	49	698.9	700.5	502.1	701.2	304.2	0.56	4.58	0	1,498	58	1.12	5.5	22.4	0.4	0.0	16.85	70	1.2758	2.1289	665	667.44	977.66	
587179	49	700.3	701.8	502.8	702.2	303.8	0.56	4.58	0	1,472	57	1.12	5.5	22.4	0.4	0.0	17.25	70	1.2758	2.1367	665	668.03	978.28	
587710	50	701.3	702.5	503.1	702.8	304.2	0.69	4.58	0	1,440	55	1.12	5.5	22.4	0.4	0.0	17.25	70	1.2758	2.1367	665	668.64	978.36	
588250	50	702.3	703.2	503.5	703.2	304.2	0.69	4.58	0	1,397	54	1.12	5.5	22.4	0.4	0.0	17.27	70	1.2758	2.1367	665	669.13	978.20	
588820	50	703.2	703.2	503.3	703.2	304.2	0.69	4.58	0	1,354	53	1.12	5.5	22.4	0.4	0.0	17.11	70	1.2758	2.1367	665	669.74	977.97	
589344	51	704.0	703.2	503.3	702.8	303.8	0.69	4.58	0	1,333	51	0.81	5.5	22.4	0.4	0.0	17.23	70	1.2758	2.1367	670	670.14	977.11	
589901	51	704.7	702.2	503.0	702.2	304.2	0.88	4.58	0	1,293	50	0.81	5.5	22.4	0.4	0.0	17.20	70	1.2758	2.1367	670	670.75	976.41	
590454	51	705.4	701.2	502.8	701.2	304.2	0.88	4.58	0	1,252	49	0.81	5.5	22.4	0.4	0.0	17.46	70	1.2758	2.1367	670	671.15	975.78	
590971	51	706.0	699.8	502.2	699.8	304.2	0.88	4.58	0	1,229	47	0.56	5.5	22.4	0.4	0.0	17.09	70	1.2758	2.1367	670	671.55	974.84	
591498	51	706.5	698.8	501.5	698.8	303.8	1.06	4.58	0	1,190	46	0.56	5.5	22.4	0.4	0.0	16.99	70	1.2758	2.1289	670	672.04	973.91	
592026	52	707.0	697.8	501.2	697.8	304.2	1.06	4.58	0	1,152	45	0.56	5.5	22.4	0.4	0.0	17.65	70	1.2758	2.1289	670	672.44	972.89	
592584	52	707.4	696.2	500.2	695.8	304.5	1.06	4.58	0	1,129	44	0.56	5.5	22.4	0.4	0.0	13.20	70	1.2758	2.1375	670	672.83	971.17	
593133	52	707.8	694.2	499.6	694.2	304.2	1.75	4.58	0	1,149	43	0.81	5.5	22.7	0.4	0.0	40.71	70	1.2758	2.1375	670	673.44	964.38	
593702	52	708.2	693.2	498.6	693.2	304.8	2.25	4.58	0	1,191	42	3.00	5.5	22.4	0.4	0.0	55.57	70	1.2758	2.1297	670	674.03	985.00	
594344	53	708.4	691.5	498.0	691.5	304.8	2.44	4.58	0	1,115	43	4.31	5.5	22.4	0.4	0.0	60.63	70	1.2758	2.1219	670	674.73	994.22	
594898	53	708.5	690.5	497.5	690.2	304.8	2.44	4.58	0	1,142	42	4.31	5.5	22.4	0.4	0.0	62.39	70	1.2758	2.1219	675	675.44	995.00	
595459	52	708.6	689.2	496.6	689.2	304.8	3.12	4.58	0	1,200	43	5.94	5.5	22.4	0.4	0.0	73.08	70	1.2758	2.1219	675	676.05	1,060.55	
595992	52	708.6	687.8	496.5	687.8	304.5	3.12	4.58	0	1,130	43	6.25	5.5	22.4	0.4	0.0	76.20	70	1.2758	2.1219	675	676.84	1,102.66	
596507	52	708.6	687.8	496.0	687.8	304.8	3.12	4.58	0	1,189	43	7.56	5.5	22.4	0.4	0.0	68.25	70	1.2758	2.1219	675	677.43	1,070.94	
597068	52	708.5	687.5	496.1	687.5	305.2	1.44	4.58	0	1,094	43	2.19	5.5	22.4	0.4	0.0	25.03	70	1.2758	2.1219	675	678.04	1,007.89	
597684	51	708.3	687.2	496.1	687.2	305.2	1.56	4.58	0	1,117	42	0.81	5.5	22.4	0.4	0.0	47.13	70	1.2758	2.1219	675	678.65	981.02	
598211	51	708.0	687.5	496.5	687.8	305.2	2.81	4.58	0	1,148	42	4.62	5.5	22.4	0.4	0.0	72.09	70	1.2758	2.1219	675	679.35	1,023.98	
598796	51	707.7	687.5	496.5	687.2	305.5	3.00	4.58	0	1,153	42	5.44	5.5	22.4	0.4	0.0	82.85	70	1.2758	2.1219	680	680.15	1,094.53	
599328	51	707.3	687.8	496.5	688.2	305.5	4.00	4.58	0	1,168	42	8.94	5.5	22.4	0.4	0.0	91.03	70	1.2758	2.1219	680	680.73	1,181.72	
599877	51	707.0	688.2	496.8	688.2	305.5	4.00	4.58	0	1,155	43	9.75	5.5	22.4	0.4	0.0	95.16	70	1.2758	2.1219	680	681.44	1,193.83	
600411	51	706.7	688.5	497.0	688.8	305.8	2.81	4.58	0	1,110	44	5.69	5.5	22.4	0.4	0.0	41.53	70	1.2758	2.1219	680	682.05	1,064.30	
600942	50	706.4	689.5	497.3	689.5	305.8	1.06	4.58	0	1,149	44	0.81	5.5	22.4	0.4	0.0	17.39	70	1.2758	2.1219	680	682.54	997.81	
601522	50	706.1	690.2	497.8	689.8	305.8	1.25	4.58	0	1,112	43	0.31	5.5	22.4	0.4	0.0	11.93	70	1.2758	2.1219	680	683.03	973.28	
602115	50	705.8	690.8	498.5	690.8	305.8	1.94	4.58	0	1,133	43	0.81	5.5	22.4	0.4	0.0	35.72	70	1.2758	2.1219	680	683.55	968.98	
602680	50	705.5	690.8	498.5	691.2	306.2	1.44	4.58	0	1,132	44	1.12	5.5	22.4	0.4	0.0	20.30	70	1.2758	2.1219	680	683.94	967.81	
603319	51	705.1	691.5	498.8	691.5	305.8	1.25	4.58	0	1,111	44	0.56	5.5	22.4	0.4	0.0	12.14	70	1.2758	2.1219	680	684.44	962.81	
603831	51	704.7	691.5	498.7	691.2	306.5	0.88	4.58	0	1,115	44	0.00	5.5	22.4	0.4	0.0	16.27	70	1.2758	2.1219	680	684.83	962.11	
604428	51	704.3	691.2	498.3	690.8	306.5	1.06	4.58	0	1,138	44	0.31	5.5	22.4	0.4	0.0	16.99	70	1.2758	2.1219	685	685.23	963.12	
604954	51	704.0	690.5	498.3	690.5	306.2	1.06	4.58	0	1,140	44	0.56	5.5	22.4	0.4	0.0	17.16	70	1.2758	2.1219	685	685.63	967.66	
605483	51	703.7	689.5	498.0	689.5	306.5	1.06	4.58	0	1,142	44	0.31	5.5	22.4	0.4	0.0	17.09	70	1.2758	2.1219	685	685.94	969.06	
606032	51	703.5	688.8	497.3	688.2	306.2	1.06	4.58	0	1,149	45	0.56	5.5	22.4	0.4	0.0	17.11	70	1.2758	2.1219	685	686.24	970.00	
606615	52	703.3	687.2	497.0	687.2	306.5	1.06	4.58	0	1,157	45	0.56	5.5	22.4	0.4	0.0	17.34	70	1.2758	2.1219	685	686.64	970.47	
607171	52	703.1	686.2	496.2	685.8	306.2	1.06	4.58	0	1,149	45	0.56	5.5	22.4	0.4	0.0	17.20	70	1.2758	2.1219	685	686.94	971.17	
607713	52	702.9	684.2	495.3	684.2	306.2	1.25	4.58	0	1,154	45	0.31	5.5	22.4	0.4	0.0	17.48	70	1.2758	2.1219	685	687.25	971.17	
608270	52	702.7	682.8	494.6	682.8	305.8	1.25	4.58	0	1,156	45	0.56	5.5	22.4	0.4	0.0	17.53	70	1.2758	2.1219	685	687.44	971.48	
608815	52	702.6	681.2	494.0	681.2	306.5	1.06	4.58	0	1,157	45	0.56	5.5	22.4	0.4	0.0	17.72	70	1.2758	2.1219	685	687.74	971.72	
609349	52	702.4	679.5	492.8	679.2	306.5	1.06	4.58	0	1,166	45	0.56	5.5	22.4	0.4	0.0	17.37	70	1.2758	2.1219	685	687.93	972.34	
609879	53	702.3	677.8	492.0	677.8	306.5	1.06	4.58	0	1,167	46	0.56	5.5	22.4	0.4	0.0	17.70	70	1.2758	2.1219	685	688.14	972.19	
610441	53	702.1	675.8	491.3	676.2	306.5	1.06	4.58	0	1,168	45	0.56	5.5	22.4	0.4	0.0	17.81	70	1.2758	2.1219	685	688.35	972.42	
611000	53	701.9	674.5	490.6	674.2	306.2	1.25	4.58	0	1,128	44	0.56	5.5	22.4	0.4	0.0	18.05	70	1.2758	2.1219	685	688.54	972.42	
611627	53	701.7	672.5	489.5	672.5	305.8	1.25	4.58	0	1,106	42	0.81	5.5	22.4	0.4	0.0	15.12	70	1.2758	2.1219	685	688.75	970.70	
612165	53	701.6	670.8	488.6	670.8	306.5	1.25	4.58	0	1,453	42	0.31	5.5	22.4	0.4	0.0	16.83	70	1.2758	2.1219	685	688.84	970.78	
612700	53	701.4	668.8	487.7	668.8	306.5	0.56	4.58	0	1,412	43	1.38	5.5	22.4	0.4	0.0	18.54	70	1.2758	2.1219	685	689.03	973.75	
613281	53	701.2	667.2	486.8	666.8	306.2	0.56	4.58	0	1,446	43	1.38	5.5	22.4	0.4	0.0	18.87	70	1.2758	2.1219	685	689.15	976.09	
613817	54	701.0	665.8	486.1	665.8	305.8	0.56	4.58	0	1,431	42	1.12	5.5	22.4	0.4	0.0	18.73	70	1.2758	2.1219	685	689.24	977.19	
614350	54	700.8	664.2	485.3	663.8	305.8	0.56	4.58	0	1,435	43	1.12	5.5	22.4	0.4	0.0	18.98	70	1.2758	2.1219	685	689.33	977.58	
614884	54	700.7	662.2	484.5	662.5	306.2	0.56	4.58	0	1,428	42	1.12	5.5	22.4	0.4	0.0	18.98	70	1.2758	2.1219	685	689.43	978.05	
615436	54	700.5	660.8	483.5	661.2	306.2	0.56	4.58	0	1,427	42	1.12	5.5	22.4	0.4	0.0	19.05	70	1.2758	2.1219	685	689.55	978.36	
616058	54	700.4	659.5	482.8	659.2	306.5	0.56	4.58	0	1,424	42	1.12	5.5	22.4	0.4	0.0	19.17	70	1.2758	2.1219	685	689.55	978.52	
616632	54	700.2	657.8	482.0	657.8	305.8	0.56	4.58	0	1,414	42	1.12	5.5	22.4	0.4	0.0	19.31	70	1.2758	2.1219	685	689.64	978.75	
617234	54	700.0	656.8	481.5	656.5	306.2	0.69	4.58	0	1,404	41	1.12	5.5	22.4	0.4	0.0	19.22	70	1.2758	2.1219	685	689.64	978.75	
617821	54	699.9	655.2	480.6	654.8	306.5	0.56	4.58	0	1,402	41	1.12	5.5	22.4	0.4	0.0	19.31	70	1.2758	2.1219	685	689.73	978.75	
618381	54	699.6	654.2	480.0	653.5	306.2	0.56	4.58	0	1,379	41	1.12	5.5	22.4	0.4	0.0	19.52	70	1.2758	2.1219	685	689.73	978.12	
618952	55	699.4	652.5	479.5	652.5	306.2	0.56	4.58	0	1,372	41	1.12	5.5	22.4	0.4	0.0	19.34	70	1.2758	2.1219	685	689.73	978.20	
619500	55	699.2	651.2	478.8	651.2	305.8	0.69	4.58	0	1,370	40	0.81	5.5	22.4	0.4	0.0	21.19	70	1.2758	2.1219	685	689.64	978.67	
620102	55	699.0	650.2	478.2	650.2	306.2	1.25	4.58	0	1,389	40	1.12	5.5	22.4	0.4	0.0	29.81	70	1.2758	2.1219	685	689.64	967.66	
620812	55	698.5	648.8	477.3	649.2	306.2	2.25	4.58	0	1,484	41	3.00	5.5	22.4	0.4	0.0	36.54	70	1.2758	2.1219	685	689.64	978.75	
621315	55	697.9	647.8	476.8	647.8	306.5	4.38	4.58	0	1,498	42	1.62	5.5	22.4	0.4	0.0	14.77	70	1.2758	2.1219	685	689.64	972.89	
621842	55	697.2	646.8	476.7	646.8	306.5	1.44	4.58	0	1,414	42	0.81	5.5	22.4	0.4	0.0	11.09	70	1.2758	2.1219	685	689.64	966.88	
622405	54	696.6	646.2	476.2	646.2	306.2	0.56	4.58	0	1,394	41	1.12	5.5	22.4	0.4	0.0	18.96	70	1.2758	2.1219	685	689.64	967.19	
622947	54	696.1	645.5	475.8	645.5	306.2	0.88	4.58	0	1,232	41	0.81	5.5	22.4	0.4	0.0	19.15	70	1.2758	2.1219	685	689.64	967.27	
623491	55	695.7	645.2	475.5	645.2	306.5	1.06	4.58	0	1,088	41	0.56	5.5	22.4	0.4	0.0	18.19	70	1.2758	2.1219	685	689.64	970.70	
624007	55	695.5	644.5	475.2	644.5	306.2	1.25	4.58	0	1,057	41	0.56	5.5	22.4	0.4	0.0	18.26	70	1.2758	2.1219	685	689.55	970.00	
624461	55	695.3	643.5	474.8	643.5	306.2	1.25	4.58	0	1,047	41	0.31	5.5	22.4	0.4	0.0	18.26	70	1.2758	2.1219	685	689.55	969.92	
625021	55	695.1	642.8	474.5	642.5	306.2	1.25	4.58	0	1,060	41	0.56	5.5	22.4	0.4	0.0	18.28	70	1.2758	2.1219	685	689.55	969.53	
625558	55	694.9	642.2	474.2	641.8	306.2	1.44	4.58	0	1,053	41	0.56	5.5	22.4	0.4	0.0	18.33	70	1.2758	2.1219	685	689.43	969.77	
626093	55	694.8	641.2	473.5	641.2	306.5	1.25	4.58	0	1,054	41	0.31	5.5	22.4	0.4	0.0	18.33	70	1.2758	2.1219	685	689.43	969.45	
626635	55	694.7	639.8	473.3	639.5	306.2	1.25	4.58	0	1,059	41	0.31	5.5	22.4	0.4	0.0	18.30	70	1.2758	2.1219	685	689.33	969.30	
627216	55	694.7	639.2	472.7	638.8	306.2	1.25	4.58	0	1,057	41	0.31	5.5	22.4	0.4	0.0	18.45	70	1.2758	2.1219	685	689.33	969.53	
627780	55	694.6	638.2	472.3	637.5	305.8	1.25	4.58	0	1,065	41	0.31	5.5	22.4	0.4	0.0	18.33	70	1.2758	2.1219	685	689.24	969.30	
628315	55	694.6	636.8	471.7	637.2	306.5	1.44	4.58	0	1,061	41	0.56	5.5	22.4	0.4	0.0	16.45	70	1.2758	2.1219	685	689.24	964.14	
628841	55	694.5	636.2	471.2	636.2	306.2	2.12	4.58	0	1,153	42	1.62	5.5	22.4	0.4	0.0	50.09	70	1.2758	2.1219	685	689.15	966.09	
629530	55	694.2	635.5	470.5	634.8	306.5	2.62	4.58	0	1,160	43	4.31	5.5	22.4	0.4	0.0	70.31	70	1.2758	2.1219	685	689.03	998.75	
630101	55	693.5	634.5	470.3	634.5	306.5	2.62	4.58	0	1,210	45	6.75	5.5	22.4	0.4	0.0	63.66	70	1.2758	2.1219	685	689.03	1,026.95	
630642	55	692.6	633.5	469.8	633.5	306.5	2.44	4.58	0	1,241	47	4.62	5.5	22.4	0.4	0.0	51.63	70	1.2758	2.1219	685	688.94	1,047.42	
631216	54	691.7	633.5	470.0	633.5	306.5	2.25	4.58	0	1,255	48	3.00	5.5	22.4	0.4	0.0	44.09	70	1.2758	2.1219	685	688.94	1,028.67	
631801	54	690.6	633.8	470.0	634.2	306.5	1.94	4.58	0	1,297	49	2.19	5.5	22.4	0.4	0.0	39.26	70	1.2758	2.1219	685	688.84	1,002.11	
632439	54	689.0	634.5	470.2	634.5	306.2	2.81	4.58	0	1,330	50	5.44	5.5	22.4	0.4	0.0	37.45	70	1.2758	2.1219	685	688.84	1,009.38	
632991	54	687.6	635.2	470.8	634.8	306.5	1.44	4.58	0	1,329	51	1.38	5.5	22.4	0.4	0.0	16.29	70	1.2758	2.1219	685	688.75	981.88	
633564	53	686.4	636.2	471.0	635.8	306.5	1.06	4.58	0	1,305	51	0.81	5.5	22.4	0.4	0.0	12.02	70	1.2758	2.1219	685	688.63	970.00	
634135	53	685.2	637.5	471.7	637.8	306.5	0.88	4.58	0	1,301	51	0.56	5.5	22.4	0.4	0.0	17.77	70	1.2758	2.1219	685	688.63	967.89	
634707	53	684.2	638.2	472.0	638.2	306.2	0.56	4.58	0	1,322	51	0.81	5.5	22.4	0.4	0.0	18.40	70	1.2758	2.1219	685	688.54	972.27	
635262	53	683.3	638.5	472.5	638.8	306.8	0.56	4.58	0	1,324	52	0.81	5.5	22.4	0.4	0.0	18.45	70	1.2758	2.1219	685	688.54	974.84	
635859	54	682.5	638.8	472.8	638.8	305.8	0.69	4.58	0	1,322	51	0.81	5.5	22.4	0.4	0.0	18.38	70	1.2758	2.1219	685	688.44	975.62	
636468	54	681.8	639.2	472.7	638.8	306.2	0.56	4.58	0	1,318	51	0.81	5.5	22.4	0.4	0.0	18.40	70	1.2758	2.1219	685	688.35	976.72	
637028	54	681.1	638.8	472.7	638.8	306.2	0.69	4.58	0	1,302	51	0.81	5.5	22.4	0.4	0.0	18.19	70	1.2758	2.1219	685	688.35	976.80	
637566	54	680.5	638.8	472.3	638.8	305.8	0.69	4.58	0	1,274	49	0.81	5.5	22.4	0.4	0.0	18.40	70	1.2758	2.1219	685	688.23	976.48	
638261	54	679.9	638.2	472.3	637.8	305.8	0.69	4.58	0	1,257	49	1.12	5.5	22.4	0.4	0.0	13.97	70	1.2758	2.1219	685	688.14	974.77	
638811	54	679.4	637.8	472.0	637.8	305.8	1.25	4.58	0	1,614	49	1.12	5.5	22.4	0.4	0.0	16.27	70	1.2758	2.1219	685	687.93	972.19	
639413	54	678.8	637.5	471.6	637.2	305.8	0.56	4.58	0	1,601	48	1.38	5.5	22.4	0.4	0.0	19.12	70	1.2758	2.1219	685	687.83	976.33	
639938	55	678.3	636.8	471.1	636.8	305.5	0.56	4.58	0	1,603	47	1.38	5.5	22.4	0.4	0.0	19.20	70	1.2758	2.1219	685	687.74	978.20	
640561	55	677.9	636.5	470.8	636.2	305.5	0.56	4.58	0	1,580	47	1.38	5.5	22.4	0.4	0.0	18.98	70	1.2758	2.1219	685	687.53	979.22	
641129	55	677.5	635.5	470.6	635.8	305.5	0.56	4.58	0	1,550	46	1.38	5.5	22.4	0.4	0.0	19.05	70	1.2758	2.1219	685	687.44	979.69	
641783	55	677.2	635.2	470.5	634.8	305.5	0.38	4.58	0	1,538	45	1.38	5.5	22.4	0.4	0.0	19.17	70	1.2758	2.1219	685	687.25	980.23	
642386	55	676.9	634.5	470.0	634.5	305.5	0.56	4.58	0	1,512	45	1.38	5.5	22.4	0.4	0.0	19.22	70	1.2758	2.1219	685	687.13	980.39	
642992	55	676.6	633.8	469.5	633.8	305.5	0.38	4.58	0	1,489	44	1.38	5.5	22.4	0.4	0.0	19.31	70	1.2758	2.1219	685	686.94	980.08	
643551	55	676.4	632.8	469.2	633.2	305.5	0.38	4.58	0	1,467	43	1.38	5.5	22.4	0.4	0.0	19.34	70	1.2758	2.1219	685	686.85	980.16	
644105	55	676.2	632.8	469.0	632.5	305.5	0.38	4.58	0	1,449	43	1.38	5.5	22.4	0.4	0.0	19.45	70	1.2758	2.1219	685	686.64	979.92	
644635	55	676.0	632.2	468.8	632.2	305.2	0.38	4.58	0	1,430	42	1.38	5.5	22.4	0.4	0.0	19.76	70	1.2758	2.1219	685	686.43	979.69	
645220	55	675.8	631.5	468.5	631.8	305.2	1.06	4.58	0	1,105	42	0.56	5.5	22.4	0.4	0.0	18.87	70	1.2758	2.1219	685	686.33	976.48	
645766	55	675.6	630.8	467.8	630.8	304.8	1.25	4.58	0	1,070	41	0.31	5.5	22.4	0.4	0.0	18.73	70	1.2758	2.1219	685	686.15	973.91	
646335	56	675.4	630.5	467.6	630.2	305.2	1.25	4.58	0	1,054	41	0.56	5.5	22.4	0.4	0.0	18.61	70	1.2758	2.1219	685	685.94	972.27	
646955	56	675.2	629.5	467.5	629.5	305.2	1.25	4.58	0	1,036	40	0.31	5.5	22.4	0.4	0.0	18.63	70	1.2758	2.1219	685	685.75	970.86	
647632	56	675.0	628.8	467.0	628.8	305.2	1.44	4.58	0	1,024	40	0.31	5.5	22.4	0.4	0.0	18.54	70	1.2758	2.1219	685	685.54	969.77	
648130	56	674.8	628.5	466.8	628.5	305.2	1.44	4.58	0	1,013	39	-0.19	5.5	22.4	0.4	0.0	18.28	70	1.2758	2.1219	685	685.44	969.45	
648697	56	674.5	627.5	466.5	627.2	305.5	1.44	4.58	0	995	39	-0.19	5.5	22.4	0.4	0.0	18.66	70	1.2758	2.1219	685	685.23	969.22	
649234	56	674.3	626.5	465.8	626.5	305.2	1.44	4.58	0	982	38	0.56	5.5	22.4	0.4	0.0	18.45	70	1.2758	2.1219	685	685.05	969.06	
649772	56	674.1	625.5	465.5	625.5	305.2	1.44	4.58	0	977	38	0.31	5.5	22.4	0.4	0.0	18.68	70	1.2758	2.1219	680	684.83	968.28	
650324	56	673.9	625.2	465.3	624.8	304.8	1.44	4.58	0	956	37	0.00	5.5	22.4	0.4	0.0	18.38	70	1.2758	2.1219	680	684.65	968.05	
650914	56	673.7	624.2	464.7	623.8	305.2	1.56	4.58	0	961	36	0.00	5.5	22.4	0.4	0.0	18.82	70	1.2758	2.1219	680	684.44	967.50	
651467	56	673.5	623.2	464.1	623.2	304.8	2.81	4.58	0	1,034	36	0.81	5.5	22.4	0.4	0.0	12.42	70	1.2758	2.1219	680	684.25	966.64	
652028	56	673.2	622.5	463.6	622.2	304.8	1.25	4.58	0	1,168	36	0.56	5.5	22.4	0.4	0.0	17.77	70	1.2758	2.1219	680	684.04	968.44	
652551	56	673.0	621.2	463.3	621.2	305.2	0.88	4.58	0	1,182	35	0.56	5.5	22.4	0.4	0.0	19.97	70	1.2758	2.1219	680	683.85	970.70	
653113	56	672.7	620.5	462.8	620.5	304.8	1.25	4.58	0	1,184	35	0.56	5.5	22.4	0.4	0.0	21.80	70	1.2758	2.1219	680	683.64	966.17	
653639	56	672.4	619.5	462.3	619.5	305.2	1.94	4.58	0	1,241	35	1.38	5.5	22.4	0.4	0.0	35.18	70	1.2758	2.1219	680	683.43	964.22	
654183	56	671.8	618.5	462.0	618.8	304.8	1.94	4.58	0	1,249	36	2.19	5.5	22.4	0.4	0.0	44.02	70	1.2758	2.1219	680	683.24	973.28	
654737	56	671.0	618.2	461.7	618.2	304.8	2.12	4.58	0	1,263	37	2.75	5.5	22.4	0.4	0.0	47.72	70	1.2758	2.1219	680	682.94	986.64	
655265	56	669.9	617.8	461.3	617.8	304.8	2.25	4.58	0	1,322	37	3.25	5.5	22.4	0.4	0.0	46.36	70	1.2758	2.1219	680	682.63	1,001.48	
655798	56	668.6	617.5	461.1	617.5	304.5	2.12	4.58	0	1,320	38	3.50	5.5	22.4	0.4	0.0	44.06	70	1.2758	2.1219	680	682.35	1,010.62	
656419	55	667.2	617.8	461.1	617.8	305.2	1.75	4.58	0	1,319	39	2.19	5.5	22.4	0.4	0.0	18.54	70	1.2758	2.1219	680	682.05	985.86	
656983	55	665.6	618.5	461.6	618.8	304.8	0.88	4.58	0	1,305	39	0.81	5.5	22.4	0.4	0.0	12.38	70	1.2758	2.1219	680	681.74	971.80	
657522	54	664.2	619.2	461.8	619.5	304.8	1.06	4.58	0	1,280	38	0.56	5.5	22.4	0.4	0.0	18.19	70	1.2758	2.1219	680	681.53	968.98	
658064	54	663.3	620.2	462.3	619.8	304.5	0.56	4.58	0	1,278	38	0.81	5.5	22.4	0.4	0.0	18.94	70	1.2758	2.1219	680	681.34	968.91	
658611	55	662.5	620.5	462.5	620.5	304.5	0.69	4.58	0	1,249	37	0.81	5.5	22.4	0.4	0.0	19.45	70	1.2758	2.1219	680	681.04	972.58	
659153	55	661.8	621.2	462.6	621.2	304.5	0.88	4.58	0	1,227	35	0.81	5.5	22.4	0.4	0.0	18.80	70	1.2758	2.1219	680	680.85	973.98	
659667	55	661.2	620.8	462.8	621.2	304.5	1.06	4.58	0	1,184	34	0.56	5.5	22.4	0.4	0.0	18.49	70	1.2758	2.1219	680	680.64	974.30	
660207	55	660.7	621.2	462.8	621.2	304.5	0.69	4.58	0	1,328	32	0.81	5.5	22.4	0.4	0.0	18.94	70	1.2758	2.1219	680	680.33	975.70	
660775	55	660.3	620.8	462.6	621.2	304.5	0.56	4.58	0	1,423	31	1.12	5.5	22.4	0.4	0.0	19.10	70	1.2758	2.1219	680	680.15	977.19	
661309	55	660.0	620.5	462.8	620.8	304.5	0.56	4.58	0	1,521	30	1.38	5.5	22.4	0.4	0.0	19.69	70	1.2758	2.1219	680	679.94	978.12	
661856	55	659.7	620.5	462.5	620.5	304.5	0.38	4.58	0	1,473	30	1.38	5.5	22.4	0.4	0.0	19.55	70	1.2758	2.1219	675	679.75	978.91	
662387	55	659.5	620.2	462.3	620.2	304.5	0.38	4.58	0	1,426	29	1.38	5.5	22.4	0.4	0.0	19.43	70	1.2758	2.1219	675	679.54	979.38	
662978	55	659.4	619.8	462.1	619.8	304.2	0.56	4.58	0	1,399	28	1.12	5.5	22.4	0.4	0.0	19.45	70	1.2758	2.1219	675	679.35	978.91	
663556	55	659.2	619.8	462.3	619.5	304.5	0.69	4.58	0	1,358	27	1.12	5.5	22.4	0.4	0.0	19.36	70	1.2758	2.1219	675	679.05	978.91	
664075	55	659.1	619.5	462.0	619.8	304.8	0.56	4.58	0	1,316	26	0.81	5.5	22.4	0.4	0.0	19.41	70	1.2758	2.1219	675	678.93	977.97	
664671	55	659.0	619.2	462.0	619.5	304.5	0.69	4.58	0	1,270	25	0.81	5.5	22.4	0.4	0.0	19.29	70	1.2758	2.1219	675	678.65	977.42	
665296	56	658.9	618.5	461.6	618.8	304.5	0.88	4.58	0	1,238	25	0.81	5.5	22.4	0.4	0.0	19.48	70	1.2758	2.1219	675	678.44	976.09	
665860	56	658.8	618.5	461.6	617.8	304.5	0.88	4.58	0	1,188	24	0.56	5.5	22.4	0.4	0.0	19.08	70	1.2758	2.1219	675	678.25	975.23	
666394	56	658.7	617.8	461.0	617.8	304.5	1.06	4.58	0	1,107	22	0.31	5.5	22.4	0.4	0.0	18.96	70	1.2758	2.1219	675	678.04	974.69	
666925	56	658.6	617.5	460.8	617.2	304.5	1.44	4.58	0	1,006	20	0.00	5.5	22.4	0.4	0.0	12.56	70	1.2758	2.1219	675	677.85	971.09	
667473	56	658.5	616.8	460.6	616.8	304.5	1.94	4.58	0	770	19	0.56	5.5	22.4	0.4	0.0	25.71	70	1.2758	2.1219	675	677.64	967.42	
668032	56	658.3	616.2	460.3	616.2	304.5	1.44	4.58	0	1,038	17	0.56	5.5	22.4	0.4	0.0	13.69	70	1.2758	2.1219	675	677.43	966.09	
668632	56	658.1	615.5	460.0	615.5	304.5	1.56	4.58	0	930	16	0.31	5.5	22.4	0.4	0.0	16.76	70	1.2758	2.1219	675	677.15	963.44	
669161	56	657.8	615.5	460.0	614.8	304.5	1.44	4.58	0	946	14	0.31	5.5	22.4	0.4	0.0	17.86	70	1.2758	2.1219	675	676.94	962.27	
669727	56	657.4	614.5	459.5	614.5	304.5	1.44	4.58	0	942	12	0.31	5.5	22.4	0.4	0.0	17.91	70	1.2758	2.1219	675	676.75	961.80	
670277	56	657.0	614.2	459.3	614.2	304.5	1.44	4.58	0	904	11	0.31	5.5	22.4	0.4	0.0	20.02	70	1.2758	2.1219	675	676.54	961.09	
670804	56	656.5	613.5	459.3	613.5	304.5	1.44	4.58	0	911	10	0.56	5.5	22.4	0.4	0.0	23.79	70	1.2758	2.1219	675	676.23	960.00	
671352	56	656.0	613.2	459.0	613.2	304.8	1.75	4.58	0	893	10	0.81	5.5	22.4	0.4	0.0	27.33	70	1.2758	2.1219	675	676.05	961.88	
671947	56	655.4	612.8	458.6	612.2	304.8	1.44	4.58	0	976	9	0.81	5.5	22.4	0.4	0.0	22.31	70	1.2758	2.1219	675	675.74	962.66	
672493	56	654.7	611.8	458.3	612.2	304.8	1.56	4.58	0	943	9	0.56	5.5	22.4	0.4	0.0	22.52	70	1.2758	2.1219	675	675.53	962.11	
672932	56	654.2	611.8	458.1	611.8	304.8	1.56	4.58	0	988	9	0.56	5.5	22.4	0.4	0.0	21.68	70	1.2758	2.1219	675	675.34	961.17	
673603	56	653.4	611.2	458.3	610.8	305.2	1.75	4.58	0	1,114	9	1.12	5.5	22.4	0.4	0.0	27.80	70	1.2758	2.1219	675	675.04	962.34	
674118	56	652.6	610.8	458.3	611.2	305.2	1.56	4.58	0	1,216	9	1.12	5.5	22.4	0.4	0.0	27.84	70	1.2758	2.1219	670	674.73	964.22	
674637	56	651.5	610.8	458.3	610.8	305.2	1.56	4.58	0	1,199	10	1.12	5.5	22.4	0.4	0.0	26.93	70	1.2758	2.1219	670	674.43	965.39	
675223	56	650.3	611.5	458.3	611.2	305.5	1.75	4.58	0	1,220	10	1.38	5.5	22.4	0.4	0.0	34.03	70	1.2758	2.1219	670	674.15	965.39	
675738	56	649.3	611.2	458.3	611.2	305.5	1.94	4.58	0	1,313	10	1.94	5.5	22.4	0.4	0.0	36.73	70	1.2758	2.1219	670	673.84	970.47	
676254	56	648.0	611.5	458.8	611.5	305.8	1.94	4.58	0	1,365	11	2.19	5.5	22.4	0.4	0.0	37.41	70	1.2758	2.1219	670	673.54	977.42	
676805	55	646.5	611.8	458.8	611.8	305.8	1.94	4.58	0	1,383	12	2.19	5.5	22.4	0.4	0.0	37.24	70	1.2758	2.1219	670	673.05	982.34	
677356	55	644.8	612.8	459.3	612.8	306.2	2.12	4.58	0	1,380	13	2.19	5.5	22.4	0.4	0.0	34.73	70	1.2758	2.1219	670	672.74	986.09	
677892	55	643.1	613.8	460.2	614.2	306.2	1.75	4.58	0	1,342	15	1.62	5.5	22.4	0.4	0.0	32.91	70	1.2758	2.1219	670	672.25	982.19	
678401	55	641.5	615.2	460.5	615.2	306.2	1.94	4.58	0	1,389	16	2.19	5.5	22.4	0.4	0.0	38.32	70	1.2758	2.1219	670	671.85	983.83	
678948	55	639.6	616.2	461.3	616.5	306.5	1.94	4.58	0	1,420	17	2.75	5.5	22.4	0.4	0.0	39.40	70	1.2758	2.1219	670	671.43	989.06	
679503	54	637.8	617.8	462.0	617.8	306.5	2.12	4.58	0	1,411	18	2.44	5.5	22.4	0.4	0.0	38.16	70	1.2758	2.1219	670	670.84	992.42	
680044	54	635.5	619.5	463.0	619.5	306.8	2.12	4.58	0	1,498	19	2.75	5.5	22.4	0.4	0.0	36.56	70	1.2758	2.1219	670	670.35	994.22	
680570	54	633.6	620.8	463.8	621.2	306.8	2.25	4.58	0	1,577	21	2.75	5.5	22.4	0.4	0.0	35.84	70	1.2758	2.1219	665	669.74	997.42	
681132	54	631.2	623.5	464.8	623.2	306.8	2.44	4.58	0	1,703	22	3.00	5.5	22.4	0.4	0.0	39.28	70	1.2758	2.1219	665	668.94	1,002.89	
681659	54	629.1	625.2	465.8	625.2	307.2	2.62	4.58	0	1,820	23	3.50	5.5	22.4	0.4	0.0	29.91	70	1.2758	2.1219	665	668.33	1,003.12	
682229	54	627.3	626.5	466.8	626.5	306.8	-0.06	4.58	0	1,775	24	1.62	5.5	22.4	0.4	0.0	14.34	70	1.2758	2.1219	665	667.54	980.86	
682747	53	625.4	628.8	467.8	628.8	307.2	3.00	4.58	0	1,458	23	1.38	5.5	22.4	0.4	0.0	13.17	70	1.2758	2.1219	665	667.05	972.73	
683264	53	623.7	630.8	469.0	631.2	307.5	1.25	4.58	0	1,140	23	0.31	5.5	22.4	0.4	0.0	12.16	70	1.2758	2.1219	665	666.53	966.17	
683817	53	622.3	632.8	470.3	633.2	307.5	1.56	4.58	0	1,117	22	0.56	5.5	22.4	0.4	0.0	12.09	70	1.2758	2.1219	665	665.94	962.89	
684344	53	621.0	634.5	471.0	634.5	307.8	1.44	4.58	0	1,107	22	0.31	5.5	22.4	0.4	0.0	12.23	70	1.2758	2.1219	665	665.43	963.83	
684881	53	619.8	635.5	471.3	635.5	307.5	1.44	4.58	0	1,059	21	0.31	5.5	22.4	0.4	0.0	13.78	70	1.2758	2.1219	665	664.94	963.12	
685405	53	618.7	636.5	472.0	636.5	308.2	1.56	4.58	0	822	20	0.31	5.5	22.4	0.4	0.0	21.52	70	1.2758	2.1219	660	664.44	961.25	
685930	54	617.6	636.8	472.1	636.8	308.2	1.44	4.58	0	923	18	0.56	5.5	22.4	0.4	0.0	18.09	70	1.2758	2.1219	660	664.05	961.72	
686442	54	616.6	637.5	472.8	637.5	308.5	1.44	4.58	0	919	16	0.31	5.5	22.4	0.4	0.0	17.46	70	1.2758	2.1219	660	663.53	960.86	
686975	54	615.7	637.5	472.5	637.2	307.8	1.56	4.58	0	921	15	0.31	5.5	22.4	0.4	0.0	19.57	70	1.2758	2.1219	660	663.13	960.70	
687526	54	614.7	637.2	472.8	637.5	308.5	1.56	4.58	0	968	14	0.56	5.5	22.4	0.4	0.0	18.96	70	1.2758	2.1219	660	662.64	961.17	
688060	54	613.7	637.2	473.0	637.5	308.5	1.56	4.58	0	954	12	0.31	5.5	22.4	0.4	0.0	19.31	70	1.2758	2.1219	660	662.15	961.17	
688599	54	612.8	637.2	472.8	636.8	308.2	1.56	4.58	0	928	12	0.31	5.5	22.4	0.4	0.0	19.50	70	1.2758	2.1219	660	661.63	961.02	
689174	54	611.9	636.5	472.5	636.5	308.5	1.44	4.58	0	925	11	0.56	5.5	22.4	0.4	0.0	20.55	70	1.2758	2.1219	660	661.23	960.62	
689718	54	611.0	636.2	472.6	636.2	308.5	1.56	4.58	0	943	11	0.31	5.5	22.4	0.4	0.0	20.79	70	1.2758	2.1219	660	660.74	961.09	
690234	54	610.1	635.8	472.3	635.8	308.8	1.44	4.58	0	956	11	0.56	5.5	22.4	0.4	0.0	20.53	70	1.2758	2.1219	660	660.34	960.86	
690871	54	609.4	635.5	472.1	635.5	308.5	1.56	4.58	0	950	11	0.56	5.5	22.4	0.4	0.0	20.37	70	1.2758	2.1219	655	659.85	961.17	
691380	54	608.5	635.2	472.0	634.8	308.8	1.56	4.58	0	939	11	0.56	5.5	22.4	0.4	0.0	20.72	70	1.2758	2.1219	655	659.33	961.09	
691988	54	607.5	634.5	471.5	634.5	309.2	1.56	4.58	0	947	11	0.31	5.5	22.4	0.4	0.0	20.62	70	1.2758	2.1219	655	658.84	961.17	
692572	54	606.6	634.5	471.7	633.8	309.2	1.56	4.58	0	947	11	0.31	5.5	22.4	0.4	0.0	19.48	70	1.2758	2.1219	655	658.35	958.67	
693097	54	605.8	633.8	471.3	633.8	309.5	1.75	4.58	0	1,015	11	0.81	5.5	22.4	0.4	0.0	34.20	70	1.2758	2.1219	655	657.83	960.47	
693676	55	604.8	632.5	471.0	632.8	309.5	1.94	4.58	0	1,290	12	1.94	5.5	22.4	0.4	0.0	37.03	70	1.2758	2.1219	655	657.34	968.67	
694239	55	603.7	632.8	471.0	633.2	309.5	1.94	4.58	0	1,272	13	1.62	5.5	22.4	0.4	0.0	37.64	70	1.2758	2.1219	655	656.64	976.48	
694818	55	602.4	632.5	471.1	632.5	309.5	1.75	4.58	0	1,284	14	1.38	5.5	22.4	0.4	0.0	26.70	70	1.2758	2.1219	655	655.94	978.75	
695347	54	601.2	632.8	471.1	632.5	309.8	-0.06	4.58	0	1,315	15	0.81	5.5	22.4	0.4	0.0	17.98	70	1.2758	2.1219	655	655.35	969.06	
695941	54	600.1	632.5	471.1	632.8	309.5	1.44	4.58	0	1,128	14	0.56	5.5	22.4	0.4	0.0	19.24	70	1.2758	2.1219	650	654.74	962.89	
696467	54	599.1	633.2	471.5	633.2	309.8	1.56	4.58	0	1,189	14	0.81	5.5	22.4	0.4	0.0	28.78	70	1.2758	2.1219	650	654.25	964.38	
697029	54	598.0	633.5	471.8	633.5	309.8	1.94	4.58	0	1,322	15	1.62	5.5	22.4	0.4	0.0	38.70	70	1.2758	2.1219	650	653.55	967.58	
697631	54	596.5	633.5	472.1	633.5	309.8	2.12	4.58	0	1,383	17	2.44	5.5	22.4	0.4	0.0	40.97	70	1.2758	2.1219	650	652.63	980.78	
698186	54	595.1	634.2	472.0	634.2	309.8	2.12	4.58	0	1,430	19	2.75	5.5	22.4	0.4	0.0	38.88	70	1.2758	2.1219	650	651.93	991.80	
698732	54	593.4	634.5	472.3	634.5	310.2	1.75	4.58	0	1,522	20	2.19	5.5	22.4	0.4	0.0	17.93	70	1.2758	2.1219	650	651.04	980.23	
699306	54	592.4	635.2	472.5	634.8	310.2	1.06	4.58	0	1,510	19	1.12	5.5	22.4	0.4	0.0	12.14	70	1.2758	2.1219	650	650.24	970.70	
699827	53	591.3	635.8	473.3	636.2	310.2	0.88	4.58	0	1,494	19	1.38	5.5	22.4	0.4	0.0	11.18	70	1.2758	2.1219	645	649.63	966.80	
700335	53	590.0	636.8	473.5	636.5	310.5	0.69	4.58	0	1,358	18	0.81	5.5	22.4	0.4	0.0	17.98	70	1.2758	2.1219	645	649.05	967.11	
700841	54	589.2	637.5	474.0	637.2	310.5	0.56	4.58	0	1,318	17	0.81	5.5	22.4	0.4	0.0	14.11	70	1.2758	2.1219	645	648.53	968.12	
701369	54	588.4	637.5	474.0	637.5	310.8	1.25	4.58	0	1,265	16	0.56	5.5	22.4	0.4	0.0	15.19	70	1.2758	2.1219	645	647.94	968.59	
701892	54	587.6	637.8	474.1	637.5	310.8	1.44	4.58	0	1,270	16	1.12	5.5	22.4	0.4	0.0	26.79	70	1.2758	2.1219	645	647.24	964.84	
702416	54	586.6	637.8	474.1	637.5	311.2	1.75	4.58	0	1,321	17	1.38	5.5	22.4	0.4	0.0	29.81	70	1.2758	2.1219	645	646.54	966.95	
702983	54	585.5	637.5	474.2	637.2	311.2	1.75	4.58	0	1,368	18	1.62	5.5	22.4	0.4	0.0	28.20	70	1.2758	2.1219	645	645.83	970.55	
703504	54	584.5	637.5	474.5	637.5	311.2	0.56	4.58	0	1,312	18	1.12	5.5	22.4	0.4	0.0	15.59	70	1.2758	2.1219	645	645.04	966.95	
704064	54	583.6	637.5	474.5	637.5	311.2	1.06	4.58	0	1,340	17	0.81	5.5	22.4	0.4	0.0	13.50	70	1.2758	2.1219	640	644.43	964.92	
704595	54	582.7	637.5	474.2	637.5	311.2	0.88	4.58	0	1,337	17	0.81	5.5	22.4	0.4	0.0	12.40	70	1.2758	2.1219	640	643.75	963.98	
705156	54	581.8	637.8	474.5	637.8	311.5	-0.25	4.58	0	1,283	16	0.31	5.5	22.4	0.4	0.0	16.69	70	1.2758	2.1219	640	643.14	964.22	
705694	54	581.1	637.5	474.5	637.5	311.8	0.88	4.58	0	1,187	15	0.56	5.5	22.4	0.4	0.0	17.81	70	1.2758	2.1219	640	642.53	969.69	
706227	54	580.6	637.2	474.6	637.2	311.8	3.31	4.58	0	1,156	14	0.81	5.5	22.4	0.4	0.0	11.98	70	1.2758	2.1219	640	641.94	969.14	
706762	54	580.1	636.8	474.3	637.2	311.8	1.25	4.58	0	1,095	13	0.31	5.5	22.4	0.4	0.0	12.87	70	1.2758	2.1219	640	641.43	966.25	
707298	54	579.6	636.5	474.0	636.5	311.5	1.44	4.58	0	1,033	13	0.56	5.5	22.4	0.4	0.0	16.27	70	1.2758	2.1219	640	640.84	964.38	
707924	54	579.1	635.8	474.0	636.2	311.5	1.44	4.58	0	1,007	13	0.31	5.5	22.4	0.4	0.0	20.88	70	1.2758	2.1219	640	640.23	962.73	
708436	54	578.5	635.2	473.7	635.2	311.8	1.56	4.58	0	1,157	13	0.81	5.5	22.4	0.4	0.0	27.82	70	1.2758	2.1219	635	639.65	962.66	
708863	55	577.9	634.8	473.3	634.8	312.2	1.75	4.58	0	1,295	14	1.38	5.5	22.4	0.4	0.0	29.02	70	1.2758	2.1219	635	639.13	964.22	
709377	55	577.2	633.8	473.0	634.2	312.5	1.75	4.58	0	1,331	15	1.38	5.5	22.4	0.4	0.0	30.47	70	1.2758	2.1219	635	638.55	967.81	
709911	55	576.4	633.5	473.0	633.5	312.2	1.75	4.58	0	1,306	16	1.38	5.5	22.4	0.4	0.0	31.12	70	1.2758	2.1219	635	637.75	971.88	
710420	55	575.6	633.2	472.8	633.2	312.2	1.25	4.58	0	1,178	16	1.38	5.5	22.4	0.4	0.0	18.09	70	1.2758	2.1219	635	637.05	969.30	
710951	54	574.7	632.8	472.6	633.2	312.5	1.25	4.58	0	1,234	16	0.56	5.5	22.4	0.4	0.0	13.43	70	1.2758	2.1219	635	636.44	965.16	
711472	54	574.0	632.8	473.0	633.2	312.5	1.25	4.58	0	1,208	15	0.56	5.5	22.4	0.4	0.0	12.09	70	1.2758	2.1219	635	635.94	963.12	
712063	54	573.2	632.8	472.8	632.8	312.5	1.44	4.58	0	1,110	14	0.31	5.5	22.4	0.4	0.0	12.33	70	1.2758	2.1219	635	635.24	961.95	
712623	54	572.5	632.5	472.5	632.5	312.5	1.56	4.58	0	1,005	13	0.31	5.5	22.4	0.4	0.0	12.63	70	1.2758	2.1219	630	634.63	962.03	
713151	54	571.8	632.5	472.3	632.2	312.8	1.44	4.58	0	958	12	0.31	5.5	22.4	0.4	0.0	13.17	70	1.2758	2.1219	630	634.05	961.48	
713688	54	571.2	631.8	472.3	631.8	312.5	1.44	4.58	0	900	11	0.00	5.5	22.4	0.4	0.0	15.35	70	1.2758	2.1219	630	633.44	961.02	
714257	54	570.6	631.2	472.1	631.5	312.8	1.56	4.58	0	887	11	0.31	5.5	22.4	0.4	0.0	18.02	70	1.2758	2.1219	630	632.94	958.20	
714780	54	569.9	630.5	471.8	630.8	312.8	1.94	4.58	0	909	11	0.81	5.5	22.4	0.4	0.0	35.88	70	1.2758	2.1219	630	632.43	958.59	
715350	55	569.1	630.2	471.3	629.8	312.8	2.12	4.58	0	1,326	12	2.19	5.5	22.4	0.4	0.0	37.80	70	1.2758	2.1219	630	631.63	969.30	
715884	55	568.2	629.2	471.3	629.5	312.5	1.94	4.58	0	1,345	13	1.94	5.5	22.4	0.4	0.0	29.09	70	1.2758	2.1219	630	630.93	978.20	
716541	55	567.2	628.8	471.0	628.5	313.2	1.56	4.58	0	1,263	14	1.12	5.5	22.4	0.4	0.0	25.24	70	1.2758	2.1219	630	630.04	973.83	
716969	55	566.3	628.5	470.8	628.8	313.5	1.44	4.58	0	1,310	15	1.38	5.5	22.4	0.4	0.0	38.93	70	1.2758	2.1219	625	629.55	968.98	
717460	55	565.3	628.5	471.1	628.5	313.2	2.25	4.58	0	1,503	16	3.00	5.5	22.4	0.4	0.0	42.75	70	1.2758	2.1219	625	628.75	983.59	
718026	55	563.9	628.5	470.7	628.5	313.2	2.25	4.58	0	1,501	18	3.50	5.5	22.4	0.4	0.0	44.95	70	1.2758	2.1219	625	627.74	1,000.78	
718554	54	562.6	628.8	471.3	628.8	313.5	2.44	4.58	0	1,531	20	3.81	5.5	22.4	0.4	0.0	42.77	70	1.2758	2.1219	625	626.73	1,011.88	
719072	54	561.2	629.2	471.5	629.2	313.5	2.44	4.58	0	1,659	21	3.50	5.5	22.4	0.4	0.0	40.48	70	1.2758	2.1219	625	625.84	1,017.03	
719578	54	559.7	629.8	471.6	630.2	313.5	2.81	4.58	0	1,788	23	3.81	5.5	22.4	0.4	0.0	40.97	70	1.2758	2.1219	620	624.74	1,023.36	
720089	54	558.2	630.8	472.0	630.8	313.5	3.00	4.58	0	1,863	24	3.50	5.5	22.4	0.4	0.0	36.07	70	1.2758	2.1219	620	623.43	1,029.06	
720598	54	556.7	631.5	472.5	631.8	313.5	-0.81	4.58	0	1,753	25	3.25	5.5	22.4	0.4	0.0	21.47	70	1.2758	2.1219	620	622.35	1,008.67	
721075	53	555.4	633.2	473.1	633.2	313.2	0.88	4.58	0	1,373	25	0.81	5.5	22.4	0.4	0.0	14.27	70	1.2758	2.1219	620	621.65	981.64	
721582	53	554.4	634.2	473.8	634.2	314.2	1.06	4.58	0	1,226	25	0.81	5.5	22.4	0.4	0.0	14.41	70	1.2758	2.1219	620	620.55	970.86	
722171	53	553.3	635.2	474.7	635.2	313.8	1.44	4.58	0	1,207	24	0.81	5.5	22.4	0.4	0.0	12.40	70	1.2758	2.1219	615	619.75	965.55	
722773	53	552.3	636.5	475.1	636.5	314.2	1.06	4.58	0	1,132	24	0.31	5.5	22.4	0.4	0.0	17.09	70	1.2758	2.1219	615	618.83	965.00	
723285	53	551.5	636.8	475.1	636.8	314.2	1.06	4.58	0	1,133	22	0.56	5.5	22.4	0.4	0.0	17.55	70	1.2758	2.1219	615	618.04	969.92	
723719	53	551.0	636.8	475.7	637.2	314.2	1.25	4.58	0	1,099	22	0.31	5.5	22.4	0.4	0.0	13.15	70	1.2758	2.1219	615	617.43	970.23	
724390	53	550.3	637.5	475.7	637.5	313.8	1.56	4.58	0	1,054	21	0.56	5.5	22.4	0.4	0.0	26.51	70	1.2758	2.1219	615	616.44	964.61	
724911	54	549.7	637.2	475.7	637.2	314.2	1.75	4.58	0	1,161	22	1.12	5.5	22.4	0.4	0.0	27.80	70	1.2758	2.1219	615	615.74	966.33	
725443	54	548.8	637.2	475.5	636.8	314.2	1.56	4.58	0	1,133	22	1.12	5.5	22.4	0.4	0.0	21.21	70	1.2758	2.1219	615	614.94	964.53	
725956	54	548.2	636.5	475.3	636.5	313.8	1.44	4.58	0	1,117	22	0.56	5.5	22.4	0.4	0.0	17.41	70	1.2758	2.1219	610	614.24	962.58	
726467	54	547.7	635.8	475.1	635.8	314.5	1.44	4.58	0	1,112	22	0.56	5.5	22.4	0.4	0.0	15.77	70	1.2758	2.1219	610	613.54	961.88	
727019	54	547.1	635.8	475.0	635.8	314.5	1.44	4.58	0	1,058	22	0.31	5.5	22.4	0.4	0.0	12.38	70	1.2758	2.1219	610	612.83	961.09	
727606	54	546.5	635.2	475.0	635.2	314.2	1.44	4.58	0	912	21	0.31	5.5	22.4	0.4	0.0	14.95	70	1.2758	2.1219	610	612.04	959.69	
728142	54	545.9	634.8	474.3	634.8	314.5	1.56	4.58	0	940	20	0.31	5.5	22.4	0.4	0.0	17.16	70	1.2758	2.1219	610	611.43	961.17	
728662	54	545.5	633.8	474.3	634.2	314.8	1.44	4.58	0	1,004	21	0.31	5.5	22.4	0.4	0.0	14.81	70	1.2758	2.1219	610	610.84	961.17	
729196	54	545.0	633.2	474.0	633.5	314.5	1.44	4.58	0	980	21	0.31	5.5	22.4	0.4	0.0	14.48	70	1.2758	2.1219	610	610.23	960.39	
729747	54	544.5	632.5	473.5	632.5	315.2	1.75	4.58	0	1,070	20	0.56	5.5	22.4	0.4	0.0	21.91	70	1.2758	2.1219	605	609.65	960.31	
730276	54	544.0	631.5	473.7	631.5	314.8	1.44	4.58	0	1,342	20	1.38	5.5	22.4	0.4	0.0	19.01	70	1.2758	2.1219	605	609.04	961.80	
730809	54	543.5	630.8	472.8	630.5	314.8	1.44	4.58	0	1,461	20	1.62	5.5	22.4	0.4	0.0	18.09	70	1.2758	2.1219	605	608.24	965.00	
731416	54	542.9	629.5	472.0	629.5	314.5	0.88	4.58	0	1,496	20	1.38	5.5	22.4	0.4	0.0	12.14	70	1.2758	2.1219	605	607.54	966.25	
731950	54	542.4	628.5	471.8	628.8	315.2	0.88	4.58	0	1,481	19	1.12	5.5	22.4	0.4	0.0	11.91	70	1.2758	2.1219	605	606.93	966.95	
732508	54	541.9	627.8	471.3	627.8	315.2	0.56	4.58	0	1,431	19	0.31	5.5	22.4	0.4	0.0	16.34	70	1.2758	2.1219	605	606.34	968.59	
733202	54	541.4	626.8	471.1	627.2	315.2	0.69	4.58	0	1,324	17	1.12	5.5	22.4	0.4	0.0	18.63	70	1.2758	2.1219	605	605.64	972.97	
733718	54	541.1	626.5	470.8	626.2	314.8	0.88	4.58	0	1,219	15	0.56	5.5	22.4	0.4	0.0	18.54	70	1.2758	2.1219	605	605.15	973.28	
734288	54	540.8	625.2	470.0	624.8	314.5	2.12	4.58	0	1,107	14	0.81	5.5	22.4	0.4	0.0	12.00	70	1.2758	2.1219	600	604.63	971.17	
734854	54	540.5	623.8	469.7	623.8	315.5	1.25	4.58	0	1,078	13	0.31	5.5	22.4	0.4	0.0	13.48	70	1.2758	2.1219	600	604.05	967.73	
735381	54	540.3	623.2	469.2	623.5	315.2	1.56	4.58	0	1,026	12	0.31	5.5	22.4	0.4	0.0	13.80	70	1.2758	2.1219	600	603.65	965.31	
735903	54	540.0	621.8	468.7	621.8	315.2	1.44	4.58	0	981	12	0.31	5.5	22.4	0.4	0.0	19.24	70	1.2758	2.1219	600	603.04	962.81	
736503	55	539.7	620.8	468.0	620.8	315.2	1.56	4.58	0	1,096	12	0.81	5.5	22.4	0.4	0.0	23.67	70	1.2758	2.1219	600	602.55	962.11	
737018	55	539.3	620.2	467.8	619.8	315.2	1.56	4.58	0	1,221	13	1.12	5.5	22.4	0.4	0.0	24.09	70	1.2758	2.1219	600	601.94	963.52	
737606	55	538.9	619.2	467.5	618.8	315.5	1.56	4.58	0	1,218	13	1.12	5.5	22.4	0.4	0.0	26.53	70	1.2758	2.1219	600	601.35	965.00	
738181	55	538.4	618.2	466.8	617.8	315.5	1.25	4.58	0	1,220	14	1.12	5.5	22.4	0.4	0.0	18.96	70	1.2758	2.1219	600	600.83	963.67	
738703	55	537.9	617.5	466.3	617.5	315.5	1.44	4.58	0	1,093	14	0.56	5.5	22.4	0.4	0.0	14.20	70	1.2758	2.1219	600	600.25	962.89	
739239	54	537.5	616.5	466.1	616.8	315.8	1.44	4.58	0	1,079	14	0.31	5.5	22.4	0.4	0.0	12.52	70	1.2758	2.1219	595	599.73	961.33	
739815	54	537.0	615.5	465.6	615.8	315.8	1.44	4.58	0	1,044	13	0.31	5.5	22.4	0.4	0.0	12.38	70	1.2758	2.1219	595	599.24	960.47	
740385	54	536.6	615.2	465.5	614.8	315.8	1.44	4.58	0	991	13	0.31	5.5	22.4	0.4	0.0	13.45	70	1.2758	2.1219	595	598.75	961.25	
740926	54	536.2	614.5	465.5	614.5	315.8	1.56	4.58	0	972	12	0.56	5.5	22.4	0.4	0.0	22.22	70	1.2758	2.1219	595	598.23	960.16	
741468	55	535.7	613.5	465.3	613.5	316.2	1.75	4.58	0	1,019	13	0.81	5.5	22.4	0.4	0.0	28.03	70	1.2758	2.1219	595	597.74	960.47	
742127	55	535.2	612.8	464.5	612.5	316.2	1.56	4.58	0	1,177	14	1.12	5.5	22.4	0.4	0.0	25.76	70	1.2758	2.1219	595	597.04	963.75	
742671	55	534.7	612.5	464.3	612.2	316.5	1.56	4.58	0	1,241	14	1.12	5.5	22.4	0.4	0.0	24.14	70	1.2758	2.1219	595	596.43	963.59	
743277	55	533.9	611.2	464.1	611.2	316.8	1.44	4.58	0	1,151	15	0.81	5.5	22.4	0.4	0.0	16.05	70	1.2758	2.1219	595	595.94	962.73	
743873	55	533.4	610.8	463.8	610.8	316.8	1.25	4.58	0	1,125	14	0.56	5.5	22.4	0.4	0.0	12.12	70	1.2758	2.1219	595	595.35	961.33	
744425	54	532.9	610.5	463.6	610.5	317.2	1.44	4.58	0	1,113	14	0.56	5.5	22.4	0.4	0.0	16.50	70	1.2758	2.1219	590	594.74	961.33	
744957	55	532.3	609.8	463.3	609.5	316.8	1.25	4.58	0	1,072	14	0.56	5.5	22.4	0.4	0.0	14.13	70	1.2758	2.1219	590	594.34	960.55	
745491	55	531.9	609.2	463.2	609.2	316.8	1.25	4.58	0	1,038	14	0.31	5.5	22.4	0.4	0.0	12.87	70	1.2758	2.1219	590	593.85	961.88	
746019	55	531.4	608.8	462.8	608.5	317.2	1.56	4.58	0	1,010	13	0.31	5.5	22.4	0.4	0.0	13.78	70	1.2758	2.1219	590	593.43	961.41	
746545	55	531.0	607.8	462.5	607.8	317.2	1.06	4.58	0	988	12	0.31	5.5	22.4	0.4	0.0	18.77	70	1.2758	2.1219	590	592.94	960.00	
747117	55	530.5	606.8	462.3	607.2	317.5	1.75	4.58	0	1,052	13	0.81	5.5	22.4	0.4	0.0	25.99	70	1.2758	2.1219	590	592.44	960.62	
747649	55	529.9	606.5	462.0	606.5	317.8	1.75	4.58	0	1,203	13	1.12	5.5	22.4	0.4	0.0	29.62	70	1.2758	2.1219	590	591.93	960.94	
748183	55	529.3	605.8	461.6	605.8	317.5	1.94	4.58	0	1,298	14	1.62	5.5	22.4	0.4	0.0	36.84	70	1.2758	2.1219	590	591.44	967.58	
748702	55	528.7	605.2	461.2	605.2	317.5	1.94	4.58	0	1,391	16	2.19	5.5	22.4	0.4	0.0	38.34	70	1.2758	2.1219	590	590.73	976.09	
749236	55	527.8	604.8	461.3	604.8	317.5	2.12	4.58	0	1,367	18	2.19	5.5	22.4	0.4	0.0	37.03	70	1.2758	2.1219	590	590.03	982.58	
749776	55	527.0	604.8	461.3	604.5	318.2	2.12	4.58	0	1,468	19	2.44	5.5	22.4	0.4	0.0	35.23	70	1.2758	2.1219	585	589.44	988.52	
750426	55	526.1	604.5	461.1	604.8	317.8	1.75	4.58	0	1,584	20	1.62	5.5	22.4	0.4	0.0	25.36	70	1.2758	2.1219	585	588.44	987.50	
750939	54	525.2	604.5	461.3	604.5	318.2	1.75	4.58	0	1,645	21	1.62	5.5	22.4	0.4	0.0	15.73	70	1.2758	2.1219	585	587.85	973.12	
751448	54	524.3	604.8	461.5	605.2	318.5	1.25	4.58	0	1,614	21	1.12	5.5	22.4	0.4	0.0	12.12	70	1.2758	2.1219	585	587.24	967.58	
751976	54	523.7	605.5	461.7	605.2	318.2	1.44	4.58	0	1,619	21	1.62	5.5	22.4	0.4	0.0	21.09	70	1.2758	2.1219	585	586.63	962.19	
752434	54	523.0	605.2	461.7	605.5	318.5	1.75	4.58	0	1,668	21	1.62	5.5	22.4	0.4	0.0	26.46	70	1.2758	2.1219	585	585.93	968.44	
753020	54	522.1	605.5	462.0	605.8	318.2	1.06	4.58	0	1,678	22	1.38	5.5	22.4	0.4	0.0	14.20	70	1.2758	2.1219	585	585.13	968.28	
753584	54	521.3	605.5	462.1	605.5	318.5	0.88	4.58	0	1,676	21	1.12	5.5	22.4	0.4	0.0	11.98	70	1.2758	2.1219	580	584.55	965.70	
754178	54	520.6	605.8	462.1	606.2	318.5	1.06	4.58	0	1,543	21	0.81	5.5	22.4	0.4	0.0	18.02	70	1.2758	2.1219	580	583.84	966.80	
754717	54	520.1	606.2	462.5	606.2	318.8	0.38	4.58	0	1,506	19	1.12	5.5	22.4	0.4	0.0	18.84	70	1.2758	2.1219	580	583.23	968.52	
755236	54	519.6	605.8	462.3	606.2	318.5	0.56	4.58	0	1,419	18	1.12	5.5	22.4	0.4	0.0	21.45	70	1.2758	2.1219	580	582.74	975.70	
755801	54	519.2	605.8	462.1	605.8	318.8	1.25	4.58	0	1,403	18	0.56	5.5	22.4	0.4	0.0	13.85	70	1.2758	2.1219	580	582.13	970.86	
756315	54	518.9	605.2	462.0	605.2	318.8	1.44	4.58	0	1,394	18	1.38	5.5	22.4	0.4	0.0	20.16	70	1.2758	2.1219	580	581.55	968.12	
756861	55	518.4	604.8	461.6	604.5	318.5	1.44	4.58	0	1,405	18	1.38	5.5	22.4	0.4	0.0	19.03	70	1.2758	2.1219	580	581.03	968.05	
757424	55	517.9	604.5	461.6	604.5	318.8	1.56	4.58	0	1,433	18	1.62	5.5	22.4	0.4	0.0	16.24	70	1.2758	2.1219	580	580.35	969.22	
757933	55	517.5	604.2	461.3	603.8	318.8	1.25	4.58	0	1,433	18	1.12	5.5	22.4	0.4	0.0	13.45	70	1.2758	2.1219	575	579.83	968.75	
758465	54	517.1	603.5	461.5	603.5	319.2	0.69	4.58	0	1,424	18	1.12	5.5	22.4	0.4	0.0	12.33	70	1.2758	2.1219	575	579.34	968.91	
759133	54	516.6	603.2	461.2	603.2	319.2	0.88	4.58	0	1,331	17	0.56	5.5	22.4	0.4	0.0	14.39	70	1.2758	2.1219	575	578.64	969.30	
759744	55	516.3	602.5	460.6	602.5	318.5	1.06	4.58	0	1,172	15	0.56	5.5	22.4	0.4	0.0	18.70	70	1.2758	2.1219	575	578.03	971.41	
760278	55	516.0	601.8	460.7	601.8	319.2	2.25	4.58	0	1,154	14	0.81	5.5	22.4	0.4	0.0	12.26	70	1.2758	2.1219	575	577.63	969.30	
760800	55	515.8	601.2	460.2	601.2	319.2	1.56	4.58	0	1,152	14	0.56	5.5	22.4	0.4	0.0	22.95	70	1.2758	2.1219	575	577.14	965.47	
761313	55	515.6	600.2	459.8	600.5	319.2	1.94	4.58	0	1,148	15	0.81	5.5	22.4	0.4	0.0	33.75	70	1.2758	2.1219	575	576.65	963.67	
761842	55	515.4	600.2	459.8	599.8	319.5	2.12	4.58	0	1,317	16	1.94	5.5	22.4	0.4	0.0	38.88	70	1.2758	2.1219	575	576.13	970.70	
762443	55	514.9	599.5	459.3	599.5	319.5	2.12	4.58	0	1,448	18	2.75	5.5	22.4	0.4	0.0	42.19	70	1.2758	2.1219	575	575.33	986.09	
763023	55	514.3	598.8	459.3	598.8	319.5	2.25	4.58	0	1,517	20	3.00	5.5	22.4	0.4	0.0	40.34	70	1.2758	2.1219	570	574.54	998.52	
763616	55	513.5	598.5	459.0	598.2	319.8	2.25	4.58	0	1,677	21	3.00	5.5	22.4	0.4	0.0	38.25	70	1.2758	2.1219	570	573.53	1,005.08	
764160	55	512.7	598.5	459.5	598.5	319.8	2.62	4.58	0	1,773	23	3.25	5.5	22.4	0.4	0.0	38.53	70	1.2758	2.1219	570	572.73	1,013.75	
764737	54	511.8	598.5	459.2	598.5	319.8	2.25	4.58	0	1,860	24	2.44	5.5	22.4	0.4	0.0	29.02	70	1.2758	2.1219	570	571.63	1,018.20	
765271	54	510.9	599.2	459.3	598.8	320.2	1.06	4.58	0	1,539	25	1.94	5.5	22.4	0.4	0.0	23.67	70	1.2758	2.1219	570	570.83	1,007.81	
765800	54	510.2	599.5	459.6	599.5	319.8	1.75	4.58	0	1,390	25	1.38	5.5	22.4	0.4	0.0	25.29	70	1.2758	2.1219	570	569.94	986.80	
766366	54	509.4	599.5	460.0	599.8	320.2	1.94	4.58	0	1,364	25	1.94	5.5	22.4	0.4	0.0	35.39	70	1.2758	2.1219	565	569.15	990.86	
766948	54	508.6	600.2	460.2	600.2	319.8	1.25	4.58	0	1,271	26	1.12	5.5	22.4	0.4	0.0	17.81	70	1.2758	2.1219	565	568.23	973.59	
767486	54	508.0	600.8	460.5	600.8	320.2	1.25	4.58	0	1,264	26	0.81	5.5	22.4	0.4	0.0	12.56	70	1.2758	2.1219	565	567.65	967.11	
768109	53	507.4	601.2	460.5	601.2	320.2	0.56	4.58	0	1,221	25	0.31	5.5	22.4	0.4	0.0	17.32	70	1.2758	2.1219	565	566.73	966.25	
768635	54	506.9	601.5	460.8	601.5	320.5	1.06	4.58	0	1,171	23	0.56	5.5	22.4	0.4	0.0	17.77	70	1.2758	2.1219	565	566.24	966.41	
769165	54	506.5	601.5	460.7	601.5	319.8	1.25	4.58	0	1,116	22	0.31	5.5	22.4	0.4	0.0	17.77	70	1.2758	2.1219	565	565.63	970.70	
769694	54	506.3	601.5	460.5	601.5	320.5	1.25	4.58	0	1,057	21	0.56	5.5	22.4	0.4	0.0	20.18	70	1.2758	2.1219	565	565.05	969.77	
770285	54	506.0	600.8	460.8	600.8	320.2	1.56	4.58	0	898	21	0.31	5.5	22.4	0.4	0.0	17.25	70	1.2758	2.1219	560	564.53	965.94	
770842	54	505.7	600.5	460.5	600.5	320.5	1.56	4.58	0	1,009	21	0.31	5.5	22.4	0.4	0.0	14.39	70	1.2758	2.1219	560	563.94	963.59	
771380	54	505.5	599.8	460.1	599.8	320.2	1.44	4.58	0	1,008	20	0.00	5.5	22.4	0.4	0.0	14.67	70	1.2758	2.1219	560	563.43	962.97	
771946	54	505.2	599.5	460.0	599.2	319.8	1.56	4.58	0	978	19	0.31	5.5	22.4	0.4	0.0	15.45	70	1.2758	2.1219	560	562.94	962.03	
772479	54	505.0	598.5	459.6	598.2	320.8	1.44	4.58	0	933	18	0.31	5.5	22.4	0.4	0.0	16.12	70	1.2758	2.1219	560	562.44	961.41	
773040	54	504.7	597.5	459.0	597.5	320.5	1.44	4.58	0	912	17	0.31	5.5	22.4	0.4	0.0	17.58	70	1.2758	2.1219	560	561.93	960.62	
773574	54	504.5	596.5	458.6	596.8	320.5	1.56	4.58	0	924	16	0.31	5.5	22.4	0.4	0.0	18.54	70	1.2758	2.1219	560	561.53	960.55	
774125	55	504.3	596.5	458.5	596.2	320.8	1.56	4.58	0	952	16	0.31	5.5	22.4	0.4	0.0	18.28	70	1.2758	2.1219	560	561.04	960.39	
774674	55	504.0	595.2	457.8	595.2	320.8	1.56	4.58	0	955	16	0.31	5.5	22.4	0.4	0.0	18.28	70	1.2758	2.1219	560	560.64	960.39	
775253	55	503.7	594.2	457.5	594.2	320.8	1.56	4.58	0	935	16	0.31	5.5	22.4	0.4	0.0	18.05	70	1.2758	2.1219	560	560.15	960.31	
775813	55	503.5	593.5	457.1	593.2	320.5	1.44	4.58	0	929	14	0.31	5.5	22.4	0.4	0.0	19.10	70	1.2758	2.1219	555	559.63	960.16	
776496	55	503.2	592.5	456.5	592.5	320.5	1.56	4.58	0	945	13	0.31	5.5	22.4	0.4	0.0	19.29	70	1.2758	2.1219	555	559.14	960.39	
777094	55	502.9	591.5	456.3	591.5	320.8	1.56	4.58	0	950	12	0.31	5.5	22.4	0.4	0.0	19.41	70	1.2758	2.1219	555	558.65	960.86	
777659	55	502.6	590.5	455.6	590.5	320.8	1.44	4.58	0	944	12	0.31	5.5	22.4	0.4	0.0	19.36	70	1.2758	2.1219	555	558.25	960.39	
778191	55	502.3	589.5	455.3	589.2	320.5	1.56	4.58	0	943	12	0.31	5.5	22.4	0.4	0.0	19.62	70	1.2758	2.1219	555	557.73	960.70	
778799	55	502.0	588.5	454.5	588.5	320.5	1.56	4.58	0	914	9	0.31	5.5	22.4	0.4	0.0	21.47	70	1.2758	2.1219	555	557.33	960.47	
779351	55	501.7	588.2	454.3	587.8	320.8	1.56	4.58	0	954	7	0.31	5.5	22.4	0.4	0.0	18.07	70	1.2758	2.1219	555	556.94	960.70	
779886	55	501.4	587.2	453.8	586.8	320.8	1.75	4.58	0	785	7	0.56	5.5	22.4	0.4	0.0	31.80	70	1.2758	2.1219	555	556.63	961.17	
780430	55	501.1	586.5	453.6	586.5	320.8	1.56	4.58	0	940	7	0.56	5.5	22.4	0.4	0.0	23.37	70	1.2758	2.1219	555	556.14	962.11	
780969	55	500.8	585.8	453.3	585.8	320.8	1.75	4.58	0	933	7	0.56	5.5	22.4	0.4	0.0	27.70	70	1.2758	2.1219	555	555.74	962.27	
781494	55	500.5	584.8	453.2	584.8	320.8	1.56	4.58	0	984	7	0.56	5.5	22.4	0.4	0.0	23.25	70	1.2758	2.1219	555	555.34	963.28	
782048	55	500.1	584.5	452.6	584.5	321.2	1.56	4.58	0	994	7	0.56	5.5	22.4	0.4	0.0	21.05	70	1.2758	2.1219	555	554.94	963.20	
782658	55	499.7	583.8	452.5	584.2	321.2	1.56	4.58	0	1,004	7	0.56	5.5	22.4	0.4	0.0	26.34	70	1.2758	2.1219	550	554.55	961.41	
783164	55	499.4	583.2	452.6	583.5	321.5	1.75	4.58	0	1,112	7	0.81	5.5	22.4	0.4	0.0	30.84	70	1.2758	2.1219	550	554.15	961.17	
783687	55	499.0	583.2	452.3	583.5	321.5	1.75	4.58	0	1,304	8	1.62	5.5	22.4	0.4	0.0	34.36	70	1.2758	2.1219	550	553.54	966.80	
784217	55	498.6	582.8	452.1	582.8	321.2	1.94	4.58	0	1,292	10	1.62	5.5	22.4	0.4	0.0	35.77	70	1.2758	2.1219	550	553.14	971.56	
784746	55	498.1	582.2	451.8	582.5	321.5	2.12	4.58	0	1,338	11	1.94	5.5	22.4	0.4	0.0	37.50	70	1.2758	2.1219	550	552.65	976.88	
785370	55	497.6	582.5	451.8	582.2	321.5	2.12	4.58	0	1,380	12	2.19	5.5	22.4	0.4	0.0	38.81	70	1.2758	2.1219	550	551.94	983.75	
785947	55	496.9	582.5	451.8	582.5	321.8	2.12	4.58	0	1,409	14	2.44	5.5	22.4	0.4	0.0	35.13	70	1.2758	2.1219	550	551.33	991.09	
786502	55	496.2	582.5	452.1	582.5	321.5	1.75	4.58	0	1,361	16	1.62	5.5	22.4	0.4	0.0	31.64	70	1.2758	2.1219	550	550.63	985.23	
787019	55	495.7	582.8	452.1	582.8	321.5	1.94	4.58	0	1,360	17	1.62	5.5	22.4	0.4	0.0	33.38	70	1.2758	2.1219	550	550.05	983.28	
787604	55	495.0	582.8	452.1	583.5	321.8	2.12	4.58	0	1,385	18	2.19	5.5	22.4	0.4	0.0	18.75	70	1.2758	2.1219	545	549.34	976.56	
788185	54	494.4	583.8	453.0	583.8	321.8	1.06	4.58	0	1,399	18	1.12	5.5	22.4	0.4	0.0	14.23	70	1.2758	2.1219	545	548.73	968.67	
788709	54	494.0	583.8	453.0	584.2	321.8	1.06	4.58	0	1,377	18	1.12	5.5	22.4	0.4	0.0	12.91	70	1.2758	2.1219	545	548.33	966.33	
789251	54	493.6	584.5	453.2	584.5	321.8	0.88	4.58	0	1,297	17	0.81	5.5	22.4	0.4	0.0	11.77	70	1.2758	2.1219	545	547.84	964.22	
789824	54	493.2	585.2	453.3	585.2	321.8	1.44	4.58	0	1,084	16	0.81	5.5	22.4	0.4	0.0	12.05	70	1.2758	2.1219	545	547.35	966.72	
790396	54	492.8	584.8	453.5	585.2	322.2	1.06	4.58	0	1,174	15	0.56	5.5	22.4	0.4	0.0	12.75	70	1.2758	2.1219	545	546.83	964.92	
790926	54	492.5	585.2	453.6	585.2	322.2	1.25	4.58	0	1,157	15	0.31	5.5	22.4	0.4	0.0	12.89	70	1.2758	2.1219	545	546.44	963.75	
791462	54	492.2	585.2	453.7	585.2	322.2	1.44	4.58	0	1,182	15	0.81	5.5	22.4	0.4	0.0	20.06	70	1.2758	2.1219	545	546.04	962.73	
792059	55	491.8	584.8	453.7	585.2	322.5	1.56	4.58	0	1,177	15	0.81	5.5	22.4	0.4	0.0	28.36	70	1.2758	2.1219	545	545.55	960.86	
792661	55	491.4	584.5	453.5	584.8	322.2	1.94	4.58	0	1,266	16	1.62	5.5	22.4	0.4	0.0	38.39	70	1.2758	2.1219	545	544.94	968.20	
793192	55	491.0	584.5	453.3	584.5	322.2	1.94	4.58	0	1,354	18	1.94	5.5	22.4	0.4	0.0	30.77	71	1.2758	2.1219	540	544.35	976.80	
793743	55	490.6	584.5	453.3	584.5	322.2	1.75	4.58	0	1,430	19	1.38	5.5	22.4	0.4	0.0	26.48	71	1.2758	2.1219	540	543.83	974.92	
794382	55	490.2	584.5	453.3	584.8	321.8	1.94	4.58	0	1,510	19	1.62	5.5	22.4	0.4	0.0	29.44	71	1.2758	2.1219	540	543.25	975.78	
794964	55	489.7	584.5	453.3	584.5	322.2	1.75	4.58	0	1,603	21	1.62	5.5	22.4	0.4	0.0	25.05	71	1.2758	2.1219	540	542.55	979.77	
795480	55	489.2	584.5	453.5	584.5	322.2	0.56	4.58	0	1,620	21	1.38	5.5	22.4	0.4	0.0	13.90	71	1.2758	2.1219	540	542.03	970.86	
796009	54	488.8	585.2	453.7	584.8	322.5	1.06	4.58	0	1,601	21	1.12	5.5	22.4	0.4	0.0	12.09	71	1.2758	2.1219	540	541.54	967.03	
796535	54	488.5	585.5	454.0	585.5	322.2	1.06	4.58	0	1,532	20	0.56	5.5	22.4	0.4	0.0	17.23	71	1.2758	2.1219	540	541.14	966.64	
797099	54	488.2	585.5	453.8	585.8	322.2	0.38	4.58	0	1,505	19	1.38	5.5	22.4	0.4	0.0	18.80	71	1.2758	2.1219	540	540.65	968.52	
797623	54	488.1	585.8	454.1	585.8	322.5	0.56	4.58	0	1,411	18	0.81	5.5	22.4	0.4	0.0	18.45	71	1.2758	2.1219	540	540.25	975.00	
798154	54	487.9	585.2	454.0	585.5	322.2	0.69	4.58	0	1,350	17	0.81	5.5	22.4	0.4	0.0	18.82	71	1.2758	2.1219	540	539.94	976.41	
798701	55	487.9	585.5	454.0	585.5	322.5	0.88	4.58	0	1,258	16	1.12	5.5	22.4	0.4	0.0	12.56	71	1.2758	2.1219	535	539.43	974.53	
799236	55	487.8	585.5	454.0	585.2	322.2	1.56	4.58	0	1,268	16	0.56	5.5	22.4	0.4	0.0	23.67	71	1.2758	2.1219	535	539.15	968.91	
799776	55	487.7	584.8	453.8	584.8	322.2	1.94	4.58	0	1,285	17	1.38	5.5	22.4	0.4	0.0	26.81	71	1.2758	2.1219	535	538.75	971.17	
800300	55	487.6	584.8	453.6	584.5	322.5	1.06	4.58	0	1,332	17	1.12	5.5	22.4	0.4	0.0	16.64	71	1.2758	2.1219	535	538.23	966.25	
800826	55	487.5	584.5	453.3	584.5	322.2	1.06	4.58	0	1,332	17	0.81	5.5	22.4	0.4	0.0	14.39	71	1.2758	2.1219	535	537.83	964.38	
801394	55	487.3	584.5	453.3	584.5	322.2	1.06	4.58	0	1,294	17	0.81	5.5	22.4	0.4	0.0	13.05	71	1.2758	2.1219	535	537.53	963.52	
801979	55	487.1	583.5	453.1	583.5	322.5	1.44	4.58	0	1,229	15	0.00	5.5	22.4	0.4	0.0	15.75	71	1.2758	2.1219	535	537.13	963.28	
802678	55	487.0	583.5	453.0	583.5	322.2	1.25	4.58	0	1,141	14	0.31	5.5	22.4	0.4	0.0	12.47	71	1.2758	2.1219	535	536.64	964.38	
803207	55	486.8	583.2	452.8	582.8	322.8	1.44	4.58	0	1,017	13	0.31	5.5	22.4	0.4	0.0	13.12	71	1.2758	2.1219	535	536.24	963.12	
803782	55	486.7	582.8	452.8	582.5	322.8	1.44	4.58	0	925	11	0.00	5.5	22.4	0.4	0.0	13.22	71	1.2758	2.1219	535	535.94	962.11	
804281	55	486.5	582.5	452.5	582.2	322.5	1.56	4.58	0	832	10	0.31	5.5	22.4	0.4	0.0	22.64	71	1.2758	2.1219	535	535.63	961.17	
804796	55	486.4	581.5	452.1	581.5	322.5	1.56	4.58	0	875	9	0.31	5.5	22.4	0.4	0.0	22.69	71	1.2758	2.1219	535	535.35	961.17	
805313	55	486.2	581.2	451.8	581.2	322.8	1.56	4.58	0	910	7	0.56	5.5	22.4	0.4	0.0	20.30	71	1.2758	2.1219	535	535.05	961.64	
805837	55	486.1	580.2	451.6	580.5	322.8	1.56	4.58	0	831	6	0.31	5.5	22.4	0.4	0.0	21.30	71	1.2758	2.1219	530	534.74	960.23	
806420	55	485.9	579.8	451.1	579.8	322.5	1.75	4.58	0	832	6	0.56	5.5	22.4	0.4	0.0	29.65	71	1.2758	2.1219	530	534.34	961.33	
806941	55	485.7	579.5	451.1	579.5	322.5	1.56	4.58	0	891	5	0.56	5.5	22.4	0.4	0.0	24.56	71	1.2758	2.1219	530	534.04	962.03	
807480	55	485.5	579.2	451.0	579.2	322.5	1.56	4.58	0	917	5	0.56	5.5	22.4	0.4	0.0	24.38	71	1.2758	2.1219	530	533.73	962.03	
808008	55	485.2	578.2	450.5	578.2	322.8	1.75	4.58	0	949	4	0.56	5.5	22.4	0.4	0.0	23.39	71	1.2758	2.1219	530	533.33	962.81	
808536	55	485.0	577.8	450.3	577.5	322.8	1.56	4.58	0	947	2	0.31	5.5	22.4	0.4	0.0	21.82	71	1.2758	2.1219	530	533.03	958.59	
809106	55	484.7	577.5	450.3	577.5	322.8	2.12	4.58	0	844	2	1.38	5.5	22.4	0.4	0.0	38.84	71	1.2758	2.1219	530	532.75	965.23	
809705	55	484.4	577.2	450.0	576.8	322.8	1.94	4.58	0	932	3	0.81	5.5	22.4	0.4	0.0	42.12	71	1.2758	2.1219	530	532.23	966.95	
810278	55	484.1	576.5	449.7	576.5	323.5	1.94	4.58	0	1,263	4	1.62	5.5	22.4	0.4	0.0	35.86	71	1.2758	2.1219	530	531.93	973.98	
810812	55	483.7	576.2	450.0	576.2	323.2	1.56	4.58	0	1,117	6	1.12	5.5	22.4	0.4	0.0	26.86	71	1.2758	2.1219	530	531.44	976.09	
811458	55	483.4	576.2	449.8	576.2	323.2	1.56	4.58	0	995	6	0.31	5.5	22.4	0.4	0.0	25.52	71	1.2758	2.1219	530	531.04	969.69	
811966	55	483.0	575.8	449.5	575.8	323.5	1.75	4.58	0	1,057	7	0.81	5.5	22.4	0.4	0.0	27.61	71	1.2758	2.1219	530	530.73	967.19	
812488	55	482.6	575.5	449.6	575.5	323.5	1.56	4.58	0	1,228	8	1.12	5.5	22.4	0.4	0.0	28.48	71	1.2758	2.1219	530	530.24	967.66	
813035	55	482.2	575.8	449.6	575.8	323.8	1.75	4.58	0	1,271	9	1.12	5.5	22.4	0.4	0.0	27.47	71	1.2758	2.1219	530	529.94	969.22	
813605	55	481.8	575.8	449.8	575.8	323.5	1.44	4.58	0	1,315	10	1.12	5.5	22.4	0.4	0.0	22.45	71	1.2758	2.1219	525	529.44	970.39	
814131	55	481.4	576.2	449.8	576.2	323.8	1.56	4.58	0	1,275	10	1.12	5.5	22.4	0.4	0.0	16.71	71	1.2758	2.1219	525	529.14	969.92	
814661	55	481.1	576.2	450.0	576.2	323.8	1.44	4.58	0	1,101	11	0.56	5.5	22.4	0.4	0.0	18.54	71	1.2758	2.1219	525	528.74	966.95	
815176	55	480.8	576.2	450.3	576.2	323.8	1.44	4.58	0	1,098	11	0.56	5.5	22.4	0.4	0.0	19.83	71	1.2758	2.1219	525	528.44	966.56	
815705	55	480.4	576.5	450.3	576.5	324.2	1.44	4.58	0	1,067	11	0.56	5.5	22.4	0.4	0.0	17.86	71	1.2758	2.1219	525	528.04	965.08	
816231	55	480.1	576.2	450.3	576.5	323.8	1.56	4.58	0	913	11	0.56	5.5	22.4	0.4	0.0	18.68	71	1.2758	2.1219	525	527.73	962.89	
816769	55	479.8	576.5	450.3	576.2	324.2	1.56	4.58	0	934	11	0.56	5.5	22.4	0.4	0.0	26.23	71	1.2758	2.1219	525	527.43	962.03	
817235	55	479.5	575.8	450.2	576.2	324.2	1.56	4.58	0	1,116	11	0.81	5.5	22.4	0.4	0.0	21.59	71	1.2758	2.1219	525	527.15	963.52	
817797	55	479.2	576.5	450.6	576.5	324.5	1.75	4.58	0	1,090	12	0.81	5.5	22.4	0.4	0.0	28.41	71	1.2758	2.1219	525	526.75	961.56	
818382	55	478.8	575.8	450.3	576.2	324.5	1.75	4.58	0	1,257	12	1.38	5.5	22.4	0.4	0.0	33.82	71	1.2758	2.1219	525	526.35	964.53	
818934	56	478.5	575.8	450.3	576.2	324.5	1.94	4.58	0	1,344	14	1.94	5.5	22.4	0.4	0.0	37.31	71	1.2758	2.1219	525	525.93	972.50	
819449	56	478.1	575.8	450.1	575.8	324.5	1.94	4.58	0	1,358	15	1.94	5.5	22.4	0.4	0.0	34.99	71	1.2758	2.1219	525	525.53	979.38	
820109	55	477.6	576.2	450.3	575.8	324.5	1.94	4.58	0	1,292	17	1.38	5.5	22.4	0.4	0.0	29.86	71	1.2758	2.1219	525	524.94	978.75	
820661	55	477.2	576.2	450.3	576.2	324.8	2.12	4.58	0	1,430	18	2.44	5.5	22.4	0.4	0.0	40.36	71	1.2758	2.1219	520	524.55	982.89	
821171	55	476.7	576.5	450.8	576.5	324.5	2.44	4.58	0	1,518	20	3.00	5.5	22.4	0.4	0.0	40.22	71	1.2758	2.1219	520	524.03	995.23	
821691	55	476.2	576.8	450.5	576.8	324.5	2.44	4.58	0	1,656	22	3.25	5.5	22.4	0.4	0.0	39.94	71	1.2758	2.1219	520	523.35	1,005.78	
822214	55	475.7	577.2	451.0	577.5	324.5	2.62	4.58	0	1,768	23	3.25	5.5	22.4	0.4	0.0	40.03	71	1.2758	2.1219	520	522.83	1,014.84	
822782	55	475.1	578.2	451.1	578.2	325.2	3.12	4.58	0	1,876	24	3.25	5.5	22.4	0.4	0.0	40.64	71	1.2758	2.1219	520	522.25	1,040.16	
823327	55	474.7	578.8	451.5	579.2	324.8	1.94	4.58	0	1,437	25	4.06	5.5	22.4	0.4	0.0	41.18	71	1.2758	2.1219	520	521.43	1,038.75	
823905	55	474.2	579.5	452.1	579.8	324.5	1.75	4.58	0	1,388	26	3.00	5.5	22.4	0.4	0.0	37.85	71	1.2758	2.1219	520	520.75	1,022.81	
824474	54	473.8	580.8	452.6	580.8	324.5	1.75	4.58	0	1,370	27	2.19	5.5	22.4	0.4	0.0	20.39	71	1.2758	2.1219	520	520.23	991.41	
825042	54	473.5	581.8	453.0	581.8	324.5	1.06	4.58	0	1,369	27	1.12	5.5	22.4	0.4	0.0	14.88	71	1.2758	2.1219	515	519.65	973.75	
825562	54	473.3	582.5	453.6	582.5	324.5	1.44	4.58	0	1,302	27	0.81	5.5	22.4	0.4	0.0	11.60	71	1.2758	2.1219	515	519.25	967.58	
826099	54	473.1	583.5	454.0	583.5	324.5	0.69	4.58	0	1,277	26	0.56	5.5	22.4	0.4	0.0	17.53	71	1.2758	2.1219	515	518.73	967.58	
826646	54	473.0	583.8	454.0	583.5	324.5	0.69	4.58	0	1,254	25	0.56	5.5	22.4	0.4	0.0	17.84	71	1.2758	2.1219	515	518.33	972.58	
827198	54	472.9	584.2	454.2	584.2	324.2	0.88	4.58	0	1,199	24	0.56	5.5	22.4	0.4	0.0	17.60	71	1.2758	2.1219	515	517.94	973.20	
827717	54	472.9	584.5	454.5	584.5	324.2	1.06	4.58	0	1,174	23	0.56	5.5	22.4	0.4	0.0	17.55	71	1.2758	2.1219	515	517.54	974.06	
828331	54	473.0	584.2	454.3	584.2	324.2	1.06	4.58	0	1,128	23	0.56	5.5	22.4	0.4	0.0	17.58	71	1.2758	2.1219	515	517.23	974.06	
828894	54	473.1	584.2	454.2	584.5	324.2	1.25	4.58	0	1,103	22	0.56	5.5	22.4	0.4	0.0	34.83	71	1.2758	2.1219	515	516.83	966.25	
829422	55	473.2	583.5	454.1	583.8	324.5	1.94	4.58	0	1,244	23	1.62	5.5	22.4	0.4	0.0	40.43	71	1.2758	2.1219	515	516.44	972.42	
829980	55	473.2	583.2	453.6	583.2	324.2	1.94	4.58	0	1,242	24	1.94	5.5	22.4	0.4	0.0	30.23	71	1.2758	2.1219	515	516.04	977.89	
830497	55	473.2	582.8	453.8	582.8	324.2	0.88	4.58	0	1,209	24	0.81	5.5	22.4	0.4	0.0	16.95	71	1.2758	2.1219	515	515.55	970.86	
831009	55	473.3	582.5	453.5	582.5	324.2	1.44	4.58	0	1,191	24	0.56	5.5	22.4	0.4	0.0	15.23	71	1.2758	2.1219	515	515.24	965.62	
831538	54	473.3	582.5	453.1	582.2	324.2	1.25	4.58	0	1,189	24	0.56	5.5	22.4	0.4	0.0	13.64	71	1.2758	2.1219	515	514.94	963.59	
832071	54	473.3	582.2	453.2	581.8	324.2	1.25	4.58	0	1,138	23	0.00	5.5	22.4	0.4	0.0	15.49	71	1.2758	2.1219	510	514.63	963.20	
832606	55	473.3	581.5	452.8	581.5	323.8	1.25	4.58	0	1,099	22	0.31	5.5	22.4	0.4	0.0	17.62	71	1.2758	2.1219	510	514.35	967.50	
833151	55	473.4	581.5	452.6	581.5	323.8	1.25	4.58	0	1,091	22	0.31	5.5	22.4	0.4	0.0	17.79	71	1.2758	2.1219	510	514.05	969.30	
833726	55	473.6	580.5	452.3	580.8	323.8	2.62	4.58	0	946	21	0.56	5.5	22.4	0.4	0.0	11.81	71	1.2758	2.1219	510	513.83	967.50	
834248	55	473.8	580.5	452.0	580.2	323.5	1.75	4.58	0	1,124	20	0.56	5.5	22.4	0.4	0.0	24.19	71	1.2758	2.1219	510	513.53	963.12	
834792	55	474.0	579.5	451.5	579.5	323.8	1.56	4.58	0	1,457	21	1.62	5.5	22.4	0.4	0.0	23.32	71	1.2758	2.1219	510	513.25	965.78	
835323	55	474.1	578.5	451.3	578.5	323.8	1.75	4.58	0	1,547	21	1.62	5.5	22.4	0.4	0.0	24.98	71	1.2758	2.1219	510	513.04	967.89	
835849	55	474.2	578.2	451.0	578.2	323.5	1.75	4.58	0	1,659	21	1.62	5.5	22.4	0.4	0.0	23.53	71	1.2758	2.1219	510	512.73	971.02	
836409	55	474.2	577.5	450.8	577.8	323.5	1.75	4.58	0	1,747	22	1.62	5.5	22.4	0.4	0.0	23.41	71	1.2758	2.1219	510	512.33	972.34	
837041	55	474.2	577.5	450.5	577.2	323.5	1.94	4.58	0	1,777	22	1.62	5.5	22.4	0.4	0.0	24.16	71	1.2758	2.1219	510	512.03	975.78	
837619	55	474.2	576.8	450.3	577.5	323.8	1.94	4.58	0	1,808	23	1.62	5.5	22.4	0.4	0.0	15.16	71	1.2758	2.1219	510	511.63	970.86	
838122	55	474.2	576.8	450.1	576.8	323.5	1.44	4.58	0	1,744	23	1.12	5.5	22.4	0.4	0.0	11.79	71	1.2758	2.1219	510	511.35	967.58	
838641	55	474.2	576.5	449.6	576.8	323.2	1.56	4.58	0	1,679	23	-0.19	5.5	22.4	0.4	0.0	16.95	71	1.2758	2.1219	510	511.14	966.88	
839166	55	474.2	576.8	450.0	576.8	323.2	0.69	4.58	0	1,672	21	1.12	5.5	22.4	0.4	0.0	19.03	71	1.2758	2.1219	510	510.93	969.06	
839740	55	474.4	576.8	450.1	576.8	323.2	0.56	4.58	0	1,585	20	1.38	5.5	22.4	0.4	0.0	18.98	71	1.2758	2.1219	510	510.65	970.16	
840332	55	474.6	576.8	450.0	576.5	323.2	0.38	4.58	0	1,502	19	1.38	5.5	22.4	0.4	0.0	19.03	71	1.2758	2.1219	510	510.44	977.97	
840848	55	474.9	576.2	449.5	576.5	323.2	0.56	4.58	0	1,410	18	1.12	5.5	22.4	0.4	0.0	19.24	71	1.2758	2.1219	510	510.34	978.59	
841386	55	475.3	576.2	449.5	576.2	323.2	0.69	4.58	0	1,346	17	1.12	5.5	22.4	0.4	0.0	19.01	71	1.2758	2.1219	510	510.25	978.36	
841963	55	475.7	575.8	449.3	575.5	323.2	0.88	4.58	0	1,255	16	0.56	5.5	22.4	0.4	0.0	18.63	71	1.2758	2.1219	510	510.13	977.89	
842552	55	476.3	575.2	448.8	574.8	322.8	1.06	4.58	0	1,165	15	0.56	5.5	22.4	0.4	0.0	20.41	71	1.2758	2.1219	510	510.04	975.94	
843091	55	476.7	575.2	448.6	574.8	323.2	1.25	4.58	0	1,078	14	0.31	5.5	22.4	0.4	0.0	11.48	71	1.2758	2.1219	510	509.94	970.78	
843612	55	477.0	574.5	448.6	574.5	323.5	1.44	4.58	0	1,077	13	0.31	5.5	22.4	0.4	0.0	12.68	71	1.2758	2.1219	510	509.94	967.34	
844141	55	477.4	573.5	448.0	573.5	322.8	1.44	4.58	0	1,040	13	0.00	5.5	22.4	0.4	0.0	12.70	71	1.2758	2.1219	505	509.85	965.23	
844668	56	477.6	572.8	447.8	572.8	322.2	1.56	4.58	0	1,004	13	0.31	5.5	22.4	0.4	0.0	15.77	71	1.2758	2.1219	505	509.73	963.67	
845209	56	477.9	572.2	447.2	572.2	322.8	1.44	4.58	0	1,007	13	0.56	5.5	22.4	0.4	0.0	19.80	71	1.2758	2.1219	505	509.64	962.42	
845844	56	478.1	571.5	447.3	571.5	322.8	1.56	4.58	0	1,048	13	0.56	5.5	22.4	0.4	0.0	23.37	71	1.2758	2.1219	505	509.55	963.05	
846387	56	478.3	570.8	446.8	570.8	322.5	1.56	4.58	0	1,181	14	0.81	5.5	22.4	0.4	0.0	22.36	71	1.2758	2.1219	505	509.43	963.05	
846993	56	478.4	570.2	446.3	570.2	322.8	1.44	4.58	0	1,081	14	0.56	5.5	22.4	0.4	0.0	15.38	71	1.2758	2.1219	505	509.33	962.34	
847528	56	478.5	569.5	445.8	569.5	322.2	1.25	4.58	0	1,081	14	0.31	5.5	22.4	0.4	0.0	12.40	71	1.2758	2.1219	505	509.24	961.25	
848093	56	478.6	569.2	445.5	569.2	322.5	1.25	4.58	0	1,038	13	0.31	5.5	22.4	0.4	0.0	12.47	71	1.2758	2.1219	505	509.03	960.31	
848664	56	478.6	568.5	445.5	568.5	322.5	1.75	4.58	0	1,003	12	0.00	5.5	22.4	0.4	0.0	13.88	71	1.2758	2.1219	505	509.03	959.77	
849187	56	478.6	567.8	445.1	567.8	322.5	1.56	4.58	0	960	12	0.31	5.5	22.4	0.4	0.0	14.72	71	1.2758	2.1219	505	508.84	961.09	
849714	56	478.7	567.2	444.8	566.8	322.2	1.56	4.58	0	943	12	0.31	5.5	22.4	0.4	0.0	15.00	71	1.2758	2.1219	505	508.84	960.39	
850235	56	478.6	566.5	444.5	566.8	322.5	1.56	4.58	0	882	11	0.31	5.5	22.4	0.4	0.0	17.55	71	1.2758	2.1219	505	508.75	960.39	
850768	56	478.6	565.8	444.0	565.8	322.5	1.56	4.58	0	850	10	0.31	5.5	22.4	0.4	0.0	21.84	71	1.2758	2.1219	505	508.63	960.31	
851345	56	478.6	564.8	443.7	564.5	322.5	1.56	4.58	0	898	8	0.56	5.5	22.4	0.4	0.0	21.89	71	1.2758	2.1219	505	508.54	960.70	
851875	56	478.5	564.5	443.5	564.5	322.5	1.56	4.58	0	931	7	0.56	5.5	22.4	0.4	0.0	20.04	71	1.2758	2.1219	505	508.44	961.17	
852408	56	478.5	563.8	443.3	563.8	322.5	1.44	4.58	0	828	6	0.31	5.5	22.4	0.4	0.0	19.95	71	1.2758	2.1219	505	508.35	961.02	
852935	56	478.4	563.2	442.8	563.2	322.2	1.56	4.58	0	778	4	0.31	5.5	22.4	0.4	0.0	22.15	71	1.2758	2.1219	505	508.23	960.47	
853469	56	478.3	562.8	442.6	562.5	322.5	1.56	4.58	0	781	3	0.31	5.5	22.4	0.4	0.0	23.48	71	1.2758	2.1219	505	508.14	960.31	
854107	56	478.2	561.8	442.0	561.8	322.5	1.56	4.58	0	824	1	0.31	5.5	22.4	0.4	0.0	23.02	71	1.2758	2.1219	505	508.05	960.55	
854637	56	478.1	561.2	441.8	560.8	322.5	1.56	4.58	0	830	0	0.31	5.5	22.4	0.4	0.0	22.43	71	1.2758	2.1219	505	507.93	960.55	
855155	56	478.0	560.5	441.5	560.5	322.5	1.56	4.58	0	759	0	0.31	5.5	22.4	0.4	0.0	25.08	71	1.2758	2.1219	505	507.83	960.47	
855675	56	477.9	560.2	441.7	559.8	322.8	1.56	4.58	0	875	0	0.56	5.5	22.4	0.4	0.0	19.55	71	1.2758	2.1219	505	507.74	961.17	
856199	56	477.7	559.5	441.1	559.5	322.2	1.44	4.58	0	861	0	0.31	5.5	22.4	0.4	0.0	19.57	71	1.2758	2.1219	505	507.65	961.02	
856787	56	477.6	559.2	440.8	559.2	322.5	1.56	4.58	0	836	0	0.31	5.5	22.4	0.4	0.0	20.51	71	1.2758	2.1219	505	507.53	960.55	
857308	56	477.4	558.8	441.0	558.5	322.8	1.56	4.58	0	834	0	0.31	5.5	22.4	0.4	0.0	20.77	71	1.2758	2.1219	505	507.44	960.47	
857835	56	477.3	557.8	440.6	558.2	322.8	1.56	4.58	0	828	0	0.31	5.5	22.4	0.4	0.0	20.77	71	1.2758	2.1219	505	507.34	960.47	
858383	56	477.2	557.8	440.3	557.8	322.8	1.56	4.58	0	823	0	0.31	5.5	22.4	0.4	0.0	23.20	71	1.2758	2.1219	505	507.25	959.69	
859000	56	477.0	557.2	440.0	556.8	322.8	1.56	4.58	0	801	0	0.81	5.5	22.4	0.4	0.0	27.61	71	1.2758	2.1219	505	507.13	960.62	
859545	56	476.8	556.8	440.2	556.5	323.2	1.56	4.58	0	814	0	0.56	5.5	22.4	0.4	0.0	32.60	71	1.2758	2.1219	505	507.04	960.00	
860125	56	476.6	556.2	439.7	556.5	323.2	1.94	4.58	0	1,009	1	1.12	5.5	22.4	0.4	0.0	31.57	71	1.2758	2.1219	505	506.94	963.59	
860725	56	476.4	555.8	439.8	555.8	323.2	1.75	4.58	0	950	2	0.81	5.5	22.4	0.4	0.0	30.61	71	1.2758	2.1219	505	506.85	964.53	
861303	56	476.1	555.5	439.6	555.5	323.2	1.56	4.58	0	1,024	4	0.81	5.5	22.4	0.4	0.0	27.09	71	1.2758	2.1219	505	506.64	965.78	
861877	56	475.9	555.5	439.5	555.5	323.5	1.56	4.58	0	1,027	5	0.56	5.5	22.4	0.4	0.0	22.88	71	1.2758	2.1219	505	506.55	966.25	
862445	56	475.6	555.2	439.5	554.8	323.5	1.56	4.58	0	925	5	0.56	5.5	22.4	0.4	0.0	21.80	71	1.2758	2.1219	505	506.43	965.00	
863092	56	475.4	554.8	439.5	554.8	323.5	1.56	4.58	0	919	6	0.31	5.5	22.4	0.4	0.0	20.70	71	1.2758	2.1219	505	506.33	963.52	
863628	56	475.1	554.8	439.5	554.8	323.8	1.56	4.58	0	920	5	0.31	5.5	22.4	0.4	0.0	21.75	71	1.2758	2.1219	505	506.15	962.73	
864145	56	474.9	554.8	439.0	554.5	323.8	1.56	4.58	0	919	5	0.31	5.5	22.4	0.4	0.0	22.92	71	1.2758	2.1219	505	506.03	962.11	
864745	56	474.6	554.5	439.3	554.5	324.2	1.56	4.58	0	947	5	0.56	5.5	22.4	0.4	0.0	24.80	71	1.2758	2.1219	505	505.94	961.25	
865261	56	474.4	554.2	439.2	554.5	324.2	1.75	4.58	0	984	5	0.56	5.5	22.4	0.4	0.0	23.62	71	1.2758	2.1219	505	505.84	963.36	
865828	56	474.1	554.5	439.5	554.5	324.2	1.56	4.58	0	965	5	0.31	5.5	22.4	0.4	0.0	21.87	71	1.2758	2.1219	505	505.75	962.81	
866396	56	473.9	554.2	439.3	554.2	324.2	1.56	4.58	0	967	6	0.56	5.5	22.4	0.4	0.0	21.84	71	1.2758	2.1219	505	505.54	962.73	
866938	56	473.6	554.2	439.3	554.2	324.2	1.56	4.58	0	960	6	0.31	5.5	22.4	0.4	0.0	21.75	71	1.2758	2.1219	505	505.44	962.03	
867534	56	473.4	553.8	439.0	553.8	324.5	1.56	4.58	0	960	6	0.31	5.5	22.4	0.4	0.0	21.28	71	1.2758	2.1219	505	505.35	962.03	
868070	56	473.1	553.8	439.0	553.5	324.5	1.56	4.58	0	965	6	0.56	5.5	22.4	0.4	0.0	20.86	71	1.2758	2.1219	505	505.23	962.03	
868603	56	472.9	554.2	439.3	553.8	324.8	1.56	4.58	0	979	6	0.31	5.5	22.4	0.4	0.0	18.61	71	1.2758	2.1219	505	505.14	961.25	
869177	56	472.6	553.5	439.1	553.5	324.5	1.94	4.58	0	993	7	0.81	5.5	22.4	0.4	0.0	28.95	71	1.2758	2.1219	505	504.93	960.70	
869685	56	472.4	553.2	438.8	553.5	324.8	1.75	4.58	0	1,232	8	1.12	5.5	22.4	0.4	0.0	29.32	71	1.2758	2.1219	500	504.83	965.94	
870253	56	472.1	552.8	439.0	553.2	324.5	0.88	4.58	0	1,119	9	0.81	5.5	22.4	0.4	0.0	18.40	71	1.2758	2.1219	500	504.74	963.59	
870862	56	471.8	552.5	438.6	552.8	325.2	1.44	4.58	0	976	8	0.31	5.5	22.4	0.4	0.0	17.32	71	1.2758	2.1219	500	504.53	961.25	
871403	56	471.5	553.2	438.8	553.2	325.2	1.56	4.58	0	872	8	0.31	5.5	22.4	0.4	0.0	21.91	71	1.2758	2.1219	500	504.44	960.23	
872019	56	471.3	552.8	439.0	552.8	324.8	1.56	4.58	0	917	9	0.56	5.5	22.4	0.4	0.0	21.05	71	1.2758	2.1219	500	504.25	959.69	
872561	56	471.0	552.8	439.3	552.8	325.2	1.56	4.58	0	960	9	0.56	5.5	22.4	0.4	0.0	21.35	71	1.2758	2.1219	500	504.13	961.33	
873134	56	470.7	552.5	438.8	552.5	325.2	1.56	4.58	0	962	9	0.56	5.5	22.4	0.4	0.0	20.46	71	1.2758	2.1219	500	503.94	961.41	
873656	56	470.5	552.5	438.6	552.2	325.2	1.56	4.58	0	949	9	0.31	5.5	22.4	0.4	0.0	20.65	71	1.2758	2.1219	500	503.85	961.33	
874253	56	470.2	552.5	438.7	552.2	325.5	1.56	4.58	0	951	9	0.56	5.5	22.4	0.4	0.0	20.79	71	1.2758	2.1219	500	503.73	961.64	
874774	56	470.0	551.8	438.5	552.2	325.2	1.56	4.58	0	954	9	0.31	5.5	22.4	0.4	0.0	20.60	71	1.2758	2.1219	500	503.55	961.41	
875308	56	469.7	552.2	438.6	551.8	325.5	1.56	4.58	0	954	9	0.56	5.5	22.4	0.4	0.0	20.60	71	1.2758	2.1219	500	503.43	961.41	
875846	56	469.5	551.5	438.1	551.5	325.2	1.56	4.58	0	948	9	0.56	5.5	22.4	0.4	0.0	20.72	71	1.2758	2.1219	500	503.33	961.41	
876356	56	469.3	551.2	438.6	551.2	325.2	1.56	4.58	0	954	9	0.56	5.5	22.4	0.4	0.0	20.62	71	1.2758	2.1219	500	503.15	961.33	
876975	56	469.0	551.5	438.3	551.5	325.5	1.56	4.58	0	956	9	0.31	5.5	22.4	0.4	0.0	25.97	71	1.2758	2.1219	500	503.03	960.55	
877506	56	468.7	550.8	438.2	550.8	325.2	1.56	4.58	0	1,087	9	0.81	5.5	22.4	0.4	0.0	24.66	71	1.2758	2.1219	500	502.84	961.33	
878048	56	468.5	551.2	438.1	551.2	325.5	1.56	4.58	0	1,168	10	0.81	5.5	22.4	0.4	0.0	26.46	71	1.2758	2.1219	500	502.75	962.81	
878588	56	468.2	550.8	438.1	550.8	325.5	1.75	4.58	0	1,199	11	1.12	5.5	22.4	0.4	0.0	27.61	71	1.2758	2.1219	500	502.54	964.06	
879150	57	467.9	550.5	438.3	550.5	325.5	1.75	4.58	0	1,253	11	1.12	5.5	22.4	0.4	0.0	29.98	71	1.2758	2.1219	500	502.35	966.48	
879681	57	467.6	550.5	438.1	550.5	325.5	1.75	4.58	0	1,302	12	1.12	5.5	22.4	0.4	0.0	30.07	71	1.2758	2.1219	500	502.23	969.06	
880312	57	467.2	550.8	438.3	550.8	325.8	1.44	4.58	0	1,294	13	1.12	5.5	22.4	0.4	0.0	27.45	71	1.2758	2.1219	500	501.93	970.23	
880862	56	466.9	550.8	438.3	550.8	325.5	1.75	4.58	0	1,290	14	1.12	5.5	22.4	0.4	0.0	25.43	71	1.2758	2.1219	500	501.74	970.00	
881442	56	466.4	551.2	438.1	550.8	325.5	1.56	4.58	0	1,248	15	1.12	5.5	22.4	0.4	0.0	31.01	71	1.2758	2.1219	500	501.53	968.75	
881961	56	466.1	551.5	438.5	551.8	325.8	1.75	4.58	0	1,301	16	1.38	5.5	22.4	0.4	0.0	30.33	71	1.2758	2.1219	500	501.34	970.00	
882529	56	465.7	551.5	438.5	551.2	325.8	1.94	4.58	0	1,301	17	1.38	5.5	22.4	0.4	0.0	31.31	71	1.2758	2.1219	500	501.04	971.80	
883105	56	465.3	552.2	439.0	552.2	325.8	1.94	4.58	0	1,399	18	1.62	5.5	22.4	0.4	0.0	30.59	71	1.2758	2.1219	500	500.73	974.45	
883625	56	464.9	552.2	438.8	552.5	325.8	1.94	4.58	0	1,490	19	1.94	5.5	22.4	0.4	0.0	33.89	71	1.2758	2.1219	500	500.55	977.27	
884173	56	464.5	552.5	439.3	552.5	326.2	1.94	4.58	0	1,549	20	1.94	5.5	22.4	0.4	0.0	30.63	71	1.2758	2.1219	500	500.24	982.58	
884725	56	464.1	553.5	439.3	553.5	325.5	1.94	4.58	0	1,642	21	1.62	5.5	22.4	0.4	0.0	26.13	71	1.2758	2.1219	500	499.94	983.75	
885273	56	463.6	553.2	439.6	553.5	326.2	1.75	4.58	0	1,684	22	1.62	5.5	22.4	0.4	0.0	16.64	71	1.2758	2.1219	495	499.63	973.67	
885826	55	463.3	553.8	439.8	554.2	326.2	0.88	4.58	0	1,642	21	1.12	5.5	22.4	0.4	0.0	14.93	71	1.2758	2.1219	495	499.35	966.72	
886364	55	463.0	554.8	440.3	555.2	326.2	1.94	4.58	0	1,709	21	1.62	5.5	22.4	0.4	0.0	29.79	71	1.2758	2.1219	495	499.05	961.72	
886918	56	462.6	555.5	440.5	555.5	326.2	2.25	4.58	0	1,728	22	2.19	5.5	22.4	0.4	0.0	31.92	71	1.2758	2.1219	495	498.74	980.78	
887449	56	462.2	555.5	441.0	555.5	325.8	2.12	4.58	0	1,805	23	1.94	5.5	22.4	0.4	0.0	22.24	71	1.2758	2.1219	495	498.44	979.22	
887976	56	461.9	556.2	441.2	556.5	325.8	1.56	4.58	0	1,779	23	0.81	5.5	22.4	0.4	0.0	11.41	71	1.2758	2.1219	495	498.13	971.80	
888497	55	461.6	556.5	441.3	556.8	325.8	0.88	4.58	0	1,550	23	1.38	5.5	22.4	0.4	0.0	12.23	71	1.2758	2.1219	495	497.85	967.50	
889198	55	461.4	557.2	441.5	557.2	325.8	0.88	4.58	0	1,164	22	0.56	5.5	22.4	0.4	0.0	17.51	71	1.2758	2.1219	495	497.55	966.80	
889743	55	461.2	557.5	441.5	557.5	325.8	1.44	4.58	0	1,028	20	0.31	5.5	22.4	0.4	0.0	13.97	71	1.2758	2.1219	495	497.33	969.06	
890273	55	461.1	557.5	441.8	557.8	325.8	1.44	4.58	0	1,011	20	0.31	5.5	22.4	0.4	0.0	19.05	71	1.2758	2.1219	495	497.15	964.45	
890810	56	461.0	557.8	441.5	557.5	326.2	1.56	4.58	0	1,286	20	0.81	5.5	22.4	0.4	0.0	20.70	71	1.2758	2.1219	495	496.84	964.69	
891330	56	460.8	557.5	441.6	557.8	325.8	1.44	4.58	0	1,365	19	1.38	5.5	22.4	0.4	0.0	17.70	71	1.2758	2.1219	495	496.63	965.55	
891877	56	460.7	557.8	442.0	557.5	325.8	1.44	4.58	0	1,470	19	1.38	5.5	22.4	0.4	0.0	21.70	71	1.2758	2.1219	495	496.35	965.62	
892434	56	460.6	557.2	441.5	557.2	326.2	1.75	4.58	0	1,536	19	1.62	5.5	22.4	0.4	0.0	22.45	71	1.2758	2.1219	495	496.05	967.50	
892985	56	460.4	556.8	441.7	557.2	326.2	1.75	4.58	0	1,613	20	1.62	5.5	22.4	0.4	0.0	29.13	71	1.2758	2.1219	495	495.83	966.41	
893539	56	460.2	556.5	441.3	556.5	325.8	2.44	4.58	0	1,701	21	2.44	5.5	22.4	0.4	0.0	38.88	71	1.2758	2.1219	495	495.44	980.86	
894104	56	460.0	556.5	441.3	556.8	325.5	2.62	4.58	0	1,766	23	2.75	5.5	22.4	0.4	0.0	28.59	71	1.2758	2.1219	495	495.04	992.42	
894641	56	459.7	556.8	441.1	556.5	325.8	1.06	4.58	0	1,776	23	1.12	5.5	22.4	0.4	0.0	12.42	71	1.2758	2.1219	490	494.73	976.41	
895212	55	459.5	556.5	441.3	556.5	325.8	1.25	4.58	0	1,383	22	0.81	5.5	22.4	0.4	0.0	18.26	71	1.2758	2.1219	490	494.43	971.88	
895751	55	459.4	556.8	441.5	556.8	325.8	1.25	4.58	0	1,078	21	0.81	5.5	22.4	0.4	0.0	13.85	71	1.2758	2.1219	490	494.24	967.42	
896300	56	459.3	556.8	441.5	556.8	325.8	1.94	4.58	0	1,097	21	0.81	5.5	22.4	0.4	0.0	35.25	71	1.2758	2.1219	490	493.94	966.17	
896833	56	459.2	556.8	441.3	557.2	325.8	2.12	4.58	0	1,139	22	1.94	5.5	22.4	0.4	0.0	45.33	71	1.2758	2.1219	490	493.63	975.00	
897403	56	459.1	557.2	441.1	557.2	325.8	1.94	4.58	0	1,210	24	2.44	5.5	22.4	0.4	0.0	43.29	71	1.2758	2.1219	490	493.23	987.34	
898042	56	458.9	556.8	441.5	556.8	325.5	1.94	4.58	0	1,240	25	2.19	5.5	22.4	0.4	0.0	41.16	71	1.2758	2.1219	490	492.83	993.67	
898599	56	458.7	556.8	441.3	556.5	325.5	1.94	4.58	0	1,316	26	2.19	5.5	22.4	0.4	0.0	30.75	71	1.2758	2.1219	490	492.44	987.11	
899145	56	458.5	557.2	441.5	556.8	325.8	0.88	4.58	0	1,333	26	1.12	5.5	22.4	0.4	0.0	16.66	71	1.2758	2.1219	490	492.13	975.55	
899689	55	458.3	557.2	441.5	557.5	325.5	1.25	4.58	0	1,284	26	0.81	5.5	22.4	0.4	0.0	13.73	71	1.2758	2.1219	490	491.94	968.52	
900227	55	458.2	557.5	441.5	557.5	325.2	1.06	4.58	0	1,230	25	0.00	5.5	22.4	0.4	0.0	15.61	71	1.2758	2.1219	490	491.64	965.78	
900778	55	458.1	557.5	441.5	557.5	325.5	-0.06	4.58	0	1,215	25	0.56	5.5	22.4	0.4	0.0	14.11	71	1.2758	2.1219	490	491.43	963.83	
901328	55	458.0	557.8	441.5	557.8	325.8	1.56	4.58	0	1,276	25	1.12	5.5	22.4	0.4	0.0	28.45	71	1.2758	2.1219	490	491.15	963.67	
901843	56	457.9	557.2	441.5	557.5	325.2	1.75	4.58	0	1,273	25	1.38	5.5	22.4	0.4	0.0	38.27	71	1.2758	2.1219	490	490.84	967.11	
902449	56	457.8	556.8	441.3	556.8	325.5	2.12	4.58	0	1,309	26	1.94	5.5	22.4	0.4	0.0	34.57	71	1.2758	2.1219	490	490.54	977.89	
903024	56	457.6	557.5	441.3	557.5	325.5	1.75	4.58	0	1,324	27	1.38	5.5	22.4	0.4	0.0	19.03	71	1.2758	2.1219	490	490.14	971.33	
903580	56	457.5	556.8	441.0	557.2	325.5	1.25	4.58	0	1,330	27	0.81	5.5	22.4	0.4	0.0	14.02	71	1.2758	2.1219	490	489.93	965.08	
904135	55	457.3	556.8	441.0	556.8	325.5	1.56	4.58	0	1,379	27	1.38	5.5	22.4	0.4	0.0	30.89	71	1.2758	2.1219	485	489.65	964.38	
904665	56	457.2	556.8	440.6	556.8	325.2	2.12	4.58	0	1,432	27	1.94	5.5	22.4	0.4	0.0	30.89	71	1.2758	2.1219	485	489.34	972.73	
905183	56	457.1	557.2	441.2	557.2	325.2	1.56	4.58	0	1,424	27	1.12	5.5	22.4	0.4	0.0	15.56	71	1.2758	2.1219	485	489.13	968.36	
905719	56	456.9	556.8	440.8	556.8	324.8	1.06	4.58	0	1,345	27	0.81	5.5	22.4	0.4	0.0	12.59	71	1.2758	2.1219	485	488.85	965.39	
906340	55	456.8	556.5	440.8	556.5	324.8	0.88	4.58	0	1,262	27	0.00	5.5	22.4	0.4	0.0	16.48	71	1.2758	2.1219	485	488.64	965.31	
906877	56	456.8	556.8	441.0	556.8	324.8	0.69	4.58	0	1,290	26	0.56	5.5	22.4	0.4	0.0	18.07	71	1.2758	2.1219	485	488.43	966.88	
907463	56	456.7	556.5	440.6	556.5	324.8	0.69	4.58	0	1,254	25	0.56	5.5	22.4	0.4	0.0	18.02	71	1.2758	2.1219	485	488.24	972.89	
907985	56	456.8	556.2	440.5	556.5	324.8	0.88	4.58	0	1,225	24	0.56	5.5	22.4	0.4	0.0	18.00	71	1.2758	2.1219	485	488.03	974.38	
908531	56	456.9	555.8	440.1	555.8	324.8	1.06	4.58	0	1,178	23	0.56	5.5	22.4	0.4	0.0	18.14	71	1.2758	2.1219	485	487.94	974.61	
909079	56	457.0	555.2	440.1	555.2	324.8	1.06	4.58	0	1,128	23	0.56	5.5	22.4	0.4	0.0	17.74	71	1.2758	2.1219	485	487.84	973.59	
909617	56	457.1	554.8	439.6	554.5	324.5	1.25	4.58	0	1,105	22	0.31	5.5	22.4	0.4	0.0	17.84	71	1.2758	2.1219	485	487.63	973.44	
910161	56	457.3	554.5	439.5	554.5	324.5	1.25	4.58	0	1,076	21	0.56	5.5	22.4	0.4	0.0	19.05	71	1.2758	2.1219	485	487.54	971.80	
910738	56	457.5	553.5	439.1	553.8	324.2	1.44	4.58	0	823	21	0.31	5.5	22.4	0.4	0.0	20.98	71	1.2758	2.1219	485	487.44	967.34	
911268	56	457.6	552.8	438.8	552.5	324.5	1.44	4.58	0	1,034	21	0.56	5.5	22.4	0.4	0.0	14.77	71	1.2758	2.1219	485	487.35	966.17	
911820	56	457.7	552.2	438.3	552.5	324.5	1.44	4.58	0	965	20	0.31	5.5	22.4	0.4	0.0	14.88	71	1.2758	2.1219	485	487.23	963.98	
912343	56	457.8	551.5	437.8	551.5	324.5	1.44	4.58	0	961	18	0.31	5.5	22.4	0.4	0.0	16.90	71	1.2758	2.1219	485	487.05	962.81	
912921	57	457.8	550.8	437.3	550.8	324.5	1.56	4.58	0	960	16	0.31	5.5	22.4	0.4	0.0	17.27	71	1.2758	2.1219	485	486.93	961.95	
913432	57	457.8	550.2	437.0	549.8	324.5	1.56	4.58	0	939	14	0.31	5.5	22.4	0.4	0.0	17.79	71	1.2758	2.1219	485	486.83	961.56	
913967	57	457.9	549.5	436.7	549.5	324.2	1.56	4.58	0	925	11	0.31	5.5	22.4	0.4	0.0	18.49	71	1.2758	2.1219	485	486.74	961.25	
914497	57	457.9	548.5	436.5	548.5	324.2	1.56	4.58	0	906	8	0.31	5.5	22.4	0.4	0.0	20.95	71	1.2758	2.1219	485	486.65	961.02	
915124	57	457.8	547.8	436.1	547.8	324.2	1.56	4.58	0	848	6	0.31	5.5	22.4	0.4	0.0	26.72	71	1.2758	2.1219	485	486.44	960.47	
915693	57	457.8	547.2	435.8	547.2	324.5	1.75	4.58	0	945	5	0.56	5.5	22.4	0.4	0.0	23.04	71	1.2758	2.1219	485	486.34	962.11	
916224	57	457.7	546.2	435.3	546.5	323.8	1.56	4.58	0	981	4	0.31	5.5	22.4	0.4	0.0	24.35	71	1.2758	2.1219	485	486.25	961.72	
916761	57	457.6	545.8	434.8	545.8	324.2	1.56	4.58	0	973	4	0.81	5.5	22.4	0.4	0.0	26.58	71	1.2758	2.1219	485	486.13	963.36	
917289	57	457.5	545.2	434.7	545.5	324.2	1.56	4.58	0	994	3	0.81	5.5	22.4	0.4	0.0	24.38	71	1.2758	2.1219	485	485.94	964.30	
917834	57	457.4	544.5	434.3	544.5	323.8	1.56	4.58	0	968	3	0.56	5.5	22.4	0.4	0.0	27.80	71	1.2758	2.1219	485	485.85	963.12	
918381	57	457.3	544.2	434.2	544.2	323.8	1.75	4.58	0	986	3	1.12	5.5	22.4	0.4	0.0	29.25	71	1.2758	2.1219	485	485.73	966.02	
918975	57	457.2	544.2	434.1	543.8	324.2	1.94	4.58	0	966	3	0.81	5.5	22.4	0.4	0.0	30.94	71	1.2758	2.1219	485	485.55	967.50	
919573	57	457.0	543.5	434.0	543.5	324.2	2.25	4.58	0	1,095	3	1.94	5.5	22.4	0.4	0.0	41.23	71	1.2758	2.1219	485	485.33	970.70	
920178	57	456.7	543.2	433.8	543.2	324.2	2.25	4.58	0	1,364	5	3.25	5.5	22.4	0.4	0.0	47.88	71	1.2758	2.1219	485	485.15	991.41	
920737	57	456.4	543.2	433.5	542.8	324.2	2.25	4.58	0	1,341	6	3.00	5.5	22.4	0.4	0.0	39.07	71	1.2758	2.1219	485	484.94	1,007.66	
921276	57	456.1	543.2	433.5	543.2	324.5	1.44	4.58	0	1,161	7	0.81	5.5	22.4	0.4	0.0	22.71	71	1.2758	2.1219	480	484.75	989.38	
921825	57	455.9	543.5	433.7	543.2	324.5	1.56	4.58	0	1,222	6	0.81	5.5	22.4	0.4	0.0	30.82	71	1.2758	2.1219	480	484.54	976.48	
922354	57	455.6	543.5	434.0	543.5	324.5	2.12	4.58	0	1,525	6	2.19	5.5	22.4	0.4	0.0	37.71	71	1.2758	2.1219	480	484.35	984.22	
922950	57	455.3	543.8	433.8	544.2	324.5	1.25	4.58	0	1,381	7	1.62	5.5	22.4	0.4	0.0	18.14	71	1.2758	2.1219	480	484.14	975.55	
923500	56	455.1	544.2	434.0	544.2	324.2	1.56	4.58	0	1,017	6	0.56	5.5	22.4	0.4	0.0	19.45	71	1.2758	2.1219	480	483.93	966.88	
924160	56	454.8	544.2	434.5	544.2	324.5	1.56	4.58	0	895	6	0.31	5.5	22.4	0.4	0.0	23.32	71	1.2758	2.1219	480	483.74	962.50	
924684	56	454.7	544.5	434.6	544.5	324.8	1.56	4.58	0	917	4	0.56	5.5	22.4	0.4	0.0	23.06	71	1.2758	2.1219	480	483.65	961.80	
925272	56	454.4	545.2	434.8	545.2	325.2	1.56	4.58	0	864	3	0.31	5.5	22.4	0.4	0.0	22.29	71	1.2758	2.1219	480	483.44	960.23	
925809	56	454.2	544.8	434.8	545.2	324.8	1.94	4.58	0	927	4	0.81	5.5	22.4	0.4	0.0	34.36	71	1.2758	2.1219	480	483.25	964.06	
926344	56	454.1	545.2	435.0	545.2	324.5	1.75	4.58	0	971	5	0.81	5.5	22.4	0.4	0.0	29.67	71	1.2758	2.1219	480	483.13	967.42	
926939	57	453.9	545.2	435.2	545.2	325.2	1.94	4.58	0	925	5	0.81	5.5	22.4	0.4	0.0	28.29	71	1.2758	2.1219	480	482.94	967.89	
927510	57	453.7	545.2	435.0	545.5	324.8	1.75	4.58	0	978	5	0.56	5.5	22.4	0.4	0.0	28.10	71	1.2758	2.1219	480	482.73	968.36	
928038	57	453.5	545.2	435.2	545.2	325.2	1.75	4.58	0	981	6	0.81	5.5	22.4	0.4	0.0	27.38	71	1.2758	2.1219	480	482.64	968.67	
928619	57	453.4	545.5	435.3	545.5	325.2	1.75	4.58	0	1,022	6	0.31	5.5	22.4	0.4	0.0	26.86	71	1.2758	2.1219	480	482.43	964.53	
929151	57	453.2	545.5	435.0	545.5	325.2	1.94	4.58	0	1,167	6	1.38	5.5	22.4	0.4	0.0	33.52	71	1.2758	2.1219	480	482.33	967.50	
929673	57	453.0	545.2	435.2	545.2	325.2	1.94	4.58	0	1,284	7	1.62	5.5	22.4	0.4	0.0	34.08	71	1.2758	2.1219	480	482.15	972.11	
930200	57	452.9	545.2	435.3	545.2	325.5	1.94	4.58	0	1,238	8	1.38	5.5	22.4	0.4	0.0	30.47	71	1.2758	2.1219	480	481.94	973.05	
930744	57	452.7	545.2	435.1	545.2	325.5	1.75	4.58	0	1,269	9	1.38	5.5	22.4	0.4	0.0	31.29	71	1.2758	2.1219	480	481.84	972.81	
931338	57	452.5	545.5	435.5	545.8	325.5	1.75	4.58	0	1,329	10	1.38	5.5	22.4	0.4	0.0	31.57	71	1.2758	2.1219	480	481.63	974.30	
931867	57	452.4	545.5	435.8	545.8	325.8	1.94	4.58	0	1,343	11	1.38	5.5	22.4	0.4	0.0	32.44	71	1.2758	2.1219	480	481.44	975.94	
932498	57	452.2	545.8	435.8	546.2	325.5	1.94	4.58	0	1,347	12	1.38	5.5	22.4	0.4	0.0	32.81	71	1.2758	2.1219	480	481.23	976.88	
933002	57	452.1	546.2	435.6	546.2	325.8	1.94	4.58	0	1,363	13	1.62	5.5	22.4	0.4	0.0	32.81	71	1.2758	2.1219	480	481.05	978.05	
933572	56	451.9	547.2	436.3	547.2	325.8	1.94	4.58	0	1,344	15	1.38	5.5	22.4	0.4	0.0	28.57	71	1.2758	2.1219	480	480.83	977.19	
934166	56	451.8	547.5	436.6	547.8	325.8	1.44	4.58	0	1,155	15	0.56	5.5	22.4	0.4	0.0	15.89	71	1.2758	2.1219	480	480.65	968.91	
934686	56	451.7	547.8	436.8	548.2	325.5	1.75	4.58	0	1,180	15	0.56	5.5	22.4	0.4	0.0	25.03	71	1.2758	2.1219	480	480.44	961.33	
935219	56	451.6	548.5	436.8	548.5	325.8	1.75	4.58	0	1,280	15	1.12	5.5	22.4	0.4	0.0	29.67	71	1.2758	2.1219	480	480.25	966.72	
935741	56	451.5	548.5	437.3	548.8	325.8	1.75	4.58	0	1,271	16	1.12	5.5	22.4	0.4	0.0	29.79	71	1.2758	2.1219	480	480.04	969.22	
936296	56	451.4	548.8	437.7	549.2	325.8	1.75	4.58	0	1,334	17	1.38	5.5	22.4	0.4	0.0	28.95	71	1.2758	2.1219	480	479.94	970.70	
936825	56	451.3	549.2	437.8	549.2	325.8	1.56	4.58	0	1,398	18	1.38	5.5	22.4	0.4	0.0	25.03	71	1.2758	2.1219	475	479.73	970.94	
937389	56	451.2	549.8	437.6	549.8	326.2	1.06	4.58	0	1,430	18	1.12	5.5	22.4	0.4	0.0	15.52	71	1.2758	2.1219	475	479.55	966.56	
937916	56	451.2	550.2	437.8	550.2	325.8	0.88	4.58	0	1,389	18	1.12	5.5	22.4	0.4	0.0	13.57	71	1.2758	2.1219	475	479.33	964.84	
938499	56	451.1	550.5	438.1	550.5	326.2	1.25	4.58	0	1,417	18	1.38	5.5	22.4	0.4	0.0	21.52	71	1.2758	2.1219	475	479.15	960.55	
939027	56	451.0	550.5	437.8	550.5	326.2	1.56	4.58	0	1,469	18	1.62	5.5	22.4	0.4	0.0	26.02	71	1.2758	2.1219	475	479.03	965.55	
939548	56	451.0	550.5	438.5	550.5	325.8	1.56	4.58	0	1,541	19	1.94	5.5	22.4	0.4	0.0	20.04	71	1.2758	2.1219	475	478.84	966.25	
940076	56	450.9	550.5	438.1	550.8	325.5	0.88	4.58	0	1,474	19	1.12	5.5	22.4	0.4	0.0	12.35	71	1.2758	2.1219	475	478.75	965.08	
940603	56	450.9	550.5	438.0	550.5	325.5	0.88	4.58	0	1,452	19	1.12	5.5	22.4	0.4	0.0	11.93	71	1.2758	2.1219	475	478.54	964.22	
941251	56	450.9	550.5	438.1	550.2	325.5	1.56	4.58	0	1,375	18	1.38	5.5	22.4	0.4	0.0	11.67	71	1.2758	2.1219	475	478.44	963.98	
941782	56	450.8	550.5	438.0	550.5	325.2	1.06	4.58	0	1,393	18	1.38	5.5	22.4	0.4	0.0	19.48	71	1.2758	2.1219	475	478.35	964.45	
942322	56	450.8	550.2	437.8	550.5	325.2	1.44	4.58	0	1,422	18	1.62	5.5	22.4	0.4	0.0	23.86	71	1.2758	2.1219	475	478.14	967.50	
942832	57	450.8	550.2	437.8	550.2	325.2	1.06	4.58	0	1,456	19	1.38	5.5	22.4	0.4	0.0	16.20	71	1.2758	2.1219	475	478.05	964.84	
943345	57	450.8	549.8	437.8	550.2	325.2	1.06	4.58	0	1,423	18	1.12	5.5	22.4	0.4	0.0	12.61	71	1.2758	2.1219	475	477.93	964.22	
943862	56	450.7	549.5	437.5	549.5	324.8	0.88	4.58	0	1,430	18	1.12	5.5	22.4	0.4	0.0	12.02	71	1.2758	2.1219	475	477.74	963.83	
944404	57	450.7	549.2	437.3	549.8	325.2	0.69	4.58	0	1,285	18	0.31	5.5	22.4	0.4	0.0	16.76	71	1.2758	2.1219	475	477.65	964.69	
944939	57	450.7	548.8	436.8	548.8	324.8	0.69	4.58	0	1,272	16	0.56	5.5	22.4	0.4	0.0	18.12	71	1.2758	2.1219	475	477.53	971.09	
945497	57	450.8	549.2	436.8	549.2	324.8	3.12	4.58	0	1,214	15	0.81	5.5	22.4	0.4	0.0	12.28	71	1.2758	2.1219	475	477.44	970.23	
946024	57	450.9	548.5	436.6	548.5	325.2	1.56	4.58	0	1,229	15	0.81	5.5	22.4	0.4	0.0	25.66	71	1.2758	2.1219	475	477.34	965.23	
946548	57	450.9	548.2	436.7	548.2	324.8	1.75	4.58	0	1,241	16	1.12	5.5	22.4	0.4	0.0	30.66	71	1.2758	2.1219	475	477.25	965.47	
947082	57	451.0	547.5	436.3	547.8	324.8	1.94	4.58	0	1,426	17	1.62	5.5	22.4	0.4	0.0	29.70	71	1.2758	2.1219	475	477.13	972.81	
947645	57	451.0	546.8	436.0	546.8	324.5	1.44	4.58	0	1,357	18	1.38	5.5	22.4	0.4	0.0	18.00	71	1.2758	2.1219	475	476.94	968.52	
948160	57	451.0	546.5	435.5	546.5	324.5	1.25	4.58	0	1,369	17	0.81	5.5	22.4	0.4	0.0	12.40	71	1.2758	2.1219	475	476.85	965.23	
948733	57	451.0	546.8	435.8	546.5	324.8	0.56	4.58	0	1,274	17	0.31	5.5	22.4	0.4	0.0	13.31	71	1.2758	2.1219	475	476.64	965.78	
949293	57	451.0	546.5	435.1	546.2	324.5	1.06	4.58	0	1,265	16	0.56	5.5	22.4	0.4	0.0	14.72	71	1.2758	2.1219	475	476.55	962.81	
949915	57	451.1	545.8	435.3	546.2	324.5	1.44	4.58	0	1,265	16	0.81	5.5	22.4	0.4	0.0	16.97	71	1.2758	2.1219	475	476.43	966.09	
950441	57	451.1	545.5	435.0	545.5	324.2	1.25	4.58	0	1,206	16	0.56	5.5	22.4	0.4	0.0	12.47	71	1.2758	2.1219	475	476.33	965.78	
951019	57	451.1	545.2	434.8	544.8	324.5	0.56	4.58	0	1,101	15	0.00	5.5	22.4	0.4	0.0	13.22	71	1.2758	2.1219	475	476.24	965.94	
951617	57	451.1	544.5	434.6	544.2	324.5	1.44	4.58	0	1,130	14	0.31	5.5	22.4	0.4	0.0	12.40	71	1.2758	2.1219	475	476.15	964.69	
952146	57	451.1	544.2	434.1	543.8	324.5	1.56	4.58	0	1,106	14	0.31	5.5	22.4	0.4	0.0	12.56	71	1.2758	2.1219	475	476.03	963.67	
952671	57	451.2	543.5	434.0	543.2	323.8	1.25	4.58	0	1,070	14	0.31	5.5	22.4	0.4	0.0	12.52	71	1.2758	2.1219	475	475.94	962.73	
953233	57	451.2	542.8	433.6	542.8	324.5	1.44	4.58	0	1,031	13	0.31	5.5	22.4	0.4	0.0	12.66	71	1.2758	2.1219	475	475.84	962.42	
953765	57	451.1	542.5	433.3	542.5	324.2	1.44	4.58	0	1,015	13	0.31	5.5	22.4	0.4	0.0	17.81	71	1.2758	2.1219	475	475.75	960.62	
954288	57	451.1	541.5	433.1	541.5	324.2	1.56	4.58	0	984	13	0.56	5.5	22.4	0.4	0.0	30.82	71	1.2758	2.1219	475	475.63	958.20	
954823	58	451.1	540.8	432.7	540.8	324.5	1.94	4.58	0	1,287	14	1.62	5.5	22.4	0.4	0.0	36.73	71	1.2758	2.1219	475	475.54	964.30	
955416	58	451.0	540.5	432.3	540.5	323.8	2.12	4.58	0	1,361	15	2.19	5.5	22.4	0.4	0.0	39.87	71	1.2758	2.1219	475	475.35	976.09	
955947	58	450.9	539.8	432.2	539.8	324.2	2.12	4.58	0	1,362	17	2.19	5.5	22.4	0.4	0.0	40.95	71	1.2758	2.1219	475	475.23	985.00	
956470	57	450.8	539.5	431.6	539.5	324.2	2.12	4.58	0	1,416	18	2.44	5.5	22.4	0.4	0.0	38.55	71	1.2758	2.1219	475	475.14	991.80	
957033	57	450.7	538.8	431.7	539.5	323.8	2.12	4.58	0	1,541	20	2.44	5.5	22.4	0.4	0.0	37.01	71	1.2758	2.1219	475	474.93	996.80	
957623	57	450.5	539.2	431.3	539.2	323.5	2.44	4.58	0	1,694	21	2.44	5.5	22.4	0.4	0.0	35.62	71	1.2758	2.1219	470	474.74	1,000.86	
958255	57	450.4	539.5	431.5	539.2	323.8	2.44	4.58	0	1,754	23	2.44	5.5	22.4	0.4	0.0	34.62	71	1.2758	2.1219	470	474.65	1,005.23	
958809	57	450.2	539.5	431.6	539.5	323.8	2.12	4.58	0	1,849	24	2.19	5.5	22.4	0.4	0.0	22.62	71	1.2758	2.1219	470	474.44	990.78	
959390	57	450.1	539.8	432.0	539.8	323.8	-1.62	4.58	0	1,664	24	0.00	5.5	22.4	0.4	0.0	15.02	71	1.2758	2.1219	470	474.25	977.81	
959957	56	450.0	540.8	432.0	540.5	323.5	1.25	4.58	0	1,113	24	0.56	5.5	22.4	0.4	0.0	12.33	71	1.2758	2.1219	470	474.13	967.81	
960471	56	449.9	540.8	432.3	541.2	323.5	1.25	4.58	0	1,157	24	0.31	5.5	22.4	0.4	0.0	11.95	71	1.2758	2.1219	470	474.04	964.14	
961022	56	449.9	540.8	432.5	541.2	323.5	1.44	4.58	0	1,164	23	0.56	5.5	22.4	0.4	0.0	12.35	71	1.2758	2.1219	470	473.85	962.42	
961536	56	449.8	541.5	432.5	541.5	323.5	1.44	4.58	0	1,151	23	0.56	5.5	22.4	0.4	0.0	12.40	71	1.2758	2.1219	470	473.73	963.59	
962077	56	449.8	541.2	432.5	541.2	323.2	1.56	4.58	0	1,115	23	0.31	5.5	22.4	0.4	0.0	12.40	71	1.2758	2.1219	470	473.64	962.73	
962623	56	449.7	541.5	432.5	541.5	323.2	1.44	4.58	0	1,112	22	0.31	5.5	22.4	0.4	0.0	12.68	71	1.2758	2.1219	470	473.55	962.34	
963148	56	449.7	541.2	432.0	541.2	323.2	1.56	4.58	0	1,101	22	0.31	5.5	22.4	0.4	0.0	12.49	71	1.2758	2.1219	470	473.43	961.88	
963708	57	449.7	541.2	432.1	540.8	323.2	1.44	4.58	0	1,076	21	0.31	5.5	22.4	0.4	0.0	12.63	71	1.2758	2.1219	470	473.33	961.17	
964299	57	449.6	540.8	432.0	540.8	323.2	1.44	4.58	0	882	21	0.00	5.5	22.4	0.4	0.0	16.48	71	1.2758	2.1219	470	473.24	960.31	
964838	57	449.6	540.5	431.6	540.5	323.2	1.75	4.58	0	913	21	0.31	5.5	22.4	0.4	0.0	19.90	71	1.2758	2.1219	470	473.15	960.55	
965353	57	449.6	540.2	431.5	539.8	322.8	1.44	4.58	0	993	20	0.31	5.5	22.4	0.4	0.0	16.27	71	1.2758	2.1219	470	473.03	961.09	
965881	57	449.6	539.5	431.1	539.2	322.8	1.56	4.58	0	976	20	0.31	5.5	22.4	0.4	0.0	15.82	71	1.2758	2.1219	470	473.03	960.70	
966413	57	449.5	539.2	430.6	539.2	322.5	1.44	4.58	0	968	20	0.31	5.5	22.4	0.4	0.0	16.48	71	1.2758	2.1219	470	472.94	960.47	
967055	57	449.5	538.5	430.8	538.5	322.5	1.44	4.58	0	978	19	0.56	5.5	22.4	0.4	0.0	16.20	71	1.2758	2.1219	470	472.84	960.47	
967591	57	449.5	538.2	430.3	537.8	322.2	1.44	4.58	0	957	19	0.31	5.5	22.4	0.4	0.0	16.36	71	1.2758	2.1219	470	472.75	960.39	
968137	57	449.5	536.8	429.8	537.2	322.5	1.44	4.58	0	944	19	0.31	5.5	22.4	0.4	0.0	16.83	71	1.2758	2.1219	470	472.75	960.47	
968731	57	449.4	536.5	429.5	536.5	322.5	1.56	4.58	0	922	18	0.31	5.5	22.4	0.4	0.0	16.92	71	1.2758	2.1219	470	472.63	960.16	
969271	57	449.4	536.2	429.2	536.2	322.5	1.56	4.58	0	909	16	0.31	5.5	22.4	0.4	0.0	19.27	71	1.2758	2.1219	470	472.54	960.00	
969839	57	449.4	535.5	428.6	535.5	322.2	1.56	4.58	0	939	13	0.31	5.5	22.4	0.4	0.0	19.20	71	1.2758	2.1219	470	472.44	960.47	
970346	57	449.3	535.2	428.5	534.5	322.2	1.56	4.58	0	939	11	0.31	5.5	22.4	0.4	0.0	19.24	71	1.2758	2.1219	470	472.44	960.47	
970922	57	449.3	534.2	428.2	534.5	322.2	1.56	4.58	0	901	11	0.31	5.5	22.4	0.4	0.0	21.52	71	1.2758	2.1219	470	472.35	960.39	
971430	57	449.3	533.5	427.8	533.5	321.8	1.56	4.58	0	941	10	0.56	5.5	22.4	0.4	0.0	20.91	71	1.2758	2.1219	470	472.23	960.62	
972029	58	449.3	532.8	427.3	532.8	322.2	1.56	4.58	0	970	9	0.31	5.5	22.4	0.4	0.0	24.63	71	1.2758	2.1219	470	472.23	961.02	
972552	58	449.2	532.2	427.1	532.2	322.2	1.56	4.58	0	968	9	0.81	5.5	22.4	0.4	0.0	22.90	71	1.2758	2.1219	470	472.14	962.42	
973162	58	449.2	531.8	426.6	531.8	321.8	1.56	4.58	0	957	9	0.56	5.5	22.4	0.4	0.0	26.60	71	1.2758	2.1219	470	472.05	962.19	
973714	58	449.1	531.5	426.6	531.5	321.8	1.56	4.58	0	964	9	0.56	5.5	22.4	0.4	0.0	23.04	71	1.2758	2.1219	470	472.05	963.12	
974306	58	449.1	530.8	426.5	531.2	322.2	1.56	4.58	0	947	8	0.56	5.5	22.4	0.4	0.0	22.69	71	1.2758	2.1219	470	471.93	962.89	
974872	58	449.0	530.5	426.5	530.5	321.8	1.56	4.58	0	949	8	0.31	5.5	22.4	0.4	0.0	22.34	71	1.2758	2.1219	470	471.93	962.27	
975442	58	449.0	529.8	426.0	530.2	321.5	1.56	4.58	0	947	8	0.56	5.5	22.4	0.4	0.0	22.15	71	1.2758	2.1219	470	471.83	962.42	
976119	58	448.9	529.8	425.8	529.5	321.8	1.56	4.58	0	977	7	0.31	5.5	22.4	0.4	0.0	21.56	71	1.2758	2.1219	470	471.74	962.42	
976688	58	448.9	529.5	425.6	529.5	321.5	1.75	4.58	0	979	7	0.31	5.5	22.4	0.4	0.0	21.05	71	1.2758	2.1219	470	471.74	962.27	
977202	58	448.8	529.5	425.5	529.5	321.8	1.56	4.58	0	974	7	0.31	5.5	22.4	0.4	0.0	21.42	71	1.2758	2.1219	470	471.65	962.03	
977764	58	448.7	528.8	425.3	528.8	321.5	1.56	4.58	0	962	7	0.56	5.5	22.4	0.4	0.0	21.47	71	1.2758	2.1219	470	471.65	962.03	
978281	58	448.7	528.5	425.1	528.5	321.8	1.56	4.58	0	971	7	0.56	5.5	22.4	0.4	0.0	20.88	71	1.2758	2.1219	470	471.53	962.11	
978862	58	448.6	528.2	425.1	528.2	321.5	1.56	4.58	0	936	6	0.31	5.5	22.4	0.4	0.0	21.61	71	1.2758	2.1219	470	471.44	962.03	
979395	58	448.5	527.5	425.0	527.8	321.5	1.56	4.58	0	903	5	0.31	5.5	22.4	0.4	0.0	20.37	71	1.2758	2.1219	470	471.44	961.80	
979972	58	448.5	527.8	424.6	527.8	321.5	1.56	4.58	0	802	5	0.31	5.5	22.4	0.4	0.0	31.34	71	1.2758	2.1219	470	471.34	961.17	
980512	58	448.4	527.2	424.3	527.5	321.8	1.56	4.58	0	964	4	0.56	5.5	22.4	0.4	0.0	23.39	71	1.2758	2.1219	470	471.34	962.81	
981076	58	448.3	527.2	424.5	526.8	321.5	1.75	4.58	0	972	3	0.56	5.5	22.4	0.4	0.0	25.59	71	1.2758	2.1219	470	471.25	962.81	
981638	58	448.2	527.2	424.5	526.8	321.8	1.56	4.58	0	940	1	0.56	5.5	22.4	0.4	0.0	21.77	71	1.2758	2.1219	470	471.13	963.44	
982231	58	448.2	526.5	424.3	526.5	321.8	1.56	4.58	0	810	0	0.31	5.5	22.4	0.4	0.0	20.02	71	1.2758	2.1219	470	471.13	962.89	
982752	58	448.1	526.8	424.5	526.5	322.2	1.56	4.58	0	827	0	0.31	5.5	22.4	0.4	0.0	19.95	71	1.2758	2.1219	470	471.04	961.88	
983290	58	448.0	526.5	424.5	526.8	321.8	1.56	4.58	0	860	0	0.31	5.5	22.4	0.4	0.0	17.93	71	1.2758	2.1219	470	471.04	961.64	
983820	58	447.9	526.5	424.1	526.2	321.8	1.56	4.58	0	841	0	0.31	5.5	22.4	0.4	0.0	18.47	71	1.2758	2.1219	470	470.94	960.55	
984457	58	447.9	525.8	424.2	526.2	321.8	1.56	4.58	0	819	0	0.31	5.5	22.4	0.4	0.0	22.20	71	1.2758	2.1219	470	470.94	960.23	
984969	58	447.8	525.5	424.0	525.8	322.2	1.44	4.58	0	861	0	0.31	5.5	22.4	0.4	0.0	19.76	71	1.2758	2.1219	470	470.85	960.62	
985475	58	447.7	525.2	423.8	525.2	322.2	1.56	4.58	0	839	0	0.31	5.5	22.4	0.4	0.0	20.20	71	1.2758	2.1219	470	470.85	960.39	
986008	58	447.6	525.5	424.0	525.2	322.2	1.56	4.58	0	840	0	0.31	5.5	22.4	0.4	0.0	20.48	71	1.2758	2.1219	470	470.73	960.62	
986549	58	447.5	525.2	423.5	525.2	322.5	1.44	4.58	0	838	0	0.31	5.5	22.4	0.4	0.0	19.29	71	1.2758	2.1219	470	470.64	960.47	
987065	58	447.5	524.8	423.5	524.5	321.8	1.44	4.58	0	828	0	0.31	5.5	22.4	0.4	0.0	18.84	71	1.2758	2.1219	470	470.64	960.23	
987662	58	447.4	524.5	423.2	524.5	322.5	1.56	4.58	0	815	0	0.31	5.5	22.4	0.4	0.0	19.17	71	1.2758	2.1219	470	470.55	959.92	
988205	58	447.3	523.8	423.3	523.8	322.5	1.56	4.58	0	818	0	0.31	5.5	22.4	0.4	0.0	19.45	71	1.2758	2.1219	470	470.55	959.84	
988780	58	447.2	523.5	423.1	523.5	322.2	1.56	4.58	0	819	0	0.31	5.5	22.4	0.4	0.0	19.36	71	1.2758	2.1219	470	470.43	959.61	
989338	58	447.1	523.2	422.8	523.2	322.5	1.56	4.58	0	815	0	0.31	5.5	22.4	0.4	0.0	19.41	71	1.2758	2.1219	470	470.43	959.84	
