#2026-07-25 08:10:24 LSVZM60T8N2105404
#Time	01/进气温度/---	01/废气温度1，气缸列1/---	01/微粒过滤器之前的废气温度/---	01/颗粒过滤器中的废气温度，计算所得/---	01/气缸列1颗粒过滤器入口，温度传感器1，原始值/---	01/气缸列1颗粒过滤器出口，温度传感器1，原始值/---	01/颗粒过滤器，颗粒过滤器上游的相对压力/---	01/颗粒过滤器，油灰质量（克）/---	01/颗粒过滤器，负荷级/---	01/发动机转速/---	01/车速/---	01/微粒过滤器，压差/---	01/颗粒过滤器，测得的机油灰分负荷/---	01/颗粒过滤器，测得的积碳负荷/---	01/颗粒过滤器，计算出的积碳负荷/---	01/颗粒过滤器，水分负荷/---	01/相对负荷值/---	01/微粒过滤器，计算的碳微粒质量/---	01/颗粒过滤器，积灰量比例/---	01/颗粒过滤器，炭灰量比例/---	01/催化转化器温度，模型/---	01/催化转换器后的气缸列 1 氧传感器，计算所得废气温度/---	01/增压压力，实际值/---	
#Time	01----	01----	01----	01----	01----	01----	01----	01----	01----	01----	01----	01----	01----	01----	01----	01----	01----	01----	01----	01----	01----	01----	01----	
#ms	℃	℃	℃	℃	℃	℃	hPa	g	-	rpm	km/h	hPa	%	%	%	%	%	mg	-	-	℃	℃	hPa	
63	28	20.4	27.2	26.8	26.8	26.8	2.25	4.58	0	0	0	0.31	5.5	20.8	0.0	0.0	80.98	45	1.2758	2.0484	20	20.43	948.91	
576	28	20.4	26.8	26.8	27.2	26.5	2.25	4.58	0	0	0	0.31	5.5	20.8	0.0	0.0	80.98	45	1.2758	2.0484	20	20.43	948.91	
1091	28	20.4	26.8	26.8	26.8	26.8	2.25	4.58	0	0	0	0.00	5.5	20.8	0.0	0.0	80.98	45	1.2758	2.0484	20	20.43	948.98	
1659	28	20.4	27.2	26.6	27.2	26.5	2.25	4.58	0	0	0	0.00	5.5	20.8	0.0	0.0	80.98	45	1.2758	2.0484	20	20.43	949.06	
2220	28	20.4	27.2	26.8	26.5	26.8	2.12	4.58	0	0	0	0.00	5.5	20.8	0.0	0.0	80.98	45	1.2758	2.0484	20	20.43	949.06	
2736	28	20.4	26.8	26.8	27.2	27.2	2.25	4.58	0	0	0	0.00	5.5	20.8	0.0	0.0	80.98	45	1.2758	2.0484	20	20.43	949.22	
3239	28	20.4	26.8	26.8	26.8	26.8	2.12	4.58	0	0	0	0.00	5.5	20.8	0.0	0.0	80.98	45	1.2758	2.0484	20	20.43	949.06	
3758	28	20.4	26.5	26.8	26.5	26.5	2.25	4.58	0	0	0	0.00	5.5	20.8	0.0	0.0	80.98	45	1.2758	2.0484	20	20.43	949.14	
4266	28	20.4	26.8	26.8	26.8	26.2	2.81	4.58	0	153	0	-0.19	5.5	20.8	0.0	0.0	75.49	45	1.2758	2.0484	20	20.43	947.50	
4810	28	20.4	27.2	27.0	26.8	26.5	4.38	4.58	0	521	0	4.31	5.5	20.8	0.0	0.0	44.25	45	1.2758	2.0484	20	20.43	959.77	
5361	27	20.4	26.8	26.8	26.8	26.5	2.44	4.58	0	1,476	0	0.81	5.5	20.8	0.0	0.0	29.74	45	1.2758	2.0484	20	20.43	978.75	
5890	27	20.4	26.8	26.6	26.8	26.5	2.44	4.58	0	1,422	0	0.81	5.5	20.8	0.0	0.0	24.33	46	1.2758	2.0484	20	20.43	964.06	
6397	27	20.4	26.8	26.6	26.8	26.5	2.25	4.58	0	1,347	0	0.81	5.5	20.8	0.0	0.0	27.66	46	1.2758	2.0484	20	20.43	958.05	
7028	27	20.4	27.2	26.8	26.8	26.8	2.25	4.58	0	1,309	0	1.38	5.5	20.8	0.0	0.0	30.28	46	1.2758	2.0484	20	20.43	956.33	
7555	27	20.4	26.8	26.5	26.8	26.5	2.25	4.58	0	1,280	0	2.19	5.5	20.8	0.0	0.4	33.82	46	1.2758	2.0484	20	20.43	959.38	
8053	27	20.4	27.5	26.8	27.5	26.8	2.25	4.58	0	1,287	0	2.19	5.5	20.8	0.0	0.4	35.91	47	1.2758	2.0484	20	20.43	963.83	
8566	27	20.4	27.2	26.8	27.2	26.8	2.25	4.58	0	1,290	0	2.44	5.5	20.8	0.0	0.4	37.88	47	1.2758	2.0484	20	20.43	970.70	
9086	27	20.4	26.8	26.6	27.2	26.8	2.12	4.58	0	1,310	0	2.19	5.5	20.8	0.0	0.4	37.45	47	1.2758	2.0484	20	20.43	976.64	
9581	27	20.4	26.8	26.8	27.2	26.5	2.25	4.58	0	1,303	0	2.44	5.5	20.8	0.0	0.4	37.59	47	1.2758	2.0484	20	20.43	978.52	
10106	27	20.4	27.2	26.8	26.8	26.8	2.25	4.58	0	1,272	0	2.75	5.5	20.8	0.0	0.4	37.76	47	1.2758	2.0484	20	20.43	980.86	
10636	27	20.4	27.2	26.6	26.5	26.5	2.25	4.58	0	1,273	0	2.44	5.5	20.8	0.0	0.4	36.00	48	1.2758	2.0484	20	20.43	979.53	
11146	27	20.4	26.8	26.6	27.2	26.5	2.12	4.58	0	1,239	0	2.75	5.5	20.8	0.0	0.4	36.09	48	1.2758	2.0484	20	20.43	978.91	
11669	27	20.5	26.8	26.6	26.8	26.5	2.12	4.58	0	1,237	0	2.75	5.5	20.8	0.0	0.4	35.93	48	1.2758	2.0484	20	20.43	977.89	
12184	27	20.5	26.8	27.2	26.8	26.8	2.25	4.58	0	1,228	0	2.44	5.5	20.8	0.0	0.4	35.62	48	1.2758	2.0484	20	20.43	977.27	
12745	27	20.6	26.8	26.6	26.8	26.8	2.12	4.58	0	1,224	0	2.75	5.5	20.8	0.0	0.4	35.62	49	1.2758	2.0484	20	20.43	975.78	
13263	27	20.6	27.2	26.8	26.8	26.5	2.12	4.58	0	1,213	0	2.75	5.5	20.8	0.0	0.8	35.46	49	1.2758	2.0484	20	20.43	975.00	
13833	27	20.7	27.2	26.6	27.2	26.5	2.12	4.58	0	1,228	0	3.00	5.5	20.8	0.0	0.8	37.01	49	1.2758	2.0484	20	20.43	977.34	
14362	27	20.9	27.2	26.6	27.2	26.8	2.12	4.58	0	1,216	0	3.00	5.5	20.8	0.0	0.8	37.62	49	1.2758	2.0484	20	20.43	979.84	
14912	27	21.0	27.2	27.0	27.2	26.5	1.94	4.58	0	1,204	0	3.00	5.5	20.8	0.0	0.8	37.83	50	1.2758	2.0484	20	20.43	982.19	
15507	27	21.2	27.2	26.8	27.2	26.2	1.94	4.58	0	1,175	0	2.75	5.5	20.8	0.0	0.8	39.14	50	1.2758	2.0484	20	20.43	984.84	
16026	27	21.4	27.5	27.0	28.2	26.8	1.94	4.58	0	1,194	0	3.00	5.5	20.8	0.0	0.8	39.21	50	1.2758	2.0484	20	20.43	987.50	
16586	27	21.7	28.2	27.5	28.5	26.5	2.12	4.58	0	1,203	0	3.25	5.5	20.8	0.0	0.8	38.93	50	1.2758	2.0484	20	20.55	987.97	
17147	27	22.1	29.2	27.6	29.5	26.5	2.12	4.58	0	1,185	0	3.25	5.5	20.8	0.0	0.8	39.56	51	1.2758	2.0484	20	20.55	990.08	
17676	27	22.5	29.5	28.1	29.5	26.2	2.12	4.58	0	1,190	0	3.25	5.5	20.8	0.0	0.8	40.22	51	1.2758	2.0484	20	20.55	990.86	
18172	27	23.0	30.5	28.5	30.5	26.8	1.94	4.58	0	1,201	0	3.25	5.5	20.8	0.0	0.8	39.59	51	1.2758	2.0484	20	20.64	994.45	
18684	27	23.5	31.5	29.1	31.5	26.8	2.12	4.58	0	1,225	0	3.25	5.5	20.8	0.0	1.2	38.55	51	1.2758	2.0484	20	20.64	992.58	
19223	27	24.2	32.2	29.5	32.5	26.8	2.62	4.58	0	1,329	0	3.50	5.5	20.8	0.0	1.2	46.22	51	1.2758	2.0484	20	20.73	1,010.94	
19812	27	25.2	33.2	29.8	32.8	26.5	2.25	4.58	0	1,248	0	4.31	5.5	20.8	0.0	1.2	57.89	52	1.2758	2.0484	20	20.85	1,020.78	
20386	27	26.5	34.5	30.6	34.5	26.5	2.12	4.58	0	1,142	1	5.12	5.5	20.8	0.0	1.2	67.12	52	1.2758	2.0484	20	20.94	1,038.98	
20964	28	28.2	35.5	31.1	35.5	26.8	2.12	4.58	0	1,144	1	5.12	5.5	20.8	0.0	1.2	61.34	52	1.2758	2.0484	20	21.04	1,075.39	
21528	28	30.0	36.8	31.8	36.5	26.8	1.75	4.58	0	1,191	0	4.62	5.5	20.8	0.0	1.2	43.76	52	1.2758	2.0484	20	21.34	1,068.36	
22115	27	31.9	37.8	32.3	37.8	26.8	1.94	4.58	0	1,208	0	3.81	5.5	20.8	0.0	1.2	49.10	53	1.2758	2.0484	20	21.53	1,027.66	
22689	27	34.2	39.2	32.8	39.5	26.8	2.12	4.58	0	1,156	1	4.62	5.5	20.8	0.0	1.6	61.99	53	1.2758	2.0484	20	21.83	1,052.73	
23227	27	36.8	39.8	33.1	39.8	26.8	1.75	4.58	0	1,139	1	4.31	5.5	20.8	0.0	1.6	57.05	53	1.2758	2.0484	20	22.14	1,070.00	
23895	27	39.5	40.5	33.1	40.5	26.5	1.75	4.58	0	1,161	0	4.62	5.5	20.8	0.0	1.6	58.08	53	1.2758	2.0484	20	22.63	1,073.28	
24475	27	42.5	41.5	34.0	41.5	26.8	1.75	4.58	0	1,118	1	4.31	5.5	20.8	0.0	1.6	54.33	54	1.2758	2.0484	20	23.15	1,071.64	
25025	27	46.6	42.8	34.6	42.5	26.8	1.56	4.58	0	1,130	0	3.81	5.5	20.8	0.0	1.6	51.61	54	1.2758	2.0484	20	23.64	1,065.00	
25588	27	49.9	43.8	35.3	44.2	26.5	1.75	4.58	0	1,225	0	4.06	5.5	20.8	0.0	1.6	42.00	54	1.2758	2.0484	20	24.25	1,042.19	
26126	27	53.3	45.2	35.6	44.8	26.5	2.12	4.58	0	1,141	0	3.50	5.5	20.8	0.0	1.6	55.03	54	1.2758	2.0484	20	24.74	1,027.42	
26657	27	57.0	45.5	36.0	45.5	26.5	1.94	4.58	0	1,134	2	4.31	5.5	20.8	0.0	1.6	62.72	54	1.2758	2.0484	25	25.35	1,057.81	
27196	27	60.7	46.2	36.6	46.5	26.5	1.75	4.58	0	1,128	2	4.31	5.5	20.8	0.0	2.0	54.63	55	1.2758	2.0484	25	26.24	1,069.69	
27702	27	64.8	46.8	37.0	47.2	26.8	1.75	4.58	0	1,117	2	3.81	5.5	20.8	0.0	2.0	53.20	55	1.2758	2.0484	25	27.04	1,062.42	
28255	27	68.6	48.2	37.3	48.2	27.2	1.94	4.58	0	1,113	3	3.81	5.5	20.8	0.0	2.0	54.07	55	1.2758	2.0484	25	27.83	1,062.34	
28802	27	72.9	48.5	37.6	48.8	26.8	1.94	4.58	0	1,119	3	3.50	5.5	20.8	0.0	2.0	51.28	55	1.2758	2.0484	25	28.94	1,057.73	
29338	27	77.3	49.5	37.6	49.2	26.8	1.94	4.58	0	1,073	4	2.75	5.5	20.8	0.0	2.0	48.68	55	1.2758	2.0484	25	29.85	1,047.58	
29859	27	81.2	50.5	38.5	50.2	26.8	1.94	4.58	0	1,081	4	2.44	5.5	20.8	0.0	2.0	46.76	55	1.2758	2.0484	30	30.83	1,038.98	
30370	27	85.5	50.5	38.5	50.8	26.8	1.75	4.58	0	1,137	4	2.75	5.5	20.8	0.0	2.0	36.49	56	1.2758	2.0484	30	32.03	1,021.48	
30924	27	89.5	51.5	39.2	51.5	26.8	1.94	4.58	0	1,134	2	1.94	5.5	20.8	0.0	2.0	35.04	56	1.2758	2.0484	30	32.94	998.98	
31452	27	93.1	51.8	39.5	51.8	26.8	1.94	4.58	0	1,125	1	1.62	5.5	20.8	0.0	2.0	34.83	56	1.2758	2.0484	30	33.93	988.20	
31956	27	96.9	52.5	39.8	52.8	27.2	1.94	4.58	0	1,112	0	1.62	5.5	20.8	0.0	2.0	35.30	56	1.2758	2.0484	35	34.94	982.89	
32575	27	100.3	53.2	40.2	53.2	27.2	1.94	4.58	0	1,140	0	1.62	5.5	20.8	0.0	2.4	40.08	56	1.2758	2.0484	35	36.44	980.55	
33097	27	104.3	53.8	40.3	54.2	27.5	1.94	4.58	0	1,100	0	2.44	5.5	20.8	0.0	2.4	50.16	57	1.2758	2.0484	35	37.63	988.05	
33591	27	108.5	54.5	41.0	54.8	27.5	2.12	4.58	0	1,133	1	3.50	5.5	20.8	0.0	2.4	59.58	57	1.2758	2.0484	35	38.94	1,018.52	
34103	27	112.6	54.8	40.6	54.5	26.8	2.12	4.58	0	1,112	2	3.81	5.5	20.8	0.0	2.4	63.26	57	1.2758	2.0484	40	40.35	1,049.69	
34600	27	116.9	55.2	41.2	55.2	27.2	1.94	4.58	0	1,076	3	3.25	5.5	20.8	0.0	2.4	57.87	57	1.2758	2.0484	40	41.85	1,064.45	
35145	27	121.6	55.5	41.6	55.2	27.5	1.94	4.58	0	1,047	3	2.75	5.5	20.8	0.0	2.4	49.83	57	1.2758	2.0484	40	43.35	1,056.17	
35663	27	125.8	56.2	41.6	56.5	27.8	2.12	4.58	0	1,056	3	2.44	5.5	20.8	0.0	2.4	48.07	57	1.2758	2.0484	40	44.85	1,040.23	
36190	27	130.4	56.8	42.1	56.5	27.5	1.75	4.58	0	1,087	3	2.75	5.5	20.8	0.0	2.4	46.88	57	1.2758	2.0484	45	46.75	1,033.12	
36712	27	134.4	57.5	42.3	57.2	27.5	1.75	4.58	0	1,090	2	2.19	5.5	20.8	0.0	2.4	43.64	58	1.2758	2.0484	45	48.25	1,024.14	
37263	27	138.8	57.5	42.3	57.5	27.2	1.94	4.58	0	1,050	1	1.62	5.5	20.8	0.0	2.7	43.03	58	1.2758	2.0484	45	49.84	1,007.50	
37777	27	143.1	58.2	42.6	57.8	27.8	1.94	4.58	0	1,065	0	1.62	5.5	20.8	0.0	2.7	45.26	58	1.2758	2.0484	50	51.83	1,001.25	
38319	27	147.5	58.2	43.0	58.5	27.8	1.94	4.58	0	1,067	0	2.19	5.5	20.8	0.0	2.7	45.38	58	1.2758	2.0484	50	53.55	1,006.48	
38897	27	151.8	58.8	43.1	58.8	27.8	1.75	4.58	0	1,139	0	2.75	5.5	20.8	0.0	2.7	42.40	58	1.2758	2.0484	55	55.63	1,006.56	
39416	27	156.2	59.2	43.2	59.2	27.5	2.12	4.58	0	1,130	0	3.00	5.5	20.8	0.0	2.7	50.53	58	1.2758	2.0484	55	57.44	1,011.02	
39957	27	160.8	59.5	43.5	59.5	27.8	1.94	4.58	0	1,117	1	3.50	5.5	20.8	0.0	2.7	55.24	59	1.2758	2.0484	55	59.43	1,033.28	
40456	27	164.7	60.2	43.8	59.8	27.8	1.94	4.58	0	1,127	2	3.50	5.5	20.8	0.0	2.7	55.43	59	1.2758	2.0484	60	61.44	1,048.12	
41085	27	169.5	60.8	44.3	60.8	27.8	1.94	4.58	0	1,117	3	3.50	5.5	20.8	0.0	2.7	50.55	59	1.2758	2.0484	60	64.44	1,052.27	
41632	27	174.2	60.8	44.3	60.8	27.8	1.94	4.58	0	1,078	4	2.44	5.5	20.8	0.0	3.1	47.67	59	1.2758	2.0484	65	66.53	1,038.36	
42204	27	179.5	61.2	44.5	61.5	28.2	1.94	4.58	0	1,104	5	2.75	5.5	20.8	0.0	3.1	46.34	59	1.2758	2.0484	65	69.04	1,028.91	
42734	27	184.1	61.5	45.0	61.5	28.2	2.12	4.58	0	1,114	5	2.75	5.5	20.8	0.0	3.1	44.53	59	1.2758	2.0484	70	71.15	1,022.97	
43247	27	188.1	62.2	45.1	62.2	28.2	1.94	4.58	0	1,136	5	2.44	5.5	20.8	0.0	3.1	41.44	59	1.2758	2.0484	70	73.35	1,011.88	
43763	27	192.3	62.8	45.3	62.5	28.2	1.94	4.58	0	1,111	5	1.94	5.5	20.8	0.0	3.1	40.22	60	1.2758	2.0484	75	75.44	1,001.64	
44279	27	196.1	63.2	45.8	62.8	28.5	1.94	4.58	0	1,098	6	1.62	5.5	20.8	0.0	3.1	40.27	60	1.2758	2.0484	75	77.94	994.53	
44832	27	200.2	63.5	45.8	63.2	28.5	1.94	4.58	0	1,091	6	1.62	5.5	20.8	0.0	3.1	40.95	60	1.2758	2.0484	80	80.03	990.47	
45378	27	204.1	63.2	45.8	63.5	28.5	1.94	4.58	0	1,075	6	1.38	5.5	20.8	0.0	3.1	41.09	60	1.2758	2.0484	80	82.63	990.08	
45916	27	207.7	63.8	45.8	63.5	28.5	2.12	4.58	0	1,067	6	1.62	5.5	20.8	0.0	3.1	41.39	60	1.2758	2.0484	80	84.74	990.16	
46435	27	211.6	64.5	46.5	64.5	28.8	1.94	4.58	0	1,062	6	1.62	5.5	20.8	0.0	3.1	41.74	60	1.2758	2.0484	85	86.94	990.08	
46981	27	215.4	64.5	46.3	64.5	29.2	2.12	4.58	0	1,061	6	1.38	5.5	20.8	0.0	3.1	41.79	60	1.2758	2.0484	85	89.55	989.92	
47549	27	219.1	65.2	46.8	64.8	29.2	2.12	4.58	0	1,074	7	1.62	5.5	20.8	0.0	3.5	41.18	60	1.2758	2.0484	90	91.63	989.61	
48104	27	223.1	65.2	47.0	65.2	29.2	2.12	4.58	0	1,077	7	1.38	5.5	20.8	0.0	3.5	41.16	61	1.2758	2.0484	90	94.23	987.73	
48610	27	226.4	65.2	47.5	65.5	29.2	2.12	4.58	0	1,041	6	1.38	5.5	20.8	0.0	3.5	41.27	61	1.2758	2.0484	95	96.44	986.95	
49212	27	229.6	65.8	47.1	65.8	29.2	2.12	4.58	0	1,043	6	1.12	5.5	20.8	0.0	3.5	41.72	61	1.2758	2.0484	95	99.04	986.09	
49743	27	232.8	65.8	47.5	65.8	29.2	1.94	4.58	0	1,062	7	1.62	5.5	20.8	0.0	3.5	41.93	61	1.2758	2.0484	100	101.24	987.11	
50264	27	236.5	66.5	48.0	66.5	29.5	1.94	4.58	0	1,050	7	1.12	5.5	20.8	0.0	3.5	41.46	61	1.2758	2.0484	100	103.44	987.73	
50806	27	239.9	66.5	48.1	66.5	29.2	2.12	4.58	0	1,029	7	1.38	5.5	20.8	0.0	3.5	40.76	61	1.2758	2.0484	105	106.14	986.80	
51377	27	243.6	66.8	48.0	66.8	29.5	1.94	4.58	0	1,050	7	1.12	5.5	20.8	0.0	3.5	41.34	61	1.2758	2.0484	105	108.83	986.64	
51933	27	246.8	67.5	48.1	67.5	29.8	2.12	4.58	0	1,069	7	1.38	5.5	20.8	0.0	3.5	40.64	61	1.2758	2.0484	110	111.04	986.17	
52445	27	249.8	67.2	48.5	67.5	29.5	2.12	4.58	0	1,069	7	1.38	5.5	20.8	0.0	3.5	39.56	61	1.2758	2.0484	110	113.24	984.84	
53001	27	252.9	67.8	48.6	67.5	29.8	2.12	4.58	0	1,061	8	1.12	5.5	20.8	0.0	3.5	39.75	61	1.2758	2.0484	115	115.84	982.89	
53555	27	256.0	67.8	48.8	68.2	29.8	2.12	4.58	0	1,053	7	1.38	5.5	20.8	0.0	3.9	39.80	61	1.2758	2.0484	115	118.14	982.27	
54098	27	259.1	68.2	49.0	68.2	30.5	2.12	4.58	0	1,069	7	1.38	5.5	20.8	0.0	3.9	44.81	61	1.2758	2.0484	120	120.83	982.89	
54604	27	262.2	68.5	49.3	68.5	30.2	1.75	4.58	0	1,090	7	2.19	5.5	20.8	0.0	3.9	42.09	61	1.2758	2.0484	120	123.04	992.19	
55160	27	265.0	68.8	49.1	68.8	30.2	2.12	4.58	0	1,090	7	1.94	5.5	20.8	0.0	3.9	42.87	61	1.2758	2.0484	125	125.33	993.20	
55690	27	268.0	69.2	49.5	69.5	30.2	1.94	4.58	0	1,081	7	1.62	5.5	20.8	0.0	3.9	42.07	61	1.2758	2.0484	125	128.15	992.73	
56202	27	270.7	69.2	49.5	69.5	30.2	1.94	4.58	0	1,076	7	1.62	5.5	20.8	0.0	3.9	41.86	61	1.2758	2.0484	130	130.44	992.42	
56724	27	273.7	69.5	50.0	69.8	30.5	1.94	4.58	0	1,071	7	1.62	5.5	20.8	0.0	3.9	41.77	61	1.2758	2.0484	130	132.74	991.09	
57237	27	276.3	70.2	50.1	69.8	30.8	1.94	4.58	0	1,065	7	1.62	5.5	20.8	0.0	3.9	41.23	61	1.2758	2.0484	135	135.04	989.53	
57832	27	278.9	70.2	50.3	70.5	30.8	1.94	4.58	0	1,064	7	1.38	5.5	20.8	0.0	3.9	40.15	61	1.2758	2.0484	135	137.85	987.42	
58325	27	281.5	70.8	50.8	70.8	30.5	1.94	4.58	0	1,055	7	1.38	5.5	20.8	0.0	3.9	39.23	61	1.2758	2.0484	140	140.03	984.69	
58878	27	284.7	70.8	51.0	71.5	31.2	2.12	4.58	0	1,070	7	1.12	5.5	20.8	0.0	3.9	40.76	61	1.2758	2.0484	140	142.84	982.27	
59385	27	287.2	71.2	51.3	70.8	31.5	1.94	4.58	0	1,064	7	1.38	5.5	20.8	0.0	4.3	41.41	62	1.2758	2.0484	145	145.05	984.45	
59910	27	289.6	71.2	51.0	71.2	31.2	1.94	4.58	0	1,066	7	1.38	5.5	20.8	0.0	4.3	41.84	62	1.2758	2.0484	145	147.34	987.03	
60423	27	292.3	71.5	51.5	71.5	31.2	1.94	4.58	0	1,066	7	1.62	5.5	20.8	0.0	4.3	41.18	62	1.2758	2.0484	145	149.64	987.27	
60928	27	294.7	71.8	51.8	72.2	31.5	2.12	4.58	0	1,049	7	1.12	5.5	20.8	0.0	4.3	41.44	62	1.2758	2.0484	150	151.94	986.09	
61474	27	297.2	72.2	51.5	71.8	31.2	2.12	4.58	0	1,036	7	1.38	5.5	20.8	0.0	4.3	41.65	62	1.2758	2.0484	150	154.75	985.94	
62023	27	299.8	72.8	52.3	72.5	31.5	2.12	4.58	0	1,058	7	1.62	5.5	20.8	0.0	4.3	41.77	62	1.2758	2.0484	155	156.93	987.34	
62531	27	302.1	72.8	52.3	72.8	31.5	2.12	4.58	0	1,056	7	1.12	5.5	20.8	0.0	4.3	41.27	62	1.2758	2.0484	155	159.25	986.25	
63042	27	304.3	73.2	52.5	73.2	31.5	1.94	4.58	0	1,048	7	1.38	5.5	20.8	0.0	4.3	41.67	62	1.2758	2.0484	160	161.55	984.77	
63551	27	306.5	73.5	52.6	73.8	31.5	2.12	4.58	0	1,053	7	1.62	5.5	20.8	0.0	4.3	41.55	62	1.2758	2.0484	160	163.75	985.39	
64058	27	309.0	73.8	52.8	74.2	32.5	2.12	4.58	0	1,047	7	1.38	5.5	20.8	0.0	4.3	41.48	62	1.2758	2.0484	165	166.05	986.17	
64595	27	311.1	74.8	53.1	74.5	32.2	2.12	4.58	0	1,047	7	1.38	5.5	20.8	0.0	4.3	41.72	62	1.2758	2.0484	165	168.74	985.55	
65169	27	313.5	74.8	53.7	75.5	32.2	2.12	4.58	0	1,046	7	1.38	5.5	20.8	0.0	4.3	41.84	62	1.2758	2.0484	170	171.44	985.78	
65682	28	315.8	75.8	53.8	76.2	32.2	1.94	4.58	0	1,039	7	1.62	5.5	20.8	0.0	4.7	42.09	62	1.2758	2.0484	170	173.73	986.48	
66277	28	317.9	76.5	54.3	76.5	32.5	2.12	4.58	0	1,035	7	1.62	5.5	20.8	0.0	4.7	42.42	62	1.2758	2.0484	175	176.43	986.88	
66794	28	320.1	77.5	55.0	77.5	32.5	2.12	4.58	0	1,053	7	1.62	5.5	20.8	0.0	4.7	42.66	62	1.2758	2.0484	175	178.63	989.45	
67346	28	322.6	78.2	55.3	78.5	32.8	2.12	4.58	0	1,010	7	1.62	5.5	20.8	0.0	4.7	44.27	62	1.2758	2.0484	180	180.93	990.00	
67851	28	324.6	78.8	55.8	78.8	32.8	2.25	4.58	0	1,035	7	1.38	5.5	20.8	0.0	4.7	45.59	62	1.2758	2.0484	180	183.13	996.02	
68386	28	326.9	79.5	56.0	79.8	32.8	2.12	4.58	0	1,033	7	1.94	5.5	20.8	0.0	4.7	45.49	62	1.2758	2.0484	185	185.94	1,001.72	
68899	28	328.9	80.5	56.8	80.8	33.2	1.94	4.58	0	1,052	7	1.62	5.5	20.8	0.0	4.7	44.18	62	1.2758	2.0484	185	188.24	1,003.05	
69444	28	331.2	81.5	57.5	81.8	32.5	2.12	4.58	0	1,043	7	1.94	5.5	20.8	0.0	4.7	42.77	62	1.2758	2.0484	190	190.63	1,000.55	
69958	28	333.2	82.2	57.7	82.5	32.8	2.12	4.58	0	1,067	7	1.94	5.5	20.8	0.0	4.7	42.16	62	1.2758	2.0484	190	192.93	996.80	
70501	28	335.4	83.2	58.2	83.8	32.8	1.94	4.58	0	1,041	8	1.38	5.5	20.8	0.0	4.7	42.33	62	1.2758	2.0484	195	195.74	993.12	
71059	28	337.7	84.5	58.8	84.8	33.5	2.12	4.58	0	1,037	8	1.62	5.5	20.8	0.0	5.1	42.56	62	1.2758	2.0484	195	198.13	992.03	
71565	28	339.7	85.8	59.5	85.8	33.2	2.12	4.58	0	1,036	8	1.94	5.5	20.8	0.0	5.1	43.34	62	1.2758	2.0484	200	200.94	993.91	
72075	28	341.7	86.8	60.0	86.8	33.5	2.12	4.58	0	1,043	8	1.62	5.5	20.8	0.0	5.1	43.55	62	1.2758	2.0484	200	203.33	995.23	
72619	28	343.9	88.2	60.8	88.5	33.5	2.12	4.58	0	1,045	8	1.62	5.5	20.8	0.0	5.1	43.52	62	1.2758	2.0484	205	205.63	995.31	
73148	28	345.9	89.2	61.3	89.5	33.8	2.12	4.58	0	1,039	8	1.62	5.5	20.8	0.0	5.1	43.55	62	1.2758	2.0484	205	208.05	996.25	
73692	28	348.0	90.8	62.1	90.8	34.2	2.12	4.58	0	1,038	8	1.62	5.5	20.8	0.0	5.1	43.38	62	1.2758	2.0484	210	210.93	994.77	
74286	28	350.0	91.5	62.6	91.5	33.8	1.94	4.58	0	1,101	8	2.44	5.5	20.8	0.0	5.1	43.83	62	1.2758	2.0484	210	213.83	1,003.20	
74779	28	352.1	92.8	63.7	93.2	34.2	1.75	4.58	0	1,092	8	1.94	5.5	20.8	0.0	5.1	41.60	62	1.2758	2.0484	215	216.25	1,002.34	
75281	28	354.5	94.5	64.3	94.5	34.5	1.94	4.58	0	1,089	7	1.94	5.5	20.8	0.0	5.1	40.36	62	1.2758	2.0484	215	218.64	996.72	
75845	28	356.6	96.2	64.8	95.8	34.5	1.94	4.58	0	1,086	6	1.62	5.5	20.8	0.0	5.1	40.38	62	1.2758	2.0484	220	220.94	992.03	
76379	28	358.8	97.2	65.7	97.5	34.5	2.12	4.58	0	1,062	5	1.62	5.5	20.8	0.0	5.1	41.04	62	1.2758	2.0484	220	223.84	990.70	
76880	28	360.8	98.5	66.6	98.5	34.5	2.12	4.58	0	1,062	3	1.38	5.5	20.8	0.0	5.1	41.74	62	1.2758	2.0484	225	226.14	991.02	
77388	28	362.7	99.8	67.7	99.8	34.5	2.12	4.58	0	1,056	1	1.38	5.5	20.8	0.0	5.5	41.65	62	1.2758	2.0484	225	228.44	990.78	
77927	28	364.9	101.5	68.0	101.5	35.2	2.12	4.58	0	1,062	0	1.62	5.5	20.8	0.0	5.5	41.39	62	1.2758	2.0484	230	230.85	990.55	
78424	28	366.9	102.8	68.6	103.2	35.2	2.12	4.58	0	1,065	0	1.62	5.5	20.8	0.0	5.5	41.79	62	1.2758	2.0484	230	233.15	990.62	
78985	28	369.0	104.2	69.3	104.5	35.2	2.12	4.58	0	1,044	0	1.62	5.5	20.8	0.0	5.5	42.23	62	1.2758	2.0484	235	235.94	990.94	
79493	28	371.0	105.8	70.5	105.8	35.5	2.12	4.58	0	1,049	0	1.38	5.5	20.8	0.0	5.5	42.68	62	1.2758	2.0484	235	238.23	992.73	
80047	28	373.1	107.2	71.0	107.2	35.8	2.12	4.58	0	1,043	0	1.94	5.5	20.8	0.0	5.5	42.52	62	1.2758	2.0484	240	240.53	994.53	
80551	28	375.1	108.5	72.0	108.8	35.5	2.12	4.58	0	1,038	0	1.62	5.5	20.8	0.0	5.5	42.35	62	1.2758	2.0484	240	242.85	993.52	
81059	28	377.2	110.5	72.5	110.5	35.8	2.12	4.58	0	1,027	0	1.62	5.5	20.8	0.0	5.5	42.66	62	1.2758	2.0484	245	245.03	993.12	
81567	28	379.2	111.8	73.5	111.8	35.8	2.12	4.58	0	1,042	0	1.62	5.5	20.8	0.0	5.5	42.91	62	1.2758	2.0484	245	247.35	994.14	
82074	28	381.1	113.8	74.6	113.8	35.8	2.12	4.58	0	1,052	0	1.38	5.5	20.8	0.0	5.5	42.21	62	1.2758	2.0484	245	250.05	994.84	
82723	29	383.3	114.8	75.0	115.2	36.2	2.12	4.58	0	1,044	0	1.62	5.5	20.8	0.0	5.5	42.33	62	1.2758	2.0484	250	252.74	995.16	
83234	29	385.2	116.5	76.3	116.5	36.2	2.12	4.58	0	1,027	0	1.62	5.5	20.8	0.0	5.9	42.02	62	1.2758	2.0484	255	255.04	993.91	
83794	29	387.7	118.5	77.3	118.5	35.8	2.44	4.58	0	944	0	0.81	5.5	20.8	0.0	5.9	40.05	62	1.2758	2.0484	255	257.64	991.41	
84301	29	389.5	119.8	78.0	119.5	36.2	2.44	4.58	0	901	0	0.56	5.5	20.8	0.0	5.9	34.73	62	1.2758	2.0484	255	259.75	979.92	
84800	29	391.3	121.2	78.8	121.5	36.5	2.25	4.58	0	920	0	0.56	5.5	20.8	0.0	5.9	29.41	62	1.2758	2.0484	260	261.83	968.44	
85306	28	393.1	122.8	79.6	123.2	36.2	2.12	4.58	0	943	0	0.31	5.5	20.8	0.0	5.9	24.98	62	1.2758	2.0484	260	263.73	961.02	
85856	28	394.7	124.5	80.5	124.5	36.5	2.25	4.58	0	903	0	0.31	5.5	20.8	0.0	5.9	24.98	62	1.2758	2.0484	265	265.63	955.08	
86365	28	396.2	126.2	81.1	126.2	36.8	2.25	4.58	0	884	0	0.31	5.5	20.8	0.0	5.9	24.68	62	1.2758	2.0484	265	267.83	952.58	
86907	28	397.7	127.5	82.1	127.5	36.5	2.25	4.58	0	847	0	0.31	5.5	20.8	0.0	5.9	25.08	62	1.2758	2.0484	265	269.64	950.94	
87417	28	399.0	129.2	83.0	129.5	37.2	2.25	4.58	0	840	0	0.56	5.5	20.8	0.0	5.9	30.26	62	1.2758	2.0484	270	271.44	949.38	
87950	28	400.4	130.8	84.0	130.8	37.5	2.25	4.58	0	879	0	0.56	5.5	20.8	0.0	5.9	29.79	62	1.2758	2.0484	270	273.13	949.92	
88515	29	401.8	132.5	84.8	132.2	37.2	2.44	4.58	0	847	0	0.56	5.5	20.8	0.0	5.9	35.32	62	1.2758	2.0484	275	275.33	950.86	
89066	29	403.1	133.5	85.5	134.2	37.5	2.44	4.58	0	888	0	0.56	5.5	20.8	0.0	5.9	36.07	62	1.2758	2.0484	275	277.44	951.64	
89577	29	404.4	135.2	86.2	135.2	37.2	2.44	4.58	0	972	0	0.81	5.5	20.8	0.0	5.9	41.41	62	1.2758	2.0484	275	279.25	952.11	
90111	29	405.8	136.5	86.8	136.8	37.5	2.25	4.58	0	1,044	2	1.12	5.5	20.8	0.0	5.9	40.38	62	1.2758	2.0484	280	281.15	954.92	
90656	29	407.0	137.8	87.6	137.8	37.5	2.44	4.58	0	1,024	4	0.81	5.5	20.8	0.0	5.9	41.06	62	1.2758	2.0484	280	282.93	955.55	
91248	29	408.5	139.5	88.5	139.5	37.8	2.25	4.58	0	1,050	5	1.12	5.5	20.8	0.0	6.3	39.94	62	1.2758	2.0484	285	285.25	956.95	
91743	29	409.7	140.8	89.5	140.8	37.8	2.12	4.58	0	1,067	7	1.12	5.5	20.8	0.0	6.3	36.56	62	1.2758	2.0484	285	287.15	956.48	
92245	29	411.1	142.5	90.2	142.5	38.5	2.12	4.58	0	1,115	8	1.12	5.5	20.8	0.0	6.3	36.16	62	1.2758	2.0484	285	288.93	955.47	
92769	29	412.4	143.8	90.8	143.8	38.2	2.25	4.58	0	1,235	9	1.62	5.5	20.8	0.0	6.3	36.09	62	1.2758	2.0484	290	291.25	956.80	
93305	29	413.6	145.8	92.0	145.8	38.5	2.12	4.58	0	1,241	10	1.62	5.5	20.8	0.0	6.3	26.16	62	1.2758	2.0484	290	293.03	961.80	
93828	29	414.8	147.2	92.6	147.5	38.2	2.12	4.58	0	1,124	10	0.81	5.5	20.8	0.0	6.3	23.86	62	1.2758	2.0484	290	294.83	957.19	
94368	29	415.9	149.2	93.5	149.5	38.5	2.12	4.58	0	1,005	10	0.81	5.5	20.8	0.0	6.3	27.23	62	1.2758	2.0484	295	296.55	953.98	
94877	29	416.8	150.8	94.8	151.2	38.8	2.12	4.58	0	999	10	0.56	5.5	20.8	0.0	6.3	26.95	62	1.2758	2.0484	295	298.44	952.81	
95382	29	417.7	152.2	95.6	152.5	38.8	2.12	4.58	0	988	10	0.56	5.5	20.8	0.0	6.3	27.42	62	1.2758	2.0484	300	300.13	952.11	
95883	29	418.6	154.2	96.3	154.5	38.8	2.12	4.58	0	980	10	0.56	5.5	20.8	0.0	6.3	27.07	62	1.2758	2.0484	300	301.63	951.72	
96430	29	419.5	155.5	97.0	155.8	39.2	2.12	4.58	0	976	10	0.56	5.5	20.8	0.0	6.3	27.12	62	1.2758	2.0484	300	303.25	951.48	
96932	29	420.2	157.2	98.0	157.5	39.2	2.25	4.58	0	976	10	0.56	5.5	20.8	0.0	6.3	27.16	62	1.2758	2.0484	300	304.75	951.25	
97441	29	421.0	158.8	98.6	158.8	39.2	2.25	4.58	0	973	10	0.31	5.5	20.8	0.0	6.3	27.26	62	1.2758	2.0484	305	306.13	951.41	
97946	29	421.7	160.8	99.6	160.5	39.5	2.25	4.58	0	961	9	0.31	5.5	20.8	0.0	6.3	27.70	62	1.2758	2.0484	305	307.63	951.25	
98480	29	422.4	161.8	100.5	161.8	39.2	2.12	4.58	0	957	9	0.56	5.5	20.8	0.0	6.3	27.77	62	1.2758	2.0484	305	309.25	950.86	
99094	29	423.1	163.5	101.3	163.8	39.5	2.25	4.58	0	954	9	0.56	5.5	20.8	0.0	6.3	28.12	62	1.2758	2.0484	310	310.63	951.09	
99605	29	423.7	164.8	102.1	165.5	39.5	2.25	4.58	0	958	9	0.31	5.5	20.8	0.0	6.7	27.82	62	1.2758	2.0484	310	312.25	950.86	
100097	29	424.3	166.2	103.2	166.8	39.8	2.12	4.58	0	959	9	0.31	5.5	20.8	0.0	6.7	27.42	62	1.2758	2.0484	310	313.54	951.09	
100641	29	424.9	168.2	104.0	168.2	39.8	2.25	4.58	0	951	9	0.56	5.5	20.8	0.0	6.7	27.52	62	1.2758	2.0484	310	314.85	951.25	
101156	29	425.4	169.5	104.8	169.2	40.2	2.25	4.58	0	947	9	0.31	5.5	20.8	0.0	6.7	27.56	62	1.2758	2.0484	315	316.14	950.94	
101657	29	425.9	170.8	105.5	170.8	40.5	2.12	4.58	0	955	9	0.56	5.5	20.8	0.0	6.7	27.63	62	1.2758	2.0484	315	317.33	950.94	
102170	29	426.3	172.2	106.0	172.5	40.8	2.12	4.58	0	962	9	0.31	5.5	20.8	0.0	6.7	27.33	62	1.2758	2.0484	315	318.74	951.17	
102712	29	426.8	173.8	107.0	174.2	40.5	2.25	4.58	0	970	9	0.56	5.5	20.8	0.0	6.7	27.14	62	1.2758	2.0484	320	319.94	950.78	
103264	29	427.2	175.5	107.8	175.5	41.2	2.12	4.58	0	965	9	0.31	5.5	20.8	0.0	6.7	26.79	62	1.2758	2.0484	320	321.34	950.70	
103800	29	427.6	176.5	108.5	176.8	41.2	2.12	4.58	0	953	9	0.56	5.5	20.8	0.0	6.7	26.04	62	1.2758	2.0484	320	322.54	950.70	
104333	29	428.0	178.5	109.3	178.2	41.2	2.25	4.58	0	1,010	9	0.56	5.5	20.8	0.0	6.7	29.06	62	1.2758	2.0484	320	323.64	949.92	
104885	29	428.3	179.5	110.3	179.5	41.5	1.94	4.58	0	1,081	9	0.81	5.5	20.8	0.0	6.7	25.31	62	1.2758	2.0484	325	325.05	950.86	
105401	30	428.6	181.2	111.1	181.2	41.5	2.44	4.58	0	967	9	0.56	5.5	20.8	0.0	6.7	29.81	62	1.2758	2.0484	325	326.15	951.17	
105919	30	428.9	182.2	111.5	182.5	41.5	2.12	4.58	0	985	9	0.81	5.5	20.8	0.0	6.7	28.78	62	1.2758	2.0484	325	327.25	951.48	
106482	30	429.2	183.8	112.8	183.8	41.5	2.25	4.58	0	990	9	0.56	5.5	20.8	0.0	6.7	28.83	62	1.2758	2.0484	325	328.54	951.80	
107076	30	429.5	185.2	113.3	185.5	42.2	2.25	4.58	0	985	9	0.31	5.5	20.8	0.0	6.7	28.66	62	1.2758	2.0484	325	329.85	951.88	
107839	30	429.7	186.8	114.3	186.8	42.2	2.12	4.58	0	989	9	0.31	5.5	20.8	0.0	6.7	27.35	62	1.2758	2.0484	330	331.35	951.56	
108434	30	429.9	188.5	115.2	188.5	41.8	2.12	4.58	0	987	9	0.56	5.5	20.8	0.0	6.7	27.28	62	1.2758	2.0484	330	332.55	951.48	
109046	30	430.2	190.5	116.2	190.5	42.5	2.12	4.58	0	981	9	0.56	5.5	20.8	0.0	6.7	27.05	62	1.2758	2.0484	330	333.74	951.41	
109614	30	430.3	191.8	117.1	191.8	42.5	2.25	4.58	0	978	9	0.56	5.5	20.8	0.0	7.1	26.86	62	1.2758	2.0484	335	334.94	950.94	
110192	30	430.5	193.5	117.8	193.5	42.5	2.12	4.58	0	972	9	0.56	5.5	20.8	0.0	7.1	26.98	62	1.2758	2.0484	335	336.13	950.70	
110739	30	430.6	194.5	118.5	194.8	43.2	2.12	4.58	0	976	9	0.31	5.5	20.8	0.0	7.1	26.84	62	1.2758	2.0484	335	337.05	950.86	
111346	30	430.7	195.8	119.7	195.8	42.8	2.12	4.58	0	1,015	9	0.56	5.5	20.8	0.0	7.1	31.90	62	1.2758	2.0484	335	338.24	947.19	
111905	30	430.7	197.5	120.3	197.8	42.8	2.25	4.58	0	1,196	9	1.38	5.5	20.8	0.0	7.1	40.22	62	1.2758	2.0484	335	339.44	952.34	
112489	30	430.8	198.8	121.0	199.2	43.5	2.25	4.58	0	1,172	10	1.38	5.5	20.8	0.0	7.1	44.95	62	1.2758	2.0484	340	340.84	955.70	
113092	30	430.8	200.5	121.8	200.5	43.8	2.44	4.58	0	1,269	11	3.25	5.5	20.8	0.0	7.1	49.71	62	1.2758	2.0484	340	342.25	971.72	
113689	30	430.8	202.2	122.5	202.2	43.8	2.44	4.58	0	1,340	12	3.81	5.5	20.8	0.0	7.1	57.52	62	1.2758	2.0484	340	343.84	992.89	
114286	31	430.7	203.5	123.5	203.8	43.8	3.00	4.58	0	1,350	12	4.06	5.5	20.8	0.0	7.1	41.72	62	1.2758	2.0484	345	345.44	1,014.38	
114875	31	430.7	205.8	124.7	205.8	43.5	2.25	4.58	0	1,329	10	1.94	5.5	20.8	0.4	7.1	38.65	63	1.2758	2.0484	345	346.94	985.00	
115427	31	430.6	207.2	125.5	207.5	44.2	2.25	4.58	0	1,400	9	1.94	5.5	20.8	0.4	7.5	40.27	63	1.2758	2.0484	345	348.25	974.69	
115969	31	430.6	209.2	126.8	209.5	44.5	3.00	4.58	0	1,459	7	3.00	5.5	20.8	0.4	7.5	52.76	63	1.2758	2.0484	345	349.94	989.45	
116554	31	430.5	211.5	128.0	211.2	44.5	3.00	4.58	0	1,445	7	3.81	5.5	20.8	0.4	7.5	59.44	63	1.2758	2.0484	350	351.34	1,014.22	
117245	31	430.5	213.8	129.3	213.5	44.8	3.69	4.58	0	1,499	6	4.06	5.5	20.8	0.4	7.5	63.38	63	1.2758	2.0484	350	353.43	1,049.69	
117832	31	430.6	215.8	130.1	216.2	45.2	4.00	4.58	0	1,521	6	4.06	5.5	20.8	0.4	7.5	66.30	63	1.2758	2.0484	355	355.23	1,040.62	
118405	32	430.7	218.8	132.1	218.8	45.5	3.31	4.58	0	1,419	7	6.50	5.5	20.8	0.4	7.8	63.66	63	1.2758	2.0484	355	356.94	991.17	
118988	32	431.0	221.8	133.3	221.8	45.5	3.31	4.58	0	1,404	8	6.50	5.5	20.8	0.4	7.8	58.95	63	1.2758	2.0484	355	358.75	1,002.42	
119533	32	431.4	224.5	135.0	224.5	46.2	3.31	4.58	0	1,440	10	4.06	5.5	20.8	0.4	7.8	53.25	63	1.2758	2.0484	360	360.13	1,033.36	
120089	32	431.9	227.2	136.3	227.2	45.8	2.62	4.58	0	1,348	10	3.25	5.5	20.8	0.4	7.8	48.38	63	1.2758	2.0484	360	361.84	1,014.06	
120669	32	432.5	229.8	137.5	230.2	45.8	2.81	4.58	0	1,389	10	3.81	5.5	20.8	0.4	7.8	53.62	63	1.2758	2.0484	360	363.44	1,018.44	
121229	32	433.1	232.5	139.2	232.8	46.5	2.44	4.58	0	1,413	10	2.75	5.5	20.8	0.4	7.8	29.60	63	1.2758	2.0484	360	364.75	1,007.27	
121772	32	433.7	235.2	140.6	235.2	46.8	2.12	4.58	0	1,215	9	1.12	5.5	20.8	0.4	7.8	31.50	63	1.2758	2.0484	365	365.85	973.98	
122348	32	434.3	238.5	142.5	238.8	47.2	2.44	4.58	0	1,109	8	1.12	5.5	20.8	0.4	8.2	41.79	63	1.2758	2.0484	365	367.23	966.64	
122939	32	434.9	241.2	143.8	241.2	47.2	2.44	4.58	0	1,068	8	1.38	5.5	20.8	0.4	8.2	45.56	63	1.2758	2.0484	365	368.73	969.22	
123495	32	435.6	243.5	145.5	243.8	47.5	2.12	4.58	0	1,035	7	1.62	5.5	20.8	0.4	8.2	39.75	63	1.2758	2.0484	370	370.05	973.98	
124082	32	436.3	246.8	147.0	246.5	47.5	2.25	4.58	0	965	6	0.56	5.5	20.8	0.4	8.2	41.09	63	1.2758	2.0484	370	371.33	959.92	
124675	32	436.9	248.5	147.8	248.8	47.8	2.62	4.58	0	1,061	6	2.19	5.5	20.8	0.4	8.2	54.77	63	1.2758	2.0484	370	372.83	973.52	
125234	32	437.7	250.5	149.1	250.8	47.8	2.62	4.58	0	1,096	7	2.75	5.5	20.8	0.4	8.2	59.95	63	1.2758	2.0484	370	374.03	989.61	
125936	32	438.4	253.2	150.5	253.2	48.2	2.44	4.58	0	1,166	8	3.50	5.5	20.8	0.4	8.2	61.80	63	1.2758	2.0484	375	375.53	996.88	
126524	32	439.2	255.5	151.7	255.2	48.5	2.44	4.58	0	1,291	9	6.50	5.5	20.8	0.4	8.2	44.88	63	1.2758	2.0484	375	377.24	991.02	
127078	32	440.0	257.8	152.8	258.2	48.5	1.94	4.58	0	1,192	9	1.62	5.5	20.8	0.4	8.6	24.66	63	1.2758	2.0484	375	378.44	970.86	
127648	32	440.8	260.2	154.1	259.8	48.8	1.94	4.58	0	1,034	8	0.56	5.5	20.8	0.4	8.6	23.41	63	1.2758	2.0484	375	379.35	956.09	
128202	32	441.4	261.5	155.1	261.5	49.2	2.12	4.58	0	999	8	0.56	5.5	20.8	0.4	8.6	24.52	63	1.2758	2.0484	380	380.43	952.19	
128791	32	442.0	263.8	156.2	263.8	49.2	2.12	4.58	0	1,009	9	0.31	5.5	20.8	0.4	8.6	23.23	63	1.2758	2.0484	380	381.53	952.03	
129368	32	442.5	265.2	157.2	265.5	49.5	1.94	4.58	0	1,025	11	0.31	5.5	20.8	0.4	8.6	25.64	63	1.2758	2.0484	380	382.44	949.84	
129957	32	443.0	267.2	158.1	267.2	49.5	2.62	4.58	0	1,336	11	1.62	5.5	20.8	0.4	8.6	35.98	63	1.2758	2.0484	380	383.55	947.66	
130525	32	443.6	268.2	158.6	268.5	49.8	3.31	4.58	0	1,917	13	2.44	5.5	20.8	0.4	8.6	40.69	63	1.2758	2.0484	380	384.74	976.17	
131128	32	444.3	269.8	159.6	269.8	49.8	3.50	4.58	0	1,916	15	1.62	5.5	20.8	0.4	8.6	42.40	63	1.2758	2.0484	385	386.03	956.09	
131702	32	444.9	271.2	160.5	271.2	50.5	3.31	4.58	0	1,578	17	2.44	5.5	20.8	0.4	8.6	47.81	63	1.2758	2.0484	385	387.34	983.98	
132346	33	445.6	272.5	161.6	272.8	50.5	3.31	4.58	0	1,575	19	3.00	5.5	20.8	0.4	9.0	49.27	63	1.2758	2.0484	385	388.63	1,021.09	
132954	33	446.4	274.5	162.6	274.8	50.8	3.12	4.58	0	1,647	21	2.19	5.5	20.8	0.4	9.0	38.86	63	1.2758	2.0484	385	389.85	1,021.33	
133524	33	447.2	276.5	163.8	276.5	51.2	2.62	4.58	0	1,713	22	1.38	5.5	20.8	0.4	9.0	32.11	63	1.2758	2.0484	390	391.05	996.95	
134083	33	447.8	278.2	164.5	278.2	51.2	2.12	4.58	0	1,790	23	0.56	5.5	20.8	0.4	9.0	17.67	63	1.2758	2.0484	390	392.03	966.25	
134668	32	448.3	280.2	166.0	280.5	52.2	2.62	4.58	0	1,745	23	0.31	5.5	20.8	0.4	9.0	15.02	63	1.2758	2.0484	390	393.04	957.89	
135323	32	448.8	282.2	166.8	282.2	51.8	0.69	4.58	0	1,641	22	-0.75	5.5	20.8	0.4	9.0	16.66	63	1.2758	2.0484	390	393.93	956.25	
135926	32	449.4	283.5	167.8	283.8	51.8	2.62	4.58	0	1,605	21	0.31	5.5	20.8	0.4	9.0	18.12	63	1.2758	2.0484	390	394.84	957.19	
136484	32	450.1	285.8	169.1	286.2	52.5	1.94	4.58	0	1,524	20	0.31	5.5	20.8	0.4	9.0	18.28	63	1.2758	2.0484	395	395.64	962.50	
137054	32	450.6	286.8	169.5	286.8	52.8	1.56	4.58	0	1,460	19	0.81	5.5	20.8	0.4	9.0	18.28	63	1.2758	2.0484	395	396.34	961.41	
137672	32	451.2	287.8	170.7	287.8	52.8	1.25	4.58	0	1,367	17	1.12	5.5	20.8	0.4	9.0	18.14	63	1.2758	2.0484	395	397.23	960.39	
138271	32	451.9	288.8	171.1	288.8	52.8	1.06	4.58	0	1,253	16	0.81	5.5	20.8	0.4	9.0	17.86	63	1.2758	2.0484	395	397.94	958.75	
138844	33	452.4	289.5	171.3	289.5	53.2	0.88	4.58	0	1,219	15	0.81	5.5	20.8	0.4	9.0	18.07	63	1.2758	2.0484	395	398.55	957.89	
139437	33	453.0	289.5	171.5	289.5	53.8	1.06	4.58	0	1,166	15	0.56	5.5	20.8	0.4	9.0	19.95	63	1.2758	2.0484	395	399.34	957.58	
139947	33	453.4	289.8	171.6	289.8	53.8	1.94	4.58	0	1,115	14	0.31	5.5	20.8	0.4	9.0	14.13	63	1.2758	2.0484	395	399.83	953.12	
140487	33	453.9	289.8	172.0	289.5	54.2	1.75	4.58	0	1,134	14	0.56	5.5	20.8	0.4	9.0	16.36	63	1.2758	2.0484	400	400.54	951.88	
141024	33	454.3	289.2	171.8	289.2	54.5	1.94	4.58	0	1,124	14	0.56	5.5	20.8	0.4	9.0	15.91	63	1.2758	2.0484	400	401.15	950.31	
141568	33	454.7	289.2	171.8	288.8	54.8	1.75	4.58	0	1,156	15	0.81	5.5	20.8	0.4	9.0	15.54	63	1.2758	2.0484	400	401.73	949.92	
142078	33	455.0	288.5	171.8	288.8	54.5	1.56	4.58	0	1,140	15	0.81	5.5	20.8	0.4	9.0	18.94	63	1.2758	2.0484	400	402.34	949.06	
142600	33	455.3	288.5	171.7	288.2	54.8	1.75	4.58	0	1,210	15	0.81	5.5	20.8	0.4	9.4	19.50	63	1.2758	2.0484	400	402.83	948.59	
143123	33	455.5	287.8	171.5	287.8	55.2	1.94	4.58	0	1,250	16	1.12	5.5	20.8	0.4	9.4	22.43	63	1.2758	2.0484	400	403.35	949.30	
143657	33	455.8	287.8	171.3	287.5	55.2	1.75	4.58	0	1,268	16	1.12	5.5	20.8	0.4	9.4	22.83	63	1.2758	2.0484	400	403.84	949.77	
144257	33	456.0	287.5	171.5	287.5	55.5	1.94	4.58	0	1,296	17	1.12	5.5	20.8	0.4	9.4	22.45	63	1.2758	2.0484	400	404.43	949.84	
144759	33	456.2	287.5	171.8	287.8	55.8	1.94	4.58	0	1,339	17	1.12	5.5	20.8	0.4	9.4	24.91	63	1.2758	2.0484	405	404.94	949.84	
145260	33	456.3	287.5	171.6	287.8	55.8	2.25	4.58	0	1,366	17	1.12	5.5	20.8	0.4	9.4	31.78	63	1.2758	2.0484	405	405.44	949.06	
145794	33	456.4	287.5	171.5	287.5	55.5	2.44	4.58	0	1,511	18	1.62	5.5	20.8	0.4	9.4	38.16	63	1.2758	2.0484	405	406.05	956.56	
146301	33	456.5	287.5	172.0	288.2	56.2	2.62	4.58	0	1,562	19	1.62	5.5	20.8	0.4	9.4	37.66	63	1.2758	2.0484	405	406.63	967.89	
146810	33	456.5	288.2	172.0	288.2	56.5	2.62	4.58	0	1,593	21	1.62	5.5	20.8	0.4	9.4	35.84	63	1.2758	2.0484	405	407.24	971.72	
147310	33	456.5	288.5	172.5	288.5	56.5	3.12	4.58	0	1,715	22	1.38	5.5	20.8	0.4	9.4	37.38	63	1.2758	2.0484	405	407.73	977.50	
147859	33	456.4	289.2	172.8	289.5	56.5	3.12	4.58	0	1,769	23	1.62	5.5	20.8	0.4	9.4	39.45	63	1.2758	2.0484	405	408.34	985.70	
148364	33	456.3	289.8	173.5	290.2	56.8	3.12	4.58	0	1,882	24	2.44	5.5	20.8	0.4	9.4	40.90	63	1.2758	2.0484	405	409.05	998.05	
148862	33	456.1	291.5	174.1	291.5	57.2	3.31	4.58	0	1,967	26	2.75	5.5	20.8	0.4	9.4	42.87	63	1.2758	2.0484	405	409.63	988.91	
149367	34	456.0	292.5	174.5	292.5	57.2	3.50	4.58	0	2,098	27	2.75	5.5	20.8	0.4	9.4	41.53	63	1.2758	2.0484	410	410.24	958.98	
149921	34	455.8	294.2	175.8	294.5	57.8	4.38	4.58	0	1,584	29	3.25	5.5	20.8	0.4	9.4	52.69	63	1.2758	2.0484	410	411.04	993.52	
150464	34	455.7	295.5	176.6	295.5	57.8	3.00	4.58	0	1,534	30	3.81	5.5	20.8	0.4	9.4	28.15	63	1.2758	2.0484	410	411.53	1,009.06	
150995	34	455.6	297.2	177.7	297.5	58.5	2.12	4.58	0	1,521	31	0.81	5.5	20.8	0.4	9.4	18.98	63	1.2758	2.0484	410	412.14	983.98	
151508	33	455.6	298.8	178.6	298.8	58.5	2.25	4.58	0	1,116	31	0.56	5.5	20.8	0.4	9.0	20.41	63	1.2758	2.0484	410	412.63	968.75	
152128	33	455.5	300.8	179.3	300.8	58.5	1.94	4.58	0	1,031	31	0.31	5.5	20.8	0.4	9.0	16.64	63	1.2758	2.0484	410	413.15	958.05	
152683	33	455.5	302.2	180.5	302.5	58.8	1.94	4.58	0	1,073	31	0.31	5.5	20.8	0.4	9.0	15.87	63	1.2758	2.0484	410	413.73	953.67	
153208	33	455.5	303.8	181.5	303.8	58.8	1.94	4.58	0	1,062	31	0.31	5.5	20.8	0.4	9.0	16.24	63	1.2758	2.0484	410	414.13	951.64	
153714	33	455.5	305.2	182.3	305.2	59.5	1.94	4.58	0	1,066	31	0.31	5.5	20.8	0.4	9.0	16.29	63	1.2758	2.0484	410	414.53	950.62	
154245	33	455.5	306.2	182.7	306.2	59.5	1.94	4.58	0	1,063	32	0.56	5.5	20.8	0.4	9.0	16.36	63	1.2758	2.0484	415	415.05	950.47	
154757	33	455.6	306.8	183.3	306.8	59.5	1.94	4.58	0	1,064	31	0.56	5.5	20.8	0.4	9.0	16.43	63	1.2758	2.0484	415	415.44	950.08	
155261	33	455.6	308.2	184.0	307.8	59.8	1.94	4.58	0	1,068	32	0.56	5.5	20.8	0.4	9.0	16.48	63	1.2758	2.0484	415	415.84	949.84	
155813	33	455.6	308.2	184.0	308.2	59.8	1.94	4.58	0	1,073	32	0.31	5.5	20.8	0.4	9.0	16.17	63	1.2758	2.0484	415	416.33	949.77	
156309	33	455.6	308.8	184.3	308.8	60.5	1.94	4.58	0	1,077	32	0.56	5.5	20.8	0.4	9.0	16.05	63	1.2758	2.0484	415	416.73	949.77	
156814	33	455.7	309.2	184.8	309.2	60.5	1.94	4.58	0	1,081	32	0.56	5.5	20.8	0.4	9.0	15.94	63	1.2758	2.0484	415	417.13	949.77	
157343	33	455.7	309.5	185.0	309.5	60.8	1.94	4.58	0	1,088	32	0.31	5.5	20.8	0.4	9.0	15.75	63	1.2758	2.0484	415	417.44	949.84	
157874	33	455.7	309.8	185.3	309.8	60.8	1.94	4.58	0	1,087	32	0.56	5.5	20.8	0.4	9.0	15.89	63	1.2758	2.0484	415	417.93	949.77	
158427	33	455.7	310.2	185.3	310.2	61.2	1.94	4.58	0	1,071	31	0.56	5.5	20.8	0.4	9.0	15.96	63	1.2758	2.0484	415	418.23	949.84	
158922	33	455.7	309.8	185.5	310.2	61.2	1.94	4.58	0	1,070	30	0.56	5.5	20.8	0.4	9.0	12.40	63	1.2758	2.0484	415	418.63	949.84	
159464	33	455.7	310.2	185.8	309.8	61.5	1.94	4.58	0	1,137	28	0.56	5.5	20.8	0.4	8.6	12.73	63	1.2758	2.0484	415	418.94	949.30	
159969	33	455.8	310.2	185.7	309.8	61.5	1.06	4.58	0	1,225	28	0.00	5.5	20.8	0.4	8.6	16.12	63	1.2758	2.0484	415	419.24	950.94	
160572	33	455.8	310.2	185.8	310.2	61.5	1.06	4.58	0	1,304	27	0.81	5.5	20.8	0.4	8.6	17.70	63	1.2758	2.0484	415	419.55	953.83	
161139	33	455.9	310.2	185.8	310.2	61.8	1.06	4.58	0	1,308	26	0.81	5.5	20.8	0.4	8.6	18.23	63	1.2758	2.0484	415	419.85	955.47	
161639	33	456.1	309.5	185.8	309.5	62.5	1.06	4.58	0	1,282	25	0.81	5.5	20.8	0.4	8.6	18.05	63	1.2758	2.0484	420	420.04	956.33	
162142	33	456.2	309.2	185.8	309.2	62.5	1.06	4.58	0	1,255	25	0.81	5.5	20.8	0.4	8.6	18.07	63	1.2758	2.0484	420	420.25	956.33	
162656	33	456.4	308.8	186.0	308.8	62.5	1.06	4.58	0	1,230	25	0.81	5.5	20.8	0.4	8.6	18.05	63	1.2758	2.0484	420	420.44	956.80	
163156	33	456.6	308.5	185.5	308.2	62.5	1.06	4.58	0	1,194	24	0.81	5.5	20.8	0.4	8.2	18.12	63	1.2758	2.0484	420	420.53	956.80	
163668	34	456.8	307.5	185.3	307.5	63.2	1.06	4.58	0	1,169	24	0.81	5.5	20.8	0.4	8.2	18.14	63	1.2758	2.0484	420	420.74	956.64	
164214	34	457.0	306.5	184.8	307.2	63.5	1.25	4.58	0	1,129	23	0.56	5.5	20.8	0.4	8.2	18.05	63	1.2758	2.0484	420	420.83	956.41	
164715	34	457.2	306.2	184.7	306.2	63.2	1.44	4.58	0	1,092	22	0.56	5.5	20.8	0.4	8.2	18.54	63	1.2758	2.0484	420	421.05	956.09	
165259	34	457.4	305.2	184.5	305.2	63.5	1.25	4.58	0	1,098	22	0.31	5.5	20.8	0.4	8.2	16.27	63	1.2758	2.0484	420	421.14	952.58	
165772	34	457.6	304.5	184.3	304.8	63.8	2.12	4.58	0	1,112	22	0.56	5.5	20.8	0.4	7.8	22.15	63	1.2758	2.0484	420	421.23	950.86	
166277	34	457.7	303.5	183.8	303.5	64.2	2.25	4.58	0	1,172	22	0.81	5.5	20.8	0.4	7.5	25.69	63	1.2758	2.0484	420	421.35	950.31	
166805	34	457.8	302.8	183.3	302.8	64.2	2.12	4.58	0	1,142	22	0.81	5.5	20.8	0.4	7.1	22.55	63	1.2758	2.0484	420	421.44	951.72	
167317	34	457.9	302.2	183.1	302.2	64.2	1.94	4.58	0	1,159	22	0.81	5.5	20.8	0.4	6.7	22.12	63	1.2758	2.0484	420	421.54	952.58	
167822	34	457.9	301.2	182.8	301.8	64.2	1.75	4.58	0	1,165	22	0.81	5.5	20.8	0.4	6.3	20.23	63	1.2758	2.0484	420	421.63	952.27	
168326	34	457.9	301.2	182.8	301.2	64.8	1.94	4.58	0	1,127	22	0.56	5.5	20.8	0.4	5.9	18.47	63	1.2758	2.0484	420	421.75	951.56	
168858	34	457.9	300.8	182.5	300.8	64.8	1.94	4.58	0	1,113	22	0.56	5.5	20.8	0.4	5.5	13.88	63	1.2758	2.0484	420	421.84	951.48	
169387	33	457.8	300.2	182.7	300.2	65.2	1.94	4.58	0	1,059	22	-0.19	5.5	20.8	0.4	5.1	16.90	63	1.2758	2.0484	420	421.94	951.95	
169933	33	457.8	299.8	182.8	299.8	65.5	3.81	4.58	0	946	21	0.56	5.5	20.8	0.4	5.1	15.80	63	1.2758	2.0484	420	422.03	951.72	
170463	33	457.9	299.8	182.8	299.8	65.5	2.25	4.58	0	872	21	0.31	5.5	20.8	0.4	4.7	22.83	63	1.2758	2.0484	420	422.03	950.86	
170972	34	457.9	299.5	182.6	299.5	65.8	1.94	4.58	0	1,059	21	0.56	5.5	20.8	0.4	3.9	16.80	63	1.2758	2.0484	420	422.15	951.25	
171475	34	457.9	299.5	182.6	299.2	66.2	2.12	4.58	0	1,020	21	0.31	5.5	20.8	0.4	3.9	18.05	63	1.2758	2.0484	420	422.24	950.70	
172005	34	457.8	299.2	182.5	299.2	66.2	1.94	4.58	0	1,013	20	0.56	5.5	20.8	0.4	3.5	17.48	63	1.2758	2.0484	420	422.24	949.92	
172501	34	457.8	298.5	182.5	298.8	66.5	2.12	4.58	0	994	20	0.56	5.5	20.8	0.4	3.1	17.95	63	1.2758	2.0484	420	422.33	949.77	
172998	34	457.7	298.5	182.6	298.5	66.5	2.12	4.58	0	970	19	0.31	5.5	20.8	0.4	2.7	19.64	63	1.2758	2.0484	420	422.33	949.69	
173512	34	457.6	298.5	182.6	298.5	66.8	2.12	4.58	0	961	17	0.31	5.5	20.8	0.4	2.4	20.20	63	1.2758	2.0484	420	422.43	949.69	
174013	34	457.4	298.2	182.6	298.5	67.2	2.12	4.58	0	955	17	0.31	5.5	20.8	0.4	2.0	20.91	63	1.2758	2.0484	420	422.43	949.69	
174554	34	457.3	298.2	182.7	298.2	67.5	2.25	4.58	0	947	17	0.31	5.5	20.8	0.4	1.6	21.19	63	1.2758	2.0484	420	422.43	949.69	
175113	34	457.1	298.5	183.0	298.5	67.5	2.12	4.58	0	946	16	0.31	5.5	20.8	0.4	0.8	21.26	63	1.2758	2.0484	420	422.55	949.84	
175606	34	456.9	298.2	183.0	298.2	67.8	2.12	4.58	0	944	16	0.31	5.5	20.8	0.4	0.4	21.19	63	1.2758	2.0484	420	422.55	949.84	
176139	34	456.7	298.2	183.0	298.5	67.5	2.12	4.58	0	951	16	0.31	5.5	20.8	0.4	0.0	21.07	63	1.2758	2.0484	420	422.55	949.84	
176737	34	456.5	298.5	182.8	298.2	67.8	2.12	4.58	0	948	16	0.31	5.5	20.8	0.4	0.0	21.14	63	1.2758	2.0484	420	422.64	949.84	
177228	34	456.3	298.2	183.3	297.8	68.2	2.12	4.58	0	944	16	0.31	5.5	20.8	0.4	0.0	21.19	63	1.2758	2.0484	420	422.64	950.31	
177777	34	456.1	298.2	183.0	298.5	68.5	2.12	4.58	0	936	15	0.56	5.5	20.8	0.4	0.0	21.56	63	1.2758	2.0484	420	422.73	950.16	
178276	34	455.8	298.2	183.3	298.2	68.5	2.12	4.58	0	930	13	0.31	5.5	20.8	0.4	0.0	21.89	63	1.2758	2.0484	420	422.73	950.08	
178827	34	455.5	298.5	183.5	298.5	68.8	2.25	4.58	0	926	12	0.31	5.5	20.8	0.4	0.0	23.02	63	1.2758	2.0484	420	422.85	950.16	
179331	34	455.3	298.5	183.8	298.5	69.2	2.25	4.58	0	906	11	0.31	5.5	20.8	0.4	0.0	24.14	63	1.2758	2.0484	420	422.85	950.08	
179881	34	455.0	298.5	183.8	298.8	69.2	2.25	4.58	0	918	11	0.31	5.5	20.8	0.4	0.0	24.75	63	1.2758	2.0484	420	422.94	950.31	
180386	34	454.7	298.8	184.3	298.8	69.2	2.12	4.58	0	925	10	0.31	5.5	20.8	0.4	0.0	25.20	63	1.2758	2.0484	420	422.94	949.84	
180926	34	454.4	299.2	184.2	299.2	69.2	2.25	4.58	0	947	10	0.56	5.5	20.8	0.4	0.0	25.38	63	1.2758	2.0484	420	423.04	950.47	
181435	34	454.0	299.5	184.3	299.5	69.8	2.25	4.58	0	937	9	0.31	5.5	20.8	0.4	0.0	25.64	63	1.2758	2.0484	420	423.13	951.33	
181983	34	453.7	299.5	184.8	299.5	69.2	2.12	4.58	0	948	8	0.31	5.5	20.8	0.4	0.0	27.47	63	1.2758	2.0484	420	423.25	949.61	
182523	34	453.3	299.8	185.1	299.8	70.2	2.25	4.58	0	988	8	0.31	5.5	20.8	0.4	0.0	28.20	63	1.2758	2.0484	420	423.25	952.03	
183035	34	453.0	300.5	185.3	300.5	70.5	2.25	4.58	0	968	7	0.31	5.5	20.8	0.4	0.0	27.73	63	1.2758	2.0484	420	423.34	951.88	
183569	34	452.6	300.8	185.5	300.8	70.8	2.25	4.58	0	1,002	8	0.56	5.5	20.8	0.4	0.0	29.18	63	1.2758	2.0484	420	423.44	951.88	
184063	34	452.2	300.8	185.6	300.8	70.8	2.25	4.58	0	985	8	0.31	5.5	20.8	0.4	0.0	27.73	63	1.2758	2.0484	420	423.53	952.58	
184579	34	451.8	301.5	186.3	301.5	71.2	2.25	4.58	0	986	8	0.31	5.5	20.8	0.4	0.0	26.48	63	1.2758	2.0484	420	423.65	952.34	
185159	34	451.4	301.8	186.3	301.8	71.5	2.12	4.58	0	995	9	0.81	5.5	20.8	0.4	0.0	25.76	63	1.2758	2.0484	420	423.74	952.11	
185652	34	451.0	302.2	186.8	302.2	71.5	2.25	4.58	0	978	7	0.31	5.5	20.8	0.4	0.0	26.46	63	1.2758	2.0484	420	423.83	951.17	
186135	34	450.5	302.5	187.1	302.5	71.8	2.44	4.58	0	994	7	0.56	5.5	20.8	0.4	0.0	26.86	63	1.2758	2.0484	420	423.93	952.27	
186625	34	450.1	303.2	187.8	303.5	72.2	2.12	4.58	0	974	7	0.56	5.5	20.8	0.4	0.0	25.83	63	1.2758	2.0484	420	424.05	951.56	
187167	34	449.6	303.5	188.0	303.5	72.5	2.25	4.58	0	1,078	8	0.56	5.5	20.8	0.4	0.0	33.30	63	1.2758	2.0484	420	424.14	949.06	
187693	34	449.2	304.2	188.3	304.2	72.5	2.25	4.58	0	1,170	9	1.12	5.5	20.8	0.4	0.0	38.16	63	1.2758	2.0484	420	424.35	953.28	
188198	34	448.6	304.5	188.8	304.5	72.8	2.25	4.58	0	1,168	10	1.38	5.5	20.8	0.4	0.0	38.53	63	1.2758	2.0484	420	424.44	956.09	
188730	34	448.0	305.2	189.2	305.2	73.2	2.25	4.58	0	1,209	11	1.62	5.5	20.8	0.4	0.0	38.46	63	1.2758	2.0484	420	424.63	958.91	
189286	34	447.4	306.2	189.8	306.5	73.5	2.25	4.58	0	1,252	12	1.62	5.5	20.8	0.4	0.0	38.13	63	1.2758	2.0484	420	424.84	961.56	
189802	34	446.8	307.2	190.1	307.2	73.5	2.44	4.58	0	1,280	13	1.62	5.5	20.8	0.4	0.0	38.46	63	1.2758	2.0484	425	425.03	963.83	
190323	34	446.2	307.8	190.8	307.8	73.5	2.25	4.58	0	1,323	15	1.94	5.5	20.8	0.4	0.0	38.09	63	1.2758	2.0484	425	425.15	966.48	
190874	34	445.5	308.8	191.1	308.8	74.2	2.25	4.58	0	1,355	16	1.94	5.5	20.8	0.4	0.0	37.64	63	1.2758	2.0484	425	425.43	969.14	
191398	34	444.8	309.5	191.8	310.2	74.2	2.25	4.58	0	1,378	17	1.38	5.5	20.8	0.4	0.0	25.24	63	1.2758	2.0484	425	425.55	962.73	
191949	34	444.2	311.5	192.6	311.5	74.5	1.75	4.58	0	1,373	17	1.12	5.5	20.8	0.4	0.0	17.65	63	1.2758	2.0484	425	425.64	956.33	
192446	33	443.7	312.5	193.3	312.5	75.2	1.75	4.58	0	1,319	17	0.81	5.5	20.8	0.4	0.0	15.56	63	1.2758	2.0484	425	425.85	952.66	
192953	33	443.2	313.5	194.2	313.5	74.8	1.94	4.58	0	1,326	17	0.81	5.5	20.8	0.4	0.0	14.04	63	1.2758	2.0484	425	425.94	951.56	
193545	33	442.7	314.5	194.8	314.8	75.2	1.75	4.58	0	1,282	16	0.81	5.5	20.8	0.4	0.0	14.18	63	1.2758	2.0484	425	426.04	950.86	
194045	33	442.3	315.5	195.3	315.5	75.5	1.06	4.58	0	1,175	15	0.56	5.5	20.8	0.4	0.0	19.90	63	1.2758	2.0484	425	426.25	955.47	
194598	33	441.9	316.8	196.5	316.5	76.2	1.94	4.58	0	1,134	14	0.31	5.5	20.8	0.4	0.0	14.27	63	1.2758	2.0484	425	426.34	952.73	
195095	33	441.6	317.2	196.5	317.2	75.8	1.94	4.58	0	1,041	13	0.31	5.5	20.8	0.4	0.0	13.71	63	1.2758	2.0484	425	426.34	951.56	
195623	33	441.3	318.2	196.8	318.2	76.2	2.12	4.58	0	977	12	0.00	5.5	20.8	0.4	0.0	15.40	63	1.2758	2.0484	425	426.44	950.39	
196168	33	441.0	318.8	197.5	318.8	76.5	2.25	4.58	0	908	11	0.00	5.5	20.8	0.4	0.0	20.93	63	1.2758	2.0484	425	426.44	949.06	
196697	34	440.7	318.8	198.0	318.8	76.5	2.25	4.58	0	935	11	0.31	5.5	20.8	0.4	0.0	23.39	63	1.2758	2.0484	425	426.53	949.61	
197254	34	440.4	319.2	198.2	319.2	77.2	2.25	4.58	0	963	12	0.31	5.5	20.8	0.4	0.0	32.77	63	1.2758	2.0484	425	426.53	948.05	
197751	34	440.1	319.8	198.3	319.5	77.2	2.12	4.58	0	1,153	12	0.81	5.5	20.8	0.4	0.0	32.23	63	1.2758	2.0484	425	426.53	949.22	
198285	34	439.8	319.8	198.6	319.8	77.5	2.25	4.58	0	1,221	14	1.12	5.5	20.8	0.4	0.0	36.52	63	1.2758	2.0484	425	426.53	952.58	
198780	34	439.4	320.2	199.1	320.5	77.8	2.44	4.58	0	1,252	15	1.62	5.5	20.8	0.4	0.0	36.66	63	1.2758	2.0484	425	426.65	956.64	
199294	34	439.0	320.8	199.3	320.5	78.2	2.25	4.58	0	1,292	16	1.62	5.5	20.8	0.4	0.0	36.73	63	1.2758	2.0484	425	426.65	960.23	
199814	34	438.5	321.2	199.5	321.5	78.5	2.12	4.58	0	1,317	17	1.38	5.5	20.8	0.4	0.0	31.29	63	1.2758	2.0484	425	426.74	961.56	
200339	34	438.1	321.8	200.0	322.2	78.5	1.94	4.58	0	1,292	17	1.12	5.5	20.8	0.4	0.0	17.53	63	1.2758	2.0484	425	426.74	953.91	
200852	34	437.7	322.5	200.5	322.5	78.5	1.75	4.58	0	1,285	16	1.12	5.5	20.8	0.4	0.0	21.09	63	1.2758	2.0484	425	426.74	949.84	
201479	34	437.3	323.5	201.2	323.5	78.8	2.12	4.58	0	1,318	16	1.12	5.5	20.8	0.4	0.0	26.67	63	1.2758	2.0484	425	426.83	951.09	
202025	34	436.9	324.5	201.3	324.5	79.2	2.25	4.58	0	1,399	17	1.12	5.5	20.8	0.4	0.0	29.67	63	1.2758	2.0484	425	426.83	952.42	
202526	34	436.5	325.2	202.0	325.2	79.5	2.25	4.58	0	1,427	18	1.12	5.5	20.8	0.4	0.0	30.30	63	1.2758	2.0484	425	426.93	955.23	
203020	34	436.0	325.8	202.6	326.2	79.5	2.25	4.58	0	1,445	19	1.12	5.5	20.8	0.4	0.0	26.70	63	1.2758	2.0484	425	426.93	956.48	
203570	34	435.5	326.5	203.1	326.5	79.8	1.94	4.58	0	1,484	19	1.12	5.5	20.8	0.4	0.0	22.36	63	1.2758	2.0484	425	426.93	955.70	
204108	34	435.1	327.8	204.0	327.5	80.2	2.12	4.58	0	1,516	19	1.38	5.5	20.8	0.4	0.0	21.75	63	1.2758	2.0484	425	427.05	952.66	
204605	34	434.7	328.5	204.5	328.8	80.5	1.94	4.58	0	1,481	19	0.81	5.5	20.8	0.4	0.0	16.12	63	1.2758	2.0484	425	427.05	951.33	
205120	34	434.3	329.8	205.1	329.8	80.5	1.94	4.58	0	1,474	19	0.81	5.5	20.8	0.4	0.0	14.44	63	1.2758	2.0484	425	427.05	951.48	
205718	34	434.0	331.5	206.2	331.2	81.2	2.12	4.58	0	1,354	18	-0.44	5.5	20.8	0.4	0.0	15.80	63	1.2758	2.0484	425	427.05	951.56	
206223	34	433.7	331.8	206.3	332.2	80.8	1.06	4.58	0	1,332	17	0.81	5.5	20.8	0.4	0.0	18.54	63	1.2758	2.0484	425	427.05	952.81	
206774	34	433.5	332.8	206.8	332.5	81.2	1.06	4.58	0	1,222	15	0.81	5.5	20.8	0.4	0.0	18.33	63	1.2758	2.0484	425	427.05	956.33	
207283	34	433.3	333.2	207.3	333.2	81.2	1.25	4.58	0	1,115	14	0.81	5.5	20.8	0.4	0.0	13.36	63	1.2758	2.0484	425	427.05	956.33	
207852	34	433.2	333.8	207.8	333.8	81.8	1.94	4.58	0	1,082	14	0.31	5.5	20.8	0.4	0.0	16.10	63	1.2758	2.0484	425	427.05	952.66	
208374	34	433.0	333.8	207.8	333.8	81.8	2.12	4.58	0	1,057	13	0.31	5.5	20.8	0.4	0.0	17.98	63	1.2758	2.0484	425	426.93	951.72	
208877	34	432.9	333.8	208.0	334.5	82.2	2.12	4.58	0	1,045	13	0.56	5.5	20.8	0.4	0.0	18.98	63	1.2758	2.0484	425	426.93	951.41	
209403	34	432.7	334.5	208.3	334.5	82.5	2.12	4.58	0	1,008	12	0.56	5.5	20.8	0.4	0.0	19.73	63	1.2758	2.0484	425	426.83	950.86	
210042	34	432.5	334.5	208.5	334.5	83.2	2.12	4.58	0	858	11	0.31	5.5	20.8	0.4	0.0	28.62	63	1.2758	2.0484	425	426.83	949.45	
210550	34	432.3	334.8	209.0	334.5	83.2	2.25	4.58	0	963	10	0.56	5.5	20.8	0.4	0.0	27.63	63	1.2758	2.0484	425	426.74	951.02	
211108	34	432.1	334.8	209.1	334.5	83.5	2.25	4.58	0	1,027	10	0.56	5.5	20.8	0.4	0.0	27.73	63	1.2758	2.0484	425	426.65	951.56	
211613	34	431.8	334.8	209.1	334.8	83.5	2.12	4.58	0	1,013	10	0.56	5.5	20.8	0.4	0.0	24.91	63	1.2758	2.0484	425	426.53	952.34	
212157	34	431.6	335.2	209.5	335.2	83.8	2.12	4.58	0	1,013	10	0.31	5.5	20.8	0.4	0.0	23.74	63	1.2758	2.0484	425	426.44	952.11	
212674	34	431.3	335.2	209.3	335.2	83.8	2.12	4.58	0	1,005	10	0.31	5.5	20.8	0.4	0.0	23.41	63	1.2758	2.0484	425	426.34	951.80	
213214	34	431.0	335.5	210.0	335.5	84.5	2.25	4.58	0	1,041	10	0.81	5.5	20.8	0.4	0.0	26.77	63	1.2758	2.0484	425	426.25	951.48	
213725	34	430.8	335.5	210.1	335.5	84.2	1.94	4.58	0	1,109	11	0.81	5.5	20.8	0.4	0.0	25.31	63	1.2758	2.0484	425	426.13	951.56	
214224	34	430.5	335.5	210.1	335.8	84.8	2.12	4.58	0	1,058	12	0.81	5.5	20.8	0.4	0.0	25.73	63	1.2758	2.0484	425	426.04	951.56	
214722	35	430.2	336.5	210.5	336.5	85.2	2.12	4.58	0	1,128	13	0.81	5.5	20.8	0.4	0.0	26.32	63	1.2758	2.0484	425	425.94	951.25	
215260	35	429.9	336.8	210.8	336.8	85.2	1.94	4.58	0	1,070	13	0.56	5.5	20.8	0.4	0.0	21.02	63	1.2758	2.0484	425	425.85	951.25	
215778	34	429.6	336.8	211.1	336.8	85.5	2.12	4.58	0	1,063	14	0.56	5.5	20.8	0.4	0.0	18.54	63	1.2758	2.0484	425	425.73	951.25	
216263	34	429.3	337.5	211.3	337.5	85.5	1.94	4.58	0	1,058	13	0.31	5.5	20.8	0.4	0.0	16.38	63	1.2758	2.0484	425	425.73	951.02	
216815	34	429.0	337.8	211.6	337.8	85.8	1.94	4.58	0	1,014	12	0.31	5.5	20.8	0.4	0.0	14.70	63	1.2758	2.0484	425	425.64	951.56	
217316	34	428.7	337.8	212.0	338.2	86.5	2.25	4.58	0	935	12	0.00	5.5	20.8	0.4	0.0	17.39	63	1.2758	2.0484	425	425.55	950.16	
217851	34	428.5	338.5	212.5	338.5	86.2	2.12	4.58	0	946	12	0.31	5.5	20.8	0.4	0.0	21.26	63	1.2758	2.0484	425	425.43	949.77	
218447	34	428.2	338.5	212.6	338.8	86.2	2.25	4.58	0	949	12	0.31	5.5	20.8	0.4	0.0	22.76	63	1.2758	2.0484	425	425.33	950.70	
218995	34	427.9	338.5	212.5	338.8	86.5	2.12	4.58	0	997	12	0.56	5.5	20.8	0.4	0.0	41.34	63	1.2758	2.0484	425	425.15	946.02	
219542	35	427.5	339.2	212.8	338.8	86.8	2.25	4.58	0	1,309	13	2.19	5.5	20.8	0.4	0.0	41.58	63	1.2758	2.0484	425	425.03	958.75	
220042	35	427.1	339.2	213.1	339.5	87.2	2.25	4.58	0	1,311	14	2.19	5.5	20.8	0.4	0.0	35.93	63	1.2758	2.0484	425	425.03	965.62	
220551	35	426.7	339.5	213.3	339.8	87.2	2.25	4.58	0	1,342	15	1.38	5.5	20.8	0.4	0.0	33.82	63	1.2758	2.0484	425	424.94	964.38	
221114	35	426.2	340.2	213.6	340.5	87.8	2.25	4.58	0	1,407	16	1.38	5.5	20.8	0.4	0.0	34.29	63	1.2758	2.0484	420	424.84	963.75	
221661	35	425.7	340.8	214.1	340.8	87.8	2.44	4.58	0	1,459	17	1.62	5.5	20.8	0.4	0.0	39.35	63	1.2758	2.0484	420	424.75	965.23	
222158	35	425.3	341.5	214.8	341.5	88.2	2.44	4.58	0	1,497	18	2.19	5.5	20.8	0.4	0.0	43.92	63	1.2758	2.0484	420	424.63	971.88	
222673	35	424.8	342.2	215.3	342.2	88.2	3.31	4.58	0	1,605	20	3.25	5.5	20.8	0.4	0.0	53.02	63	1.2758	2.0484	420	424.54	1,001.33	
223178	35	424.2	343.5	215.8	343.5	88.5	3.69	4.58	0	1,676	22	3.25	5.5	20.8	0.4	0.0	51.38	63	1.2758	2.0484	420	424.44	1,025.62	
223688	35	423.7	344.5	216.5	344.5	88.8	4.00	4.58	0	1,811	23	3.00	5.5	20.8	0.4	0.0	50.27	63	1.2758	2.0484	420	424.23	1,039.38	
224162	35	423.2	345.5	217.2	345.5	89.2	4.00	4.58	0	1,899	25	4.06	5.5	20.8	0.4	0.0	50.93	63	1.2758	2.0484	420	424.05	1,059.14	
224675	35	422.7	346.8	218.2	347.2	89.2	3.81	4.58	0	1,486	26	4.31	5.5	20.8	0.4	0.0	57.75	63	1.2758	2.0484	420	423.83	1,092.11	
225165	35	422.4	348.5	218.8	348.5	89.5	2.62	4.58	0	1,408	27	4.88	5.5	20.8	0.4	0.0	52.41	63	1.2758	2.0484	420	423.53	1,072.81	
225673	35	422.2	350.5	220.0	350.2	89.5	3.00	4.58	0	1,483	28	3.81	5.5	20.8	0.4	0.0	47.46	63	1.2758	2.0484	420	423.25	1,049.53	
226320	35	422.1	352.5	221.0	352.8	89.8	2.12	4.58	0	1,477	29	1.62	5.5	20.8	0.4	0.0	20.13	63	1.2758	2.0484	420	423.04	988.59	
226862	35	422.1	354.8	222.1	354.8	89.8	1.94	4.58	0	1,482	29	1.12	5.5	20.8	0.4	0.0	17.60	63	1.2758	2.0484	420	422.85	961.88	
227359	34	422.1	356.5	223.3	357.2	90.2	1.94	4.58	0	1,428	29	0.81	5.5	20.8	0.4	0.0	16.66	63	1.2758	2.0484	420	422.73	953.98	
227865	34	422.2	358.8	224.8	358.8	90.8	2.12	4.58	0	1,467	28	1.12	5.5	20.8	0.4	0.0	23.41	63	1.2758	2.0484	420	422.64	952.42	
228363	34	422.2	360.5	225.7	360.8	90.5	2.25	4.58	0	1,440	28	1.38	5.5	20.8	0.4	0.0	22.64	63	1.2758	2.0484	420	422.55	952.42	
228916	35	422.4	361.5	226.5	361.5	91.5	2.12	4.58	0	1,409	28	1.12	5.5	20.8	0.4	0.0	19.78	63	1.2758	2.0484	420	422.43	952.81	
229423	35	422.5	362.8	227.3	362.8	91.5	1.75	4.58	0	1,390	28	0.81	5.5	20.8	0.4	0.0	12.28	63	1.2758	2.0484	420	422.33	951.56	
229945	34	422.6	364.5	227.8	364.5	91.8	1.25	4.58	0	1,353	27	0.56	5.5	20.8	0.4	0.0	17.06	63	1.2758	2.0484	420	422.24	952.89	
230431	34	422.8	365.2	228.8	364.8	91.8	1.06	4.58	0	1,330	26	0.81	5.5	20.8	0.4	0.0	17.91	63	1.2758	2.0484	420	422.24	953.83	
230970	34	423.0	366.5	229.3	366.5	92.2	1.06	4.58	0	1,271	25	0.81	5.5	20.8	0.4	0.0	17.48	63	1.2758	2.0484	420	422.24	957.19	
231486	35	423.2	366.8	229.6	366.8	92.5	1.06	4.58	0	1,212	24	0.81	5.5	20.8	0.4	0.0	17.93	63	1.2758	2.0484	420	422.24	957.73	
232043	35	423.5	367.8	230.0	367.5	92.5	1.25	4.58	0	1,176	23	0.56	5.5	20.8	0.4	0.0	17.77	63	1.2758	2.0484	420	422.24	957.81	
232543	35	423.8	367.8	230.5	368.2	92.8	1.44	4.58	0	1,120	22	0.56	5.5	20.8	0.4	0.0	17.60	63	1.2758	2.0484	420	422.24	957.97	
233062	35	424.1	367.8	230.3	367.8	92.8	1.56	4.58	0	1,061	21	0.31	5.5	20.8	0.4	0.0	19.05	63	1.2758	2.0484	420	422.24	957.50	
233559	35	424.4	367.5	230.6	367.5	93.5	1.75	4.58	0	908	21	0.00	5.5	20.8	0.4	0.0	17.65	63	1.2758	2.0484	420	422.24	953.28	
234100	35	424.7	367.5	230.5	367.5	93.8	2.25	4.58	0	1,029	20	0.31	5.5	20.8	0.4	0.0	17.65	63	1.2758	2.0484	420	422.24	952.58	
234707	35	424.9	367.5	230.6	367.2	94.2	1.75	4.58	0	1,023	20	0.31	5.5	20.8	0.4	0.0	16.15	63	1.2758	2.0484	420	422.24	951.25	
235242	35	425.2	366.5	230.5	366.5	94.2	2.12	4.58	0	1,004	19	0.31	5.5	20.8	0.4	0.0	18.07	63	1.2758	2.0484	420	422.24	950.55	
235802	35	425.4	366.5	230.5	366.5	94.5	2.12	4.58	0	1,015	19	0.31	5.5	20.8	0.4	0.0	17.27	63	1.2758	2.0484	420	422.15	950.55	
236312	35	425.6	366.2	230.3	365.8	94.8	2.12	4.58	0	993	19	0.00	5.5	20.8	0.4	0.0	17.81	63	1.2758	2.0484	420	422.15	950.55	
236837	35	425.8	365.2	230.3	365.2	94.8	2.12	4.58	0	993	18	0.31	5.5	20.8	0.4	0.0	17.91	63	1.2758	2.0484	420	422.15	949.92	
237396	35	426.0	365.5	230.1	365.2	95.5	2.12	4.58	0	985	18	0.31	5.5	20.8	0.4	0.0	18.09	63	1.2758	2.0484	420	422.03	949.84	
237908	35	426.2	365.2	230.0	365.2	95.5	2.12	4.58	0	974	18	0.31	5.5	20.8	0.4	0.0	18.16	63	1.2758	2.0484	420	422.03	950.00	
238448	35	426.3	364.5	230.0	364.5	95.5	2.12	4.58	0	978	17	0.31	5.5	20.8	0.4	0.0	18.26	63	1.2758	2.0484	420	421.94	950.08	
238968	35	426.5	364.2	229.6	364.2	95.8	2.12	4.58	0	967	17	0.31	5.5	20.8	0.4	0.0	18.54	63	1.2758	2.0484	420	421.84	950.23	
239477	35	426.6	363.5	229.6	363.5	96.2	2.12	4.58	0	961	16	0.31	5.5	20.8	0.4	0.0	18.91	63	1.2758	2.0484	420	421.75	950.23	
239979	35	426.7	363.5	230.0	363.5	96.2	2.12	4.58	0	949	14	0.31	5.5	20.8	0.4	0.0	19.36	63	1.2758	2.0484	420	421.75	950.31	
240504	35	426.8	362.8	229.5	362.8	96.5	2.12	4.58	0	925	12	0.31	5.5	20.8	0.4	0.0	20.18	63	1.2758	2.0484	420	421.63	949.92	
241022	35	426.9	363.2	229.8	362.8	96.5	2.12	4.58	0	901	10	0.31	5.5	20.8	0.4	0.0	21.70	63	1.2758	2.0484	420	421.54	950.08	
241568	35	426.9	362.5	229.5	362.5	96.8	2.12	4.58	0	943	7	0.31	5.5	20.8	0.4	0.0	16.73	63	1.2758	2.0484	420	421.44	950.78	
242091	35	427.0	362.2	229.7	362.2	97.2	2.12	4.58	0	807	5	0.00	5.5	20.8	0.4	0.0	19.85	63	1.2758	2.0484	420	421.35	949.77	
242615	35	427.0	361.8	230.0	361.5	97.5	2.25	4.58	0	825	2	0.31	5.5	20.8	0.4	0.0	20.95	63	1.2758	2.0484	420	421.23	949.84	
243234	35	427.1	361.8	229.5	361.8	97.8	2.12	4.58	0	825	0	0.31	5.5	20.8	0.4	0.0	20.18	63	1.2758	2.0484	420	421.23	949.84	
243817	35	427.1	361.5	229.6	361.2	98.2	2.12	4.58	0	818	0	0.31	5.5	20.8	0.4	0.0	20.62	63	1.2758	2.0484	420	421.14	949.61	
244325	35	427.2	361.5	229.8	361.5	98.5	2.12	4.58	0	791	0	0.31	5.5	20.8	0.4	0.0	20.98	63	1.2758	2.0484	420	421.05	949.53	
244859	35	427.2	360.5	229.5	360.8	98.2	2.12	4.58	0	785	0	0.31	5.5	20.8	0.4	0.0	21.82	63	1.2758	2.0484	420	420.93	949.53	
245380	35	427.2	360.5	229.5	360.5	98.8	2.12	4.58	0	791	0	0.31	5.5	20.8	0.4	0.0	22.12	63	1.2758	2.0484	420	420.83	949.77	
245955	35	427.2	360.5	229.5	360.5	99.2	2.12	4.58	0	803	0	0.31	5.5	20.8	0.4	0.0	21.61	63	1.2758	2.0484	420	420.83	949.61	
246517	35	427.2	359.8	229.5	360.2	99.2	2.12	4.58	0	819	0	0.31	5.5	20.8	0.4	0.0	20.77	63	1.2758	2.0484	420	420.74	949.77	
247048	35	427.2	359.8	229.5	360.2	99.2	2.12	4.58	0	811	0	0.31	5.5	20.8	0.4	0.0	21.00	63	1.2758	2.0484	420	420.65	949.53	
247574	35	427.2	359.5	229.6	359.5	99.5	2.12	4.58	0	810	0	0.31	5.5	20.8	0.4	0.0	21.05	63	1.2758	2.0484	420	420.53	949.77	
248121	35	427.1	359.2	229.3	359.5	99.8	2.12	4.58	0	813	0	0.31	5.5	20.8	0.4	0.0	21.05	63	1.2758	2.0484	420	420.53	949.53	
248716	35	427.1	359.2	229.5	359.2	100.2	2.12	4.58	0	818	0	0.31	5.5	20.8	0.4	0.0	20.81	63	1.2758	2.0484	420	420.44	949.30	
249262	35	427.1	358.8	229.8	358.8	100.5	2.12	4.58	0	815	0	0.31	5.5	20.8	0.4	0.0	20.55	63	1.2758	2.0484	420	420.34	949.30	
249788	35	427.0	358.8	229.6	358.8	100.5	2.12	4.58	0	800	0	0.31	5.5	20.8	0.4	0.0	20.91	63	1.2758	2.0484	420	420.34	949.22	
250314	35	427.0	358.5	229.6	358.5	100.5	2.12	4.58	0	802	0	0.31	5.5	20.8	0.4	0.0	21.05	63	1.2758	2.0484	420	420.25	949.45	
250954	35	426.9	358.5	229.8	358.5	100.8	2.12	4.58	0	805	0	0.31	5.5	20.8	0.4	0.0	20.98	63	1.2758	2.0484	420	420.13	949.14	
251490	35	426.9	358.2	229.5	358.5	101.2	2.12	4.58	0	805	0	0.31	5.5	20.8	0.4	0.0	20.93	63	1.2758	2.0484	420	420.13	949.14	
252119	35	426.8	357.8	229.7	358.2	101.8	2.12	4.58	0	802	0	0.31	5.5	20.8	0.4	0.0	21.02	63	1.2758	2.0484	420	420.04	949.30	
252690	35	426.8	358.2	229.8	357.8	101.5	2.12	4.58	0	795	0	0.31	5.5	20.8	0.4	0.0	21.09	63	1.2758	2.0484	420	419.94	949.22	
253223	35	426.7	358.2	229.8	357.8	102.2	2.12	4.58	0	799	0	0.31	5.5	20.8	0.4	0.0	21.00	63	1.2758	2.0484	420	419.94	949.14	
253703	35	426.6	357.5	229.8	357.5	102.2	2.12	4.58	0	802	0	0.31	5.5	20.8	0.4	0.0	21.00	63	1.2758	2.0484	415	419.85	949.14	
254235	35	426.5	358.2	230.3	357.8	102.2	2.12	4.58	0	797	0	0.31	5.5	20.8	0.4	0.0	21.09	63	1.2758	2.0484	415	419.85	949.22	
254843	35	426.4	357.5	229.8	357.5	102.5	2.12	4.58	0	796	0	0.31	5.5	20.8	0.4	0.0	21.33	63	1.2758	2.0484	415	419.73	949.14	
255418	35	426.3	357.2	230.0	357.2	102.8	2.12	4.58	0	778	0	0.31	5.5	20.8	0.4	0.0	22.31	63	1.2758	2.0484	415	419.73	949.14	
255949	35	426.2	356.8	230.1	356.8	103.2	2.12	4.58	0	805	0	0.31	5.5	20.8	0.4	0.0	21.84	63	1.2758	2.0484	415	419.64	949.45	
256515	35	426.1	356.8	230.0	356.5	103.2	2.12	4.58	0	816	0	0.31	5.5	20.8	0.4	0.0	21.30	63	1.2758	2.0484	415	419.64	949.84	
257069	35	426.0	356.5	230.1	356.8	103.5	2.25	4.58	0	821	0	0.31	5.5	20.8	0.4	0.0	20.55	63	1.2758	2.0484	415	419.55	949.84	
257618	35	425.9	356.5	230.0	356.5	104.2	2.25	4.58	0	823	0	0.31	5.5	20.8	0.4	0.0	20.41	63	1.2758	2.0484	415	419.55	949.69	
258189	35	425.8	356.5	230.3	356.5	104.2	2.12	4.58	0	819	0	0.31	5.5	20.8	0.4	0.0	20.39	63	1.2758	2.0484	415	419.43	949.77	
258742	35	425.7	356.5	230.5	356.8	104.2	2.12	4.58	0	816	0	0.31	5.5	20.8	0.4	0.0	20.51	63	1.2758	2.0484	415	419.43	949.77	
259314	35	425.6	356.5	230.3	356.2	104.2	2.12	4.58	0	808	0	0.31	5.5	20.8	0.4	0.0	20.46	63	1.2758	2.0484	415	419.33	949.61	
259912	35	425.5	356.5	230.6	356.5	104.8	2.12	4.58	0	810	0	0.31	5.5	20.8	0.4	0.0	20.53	63	1.2758	2.0484	415	419.33	949.77	
260584	35	425.3	356.2	230.6	356.2	104.5	2.12	4.58	0	814	0	0.31	5.5	20.8	0.4	0.0	20.41	63	1.2758	2.0484	415	419.24	949.45	
261151	35	425.2	356.5	230.8	356.2	105.2	2.12	4.58	0	812	0	0.31	5.5	20.8	0.4	0.0	20.55	63	1.2758	2.0484	415	419.24	949.30	
261740	35	425.0	356.2	230.8	356.5	105.5	2.12	4.58	0	799	0	0.31	5.5	20.8	0.4	0.0	20.46	63	1.2758	2.0484	415	419.15	949.30	
262289	35	424.9	356.2	230.6	355.8	105.5	2.12	4.58	0	801	0	0.31	5.5	20.8	0.4	0.0	20.55	63	1.2758	2.0484	415	419.15	949.69	
262814	35	424.8	355.8	230.8	356.2	105.8	2.12	4.58	0	803	0	0.31	5.5	20.8	0.4	0.0	20.48	63	1.2758	2.0484	415	419.15	949.61	
263370	35	424.6	356.2	231.3	355.8	106.2	2.12	4.58	0	799	0	0.31	5.5	20.8	0.4	0.0	20.70	63	1.2758	2.0484	415	419.03	949.30	
263905	35	424.5	356.2	231.1	356.2	106.5	2.12	4.58	0	799	0	0.31	5.5	20.8	0.4	0.0	20.77	63	1.2758	2.0484	415	419.03	949.45	
264500	35	424.3	355.8	231.3	356.2	106.2	2.12	4.58	0	793	0	0.31	5.5	20.8	0.4	0.0	20.51	63	1.2758	2.0484	415	418.94	949.61	
265044	35	424.2	356.2	231.5	356.2	106.5	2.12	4.58	0	797	0	0.31	5.5	20.8	0.4	0.0	20.86	63	1.2758	2.0484	415	418.94	949.14	
265604	35	424.0	356.2	231.3	355.8	106.8	2.12	4.58	0	798	0	0.31	5.5	20.8	0.4	0.0	20.86	63	1.2758	2.0484	415	418.84	949.22	
266241	35	423.9	355.8	231.7	355.8	106.8	2.12	4.58	0	804	0	0.31	5.5	20.8	0.4	0.0	20.91	63	1.2758	2.0484	415	418.84	949.30	
266785	35	423.7	355.5	231.6	355.5	107.2	2.12	4.58	0	793	0	0.31	5.5	20.8	0.4	0.0	20.86	63	1.2758	2.0484	415	418.75	949.45	
267403	35	423.5	355.8	231.8	355.5	107.8	2.12	4.58	0	800	0	0.31	5.5	20.8	0.4	0.0	20.84	63	1.2758	2.0484	415	418.75	949.38	
267973	35	423.4	355.8	231.6	356.2	108.2	2.12	4.58	0	803	0	0.31	5.5	20.8	0.4	0.0	20.84	63	1.2758	2.0484	415	418.75	949.06	
268523	35	423.2	356.2	232.0	355.8	108.2	2.12	4.58	0	796	0	0.31	5.5	20.8	0.4	0.0	20.67	63	1.2758	2.0484	415	418.63	949.30	
269086	35	423.0	356.2	232.0	355.8	108.2	2.12	4.58	0	792	0	0.31	5.5	20.8	0.4	0.0	20.91	63	1.2758	2.0484	415	418.63	949.14	
269784	35	422.9	356.2	232.1	356.2	108.5	2.12	4.58	0	793	0	0.31	5.5	20.8	0.4	0.0	21.00	63	1.2758	2.0484	415	418.54	949.22	
270324	35	422.7	355.8	232.3	355.8	108.8	2.12	4.58	0	790	0	0.31	5.5	20.8	0.4	0.0	21.61	63	1.2758	2.0484	415	418.54	949.53	
270862	35	422.5	355.8	232.3	356.2	108.8	2.12	4.58	0	802	0	0.31	5.5	20.8	0.4	0.0	21.23	63	1.2758	2.0484	415	418.44	949.45	
271408	35	422.3	355.8	232.3	355.8	108.8	2.12	4.58	0	799	0	0.31	5.5	20.8	0.4	0.0	21.52	63	1.2758	2.0484	415	418.44	949.77	
272002	35	422.1	355.8	232.8	355.8	109.5	2.12	4.58	0	801	0	0.31	5.5	20.8	0.4	0.0	21.52	63	1.2758	2.0484	415	418.44	949.77	
272559	35	421.9	355.8	232.6	355.8	109.8	2.12	4.58	0	800	0	0.31	5.5	20.8	0.4	0.0	21.45	63	1.2758	2.0484	415	418.35	949.45	
273121	35	421.7	355.8	232.8	355.8	110.2	2.12	4.58	0	797	0	0.31	5.5	20.8	0.4	0.0	21.28	63	1.2758	2.0484	415	418.35	949.30	
273674	35	421.5	355.8	232.6	355.8	109.8	2.12	4.58	0	803	0	0.31	5.5	20.8	0.4	0.0	21.28	63	1.2758	2.0484	415	418.23	949.61	
274306	35	421.4	355.5	232.8	355.5	110.2	2.12	4.58	0	806	0	0.31	5.5	20.8	0.4	0.0	21.23	63	1.2758	2.0484	415	418.23	949.77	
274849	35	421.2	355.8	233.1	355.5	110.5	2.12	4.58	0	805	0	0.31	5.5	20.8	0.4	0.0	21.28	63	1.2758	2.0484	415	418.14	949.14	
275438	35	420.9	355.8	233.1	355.5	110.8	2.12	4.58	0	800	0	0.31	5.5	20.8	0.4	0.0	21.09	63	1.2758	2.0484	415	418.14	949.77	
276040	35	420.7	355.8	233.5	355.8	111.2	2.12	4.58	0	801	0	0.31	5.5	20.8	0.4	0.0	21.30	63	1.2758	2.0484	415	418.14	949.84	
276627	35	420.5	355.8	233.5	356.2	111.2	2.12	4.58	0	805	0	0.31	5.5	20.8	0.4	0.0	21.14	63	1.2758	2.0484	415	418.05	949.61	
277228	35	420.3	355.8	233.5	355.8	111.2	2.12	4.58	0	805	0	0.31	5.5	20.8	0.4	0.0	20.72	63	1.2758	2.0484	415	418.05	949.77	
277806	35	420.1	355.8	233.5	355.8	111.5	2.12	4.58	0	789	0	0.31	5.5	20.8	0.4	0.0	20.86	63	1.2758	2.0484	415	417.93	949.45	
278348	35	419.9	356.2	233.6	355.8	111.5	2.12	4.58	0	802	0	0.31	5.5	20.8	0.4	0.0	21.16	63	1.2758	2.0484	415	417.93	949.53	
279023	35	419.7	355.8	233.8	355.5	111.5	2.12	4.58	0	801	0	0.31	5.5	20.8	0.4	0.0	21.14	63	1.2758	2.0484	415	417.83	949.61	
279556	35	419.5	355.5	233.8	355.8	112.2	2.12	4.58	0	795	0	0.31	5.5	20.8	0.4	0.0	20.79	63	1.2758	2.0484	415	417.83	949.61	
280091	35	419.2	355.5	234.1	355.8	112.2	2.12	4.58	0	798	0	0.31	5.5	20.8	0.4	0.0	21.09	63	1.2758	2.0484	415	417.74	949.53	
280677	35	419.0	356.2	234.3	355.8	112.8	2.12	4.58	0	801	0	0.31	5.5	20.8	0.4	0.0	21.28	63	1.2758	2.0484	415	417.74	949.77	
281230	35	418.8	356.2	234.5	355.8	112.5	2.12	4.58	0	797	0	0.31	5.5	20.8	0.4	0.0	20.88	63	1.2758	2.0484	415	417.74	949.77	
281766	35	418.6	356.2	234.3	356.2	112.8	2.12	4.58	0	801	0	0.31	5.5	20.8	0.4	0.0	21.21	63	1.2758	2.0484	415	417.65	949.84	
282321	35	418.4	356.2	234.5	355.8	113.2	2.12	4.58	0	793	0	0.31	5.5	20.8	0.4	0.0	20.91	63	1.2758	2.0484	415	417.65	949.84	
282890	36	418.2	355.8	234.5	355.8	113.5	2.25	4.58	0	799	0	0.31	5.5	20.8	0.4	0.0	21.33	63	1.2758	2.0484	415	417.53	949.69	
283421	36	418.0	356.2	234.5	355.8	113.5	2.12	4.58	0	797	0	0.31	5.5	20.8	0.4	0.0	21.38	63	1.2758	2.0484	415	417.53	949.77	
284038	36	417.8	356.5	234.8	356.5	113.5	2.12	4.58	0	794	0	0.31	5.5	20.8	0.4	0.0	21.38	63	1.2758	2.0484	415	417.44	949.84	
284646	36	417.5	356.5	235.1	356.2	113.8	2.12	4.58	0	795	0	0.31	5.5	20.8	0.4	0.0	21.33	63	1.2758	2.0484	415	417.44	949.84	
285189	36	417.3	356.2	235.2	356.2	114.2	2.12	4.58	0	797	0	0.31	5.5	20.8	0.4	0.0	21.26	63	1.2758	2.0484	415	417.34	949.92	
285747	36	417.1	356.5	235.3	356.2	114.2	2.12	4.58	0	791	0	0.31	5.5	20.8	0.4	0.0	21.38	63	1.2758	2.0484	415	417.34	949.84	
286294	36	416.8	355.8	235.1	356.2	114.5	2.12	4.58	0	793	0	0.31	5.5	20.8	0.4	0.0	21.42	63	1.2758	2.0484	415	417.25	949.61	
286841	36	416.6	356.2	235.3	356.2	114.8	2.25	4.58	0	793	0	0.31	5.5	20.8	0.4	0.0	21.54	63	1.2758	2.0484	415	417.25	949.77	
287532	36	416.4	356.8	235.6	356.5	115.2	2.12	4.58	0	796	0	0.31	5.5	20.8	0.4	0.0	22.27	63	1.2758	2.0484	415	417.13	948.75	
288077	36	416.2	356.5	235.7	356.5	115.2	2.25	4.58	0	868	0	0.56	5.5	20.8	0.4	0.0	26.74	63	1.2758	2.0484	415	417.13	949.38	
288703	36	415.8	356.5	235.8	356.5	115.2	2.25	4.58	0	814	0	0.56	5.5	20.8	0.4	0.0	33.54	63	1.2758	2.0484	415	417.04	944.69	
289307	36	415.5	356.5	235.8	356.5	115.5	2.81	4.58	0	1,187	1	2.44	5.5	20.8	0.4	0.0	49.85	63	1.2758	2.0484	415	417.04	960.00	
289853	36	415.1	356.5	236.0	356.8	115.8	2.62	4.58	0	1,211	4	3.81	5.5	20.8	0.4	0.0	59.23	63	1.2758	2.0484	415	416.94	983.67	
290481	36	414.6	356.8	236.1	356.8	115.5	3.00	4.58	0	1,385	9	6.25	5.5	20.8	0.4	0.0	63.33	63	1.2758	2.0484	415	416.94	979.92	
291062	36	413.9	357.5	236.7	357.8	116.2	4.69	4.58	0	1,649	13	4.88	5.5	20.8	0.4	0.0	62.11	63	1.2758	2.0484	415	416.85	993.28	
291659	36	413.3	357.8	237.1	357.8	116.2	5.25	4.58	0	1,735	16	5.94	5.5	20.8	0.4	0.0	69.30	63	1.2758	2.0484	415	416.73	1,061.56	
292245	36	412.7	359.5	237.6	358.8	116.5	5.25	4.58	0	1,569	19	8.12	5.5	20.8	0.4	0.0	69.14	63	1.2758	2.0484	415	416.55	1,060.94	
292816	37	412.2	360.5	238.1	360.5	116.5	6.44	4.58	0	1,726	22	6.25	5.5	20.8	0.4	0.0	68.98	63	1.2758	2.0484	415	416.33	1,073.91	
293387	37	412.0	361.2	238.8	361.2	116.8	6.81	4.58	0	1,933	25	8.38	5.5	20.8	0.4	0.0	70.85	63	1.2758	2.0484	415	416.03	1,079.22	
293970	37	412.2	362.8	240.0	362.8	117.5	6.12	4.58	0	2,099	27	10.00	5.5	20.8	0.4	0.0	67.78	63	1.2758	2.0484	415	415.84	1,128.44	
294507	37	412.9	364.2	240.8	364.5	117.5	6.94	4.58	0	1,624	29	8.94	5.5	20.8	0.4	0.0	81.63	63	1.2758	2.0484	415	415.54	1,167.19	
295068	37	414.3	366.5	241.5	366.5	117.5	5.94	4.58	0	1,647	32	7.31	5.5	20.8	0.4	0.0	74.79	63	1.2758	2.0484	415	415.23	1,144.22	
295603	37	416.4	368.8	243.0	369.2	117.5	6.81	4.58	0	1,789	34	7.56	5.5	20.8	0.4	0.0	78.09	63	1.2758	2.0484	415	415.05	1,179.69	
296160	37	419.6	370.5	244.3	370.5	118.2	6.94	4.58	0	1,911	37	10.00	5.5	20.8	0.4	0.0	79.69	63	1.2758	2.0484	415	415.05	1,199.14	
296821	37	423.7	373.2	245.5	373.2	117.8	7.12	4.58	0	1,968	40	11.38	5.5	20.8	0.4	0.0	53.20	63	1.2758	2.0484	415	415.14	1,090.47	
297391	37	427.4	375.5	246.8	375.5	118.5	2.12	4.58	0	1,878	40	1.12	5.5	20.8	0.4	0.0	16.92	63	1.2758	2.0484	415	415.44	978.59	
297931	36	430.6	378.5	248.3	378.5	118.5	2.44	4.58	0	1,820	39	0.31	5.5	20.8	0.4	0.0	18.09	63	1.2758	2.0484	415	415.63	967.81	
298466	36	433.0	380.8	249.6	381.2	118.8	2.81	4.58	0	1,816	38	-0.19	5.5	20.8	0.4	0.0	13.71	63	1.2758	2.0484	415	415.84	961.88	
299009	36	435.2	382.8	251.0	383.2	119.2	3.81	4.58	0	1,815	38	1.38	5.5	20.8	0.4	0.0	38.09	63	1.2758	2.0484	415	416.15	963.67	
299556	36	437.9	384.5	251.8	384.8	119.2	3.50	4.58	0	1,496	40	5.69	5.5	20.8	0.4	0.0	66.96	63	1.2758	2.0484	415	416.55	1,027.73	
300151	37	441.3	386.5	252.8	386.5	119.5	3.81	4.58	0	1,408	41	7.88	5.5	20.8	0.4	0.0	81.40	63	1.2758	2.0484	415	417.13	1,115.31	
300726	37	445.2	388.2	253.8	388.5	119.8	2.81	4.58	0	1,452	43	6.25	5.5	20.8	0.4	0.0	39.42	63	1.2758	2.0484	415	417.83	1,041.02	
301290	37	448.3	389.8	254.6	389.8	120.2	1.75	4.58	0	1,482	44	1.12	5.5	20.8	0.4	0.0	18.75	63	1.2758	2.0484	415	418.44	979.30	
301812	37	450.8	391.2	255.7	391.2	120.5	1.94	4.58	0	1,475	44	0.81	5.5	20.8	0.4	0.0	12.38	63	1.2758	2.0484	415	418.94	961.88	
302403	36	453.0	392.5	256.5	392.8	120.5	1.44	4.58	0	1,390	44	0.56	5.5	20.8	0.4	0.0	16.71	63	1.2758	2.0484	415	419.55	957.34	
303003	36	455.1	393.8	257.3	394.2	120.5	1.06	4.58	0	1,238	43	0.56	5.5	20.8	0.4	0.0	17.86	63	1.2758	2.0484	420	420.13	960.39	
303546	36	456.9	394.8	258.0	394.8	121.2	1.25	4.58	0	1,165	43	0.56	5.5	20.8	0.4	0.0	17.46	63	1.2758	2.0484	420	420.65	960.47	
304090	36	458.6	395.5	258.3	395.5	121.2	1.44	4.58	0	1,105	43	0.56	5.5	20.8	0.4	0.0	16.29	63	1.2758	2.0484	420	421.23	959.61	
304626	36	460.1	395.8	258.6	396.2	121.2	1.56	4.58	0	1,099	43	0.56	5.5	20.8	0.4	0.0	16.59	63	1.2758	2.0484	420	421.63	959.45	
305170	36	461.6	396.2	258.8	395.8	121.5	1.56	4.58	0	1,088	42	0.56	5.5	20.8	0.4	0.0	16.80	63	1.2758	2.0484	420	422.24	958.91	
305802	36	462.9	396.5	259.1	396.2	121.5	1.56	4.58	0	1,079	42	0.31	5.5	20.8	0.4	0.0	16.78	63	1.2758	2.0484	420	422.85	958.75	
306353	36	464.2	395.8	259.0	396.5	122.2	1.56	4.58	0	1,077	42	0.31	5.5	20.8	0.4	0.0	16.92	63	1.2758	2.0484	420	423.34	958.28	
306908	36	465.6	395.8	259.2	396.2	122.2	1.56	4.58	0	1,071	42	0.31	5.5	20.8	0.4	0.0	17.02	63	1.2758	2.0484	420	423.83	958.52	
307448	37	466.7	395.5	258.8	395.5	122.5	1.56	4.58	0	1,072	42	0.31	5.5	20.8	0.4	0.0	17.06	63	1.2758	2.0484	420	424.35	958.05	
307986	37	467.8	394.8	258.6	394.8	122.8	1.56	4.58	0	1,062	41	0.31	5.5	20.8	0.4	0.0	17.16	63	1.2758	2.0484	420	424.84	958.12	
308540	37	468.9	394.2	258.8	394.5	122.5	1.75	4.58	0	1,060	41	0.31	5.5	20.8	0.4	0.0	17.18	63	1.2758	2.0484	425	425.33	957.81	
309096	37	469.8	393.5	258.3	393.5	122.8	1.75	4.58	0	1,054	41	0.31	5.5	20.8	0.4	0.0	17.27	63	1.2758	2.0484	425	425.85	957.50	
309661	37	470.7	392.8	258.1	392.8	123.5	1.56	4.58	0	1,049	41	0.31	5.5	20.8	0.4	0.0	17.34	63	1.2758	2.0484	425	426.25	957.66	
310219	37	471.7	391.5	257.8	391.8	122.8	1.75	4.58	0	1,048	41	0.00	5.5	20.8	0.4	0.0	17.44	63	1.2758	2.0484	425	426.74	957.34	
310761	37	472.5	391.2	257.5	390.8	123.5	1.75	4.58	0	1,043	41	0.56	5.5	20.8	0.4	0.0	17.41	63	1.2758	2.0484	425	427.14	957.34	
311304	37	473.2	389.8	257.0	389.8	123.5	1.75	4.58	0	1,038	40	0.31	5.5	20.8	0.4	0.0	17.32	63	1.2758	2.0484	425	427.54	957.58	
311854	37	474.0	389.5	256.6	389.2	124.2	1.75	4.58	0	1,034	40	0.31	5.5	20.8	0.4	0.0	17.48	63	1.2758	2.0484	425	427.94	957.73	
312452	37	474.7	387.8	256.3	388.2	124.5	1.75	4.58	0	1,030	40	0.31	5.5	20.8	0.4	0.0	17.58	63	1.2758	2.0484	425	428.43	957.11	
313031	37	475.5	387.2	255.7	387.2	123.8	1.75	4.58	0	1,026	40	0.56	5.5	20.8	0.4	0.0	17.70	63	1.2758	2.0484	425	428.85	957.34	
313628	37	476.1	386.2	255.3	386.2	124.5	3.31	4.58	0	1,035	40	0.31	5.5	20.8	0.4	0.0	22.57	63	1.2758	2.0484	425	429.25	951.17	
314282	37	476.8	385.2	255.0	384.8	124.8	2.44	4.58	0	1,117	40	1.12	5.5	20.8	0.4	0.0	44.72	63	1.2758	2.0484	425	429.83	955.55	
314820	37	477.6	384.2	254.6	383.8	124.8	2.62	4.58	0	1,123	42	2.75	5.5	20.8	0.4	0.0	59.67	63	1.2758	2.0484	430	430.44	980.31	
315387	37	478.5	382.8	254.3	382.8	125.2	2.62	4.58	0	1,143	43	3.00	5.5	20.8	0.4	0.0	56.77	63	1.2758	2.0484	430	431.15	1,002.73	
315920	37	479.3	382.5	254.0	382.2	125.5	2.12	4.58	0	1,116	44	3.00	5.5	20.8	0.4	0.0	33.80	63	1.2758	2.0484	430	431.85	989.77	
316506	37	479.9	381.8	253.6	381.8	125.2	1.75	4.58	0	1,150	44	0.56	5.5	20.8	0.4	0.0	19.15	63	1.2758	2.0484	430	432.44	965.55	
317039	37	480.4	381.8	253.6	381.5	125.8	1.56	4.58	0	1,146	44	0.56	5.5	20.8	0.4	0.0	12.96	63	1.2758	2.0484	430	433.05	956.95	
317597	37	480.8	381.5	253.5	381.5	125.8	1.56	4.58	0	1,136	45	0.00	5.5	20.8	0.4	0.0	16.45	63	1.2758	2.0484	430	433.54	954.69	
318175	37	481.3	381.2	253.5	380.8	126.2	1.25	4.58	0	1,146	45	0.56	5.5	20.8	0.4	0.0	17.77	63	1.2758	2.0484	430	434.15	957.89	
318746	37	481.8	380.8	253.7	380.5	126.5	1.25	4.58	0	1,135	44	0.56	5.5	20.8	0.4	0.0	17.74	63	1.2758	2.0484	430	434.64	959.06	
319334	37	482.4	380.8	253.3	380.8	126.2	1.44	4.58	0	1,104	42	0.56	5.5	20.8	0.4	0.0	17.67	63	1.2758	2.0484	435	435.25	958.91	
319911	37	482.9	380.2	253.1	379.8	126.5	2.44	4.58	0	1,236	39	0.56	5.5	20.8	0.4	0.0	13.29	63	1.2758	2.0484	435	435.74	956.80	
320480	37	483.5	379.5	253.1	379.2	126.5	1.25	4.58	0	1,254	37	0.31	5.5	20.8	0.4	0.0	17.81	63	1.2758	2.0484	435	436.23	957.11	
321010	37	484.0	378.8	252.8	378.8	127.2	1.25	4.58	0	1,189	34	0.56	5.5	20.8	0.4	0.0	18.42	63	1.2758	2.0484	435	436.63	958.91	
321585	37	484.6	378.5	252.8	378.5	126.8	1.44	4.58	0	1,126	33	0.56	5.5	20.8	0.4	0.0	18.35	63	1.2758	2.0484	435	437.15	959.53	
322198	37	485.2	378.2	252.5	377.8	127.2	1.25	4.58	0	1,217	31	0.81	5.5	20.8	0.4	0.0	18.70	63	1.2758	2.0484	435	437.64	960.23	
322732	37	485.8	377.2	252.3	377.2	126.8	1.06	4.58	0	1,271	29	0.81	5.5	20.8	0.4	0.0	18.73	63	1.2758	2.0484	435	438.04	961.02	
323426	37	486.5	376.5	251.8	376.5	127.2	1.25	4.58	0	1,284	26	0.81	5.5	20.8	0.4	0.0	18.61	63	1.2758	2.0484	435	438.65	961.33	
323995	37	487.1	375.5	251.6	375.8	127.5	1.25	4.58	0	1,160	23	0.56	5.5	20.8	0.4	0.0	18.59	63	1.2758	2.0484	435	439.05	960.94	
324588	37	487.9	375.2	251.3	375.2	127.8	1.56	4.58	0	1,058	21	0.31	5.5	20.8	0.4	0.0	15.54	63	1.2758	2.0484	435	439.54	959.45	
325122	37	488.5	374.2	251.0	374.2	127.8	2.25	4.58	0	881	21	0.00	5.5	20.8	0.4	0.0	18.94	63	1.2758	2.0484	435	439.84	954.14	
325695	37	489.1	373.5	250.8	373.8	128.2	2.12	4.58	0	1,054	21	0.56	5.5	20.8	0.4	0.0	17.25	63	1.2758	2.0484	440	440.24	953.83	
326242	37	489.5	373.2	250.5	373.2	128.2	2.12	4.58	0	1,052	21	0.31	5.5	20.8	0.4	0.0	16.55	63	1.2758	2.0484	440	440.64	952.50	
326814	37	490.0	372.5	250.5	372.5	128.2	2.12	4.58	0	1,028	21	0.31	5.5	20.8	0.4	0.0	16.66	63	1.2758	2.0484	440	441.04	952.27	
327371	37	490.3	372.2	250.0	372.2	128.5	2.12	4.58	0	1,010	20	0.31	5.5	20.8	0.4	0.0	16.85	63	1.2758	2.0484	440	441.34	951.95	
327901	37	490.6	371.2	250.0	371.2	128.5	2.12	4.58	0	971	18	0.31	5.5	20.8	0.4	0.0	18.73	63	1.2758	2.0484	440	441.74	951.48	
328505	37	491.0	370.8	249.6	370.8	128.5	2.12	4.58	0	971	15	0.31	5.5	20.8	0.4	0.0	19.22	63	1.2758	2.0484	440	442.14	951.56	
329050	37	491.2	370.5	249.6	370.5	128.5	2.25	4.58	0	958	11	0.31	5.5	20.8	0.4	0.0	20.34	63	1.2758	2.0484	440	442.44	951.56	
329600	37	491.4	370.2	249.7	370.2	128.8	2.25	4.58	0	897	8	0.31	5.5	20.8	0.4	0.0	22.29	63	1.2758	2.0484	440	442.84	951.95	
330195	37	491.6	369.5	249.1	369.5	128.8	2.12	4.58	0	931	5	0.31	5.5	20.8	0.4	0.0	15.23	63	1.2758	2.0484	440	443.24	951.88	
330746	37	491.7	369.2	249.0	368.8	129.2	2.25	4.58	0	791	2	0.00	5.5	20.8	0.4	0.0	21.23	63	1.2758	2.0484	440	443.43	951.48	
331290	37	491.8	369.2	249.2	369.5	129.2	2.12	4.58	0	824	0	0.31	5.5	20.8	0.4	0.0	21.47	63	1.2758	2.0484	440	443.85	951.48	
331830	37	491.9	368.8	249.0	368.5	129.2	2.12	4.58	0	829	0	0.31	5.5	20.8	0.4	0.0	20.09	63	1.2758	2.0484	440	444.13	951.41	
332529	37	492.0	368.2	249.1	368.5	129.5	2.12	4.58	0	822	0	0.00	5.5	20.8	0.4	0.0	20.25	63	1.2758	2.0484	440	444.53	950.78	
333066	37	492.0	368.2	249.0	368.2	129.5	2.12	4.58	0	813	0	0.31	5.5	20.8	0.4	0.0	20.53	63	1.2758	2.0484	440	444.83	950.78	
333607	37	492.1	367.5	248.8	367.5	129.5	2.12	4.58	0	809	0	0.31	5.5	20.8	0.4	0.0	20.27	63	1.2758	2.0484	445	445.14	951.02	
334208	37	492.1	367.8	248.8	367.5	129.8	2.12	4.58	0	803	0	0.31	5.5	20.8	0.4	0.0	20.41	63	1.2758	2.0484	445	445.44	951.17	
334760	37	492.0	367.5	249.0	367.5	130.2	2.12	4.58	0	807	0	0.31	5.5	20.8	0.4	0.0	20.48	63	1.2758	2.0484	445	445.75	951.02	
335319	37	492.0	367.5	249.0	367.2	130.5	2.12	4.58	0	814	0	0.31	5.5	20.8	0.4	0.0	20.48	63	1.2758	2.0484	445	446.03	951.02	
335885	37	491.9	366.8	249.0	367.2	130.8	2.12	4.58	0	811	0	0.31	5.5	20.8	0.4	0.0	19.92	63	1.2758	2.0484	445	446.33	950.70	
336467	37	491.9	367.2	249.0	367.2	130.5	2.12	4.58	0	800	0	0.31	5.5	20.8	0.4	0.0	20.30	63	1.2758	2.0484	445	446.55	950.86	
337076	37	491.8	366.5	249.0	366.5	130.5	2.12	4.58	0	789	0	0.31	5.5	20.8	0.4	0.0	20.55	63	1.2758	2.0484	445	446.94	950.78	
337622	37	491.7	367.2	249.0	367.2	130.5	2.12	4.58	0	791	0	0.00	5.5	20.8	0.4	0.0	20.58	63	1.2758	2.0484	445	447.13	950.94	
338157	37	491.6	366.5	248.8	366.8	130.8	2.12	4.58	0	794	0	0.31	5.5	20.8	0.4	0.0	20.58	63	1.2758	2.0484	445	447.44	950.86	
338700	37	491.5	366.8	248.8	367.2	131.2	2.12	4.58	0	797	0	0.00	5.5	20.8	0.4	0.0	20.46	63	1.2758	2.0484	445	447.74	951.02	
339288	37	491.3	366.2	248.6	366.5	131.5	2.12	4.58	0	792	0	0.31	5.5	20.8	0.4	0.0	20.53	63	1.2758	2.0484	445	448.05	950.78	
339845	37	491.2	366.5	248.6	366.5	131.2	2.12	4.58	0	789	0	0.31	5.5	20.8	0.4	0.0	21.09	63	1.2758	2.0484	445	448.23	950.70	
340381	37	491.1	366.2	248.8	366.2	131.5	2.12	4.58	0	804	0	0.31	5.5	20.8	0.4	0.0	20.81	63	1.2758	2.0484	445	448.54	950.70	
341011	37	490.9	365.8	249.0	366.2	131.2	2.12	4.58	0	809	0	0.31	5.5	20.8	0.4	0.0	20.62	63	1.2758	2.0484	445	448.84	950.78	
341559	37	490.8	365.8	248.8	365.8	131.5	2.12	4.58	0	809	0	0.31	5.5	20.8	0.4	0.0	20.55	63	1.2758	2.0484	445	449.15	950.86	
342101	37	490.6	366.2	249.0	366.2	131.8	2.12	4.58	0	796	0	0.31	5.5	20.8	0.4	0.0	20.79	63	1.2758	2.0484	445	449.43	950.86	
342649	37	490.4	365.8	249.0	365.8	132.2	2.12	4.58	0	800	0	0.31	5.5	20.8	0.4	0.0	20.98	63	1.2758	2.0484	445	449.64	950.62	
343263	37	490.2	365.8	249.0	365.8	132.2	2.12	4.58	0	794	0	0.31	5.5	20.8	0.4	0.0	20.72	63	1.2758	2.0484	450	449.94	950.62	
343825	37	490.0	365.8	249.0	366.2	132.5	2.12	4.58	0	802	0	0.31	5.5	20.8	0.4	0.0	20.77	63	1.2758	2.0484	450	450.25	950.78	
344424	37	489.7	365.5	249.3	365.5	132.8	2.12	4.58	0	793	0	0.00	5.5	20.8	0.4	0.0	21.00	63	1.2758	2.0484	450	450.53	950.70	
345011	37	489.5	365.8	249.3	365.8	132.5	2.12	4.58	0	801	0	0.31	5.5	20.8	0.4	0.0	21.05	63	1.2758	2.0484	450	450.83	950.70	
345570	37	489.3	365.5	249.1	365.8	132.8	2.12	4.58	0	795	0	0.31	5.5	20.8	0.4	0.0	21.02	63	1.2758	2.0484	450	451.05	950.86	
346114	37	489.1	365.8	249.5	366.2	133.2	2.12	4.58	0	800	0	0.31	5.5	20.8	0.4	0.0	20.98	63	1.2758	2.0484	450	451.35	950.70	
346693	37	488.9	365.8	249.5	365.5	133.2	2.12	4.58	0	792	0	0.31	5.5	20.8	0.4	0.0	21.14	63	1.2758	2.0484	450	451.54	950.70	
347230	37	488.6	365.5	249.6	365.5	133.5	2.25	4.58	0	780	0	0.31	5.5	20.8	0.4	0.0	22.01	63	1.2758	2.0484	450	451.84	950.47	
347779	37	488.3	365.5	249.5	365.5	133.5	2.12	4.58	0	794	0	0.31	5.5	20.8	0.4	0.0	21.87	63	1.2758	2.0484	450	452.03	950.47	
348334	37	488.1	365.8	249.6	366.2	133.2	2.12	4.58	0	794	0	0.31	5.5	20.8	0.4	0.0	21.52	63	1.2758	2.0484	450	452.33	950.70	
348906	37	487.8	365.5	249.6	365.5	133.5	2.12	4.58	0	803	0	0.31	5.5	20.8	0.4	0.0	21.33	63	1.2758	2.0484	450	452.55	950.78	
349534	37	487.5	365.8	249.6	365.5	133.8	2.12	4.58	0	799	0	0.00	5.5	20.8	0.4	0.0	21.66	63	1.2758	2.0484	450	452.85	950.86	
350194	37	487.3	365.8	249.8	365.5	134.2	2.12	4.58	0	806	0	0.31	5.5	20.8	0.4	0.0	21.61	63	1.2758	2.0484	450	453.13	950.86	
350719	37	487.0	365.5	250.0	365.5	134.2	2.12	4.58	0	807	0	0.31	5.5	20.8	0.4	0.0	21.30	63	1.2758	2.0484	450	453.34	951.02	
351257	37	486.7	365.8	250.0	366.5	134.5	2.12	4.58	0	805	0	0.31	5.5	20.8	0.4	0.0	21.33	63	1.2758	2.0484	450	453.53	951.02	
351792	37	486.4	365.8	250.0	365.5	134.5	2.12	4.58	0	803	0	0.31	5.5	20.8	0.4	0.0	21.56	63	1.2758	2.0484	450	453.83	951.02	
352331	37	486.1	365.8	250.0	365.8	134.8	2.12	4.58	0	804	0	0.31	5.5	20.8	0.4	0.0	21.61	63	1.2758	2.0484	450	454.05	950.70	
352915	37	485.8	365.8	250.5	365.8	135.2	2.12	4.58	0	811	0	0.31	5.5	20.8	0.4	0.0	21.23	63	1.2758	2.0484	450	454.23	950.86	
353461	37	485.5	365.8	250.0	365.8	135.2	2.12	4.58	0	801	0	0.31	5.5	20.8	0.4	0.0	21.05	63	1.2758	2.0484	450	454.44	950.78	
354040	37	485.2	365.8	250.5	365.8	135.5	2.12	4.58	0	796	0	0.31	5.5	20.8	0.4	0.0	21.02	63	1.2758	2.0484	450	454.75	950.86	
354590	37	484.9	366.2	250.7	366.2	135.5	2.12	4.58	0	799	0	0.00	5.5	20.8	0.4	0.0	21.21	63	1.2758	2.0484	455	454.94	951.09	
355126	37	484.5	365.8	250.8	366.2	135.8	2.12	4.58	0	809	0	0.31	5.5	20.8	0.4	0.0	21.02	63	1.2758	2.0484	455	455.15	950.86	
355723	37	484.2	365.8	250.8	365.8	135.8	2.12	4.58	0	798	0	0.31	5.5	20.8	0.4	0.0	21.07	63	1.2758	2.0484	455	455.33	950.94	
356245	37	483.9	366.2	251.2	365.8	135.8	2.12	4.58	0	799	0	0.31	5.5	20.8	0.4	0.0	21.16	63	1.2758	2.0484	455	455.55	950.86	
356803	37	483.6	366.5	251.0	366.5	136.2	2.12	4.58	0	801	0	0.31	5.5	20.8	0.4	0.0	21.28	63	1.2758	2.0484	455	455.73	950.86	
357371	37	483.2	366.2	251.3	365.8	136.5	2.12	4.58	0	811	0	0.31	5.5	20.8	0.4	0.0	20.98	63	1.2758	2.0484	455	456.04	950.86	
357969	37	482.9	366.5	251.3	366.2	136.5	2.12	4.58	0	805	0	0.31	5.5	20.8	0.4	0.0	21.00	63	1.2758	2.0484	455	456.13	951.17	
358565	37	482.5	366.5	251.3	366.5	136.8	2.12	4.58	0	807	0	0.31	5.5	20.8	0.4	0.0	21.14	63	1.2758	2.0484	455	456.34	950.86	
359195	37	482.2	366.5	251.5	366.5	136.5	2.12	4.58	0	798	0	0.31	5.5	20.8	0.4	0.0	21.19	63	1.2758	2.0484	455	456.65	951.02	
359738	37	481.9	366.5	251.8	366.5	137.2	2.12	4.58	0	801	0	0.31	5.5	20.8	0.4	0.0	21.02	63	1.2758	2.0484	455	456.74	950.94	
360278	37	481.5	366.8	252.0	366.8	136.8	2.12	4.58	0	803	0	0.31	5.5	20.8	0.4	0.0	20.98	63	1.2758	2.0484	455	456.93	950.70	
360824	37	481.1	366.8	252.0	366.8	137.2	2.12	4.58	0	798	0	0.31	5.5	20.8	0.4	0.0	21.09	63	1.2758	2.0484	455	457.14	950.78	
361405	37	480.8	366.8	252.1	366.8	137.5	2.12	4.58	0	795	0	0.31	5.5	20.8	0.4	0.0	21.12	63	1.2758	2.0484	455	457.35	950.70	
361937	37	480.4	367.2	252.5	367.2	137.5	2.12	4.58	0	797	0	0.31	5.5	20.8	0.4	0.0	21.14	63	1.2758	2.0484	455	457.44	950.70	
362522	37	480.0	367.2	252.5	367.5	137.5	2.12	4.58	0	799	0	0.31	5.5	20.8	0.4	0.0	21.05	63	1.2758	2.0484	455	457.63	950.86	
363102	37	479.7	367.5	252.6	367.5	138.2	2.12	4.58	0	790	0	0.31	5.5	20.8	0.4	0.0	21.12	63	1.2758	2.0484	455	457.84	950.70	
363641	37	479.3	367.2	252.5	367.2	138.2	2.12	4.58	0	793	0	0.31	5.5	20.8	0.4	0.0	21.38	63	1.2758	2.0484	455	457.94	950.55	
364235	37	478.9	367.5	252.8	367.5	138.2	2.12	4.58	0	789	0	0.31	5.5	20.8	0.4	0.0	21.47	63	1.2758	2.0484	455	458.15	950.70	
364805	37	478.6	367.2	252.8	367.5	138.2	2.12	4.58	0	791	0	0.31	5.5	20.8	0.4	0.0	21.26	63	1.2758	2.0484	455	458.24	950.86	
365360	37	478.2	367.5	253.3	367.5	138.5	2.12	4.58	0	797	0	0.31	5.5	20.8	0.4	0.0	21.30	63	1.2758	2.0484	455	458.43	950.86	
365932	37	477.8	368.2	253.3	367.8	138.5	2.12	4.58	0	790	0	0.31	5.5	20.8	0.4	0.0	21.07	63	1.2758	2.0484	455	458.55	950.70	
366537	37	477.4	367.8	253.3	367.8	138.8	2.12	4.58	0	784	0	0.31	5.5	20.8	0.4	0.0	21.59	63	1.2758	2.0484	455	458.73	950.78	
367101	37	477.0	367.8	253.3	368.2	138.8	2.12	4.58	0	817	0	0.31	5.5	20.8	0.4	0.0	25.38	63	1.2758	2.0484	455	458.85	949.84	
367763	37	476.6	368.5	253.7	368.5	139.2	2.25	4.58	0	882	0	0.31	5.5	20.8	0.4	0.0	23.55	63	1.2758	2.0484	455	459.04	951.56	
368324	37	476.2	368.2	253.8	368.5	138.8	2.12	4.58	0	870	0	0.31	5.5	20.8	0.4	0.0	24.91	63	1.2758	2.0484	455	459.13	951.56	
368854	37	475.7	368.5	254.0	368.5	139.2	2.25	4.58	0	847	0	0.31	5.5	20.8	0.4	0.0	28.20	63	1.2758	2.0484	455	459.25	951.02	
369379	37	475.3	368.8	254.0	368.8	140.5	2.25	4.58	0	827	0	0.56	5.5	20.8	0.4	0.0	31.66	63	1.2758	2.0484	455	459.44	952.66	
369936	38	474.8	369.2	254.3	369.2	139.8	2.25	4.58	0	817	0	0.56	5.5	20.8	0.4	0.0	32.44	63	1.2758	2.0484	455	459.53	953.83	
370493	37	474.4	369.2	254.7	369.2	140.2	2.25	4.58	0	819	0	0.56	5.5	20.8	0.4	0.0	31.57	63	1.2758	2.0484	455	459.74	954.53	
371099	37	473.8	369.5	254.8	369.5	140.2	2.25	4.58	0	826	0	0.56	5.5	20.8	0.4	0.0	31.92	63	1.2758	2.0484	455	459.83	955.55	
371619	37	473.3	369.5	254.7	369.5	140.5	2.25	4.58	0	823	0	0.56	5.5	20.8	0.4	0.0	29.72	63	1.2758	2.0484	460	460.05	955.55	
372222	37	472.7	369.8	255.5	369.8	140.5	2.25	4.58	0	807	0	0.56	5.5	20.8	0.4	0.0	28.83	63	1.2758	2.0484	460	460.14	954.61	
372791	37	472.2	370.2	255.5	370.5	140.5	2.25	4.58	0	823	0	0.56	5.5	20.8	0.4	0.0	26.16	63	1.2758	2.0484	460	460.35	953.83	
373351	37	471.7	370.8	255.8	370.5	141.5	2.25	4.58	0	820	0	0.31	5.5	20.8	0.4	0.0	28.31	63	1.2758	2.0484	460	460.44	951.17	
373916	37	471.1	371.2	256.2	371.2	141.5	2.62	4.58	0	1,054	0	1.12	5.5	20.8	0.4	0.0	35.77	63	1.2758	2.0484	460	460.63	954.61	
374450	38	470.6	371.5	256.3	371.2	141.5	2.25	4.58	0	966	2	0.56	5.5	20.8	0.4	0.0	37.57	63	1.2758	2.0484	460	460.75	955.23	
375043	38	469.9	371.5	256.6	371.8	141.8	2.12	4.58	0	1,094	4	0.81	5.5	20.8	0.4	0.0	32.62	63	1.2758	2.0484	460	460.84	956.25	
375639	38	469.3	372.5	257.1	372.5	141.8	2.44	4.58	0	1,008	6	0.81	5.5	20.8	0.4	0.0	41.04	63	1.2758	2.0484	460	461.03	956.80	
376198	38	468.5	372.8	257.5	372.8	142.2	2.44	4.58	0	1,234	8	2.19	5.5	20.8	0.4	0.0	46.95	63	1.2758	2.0484	460	461.24	968.36	
376869	38	467.7	373.5	257.8	373.8	142.2	2.81	4.58	0	1,480	11	3.25	5.5	20.8	0.4	0.0	48.70	63	1.2758	2.0484	460	461.43	997.11	
377411	38	466.8	374.2	258.3	374.5	142.2	3.12	4.58	0	1,551	14	4.06	5.5	20.8	0.4	0.0	50.91	63	1.2758	2.0484	460	461.64	1,016.33	
377951	38	465.6	375.5	259.0	375.5	142.2	2.62	4.58	0	1,451	16	4.06	5.5	20.8	0.4	0.0	47.65	63	1.2758	2.0484	460	461.85	1,027.97	
378480	38	464.6	376.5	259.6	376.8	142.5	2.25	4.58	0	1,429	17	2.75	5.5	20.8	0.4	0.0	39.40	63	1.2758	2.0484	460	461.94	1,016.25	
379102	38	463.7	377.8	260.1	377.8	142.8	1.94	4.58	0	1,419	18	1.38	5.5	20.8	0.4	0.0	18.54	63	1.2758	2.0484	460	462.04	972.27	
379644	37	463.0	379.5	261.1	379.2	142.8	1.75	4.58	0	1,359	17	1.12	5.5	20.8	0.4	0.0	15.96	63	1.2758	2.0484	460	462.13	959.45	
380172	37	462.3	380.8	261.6	380.8	143.2	1.94	4.58	0	1,346	17	1.12	5.5	20.8	0.4	0.0	14.55	63	1.2758	2.0484	460	462.25	955.31	
380720	37	461.8	382.5	262.8	382.5	143.2	1.94	4.58	0	1,290	17	0.81	5.5	20.8	0.4	0.0	12.42	63	1.2758	2.0484	460	462.34	953.28	
381259	37	461.3	383.8	263.5	383.8	143.5	2.62	4.58	0	1,243	16	0.56	5.5	20.8	0.4	0.0	17.02	63	1.2758	2.0484	460	462.44	953.36	
381799	37	460.8	385.2	264.0	384.8	143.8	0.88	4.58	0	1,211	15	0.56	5.5	20.8	0.4	0.0	24.61	63	1.2758	2.0484	460	462.44	950.31	
382323	37	460.3	385.5	264.8	385.8	143.8	2.25	4.58	0	1,200	15	1.38	5.5	20.8	0.4	0.0	39.59	63	1.2758	2.0484	460	462.53	953.12	
382895	38	459.7	386.5	265.3	386.8	143.8	2.44	4.58	0	1,369	16	3.00	5.5	20.8	0.4	0.0	48.21	63	1.2758	2.0484	460	462.65	971.88	
383484	38	459.1	387.5	265.6	387.5	143.8	2.44	4.58	0	1,396	18	2.19	5.5	20.8	0.4	0.0	30.49	63	1.2758	2.0484	460	462.65	975.70	
384011	38	458.6	388.8	266.3	388.8	144.2	1.56	4.58	0	1,448	18	1.12	5.5	20.8	0.4	0.0	16.15	63	1.2758	2.0484	460	462.74	961.95	
384565	37	458.2	389.8	267.0	389.8	144.5	1.56	4.58	0	1,326	17	1.12	5.5	20.8	0.4	0.0	15.19	63	1.2758	2.0484	460	462.74	956.17	
385138	37	457.8	391.2	267.8	391.2	144.5	1.56	4.58	0	1,272	16	0.81	5.5	20.8	0.4	0.0	13.45	63	1.2758	2.0484	460	462.74	953.91	
385815	37	457.4	391.8	268.1	392.2	144.5	1.06	4.58	0	1,100	14	0.00	5.5	20.8	0.4	0.0	12.21	63	1.2758	2.0484	460	462.83	954.38	
386409	37	457.1	393.2	268.8	393.8	144.5	2.12	4.58	0	909	11	0.00	5.5	20.8	0.4	0.0	16.43	63	1.2758	2.0484	460	462.83	952.81	
386983	37	456.7	394.5	269.8	394.2	145.5	2.12	4.58	0	771	8	0.31	5.5	20.8	0.4	0.0	28.24	63	1.2758	2.0484	460	462.83	951.02	
387511	38	456.4	394.8	269.6	394.8	144.8	2.44	4.58	0	903	4	0.56	5.5	20.8	0.4	0.0	28.36	63	1.2758	2.0484	460	462.83	951.48	
388068	38	456.1	395.5	270.3	395.5	145.2	2.44	4.58	0	903	5	0.56	5.5	20.8	0.4	0.0	33.05	63	1.2758	2.0484	460	462.83	952.42	
388672	38	455.8	396.2	271.0	396.2	145.5	2.25	4.58	0	972	5	0.81	5.5	20.8	0.4	0.0	29.04	63	1.2758	2.0484	460	462.74	954.45	
389258	38	455.5	396.5	271.0	396.8	145.5	2.12	4.58	0	1,015	6	0.31	5.5	20.8	0.4	0.0	28.45	63	1.2758	2.0484	460	462.74	947.97	
389795	38	455.2	397.5	271.6	397.5	145.8	2.81	4.58	0	1,262	7	3.25	5.5	20.8	0.4	0.0	61.03	63	1.2758	2.0484	460	462.74	965.70	
390334	38	454.8	398.2	271.8	398.2	146.2	2.44	4.58	0	1,343	9	7.06	5.5	20.8	0.4	0.0	61.31	63	1.2758	2.0484	460	462.74	965.62	
390884	38	454.3	398.8	272.3	399.2	146.2	2.44	4.58	0	1,387	12	7.06	5.5	20.8	0.4	0.0	58.90	63	1.2758	2.0484	460	462.65	963.98	
391416	38	453.8	399.8	273.1	399.8	146.2	3.31	4.58	0	1,450	15	5.12	5.5	20.8	0.4	0.0	60.05	63	1.2758	2.0484	460	462.53	1,007.66	
392011	38	453.3	400.8	273.6	400.8	146.8	4.38	4.58	0	1,586	18	5.69	5.5	20.8	0.4	0.0	65.09	63	1.2758	2.0484	460	462.44	1,072.89	
392568	38	452.8	401.8	274.1	402.2	146.8	6.12	4.58	0	1,762	21	7.88	5.5	20.8	0.4	0.0	72.56	63	1.2758	2.0484	460	462.13	1,121.80	
393142	39	452.5	403.8	275.1	403.8	147.2	6.44	4.58	0	1,883	25	9.50	5.5	20.8	0.4	0.0	72.19	63	1.2758	2.0484	460	461.94	1,127.89	
393722	39	452.3	405.5	276.2	405.8	147.2	6.25	4.58	0	2,182	28	11.88	5.5	20.8	0.4	0.0	74.32	63	1.2758	2.0570	460	461.55	1,192.42	
394432	39	452.5	407.5	277.5	408.5	147.5	5.94	4.58	0	1,646	30	10.00	5.5	20.8	0.4	0.0	78.89	63	1.2758	2.0570	460	461.03	1,166.80	
395010	39	453.4	410.8	278.6	410.8	147.8	5.94	4.58	0	1,732	33	8.94	5.5	20.8	0.4	0.0	78.21	63	1.2758	2.0570	460	460.63	1,203.75	
395547	39	455.6	414.5	280.8	414.5	148.2	7.31	4.58	0	1,881	36	10.56	5.5	20.8	0.4	0.0	80.37	63	1.2758	2.0484	460	460.35	1,213.59	
396098	39	458.1	417.2	282.3	417.5	148.2	7.31	4.58	0	1,953	39	11.62	5.5	20.8	0.4	0.0	71.32	63	1.2758	2.0484	460	460.05	1,148.91	
396649	39	460.8	420.5	284.0	420.8	148.5	5.75	4.58	0	2,046	41	6.50	5.5	20.8	0.4	0.0	60.14	63	1.2758	2.0484	460	459.93	1,053.20	
397230	39	463.5	423.5	286.0	424.2	148.5	3.12	4.58	0	1,518	42	4.31	5.5	20.8	0.4	0.0	46.55	63	1.2758	2.0406	455	459.83	1,063.98	
397775	39	465.9	427.2	288.0	427.5	148.5	2.62	4.58	0	1,464	43	3.00	5.5	20.8	0.4	0.0	29.91	63	1.2758	2.0492	460	459.93	1,024.22	
398313	39	468.3	430.8	289.7	431.2	148.8	2.25	4.58	0	1,263	43	0.81	5.5	20.8	0.4	0.0	23.13	63	1.2758	2.0492	460	460.05	975.08	
398893	38	470.1	433.8	291.3	434.5	149.5	1.75	4.58	0	1,074	43	0.56	5.5	20.8	0.4	0.0	13.50	63	1.2758	2.0492	460	460.14	960.86	
399482	38	471.7	436.8	293.1	437.2	149.5	0.88	4.58	0	1,093	43	-0.19	5.5	20.8	0.4	0.0	15.23	63	1.2758	2.0492	460	460.23	955.62	
400005	38	473.0	439.5	294.5	439.8	149.8	1.56	4.58	0	1,092	42	0.31	5.5	20.8	0.4	0.0	16.55	63	1.2758	2.0406	460	460.44	955.62	
400601	38	474.5	441.5	295.6	441.5	149.8	1.94	4.58	0	1,115	42	0.31	5.5	20.8	0.4	0.0	32.11	63	1.2758	2.0406	460	460.63	948.75	
401211	38	476.1	443.5	296.8	443.5	150.5	2.44	4.58	0	1,204	43	3.00	5.5	20.8	0.4	0.0	60.56	63	1.2758	2.0406	460	460.84	966.48	
401765	39	477.8	444.5	297.3	444.5	150.2	2.62	4.58	0	1,175	44	5.44	5.5	20.8	0.4	0.0	62.53	63	1.2758	2.0500	460	461.15	1,010.16	
402305	39	479.6	445.5	298.0	445.5	150.5	1.56	4.58	0	1,173	44	1.62	5.5	20.8	0.4	0.0	24.35	63	1.2758	2.0500	460	461.43	977.03	
402887	38	481.3	446.5	298.8	446.5	150.8	2.62	4.58	0	1,303	45	3.00	5.5	20.8	0.4	0.0	65.53	63	1.2758	2.0414	460	461.85	981.72	
403558	39	483.0	447.5	299.2	447.8	151.2	3.12	4.58	0	1,279	46	6.75	5.5	20.4	0.4	0.0	86.18	63	1.2758	2.0500	460	462.34	1,103.12	
404107	39	485.0	448.8	300.0	448.8	151.5	3.81	4.58	0	1,299	48	10.81	5.5	20.8	0.4	0.0	100.66	63	1.2758	2.0500	460	463.05	1,225.16	
404674	39	488.5	449.5	300.6	449.8	151.8	3.69	4.58	0	1,319	50	13.25	5.5	20.8	0.4	0.0	57.75	63	1.2758	2.0500	460	463.75	1,092.27	
405200	39	490.9	450.5	301.3	450.5	151.8	1.75	4.58	0	1,291	50	2.75	5.5	20.8	0.4	0.0	23.93	64	1.2758	2.0500	460	464.33	995.86	
405769	38	493.0	451.5	301.8	451.8	152.5	2.81	4.58	0	1,445	51	2.75	5.5	20.8	0.4	0.0	60.82	64	1.2758	2.0500	465	464.94	988.36	
406308	39	495.3	452.5	302.6	452.8	152.5	3.69	4.58	0	1,403	52	9.50	5.5	20.8	0.4	0.0	87.75	64	1.2758	2.0500	465	465.83	1,131.88	
406887	39	498.1	453.8	303.1	453.8	152.8	4.69	4.58	0	1,398	53	12.44	5.5	20.8	0.4	0.0	105.75	64	1.2758	2.0500	465	466.94	1,283.83	
407424	39	501.8	454.8	303.6	454.8	152.8	4.38	4.58	0	1,434	55	13.00	5.5	20.8	0.4	0.0	81.42	64	1.2758	2.0500	465	468.04	1,153.75	
408006	39	505.6	455.8	304.6	455.8	153.2	4.38	4.58	0	1,479	56	9.75	5.5	20.8	0.4	0.0	55.69	64	1.2758	2.0500	465	469.35	1,077.58	
408582	39	509.4	456.8	305.1	456.8	153.5	1.94	4.58	0	1,493	57	1.62	5.5	20.8	0.4	0.0	22.97	64	1.2758	2.0500	470	470.55	996.33	
409162	38	511.9	458.2	305.5	458.2	153.8	1.56	4.58	0	1,460	57	0.81	5.5	20.8	0.4	0.0	12.54	64	1.2758	2.0500	470	471.34	967.81	
409732	38	514.2	459.2	306.7	459.2	154.2	2.62	4.58	0	1,407	57	0.31	5.5	20.8	0.4	0.0	16.20	64	1.2758	2.0500	470	472.23	959.84	
410300	38	516.1	460.2	306.8	459.8	154.2	1.06	4.58	0	1,333	56	0.56	5.5	20.8	0.4	0.0	17.32	64	1.2758	2.0500	470	473.15	963.67	
410843	38	517.9	460.8	307.5	460.8	154.5	1.06	4.58	0	1,279	55	0.81	5.5	20.8	0.4	0.0	17.34	64	1.2758	2.0500	470	473.94	963.52	
411393	38	519.5	460.8	307.8	460.8	154.5	1.25	4.58	0	1,240	55	0.56	5.5	20.8	0.4	0.0	17.27	64	1.2758	2.0500	470	474.74	963.59	
411967	38	521.0	460.8	307.6	460.8	154.8	1.44	4.58	0	1,133	54	0.56	5.5	20.8	0.4	0.0	16.64	64	1.2758	2.0500	475	475.44	962.81	
412643	38	522.6	460.8	307.6	460.5	155.2	1.56	4.58	0	1,115	53	0.56	5.5	20.8	0.4	0.0	16.59	64	1.2758	2.0500	475	476.43	961.88	
413168	38	523.9	460.2	307.7	460.2	155.5	1.44	4.58	0	1,265	51	0.56	5.5	20.8	0.4	0.0	11.60	64	1.2758	2.0500	475	477.25	958.98	
413736	38	525.4	459.5	307.6	459.5	155.5	1.56	4.58	0	1,277	49	0.81	5.5	20.8	0.4	0.0	17.09	64	1.2758	2.0500	475	477.93	961.25	
414268	38	526.5	458.8	307.5	458.5	155.5	1.25	4.58	0	1,249	48	0.81	5.5	20.8	0.4	0.0	17.65	64	1.2758	2.0500	475	478.54	962.11	
414806	38	527.6	458.2	306.8	457.8	156.2	1.25	4.58	0	1,206	46	0.56	5.5	20.8	0.4	0.0	17.60	64	1.2758	2.0500	475	479.33	962.58	
415376	38	528.8	456.8	306.7	456.8	156.5	1.44	4.58	0	1,159	45	0.56	5.5	20.8	0.4	0.0	17.23	64	1.2758	2.0500	480	480.04	962.27	
415914	38	529.7	455.8	306.2	455.8	156.5	1.44	4.58	0	1,157	45	0.56	5.5	20.8	0.4	0.0	17.13	64	1.2758	2.0500	480	480.65	962.27	
416507	38	530.8	454.8	306.0	454.8	156.5	1.44	4.58	0	1,145	45	0.56	5.5	20.8	0.4	0.0	17.34	64	1.2758	2.0500	480	481.35	962.11	
417091	38	531.8	453.8	305.1	453.5	157.2	1.44	4.58	0	1,140	44	0.56	5.5	20.8	0.4	0.0	17.39	64	1.2758	2.0500	480	482.03	962.34	
417676	38	532.8	452.5	304.6	452.5	157.2	2.62	4.58	0	1,175	44	0.81	5.5	20.8	0.4	0.0	21.70	64	1.2758	2.0500	480	482.73	951.88	
418219	39	533.7	451.5	304.3	451.5	157.2	2.81	4.58	0	1,256	45	3.00	5.5	20.8	0.4	0.0	63.12	64	1.2758	2.0500	480	483.44	964.84	
418831	39	534.8	450.2	303.8	450.2	156.8	3.00	4.58	0	1,245	46	5.44	5.5	20.8	0.4	0.0	71.86	64	1.2758	2.0500	480	484.44	1,037.42	
419436	39	536.2	448.5	303.1	448.5	157.8	3.50	4.58	0	1,264	48	8.94	5.5	20.8	0.4	0.0	91.62	64	1.2758	2.0500	485	485.64	1,142.66	
420000	39	537.7	447.8	302.8	447.8	157.5	4.00	4.58	0	1,307	49	12.44	5.5	20.8	0.4	0.0	98.88	64	1.2758	2.0500	485	486.93	1,191.41	
420536	39	539.6	447.5	302.5	447.5	158.2	3.50	4.58	0	1,326	51	12.44	5.5	20.8	0.4	0.0	55.64	64	1.2758	2.0500	485	488.15	1,106.09	
421227	39	541.3	447.2	302.8	447.2	158.5	1.44	4.58	0	1,326	51	2.19	5.5	20.8	0.4	0.0	21.96	64	1.2758	2.0500	485	489.53	992.11	
421777	38	542.4	447.5	302.7	447.5	158.2	1.25	4.58	0	1,328	51	0.81	5.5	20.8	0.4	0.0	12.77	64	1.2758	2.0414	490	490.54	967.11	
422353	38	543.5	447.5	303.0	447.8	158.5	2.12	4.58	0	1,264	51	0.00	5.5	20.8	0.4	0.0	15.87	64	1.2758	2.0414	490	491.43	960.47	
422936	38	544.4	447.5	303.0	447.5	158.5	1.75	4.58	0	1,267	51	0.81	5.5	20.8	0.4	0.0	36.54	64	1.2758	2.0508	490	492.44	949.84	
423477	38	545.3	447.5	303.1	447.8	158.8	2.81	4.58	0	1,182	51	3.81	5.5	20.8	0.4	0.0	70.24	64	1.2758	2.0508	490	493.63	990.39	
424082	39	546.3	447.8	303.3	447.8	158.8	3.12	4.58	0	1,198	53	5.94	5.5	20.8	0.4	0.0	86.58	64	1.2758	2.0508	490	495.04	1,077.42	
424631	39	547.6	447.5	303.3	447.5	159.2	4.69	4.58	0	1,421	54	12.19	5.5	20.8	0.4	0.0	102.70	64	1.2758	2.0508	495	496.35	1,249.53	
425156	39	549.1	447.5	303.5	447.8	159.5	5.94	4.58	0	1,433	55	16.50	5.5	20.8	0.4	0.0	111.63	64	1.2758	2.0508	495	497.85	1,327.50	
425698	39	551.2	448.2	303.8	448.5	159.2	6.25	4.58	0	1,497	57	17.56	5.5	20.8	0.4	0.0	102.19	64	1.2758	2.0508	495	499.63	1,264.22	
426293	39	553.9	448.8	304.0	448.8	159.5	4.00	4.58	0	1,506	59	10.00	5.5	20.8	0.4	0.0	42.14	64	1.2758	2.0508	500	501.53	1,073.91	
426882	38	556.2	449.8	304.6	450.2	159.8	1.56	4.58	0	1,533	59	1.12	5.5	20.8	0.4	0.0	17.67	64	1.2758	2.0508	500	502.94	990.08	
427416	38	557.6	450.8	305.5	451.2	160.2	1.25	4.58	0	1,537	60	0.81	5.5	20.8	0.4	0.0	12.07	64	1.2758	2.0422	500	504.04	967.81	
427952	38	558.8	452.5	305.8	452.5	160.2	1.75	4.58	0	1,486	59	0.31	5.5	20.8	0.4	0.0	16.73	64	1.2758	2.0422	505	505.05	961.80	
428509	38	560.0	453.5	306.7	453.5	160.2	1.06	4.58	0	1,404	59	0.81	5.5	20.8	0.4	0.0	17.60	64	1.2758	2.0508	505	506.24	965.08	
429063	38	561.0	454.5	307.3	454.5	160.2	1.06	4.58	0	1,362	58	0.81	5.5	20.8	0.4	0.0	17.18	64	1.2758	2.0508	505	507.25	966.02	
429639	38	562.2	454.8	307.6	455.2	160.8	1.25	4.58	0	1,319	58	0.81	5.5	20.8	0.4	0.0	17.06	64	1.2758	2.0508	505	508.35	966.09	
430225	38	563.0	455.5	308.1	455.5	160.8	1.25	4.58	0	1,266	58	0.81	5.5	20.8	0.4	0.0	17.41	64	1.2758	2.0508	505	509.43	965.55	
430743	38	563.9	455.8	308.1	455.5	160.8	1.25	4.58	0	1,217	58	0.56	5.5	20.8	0.4	0.0	17.16	64	1.2758	2.0508	510	510.25	965.23	
431315	38	564.8	456.2	308.5	456.2	161.2	1.44	4.58	0	1,204	57	0.56	5.5	20.8	0.4	0.0	17.23	64	1.2758	2.0508	510	511.35	965.16	
431860	38	565.6	455.8	308.7	455.8	161.2	1.25	4.58	0	1,206	58	0.56	5.5	20.8	0.4	0.0	17.18	64	1.2758	2.0508	510	512.15	964.69	
432415	38	566.4	455.5	308.5	455.8	161.5	1.25	4.58	0	1,206	58	0.56	5.5	20.8	0.4	0.0	17.48	64	1.2758	2.0508	510	513.04	964.92	
432966	39	567.1	455.5	308.3	455.2	161.5	1.25	4.58	0	1,206	58	0.56	5.5	20.8	0.4	0.0	17.67	64	1.2758	2.0508	510	513.74	965.23	
433532	39	567.8	455.2	308.3	454.8	162.2	1.25	4.58	0	1,196	57	0.56	5.5	20.8	0.4	0.0	17.77	64	1.2758	2.0508	510	514.63	964.92	
434064	39	568.4	454.5	308.1	454.5	161.8	1.44	4.58	0	1,198	57	0.56	5.5	20.8	0.4	0.0	18.00	64	1.2758	2.0508	515	515.33	965.00	
434604	39	568.9	454.2	308.2	453.8	162.2	1.44	4.58	0	1,199	57	0.56	5.5	20.8	0.4	0.0	17.84	64	1.2758	2.0508	515	516.13	964.92	
435198	39	569.5	453.2	307.8	453.5	161.5	1.44	4.58	0	1,196	57	0.56	5.5	20.8	0.4	0.0	17.98	64	1.2758	2.0508	515	516.83	964.92	
435744	39	570.0	452.8	307.5	452.5	162.2	3.31	4.58	0	1,228	57	0.81	5.5	20.8	0.4	0.0	45.35	64	1.2758	2.0508	515	517.54	955.55	
436280	39	570.5	451.8	307.2	451.8	162.5	3.12	4.58	0	1,341	58	5.12	5.5	20.8	0.4	0.0	66.00	64	1.2758	2.0508	515	518.64	1,001.64	
436821	39	570.9	451.2	307.0	451.2	162.5	3.31	4.58	0	1,343	60	7.31	5.5	20.8	0.4	0.0	74.37	64	1.2758	2.0508	515	519.53	1,048.91	
437367	39	571.0	451.2	306.6	451.2	162.8	1.94	4.58	0	1,274	61	3.25	5.5	20.8	0.4	0.0	29.06	64	1.2758	2.0508	520	520.54	1,008.67	
437912	39	571.1	450.2	306.5	450.5	162.5	1.94	4.58	0	1,293	61	1.12	5.5	20.8	0.4	0.0	17.09	64	1.2758	2.0508	520	521.24	974.69	
438493	39	571.1	450.8	306.6	450.5	162.8	1.94	4.58	0	1,290	62	0.81	5.5	20.8	0.4	0.0	12.02	64	1.2758	2.0508	520	522.04	961.72	
439213	38	571.0	450.5	306.8	450.8	162.8	1.44	4.58	0	1,298	62	0.56	5.5	20.8	0.4	0.0	17.79	64	1.2758	2.0508	520	522.93	964.84	
439738	38	571.1	450.8	307.0	450.8	163.2	0.88	4.58	0	1,295	62	0.56	5.5	20.8	0.4	0.0	17.79	64	1.2758	2.0508	520	523.54	965.70	
440270	39	571.1	450.5	307.0	450.5	162.8	0.88	4.58	0	1,293	62	0.81	5.5	20.8	0.4	0.0	17.81	64	1.2758	2.0508	520	524.33	966.25	
440840	39	571.3	450.5	307.0	450.5	163.2	0.88	4.58	0	1,296	62	0.81	5.5	20.8	0.4	0.0	17.81	64	1.2758	2.0508	520	524.85	966.95	
441409	39	571.4	450.5	307.0	450.5	163.5	1.06	4.58	0	1,293	62	0.81	5.5	20.8	0.4	0.0	18.07	64	1.2758	2.0508	525	525.53	967.73	
441966	39	571.5	450.2	306.8	450.2	163.5	1.06	4.58	0	1,291	61	1.12	5.5	20.8	0.4	0.0	18.12	64	1.2758	2.0508	525	526.05	967.34	
442511	39	571.7	449.8	306.5	449.5	163.2	3.50	4.58	0	1,403	61	1.12	5.5	20.8	0.4	0.0	13.17	64	1.2758	2.0508	525	526.75	964.92	
443052	39	571.9	449.2	306.3	449.5	163.5	1.75	4.58	0	1,591	61	0.31	5.5	20.8	0.4	0.0	17.53	64	1.2758	2.0508	525	527.24	964.92	
443595	39	572.0	448.8	306.1	448.8	163.5	1.44	4.58	0	1,578	61	0.81	5.5	20.8	0.4	0.0	18.77	64	1.2758	2.0508	525	527.85	968.20	
444170	39	572.2	448.5	306.1	448.2	163.5	1.44	4.58	0	1,575	61	0.81	5.5	20.8	0.4	0.0	18.82	64	1.2758	2.0508	525	528.34	970.08	
444702	39	572.5	448.2	305.8	448.2	164.2	1.56	4.58	0	1,574	61	0.81	5.5	20.8	0.4	0.0	18.75	64	1.2758	2.0508	525	528.83	971.56	
445288	39	572.9	447.5	305.8	447.5	163.5	1.56	4.58	0	1,576	61	0.81	5.5	20.8	0.4	0.0	18.94	64	1.2758	2.0508	525	529.44	972.19	
445855	40	573.2	446.8	305.6	447.2	163.8	1.44	4.58	0	1,575	61	0.81	5.5	20.8	0.4	0.0	18.89	64	1.2758	2.0508	525	529.84	972.42	
446461	40	573.6	446.2	305.3	446.5	163.5	1.44	4.58	0	1,572	61	0.81	5.5	20.8	0.4	0.0	19.20	64	1.2758	2.0508	530	530.33	972.97	
447029	40	574.0	446.2	305.3	446.2	163.8	1.44	4.58	0	1,570	61	0.81	5.5	20.8	0.4	0.0	19.24	64	1.2758	2.0508	530	530.85	972.42	
447673	40	574.3	445.8	304.6	445.8	163.8	1.44	4.58	0	1,575	61	0.81	5.5	20.8	0.4	0.0	19.17	64	1.2758	2.0508	530	531.25	972.97	
448202	40	574.7	445.5	304.8	445.5	163.8	1.56	4.58	0	1,575	61	0.81	5.5	20.8	0.4	0.0	19.41	64	1.2758	2.0508	530	531.74	972.97	
448727	40	575.1	444.8	304.3	444.8	163.8	1.44	4.58	0	1,573	61	0.81	5.5	20.8	0.4	0.0	19.43	64	1.2758	2.0508	530	532.14	972.58	
449305	40	575.5	444.5	304.0	444.2	164.2	1.44	4.58	0	1,560	61	0.81	5.5	20.8	0.4	0.0	19.62	64	1.2758	2.0508	530	532.54	972.73	
449872	40	575.8	444.2	304.2	443.8	164.2	1.25	4.58	0	1,534	60	1.12	5.5	20.8	0.4	0.0	19.62	64	1.2758	2.0508	530	532.84	972.66	
450471	40	576.1	443.8	304.0	443.5	164.5	1.25	4.58	0	1,517	59	1.12	5.5	20.8	0.4	0.0	19.69	64	1.2758	2.0508	530	533.24	972.58	
451087	40	576.5	443.2	303.3	443.2	163.8	1.25	4.58	0	1,456	54	1.12	5.5	20.8	0.4	0.0	20.30	64	1.2758	2.0508	530	533.73	971.64	
451637	40	576.8	443.2	303.8	443.2	164.5	3.00	4.58	0	1,286	48	0.81	5.5	20.8	0.4	0.0	11.84	64	1.2758	2.0508	530	534.04	967.81	
452196	40	577.0	442.8	303.3	442.5	164.2	1.94	4.58	0	1,263	40	0.81	5.5	20.8	0.4	0.0	13.01	64	1.2758	2.0508	530	534.34	963.36	
452768	40	577.1	442.5	303.3	442.5	164.2	1.75	4.58	0	1,172	34	0.56	5.5	20.8	0.4	0.0	12.80	64	1.2758	2.0508	530	534.65	960.31	
453313	40	577.2	442.2	303.3	442.5	164.8	2.12	4.58	0	981	28	0.31	5.5	20.8	0.4	0.0	14.53	64	1.2758	2.0508	535	534.93	957.19	
453852	40	577.3	442.2	303.2	442.2	164.2	2.44	4.58	0	872	23	0.31	5.5	20.8	0.4	0.0	20.60	64	1.2758	2.0508	535	535.23	955.62	
454422	40	577.2	441.8	303.1	441.8	164.5	2.12	4.58	0	987	16	0.56	5.5	20.8	0.4	0.0	18.49	64	1.2758	2.0508	535	535.54	955.70	
454972	40	577.2	441.5	303.0	441.5	164.2	2.12	4.58	0	1,013	13	0.31	5.5	20.8	0.4	0.0	17.79	64	1.2758	2.0508	535	535.75	955.39	
455523	40	577.1	441.2	302.7	441.5	164.2	2.25	4.58	0	989	10	0.31	5.5	20.8	0.4	0.0	19.83	64	1.2758	2.0508	535	536.03	955.23	
456105	40	576.9	441.2	302.7	441.2	164.5	2.12	4.58	0	1,030	6	0.56	5.5	20.8	0.4	0.0	16.66	64	1.2758	2.0508	535	536.33	955.70	
456777	40	576.8	440.8	302.6	440.8	164.5	2.12	4.58	0	948	2	0.31	5.5	20.8	0.4	0.0	19.31	64	1.2758	2.0508	535	536.55	954.14	
457386	40	576.5	440.5	302.6	440.5	164.5	2.25	4.58	0	907	0	0.56	5.5	20.8	0.4	0.0	20.30	64	1.2758	2.0508	535	536.85	955.16	
457986	40	576.2	440.5	302.5	440.8	164.5	2.12	4.58	0	899	0	0.31	5.5	20.8	0.4	0.0	16.69	64	1.2758	2.0508	535	537.04	954.53	
458524	40	575.9	439.8	302.3	440.2	164.5	2.12	4.58	0	858	0	0.31	5.5	20.8	0.4	0.0	18.63	64	1.2758	2.0508	535	537.25	954.30	
459099	40	575.6	440.5	302.5	440.5	164.8	2.12	4.58	0	857	0	0.31	5.5	20.8	0.4	0.0	18.47	64	1.2758	2.0508	535	537.44	953.98	
459640	40	575.3	440.2	302.6	440.2	164.5	2.12	4.58	0	859	0	0.31	5.5	20.8	0.4	0.0	17.77	64	1.2758	2.0508	535	537.65	953.98	
460228	40	575.0	440.2	302.5	440.2	164.5	2.12	4.58	0	837	0	0.31	5.5	20.8	0.4	0.0	18.56	64	1.2758	2.0508	535	537.83	953.98	
460837	40	574.6	440.2	302.7	440.2	164.8	2.12	4.58	0	833	0	0.31	5.5	20.8	0.4	0.0	18.77	64	1.2758	2.0508	535	538.05	953.83	
461416	40	574.2	439.8	302.5	439.8	164.5	2.12	4.58	0	827	0	0.31	5.5	20.8	0.4	0.0	18.96	64	1.2758	2.0508	535	538.14	953.83	
461960	40	573.9	439.8	302.3	439.5	165.2	2.12	4.58	0	828	0	0.31	5.5	20.8	0.4	0.0	18.70	64	1.2758	2.0508	535	538.35	953.75	
462523	40	573.5	439.8	302.3	439.8	165.2	2.12	4.58	0	818	0	0.31	5.5	20.8	0.4	0.0	19.48	64	1.2758	2.0508	535	538.44	953.83	
463129	40	573.1	440.2	302.3	440.2	165.2	2.12	4.58	0	825	0	0.31	5.5	20.8	0.4	0.0	19.27	64	1.2758	2.0508	535	538.63	953.83	
463664	40	572.7	439.5	302.5	439.5	164.8	2.12	4.58	0	816	0	0.31	5.5	20.8	0.4	0.0	19.69	64	1.2758	2.0508	535	538.75	953.83	
464210	40	572.3	439.5	302.3	439.5	165.5	2.12	4.58	0	809	0	0.31	5.5	20.8	0.4	0.0	20.04	64	1.2758	2.0508	535	538.94	953.83	
464848	40	571.8	439.8	302.5	439.5	165.5	2.12	4.58	0	795	0	0.31	5.5	20.8	0.4	0.0	19.90	64	1.2758	2.0508	535	539.03	953.83	
465376	40	571.4	439.2	302.6	439.5	165.5	2.12	4.58	0	794	0	0.31	5.5	20.8	0.4	0.0	20.02	64	1.2758	2.0508	535	539.24	953.83	
466031	40	570.9	439.5	302.6	439.8	165.8	2.12	4.58	0	791	0	0.31	5.5	20.8	0.4	0.0	20.02	64	1.2758	2.0508	535	539.33	953.98	
466635	40	570.5	439.8	302.8	439.8	165.8	2.12	4.58	0	790	0	0.31	5.5	20.8	0.4	0.0	20.13	64	1.2758	2.0508	535	539.43	953.91	
467230	40	569.9	439.5	302.8	439.8	165.8	2.12	4.58	0	789	0	0.31	5.5	20.8	0.4	0.0	20.11	64	1.2758	2.0508	535	539.64	953.83	
467769	40	569.5	439.8	303.1	439.8	166.2	1.94	4.58	0	786	0	0.31	5.5	20.8	0.4	0.0	20.48	64	1.2758	2.0508	535	539.73	953.83	
468325	40	569.0	439.5	302.6	439.5	166.5	2.12	4.58	0	792	0	0.31	5.5	20.8	0.4	0.0	20.62	64	1.2758	2.0508	535	539.85	953.98	
468888	40	568.5	439.5	303.0	439.5	166.5	2.12	4.58	0	800	0	0.31	5.5	20.8	0.4	0.0	20.62	64	1.2758	2.0508	540	539.94	953.98	
469460	40	568.0	439.5	303.3	439.8	166.8	2.12	4.58	0	795	0	0.31	5.5	20.8	0.4	0.0	20.11	64	1.2758	2.0508	540	540.04	953.98	
470035	40	567.5	439.5	303.1	439.8	166.5	2.12	4.58	0	788	0	0.31	5.5	20.8	0.4	0.0	20.98	64	1.2758	2.0508	540	540.25	953.91	
470577	40	567.0	440.2	303.3	439.8	167.2	1.94	4.58	0	808	0	0.31	5.5	20.8	0.4	0.0	20.62	64	1.2758	2.0508	540	540.34	953.83	
471143	40	566.5	439.5	303.3	439.8	167.2	2.12	4.58	0	801	0	0.31	5.5	20.8	0.4	0.0	20.25	64	1.2758	2.0508	540	540.44	953.98	
471690	40	566.0	439.8	303.5	440.2	167.2	2.12	4.58	0	800	0	0.31	5.5	20.8	0.4	0.0	20.60	64	1.2758	2.0508	540	540.53	953.98	
472221	40	565.5	439.8	303.6	440.2	167.5	2.12	4.58	0	804	0	0.31	5.5	20.8	0.4	0.0	20.74	64	1.2758	2.0508	540	540.65	953.98	
472780	40	565.0	439.8	303.6	440.2	167.5	1.94	4.58	0	793	0	0.31	5.5	20.8	0.4	0.0	20.09	64	1.2758	2.0508	540	540.74	953.98	
473380	40	564.5	439.8	303.6	439.8	167.2	2.12	4.58	0	798	0	0.31	5.5	20.8	0.4	0.0	20.86	64	1.2758	2.0508	540	540.83	953.98	
473947	40	563.9	439.8	303.8	439.8	167.5	1.94	4.58	0	802	0	0.31	5.5	20.8	0.4	0.0	20.60	64	1.2758	2.0508	540	540.93	953.98	
474662	40	563.3	440.2	304.0	440.2	168.2	1.94	4.58	0	795	0	0.31	5.5	20.8	0.4	0.0	20.67	64	1.2758	2.0508	540	541.05	953.83	
475238	40	562.7	440.5	304.3	440.8	168.2	1.94	4.58	0	799	0	0.31	5.5	20.8	0.4	0.0	20.65	64	1.2758	2.0508	540	541.14	953.67	
475773	40	562.2	440.2	304.0	440.5	168.2	2.12	4.58	0	794	0	0.31	5.5	20.8	0.4	0.0	20.77	64	1.2758	2.0508	540	541.23	953.83	
476330	40	561.6	440.5	304.3	440.5	168.5	2.12	4.58	0	798	0	0.31	5.5	20.8	0.4	0.0	20.67	64	1.2758	2.0508	540	541.35	953.83	
476857	40	561.0	440.5	304.5	440.5	168.8	2.12	4.58	0	793	0	0.31	5.5	20.8	0.4	0.0	20.84	64	1.2758	2.0508	540	541.44	953.91	
477469	40	560.4	440.8	304.8	440.8	168.8	2.12	4.58	0	800	0	0.31	5.5	20.8	0.4	0.0	20.86	64	1.2758	2.0508	540	541.44	953.83	
478038	40	559.9	440.8	305.0	441.2	168.5	2.12	4.58	0	798	0	0.31	5.5	20.8	0.4	0.0	20.65	64	1.2758	2.0508	540	541.54	953.98	
478583	40	559.3	440.8	305.0	441.2	168.8	2.12	4.58	0	791	0	0.31	5.5	20.8	0.4	0.0	20.58	64	1.2758	2.0508	540	541.63	953.83	
479135	40	558.8	441.2	305.0	441.2	169.5	2.12	4.58	0	790	0	0.31	5.5	20.8	0.4	0.0	20.81	64	1.2758	2.0508	540	541.75	953.98	
479709	40	558.2	441.5	305.5	441.5	169.5	2.12	4.58	0	800	0	0.31	5.5	20.8	0.4	0.0	20.70	64	1.2758	2.0508	540	541.75	953.98	
480262	40	557.6	441.5	305.5	441.5	169.2	2.12	4.58	0	801	0	0.31	5.5	20.8	0.4	0.0	20.74	64	1.2758	2.0508	540	541.84	953.98	
480817	40	557.0	441.8	305.6	441.8	169.5	2.12	4.58	0	800	0	0.31	5.5	20.8	0.4	0.0	20.93	64	1.2758	2.0508	540	541.84	953.91	
481369	40	556.5	442.2	305.8	441.8	169.8	2.12	4.58	0	805	0	0.31	5.5	20.8	0.4	0.0	20.60	64	1.2758	2.0508	540	541.94	954.06	
481842	40	556.0	441.8	305.6	441.8	169.8	2.12	4.58	0	799	0	0.31	5.5	20.8	0.4	0.0	20.32	64	1.2758	2.0508	540	541.94	953.91	
482397	40	555.4	441.8	306.0	441.8	169.8	2.12	4.58	0	792	0	0.31	5.5	20.8	0.4	0.0	20.51	64	1.2758	2.0508	540	542.03	953.98	
482941	40	554.9	442.5	306.3	442.5	170.5	2.12	4.58	0	801	0	0.31	5.5	20.8	0.4	0.0	20.70	64	1.2758	2.0508	540	542.03	953.91	
483633	40	554.2	442.5	306.3	442.5	170.2	2.12	4.58	0	792	0	0.31	5.5	20.8	0.4	0.0	20.39	64	1.2758	2.0508	540	542.15	953.98	
484226	40	553.7	442.8	306.6	442.2	170.2	2.12	4.58	0	799	0	0.31	5.5	20.8	0.4	0.0	21.02	64	1.2758	2.0508	540	542.15	953.91	
484776	40	552.9	442.5	306.8	442.5	170.8	2.12	4.58	0	807	0	0.31	5.5	20.8	0.4	0.0	20.79	64	1.2758	2.0508	540	542.15	953.91	
485320	40	552.4	443.2	306.8	442.8	170.8	2.12	4.58	0	812	0	0.31	5.5	20.8	0.4	0.0	26.18	64	1.2758	2.0508	540	542.15	952.66	
485850	40	551.8	442.8	306.8	443.2	171.5	2.12	4.58	0	842	0	0.56	5.5	20.8	0.4	0.0	30.33	64	1.2758	2.0508	540	542.24	953.28	
486386	40	551.1	443.5	307.0	443.2	171.2	3.00	4.58	0	992	0	1.62	5.5	20.8	0.4	0.0	45.56	64	1.2758	2.0508	540	542.24	958.05	
486921	40	550.2	443.5	307.5	443.5	171.5	2.25	4.58	0	1,216	3	2.75	5.5	20.8	0.4	0.0	49.52	64	1.2758	2.0508	540	542.24	976.95	
487492	40	549.1	443.8	307.5	443.8	171.8	2.62	4.58	0	1,360	7	4.06	5.5	20.8	0.4	0.0	54.30	64	1.2758	2.0508	540	542.33	1,005.16	
488033	40	547.7	444.2	307.8	444.5	171.5	3.00	4.58	0	1,459	11	4.62	5.5	20.8	0.4	0.0	54.68	64	1.2758	2.0508	540	542.43	1,032.27	
488605	40	546.1	445.5	308.5	445.5	171.8	4.00	4.58	0	1,689	14	4.62	5.5	20.8	0.4	0.0	53.91	64	1.2758	2.0508	540	542.43	1,070.08	
489218	40	544.1	446.8	309.1	446.8	172.2	3.31	4.58	0	1,549	17	6.25	5.5	20.8	0.4	0.0	59.16	64	1.2758	2.0508	540	542.43	1,101.56	
489748	40	542.2	448.5	310.3	448.5	172.2	3.50	4.58	0	1,603	19	5.69	5.5	20.8	0.4	0.0	53.62	64	1.2758	2.0508	540	542.33	1,106.88	
490288	40	540.2	450.5	311.2	450.5	172.2	4.00	4.58	0	1,743	21	4.88	5.5	20.8	0.4	0.0	52.55	64	1.2758	2.0508	540	542.24	1,102.27	
490848	40	538.2	452.8	312.3	452.8	172.2	4.19	4.58	0	1,822	24	4.62	5.5	20.8	0.4	0.0	50.91	64	1.2758	2.0508	540	542.03	1,093.83	
491454	40	536.2	455.2	313.8	455.8	172.5	1.44	4.58	0	1,578	25	3.00	5.5	20.8	0.4	0.0	24.63	64	1.2758	2.0508	540	541.75	1,021.64	
492047	40	534.7	458.2	315.3	458.5	173.2	1.94	4.58	0	1,298	26	1.12	5.5	20.8	0.4	0.0	19.36	64	1.2758	2.0508	540	541.54	975.23	
492682	39	533.5	461.2	316.6	461.2	172.8	1.75	4.58	0	1,278	26	0.81	5.5	20.8	0.4	0.0	14.74	64	1.2758	2.0508	540	541.35	963.52	
493266	39	532.4	464.2	318.3	464.5	173.5	1.75	4.58	0	1,222	25	0.31	5.5	20.8	0.4	0.0	16.59	64	1.2758	2.0508	540	541.23	960.86	
493864	39	531.3	467.5	320.1	467.5	173.5	1.25	4.58	0	1,217	24	0.56	5.5	20.8	0.4	0.0	17.06	64	1.2758	2.0508	540	541.05	965.62	
494423	39	530.6	469.5	321.5	469.5	173.5	1.25	4.58	0	1,173	23	0.56	5.5	20.8	0.4	0.0	17.46	64	1.2758	2.0508	540	540.93	966.48	
495005	39	530.0	471.2	322.5	471.2	173.8	1.56	4.58	0	1,116	22	0.56	5.5	20.8	0.4	0.0	17.25	64	1.2758	2.0508	540	540.83	966.17	
495565	39	529.5	472.5	323.1	472.2	173.8	1.56	4.58	0	1,064	21	0.31	5.5	20.8	0.4	0.0	14.81	64	1.2758	2.0508	540	540.74	965.70	
496102	39	529.1	473.5	323.6	473.5	174.2	1.75	4.58	0	874	21	0.00	5.5	20.8	0.4	0.0	19.34	64	1.2758	2.0508	540	540.65	959.84	
496648	40	528.7	473.8	323.8	473.8	173.8	2.12	4.58	0	997	21	0.56	5.5	20.8	0.4	0.0	16.27	64	1.2758	2.0508	540	540.53	959.38	
497189	40	528.3	474.8	324.6	474.8	174.5	1.94	4.58	0	1,006	21	0.31	5.5	20.8	0.4	0.0	16.34	64	1.2758	2.0508	540	540.44	957.11	
497739	40	527.9	474.5	324.6	474.5	174.5	1.94	4.58	0	1,026	21	0.31	5.5	20.8	0.4	0.0	16.97	64	1.2758	2.0508	540	540.34	954.45	
498306	40	527.5	475.5	325.1	475.5	174.8	2.62	4.58	0	1,426	21	1.94	5.5	20.8	0.4	0.0	38.74	64	1.2758	2.0508	540	540.13	955.47	
498909	40	527.0	475.8	325.1	475.8	174.5	3.12	4.58	0	1,682	22	3.25	5.5	20.8	0.4	0.0	44.02	64	1.2758	2.0508	540	539.94	988.98	
499463	40	526.3	476.2	325.6	476.2	175.2	3.50	4.58	0	1,799	23	3.25	5.5	20.8	0.4	0.0	42.33	64	1.2758	2.0508	535	539.64	1,024.45	
500001	40	525.6	476.5	325.8	476.8	175.2	2.25	4.58	0	1,804	24	0.56	5.5	20.8	0.4	0.0	16.73	64	1.2758	2.0508	535	539.43	985.78	
500539	40	525.0	477.8	326.5	477.8	175.2	1.94	4.58	0	1,429	24	1.38	5.5	20.8	0.4	0.0	15.80	64	1.2758	2.0508	535	539.24	974.22	
501147	40	524.5	478.8	327.3	478.8	175.5	2.12	4.58	0	1,169	23	0.31	5.5	20.8	0.4	0.0	13.24	64	1.2758	2.0508	535	539.03	961.88	
501657	39	524.1	480.5	327.8	480.5	175.8	1.75	4.58	0	1,141	23	0.56	5.5	20.8	0.4	0.0	14.44	64	1.2758	2.0508	535	538.84	958.44	
502230	39	523.6	481.5	328.7	481.5	175.8	1.94	4.58	0	1,049	20	0.31	5.5	20.8	0.4	0.0	15.49	64	1.2758	2.0508	535	538.63	957.89	
502752	40	523.2	482.2	329.1	482.5	175.8	2.25	4.58	0	898	15	0.31	5.5	20.8	0.4	0.0	21.47	64	1.2758	2.0508	535	538.44	956.48	
503308	40	522.8	483.5	329.8	483.8	176.5	2.12	4.58	0	974	9	0.31	5.5	20.8	0.4	0.0	21.23	64	1.2758	2.0508	535	538.23	955.94	
503817	40	522.4	484.2	330.3	483.8	176.8	2.12	4.58	0	1,014	8	0.81	5.5	20.8	0.4	0.0	24.59	64	1.2758	2.0508	535	538.05	956.80	
504387	40	521.9	484.5	330.8	484.8	176.8	2.12	4.58	0	1,031	7	0.56	5.5	20.8	0.4	0.0	24.89	64	1.2758	2.0508	535	537.83	957.81	
504902	40	521.6	485.2	330.8	485.2	176.5	2.12	4.58	0	1,032	8	0.56	5.5	20.8	0.4	0.0	21.82	64	1.2758	2.0508	535	537.65	958.20	
505476	40	521.1	485.8	331.5	485.8	177.2	2.12	4.58	0	1,005	8	0.56	5.5	20.8	0.4	0.0	39.61	64	1.2758	2.0508	535	537.53	948.83	
506044	40	520.6	486.2	331.7	486.5	177.2	3.31	4.58	0	1,399	9	5.44	5.5	20.8	0.4	0.0	62.84	64	1.2758	2.0508	535	537.25	989.53	
506567	40	519.9	486.5	332.0	486.8	177.5	3.12	4.58	0	1,432	11	7.06	5.5	20.8	0.4	0.0	65.37	64	1.2758	2.0508	535	536.94	1,032.03	
507108	40	519.0	487.2	332.5	487.5	177.5	3.31	4.58	0	1,499	14	6.75	5.5	20.8	0.4	0.0	63.75	64	1.2758	2.0508	535	536.55	1,058.12	
507651	41	518.1	488.2	333.1	488.5	177.8	3.81	4.58	0	1,549	17	7.56	5.5	20.8	0.4	0.0	71.11	64	1.2758	2.0508	535	536.15	1,085.62	
508227	41	517.1	489.5	333.7	489.8	178.2	5.56	4.58	0	1,731	21	9.19	5.5	20.8	0.4	0.0	69.05	64	1.2758	2.0508	535	535.44	1,077.58	
508764	41	516.0	491.5	334.6	491.5	178.2	6.44	4.58	0	1,867	24	8.38	5.5	20.8	0.4	0.0	67.62	64	1.2758	2.0508	530	534.83	1,060.62	
509306	41	514.9	493.2	335.6	493.5	178.8	6.25	4.58	0	1,779	26	10.25	5.5	20.8	0.4	0.0	72.05	64	1.2758	2.0508	530	534.04	1,087.73	
509963	41	514.0	495.8	337.2	496.2	178.8	3.12	4.58	0	1,507	28	8.12	5.5	20.8	0.4	0.0	51.68	64	1.2758	2.0508	530	533.24	1,056.88	
510510	40	513.4	498.2	338.5	498.5	179.2	1.94	4.58	0	1,518	29	1.38	5.5	20.8	0.4	0.0	20.25	64	1.2758	2.0508	530	532.54	990.47	
511023	40	512.9	501.2	340.1	501.2	179.2	1.94	4.58	0	1,526	29	1.12	5.5	20.8	0.4	0.0	15.87	64	1.2758	2.0422	530	532.14	970.08	
511591	40	512.5	503.8	341.3	503.5	179.5	1.56	4.58	0	1,415	29	1.12	5.5	20.4	0.4	0.0	12.94	64	1.2758	2.0516	530	531.65	962.50	
512115	40	512.3	506.2	343.2	506.2	180.2	1.44	4.58	0	1,382	28	0.81	5.5	20.8	0.4	0.0	17.18	64	1.2758	2.0516	530	531.25	961.80	
512632	40	512.1	507.8	343.6	507.8	180.2	0.88	4.58	0	1,376	27	1.12	5.5	20.8	0.4	0.0	17.84	64	1.2758	2.0516	530	530.85	967.73	
513163	40	512.1	509.5	344.3	509.5	179.8	1.06	4.58	0	1,324	27	1.12	5.5	20.8	0.4	0.0	18.75	64	1.2758	2.0516	530	530.55	967.89	
513703	40	512.0	510.5	345.1	510.5	180.2	2.25	4.58	0	1,362	26	1.38	5.5	20.8	0.4	0.0	39.54	64	1.2758	2.0516	530	530.15	956.72	
514226	40	512.0	511.5	346.3	511.8	180.8	3.12	4.58	0	1,445	28	4.62	5.5	20.8	0.4	0.0	60.23	64	1.2758	2.0516	525	529.75	987.66	
514759	41	512.1	512.2	346.5	512.2	181.2	3.31	4.58	0	1,504	29	7.88	5.5	20.8	0.4	0.0	62.84	64	1.2758	2.0516	525	529.23	997.34	
515272	41	512.1	512.5	346.6	512.5	181.5	3.50	4.58	0	1,543	31	7.56	5.5	20.8	0.4	0.0	59.51	64	1.2758	2.0516	525	528.83	993.59	
515776	41	512.1	513.5	347.5	513.5	181.5	3.69	4.58	0	1,630	32	5.44	5.5	20.8	0.4	0.0	47.58	64	1.2758	2.0516	525	528.25	1,051.95	
516272	41	512.2	514.5	348.1	514.5	181.5	2.62	4.58	0	1,701	33	2.19	5.5	20.8	0.4	0.0	31.29	64	1.2758	2.0516	525	527.94	1,028.67	
516773	41	512.2	515.8	348.6	515.8	181.8	2.44	4.58	0	1,698	34	1.62	5.5	20.8	0.4	0.0	21.40	64	1.2758	2.0516	525	527.43	988.67	
517292	41	512.3	516.8	349.1	516.8	182.2	2.12	4.58	0	1,686	34	0.81	5.5	20.8	0.4	0.0	14.77	64	1.2758	2.0516	525	527.15	970.23	
517800	40	512.3	518.2	350.1	518.2	181.8	2.25	4.58	0	1,645	34	0.00	5.5	20.8	0.4	0.0	14.04	64	1.2758	2.0516	525	526.84	964.22	
518420	40	512.4	519.2	350.6	519.2	182.5	1.44	4.58	0	1,563	33	0.81	5.5	20.8	0.4	0.0	18.12	64	1.2758	2.0516	525	526.63	964.30	
518912	40	512.5	520.2	351.1	520.2	182.8	1.06	4.58	0	1,292	32	0.81	5.5	20.8	0.4	0.0	17.88	64	1.2758	2.0516	525	526.44	963.52	
519450	40	512.8	521.2	351.8	521.2	183.5	1.44	4.58	0	1,203	31	0.56	5.5	20.8	0.4	0.0	17.46	64	1.2758	2.0516	525	526.23	967.89	
519961	40	513.0	521.5	352.3	521.5	183.2	1.56	4.58	0	1,083	30	0.31	5.5	20.8	0.4	0.0	17.58	64	1.2758	2.0516	525	526.05	966.80	
520516	40	513.3	521.5	352.5	521.8	183.5	1.75	4.58	0	1,007	29	0.56	5.5	20.8	0.4	0.0	17.27	64	1.2758	2.0516	525	525.83	965.08	
521081	40	513.5	521.5	352.5	521.5	183.8	1.94	4.58	0	987	29	0.31	5.5	20.8	0.4	0.0	17.02	64	1.2758	2.0516	525	525.65	964.14	
521584	40	513.8	521.5	352.6	521.5	183.8	1.94	4.58	0	958	28	0.00	5.5	20.8	0.4	0.0	17.41	64	1.2758	2.0516	525	525.53	963.44	
522097	40	514.0	520.8	352.5	520.8	184.5	1.44	4.58	0	917	27	0.31	5.5	20.8	0.4	0.0	13.34	64	1.2758	2.0516	525	525.44	960.70	
522618	40	514.3	520.5	352.3	520.2	184.2	2.25	4.58	0	900	26	0.31	5.5	20.8	0.4	0.0	13.24	64	1.2758	2.0516	525	525.34	958.20	
523142	40	514.5	519.5	352.3	519.5	184.5	2.12	4.58	0	971	26	0.31	5.5	20.8	0.4	0.0	12.00	64	1.2758	2.0516	525	525.13	956.41	
523644	40	514.7	519.2	352.0	519.2	184.8	1.94	4.58	0	1,109	25	0.31	5.5	20.8	0.4	0.0	12.54	64	1.2758	2.0516	525	525.04	955.55	
524205	40	514.8	518.2	351.8	518.2	185.2	1.94	4.58	0	1,221	25	0.56	5.5	20.8	0.4	0.0	12.49	64	1.2758	2.0516	525	524.94	955.62	
524758	40	515.0	517.2	351.2	517.2	185.2	2.25	4.58	0	1,169	24	0.00	5.5	20.8	0.4	0.0	16.57	64	1.2758	2.0516	520	524.85	957.81	
525304	41	515.2	516.2	350.8	516.2	185.5	1.25	4.58	0	1,165	23	0.56	5.5	20.8	0.4	0.0	17.67	64	1.2758	2.0516	520	524.73	961.25	
525870	41	515.6	515.2	350.6	514.8	185.8	1.44	4.58	0	1,134	23	0.56	5.5	20.8	0.4	0.0	18.54	64	1.2758	2.0516	520	524.73	963.44	
526512	41	515.9	513.8	349.8	513.8	185.5	2.12	4.58	0	1,124	22	0.81	5.5	20.8	0.4	0.0	42.91	64	1.2758	2.0516	520	524.64	956.64	
527038	41	516.3	513.2	350.0	512.8	186.2	3.00	4.58	0	1,265	24	4.31	5.5	20.8	0.4	0.0	68.51	64	1.2758	2.0516	520	524.64	990.78	
527625	41	516.6	511.5	349.1	511.5	186.5	2.81	4.58	0	1,319	26	5.94	5.5	20.8	0.4	0.0	62.51	64	1.2758	2.0516	520	524.43	1,036.64	
528146	41	516.8	510.8	348.8	510.8	186.5	2.62	4.58	0	1,391	28	4.06	5.5	20.8	0.4	0.0	31.20	64	1.2758	2.0516	520	524.33	1,016.02	
528660	41	516.8	510.8	348.6	510.5	186.8	1.75	4.58	0	1,434	28	1.38	5.5	20.8	0.4	0.0	19.17	64	1.2758	2.0516	520	524.24	979.06	
529169	41	516.8	510.2	348.8	509.8	187.2	1.56	4.58	0	1,418	28	1.12	5.5	20.8	0.4	0.0	15.30	64	1.2758	2.0516	520	524.15	966.33	
529724	40	516.8	510.2	348.6	510.2	187.5	1.56	4.58	0	1,328	28	0.00	5.5	20.8	0.4	0.0	13.80	64	1.2758	2.0516	520	524.15	961.72	
530233	40	516.8	509.8	348.8	509.8	187.5	0.88	4.58	0	1,372	27	0.81	5.5	20.8	0.4	0.0	20.72	64	1.2758	2.0516	520	524.03	962.19	
530755	41	516.8	509.8	348.6	509.5	187.8	2.12	4.58	0	1,345	27	1.12	5.5	20.8	0.4	0.0	24.00	64	1.2758	2.0516	520	524.03	958.05	
531299	41	516.9	509.5	348.5	510.2	187.8	2.62	4.58	0	1,473	28	2.19	5.5	20.8	0.4	0.0	43.31	64	1.2758	2.0516	520	523.94	966.64	
531837	41	516.8	509.2	348.7	509.2	188.2	3.00	4.58	0	1,514	29	4.06	5.5	20.8	0.4	0.0	51.94	64	1.2758	2.0516	520	523.84	1,001.17	
532382	41	516.7	508.8	348.7	508.8	188.5	3.12	4.58	0	1,554	31	4.62	5.5	20.8	0.4	0.0	52.88	64	1.2758	2.0516	520	523.63	1,032.11	
532916	41	516.4	508.8	348.8	509.2	188.5	3.31	4.58	0	1,646	32	4.31	5.5	20.8	0.4	0.0	50.11	64	1.2758	2.0516	520	523.54	1,048.12	
533476	41	516.1	509.5	349.0	509.2	188.8	2.25	4.58	0	1,382	34	4.62	5.5	20.8	0.4	0.0	58.90	64	1.2758	2.0516	520	523.35	1,061.95	
534009	41	515.7	509.5	349.3	509.5	188.8	2.62	4.58	0	1,282	35	4.31	5.5	20.8	0.4	0.0	54.33	64	1.2758	2.0516	520	523.23	1,057.42	
534528	41	515.4	509.8	349.8	510.2	189.5	2.25	4.58	0	1,270	36	3.50	5.5	20.8	0.4	0.0	46.57	64	1.2758	2.0516	520	523.05	1,039.22	
535101	41	515.1	511.2	350.2	510.8	189.5	2.25	4.58	0	1,282	37	3.00	5.5	20.8	0.4	0.0	47.86	64	1.2758	2.0516	520	522.83	1,021.17	
535617	41	514.8	511.5	350.5	511.8	189.5	2.44	4.58	0	1,328	39	3.81	5.5	20.8	0.4	0.0	51.80	64	1.2758	2.0516	520	522.74	1,023.75	
536174	41	514.4	512.5	351.1	512.5	189.8	1.94	4.58	0	1,319	39	2.44	5.5	20.8	0.4	0.0	24.66	64	1.2758	2.0516	520	522.53	992.42	
536745	40	514.1	513.2	352.0	513.5	190.5	1.75	4.58	0	1,344	40	1.12	5.5	20.8	0.4	0.0	15.05	64	1.2758	2.0516	520	522.44	970.86	
537315	40	513.9	514.5	352.3	514.8	190.2	-1.50	4.58	0	1,324	39	0.00	5.5	20.8	0.4	0.0	16.48	64	1.2758	2.0516	520	522.34	963.75	
537837	40	513.8	514.5	352.6	514.8	190.5	1.06	4.58	0	1,329	39	1.62	5.5	20.8	0.4	0.0	16.80	64	1.2758	2.0516	520	522.34	959.84	
538377	40	513.7	515.5	353.1	515.5	190.5	2.62	4.58	0	1,417	39	1.94	5.5	20.8	0.4	0.0	42.54	64	1.2758	2.0516	520	522.25	963.44	
538895	41	513.5	515.8	353.5	515.8	191.2	2.62	4.58	0	1,429	40	3.50	5.5	20.8	0.4	0.0	31.55	64	1.2758	2.0516	520	522.04	978.44	
539420	41	513.4	515.8	353.6	515.8	191.2	2.25	4.58	0	1,392	40	1.38	5.5	20.8	0.4	0.0	19.17	64	1.2758	2.0516	520	522.04	970.00	
539963	40	513.2	516.2	353.7	516.2	191.2	1.56	4.58	0	1,292	40	0.81	5.5	20.8	0.4	0.0	13.17	64	1.2758	2.0516	520	521.94	962.73	
540510	40	513.1	516.2	353.5	516.2	191.5	1.75	4.58	0	996	40	0.00	5.5	20.8	0.4	0.0	15.59	64	1.2758	2.0516	520	521.85	959.38	
541058	40	513.1	516.2	354.0	516.2	191.8	1.75	4.58	0	1,018	39	-0.19	5.5	20.8	0.4	0.0	16.95	64	1.2758	2.0516	520	521.85	959.14	
541602	40	513.1	516.5	354.0	516.2	191.8	1.94	4.58	0	989	38	-0.19	5.5	20.8	0.4	0.0	17.18	64	1.2758	2.0516	520	521.73	961.88	
542140	40	513.1	515.8	354.0	515.8	191.8	3.69	4.58	0	982	37	0.56	5.5	20.8	0.4	0.0	12.28	64	1.2758	2.0516	520	521.73	960.70	
542721	40	513.1	515.5	353.6	515.5	192.2	1.75	4.58	0	1,106	34	0.31	5.5	20.8	0.4	0.0	12.05	64	1.2758	2.0516	520	521.64	958.98	
543268	40	513.1	515.2	353.6	514.8	192.2	1.94	4.58	0	1,126	33	0.56	5.5	20.8	0.4	0.0	12.66	64	1.2758	2.0516	520	521.64	957.19	
543908	40	513.1	514.5	353.3	514.2	192.2	1.75	4.58	0	1,097	32	0.56	5.5	20.8	0.4	0.0	12.59	64	1.2758	2.0516	520	521.64	956.25	
544423	40	513.1	513.5	352.8	513.2	192.5	1.94	4.58	0	1,245	31	0.56	5.5	20.8	0.4	0.0	11.27	64	1.2758	2.0516	520	521.55	956.09	
544992	41	513.1	512.5	352.6	512.2	192.5	1.25	4.58	0	1,299	30	0.81	5.5	20.8	0.4	0.0	17.02	64	1.2758	2.0516	520	521.55	960.70	
545534	41	513.3	511.2	352.3	511.2	192.8	1.06	4.58	0	1,387	28	1.12	5.5	20.8	0.4	0.0	18.02	64	1.2758	2.0516	520	521.55	964.45	
546060	41	513.5	510.8	351.8	510.8	193.2	1.06	4.58	0	1,384	28	1.12	5.5	20.8	0.4	0.0	18.26	64	1.2758	2.0516	520	521.55	967.11	
546630	41	513.9	509.5	351.3	509.5	193.2	1.25	4.58	0	1,309	26	1.12	5.5	20.8	0.4	0.0	18.45	64	1.2758	2.0516	520	521.55	968.59	
547154	41	514.3	508.5	351.0	508.2	193.8	1.25	4.58	0	1,222	25	0.81	5.5	20.8	0.4	0.0	18.23	64	1.2758	2.0516	520	521.64	968.44	
547684	41	514.7	507.2	350.3	507.5	193.5	1.56	4.58	0	1,151	23	0.56	5.5	20.8	0.4	0.0	18.00	64	1.2758	2.0516	520	521.64	967.66	
548211	41	515.2	506.5	350.1	506.5	193.5	2.81	4.58	0	1,106	22	0.81	5.5	20.8	0.4	0.0	21.45	64	1.2758	2.0516	520	521.73	959.06	
548766	41	515.7	505.5	349.6	505.2	194.2	2.81	4.58	0	1,223	22	2.44	5.5	20.8	0.4	0.0	64.27	64	1.2758	2.0516	520	521.73	968.44	
549302	42	516.2	503.8	349.1	504.2	194.2	3.00	4.58	0	1,216	24	6.25	5.5	20.8	0.4	0.0	70.62	64	1.2758	2.0516	520	521.85	993.83	
549848	42	516.6	503.5	348.8	503.2	194.2	2.81	4.58	0	1,294	26	7.56	5.5	20.8	0.4	0.0	62.06	64	1.2758	2.0516	520	521.85	985.78	
550372	42	517.0	502.8	348.3	502.8	194.2	2.81	4.58	0	1,413	27	5.94	5.5	20.8	0.4	0.0	59.74	64	1.2758	2.0516	520	521.85	1,025.47	
550908	42	517.1	502.2	348.6	502.5	194.8	3.12	4.58	0	1,471	29	5.44	5.5	20.8	0.4	0.0	53.23	64	1.2758	2.0516	520	521.85	1,059.53	
551447	41	517.1	501.8	348.5	502.2	195.2	2.81	4.58	0	1,494	30	4.31	5.5	20.8	0.4	0.0	55.50	64	1.2758	2.0516	520	521.85	1,055.55	
552067	41	517.0	501.8	348.5	501.8	195.2	3.50	4.58	0	1,566	32	5.44	5.5	20.8	0.4	0.0	56.62	64	1.2758	2.0516	520	521.85	1,075.31	
552596	41	516.9	502.2	348.5	502.2	194.8	2.44	4.58	0	1,293	32	7.06	5.5	20.8	0.4	0.0	67.76	64	1.2758	2.0516	520	521.73	1,075.86	
553608	41	516.7	502.5	349.1	503.2	195.5	3.50	4.58	0	1,273	35	7.88	5.5	20.8	0.4	0.0	78.91	64	1.2758	2.0516	520	521.64	1,127.73	
554133	41	516.4	504.2	349.6	504.2	195.5	3.69	4.58	0	1,326	36	8.94	5.5	20.8	0.4	0.0	82.24	64	1.2758	2.0516	520	521.55	1,165.23	
554650	41	516.8	504.8	350.1	504.8	195.8	4.00	4.58	0	1,359	38	10.25	5.5	20.8	0.4	0.0	84.07	64	1.2758	2.0516	520	521.43	1,196.80	
555173	41	517.7	505.8	350.5	505.8	195.8	4.19	4.58	0	1,406	39	11.06	5.5	20.8	0.4	0.0	87.98	64	1.2758	2.0516	520	521.33	1,233.20	
555751	41	519.1	507.2	351.7	507.2	196.5	4.69	4.58	0	1,456	41	11.88	5.5	20.8	0.4	0.0	87.98	64	1.2758	2.0516	520	521.24	1,231.80	
556312	41	521.1	508.5	352.3	508.5	196.5	4.56	4.58	0	1,479	43	11.62	5.5	20.8	0.4	0.0	85.27	64	1.2758	2.0516	520	521.15	1,228.98	
556840	41	523.5	509.8	353.0	510.2	196.8	5.06	4.58	0	1,546	44	11.88	5.5	20.8	0.4	0.0	83.11	64	1.2758	2.0516	520	521.15	1,207.89	
557376	41	526.3	511.8	354.0	511.8	196.8	5.25	4.58	0	1,578	46	11.38	5.5	20.8	0.4	0.0	79.29	64	1.2758	2.0516	520	521.24	1,185.62	
557991	41	529.8	513.8	355.3	513.8	196.8	4.38	4.58	0	1,600	48	8.94	5.5	20.8	0.4	0.0	56.91	64	1.2758	2.0516	520	521.55	1,134.53	
558546	40	532.8	515.5	356.5	516.2	197.5	3.50	4.58	0	1,649	49	5.12	5.5	20.8	0.4	0.0	49.83	64	1.2758	2.0516	520	521.85	1,104.53	
559155	40	535.6	518.2	357.8	518.2	197.5	2.44	4.58	0	1,611	49	2.44	5.5	20.8	0.4	0.0	23.72	64	1.2758	2.0516	520	522.13	1,019.53	
559720	40	537.6	520.2	358.8	520.5	197.8	3.12	4.58	0	1,580	48	2.19	5.5	20.8	0.4	0.0	39.33	64	1.2758	2.0516	520	522.53	996.64	
560343	40	539.7	522.5	360.0	522.5	198.2	3.12	4.58	0	1,409	49	5.94	5.5	20.8	0.4	0.0	68.65	64	1.2758	2.0516	520	523.05	1,051.17	
560903	40	542.1	524.8	361.3	524.5	198.5	3.50	4.58	0	1,312	50	7.56	5.5	20.8	0.4	0.0	79.76	64	1.2758	2.0516	520	523.63	1,115.94	
561566	41	544.4	526.8	362.3	527.2	198.8	2.62	4.58	0	1,325	51	8.69	5.5	20.8	0.4	0.0	50.65	64	1.2758	2.0516	520	524.33	1,048.12	
562158	40	546.5	528.8	363.5	528.8	198.5	1.44	4.58	0	1,275	50	1.12	5.5	20.8	0.4	0.0	20.65	64	1.2758	2.0516	525	524.94	987.97	
562695	40	548.3	530.8	364.8	530.8	199.2	1.94	4.58	0	1,234	50	0.56	5.5	20.8	0.4	0.0	12.73	64	1.2758	2.0516	525	525.44	968.44	
563241	40	549.6	532.2	365.7	532.5	199.5	3.00	4.58	0	1,199	49	1.12	5.5	20.8	0.4	0.0	45.96	64	1.2758	2.0516	525	525.93	965.39	
563790	40	551.0	533.8	366.3	533.8	199.5	2.81	4.58	0	1,160	49	4.31	5.5	20.8	0.4	0.0	73.34	64	1.2758	2.0516	525	526.63	1,014.30	
564348	41	552.6	534.5	367.1	534.8	199.5	3.12	4.58	0	1,097	50	4.88	5.5	20.8	0.4	0.0	80.67	64	1.2758	2.0516	525	527.24	1,065.62	
564925	41	554.5	536.2	367.5	535.8	199.8	2.44	4.58	0	1,311	51	5.94	5.5	20.8	0.4	0.0	36.77	64	1.2758	2.0516	525	528.04	1,039.14	
565535	40	556.4	537.2	368.5	537.2	200.2	3.00	4.58	0	1,501	51	3.81	5.5	20.8	0.4	0.0	55.34	64	1.2758	2.0516	525	528.83	1,024.30	
566099	40	558.1	538.2	369.3	538.2	200.2	6.81	4.58	0	1,851	51	9.19	5.5	20.8	0.4	0.0	76.71	64	1.2758	2.0516	525	529.84	1,073.52	
566656	41	560.0	539.2	369.8	539.2	200.5	7.50	4.58	0	1,787	53	11.62	5.5	20.8	0.4	0.0	88.24	64	1.2758	2.0516	530	530.73	1,217.73	
567208	41	562.4	540.5	370.6	540.5	200.5	9.56	4.58	0	1,856	55	18.62	5.5	20.8	0.4	0.0	87.52	64	1.2758	2.0516	530	532.05	1,343.44	
567750	41	565.6	541.8	371.5	541.8	201.2	7.69	4.58	0	1,937	57	14.06	5.5	20.8	0.4	0.0	83.34	64	1.2758	2.0516	530	533.24	1,340.16	
568309	41	569.4	543.8	372.5	543.8	201.2	7.81	4.58	0	1,992	59	16.75	5.5	20.8	0.4	0.0	87.07	64	1.2758	2.0516	530	534.83	1,422.03	
568866	41	573.8	545.5	373.5	545.8	201.2	8.69	4.58	0	2,052	61	20.25	5.5	20.8	0.4	0.0	93.82	64	1.2758	2.0516	535	536.43	1,520.70	
569410	41	578.8	547.8	374.8	547.8	201.8	9.94	4.58	0	2,122	63	22.69	5.5	20.4	0.4	0.0	97.20	64	1.2758	2.0336	535	538.63	1,513.98	
569971	41	584.2	550.5	376.0	550.5	201.8	9.38	4.58	0	2,195	65	23.25	5.5	20.4	0.4	0.0	89.46	64	1.2758	2.0422	540	540.65	1,343.36	
570642	41	590.3	553.5	377.8	553.5	202.2	7.31	4.58	0	2,230	67	16.25	5.5	20.8	0.4	0.0	23.62	64	1.2758	2.0422	540	543.65	1,032.03	
571236	40	594.5	556.5	379.3	556.8	202.8	1.75	4.58	0	2,253	66	1.38	5.5	20.8	0.4	0.0	12.66	64	1.2758	2.0516	545	545.55	971.17	
571815	39	598.4	560.2	381.3	560.8	203.5	4.69	4.58	0	2,269	66	1.94	5.5	20.8	0.4	0.0	37.31	64	1.2758	2.0516	545	547.44	931.02	
572357	40	601.8	562.8	383.0	562.8	203.5	5.38	4.58	0	2,279	67	11.38	5.5	20.8	0.4	0.0	84.26	64	1.2758	2.0516	545	549.44	1,179.22	
572919	40	605.4	565.2	384.3	565.5	203.2	12.69	4.58	0	2,341	69	34.31	5.5	20.8	0.4	0.0	109.95	64	1.2758	2.0430	550	552.34	1,518.05	
573503	41	610.0	567.5	385.6	567.8	204.2	14.44	4.58	0	2,446	72	41.62	5.5	20.8	0.4	0.0	112.50	64	1.2758	2.0516	555	555.65	1,476.48	
574044	41	614.4	570.2	386.8	570.2	204.5	14.25	4.58	0	2,501	74	39.19	5.5	20.8	0.4	0.0	109.31	64	1.2758	2.0516	555	558.65	1,487.42	
574608	41	619.4	572.5	388.3	572.5	204.8	15.62	4.58	0	2,607	77	44.31	5.5	20.8	0.4	0.0	113.34	64	1.2758	2.0508	560	562.63	1,523.12	
575144	41	624.7	575.2	390.0	575.2	205.2	15.31	4.58	0	2,689	80	42.94	5.5	21.2	0.4	0.0	102.09	64	1.2758	2.0594	565	566.24	1,364.69	
575695	41	630.3	578.5	391.3	578.5	205.5	2.62	4.58	0	2,737	81	6.75	5.5	21.2	0.4	0.0	19.73	64	1.2758	2.0680	570	570.13	1,034.06	
576252	40	634.2	581.5	393.7	581.5	205.8	2.62	4.58	0	2,721	81	2.19	5.5	21.2	0.4	0.0	12.30	64	1.2758	2.0680	570	572.55	973.28	
576793	40	637.4	584.5	395.3	584.5	206.2	1.75	4.58	0	2,703	80	2.44	5.5	21.2	0.4	0.0	16.62	64	1.2758	2.0680	575	575.15	964.14	
577369	40	640.3	587.8	396.8	587.8	206.5	3.31	4.58	0	2,452	79	3.00	5.5	21.2	0.4	0.0	48.23	64	1.2758	2.0766	575	577.54	952.66	
577907	40	643.7	589.8	398.3	589.5	206.8	5.38	4.58	0	2,138	80	10.00	5.5	21.2	0.4	0.0	67.36	64	1.2758	2.0766	580	580.84	1,139.45	
578485	40	647.4	591.8	399.3	592.2	207.5	7.31	4.58	0	2,141	81	16.50	5.5	21.6	0.4	0.0	79.85	64	1.2758	2.0852	580	584.24	1,177.34	
579138	41	650.6	593.5	400.3	593.5	207.5	5.06	4.58	0	2,089	82	7.88	5.5	21.6	0.4	0.0	24.23	64	1.2758	2.0852	585	586.84	1,013.05	
579720	40	652.9	595.8	401.6	595.8	207.8	2.12	4.58	0	2,096	81	1.38	5.5	21.6	0.4	0.0	11.74	64	1.2758	2.0852	585	589.44	964.53	
580263	40	654.7	596.8	402.5	597.5	208.5	1.56	4.58	0	2,081	81	0.31	5.5	21.6	0.4	0.0	17.37	64	1.2758	2.0852	590	591.13	964.84	
580836	40	656.6	598.8	403.6	598.8	208.8	2.44	4.58	0	2,064	80	-0.19	5.5	21.6	0.4	0.0	17.62	64	1.2758	2.0938	590	593.03	968.05	
581441	40	658.3	600.2	404.7	600.2	209.2	2.44	4.58	0	2,039	79	1.38	5.5	21.2	0.4	0.0	17.39	64	1.2758	2.0758	590	594.83	979.22	
581982	40	659.7	600.2	404.7	600.2	209.5	4.38	4.58	0	2,045	78	0.81	5.5	21.6	0.4	0.0	32.58	64	1.2758	2.0844	595	596.73	960.31	
582529	41	661.2	600.8	405.3	600.8	209.8	3.69	4.58	0	2,007	79	3.50	5.5	21.6	0.4	0.0	16.78	64	1.2758	2.0844	595	598.35	962.73	
583075	41	662.2	600.8	405.5	600.8	210.2	2.44	4.58	0	2,011	78	0.00	5.5	21.6	0.4	0.0	11.65	64	1.2758	2.0844	595	599.73	955.62	
583627	40	663.2	601.2	405.6	600.8	210.5	3.81	4.58	0	1,991	78	0.56	5.5	21.6	0.4	0.0	28.62	64	1.2758	2.0844	600	601.23	933.12	
584189	41	664.3	600.8	405.8	600.5	210.8	5.25	4.58	0	2,042	78	9.19	5.5	22.0	0.4	0.0	84.52	64	1.2758	2.0938	600	603.34	1,136.95	
584783	41	665.4	600.2	405.8	600.5	211.2	10.44	4.58	0	2,051	80	27.56	5.5	21.6	0.4	0.0	111.16	64	1.2758	2.0938	605	605.64	1,365.39	
585385	41	666.9	600.2	405.5	600.2	211.2	10.06	4.58	0	2,099	81	25.69	5.5	21.6	0.4	0.0	104.77	64	1.2758	2.0938	605	608.24	1,400.39	
585921	41	668.7	601.2	406.3	600.8	211.8	11.12	4.58	0	2,147	83	28.62	5.5	21.6	0.4	0.0	107.72	64	1.2758	2.0844	610	610.44	1,418.52	
586455	41	670.4	602.2	407.0	602.5	212.2	9.94	4.58	0	2,181	84	21.88	5.5	21.6	0.4	0.0	37.48	64	1.2758	2.0930	610	612.65	1,088.28	
587020	40	671.9	603.2	407.8	603.5	212.5	1.56	4.58	0	2,163	84	1.12	5.5	21.6	0.4	0.0	13.71	64	1.2758	2.0930	610	614.64	982.81	
587614	39	673.0	605.5	409.0	605.8	212.8	3.00	4.58	0	2,140	83	1.38	5.5	21.6	0.4	0.0	15.26	64	1.2758	2.0844	615	616.35	964.22	
588312	39	673.9	607.5	410.3	607.5	212.8	2.25	4.58	0	2,130	82	1.38	5.5	21.6	0.4	0.0	17.84	64	1.2758	2.0844	615	618.13	968.98	
588833	40	674.7	608.5	410.8	609.2	213.5	2.25	4.58	0	2,099	82	1.12	5.5	21.6	0.4	0.0	17.86	64	1.2758	2.0844	615	619.35	980.08	
589415	40	675.7	610.5	411.8	610.5	213.8	2.44	4.58	0	2,072	81	0.00	5.5	21.6	0.4	0.0	17.67	64	1.2758	2.0844	620	620.64	983.28	
589943	40	676.4	611.5	412.5	610.8	212.8	2.44	4.58	0	2,056	80	-0.19	5.5	21.6	0.4	0.0	18.00	64	1.2758	2.0844	620	621.74	983.83	
590470	40	677.0	611.2	412.5	611.5	213.8	2.44	4.58	0	2,037	79	1.62	5.5	21.6	0.4	0.0	17.95	64	1.2758	2.0844	620	622.75	984.45	
591002	41	677.6	611.8	413.0	611.8	214.2	2.62	4.58	0	2,023	78	0.56	5.5	21.6	0.4	0.0	18.14	64	1.2758	2.0844	620	623.94	984.38	
591550	41	678.2	611.5	413.0	611.5	214.5	2.62	4.58	0	1,998	78	1.12	5.5	21.6	0.4	0.0	18.12	64	1.2758	2.0844	620	624.83	984.38	
592147	41	678.8	611.2	413.0	611.5	214.5	2.44	4.58	0	1,979	77	0.00	5.5	21.6	0.4	0.0	18.35	64	1.2758	2.0844	625	625.94	983.28	
592713	41	679.3	611.2	412.8	611.2	214.8	2.44	4.58	0	1,949	76	0.81	5.5	21.6	0.4	0.0	18.30	64	1.2758	2.0844	625	626.85	982.89	
593298	41	679.8	610.2	412.5	610.5	214.8	2.44	4.58	0	1,938	75	-0.19	5.5	21.6	0.4	0.0	18.54	64	1.2758	2.0938	625	627.83	982.19	
593861	42	680.3	609.5	412.5	609.8	215.5	2.25	4.58	0	1,920	74	0.81	5.5	21.6	0.4	0.0	18.45	64	1.2758	2.0938	625	628.54	981.56	
594389	42	680.6	609.2	412.2	608.8	215.5	2.25	4.58	0	1,901	74	1.12	5.5	21.6	0.4	0.0	18.75	64	1.2758	2.0852	625	629.43	981.33	
594956	42	681.0	608.2	411.6	607.8	215.5	2.25	4.58	0	1,884	73	0.31	5.5	21.6	0.4	0.0	18.77	64	1.2758	2.0852	630	630.25	980.86	
595489	42	681.3	606.8	411.3	606.8	215.8	2.25	4.58	0	1,862	73	0.81	5.5	21.2	0.4	0.0	18.98	64	1.2758	2.0766	630	631.05	980.31	
596010	42	681.5	606.2	410.6	606.2	215.8	2.25	4.58	0	1,852	72	0.56	5.5	21.6	0.4	0.0	19.05	64	1.2758	2.0945	630	631.75	980.00	
596539	42	681.7	604.8	410.3	604.8	216.2	2.12	4.58	0	1,827	71	0.31	5.5	21.6	0.4	0.0	19.08	64	1.2758	2.0945	630	632.43	978.98	
597183	42	681.9	603.8	410.0	603.5	216.2	2.12	4.58	0	1,801	71	0.81	5.5	21.6	0.4	0.0	19.20	64	1.2758	2.0945	630	633.44	978.59	
597716	43	682.1	602.8	409.6	602.5	215.8	2.12	4.58	0	1,796	70	0.56	5.5	21.6	0.4	0.0	19.38	64	1.2758	2.0945	630	634.05	978.67	
598285	43	682.2	601.2	408.7	600.8	216.2	2.12	4.58	0	1,781	69	0.81	5.5	21.6	0.4	0.0	19.48	64	1.2758	2.0945	630	634.84	978.05	
598809	43	682.3	600.2	408.3	600.2	216.8	1.94	4.58	0	1,766	69	1.12	5.5	21.6	0.4	0.0	19.43	64	1.2758	2.0945	635	635.43	977.27	
599331	43	682.3	598.8	407.8	598.8	216.5	1.75	4.58	0	1,749	68	0.81	5.5	21.6	0.4	0.0	13.66	64	1.2758	2.0945	635	636.04	972.73	
599883	43	682.3	597.5	407.1	597.5	216.8	4.00	4.58	0	1,822	68	3.25	5.5	21.6	0.4	0.0	55.57	64	1.2758	2.0945	635	636.83	986.48	
600411	43	681.9	596.5	406.5	596.5	216.8	5.75	4.58	0	1,793	69	8.69	5.5	21.6	0.4	0.0	72.42	64	1.2758	2.0945	635	637.63	1,117.50	
600937	43	681.1	595.5	406.3	595.5	216.8	6.81	4.58	0	1,809	70	11.88	5.5	21.6	0.4	0.0	77.67	64	1.2758	2.0945	635	638.43	1,135.23	
601513	43	680.1	595.2	406.0	595.2	216.8	6.44	4.58	0	1,843	71	9.19	5.5	21.6	0.4	0.0	62.32	64	1.2758	2.0945	635	639.34	1,031.17	
602059	42	679.0	595.2	406.2	595.2	217.5	6.25	4.58	0	1,867	72	8.38	5.5	21.6	0.4	0.0	60.54	64	1.2758	2.0859	640	640.05	994.38	
602629	41	677.3	595.8	406.6	595.8	217.5	6.25	4.58	0	1,883	73	7.88	5.5	21.6	0.4	0.0	59.62	64	1.2758	2.0859	640	640.75	992.19	
603204	41	675.5	596.8	407.1	597.2	217.5	4.88	4.58	0	1,910	74	8.12	5.5	21.6	0.4	0.0	57.82	64	1.2758	2.0859	640	641.43	1,109.53	
603748	41	673.6	598.5	407.6	598.2	217.5	3.81	4.58	0	1,913	74	4.88	5.5	21.6	0.4	0.0	28.38	64	1.2758	2.0859	640	641.85	1,057.81	
604333	40	671.9	599.8	408.8	600.2	218.2	2.12	4.58	0	1,892	74	0.31	5.5	21.2	0.4	0.0	12.68	64	1.2758	2.0773	640	642.34	983.98	
604884	40	670.6	602.2	409.8	602.2	217.8	1.25	4.58	0	1,891	73	0.56	5.5	21.2	0.4	0.0	20.13	64	1.2758	2.0687	640	642.74	974.69	
605419	40	669.3	603.8	410.6	603.8	218.2	2.62	4.58	0	1,892	73	2.44	5.5	21.2	0.4	0.0	45.61	64	1.2758	2.0687	640	643.14	969.77	
606077	40	667.9	605.5	411.7	605.5	218.2	5.56	4.58	0	1,948	74	9.19	5.5	21.2	0.4	0.0	96.38	64	1.2758	2.0781	640	643.63	1,223.75	
606749	41	665.9	607.2	412.8	607.8	218.5	9.94	4.58	0	1,964	76	23.25	5.5	21.2	0.4	0.0	100.41	64	1.2758	2.0781	640	643.94	1,282.27	
607340	41	663.8	609.5	414.0	609.8	218.8	9.94	4.58	0	2,061	78	24.06	5.5	21.6	0.4	0.0	99.66	64	1.2758	2.0687	640	644.15	1,323.83	
607961	40	663.0	612.2	415.3	612.5	219.2	9.94	4.58	0	2,071	80	26.50	5.5	21.2	0.4	0.0	100.66	64	1.2758	2.0687	640	644.24	1,330.16	
608517	40	662.8	615.2	416.8	615.5	218.8	9.56	4.58	0	2,108	81	24.06	5.5	21.2	0.4	0.0	69.91	64	1.2758	2.0773	640	644.24	1,096.64	
609115	40	663.1	618.5	418.7	619.2	219.2	2.12	4.58	0	2,130	82	2.19	5.5	21.2	0.4	0.0	17.37	64	1.2758	2.0773	640	644.33	986.95	
609734	39	663.3	623.2	421.0	623.5	219.5	2.25	4.58	0	2,083	82	1.38	5.5	21.2	0.4	0.0	11.77	64	1.2758	2.0773	640	644.43	962.97	
610343	39	663.4	627.2	423.0	627.5	220.2	2.44	4.58	0	2,094	81	0.81	5.5	21.2	0.4	0.0	17.98	64	1.2758	2.0773	640	644.55	967.50	
610949	39	663.6	630.8	425.3	631.2	219.8	2.25	4.58	0	2,071	80	-0.44	5.5	21.2	0.4	0.0	17.93	64	1.2758	2.0773	640	644.64	980.00	
611577	39	663.8	633.8	426.7	633.5	220.2	2.44	4.58	0	2,047	80	-0.19	5.5	21.2	0.4	0.0	18.16	64	1.2758	2.0773	640	644.73	984.14	
612113	40	664.1	635.5	427.8	635.5	220.2	2.44	4.58	0	2,039	79	1.62	5.5	21.2	0.4	0.0	18.02	64	1.2758	2.0773	640	644.85	985.86	
612611	40	664.3	637.2	428.8	637.2	220.5	2.44	4.58	0	2,025	79	-0.19	5.5	21.2	0.4	0.0	18.16	64	1.2758	2.0773	645	644.94	986.88	
613118	40	664.6	637.8	429.1	637.8	220.8	2.44	4.58	0	2,011	78	-0.44	5.5	21.2	0.4	0.0	18.21	64	1.2758	2.0773	645	645.04	987.58	
613653	40	664.8	638.8	429.5	638.8	221.2	2.44	4.58	0	2,003	78	-0.19	5.5	21.2	0.4	0.0	18.30	64	1.2758	2.0773	645	645.13	986.64	
614134	41	665.1	639.5	429.8	639.5	221.2	2.25	4.58	0	1,991	77	1.38	5.5	21.2	0.4	0.0	18.45	64	1.2758	2.0773	645	645.25	986.80	
614673	41	665.3	639.2	430.2	639.5	220.8	2.44	4.58	0	1,983	77	0.00	5.5	21.2	0.4	0.0	18.63	64	1.2758	2.0773	645	645.34	986.09	
615134	41	665.6	639.2	430.2	638.8	221.5	2.44	4.58	0	1,970	77	1.12	5.5	21.2	0.4	0.0	18.56	64	1.2758	2.0773	645	645.53	986.80	
615572	41	665.8	639.5	430.2	639.5	221.2	2.62	4.58	0	1,964	76	0.81	5.5	21.2	0.4	0.0	18.73	64	1.2758	2.0687	645	645.65	986.25	
615974	41	666.0	639.2	430.3	639.2	221.8	1.06	4.58	0	1,986	76	0.81	5.5	21.6	0.4	0.0	25.20	64	1.2758	2.0867	645	645.83	962.73	
616414	42	666.1	638.8	430.1	638.8	221.8	5.25	4.58	0	2,039	76	8.38	5.5	21.6	0.4	0.0	62.09	64	1.2758	2.0867	645	646.05	1,052.03	
616817	42	666.1	638.2	430.1	638.2	221.5	6.12	4.58	0	1,995	77	11.06	5.5	21.2	0.4	0.0	71.67	64	1.2758	2.0781	645	646.23	1,170.86	
617375	42	665.7	638.5	430.0	638.2	221.8	7.31	4.58	0	2,024	78	15.94	5.5	21.2	0.4	0.0	84.12	64	1.2758	2.0781	645	646.35	1,329.38	
617920	42	665.1	638.2	430.5	637.8	221.8	8.88	4.58	0	2,030	80	20.81	5.5	21.2	0.4	0.0	43.50	64	1.2758	2.0781	645	646.44	1,100.00	
618459	41	664.5	639.2	430.8	639.2	222.5	1.94	4.58	0	2,049	80	1.38	5.5	21.2	0.4	0.0	16.05	64	1.2758	2.0781	645	646.44	988.52	
618989	40	664.0	640.2	431.1	640.5	222.5	1.94	4.58	0	2,033	80	0.00	5.5	21.2	0.4	0.0	11.84	64	1.2758	2.0695	645	646.54	964.61	
619496	40	663.6	642.2	432.5	642.2	222.8	3.50	4.58	0	2,045	79	0.81	5.5	21.2	0.4	0.0	18.40	64	1.2758	2.0695	645	646.54	967.34	
620016	40	663.3	643.2	433.0	643.2	223.2	2.25	4.58	0	2,033	79	0.56	5.5	21.2	0.4	0.0	18.52	64	1.2758	2.0789	645	646.63	969.77	
620561	40	663.0	644.2	433.7	644.2	223.2	2.44	4.58	0	2,013	78	-0.44	5.5	21.6	0.4	0.0	18.52	64	1.2758	2.0789	645	646.84	982.19	
621160	41	662.8	644.5	434.0	644.5	223.2	2.44	4.58	0	2,004	78	0.00	5.5	21.6	0.4	0.0	18.52	64	1.2758	2.0789	645	646.94	984.61	
621706	41	662.6	645.2	434.3	645.2	223.5	2.62	4.58	0	1,987	77	1.62	5.5	21.6	0.4	0.0	13.85	64	1.2758	2.0789	645	647.15	981.72	
622305	41	662.4	645.2	434.3	645.2	223.8	4.56	4.58	0	2,064	78	6.75	5.5	21.6	0.4	0.0	57.66	64	1.2758	2.0789	645	647.33	973.12	
623016	41	661.8	645.5	434.5	645.2	223.8	5.75	4.58	0	2,029	78	10.25	5.5	21.6	0.4	0.0	72.98	64	1.2758	2.0789	645	647.55	1,173.44	
623632	41	660.8	645.5	434.6	645.5	223.8	7.12	4.58	0	2,074	80	15.69	5.5	21.6	0.4	0.0	78.49	64	1.2758	2.0789	645	647.43	1,200.47	
624189	41	658.8	646.2	435.2	646.2	224.2	7.12	4.58	0	2,117	82	17.31	5.5	21.6	0.4	0.0	77.27	64	1.2758	2.0789	645	647.24	1,207.50	
624770	41	657.0	647.8	435.8	647.8	224.5	7.31	4.58	0	2,151	83	17.31	5.5	21.2	0.4	0.0	77.34	64	1.2758	2.0602	645	646.94	1,216.88	
625404	40	654.7	649.8	437.0	649.8	224.5	5.25	4.58	0	2,162	84	10.25	5.5	21.2	0.4	0.0	28.31	64	1.2758	2.0602	645	646.44	1,036.95	
626016	40	653.0	652.2	438.5	652.2	224.8	2.12	4.58	0	2,174	84	1.38	5.5	21.2	0.4	0.0	12.61	64	1.2758	2.0602	645	646.14	972.97	
626635	39	651.6	655.2	440.0	655.2	224.8	3.81	4.58	0	2,145	84	0.00	5.5	21.6	0.4	0.0	17.46	64	1.2758	2.0695	645	645.93	966.33	
627204	39	650.7	657.5	441.2	657.5	225.2	2.12	4.58	0	2,155	83	1.12	5.5	21.2	0.4	0.0	18.33	64	1.2758	2.0695	645	645.65	970.94	
627766	40	649.8	659.2	442.3	659.5	225.5	2.25	4.58	0	2,133	83	0.81	5.5	21.2	0.4	0.0	18.16	64	1.2758	2.0695	645	645.44	984.22	
628362	40	649.2	660.5	442.8	660.5	225.5	2.25	4.58	0	2,110	82	1.38	5.5	21.2	0.4	0.0	18.21	64	1.2758	2.0695	645	645.25	987.89	
628943	40	648.6	660.8	443.3	661.2	225.8	2.25	4.58	0	2,100	82	0.56	5.5	21.2	0.4	0.0	18.59	64	1.2758	2.0695	645	645.04	989.30	
629539	40	648.2	661.2	443.8	661.5	225.5	2.44	4.58	0	2,082	81	1.12	5.5	21.2	0.4	0.0	18.54	64	1.2758	2.0609	645	644.94	990.08	
630166	41	647.8	661.5	443.8	661.5	226.2	2.44	4.58	0	2,072	81	0.00	5.5	21.2	0.4	0.0	13.78	64	1.2758	2.0609	640	644.85	985.62	
630782	41	647.4	661.2	443.5	661.2	225.8	5.06	4.58	0	2,171	81	6.50	5.5	21.2	0.4	0.0	57.77	64	1.2758	2.0609	640	644.64	977.11	
631373	41	646.8	660.2	443.6	660.5	226.2	5.75	4.58	0	2,113	82	11.38	5.5	20.8	0.4	0.0	69.02	64	1.2758	2.0523	640	644.43	1,106.72	
631993	41	645.6	659.8	443.2	660.2	226.5	5.56	4.58	0	2,149	83	12.19	5.5	21.2	0.4	0.0	59.46	64	1.2758	2.0703	640	643.94	1,044.45	
632809	41	644.1	660.5	443.6	660.5	226.8	6.12	4.58	0	2,205	85	14.06	5.5	20.8	0.4	0.0	63.89	64	1.2758	2.0438	640	643.14	1,047.66	
633424	40	642.5	660.8	444.0	661.2	227.2	5.38	4.58	0	2,220	86	11.38	5.5	20.8	0.4	0.0	31.52	64	1.2758	2.0438	640	642.53	998.98	
634018	40	640.7	662.8	444.8	662.5	227.5	2.25	4.58	0	2,214	86	1.62	5.5	21.2	0.4	0.0	12.77	64	1.2758	2.0617	640	642.04	966.33	
634595	39	639.7	663.5	445.5	663.8	227.5	-2.00	4.58	0	2,177	85	0.56	5.5	20.8	0.4	0.0	16.97	64	1.2758	2.0523	640	641.64	962.97	
635218	39	638.8	665.2	446.3	664.8	227.8	2.12	4.58	0	2,187	85	1.62	5.5	20.8	0.4	0.0	18.38	64	1.2758	2.0523	640	641.24	970.16	
635792	40	638.2	665.8	447.0	665.8	228.2	2.12	4.58	0	2,165	84	1.94	5.5	20.8	0.4	0.0	18.70	64	1.2758	2.0523	640	640.94	983.20	
636403	40	637.6	666.5	447.2	666.5	228.2	2.12	4.58	0	2,150	84	1.38	5.5	20.8	0.4	0.0	18.66	64	1.2758	2.0523	640	640.63	989.22	
636974	40	637.2	666.5	447.3	666.2	228.5	2.25	4.58	0	2,134	83	1.12	5.5	20.8	0.4	0.0	16.27	64	1.2758	2.0523	640	640.35	991.33	
637566	41	636.9	665.8	447.1	665.5	228.2	4.56	4.58	0	2,198	83	5.94	5.5	20.8	0.4	0.0	54.91	64	1.2758	2.0523	640	640.14	980.08	
638128	41	636.3	665.2	446.8	664.8	228.8	5.94	4.58	0	2,164	84	11.62	5.5	20.8	0.4	0.0	73.41	64	1.2758	2.0523	635	639.65	1,185.23	
638743	41	635.2	664.8	446.6	664.8	228.5	7.69	4.58	0	2,207	85	18.62	5.5	20.8	0.4	0.0	78.26	64	1.2758	2.0523	635	639.04	1,207.42	
639342	41	633.9	664.5	446.8	664.8	229.2	1.75	4.58	0	2,207	86	2.44	5.5	20.8	0.4	0.0	17.09	64	1.2758	2.0523	635	638.33	1,000.39	
639957	40	633.0	665.2	447.3	665.2	229.2	3.31	4.58	0	2,217	86	1.94	5.5	20.8	0.4	0.0	35.93	64	1.2758	2.0438	635	637.84	948.05	
640591	40	631.7	666.2	447.6	666.2	229.5	5.25	4.58	0	2,252	87	10.00	5.5	20.8	0.4	0.0	62.13	64	1.2758	2.0531	635	637.05	1,035.16	
641185	40	630.4	666.8	448.3	666.8	229.8	6.62	4.58	0	2,265	88	15.12	5.5	20.8	0.4	0.0	68.67	64	1.2758	2.0531	635	636.25	1,079.14	
641911	40	629.3	667.5	448.5	667.8	230.2	1.75	4.58	0	2,257	88	2.19	5.5	20.8	0.4	0.0	16.73	64	1.2758	2.0531	635	635.43	975.70	
642488	39	628.4	668.8	449.6	668.8	230.2	2.12	4.58	0	2,249	88	1.94	5.5	20.8	0.4	0.0	12.66	64	1.2758	2.0531	635	634.94	961.33	
643074	39	627.5	670.5	450.5	670.2	230.8	1.94	4.58	0	2,236	87	1.12	5.5	20.8	0.4	0.0	18.19	64	1.2758	2.0531	630	634.54	968.52	
643648	39	627.0	671.2	450.8	671.2	230.8	2.12	4.58	0	2,186	87	1.62	5.5	20.8	0.4	0.0	18.73	64	1.2758	2.0531	630	634.05	981.33	
644245	40	626.7	671.5	451.0	671.5	230.8	2.25	4.58	0	1,980	86	0.00	5.5	20.8	0.4	0.0	18.42	64	1.2758	2.0531	630	633.65	982.19	
644848	40	626.4	671.5	450.8	671.5	231.2	2.25	4.58	0	1,914	85	2.44	5.5	20.8	0.4	0.0	15.02	64	1.2758	2.0531	630	633.34	979.53	
645433	40	626.2	670.8	451.0	670.8	230.8	3.69	4.58	0	1,858	84	2.75	5.5	20.8	0.4	0.0	45.42	64	1.2758	2.0531	630	632.94	949.45	
646036	41	625.8	670.5	451.0	670.5	231.2	4.88	4.58	0	1,792	85	7.31	5.5	20.8	0.4	0.0	61.73	64	1.2758	2.0531	630	632.43	1,031.88	
646635	41	625.3	669.5	450.5	669.5	231.8	2.81	4.58	0	1,786	86	3.00	5.5	20.8	0.4	0.0	20.37	64	1.2758	2.0531	630	631.94	1,014.61	
647203	40	624.8	669.2	450.5	669.2	231.5	1.56	4.58	0	1,802	86	0.81	5.5	20.8	0.4	0.0	11.84	64	1.2758	2.0531	630	631.54	976.80	
647814	40	624.4	669.2	450.7	669.2	232.2	2.12	4.58	0	1,791	85	0.31	5.5	20.8	0.4	0.0	17.39	64	1.2758	2.0531	630	631.23	969.30	
648418	40	624.1	668.2	450.3	668.5	232.2	1.75	4.58	0	1,786	85	0.81	5.5	20.8	0.4	0.0	18.12	64	1.2758	2.0531	630	631.05	967.89	
649011	40	624.0	667.8	449.6	667.8	232.5	1.56	4.58	0	1,762	84	1.12	5.5	20.8	0.4	0.0	18.16	64	1.2758	2.0531	630	630.74	976.09	
649595	40	623.9	667.2	449.8	667.2	232.5	1.56	4.58	0	1,760	84	1.12	5.5	20.8	0.4	0.0	18.28	64	1.2758	2.0531	630	630.65	977.03	
650184	41	623.9	665.8	449.3	665.5	232.5	1.44	4.58	0	1,747	84	0.81	5.5	20.8	0.4	0.0	18.30	64	1.2758	2.0531	630	630.44	977.27	
650857	41	624.0	664.5	448.3	664.2	232.8	1.44	4.58	0	1,737	83	1.12	5.5	20.8	0.4	0.0	18.21	64	1.2758	2.0531	630	630.25	977.34	
651575	41	624.1	662.8	447.8	662.5	232.5	1.44	4.58	0	1,728	83	1.12	5.5	20.8	0.4	0.0	18.59	64	1.2758	2.0531	630	630.13	978.05	
652199	41	624.2	661.2	447.1	660.8	232.8	1.44	4.58	0	1,714	82	1.12	5.5	20.8	0.4	0.0	18.61	64	1.2758	2.0531	630	629.94	977.50	
652810	41	624.5	659.5	446.2	659.2	233.2	1.44	4.58	0	1,699	81	1.12	5.5	20.8	0.4	0.0	18.61	64	1.2758	2.0531	625	629.85	977.27	
653378	42	624.7	657.2	445.5	656.8	233.2	1.44	4.58	0	1,677	80	1.12	5.5	20.8	0.4	0.0	18.91	64	1.2758	2.0531	625	629.73	976.95	
653972	42	624.9	655.2	444.3	655.5	233.2	1.25	4.58	0	1,653	78	1.12	5.5	20.8	0.4	0.0	18.84	64	1.2758	2.0531	625	629.64	976.02	
654582	42	625.1	653.5	443.5	653.2	233.2	1.25	4.58	0	1,632	78	1.38	5.5	20.8	0.4	0.0	19.22	64	1.2758	2.0531	625	629.64	974.69	
655197	42	625.3	651.5	442.3	651.2	233.5	1.06	4.58	0	1,621	77	1.12	5.5	20.8	0.4	0.0	19.22	64	1.2758	2.0531	625	629.55	974.61	
655838	42	625.5	649.2	441.5	649.2	233.8	1.06	4.58	0	1,599	77	1.94	5.5	20.8	0.4	0.0	22.29	64	1.2758	2.0531	625	629.43	964.84	
656403	42	625.6	647.2	440.5	647.2	233.8	2.25	4.58	0	1,655	77	1.94	5.5	20.8	0.4	0.0	16.15	64	1.2758	2.0531	625	629.33	969.14	
657004	42	625.6	645.2	439.3	645.2	233.5	1.44	4.58	0	1,611	77	1.38	5.5	20.8	0.4	0.0	11.93	64	1.2758	2.0531	625	629.33	962.03	
657619	42	625.6	643.5	438.5	643.5	233.8	1.25	4.58	0	1,599	76	1.94	5.5	20.8	0.4	0.0	13.12	64	1.2758	2.0531	625	629.24	960.39	
658273	42	625.5	641.5	437.6	641.5	234.2	2.62	4.58	0	1,641	76	2.19	5.5	20.8	0.4	0.0	40.83	64	1.2758	2.0531	625	629.15	960.47	
658873	42	625.2	639.5	436.8	639.5	233.8	4.19	4.58	0	1,633	77	7.56	5.5	20.8	0.4	0.0	64.29	64	1.2758	2.0531	625	628.94	1,052.58	
659494	42	624.6	638.2	435.8	638.2	234.2	5.38	4.58	0	1,671	78	10.25	5.5	20.8	0.4	0.0	78.30	64	1.2758	2.0531	625	628.63	1,160.47	
660143	42	623.5	637.2	435.8	637.2	233.8	5.38	4.58	0	1,649	79	10.56	5.5	20.8	0.4	0.0	35.55	64	1.2758	2.0445	625	628.23	1,085.62	
660703	41	622.9	637.2	435.3	637.2	234.2	1.56	4.58	0	1,660	79	1.38	5.5	20.8	0.4	0.0	14.62	64	1.2758	2.0445	625	627.83	995.00	
661396	41	622.3	637.2	435.7	637.2	234.2	-0.06	4.58	0	1,635	79	1.12	5.5	20.8	0.4	0.0	16.05	64	1.2758	2.0352	625	627.53	971.48	
661998	40	621.8	637.5	435.8	637.5	234.2	1.25	4.58	0	1,644	78	1.12	5.5	20.4	0.4	0.0	18.40	64	1.2758	2.0539	625	627.34	968.20	
662584	41	621.3	637.5	436.0	637.5	234.2	1.06	4.58	0	1,620	78	1.12	5.5	20.8	0.4	0.0	18.45	64	1.2758	2.0445	625	627.13	972.81	
663139	41	621.0	637.2	435.8	637.2	234.2	1.06	4.58	0	1,608	77	1.12	5.5	20.8	0.4	0.0	18.33	64	1.2758	2.0445	625	626.94	975.39	
663702	41	620.8	637.2	435.8	636.8	234.5	1.06	4.58	0	1,601	77	1.12	5.5	20.8	0.4	0.0	18.63	64	1.2758	2.0445	625	626.73	975.00	
664314	41	620.6	636.2	435.5	636.2	234.5	0.88	4.58	0	1,590	76	1.38	5.5	20.8	0.4	0.0	18.42	64	1.2758	2.0445	625	626.64	976.02	
664910	41	620.5	635.2	435.1	635.5	234.2	1.06	4.58	0	1,579	75	1.38	5.5	20.8	0.4	0.0	18.45	64	1.2758	2.0445	625	626.43	975.78	
665505	41	620.5	634.2	434.3	634.2	234.8	1.06	4.58	0	1,572	75	1.12	5.5	20.8	0.4	0.0	18.47	64	1.2758	2.0445	625	626.33	976.48	
666086	41	620.4	633.2	434.0	633.2	234.5	0.88	4.58	0	1,561	75	1.12	5.5	20.8	0.4	0.0	18.52	64	1.2758	2.0445	625	626.24	975.94	
666682	42	620.4	632.5	433.3	632.2	234.5	1.06	4.58	0	1,552	74	1.12	5.5	20.8	0.4	0.0	18.56	64	1.2758	2.0445	625	626.15	975.55	
667273	42	620.4	631.2	432.8	630.8	234.8	1.06	4.58	0	1,543	74	1.12	5.5	20.8	0.4	0.0	18.68	64	1.2758	2.0445	625	626.03	975.78	
667925	42	620.5	629.5	432.0	629.5	234.8	1.06	4.58	0	1,529	73	1.38	5.5	20.8	0.4	0.0	18.87	64	1.2758	2.0445	625	625.84	975.55	
668493	42	620.5	627.8	431.3	627.8	234.5	1.06	4.58	0	1,519	73	1.38	5.5	20.8	0.4	0.0	18.98	64	1.2758	2.0445	625	625.75	975.70	
669100	42	620.5	626.8	430.6	626.8	234.8	1.06	4.58	0	1,507	72	1.38	5.5	20.8	0.4	0.0	19.05	64	1.2758	2.0445	625	625.63	974.84	
669681	42	620.5	625.5	430.1	625.2	234.8	1.06	4.58	0	1,500	72	1.12	5.5	20.8	0.4	0.0	19.03	64	1.2758	2.0445	625	625.54	975.08	
670400	42	620.5	623.8	429.5	623.5	234.8	0.88	4.58	0	1,489	71	1.12	5.5	20.8	0.4	0.0	19.24	64	1.2758	2.0445	625	625.44	974.84	
670925	42	620.5	622.5	428.6	622.2	234.8	0.88	4.58	0	1,479	71	1.12	5.5	20.8	0.4	0.0	19.41	64	1.2758	2.0445	625	625.35	974.53	
671530	42	620.4	620.5	427.6	620.5	234.8	1.06	4.58	0	1,470	70	1.38	5.5	20.8	0.4	0.0	19.27	64	1.2758	2.0445	625	625.14	974.84	
672134	42	620.4	619.5	427.1	619.2	235.2	1.06	4.58	0	1,460	70	1.12	5.5	20.8	0.4	0.0	19.36	64	1.2758	2.0445	625	625.05	974.77	
672680	42	620.3	617.8	426.7	617.5	234.8	-1.12	4.58	0	1,451	70	1.62	5.5	20.8	0.4	0.0	25.12	64	1.2758	2.0445	620	624.83	956.48	
673251	43	620.1	616.5	425.5	616.2	235.2	3.50	4.58	0	1,555	70	6.25	5.5	20.8	0.4	0.0	35.23	64	1.2758	2.0445	620	624.65	1,001.72	
673785	43	619.7	615.2	425.3	615.2	235.2	1.25	4.58	0	1,466	70	1.38	5.5	20.8	0.4	0.0	16.29	64	1.2758	2.0445	620	624.44	976.80	
674376	42	619.2	614.2	424.7	614.2	235.5	2.44	4.58	0	1,447	70	1.12	5.5	20.8	0.4	0.0	10.88	64	1.2758	2.0445	620	624.25	965.62	
674959	42	618.8	613.2	424.5	613.2	235.2	0.88	4.58	0	1,455	69	1.12	5.5	20.8	0.4	0.0	19.01	64	1.2758	2.0445	620	624.13	964.92	
675527	42	618.6	611.8	424.0	612.2	235.2	0.88	4.58	0	1,441	69	0.81	5.5	20.8	0.4	0.0	19.31	64	1.2758	2.0445	620	623.94	964.53	
676063	42	618.5	611.5	423.3	611.2	235.5	1.06	4.58	0	1,430	68	1.12	5.5	20.8	0.4	0.0	19.03	64	1.2758	2.0445	620	623.85	971.48	
676638	42	618.4	610.8	423.3	610.5	235.2	1.06	4.58	0	1,424	68	1.12	5.5	20.8	0.4	0.0	19.34	64	1.2758	2.0445	620	623.73	972.66	
677194	42	618.5	609.5	422.5	609.5	235.5	1.06	4.58	0	1,412	67	1.12	5.5	20.8	0.4	0.0	19.34	64	1.2758	2.0445	620	623.55	973.05	
677743	42	618.6	608.5	421.8	608.5	235.5	0.88	4.58	0	1,400	67	1.12	5.5	20.8	0.4	0.0	19.29	64	1.2758	2.0445	620	623.43	973.20	
678298	42	618.8	607.5	421.3	607.5	235.5	0.88	4.58	0	1,392	67	1.12	5.5	20.8	0.4	0.0	19.15	64	1.2758	2.0445	620	623.33	973.83	
678855	42	619.0	606.5	421.1	606.2	235.2	0.88	4.58	0	1,382	66	1.12	5.5	20.8	0.4	0.0	19.24	64	1.2758	2.0445	620	623.24	973.59	
679533	42	619.3	605.2	420.5	604.8	235.5	0.88	4.58	0	1,374	66	1.12	5.5	20.8	0.4	0.0	19.12	64	1.2758	2.0445	620	623.15	973.28	
680118	43	619.5	604.2	419.8	603.8	235.2	0.88	4.58	0	1,361	65	1.12	5.5	20.8	0.4	0.0	21.19	64	1.2758	2.0445	620	623.03	971.41	
680688	43	619.8	602.5	419.1	602.5	235.5	2.81	4.58	0	1,408	65	1.62	5.5	20.8	0.4	0.0	20.34	64	1.2758	2.0445	620	622.84	964.69	
681255	43	619.9	601.5	418.5	601.5	235.5	1.25	4.58	0	1,367	65	1.12	5.5	20.8	0.4	0.0	12.30	64	1.2758	2.0445	620	622.75	961.56	
681810	42	619.9	600.5	418.1	600.5	235.2	-0.94	4.58	0	1,352	65	0.00	5.5	20.8	0.4	0.0	17.16	64	1.2758	2.0445	620	622.63	960.47	
682340	42	620.0	599.2	417.5	599.5	235.2	0.88	4.58	0	1,347	64	1.12	5.5	20.8	0.4	0.0	19.17	64	1.2758	2.0445	620	622.54	962.42	
682907	42	620.2	598.5	416.8	598.5	235.2	0.88	4.58	0	1,332	64	1.12	5.5	20.8	0.4	0.0	19.36	64	1.2758	2.0445	620	622.44	963.28	
683427	43	620.4	597.5	416.5	597.5	235.2	0.88	4.58	0	1,328	63	1.12	5.5	20.8	0.4	0.0	19.10	64	1.2758	2.0445	620	622.35	969.77	
683980	43	620.7	596.5	416.0	596.5	235.5	1.06	4.58	0	1,320	63	1.12	5.5	20.8	0.4	0.0	19.38	64	1.2758	2.0445	620	622.23	971.33	
684540	43	621.0	595.5	415.6	595.5	235.5	-0.44	4.58	0	1,346	63	1.62	5.5	20.8	0.4	0.0	41.62	64	1.2758	2.0445	620	622.14	957.27	
685144	43	621.3	594.5	415.0	593.8	235.5	5.25	4.58	0	1,801	63	8.12	5.5	20.8	0.4	0.0	64.29	64	1.2758	2.0445	620	622.05	1,068.20	
685772	43	620.9	593.2	414.1	593.2	235.2	6.81	4.58	0	2,142	64	15.44	5.5	20.8	0.4	0.0	78.54	64	1.2758	2.0445	620	621.83	1,290.94	
686316	43	619.9	592.8	414.1	592.5	235.5	8.38	4.58	0	2,222	65	21.62	5.5	20.8	0.4	0.0	86.58	64	1.2758	2.0445	620	621.53	1,365.00	
686875	42	618.7	593.2	414.3	593.2	235.5	9.06	4.58	0	2,294	68	24.56	5.5	20.4	0.4	0.0	86.79	64	1.2758	2.0352	620	621.13	1,369.45	
687409	42	617.2	594.2	415.0	594.5	235.5	9.25	4.58	0	2,355	70	24.56	5.5	20.4	0.4	0.0	85.64	64	1.2758	2.0352	620	620.43	1,208.59	
687949	41	615.4	596.2	415.6	596.2	235.5	1.75	4.58	0	2,370	70	2.44	5.5	20.8	0.4	0.0	17.84	64	1.2758	2.0445	620	619.94	1,004.77	
688658	40	614.1	599.2	417.1	599.2	235.8	2.12	4.58	0	2,348	70	1.38	5.5	20.8	0.4	0.0	10.45	64	1.2758	2.0445	615	619.44	965.16	
689199	40	613.0	601.8	418.8	602.5	235.8	2.44	4.58	0	2,353	69	1.94	5.5	20.4	0.4	0.0	18.82	64	1.2758	2.0352	615	618.93	970.86	
689729	40	612.0	604.8	420.1	605.2	235.8	2.25	4.58	0	2,328	69	1.62	5.5	20.4	0.4	0.0	18.82	64	1.2758	2.0352	615	618.65	974.06	
690274	40	611.4	607.8	421.5	607.8	236.2	2.12	4.58	0	2,296	68	2.19	5.5	20.4	0.4	0.0	18.75	64	1.2758	2.0352	615	618.34	988.98	
690815	41	610.9	609.5	422.7	609.8	236.2	2.25	4.58	0	2,281	68	1.94	5.5	20.4	0.4	0.0	18.94	64	1.2758	2.0352	615	618.04	991.88	
691355	41	610.5	611.5	423.7	611.5	236.2	2.12	4.58	0	2,267	67	1.62	5.5	20.4	0.4	0.0	18.94	64	1.2758	2.0352	615	617.73	992.73	
691918	41	610.2	612.8	424.5	612.8	236.2	2.25	4.58	0	2,243	66	1.62	5.5	20.4	0.4	0.0	18.91	64	1.2758	2.0352	615	617.43	992.66	
692449	41	610.0	613.5	424.8	613.8	236.2	2.25	4.58	0	2,225	66	1.94	5.5	20.4	0.4	0.0	19.12	64	1.2758	2.0352	615	617.24	992.97	
693015	41	609.9	614.8	425.6	614.8	236.8	2.25	4.58	0	2,204	65	1.62	5.5	20.4	0.4	0.0	19.15	64	1.2758	2.0352	615	617.03	992.89	
693617	42	609.8	615.5	425.8	615.5	236.5	2.25	4.58	0	2,187	65	1.12	5.5	20.4	0.4	0.0	19.48	64	1.2758	2.0352	615	616.84	992.03	
694145	42	609.7	615.8	426.1	615.8	236.5	2.44	4.58	0	2,161	64	1.38	5.5	20.4	0.4	0.0	19.50	64	1.2758	2.0352	615	616.63	991.64	
694734	42	609.7	616.5	426.6	616.5	237.2	2.44	4.58	0	2,144	63	1.62	5.5	20.4	0.4	0.0	19.59	64	1.2758	2.0352	615	616.44	990.86	
695286	42	609.7	616.5	426.6	616.5	237.2	2.44	4.58	0	2,120	63	1.94	5.5	20.4	0.4	0.0	19.88	64	1.2758	2.0352	615	616.23	990.78	
695838	42	609.7	616.5	426.6	616.8	237.2	2.44	4.58	0	2,105	62	1.94	5.5	20.4	0.4	0.0	19.97	64	1.2758	2.0352	615	616.14	989.92	
696419	42	609.7	616.5	426.8	616.8	237.2	2.44	4.58	0	2,084	62	0.00	5.5	20.4	0.4	0.0	20.04	64	1.2758	2.0352	615	616.05	989.77	
697079	42	609.7	616.5	427.1	616.8	237.2	2.44	4.58	0	2,067	61	-0.19	5.5	20.4	0.4	0.0	14.09	64	1.2758	2.0352	615	615.83	982.11	
697610	43	609.6	616.5	427.0	616.5	237.5	4.00	4.58	0	2,130	61	5.94	5.5	20.4	0.4	0.0	54.23	64	1.2758	2.0352	615	615.65	960.78	
698149	43	609.2	616.2	426.8	616.5	237.5	5.75	4.58	0	2,103	62	11.06	5.5	20.4	0.4	0.0	70.62	64	1.2758	2.0352	615	615.44	1,147.89	
698758	43	608.1	616.5	427.1	616.5	237.8	7.31	4.58	0	2,178	64	18.38	5.5	20.4	0.4	0.0	78.91	64	1.2758	2.0352	615	614.94	1,198.52	
699303	43	606.7	617.2	427.3	617.2	237.8	7.50	4.58	0	2,254	66	18.62	5.5	20.4	0.4	0.0	75.33	64	1.2758	2.0352	610	614.33	1,176.25	
699881	42	604.8	618.5	428.2	618.5	238.2	6.25	4.58	0	2,255	68	14.06	5.5	20.4	0.4	0.0	28.01	64	1.2758	2.0352	610	613.63	1,033.20	
700416	42	603.5	620.2	429.1	620.5	238.5	2.25	4.58	0	2,294	68	1.38	5.5	20.8	0.4	0.0	13.08	64	1.2758	2.0445	610	613.14	975.62	
700976	41	602.3	622.5	430.5	622.8	238.5	8.19	4.58	0	2,282	67	1.12	5.5	20.4	0.4	0.0	15.94	64	1.2758	2.0352	610	612.74	964.53	
701523	41	601.3	624.5	431.8	625.2	238.5	2.25	4.58	0	2,259	67	1.94	5.5	20.4	0.4	0.0	18.94	64	1.2758	2.0266	610	612.25	970.86	
702102	41	600.6	627.2	433.0	626.8	239.2	2.25	4.58	0	2,233	66	1.38	5.5	20.4	0.4	0.0	18.91	64	1.2758	2.0266	610	611.85	982.58	
702670	41	599.9	628.8	433.3	629.2	238.8	2.12	4.58	0	2,216	65	1.62	5.5	20.4	0.4	0.0	19.03	64	1.2758	2.0266	610	611.55	987.50	
703211	42	599.5	629.8	434.3	630.2	239.5	2.25	4.58	0	2,196	65	1.12	5.5	20.4	0.4	0.0	19.03	64	1.2758	2.0266	610	611.15	990.39	
703747	42	599.2	631.2	435.1	630.8	238.8	2.25	4.58	0	2,171	64	0.81	5.5	20.4	0.4	0.0	19.12	64	1.2758	2.0266	610	610.94	991.02	
704277	42	599.0	631.8	435.5	631.8	239.2	2.44	4.58	0	2,147	64	1.38	5.5	20.4	0.4	0.0	19.20	64	1.2758	2.0266	610	610.63	990.78	
704842	42	598.8	632.2	435.6	632.2	239.5	2.44	4.58	0	2,131	63	0.81	5.5	20.4	0.4	0.0	13.71	64	1.2758	2.0266	610	610.35	987.03	
705417	42	598.6	631.8	436.0	631.8	239.8	3.69	4.58	0	2,182	63	4.06	5.5	20.4	0.4	0.0	45.14	64	1.2758	2.0266	610	610.05	965.94	
706086	42	598.2	632.2	436.0	632.5	240.2	1.75	4.58	0	2,160	63	1.62	5.5	20.4	0.4	0.0	14.98	64	1.2758	2.0266	605	609.65	958.59	
706648	42	597.9	632.2	436.2	632.2	240.2	2.44	4.58	0	2,157	63	0.81	5.5	20.4	0.4	0.0	10.15	64	1.2758	2.0266	605	609.34	956.17	
707172	42	597.5	632.5	436.3	632.5	240.2	2.81	4.58	0	2,127	63	0.31	5.5	20.4	0.4	0.0	19.15	64	1.2758	2.0266	605	609.13	969.92	
707707	42	597.4	632.8	436.6	632.8	240.5	2.44	4.58	0	2,105	62	0.81	5.5	20.4	0.4	0.0	19.31	64	1.2758	2.0266	605	608.94	978.91	
708250	42	597.5	632.8	436.5	632.8	240.5	2.44	4.58	0	2,078	62	0.31	5.5	20.4	0.4	0.0	19.34	64	1.2758	2.0266	605	608.85	983.59	
708785	42	597.7	632.8	436.6	632.8	240.5	2.44	4.58	0	2,056	61	-0.19	5.5	20.4	0.4	0.0	19.48	64	1.2758	2.0266	605	608.64	985.39	
709363	42	598.1	632.5	436.5	632.5	240.5	2.44	4.58	0	2,036	60	1.38	5.5	20.4	0.4	0.0	19.41	64	1.2758	2.0266	605	608.55	986.80	
709968	43	598.5	632.5	436.5	631.8	240.8	2.44	4.58	0	2,014	60	-0.19	5.5	20.4	0.4	0.0	19.50	64	1.2758	2.0266	605	608.43	986.25	
710524	43	599.1	631.5	436.2	631.5	240.8	2.62	4.58	0	1,996	59	0.81	5.5	20.4	0.4	0.0	19.59	64	1.2758	2.0266	605	608.43	986.33	
711108	43	599.7	630.8	435.8	630.8	241.2	2.62	4.58	0	1,972	58	0.31	5.5	20.4	0.4	0.0	20.55	64	1.2758	2.0266	605	608.33	986.80	
711655	43	600.2	629.8	435.8	629.8	241.2	1.75	4.58	0	2,005	58	1.62	5.5	20.4	0.4	0.0	28.92	64	1.2758	2.0266	605	608.33	959.45	
712191	43	600.7	629.5	435.3	629.2	241.5	4.38	4.58	0	2,044	59	6.25	5.5	20.4	0.4	0.0	52.97	64	1.2758	2.0266	605	608.24	946.41	
712759	43	600.9	628.8	435.0	629.2	241.5	5.75	4.58	0	2,019	60	8.94	5.5	20.4	0.4	0.0	27.75	64	1.2758	2.0266	605	608.15	972.58	
713324	43	600.8	628.2	435.0	628.5	241.8	2.25	4.58	0	2,028	60	1.12	5.5	20.4	0.4	0.0	12.23	64	1.2758	2.0266	605	608.03	961.02	
713876	42	600.7	628.2	435.0	628.5	241.8	2.25	4.58	0	2,010	59	1.12	5.5	20.4	0.4	0.0	14.04	64	1.2758	2.0266	605	607.94	957.73	
714413	42	600.6	628.8	435.3	628.8	241.8	2.25	4.58	0	1,963	57	1.12	5.5	20.4	0.4	0.0	19.45	64	1.2758	2.0266	605	607.84	964.30	
715063	42	600.6	628.5	435.3	628.2	242.5	2.25	4.58	0	1,865	55	0.81	5.5	20.4	0.4	0.0	19.52	64	1.2758	2.0266	605	607.75	974.14	
715662	42	600.9	628.8	435.3	628.2	242.5	1.75	4.58	0	1,771	52	0.81	5.5	20.4	0.4	0.0	19.29	64	1.2758	2.0266	605	607.75	976.95	
716205	42	601.3	628.2	435.3	628.5	242.5	1.56	4.58	0	1,723	51	1.12	5.5	20.4	0.4	0.0	19.43	64	1.2758	2.0266	605	607.63	977.19	
716751	42	601.7	627.5	435.1	627.5	242.8	1.56	4.58	0	1,703	51	1.12	5.5	20.4	0.4	0.0	19.15	64	1.2758	2.0266	605	607.75	977.66	
717307	43	602.1	627.2	434.8	627.2	242.8	1.44	4.58	0	1,678	50	1.12	5.5	20.4	0.4	0.0	19.24	64	1.2758	2.0266	605	607.75	976.95	
717866	43	602.7	626.5	434.6	626.5	242.8	1.44	4.58	0	1,670	49	1.12	5.5	20.4	0.4	0.0	19.20	64	1.2758	2.0266	605	607.75	977.19	
718425	43	603.2	625.8	434.7	626.2	242.8	1.44	4.58	0	1,645	49	1.12	5.5	20.4	0.4	0.0	19.24	64	1.2758	2.0266	605	607.84	976.48	
719028	43	603.9	625.2	434.0	624.8	243.2	1.25	4.58	0	1,627	48	1.38	5.5	20.4	0.4	0.0	19.17	64	1.2758	2.0266	605	607.84	975.78	
719573	43	604.4	623.8	433.8	624.2	243.2	1.25	4.58	0	1,604	47	1.12	5.5	20.4	0.4	0.0	19.38	64	1.2758	2.0266	605	607.94	975.62	
720169	43	605.0	623.5	433.5	623.5	243.5	1.06	4.58	0	1,609	47	0.81	5.5	20.4	0.4	0.0	15.87	64	1.2758	2.0266	605	607.94	969.77	
720762	43	605.5	622.5	433.0	622.2	243.8	1.94	4.58	0	1,610	47	1.62	5.5	20.4	0.4	0.0	27.54	64	1.2758	2.0266	605	608.03	964.14	
721321	43	605.9	621.2	432.5	620.8	243.8	2.62	4.58	0	1,657	47	2.44	5.5	20.4	0.4	0.0	38.86	64	1.2758	2.0266	605	608.03	971.72	
721877	43	606.1	620.2	431.8	619.8	243.8	3.31	4.58	0	1,645	48	4.62	5.5	20.4	0.4	0.0	52.97	64	1.2758	2.0266	605	608.03	1,011.48	
722446	43	605.9	619.5	431.6	619.5	243.8	3.31	4.58	0	1,683	49	4.62	5.5	20.4	0.4	0.0	26.13	64	1.2758	2.0266	605	608.03	1,013.75	
723031	43	605.6	619.5	431.7	619.5	244.2	1.75	4.58	0	1,392	49	1.38	5.5	20.4	0.4	0.0	17.04	64	1.2758	2.0266	605	607.94	977.34	
723663	42	605.3	619.5	432.0	619.5	244.5	1.56	4.58	0	1,259	49	0.81	5.5	20.4	0.4	0.0	12.45	64	1.2758	2.0266	605	607.94	965.23	
724202	42	605.0	619.5	432.0	619.8	244.2	0.88	4.58	0	1,195	49	0.56	5.5	20.4	0.4	0.0	17.81	64	1.2758	2.0266	605	607.94	963.59	
724733	42	604.7	619.5	432.3	619.5	244.5	1.75	4.58	0	1,018	48	0.31	5.5	20.4	0.4	0.0	17.70	64	1.2758	2.0266	605	607.94	965.23	
725295	42	604.6	619.2	432.0	619.2	244.5	1.94	4.58	0	1,007	48	-0.19	5.5	20.4	0.4	0.0	13.78	64	1.2758	2.0266	605	607.84	962.97	
725832	42	604.5	618.5	431.5	618.8	244.5	3.12	4.58	0	1,093	48	2.19	5.5	20.4	0.4	0.0	62.62	64	1.2758	2.0266	605	607.84	965.39	
726392	43	604.2	617.8	431.1	617.8	244.8	3.31	4.58	0	1,119	49	5.12	5.5	20.4	0.4	0.0	71.58	64	1.2758	2.0266	605	607.75	1,026.56	
726943	43	603.7	617.5	431.1	617.5	244.8	3.31	4.58	0	1,070	49	5.44	5.5	20.4	0.4	0.0	83.98	64	1.2758	2.0266	605	607.63	1,062.27	
727507	43	603.1	616.8	430.6	616.8	245.2	3.50	4.58	0	1,148	50	7.88	5.5	20.4	0.4	0.0	83.81	64	1.2758	2.0266	605	607.54	1,097.66	
728087	42	602.6	616.5	431.1	616.8	245.5	3.69	4.58	0	1,117	51	7.88	5.5	20.4	0.4	0.0	90.96	64	1.2758	2.0266	605	607.35	1,158.91	
728673	42	602.3	616.5	431.1	616.5	245.5	4.56	4.58	0	1,141	52	11.38	5.5	20.4	0.4	0.0	98.11	64	1.2758	2.0266	605	607.05	1,250.86	
729203	42	602.1	617.2	431.7	617.2	246.2	5.38	4.58	0	1,367	53	16.50	5.5	20.4	0.4	0.0	108.26	64	1.2758	2.0266	605	606.74	1,360.39	
729777	42	602.2	617.8	432.0	618.2	245.8	6.62	4.58	0	1,429	55	20.00	5.5	20.4	0.4	0.0	114.96	64	1.2758	2.0266	605	606.34	1,424.14	
730378	42	602.8	619.2	432.3	619.2	246.2	7.31	4.58	0	1,506	57	23.00	5.5	20.4	0.4	0.0	112.73	64	1.2758	2.0352	605	605.94	1,387.03	
730918	42	603.7	620.8	433.6	620.8	246.5	7.81	4.58	0	1,586	59	22.19	5.5	20.4	0.4	0.0	106.05	64	1.2758	2.0352	605	605.64	1,346.17	
731483	42	605.0	622.5	434.0	622.5	246.2	7.31	4.58	0	1,597	61	19.75	5.5	20.8	0.4	0.0	104.58	64	1.2758	2.0445	605	605.24	1,369.38	
732019	42	606.2	624.5	435.3	624.5	246.8	7.81	4.58	0	1,622	62	20.25	5.5	20.8	0.4	0.0	108.23	64	1.2758	2.0445	605	604.94	1,445.47	
732689	42	607.6	626.8	437.0	626.8	247.2	10.62	4.58	0	1,738	64	26.50	5.5	20.8	0.4	0.0	87.47	64	1.2758	2.0445	600	604.54	1,167.27	
733105	42	608.9	628.8	437.8	628.5	247.2	3.31	4.58	0	1,689	65	4.62	5.5	20.8	0.4	0.0	32.79	64	1.2758	2.0445	600	604.44	1,055.16	
733651	41	609.9	630.8	439.2	631.8	247.5	1.75	4.58	0	1,673	65	1.38	5.5	20.8	0.4	0.0	16.76	64	1.2758	2.0445	600	604.35	990.70	
734233	40	610.7	633.8	440.5	634.2	247.5	1.56	4.58	0	1,655	65	1.12	5.5	20.8	0.4	0.0	11.98	64	1.2758	2.0445	600	604.23	970.94	
734784	40	611.4	636.2	441.8	636.5	247.8	0.38	4.58	0	1,596	64	0.81	5.5	20.8	0.4	0.0	17.27	64	1.2758	2.0445	600	604.14	967.50	
735308	41	611.9	638.2	443.0	638.5	248.2	1.06	4.58	0	1,420	64	1.12	5.5	20.8	0.4	0.0	17.13	64	1.2758	2.0445	600	604.05	974.14	
735843	41	612.6	639.2	443.5	639.2	248.5	1.06	4.58	0	1,376	63	0.81	5.5	20.4	0.4	0.0	17.30	64	1.2758	2.0352	600	604.05	974.92	
736408	41	613.2	640.2	444.1	640.2	248.5	1.25	4.58	0	1,322	63	0.81	5.5	20.4	0.4	0.0	18.82	64	1.2758	2.0352	600	604.05	974.92	
736958	41	613.8	640.8	444.5	640.5	248.8	1.94	4.58	0	1,330	62	1.12	5.5	20.4	0.4	0.0	33.96	64	1.2758	2.0352	600	604.05	961.25	
737513	41	614.5	640.5	444.6	640.5	248.8	3.12	4.58	0	1,420	63	4.88	5.5	20.4	0.4	0.0	61.64	64	1.2758	2.0352	600	604.14	985.78	
738044	42	615.0	640.5	444.6	640.2	248.8	3.69	4.58	0	1,415	63	7.31	5.5	20.4	0.4	0.0	72.82	64	1.2758	2.0352	600	604.14	1,064.84	
738581	42	615.4	640.2	444.5	640.5	248.8	4.38	4.58	0	1,399	64	11.38	5.5	20.8	0.4	0.0	96.38	64	1.2758	2.0445	600	604.23	1,188.28	
739121	42	615.9	640.2	444.7	640.2	249.2	5.75	4.58	0	1,383	65	16.25	5.5	20.8	0.4	0.0	110.86	64	1.2758	2.0445	600	604.35	1,357.66	
739654	42	616.8	640.2	445.0	640.5	249.5	7.31	4.58	0	1,453	67	23.00	5.5	20.8	0.4	0.0	114.23	65	1.2758	2.0445	600	604.54	1,383.67	
740235	42	618.3	640.8	445.0	640.8	249.5	6.94	4.58	0	1,509	68	21.62	5.5	20.8	0.4	0.0	107.34	65	1.2758	2.0445	600	604.84	1,341.72	
740772	42	620.0	641.5	445.7	641.5	249.8	6.81	4.58	0	1,508	69	20.81	5.5	20.8	0.4	0.0	105.54	65	1.2758	2.0445	605	605.15	1,316.02	
741404	42	622.0	642.2	445.8	642.2	249.8	6.25	4.58	0	1,517	71	19.44	5.5	20.8	0.4	0.0	98.51	65	1.2758	2.0531	605	605.73	1,252.34	
741962	42	624.4	643.8	447.0	643.8	250.5	6.12	4.58	0	1,519	72	19.19	5.5	20.8	0.4	0.0	60.80	65	1.2758	2.0531	605	606.25	1,096.48	
742541	41	627.0	645.5	447.8	645.5	250.8	1.75	4.58	0	1,559	72	2.44	5.5	20.8	0.4	0.0	19.05	65	1.2758	2.0531	605	606.83	1,009.53	
743143	41	628.5	647.2	449.2	647.5	250.8	1.56	4.58	0	1,513	72	0.81	5.5	20.8	0.4	0.0	12.23	65	1.2758	2.0445	605	607.23	975.86	
743674	41	629.6	648.5	449.8	648.5	251.2	3.31	4.58	0	1,492	72	0.31	5.5	20.8	0.4	0.0	15.05	65	1.2758	2.0445	605	607.63	968.05	
744255	41	630.5	649.8	450.5	649.8	251.5	0.88	4.58	0	1,416	71	0.81	5.5	20.8	0.4	0.0	17.41	65	1.2758	2.0445	605	608.03	971.56	
744802	41	631.5	651.2	451.2	650.8	251.2	1.25	4.58	0	1,274	71	0.56	5.5	20.8	0.4	0.0	16.95	65	1.2758	2.0531	605	608.43	972.27	
745409	41	632.4	650.8	451.3	651.2	251.8	0.38	4.58	0	1,251	70	0.81	5.5	20.8	0.4	0.0	34.03	65	1.2758	2.0531	605	608.85	959.77	
745941	41	633.3	651.2	451.3	651.2	251.8	3.50	4.58	0	1,528	70	6.25	5.5	20.8	0.4	0.0	61.29	65	1.2758	2.0531	605	609.25	1,007.66	
746477	42	634.2	650.8	451.7	650.8	251.8	4.00	4.58	0	1,503	71	8.69	5.5	20.8	0.4	0.0	76.17	65	1.2758	2.0531	605	609.83	1,101.33	
747016	42	634.8	650.2	451.2	650.2	252.2	4.69	4.58	0	1,518	72	10.81	5.5	20.8	0.4	0.0	83.25	65	1.2758	2.0445	610	610.44	1,186.88	
747591	42	635.8	650.2	451.3	650.2	252.2	5.25	4.58	0	1,570	73	12.44	5.5	20.8	0.4	0.0	85.36	65	1.2758	2.0445	610	611.15	1,247.81	
748123	42	636.9	650.2	451.5	650.5	252.8	5.75	4.58	0	1,593	74	14.31	5.5	20.4	0.4	0.0	85.36	65	1.2758	2.0352	610	611.73	1,210.47	
748673	42	638.1	650.5	451.6	650.8	252.8	2.12	4.58	0	1,551	75	3.81	5.5	20.4	0.4	0.0	27.09	65	1.2758	2.0352	610	612.44	1,044.30	
749218	41	638.9	651.5	452.0	651.2	252.8	1.56	4.58	0	1,568	74	1.12	5.5	20.4	0.4	0.0	13.80	65	1.2758	2.0352	610	612.93	986.25	
749890	41	639.5	651.8	452.7	651.8	253.5	0.19	4.58	0	1,549	74	1.38	5.5	20.4	0.4	0.0	14.09	65	1.2758	2.0352	610	613.63	964.38	
750420	41	640.0	652.5	453.0	652.5	253.2	3.12	4.58	0	1,617	74	3.00	5.5	20.4	0.4	0.0	53.70	65	1.2758	2.0352	610	614.15	982.97	
750992	41	640.5	653.2	453.1	653.2	253.5	4.56	4.58	0	1,649	74	8.38	5.5	20.4	0.4	0.0	71.30	65	1.2758	2.0352	610	614.94	1,105.08	
751606	41	640.8	653.5	453.3	653.5	254.2	4.38	4.58	0	1,414	75	10.81	5.5	20.4	0.4	0.0	84.61	65	1.2758	2.0352	615	615.74	1,193.91	
752166	42	641.3	653.5	453.5	653.5	253.8	5.56	4.58	0	1,423	76	15.94	5.5	20.4	0.4	0.0	106.80	65	1.2758	2.0352	615	616.44	1,349.92	
752716	42	642.1	654.2	454.3	654.2	254.5	6.62	4.58	0	1,396	77	20.00	5.5	20.4	0.4	0.0	114.16	65	1.2758	2.0352	615	617.33	1,424.30	
753242	42	643.4	655.2	454.6	654.8	254.2	6.81	4.58	0	1,448	78	23.00	5.5	20.4	0.4	0.0	107.55	65	1.2758	2.0352	615	618.13	1,315.31	
753791	42	645.0	656.2	455.3	656.5	254.5	5.38	4.58	0	1,448	79	18.62	5.5	20.8	0.4	0.0	94.48	65	1.2758	2.0445	615	619.14	1,171.72	
754337	41	647.0	657.2	456.0	657.2	254.8	4.19	4.58	0	1,464	80	13.81	5.5	20.8	0.4	0.0	56.18	65	1.2758	2.0445	620	619.94	1,081.80	
754877	41	648.7	658.8	456.6	658.8	254.8	1.56	4.58	0	1,416	80	2.75	5.5	21.2	0.4	0.0	20.58	65	1.2758	2.0625	620	620.85	1,011.09	
755401	40	649.8	659.8	457.5	659.8	255.2	1.75	4.58	0	1,429	80	1.12	5.5	20.8	0.4	0.0	13.38	65	1.2758	2.0539	620	621.34	979.38	
756006	40	650.8	661.8	458.5	661.8	255.5	1.25	4.58	0	1,388	79	0.56	5.5	20.8	0.4	0.0	14.95	65	1.2758	2.0539	620	622.05	968.20	
756598	40	651.7	662.8	459.1	663.2	255.5	1.06	4.58	0	1,398	79	0.81	5.5	20.8	0.4	0.0	13.85	65	1.2758	2.0539	620	622.63	962.89	
757177	40	652.7	663.8	459.6	663.8	255.8	2.81	4.58	0	1,475	79	2.44	5.5	20.8	0.4	0.0	44.67	65	1.2758	2.0539	620	623.33	973.44	
757757	41	653.5	663.8	460.1	663.8	256.2	1.75	4.58	0	1,365	79	1.62	5.5	20.8	0.4	0.0	22.03	65	1.2758	2.0539	620	623.94	974.53	
758291	41	654.0	663.8	460.1	663.8	256.2	1.56	4.58	0	1,389	79	1.12	5.5	20.8	0.4	0.0	13.17	65	1.2758	2.0539	620	624.53	966.95	
758941	41	654.5	663.5	460.0	663.2	256.5	1.56	4.58	0	1,379	78	0.56	5.5	20.8	0.4	0.0	15.07	65	1.2758	2.0539	625	625.05	963.59	
759501	41	654.9	663.8	460.1	663.8	256.5	0.88	4.58	0	1,372	77	0.81	5.5	20.8	0.4	0.0	17.18	65	1.2758	2.0539	625	625.63	964.14	
760080	41	655.4	663.2	460.0	663.2	256.8	1.06	4.58	0	1,360	77	0.81	5.5	20.8	0.4	0.0	17.72	65	1.2758	2.0445	625	626.03	970.31	
760603	41	655.8	662.2	459.3	662.5	256.8	1.06	4.58	0	1,351	77	0.81	5.5	20.8	0.4	0.0	17.23	65	1.2758	2.0445	625	626.55	972.03	
761154	41	656.3	661.2	458.8	660.8	256.8	3.81	4.58	0	1,370	76	1.12	5.5	20.8	0.4	0.0	18.80	65	1.2758	2.0445	625	627.04	961.64	
761708	41	656.7	660.2	458.8	659.8	257.2	3.12	4.58	0	1,465	76	4.06	5.5	20.4	0.4	0.0	58.80	65	1.2758	2.0359	625	627.65	980.16	
762240	42	657.1	658.8	458.1	658.5	257.5	3.81	4.58	0	1,451	77	7.56	5.5	20.8	0.4	0.0	71.81	65	1.2758	2.0539	625	628.23	1,068.12	
762830	42	657.3	657.2	457.6	657.5	257.5	5.06	4.58	0	1,370	78	12.69	5.5	20.8	0.4	0.0	96.89	65	1.2758	2.0453	625	629.03	1,226.41	
763378	42	657.5	656.5	457.1	656.8	257.2	5.75	4.58	0	1,405	79	16.25	5.5	20.8	0.4	0.0	108.05	65	1.2758	2.0453	625	629.64	1,354.30	
763934	42	658.1	656.5	457.1	656.2	257.8	7.50	4.58	0	1,547	80	21.88	5.5	20.8	0.4	0.0	112.29	65	1.2758	2.0453	630	630.44	1,469.84	
764463	42	659.0	656.5	457.1	656.2	257.8	10.94	4.58	0	1,757	81	26.75	5.5	20.4	0.4	0.0	125.20	65	1.2758	2.0359	630	631.23	1,647.50	
765028	42	660.1	656.8	457.3	657.2	257.8	13.19	4.58	0	1,765	83	34.56	5.5	20.8	0.4	0.0	134.81	65	1.2758	2.0445	630	632.24	1,721.64	
765578	42	661.4	657.8	458.0	658.5	258.2	14.06	4.58	0	1,806	84	36.50	5.5	20.4	0.4	0.0	133.83	65	1.2758	2.0352	630	633.34	1,688.20	
766166	41	662.9	660.5	459.1	660.2	258.8	12.38	4.58	0	1,810	86	31.88	5.5	20.8	0.4	0.0	117.59	65	1.2758	2.0531	630	634.35	1,529.61	
766717	41	664.6	662.8	460.8	663.2	259.2	11.31	4.58	0	1,817	87	24.88	5.5	20.8	0.4	0.0	51.33	65	1.2758	2.0438	635	635.55	1,143.52	
767256	40	665.8	665.5	462.2	665.5	258.8	2.81	4.58	0	1,880	88	2.75	5.5	20.8	0.4	0.0	21.38	65	1.2758	2.0438	635	636.34	1,028.44	
767892	40	666.7	668.5	463.7	668.5	259.5	1.94	4.58	0	1,845	87	1.12	5.5	21.2	0.4	0.0	12.47	65	1.2758	2.0625	635	637.23	979.77	
768437	39	667.3	671.5	465.3	671.8	259.8	3.12	4.58	0	1,825	87	-0.19	5.5	21.2	0.4	0.0	15.96	65	1.2758	2.0625	635	637.84	970.47	
769052	39	668.2	675.2	467.1	675.2	259.8	1.25	4.58	0	1,703	86	1.12	5.5	20.8	0.4	0.0	17.60	65	1.2758	2.0523	635	638.43	969.22	
769578	40	668.8	676.8	468.3	677.2	260.5	0.88	4.58	0	1,537	86	1.12	5.5	20.8	0.4	0.0	16.55	65	1.2758	2.0523	635	639.13	976.41	
770115	40	669.3	678.2	469.5	678.2	260.2	1.06	4.58	0	1,509	85	1.12	5.5	21.2	0.4	0.0	17.25	65	1.2758	2.0617	635	639.65	976.72	
770681	40	669.9	679.5	469.7	679.5	260.5	0.88	4.58	0	1,482	85	1.12	5.5	21.2	0.4	0.0	17.30	65	1.2758	2.0617	640	640.14	976.80	
771229	40	670.5	679.8	470.0	679.8	260.5	1.06	4.58	0	1,464	83	1.12	5.5	20.8	0.4	0.0	17.32	65	1.2758	2.0523	640	640.63	976.64	
771791	40	671.0	679.5	470.1	679.5	260.8	0.88	4.58	0	1,422	81	1.12	5.5	20.8	0.4	0.0	17.37	65	1.2758	2.0523	640	641.15	976.64	
772326	41	671.4	679.2	470.1	679.5	260.8	1.06	4.58	0	1,365	78	1.12	5.5	20.8	0.4	0.0	17.37	65	1.2758	2.0523	640	641.55	975.78	
772863	41	671.8	678.8	470.2	679.2	260.8	1.06	4.58	0	1,331	75	1.12	5.5	20.8	0.4	0.0	17.81	65	1.2758	2.0523	640	641.94	975.08	
773445	41	672.3	678.2	469.8	678.2	261.2	1.25	4.58	0	1,283	73	0.81	5.5	20.8	0.4	0.0	17.58	65	1.2758	2.0523	640	642.34	974.38	
773979	41	672.6	676.8	469.2	676.8	261.5	1.25	4.58	0	1,288	73	0.81	5.5	20.8	0.4	0.0	17.70	65	1.2758	2.0438	640	642.83	973.98	
774519	41	673.0	675.5	468.5	675.5	261.5	1.25	4.58	0	1,267	72	0.81	5.5	21.2	0.4	0.0	17.84	65	1.2758	2.0617	640	643.23	973.28	
775050	41	673.3	674.5	468.0	674.2	261.5	1.25	4.58	0	1,248	71	0.81	5.5	21.2	0.4	0.0	17.88	65	1.2758	2.0617	640	643.63	973.05	
775610	41	673.6	672.8	467.3	672.8	261.5	1.44	4.58	0	1,232	69	1.38	5.5	20.8	0.4	0.0	13.15	65	1.2758	2.0523	640	644.03	971.33	
776251	41	673.9	671.2	466.5	671.2	261.8	1.44	4.58	0	1,376	68	0.81	5.5	20.8	0.4	0.0	17.37	65	1.2758	2.0523	640	644.55	971.95	
776718	42	674.2	669.5	466.0	669.8	261.8	0.88	4.58	0	1,419	67	1.38	5.5	20.8	0.4	0.0	18.40	65	1.2758	2.0438	645	644.94	973.12	
777342	42	674.5	667.5	464.6	667.5	261.8	1.06	4.58	0	1,392	67	1.12	5.5	21.2	0.4	0.0	18.68	65	1.2758	2.0625	645	645.34	974.69	
777866	42	674.8	666.2	464.3	665.8	262.2	0.88	4.58	0	1,383	66	1.12	5.5	21.2	0.4	0.0	18.33	65	1.2758	2.0625	645	645.74	975.08	
778392	42	675.0	664.5	463.3	664.2	262.2	1.06	4.58	0	1,369	65	1.12	5.5	21.2	0.4	0.0	18.61	65	1.2758	2.0625	645	646.14	975.23	
778926	42	675.3	662.2	462.5	662.2	262.5	1.06	4.58	0	1,357	65	1.12	5.5	21.2	0.4	0.0	18.63	65	1.2758	2.0625	645	646.44	974.92	
779493	42	675.5	660.8	461.6	660.5	262.5	1.06	4.58	0	1,350	64	1.12	5.5	21.2	0.4	0.0	18.91	65	1.2758	2.0625	645	646.84	975.00	
780083	42	675.8	658.8	460.6	658.5	262.8	1.25	4.58	0	1,337	64	1.12	5.5	21.2	0.4	0.0	18.77	65	1.2758	2.0625	645	647.15	974.69	
780666	42	676.0	656.8	459.8	656.8	262.8	1.06	4.58	0	1,331	63	1.12	5.5	21.2	0.4	0.0	18.80	65	1.2758	2.0625	645	647.43	974.77	
781250	42	676.2	654.8	459.0	654.8	262.8	1.25	4.58	0	1,317	63	1.12	5.5	21.2	0.4	0.0	19.03	65	1.2758	2.0625	645	647.85	974.45	
781850	42	676.4	652.8	458.0	652.5	262.8	1.25	4.58	0	1,309	63	0.81	5.5	21.2	0.4	0.0	18.87	65	1.2758	2.0625	645	648.13	974.69	
782439	43	676.6	650.8	457.1	650.5	262.8	2.25	4.58	0	1,324	62	1.12	5.5	21.2	0.4	0.0	31.10	65	1.2758	2.0625	645	648.44	964.14	
783022	43	676.7	648.8	456.0	648.5	262.8	3.00	4.58	0	1,435	63	3.81	5.5	21.2	0.4	0.0	54.98	65	1.2758	2.0625	645	648.93	984.45	
783565	43	676.6	647.5	455.6	647.2	263.2	3.69	4.58	0	1,417	63	7.31	5.5	21.2	0.4	0.0	66.75	65	1.2758	2.0625	645	649.23	1,035.86	
784139	43	676.1	646.5	455.0	646.2	263.2	3.81	4.58	0	1,407	64	9.75	5.5	21.2	0.4	0.0	75.12	65	1.2758	2.0625	645	649.75	1,073.91	
784722	43	675.3	645.5	454.3	645.2	263.5	4.19	4.58	0	1,417	65	9.50	5.5	21.2	0.4	0.0	78.66	65	1.2758	2.0625	650	650.15	1,138.91	
785437	42	674.3	644.8	454.1	644.8	263.8	4.69	4.58	0	1,463	66	11.62	5.5	20.8	0.4	0.0	84.56	65	1.2758	2.0531	650	650.73	1,208.83	
785981	42	673.5	644.8	454.7	645.2	263.8	4.69	4.58	0	1,462	68	13.25	5.5	20.8	0.4	0.0	84.00	65	1.2758	2.0531	650	651.13	1,185.55	
786564	42	672.8	645.8	455.3	645.8	264.2	2.62	4.58	0	1,414	69	5.69	5.5	20.8	0.4	0.0	29.91	65	1.2758	2.0531	650	651.34	1,049.06	
787105	41	672.4	646.8	455.6	646.8	264.5	1.56	4.58	0	1,436	68	1.38	5.5	20.8	0.4	0.0	16.08	65	1.2758	2.0531	650	651.65	989.53	
787662	41	671.9	648.5	456.3	648.2	264.8	1.75	4.58	0	1,412	68	0.81	5.5	20.8	0.4	0.0	12.02	65	1.2758	2.0445	650	651.93	971.17	
788221	40	671.5	649.8	457.1	649.8	264.8	3.12	4.58	0	1,465	68	1.62	5.5	20.8	0.4	0.0	37.85	65	1.2758	2.0445	650	652.23	960.23	
788759	41	671.0	650.5	457.5	650.5	264.8	3.50	4.58	0	1,536	68	6.75	5.5	20.8	0.4	0.0	64.69	65	1.2758	2.0445	650	652.54	1,027.11	
789374	41	670.0	651.5	458.3	651.5	264.8	3.69	4.58	0	1,404	69	9.50	5.5	20.8	0.4	0.0	83.88	65	1.2758	2.0539	650	652.84	1,142.27	
789920	41	669.1	652.5	458.7	652.5	265.2	4.38	4.58	0	1,293	70	11.88	5.5	20.8	0.4	0.0	98.81	65	1.2758	2.0539	650	653.15	1,251.95	
790458	41	668.3	653.5	459.5	653.8	265.5	6.81	4.58	0	1,506	71	20.00	5.5	20.8	0.4	0.0	109.27	65	1.2758	2.0539	650	653.33	1,335.62	
791016	41	667.9	654.8	460.3	655.2	265.5	6.62	4.58	0	1,511	72	21.06	5.5	20.8	0.4	0.0	85.71	65	1.2758	2.0352	650	653.55	1,142.11	
791580	41	667.9	656.5	460.6	656.5	266.2	2.44	4.58	0	1,615	73	4.31	5.5	21.2	0.4	0.0	28.90	65	1.2758	2.0625	650	653.64	1,031.95	
792126	40	667.7	658.5	462.1	658.5	266.2	1.56	4.58	0	1,518	72	1.38	5.5	20.8	0.4	0.0	12.96	65	1.2758	2.0539	650	653.73	984.30	
792674	40	667.5	660.5	463.0	660.8	265.8	0.88	4.58	0	1,524	72	1.12	5.5	20.8	0.4	0.0	10.99	65	1.2758	2.0539	650	653.85	970.00	
793261	40	667.4	662.5	464.3	662.5	266.2	0.88	4.58	0	1,509	72	1.12	5.5	20.8	0.4	0.0	17.65	65	1.2758	2.0445	650	653.94	968.05	
793842	40	667.3	664.2	465.0	664.2	266.5	1.25	4.58	0	1,321	71	0.81	5.5	20.8	0.4	0.0	17.25	65	1.2758	2.0445	650	654.13	973.52	
794555	40	667.2	664.8	465.6	665.2	266.5	1.25	4.58	0	1,252	71	0.56	5.5	20.8	0.4	0.0	16.88	65	1.2758	2.0445	650	654.34	973.12	
795133	40	667.2	665.5	466.0	665.5	266.5	1.44	4.58	0	1,239	70	1.12	5.5	20.8	0.4	0.0	18.40	65	1.2758	2.0445	650	654.53	970.47	
795658	41	667.2	665.5	466.1	665.5	266.5	3.12	4.58	0	1,334	70	4.06	5.5	20.8	0.4	0.0	55.73	65	1.2758	2.0445	650	654.74	980.86	
796187	41	667.0	665.5	466.3	665.5	267.2	3.81	4.58	0	1,498	71	7.88	5.5	20.8	0.4	0.0	67.38	65	1.2758	2.0359	655	654.93	1,064.14	
796766	41	666.5	665.5	466.3	665.5	267.5	4.69	4.58	0	1,557	72	10.56	5.5	20.8	0.4	0.0	81.84	65	1.2758	2.0539	655	655.14	1,164.22	
797402	41	666.1	665.2	466.3	665.5	267.2	6.81	4.58	0	1,540	73	16.50	5.5	20.8	0.4	0.0	99.84	65	1.2758	2.0453	655	655.23	1,281.33	
797967	41	666.0	665.8	466.6	665.8	267.5	6.94	4.58	0	1,599	74	20.56	5.5	20.8	0.4	0.0	100.76	65	1.2758	2.0453	655	655.23	1,260.39	
798509	41	666.2	666.8	467.0	666.8	267.5	4.69	4.58	0	1,572	75	13.00	5.5	20.8	0.4	0.0	46.27	65	1.2758	2.0539	655	655.23	1,091.80	
799106	40	666.4	668.5	468.0	668.5	268.2	1.44	4.58	0	1,608	75	1.38	5.5	20.8	0.4	0.0	16.97	65	1.2758	2.0539	655	655.23	1,002.03	
799659	40	666.4	670.2	468.8	670.2	267.8	1.44	4.58	0	1,569	75	1.12	5.5	20.8	0.4	0.0	11.91	65	1.2758	2.0453	655	655.35	975.31	
800229	40	666.4	671.5	470.1	671.5	268.2	4.00	4.58	0	1,561	74	1.38	5.5	20.8	0.4	0.0	22.90	65	1.2758	2.0453	655	655.35	957.50	
800782	40	666.4	673.2	470.6	673.2	268.2	3.81	4.58	0	1,662	75	5.12	5.5	20.4	0.4	0.0	53.74	65	1.2758	2.0359	655	655.44	1,006.17	
801325	41	666.1	674.5	471.6	674.2	268.5	3.81	4.58	0	1,644	75	7.31	5.5	20.4	0.4	0.0	64.20	65	1.2758	2.0359	655	655.54	1,079.84	
801878	41	665.8	675.5	471.5	675.8	268.5	1.94	4.58	0	1,353	75	3.50	5.5	20.4	0.4	0.0	26.81	65	1.2758	2.0359	655	655.63	1,019.22	
802437	40	665.4	676.2	472.7	676.5	268.8	1.56	4.58	0	1,361	75	1.12	5.5	20.4	0.4	0.0	15.23	65	1.2758	2.0359	655	655.75	980.00	
803149	40	665.0	677.8	473.5	677.8	269.2	1.75	4.58	0	1,306	75	0.56	5.5	20.4	0.4	0.0	11.70	65	1.2758	2.0359	655	655.84	966.25	
803676	40	664.7	678.2	473.8	678.5	268.8	0.88	4.58	0	1,318	74	0.81	5.5	20.4	0.4	0.0	17.09	65	1.2758	2.0359	655	655.94	966.02	
804186	40	664.4	679.2	474.2	679.2	269.2	1.06	4.58	0	1,303	74	0.81	5.5	20.4	0.4	0.0	16.99	65	1.2758	2.0359	655	656.15	970.78	
804738	40	664.2	679.2	474.2	678.8	269.2	1.06	4.58	0	1,295	74	0.81	5.5	20.4	0.4	0.0	16.92	65	1.2758	2.0359	655	656.24	971.88	
805320	41	664.1	678.8	474.1	678.8	269.5	1.25	4.58	0	1,283	73	0.81	5.5	20.4	0.4	0.0	17.23	65	1.2758	2.0359	655	656.43	972.66	
805872	41	664.0	678.2	474.3	678.5	269.5	1.25	4.58	0	1,278	73	0.81	5.5	20.4	0.4	0.0	17.13	65	1.2758	2.0359	655	656.55	973.20	
806453	41	663.9	677.5	473.6	677.2	269.5	1.25	4.58	0	1,268	72	1.12	5.5	20.4	0.4	0.0	17.39	65	1.2758	2.0359	655	656.64	972.97	
807015	41	663.8	675.8	473.0	675.8	270.2	1.25	4.58	0	1,261	72	0.81	5.5	20.4	0.4	0.0	17.37	65	1.2758	2.0359	655	656.85	972.73	
807607	41	663.8	674.8	472.3	674.5	269.8	1.25	4.58	0	1,253	71	0.81	5.5	20.4	0.4	0.0	17.46	65	1.2758	2.0359	655	656.94	972.58	
808145	41	663.7	673.5	471.8	672.8	269.8	0.19	4.58	0	1,290	71	0.81	5.5	20.4	0.4	0.0	21.73	65	1.2758	2.0359	655	657.04	963.91	
808684	41	663.7	671.8	471.0	672.2	270.2	2.81	4.58	0	1,355	71	2.75	5.5	20.4	0.4	0.0	47.72	65	1.2758	2.0359	655	657.25	972.81	
809252	42	663.4	670.5	470.3	670.2	270.2	3.12	4.58	0	1,345	71	5.12	5.5	20.4	0.4	0.0	61.83	65	1.2758	2.0359	655	657.34	1,018.67	
809805	42	663.0	669.2	469.8	668.8	270.2	2.81	4.58	0	1,295	72	4.88	5.5	20.4	0.4	0.0	57.66	65	1.2758	2.0359	655	657.34	1,044.22	
810376	42	662.2	668.2	469.1	668.2	270.5	2.62	4.58	0	1,294	72	4.31	5.5	20.4	0.4	0.0	51.02	65	1.2758	2.0359	655	657.44	1,043.91	
810924	42	661.4	667.5	469.0	667.5	270.5	2.62	4.58	0	1,314	73	3.81	5.5	20.4	0.4	0.0	31.05	65	1.2758	2.0359	655	657.44	1,014.84	
811460	41	660.8	667.5	468.8	667.2	270.8	1.94	4.58	0	1,338	73	1.12	5.5	20.4	0.4	0.0	17.65	65	1.2758	2.0359	655	657.44	981.02	
812130	41	660.0	667.5	469.1	667.5	270.8	1.56	4.58	0	1,254	72	0.81	5.5	20.4	0.4	0.0	12.09	65	1.2758	2.0359	655	657.44	966.95	
812660	41	659.5	667.5	469.1	667.5	270.8	1.56	4.58	0	1,276	72	0.81	5.5	20.4	0.4	0.0	17.46	65	1.2758	2.0359	655	657.53	966.02	
813196	41	658.9	667.5	469.0	666.8	270.5	1.25	4.58	0	1,257	71	0.81	5.5	20.4	0.4	0.0	17.81	65	1.2758	2.0359	655	657.53	966.95	
813753	41	658.4	666.8	469.0	666.5	270.8	1.25	4.58	0	1,251	71	0.81	5.5	20.4	0.4	0.0	17.79	65	1.2758	2.0359	655	657.53	970.86	
814323	41	658.0	666.2	468.3	666.2	270.8	1.25	4.58	0	1,239	71	0.81	5.5	20.4	0.4	0.0	17.79	65	1.2758	2.0359	655	657.53	971.17	
814925	41	657.7	665.2	468.1	665.2	270.8	1.44	4.58	0	1,278	70	0.81	5.5	20.4	0.4	0.0	27.91	65	1.2758	2.0359	655	657.65	958.20	
815480	41	657.3	663.8	467.8	663.8	270.8	3.31	4.58	0	1,506	70	5.44	5.5	20.4	0.4	0.0	59.70	65	1.2758	2.0359	655	657.53	994.14	
816026	42	656.6	663.2	467.0	662.8	270.8	3.81	4.58	0	1,513	71	8.12	5.5	20.4	0.4	0.0	68.30	65	1.2758	2.0359	655	657.53	1,076.33	
816552	42	655.6	662.2	466.7	661.8	271.2	4.19	4.58	0	1,537	71	11.06	5.5	20.4	0.4	0.0	75.59	65	1.2758	2.0359	655	657.34	1,085.62	
817094	42	654.4	661.8	466.3	661.5	271.2	3.69	4.58	0	1,530	72	9.19	5.5	20.4	0.4	0.0	51.12	65	1.2758	2.0359	655	657.04	1,067.89	
817630	41	653.3	661.5	466.3	661.5	271.2	1.56	4.58	0	1,514	72	1.94	5.5	20.4	0.4	0.0	19.48	65	1.2758	2.0359	655	656.85	1,000.94	
818208	41	652.4	662.2	466.8	662.2	271.5	1.25	4.58	0	1,505	72	1.12	5.5	20.8	0.4	0.0	12.07	65	1.2758	2.0453	655	656.64	974.84	
818773	40	651.5	662.8	467.0	662.5	271.5	0.56	4.58	0	1,490	71	0.56	5.5	20.8	0.4	0.0	16.69	65	1.2758	2.0453	655	656.55	968.91	
819343	41	650.7	663.2	467.3	663.2	271.5	1.06	4.58	0	1,379	71	0.81	5.5	20.4	0.4	0.0	18.19	65	1.2758	2.0359	655	656.33	967.50	
819914	41	650.1	663.5	467.5	663.5	271.8	1.06	4.58	0	1,264	70	1.12	5.5	20.4	0.4	0.0	15.19	65	1.2758	2.0359	655	656.24	969.92	
820513	41	649.5	663.5	467.3	663.2	271.8	2.81	4.58	0	1,352	70	3.00	5.5	20.4	0.4	0.0	55.31	65	1.2758	2.0359	655	656.03	972.42	
821160	41	648.6	662.8	467.3	663.2	271.5	3.69	4.58	0	1,539	70	7.56	5.5	20.4	0.4	0.0	72.49	65	1.2758	2.0359	655	655.75	1,076.02	
821710	42	647.4	662.5	467.5	662.8	271.5	5.25	4.58	0	1,551	71	14.06	5.5	20.4	0.4	0.0	96.56	65	1.2758	2.0359	655	655.23	1,267.03	
822247	42	645.9	662.8	467.3	662.5	271.8	10.81	4.58	0	1,891	72	25.94	5.5	20.4	0.4	0.0	120.45	65	1.2758	2.0359	650	654.74	1,600.08	
822797	42	644.8	663.5	468.0	663.5	271.8	13.75	4.58	0	1,898	74	35.94	5.5	20.4	0.4	0.0	120.61	65	1.2758	2.0453	650	653.73	1,548.05	
823325	42	643.8	664.2	468.0	664.5	272.5	13.06	4.58	0	1,985	76	34.31	5.5	20.4	0.4	0.0	123.70	65	1.2758	2.0359	650	652.84	1,633.91	
823920	41	643.0	666.2	469.0	666.2	272.2	14.25	4.58	0	2,022	78	41.06	5.5	20.8	0.4	0.0	123.00	65	1.2758	2.0539	650	651.74	1,549.22	
824508	41	642.9	668.8	470.5	668.8	272.5	12.50	4.58	0	2,080	80	37.25	5.5	20.8	0.4	0.0	120.68	65	1.2758	2.0445	650	650.55	1,592.89	
825031	41	643.3	671.5	472.0	671.5	272.8	13.75	4.58	0	2,120	82	41.31	5.5	21.2	0.4	0.0	112.36	65	1.2758	2.0445	645	649.54	1,403.83	
825632	41	644.3	675.5	474.1	675.5	272.8	8.19	4.58	0	2,147	83	19.44	5.5	20.8	0.4	0.0	38.41	65	1.2758	2.0531	645	648.44	1,059.14	
826168	40	645.0	679.5	476.0	679.5	273.2	-1.62	4.58	0	1,918	83	0.56	5.5	20.8	0.4	0.0	21.12	65	1.2758	2.0531	645	647.85	992.97	
826769	39	645.8	683.2	478.1	683.5	273.5	1.75	4.58	0	1,787	83	1.62	5.5	20.8	0.4	0.0	40.12	65	1.2758	2.0531	645	647.24	972.89	
827308	40	646.6	687.2	480.5	687.5	273.5	6.12	4.58	0	1,822	83	10.56	5.5	20.8	0.4	0.0	82.88	65	1.2758	2.0531	645	646.44	1,135.94	
827839	40	647.6	689.8	481.6	689.8	273.8	7.81	4.58	0	1,768	84	17.00	5.5	21.2	0.4	0.0	100.95	65	1.2758	2.0625	645	645.93	1,360.78	
828450	40	649.4	693.2	483.6	693.5	274.5	10.81	4.58	0	1,801	85	26.50	5.5	21.2	0.4	0.0	122.09	65	1.2758	2.0805	645	645.44	1,628.44	
828985	41	651.8	695.8	484.8	696.2	274.5	13.75	4.58	0	1,847	86	36.19	5.5	21.2	0.4	0.0	133.85	65	1.2758	2.0719	645	645.13	1,721.88	
829682	41	654.6	699.2	487.0	699.2	274.8	15.62	4.58	0	1,878	88	42.12	5.5	21.2	0.4	0.0	138.00	65	1.2758	2.0719	645	645.13	1,792.42	
830236	41	658.2	702.2	488.5	702.2	275.2	18.44	4.58	0	2,255	90	58.06	5.5	21.2	0.4	0.0	148.64	65	1.2758	2.0625	645	645.53	1,892.42	
830755	41	662.5	705.8	490.5	706.2	275.5	23.62	4.58	0	2,429	92	72.94	5.5	21.6	0.4	0.0	145.08	65	1.2758	2.0797	645	646.23	1,858.12	
831300	41	666.9	709.5	492.5	709.5	275.8	22.75	4.58	0	2,451	95	71.56	5.5	21.6	0.4	0.0	142.15	65	1.2758	2.0883	645	647.43	1,856.17	
831853	41	672.1	712.8	494.5	713.2	276.5	24.50	4.58	0	2,487	97	76.19	5.5	21.6	0.4	0.0	142.34	65	1.2758	2.0961	645	648.74	1,859.69	
832399	41	678.1	717.5	496.8	717.5	276.8	25.69	4.58	0	2,550	99	79.12	5.5	22.0	0.4	0.0	144.05	65	1.2758	2.1227	650	650.94	1,875.08	
832963	41	684.9	721.8	499.3	721.8	277.5	27.12	4.58	0	2,612	101	83.44	5.5	22.4	0.4	0.0	144.30	65	1.2758	2.1297	650	653.15	1,861.56	
833519	41	692.1	726.2	501.8	726.2	278.2	5.25	4.58	0	2,632	102	15.69	5.5	22.4	0.4	0.0	37.27	65	1.2758	2.1289	655	655.94	1,062.81	
834045	40	697.6	730.5	504.0	731.2	278.5	1.75	4.58	0	2,630	102	2.75	5.5	22.4	0.4	0.0	16.01	65	1.2758	2.1289	655	657.74	982.89	
834577	40	701.7	734.5	506.0	734.8	278.8	2.81	4.58	0	2,595	101	1.94	5.5	22.7	0.4	0.0	11.95	65	1.2758	2.1375	655	659.64	963.20	
835130	39	705.1	738.2	508.3	738.5	279.2	1.75	4.58	0	2,595	101	1.62	5.5	22.4	0.4	0.0	22.97	65	1.2758	2.1445	660	661.14	945.08	
835727	40	709.2	742.2	510.5	742.2	279.5	5.75	4.58	0	2,264	101	13.25	5.5	22.7	0.4	0.0	61.50	65	1.2758	2.1437	660	663.34	1,015.70	
836252	40	712.7	743.8	512.0	744.2	279.8	6.44	4.58	0	2,178	101	14.62	5.5	23.1	0.4	0.0	74.04	65	1.2758	2.1688	665	665.33	1,244.77	
836779	40	716.4	745.8	512.8	746.2	280.5	8.88	4.58	0	2,179	102	21.88	5.5	23.5	0.4	0.0	89.98	65	1.2758	2.1773	665	667.84	1,427.73	
837381	41	720.5	747.8	514.0	747.8	280.8	14.94	4.58	0	2,170	102	42.69	5.5	23.5	0.4	0.0	101.27	65	1.2758	2.1859	670	670.14	1,361.88	
837979	41	724.6	749.8	515.2	749.8	281.2	4.00	4.58	0	2,164	102	8.38	5.5	23.5	0.4	0.0	30.84	65	1.2758	2.1945	670	672.83	1,019.38	
838651	40	727.4	751.2	516.5	751.5	281.8	5.06	4.58	0	2,275	102	8.38	5.5	23.5	0.4	0.0	55.95	65	1.2758	2.1945	675	675.53	979.92	
839201	39	730.3	753.5	517.5	753.5	282.2	6.25	4.58	0	2,164	103	14.31	5.5	23.9	0.4	0.0	73.08	65	1.2758	2.2031	675	678.13	1,231.72	
839800	40	733.4	754.5	518.6	754.8	282.5	8.88	4.58	0	2,190	104	22.44	5.5	23.9	0.4	0.0	88.36	65	1.2758	2.2031	680	680.85	1,426.33	
840324	40	736.0	756.5	519.5	756.5	283.2	10.06	4.58	0	2,198	104	26.19	5.5	23.9	0.4	0.0	75.45	65	1.2758	2.2031	680	683.15	1,237.19	
840906	40	738.6	757.8	520.5	757.8	283.5	6.62	4.58	0	2,218	105	14.62	5.5	23.9	0.4	0.0	65.32	65	1.2758	2.2219	685	685.75	1,134.22	
841434	39	740.7	759.2	521.0	759.2	283.5	7.12	4.58	0	2,262	106	18.12	5.5	23.9	0.4	0.0	69.59	65	1.2758	2.2133	685	687.93	1,139.06	
841974	39	742.1	760.5	522.1	760.8	284.2	3.69	4.58	0	1,854	106	4.88	5.5	23.9	0.4	0.0	25.64	65	1.2758	2.2133	685	690.13	1,002.81	
842516	39	743.0	762.5	523.3	762.5	284.5	1.75	4.58	0	1,874	105	1.38	5.5	23.9	0.4	0.0	14.02	65	1.2758	2.2133	690	691.54	970.78	
843105	38	743.7	763.5	524.0	763.5	284.5	-0.81	4.58	0	1,834	105	0.81	5.5	24.3	0.4	0.0	13.22	65	1.2758	2.2219	690	693.04	961.17	
843661	39	744.3	764.8	524.5	764.5	284.8	1.44	4.58	0	1,848	104	0.81	5.5	23.9	0.4	0.0	17.13	65	1.2758	2.2117	690	694.14	964.84	
844215	39	744.8	764.5	525.0	764.8	285.5	1.25	4.58	0	1,825	103	1.12	5.5	23.9	0.4	0.0	17.30	65	1.2758	2.2117	695	695.43	974.84	
844828	39	745.4	764.5	525.1	764.5	285.5	1.25	4.58	0	1,808	103	1.38	5.5	24.3	0.4	0.0	17.41	65	1.2758	2.2203	695	696.65	977.66	
845426	39	745.8	763.5	524.6	763.2	285.8	1.25	4.58	0	1,798	102	1.12	5.5	23.9	0.4	0.0	17.48	65	1.2758	2.2016	695	697.75	979.61	
845958	40	746.1	761.8	524.3	762.2	286.5	1.06	4.58	0	1,783	102	1.38	5.5	23.9	0.4	0.0	17.30	65	1.2758	2.2016	695	698.64	979.61	
846554	40	746.5	759.8	523.5	759.8	286.5	1.25	4.58	0	1,775	101	1.38	5.5	23.9	0.4	0.0	17.53	65	1.2758	2.2016	695	699.65	979.38	
847125	40	746.8	758.5	522.5	758.2	286.5	1.25	4.58	0	1,766	100	1.38	5.5	23.9	0.4	0.0	17.77	65	1.2758	2.2016	700	700.54	980.08	
847818	40	747.1	756.2	521.6	756.2	286.8	1.94	4.58	0	1,768	100	1.62	5.5	23.9	0.4	0.0	37.20	65	1.2758	2.2016	700	701.55	967.81	
848389	41	747.3	753.8	520.3	753.8	286.8	4.88	4.58	0	1,789	100	8.69	5.5	23.5	0.4	0.0	49.57	65	1.2758	2.1930	700	702.65	1,030.70	
848920	41	747.2	751.5	519.3	751.8	287.2	1.44	4.58	0	1,768	100	2.19	5.5	23.9	0.4	0.0	18.70	65	1.2758	2.2117	700	703.44	996.41	
849555	41	746.9	749.8	518.5	749.5	287.5	1.56	4.58	0	1,740	99	1.12	5.5	23.9	0.4	0.0	11.88	65	1.2758	2.2031	700	704.24	972.11	
850103	40	746.7	748.2	517.6	748.2	287.5	1.75	4.58	0	1,743	99	0.81	5.5	23.5	0.4	0.0	17.27	65	1.2758	2.1945	705	704.94	967.89	
850666	41	746.5	746.8	517.1	746.5	287.8	0.88	4.58	0	1,735	98	1.12	5.5	23.5	0.4	0.0	18.00	65	1.2758	2.1945	705	705.44	967.81	
851197	41	746.3	745.2	516.1	744.5	287.8	1.06	4.58	0	1,692	95	1.38	5.5	23.5	0.4	0.0	18.02	65	1.2758	2.1945	705	706.14	976.02	
851742	41	746.2	743.2	515.5	742.8	287.8	0.88	4.58	0	1,637	93	1.38	5.5	23.5	0.4	0.0	18.05	65	1.2758	2.1945	705	706.63	976.95	
852312	41	746.1	740.8	514.6	740.8	287.8	0.88	4.58	0	1,629	92	1.38	5.5	23.5	0.4	0.0	18.16	65	1.2758	2.1945	705	707.24	977.11	
852888	41	746.0	739.2	513.7	738.8	288.2	0.88	4.58	0	1,619	92	1.38	5.5	23.5	0.4	0.0	18.33	65	1.2758	2.1945	705	707.73	977.19	
853431	41	745.9	736.5	512.7	736.2	288.2	0.88	4.58	0	1,609	91	1.38	5.5	23.5	0.4	0.0	18.07	65	1.2758	2.1945	705	708.25	977.34	
853954	41	745.8	734.5	511.6	734.5	288.2	0.88	4.58	0	1,600	91	1.38	5.5	23.5	0.4	0.0	18.30	65	1.2758	2.1945	705	708.65	977.19	
854563	42	745.7	732.2	510.5	732.2	288.5	0.69	4.58	0	1,591	90	1.38	5.5	23.5	0.4	0.0	18.35	65	1.2758	2.1945	705	709.23	977.66	
855115	42	745.6	729.8	509.1	729.8	288.5	0.69	4.58	0	1,577	90	1.38	5.5	23.5	0.4	0.0	20.44	65	1.2758	2.1945	705	709.75	976.80	
855662	42	745.5	727.5	508.3	727.2	288.5	2.62	4.58	0	1,604	90	2.19	5.5	23.5	0.4	0.0	37.88	65	1.2758	2.1945	710	710.24	966.88	
856353	42	745.3	725.2	507.0	725.2	288.5	4.00	4.58	0	1,670	90	7.31	5.5	23.5	0.4	0.0	61.50	65	1.2758	2.1945	710	710.94	1,041.88	
856881	42	744.5	723.2	505.7	722.8	288.5	4.69	4.58	0	1,638	91	8.94	5.5	23.5	0.4	0.0	74.53	65	1.2758	2.1945	710	711.74	1,136.95	
857481	42	743.4	721.5	504.8	721.2	288.5	5.38	4.58	0	1,630	91	12.44	5.5	23.5	0.4	0.0	81.87	65	1.2758	2.1945	710	712.35	1,215.00	
858022	42	741.8	719.8	504.3	719.5	288.5	9.38	4.58	0	1,758	92	22.19	5.5	23.5	0.4	0.0	107.23	65	1.2758	2.1945	710	712.75	1,461.33	
858561	41	740.7	719.5	503.8	719.5	288.5	12.50	4.58	0	1,952	93	32.44	5.5	23.5	0.4	0.0	105.70	65	1.2758	2.2031	710	713.15	1,366.72	
859083	41	739.3	720.2	504.1	719.8	288.5	11.12	4.58	0	2,019	94	29.19	5.5	23.5	0.4	0.0	103.10	65	1.2758	2.1930	710	713.43	1,388.44	
859611	40	738.2	721.2	504.8	721.2	289.2	11.50	4.58	0	2,012	96	31.06	5.5	23.5	0.4	0.0	106.31	65	1.2758	2.2016	710	713.73	1,408.05	
860142	40	737.2	722.8	506.0	722.5	289.2	11.62	4.58	0	2,041	97	30.81	5.5	23.5	0.4	0.0	109.08	65	1.2758	2.1914	710	713.94	1,427.11	
860721	40	736.1	724.8	507.0	725.2	289.2	11.50	4.58	0	2,068	99	31.88	5.5	23.9	0.4	0.0	108.00	65	1.2758	2.2000	710	714.13	1,373.12	
861242	39	735.0	726.8	507.8	727.2	289.8	10.81	4.58	0	2,154	100	31.31	5.5	23.9	0.4	0.0	57.63	65	1.2758	2.2078	710	714.25	1,099.53	
861825	39	733.7	729.8	509.8	730.8	289.8	2.44	4.58	0	2,088	100	3.25	5.5	23.9	0.4	0.0	18.80	65	1.2758	2.2078	710	714.25	990.47	
862382	38	732.8	733.8	511.7	733.8	289.8	2.81	4.58	0	2,084	99	0.56	5.5	23.9	0.4	0.0	11.93	65	1.2758	2.2000	710	714.25	967.34	
862954	38	731.9	736.5	513.5	737.2	289.8	-2.88	4.58	0	2,063	99	1.38	5.5	23.9	0.4	0.0	17.09	65	1.2758	2.2000	710	714.34	965.08	
863499	38	731.2	739.5	515.0	739.8	290.5	1.94	4.58	0	1,918	98	1.12	5.5	23.5	0.4	0.0	18.09	65	1.2758	2.1898	710	714.34	976.48	
864034	39	730.6	742.2	515.8	741.8	290.5	1.25	4.58	0	1,790	97	1.38	5.5	23.5	0.4	0.0	17.77	65	1.2758	2.1898	710	714.25	978.91	
864570	39	730.1	743.2	516.5	743.2	290.5	1.06	4.58	0	1,747	97	1.12	5.5	23.9	0.4	0.0	17.74	65	1.2758	2.1977	710	714.25	980.16	
865242	39	729.7	743.8	517.1	744.2	290.5	1.06	4.58	0	1,713	96	1.38	5.5	23.9	0.4	0.0	17.81	65	1.2758	2.2062	710	714.25	980.31	
865817	40	729.3	743.8	517.3	744.2	290.5	0.88	4.58	0	1,693	96	1.12	5.5	23.5	0.4	0.0	17.74	65	1.2758	2.1883	710	714.25	979.77	
866369	40	728.9	743.8	517.1	743.5	290.8	0.88	4.58	0	1,670	96	1.38	5.5	23.5	0.4	0.0	17.53	65	1.2758	2.1883	710	714.34	979.84	
866896	40	728.7	743.2	517.1	743.2	290.5	0.88	4.58	0	1,665	95	1.38	5.5	23.5	0.4	0.0	17.88	65	1.2758	2.1883	710	714.34	979.30	
867432	40	728.4	742.5	516.6	742.5	290.8	0.88	4.58	0	1,656	94	1.38	5.5	23.5	0.4	0.0	18.12	65	1.2758	2.1883	710	714.34	979.77	
867971	40	728.2	741.5	516.1	741.5	290.8	0.88	4.58	0	1,651	94	1.38	5.5	23.5	0.4	0.0	18.05	65	1.2758	2.1883	710	714.34	979.38	
868498	41	728.0	740.5	515.5	740.2	290.8	0.88	4.58	0	1,639	93	1.38	5.5	23.5	0.4	0.0	18.19	65	1.2758	2.1797	710	714.34	979.61	
869034	41	727.9	738.8	514.8	738.5	291.2	0.88	4.58	0	1,629	93	1.38	5.5	23.9	0.4	0.0	18.21	65	1.2758	2.1977	710	714.34	979.14	
869586	41	727.7	737.2	514.0	736.8	290.8	0.88	4.58	0	1,618	92	1.38	5.5	23.9	0.4	0.0	18.35	65	1.2758	2.1977	710	714.44	978.75	
870158	41	727.6	735.2	513.1	735.2	290.8	0.88	4.58	0	1,614	92	1.38	5.5	23.5	0.4	0.0	18.61	65	1.2758	2.1898	710	714.53	979.22	
870727	41	727.4	733.5	512.3	733.5	290.8	0.88	4.58	0	1,603	91	1.38	5.5	23.5	0.4	0.0	18.40	65	1.2758	2.1813	710	714.65	979.06	
871359	42	727.2	731.5	511.1	731.5	290.8	0.88	4.58	0	1,595	90	1.38	5.5	23.5	0.4	0.0	18.59	65	1.2758	2.2000	710	714.74	979.06	
871923	42	727.1	729.5	510.1	729.2	290.8	3.69	4.58	0	1,630	90	1.62	5.5	23.5	0.4	0.0	30.70	65	1.2758	2.1914	715	714.93	962.27	
872478	42	726.8	727.5	509.1	727.2	290.8	4.69	4.58	0	1,721	90	7.56	5.5	23.5	0.4	0.0	61.90	65	1.2758	2.1914	715	715.05	1,038.98	
873065	42	725.9	725.5	508.3	725.5	290.5	9.56	4.58	0	1,906	91	21.88	5.5	23.5	0.4	0.0	109.34	65	1.2758	2.1914	715	715.05	1,380.94	
873594	42	724.9	724.5	507.8	724.5	290.8	12.38	4.58	0	1,943	92	33.25	5.5	23.5	0.4	0.0	72.16	65	1.2758	2.1914	710	714.83	1,139.14	
874270	41	723.6	723.5	507.3	723.8	291.2	3.12	4.58	0	2,266	93	4.88	5.5	23.5	0.4	0.0	18.09	65	1.2758	2.1813	710	714.65	993.98	
874827	40	722.5	723.8	507.1	724.2	291.2	1.94	4.58	0	1,943	92	0.00	5.5	23.1	0.4	0.0	12.49	65	1.2758	2.1734	710	714.44	967.58	
875388	40	721.4	724.5	507.5	724.5	291.2	1.75	4.58	0	1,897	90	0.00	5.5	23.5	0.4	0.0	18.05	65	1.2758	2.1914	710	714.34	966.09	
875925	40	720.6	725.2	508.2	724.8	291.8	1.75	4.58	0	1,858	88	1.12	5.5	23.5	0.4	0.0	18.49	65	1.2758	2.1828	710	714.25	975.39	
876489	40	719.9	725.5	508.3	725.8	291.5	1.56	4.58	0	1,827	87	1.12	5.5	23.5	0.4	0.0	18.49	65	1.2758	2.1828	710	714.13	978.75	
877028	41	719.2	725.5	508.5	725.5	291.5	1.44	4.58	0	1,805	86	1.38	5.5	23.1	0.4	0.0	18.42	65	1.2758	2.1750	710	714.13	980.00	
877561	41	718.7	725.2	508.2	725.2	291.5	1.44	4.58	0	1,792	85	1.38	5.5	23.1	0.4	0.0	18.49	65	1.2758	2.1750	710	714.04	980.39	
878093	41	718.2	724.5	507.8	724.8	291.5	1.44	4.58	0	1,783	85	1.38	5.5	23.1	0.4	0.0	18.40	65	1.2758	2.1750	710	714.04	981.17	
878641	41	717.8	723.8	507.7	723.8	291.5	1.44	4.58	0	1,776	85	1.38	5.5	23.1	0.4	0.0	18.54	65	1.2758	2.1750	710	714.04	980.94	
879193	41	717.4	723.2	507.3	723.5	291.2	1.25	4.58	0	1,762	85	1.12	5.5	23.1	0.4	0.0	18.54	65	1.2758	2.1750	710	713.94	980.31	
879785	42	717.1	722.2	506.7	721.8	291.2	1.25	4.58	0	1,741	83	1.38	5.5	23.1	0.4	0.0	18.47	65	1.2758	2.1750	710	713.94	980.47	
880313	42	716.7	720.8	506.1	720.8	291.5	1.25	4.58	0	1,701	81	1.38	5.5	23.1	0.4	0.0	18.89	65	1.2758	2.1750	710	713.85	979.92	
880840	42	716.4	719.5	505.5	719.2	291.2	1.25	4.58	0	1,664	79	1.38	5.5	23.1	0.4	0.0	18.80	65	1.2758	2.1750	710	713.85	980.00	
881373	42	716.2	718.2	505.0	717.8	291.5	1.06	4.58	0	1,628	78	1.38	5.5	23.1	0.4	0.0	18.73	65	1.2758	2.1750	710	713.73	979.06	
881962	42	715.9	716.8	504.1	716.5	291.5	1.06	4.58	0	1,623	77	1.38	5.5	23.1	0.4	0.0	18.94	65	1.2758	2.1750	710	713.73	978.75	
882596	42	715.6	715.2	503.1	715.2	291.5	1.06	4.58	0	1,612	77	1.38	5.5	23.1	0.4	0.0	19.15	65	1.2758	2.1750	710	713.73	978.36	
883119	42	715.4	713.8	502.6	713.8	291.2	1.06	4.58	0	1,608	77	1.38	5.5	23.1	0.4	0.0	19.05	65	1.2758	2.1750	710	713.64	977.66	
883697	42	715.1	712.2	501.6	712.2	291.5	3.00	4.58	0	1,615	76	1.38	5.5	23.1	0.4	0.0	24.82	65	1.2758	2.1750	710	713.64	967.58	
884223	43	714.6	710.5	501.0	710.5	291.8	3.00	4.58	0	1,683	77	3.00	5.5	23.1	0.4	0.0	42.94	65	1.2758	2.1750	710	713.55	975.39	
884794	43	713.9	708.8	500.1	709.2	291.5	3.69	4.58	0	1,630	77	6.25	5.5	23.1	0.4	0.0	56.72	65	1.2758	2.1750	710	713.33	1,031.02	
885323	43	712.8	707.5	499.5	707.5	291.8	4.00	4.58	0	1,660	78	7.31	5.5	23.1	0.4	0.0	59.44	65	1.2758	2.1750	710	713.15	1,078.28	
885862	42	711.5	706.8	499.3	706.8	291.8	2.62	4.58	0	1,650	79	4.31	5.5	23.1	0.4	0.0	25.10	65	1.2758	2.1750	710	712.94	1,026.95	
886393	42	710.2	706.8	499.1	706.8	291.8	1.75	4.58	0	1,658	78	1.38	5.5	23.1	0.4	0.0	13.38	65	1.2758	2.1750	710	712.63	983.67	
886933	41	709.0	706.5	499.3	706.5	291.8	4.88	4.58	0	1,669	79	1.62	5.5	23.5	0.4	0.0	10.99	65	1.2758	2.1844	710	712.44	971.25	
887500	41	707.9	707.2	499.5	707.2	291.5	1.06	4.58	0	1,644	78	1.12	5.5	23.1	0.4	0.0	18.75	65	1.2758	2.1758	710	712.23	969.30	
888028	41	707.0	707.2	499.5	707.2	291.8	0.69	4.58	0	1,482	78	1.12	5.5	23.1	0.4	0.0	18.75	65	1.2758	2.1680	710	712.14	973.52	
888568	42	706.3	706.8	499.3	706.5	291.5	1.06	4.58	0	1,384	78	1.38	5.5	23.1	0.4	0.0	18.09	65	1.2758	2.1680	710	711.93	975.08	
889102	42	705.6	705.8	499.1	705.8	291.5	1.56	4.58	0	1,399	78	1.12	5.5	23.1	0.4	0.0	29.93	65	1.2758	2.1680	710	711.74	965.23	
889670	42	704.6	705.5	498.6	705.5	291.8	2.81	4.58	0	1,488	78	3.50	5.5	23.1	0.4	0.0	52.97	65	1.2758	2.1680	710	711.53	983.12	
890239	42	703.4	704.5	498.1	704.2	291.5	3.12	4.58	0	1,447	78	7.06	5.5	23.1	0.4	0.0	62.27	65	1.2758	2.1680	710	711.13	1,002.89	
890791	42	701.8	704.2	498.2	703.8	291.8	3.31	4.58	0	1,424	79	8.69	5.5	23.1	0.4	0.0	63.19	65	1.2758	2.1680	710	710.64	1,006.09	
891432	42	700.0	703.5	497.5	703.5	291.5	3.69	4.58	0	1,455	80	7.88	5.5	23.1	0.4	0.0	65.79	65	1.2758	2.1680	710	710.03	1,077.97	
891993	42	697.8	703.8	498.0	703.5	291.8	4.38	4.58	0	1,447	81	10.56	5.5	23.1	0.4	0.0	76.10	65	1.2758	2.1680	705	709.44	1,111.80	
892514	41	695.2	703.8	497.8	704.5	291.8	4.38	4.58	0	1,502	82	11.38	5.5	23.1	0.4	0.0	75.40	65	1.2758	2.1680	705	708.65	1,116.72	
893104	41	692.9	705.5	498.8	705.5	291.8	4.19	4.58	0	1,503	83	11.38	5.5	23.1	0.4	0.0	73.85	65	1.2758	2.1680	705	707.64	1,109.61	
893640	41	691.1	706.5	499.0	706.8	292.2	3.50	4.58	0	1,509	83	10.00	5.5	23.1	0.4	0.0	48.45	65	1.2758	2.1680	705	706.84	1,068.52	
894171	40	689.6	707.8	499.6	707.8	292.2	1.44	4.58	0	1,507	83	1.62	5.5	23.1	0.4	0.0	18.84	65	1.2758	2.1680	705	706.14	1,001.56	
894697	40	688.4	709.8	500.8	709.8	291.8	1.44	4.58	0	1,448	83	1.12	5.5	23.1	0.4	0.0	12.23	65	1.2758	2.1680	705	705.44	975.70	
895278	40	687.3	711.5	501.8	711.5	291.8	0.69	4.58	0	1,454	83	0.81	5.5	23.1	0.4	0.0	16.64	65	1.2758	2.1680	705	704.94	969.30	
895829	40	686.2	712.8	502.3	712.8	291.8	0.69	4.58	0	1,460	83	1.12	5.5	23.1	0.4	0.0	17.79	65	1.2758	2.1680	700	704.33	968.52	
896360	40	685.4	713.5	502.7	713.5	291.8	0.88	4.58	0	1,455	82	1.62	5.5	23.1	0.4	0.0	18.94	65	1.2758	2.1680	700	703.94	971.72	
896901	40	684.5	713.8	502.5	713.8	291.8	3.00	4.58	0	1,573	83	2.75	5.5	23.1	0.4	0.0	45.84	65	1.2758	2.1680	700	703.23	973.75	
897423	41	683.3	713.5	502.8	713.8	292.2	3.69	4.58	0	1,559	83	7.31	5.5	23.1	0.4	0.0	62.95	65	1.2758	2.1680	700	702.65	1,034.77	
897959	41	682.0	713.5	502.6	713.8	291.8	4.19	4.58	0	1,532	84	9.19	5.5	23.1	0.4	0.0	45.14	65	1.2758	2.1680	700	701.85	1,060.94	
898491	41	680.5	713.8	502.8	713.5	291.8	1.25	4.58	0	1,496	84	1.62	5.5	23.1	0.4	0.0	18.45	65	1.2758	2.1680	700	701.15	996.09	
899068	40	679.2	714.5	503.2	714.5	292.2	1.06	4.58	0	1,474	83	1.12	5.5	23.1	0.4	0.0	12.30	65	1.2758	2.1680	700	700.54	974.14	
899625	40	678.1	714.5	503.1	714.5	291.8	2.12	4.58	0	1,469	83	0.81	5.5	23.1	0.4	0.0	16.52	65	1.2758	2.1680	700	700.05	968.52	
900375	40	677.1	714.8	503.3	714.8	291.8	0.88	4.58	0	1,461	83	1.12	5.5	23.1	0.4	0.0	17.79	65	1.2758	2.1680	695	699.34	974.14	
900901	40	676.3	714.5	503.5	714.5	291.8	0.69	4.58	0	1,489	82	1.38	5.5	23.1	0.4	0.0	23.11	65	1.2758	2.1680	695	698.85	961.56	
901474	41	675.3	714.5	503.2	714.2	291.8	3.12	4.58	0	1,564	82	4.62	5.5	23.1	0.4	0.0	57.14	65	1.2758	2.1680	695	698.24	992.89	
902016	41	674.1	713.5	502.8	713.5	291.8	4.19	4.58	0	1,555	83	8.38	5.5	23.1	0.4	0.0	70.78	65	1.2758	2.1680	695	697.44	1,082.66	
902566	41	672.5	712.8	502.3	712.8	291.8	4.69	4.58	0	1,518	84	11.06	5.5	23.1	0.4	0.0	82.48	65	1.2758	2.1680	695	696.53	1,169.92	
903104	41	670.9	712.8	502.1	712.2	291.8	5.06	4.58	0	1,529	85	13.00	5.5	23.1	0.4	0.0	86.81	65	1.2758	2.1680	695	695.33	1,216.48	
903675	41	669.5	712.8	502.3	713.2	291.8	4.38	4.58	0	1,521	85	14.62	5.5	23.1	0.4	0.0	68.58	65	1.2758	2.1680	690	694.05	1,111.25	
904206	40	668.4	713.8	502.8	713.8	291.8	3.50	4.58	0	1,571	86	7.06	5.5	23.1	0.4	0.0	41.16	65	1.2758	2.1680	690	692.94	1,046.25	
904778	40	667.1	714.5	503.1	714.8	291.8	1.75	4.58	0	1,538	86	1.38	5.5	23.1	0.4	0.0	17.11	65	1.2758	2.1773	690	692.03	986.80	
905311	39	666.2	716.2	504.0	715.8	291.8	3.00	4.58	0	1,607	86	3.00	5.5	23.5	0.4	0.0	55.20	65	1.2758	2.1773	690	691.14	997.11	
905881	40	664.9	717.2	504.5	717.2	292.2	4.00	4.58	0	1,568	86	9.19	5.5	23.1	0.4	0.0	72.84	65	1.2758	2.1688	690	689.94	1,103.36	
906418	40	663.4	717.8	505.1	717.8	291.5	8.38	4.58	0	1,750	87	17.81	5.5	23.1	0.4	0.0	106.12	65	1.2758	2.1609	685	688.75	1,360.86	
906951	40	662.2	718.8	505.6	718.8	292.2	11.12	4.58	0	1,847	88	27.81	5.5	23.1	0.4	0.0	105.02	65	1.2758	2.1609	685	687.34	1,346.33	
907487	40	661.6	720.8	506.0	720.8	292.2	5.25	4.58	0	2,035	88	8.94	5.5	23.1	0.4	0.0	36.91	65	1.2758	2.1609	685	685.75	1,054.30	
908026	39	661.1	722.5	507.5	722.5	292.2	1.94	4.58	0	1,987	88	1.94	5.5	23.1	0.4	0.0	15.61	65	1.2758	2.1609	680	684.74	984.14	
908756	39	660.7	724.2	508.5	724.5	292.5	1.56	4.58	0	1,819	88	1.38	5.5	23.5	0.4	0.0	11.20	65	1.2758	2.1789	680	683.73	965.16	
909338	39	660.4	726.5	509.5	726.8	292.8	1.75	4.58	0	1,837	87	0.81	5.5	23.1	0.4	0.0	17.79	65	1.2758	2.1703	680	682.63	968.28	
909858	39	660.1	728.2	510.3	728.2	293.2	0.88	4.58	0	1,622	87	1.12	5.5	23.1	0.4	0.0	17.34	65	1.2758	2.1703	680	681.93	976.33	
910392	39	660.0	729.2	510.6	729.2	292.8	0.88	4.58	0	1,529	86	1.38	5.5	23.1	0.4	0.0	17.32	65	1.2758	2.1703	680	681.13	977.89	
910997	40	659.9	729.5	511.1	729.5	292.8	0.00	4.58	0	1,549	85	1.12	5.5	23.1	0.4	0.0	18.19	65	1.2758	2.1703	680	680.43	966.64	
911541	40	659.8	729.5	510.6	729.2	292.8	3.12	4.58	0	1,640	86	3.81	5.5	23.1	0.4	0.0	53.11	65	1.2758	2.1703	675	679.75	985.31	
912081	40	659.6	728.8	510.5	728.8	292.8	4.19	4.58	0	1,589	86	8.38	5.5	23.1	0.4	0.0	66.19	65	1.2758	2.1617	675	678.83	1,072.11	
912629	41	659.3	728.5	510.8	728.5	292.8	5.06	4.58	0	1,602	87	11.06	5.5	23.1	0.4	0.0	78.70	65	1.2758	2.1531	675	677.94	1,163.12	
913168	41	659.1	728.5	510.7	728.5	292.8	5.25	4.58	0	1,585	87	12.69	5.5	22.7	0.4	0.0	85.01	65	1.2758	2.1531	675	677.03	1,229.69	
913697	40	659.2	728.5	510.6	728.8	292.5	5.75	4.58	0	1,584	88	14.06	5.5	22.7	0.4	0.0	86.09	65	1.2758	2.1531	675	675.83	1,259.69	
914222	40	659.7	729.2	510.8	728.8	292.8	5.75	4.58	0	1,602	89	15.44	5.5	22.7	0.4	0.0	54.77	65	1.2758	2.1445	675	674.94	1,129.14	
914757	40	660.2	729.5	511.0	729.8	292.8	1.56	4.58	0	1,570	89	1.94	5.5	23.1	0.4	0.0	18.35	65	1.2758	2.1633	670	674.33	1,014.22	
915317	39	660.5	730.5	512.0	730.5	293.2	1.44	4.58	0	1,548	88	1.12	5.5	22.7	0.4	0.0	12.14	65	1.2758	2.1547	670	673.63	979.06	
915950	39	660.8	731.5	512.3	731.5	293.2	2.25	4.58	0	1,551	88	0.56	5.5	22.7	0.4	0.0	16.73	65	1.2758	2.1547	670	673.05	970.86	
916613	39	661.0	732.2	512.8	732.2	293.2	0.69	4.58	0	1,537	87	1.12	5.5	22.7	0.4	0.0	17.41	65	1.2758	2.1461	670	672.53	975.94	
917282	39	661.3	732.5	513.0	732.2	293.5	0.88	4.58	0	1,522	86	1.38	5.5	22.7	0.4	0.0	17.51	65	1.2758	2.1461	670	672.04	977.66	
918053	40	661.6	732.2	512.6	731.8	293.5	0.88	4.58	0	1,510	86	1.38	5.5	22.7	0.4	0.0	17.51	65	1.2758	2.1461	670	671.55	978.20	
918717	40	661.9	730.5	512.1	730.5	293.8	0.88	4.58	0	1,498	85	1.38	5.5	22.7	0.4	0.0	17.72	65	1.2758	2.1461	670	671.15	978.52	
919350	40	662.2	728.8	511.5	729.2	293.5	0.88	4.58	0	1,485	84	1.38	5.5	22.7	0.4	0.0	17.84	65	1.2758	2.1461	670	670.84	978.59	
920011	40	662.5	727.5	510.5	727.2	293.5	0.88	4.58	0	1,475	84	1.38	5.5	22.7	0.4	0.0	18.49	65	1.2758	2.1461	670	670.54	978.91	
920668	41	662.8	725.5	509.6	725.2	293.2	1.94	4.58	0	1,491	84	2.19	5.5	22.7	0.4	0.0	42.70	65	1.2758	2.1461	670	670.23	972.89	
921433	41	663.0	723.2	508.1	722.8	293.5	4.19	4.58	0	1,575	84	8.38	5.5	22.7	0.4	0.0	70.73	65	1.2758	2.1461	665	669.74	1,083.67	
922080	41	662.7	721.5	507.3	721.2	293.2	4.88	4.58	0	1,531	85	11.38	5.5	22.7	0.4	0.0	83.84	65	1.2758	2.1461	665	669.34	1,190.70	
922712	41	662.7	719.8	506.6	719.5	293.8	5.25	4.58	0	1,539	86	14.06	5.5	22.7	0.4	0.0	99.45	65	1.2758	2.1461	665	668.73	1,318.83	
923316	41	662.9	719.2	506.1	718.8	293.5	9.06	4.58	0	1,780	87	24.31	5.5	22.7	0.4	0.0	101.81	65	1.2758	2.1461	665	668.15	1,392.19	
923914	41	663.5	719.2	506.5	718.8	293.5	11.12	4.58	0	1,836	88	27.00	5.5	22.7	0.4	0.0	111.75	65	1.2758	2.1367	665	667.54	1,466.64	
924541	40	664.5	719.5	506.6	719.5	293.8	4.69	4.58	0	1,875	89	7.06	5.5	22.7	0.4	0.0	36.47	65	1.2758	2.1445	665	667.05	1,074.30	
925215	39	665.2	720.8	507.3	720.8	294.2	2.12	4.58	0	1,865	89	1.38	5.5	22.7	0.4	0.0	13.48	65	1.2758	2.1367	665	666.65	990.16	
925898	39	665.7	723.2	508.6	723.2	294.2	2.81	4.58	0	1,849	88	0.81	5.5	22.7	0.4	0.0	15.52	65	1.2758	2.1547	665	666.34	973.05	
926620	39	666.1	724.5	509.1	724.2	294.5	1.56	4.58	0	1,833	87	1.12	5.5	22.7	0.4	0.0	17.72	65	1.2758	2.1547	665	666.04	980.31	
927281	40	666.5	724.8	509.3	724.5	294.5	1.44	4.58	0	1,818	87	1.12	5.5	22.7	0.4	0.0	17.77	65	1.2758	2.1461	665	665.85	982.73	
927916	40	666.9	724.8	509.8	725.2	294.5	1.44	4.58	0	1,792	86	1.38	5.5	22.7	0.4	0.0	17.53	65	1.2758	2.1461	665	665.64	983.83	
928674	40	667.2	724.5	509.3	724.2	294.5	1.44	4.58	0	1,781	85	1.12	5.5	22.7	0.4	0.0	17.93	65	1.2758	2.1461	665	665.55	984.14	
929278	40	667.6	723.8	509.0	723.2	294.5	1.25	4.58	0	1,736	82	1.62	5.5	22.7	0.4	0.0	18.02	65	1.2758	2.1461	665	665.43	983.59	
929915	41	668.1	722.5	508.5	722.2	294.5	1.06	4.58	0	1,689	80	1.38	5.5	22.7	0.4	0.0	18.14	65	1.2758	2.1461	665	665.33	982.97	
930538	41	668.4	720.8	507.8	720.8	294.5	1.06	4.58	0	1,606	77	1.38	5.5	22.7	0.4	0.0	18.05	65	1.2758	2.1375	665	665.33	981.17	
931112	41	668.7	718.8	507.0	719.2	294.5	0.88	4.58	0	1,532	74	1.38	5.5	22.7	0.4	0.0	18.09	65	1.2758	2.1375	665	665.33	980.39	
931820	41	669.0	717.5	506.1	717.2	294.5	0.88	4.58	0	1,518	72	1.38	5.5	22.4	0.4	0.0	18.28	65	1.2758	2.1289	665	665.24	979.84	
932394	41	669.3	715.5	505.1	715.2	294.8	0.88	4.58	0	1,505	72	1.38	5.5	22.4	0.4	0.0	18.35	65	1.2758	2.1289	665	665.24	979.30	
933034	42	669.5	713.5	504.0	713.2	294.5	1.06	4.58	0	1,493	71	1.38	5.5	22.7	0.4	0.0	18.45	65	1.2758	2.1391	665	665.24	978.91	
933648	42	669.7	711.2	502.8	710.8	294.8	0.88	4.58	0	1,481	71	1.38	5.5	22.4	0.4	0.0	18.47	65	1.2758	2.1297	665	665.24	978.91	
934277	42	669.9	708.8	501.8	708.8	294.8	1.06	4.58	0	1,465	70	1.38	5.5	22.4	0.4	0.0	18.80	65	1.2758	2.1297	665	665.24	978.91	
934952	42	670.1	706.5	500.8	706.2	294.8	3.00	4.58	0	1,489	70	1.38	5.5	22.4	0.4	0.0	39.26	65	1.2758	2.1297	665	665.24	964.92	
935562	42	670.2	704.5	499.5	704.2	294.8	4.38	4.58	0	1,647	70	7.88	5.5	22.4	0.4	0.0	62.93	65	1.2758	2.1297	665	665.24	1,049.38	
936237	42	669.8	701.8	498.6	702.2	294.8	9.38	4.58	0	1,840	71	21.88	5.5	22.4	0.4	0.0	112.45	65	1.2758	2.1297	665	665.15	1,463.20	
936890	42	669.4	700.5	497.5	700.8	294.5	13.38	4.58	0	1,889	74	35.12	5.5	22.4	0.4	0.0	128.02	65	1.2758	2.1297	665	664.84	1,607.42	
937530	42	669.0	700.2	497.5	700.2	295.2	13.94	4.58	0	1,969	76	37.25	5.5	22.4	0.4	0.0	123.52	65	1.2758	2.1289	660	664.54	1,629.22	
938272	42	668.7	700.5	497.8	700.2	295.2	6.62	4.58	0	2,000	78	10.81	5.5	22.4	0.4	0.0	39.66	65	1.2758	2.1281	660	664.35	1,038.52	
938892	41	668.5	701.8	498.5	701.5	295.5	1.75	4.58	0	2,013	78	0.81	5.5	22.4	0.4	0.0	13.31	65	1.2758	2.1281	660	664.14	972.73	
939495	40	668.3	703.5	499.5	703.5	295.5	1.75	4.58	0	1,963	77	1.38	5.5	22.4	0.4	0.0	10.08	65	1.2758	2.1195	660	663.93	963.05	
940182	40	668.2	705.2	500.0	705.2	295.8	2.12	4.58	0	1,830	77	0.81	5.5	22.4	0.4	0.0	18.23	65	1.2758	2.1195	660	663.83	975.23	
940802	40	668.1	705.8	500.6	706.2	295.8	1.25	4.58	0	1,696	76	1.38	5.5	22.4	0.4	0.0	18.12	65	1.2758	2.1195	660	663.74	978.75	
941438	40	668.1	706.5	501.3	706.5	296.2	1.06	4.58	0	1,623	75	1.38	5.5	22.4	0.4	0.0	17.84	65	1.2758	2.1281	660	663.74	979.77	
942068	41	668.2	706.5	501.5	706.8	296.2	0.88	4.58	0	1,548	74	1.38	5.5	22.4	0.4	0.0	17.77	65	1.2758	2.1281	660	663.65	979.69	
942713	41	668.3	706.5	501.6	706.2	296.2	2.81	4.58	0	1,583	74	1.38	5.5	22.4	0.4	0.0	37.45	65	1.2758	2.1281	660	663.65	965.55	
943354	41	668.4	705.5	500.8	705.5	296.2	4.19	4.58	0	1,676	74	7.88	5.5	22.4	0.4	0.0	63.35	65	1.2758	2.1281	660	663.65	1,052.42	
944018	42	668.3	704.2	500.5	704.2	296.5	5.06	4.58	0	1,647	75	10.81	5.5	22.4	0.4	0.0	77.81	65	1.2758	2.1375	660	663.53	1,168.05	
944637	42	668.0	704.2	500.3	704.2	296.8	5.56	4.58	0	1,624	76	13.00	5.5	22.4	0.4	0.0	83.34	65	1.2758	2.1289	660	663.44	1,245.86	
945272	41	668.2	704.2	500.1	703.8	296.8	6.44	4.58	0	1,638	77	14.31	5.5	22.4	0.4	0.0	100.24	65	1.2758	2.1289	660	663.34	1,306.64	
945935	41	668.8	704.8	500.6	704.5	296.8	9.94	4.58	0	1,723	79	24.88	5.5	22.4	0.4	0.0	113.65	65	1.2758	2.1289	660	663.25	1,390.62	
946554	41	669.9	705.2	501.3	705.2	297.2	8.88	4.58	0	1,697	80	22.69	5.5	22.0	0.4	0.0	101.81	65	1.2758	2.1109	660	663.25	1,364.30	
947197	41	671.6	706.5	501.8	706.8	297.5	9.38	4.58	0	1,736	82	23.75	5.5	22.4	0.4	0.0	106.20	65	1.2758	2.1195	660	663.34	1,393.12	
947791	41	673.6	708.5	503.0	708.2	297.5	9.56	4.58	0	1,756	83	24.31	5.5	22.4	0.4	0.0	103.10	65	1.2758	2.1195	660	663.53	1,307.73	
948512	40	675.4	710.5	504.1	710.5	297.5	6.94	4.58	0	1,787	84	14.62	5.5	22.4	0.4	0.0	75.52	65	1.2758	2.1281	660	663.74	1,184.53	
949119	40	676.9	712.8	505.1	712.5	298.2	8.19	4.58	0	1,792	86	18.94	5.5	22.4	0.4	0.0	102.63	65	1.2758	2.1195	660	664.05	1,432.81	
949761	40	678.6	715.5	506.6	715.8	298.5	12.50	4.58	0	1,848	87	32.44	5.5	22.4	0.4	0.0	124.73	65	1.2758	2.1195	660	664.35	1,592.50	
950355	40	679.8	718.2	508.5	718.5	298.8	14.06	4.58	0	1,900	89	35.12	5.5	22.4	0.4	0.0	121.05	65	1.2758	2.1281	660	664.63	1,577.27	
950992	40	680.9	721.5	510.2	721.8	299.2	13.56	4.58	0	1,919	91	36.50	5.5	22.4	0.4	0.0	75.73	65	1.2758	2.1281	665	665.15	1,209.61	
951579	40	681.5	724.2	511.8	724.5	299.5	3.12	4.58	0	1,950	91	4.06	5.5	22.4	0.4	0.0	24.47	65	1.2758	2.1281	665	665.43	1,042.19	
952183	39	681.9	727.5	513.5	727.8	299.5	2.25	4.58	0	1,911	91	1.38	5.5	22.4	0.4	0.0	12.59	65	1.2758	2.1281	665	665.73	986.17	
952861	39	682.3	730.2	514.6	730.5	300.2	4.19	4.58	0	1,901	90	-0.44	5.5	22.4	0.4	0.0	16.27	65	1.2758	2.1281	665	666.04	973.52	
953536	39	682.6	733.2	516.3	732.8	300.5	0.88	4.58	0	1,639	90	1.12	5.5	22.4	0.4	0.0	17.09	65	1.2758	2.1180	665	666.25	979.61	
954158	39	682.8	733.8	517.1	733.8	300.8	0.88	4.58	0	1,576	89	1.12	5.5	22.4	0.4	0.0	17.37	65	1.2758	2.1266	665	666.44	980.08	
954856	40	683.2	734.8	517.8	734.8	300.8	1.25	4.58	0	1,591	89	1.62	5.5	22.0	0.4	0.0	41.16	65	1.2758	2.1172	665	666.74	972.42	
955514	40	683.5	734.5	517.6	734.5	300.5	4.38	4.58	0	1,674	89	8.38	5.5	22.0	0.4	0.0	64.76	65	1.2758	2.1172	665	667.05	1,079.53	
956212	41	683.5	734.5	517.8	734.2	301.2	5.06	4.58	0	1,604	90	11.38	5.5	22.0	0.4	0.0	79.08	65	1.2758	2.1172	665	667.44	1,105.47	
956859	41	683.4	734.2	517.8	733.8	301.5	1.75	4.58	0	1,592	90	2.44	5.5	22.4	0.4	0.0	19.41	65	1.2758	2.1266	665	667.63	1,014.14	
957482	40	683.3	734.2	518.0	734.2	301.5	1.44	4.58	0	1,587	90	1.12	5.5	22.4	0.4	0.0	12.07	65	1.2758	2.1266	665	667.94	978.44	
958099	40	683.2	734.5	518.1	734.5	301.5	-2.50	4.58	0	1,580	89	0.81	5.5	22.4	0.4	0.0	16.50	65	1.2758	2.1266	665	668.15	971.25	
958864	40	683.1	734.2	517.8	733.8	301.5	0.88	4.58	0	1,560	88	1.12	5.5	22.4	0.4	0.0	17.20	65	1.2758	2.1266	665	668.43	977.19	
959497	40	683.1	733.5	517.6	733.5	302.2	0.88	4.58	0	1,544	88	1.38	5.5	22.4	0.4	0.0	17.41	65	1.2758	2.1266	665	668.64	978.52	
960138	40	683.1	732.2	517.3	732.2	302.2	0.88	4.58	0	1,537	87	1.38	5.5	22.4	0.4	0.0	17.70	65	1.2758	2.1266	665	668.85	978.75	
960775	41	683.2	731.2	516.7	731.2	301.8	0.88	4.58	0	1,521	86	1.38	5.5	22.4	0.4	0.0	17.60	65	1.2758	2.1266	665	669.04	979.30	
961454	41	683.2	729.2	515.8	729.2	302.2	0.88	4.58	0	1,509	86	1.38	5.5	22.4	0.4	0.0	17.65	65	1.2758	2.1266	665	669.25	978.98	
962061	41	683.3	727.5	514.6	727.2	302.2	0.88	4.58	0	1,501	85	1.38	5.5	22.4	0.4	0.0	17.67	65	1.2758	2.1266	665	669.44	978.44	
962679	41	683.4	725.2	513.8	724.8	302.5	0.88	4.58	0	1,491	85	1.38	5.5	22.4	0.4	0.0	17.98	65	1.2758	2.1266	665	669.65	978.67	
963364	41	683.5	722.8	512.8	722.8	302.2	0.88	4.58	0	1,474	84	1.12	5.5	22.4	0.4	0.0	18.05	65	1.2758	2.1266	670	669.93	978.67	
963997	42	683.6	720.5	511.5	720.5	302.2	0.88	4.58	0	1,469	83	1.12	5.5	22.4	0.4	0.0	19.45	65	1.2758	2.1266	670	670.23	979.06	
964601	42	683.7	718.2	510.5	717.8	302.5	1.94	4.58	0	1,477	83	2.19	5.5	22.4	0.4	0.0	46.62	65	1.2758	2.1266	670	670.44	973.12	
965248	42	683.6	715.5	509.1	715.5	302.5	4.19	4.58	0	1,579	83	8.12	5.5	22.4	0.4	0.0	67.15	65	1.2758	2.1266	670	670.75	1,065.70	
965872	42	683.2	713.8	508.1	713.5	302.5	5.94	4.58	0	1,514	84	15.94	5.5	22.4	0.4	0.0	85.43	65	1.2758	2.1266	670	670.94	1,098.12	
966534	42	682.5	712.2	507.5	712.5	302.8	2.25	4.58	0	1,524	84	3.50	5.5	22.4	0.4	0.0	20.06	65	1.2758	2.1180	670	671.24	1,021.80	
967202	41	681.9	711.2	507.0	711.5	302.5	0.56	4.58	0	1,476	84	1.12	5.5	22.4	0.4	0.0	12.35	65	1.2758	2.1180	670	671.33	978.59	
967828	41	681.3	710.5	506.6	710.2	302.5	1.44	4.58	0	1,460	83	0.56	5.5	22.4	0.4	0.0	17.27	65	1.2758	2.1281	670	671.55	970.47	
968587	41	680.8	709.8	506.1	709.5	302.8	0.88	4.58	0	1,450	82	1.12	5.5	22.4	0.4	0.0	17.44	65	1.2758	2.1195	670	671.73	976.41	
969201	41	680.5	708.8	505.8	708.8	303.2	0.88	4.58	0	1,439	81	1.12	5.5	22.4	0.4	0.0	18.02	65	1.2758	2.1195	670	671.94	977.58	
969896	41	680.2	707.5	504.8	707.2	302.8	1.06	4.58	0	1,417	81	1.12	5.5	22.4	0.4	0.0	18.05	65	1.2758	2.1195	670	672.13	978.05	
970492	42	679.9	706.2	504.1	705.5	302.8	1.06	4.58	0	1,410	80	1.12	5.5	22.4	0.4	0.0	18.07	65	1.2758	2.1195	670	672.25	977.66	
971133	42	679.7	704.2	503.5	704.2	302.8	1.06	4.58	0	1,394	79	1.12	5.5	22.4	0.4	0.0	18.00	65	1.2758	2.1195	670	672.44	977.89	
971756	42	679.6	702.2	502.8	702.2	302.8	1.06	4.58	0	1,385	79	1.12	5.5	22.4	0.4	0.0	17.95	65	1.2758	2.1195	670	672.53	977.50	
972428	42	679.5	700.5	501.8	700.5	302.5	1.06	4.58	0	1,371	78	1.12	5.5	22.4	0.4	0.0	18.07	65	1.2758	2.1195	670	672.74	977.11	
973081	42	679.4	698.5	500.5	698.2	302.8	1.06	4.58	0	1,357	77	1.12	5.5	22.4	0.4	0.0	18.09	65	1.2758	2.1195	670	672.83	977.03	
973736	42	679.3	696.5	499.6	696.2	302.8	1.06	4.58	0	1,349	76	1.12	5.5	22.4	0.4	0.0	14.37	65	1.2758	2.1195	670	672.93	974.22	
974386	42	679.2	694.5	498.8	694.5	303.2	3.00	4.58	0	1,457	76	4.06	5.5	22.4	0.4	0.0	60.82	65	1.2758	2.1195	670	673.05	986.72	
975096	43	678.7	692.5	497.6	692.2	302.8	4.00	4.58	0	1,450	77	8.94	5.5	22.4	0.4	0.0	90.26	65	1.2758	2.1195	670	673.14	1,132.34	
975802	43	677.9	690.5	496.6	690.2	302.8	5.94	4.58	0	1,383	77	16.75	5.5	22.4	0.4	0.0	110.37	65	1.2758	2.1195	670	673.14	1,359.30	
976544	43	677.1	689.8	496.3	689.5	303.2	7.81	4.58	0	1,430	79	24.06	5.5	22.4	0.4	0.0	118.43	65	1.2758	2.1195	670	673.05	1,428.52	
977199	42	676.9	689.8	496.3	689.2	303.2	2.25	4.58	0	1,442	79	6.25	5.5	22.4	0.4	0.0	38.34	65	1.2758	2.1281	670	672.83	1,053.12	
977864	41	676.6	690.2	496.8	690.5	303.2	1.56	4.58	0	1,391	79	1.38	5.5	22.4	0.4	0.0	14.06	65	1.2758	2.1281	670	672.74	986.72	
978538	40	676.2	691.8	497.5	692.2	303.5	-0.06	4.58	0	1,381	78	0.81	5.5	22.4	0.4	0.0	11.32	65	1.2758	2.1195	670	672.65	970.00	
979283	40	676.0	693.2	498.1	692.8	303.2	1.06	4.58	0	1,366	77	1.12	5.5	22.4	0.4	0.0	19.17	65	1.2758	2.1109	670	672.65	971.56	
979893	41	675.8	694.2	498.5	694.5	303.5	2.44	4.58	0	1,419	77	3.50	5.5	22.0	0.4	0.0	56.04	65	1.2758	2.1109	670	672.65	982.66	
980537	41	675.3	694.5	499.0	694.5	303.2	3.81	4.58	0	1,463	77	8.12	5.5	22.0	0.4	0.0	87.23	65	1.2758	2.1109	670	672.53	1,111.25	
981244	41	674.6	694.8	498.8	694.5	303.5	7.81	4.58	0	1,644	78	20.25	5.5	22.0	0.4	0.0	109.62	65	1.2758	2.1109	670	672.34	1,425.47	
982314	41	674.3	696.5	499.8	696.2	303.5	9.94	4.58	0	1,711	80	27.81	5.5	22.4	0.4	0.0	80.95	66	1.2758	2.1195	670	671.85	1,175.70	
983020	41	675.0	698.2	500.6	698.2	303.8	2.25	4.58	0	1,726	81	2.44	5.5	22.4	0.4	0.0	18.09	66	1.2758	2.1195	670	671.64	1,012.81	
983693	40	675.3	700.2	502.0	700.5	303.5	1.56	4.58	0	1,678	80	0.81	5.5	22.0	0.4	0.0	11.25	66	1.2758	2.1109	670	671.43	977.34	
984336	40	675.4	702.8	503.0	702.8	303.8	1.06	4.58	0	1,666	79	1.12	5.5	22.0	0.4	0.0	17.48	66	1.2758	2.1109	670	671.33	971.48	
984996	40	675.6	704.8	504.3	704.8	303.8	0.88	4.58	0	1,446	78	1.12	5.5	22.0	0.4	0.0	17.18	66	1.2758	2.1109	670	671.33	977.89	
985689	40	675.8	706.2	505.0	706.2	303.8	1.06	4.58	0	1,379	78	1.12	5.5	22.0	0.4	0.0	17.23	66	1.2758	2.1109	670	671.24	977.73	
986318	41	676.0	706.5	505.1	707.2	303.8	1.06	4.58	0	1,367	77	1.12	5.5	22.0	0.4	0.0	17.25	66	1.2758	2.1109	670	671.24	977.27	
986998	41	676.2	706.5	505.1	706.5	304.2	1.25	4.58	0	1,340	76	1.12	5.5	22.0	0.4	0.0	17.55	66	1.2758	2.1109	670	671.24	976.41	
987612	41	676.4	706.2	505.0	706.2	304.2	1.25	4.58	0	1,329	75	1.12	5.5	22.0	0.4	0.0	17.44	66	1.2758	2.1023	670	671.33	976.41	
988269	41	676.6	705.5	504.6	705.5	303.8	1.25	4.58	0	1,320	75	1.12	5.5	22.0	0.4	0.0	17.62	66	1.2758	2.1023	670	671.33	975.78	
988978	41	676.8	704.5	504.3	704.5	304.2	2.44	4.58	0	1,343	74	1.12	5.5	22.4	0.4	0.0	42.52	66	1.2758	2.1203	670	671.43	966.64	
989576	42	676.9	702.8	503.7	702.5	304.2	3.69	4.58	0	1,413	74	7.31	5.5	22.0	0.4	0.0	66.73	66	1.2758	2.1117	670	671.43	1,039.61	
990290	42	676.8	702.2	503.1	702.2	304.5	4.19	4.58	0	1,391	75	9.19	5.5	22.0	0.4	0.0	81.28	66	1.2758	2.1031	670	671.43	1,142.89	
990903	42	676.5	701.2	502.7	701.2	304.2	5.25	4.58	0	1,354	76	14.06	5.5	22.0	0.4	0.0	101.37	66	1.2758	2.1031	670	671.43	1,269.14	
991495	42	676.6	700.8	502.6	700.8	304.5	5.94	4.58	0	1,385	77	18.94	5.5	22.0	0.4	0.0	100.64	66	1.2758	2.1031	670	671.33	1,238.36	
992198	41	677.0	701.5	503.0	701.5	304.5	2.12	4.58	0	1,388	77	6.25	5.5	22.0	0.4	0.0	35.04	66	1.2758	2.1031	670	671.33	1,037.34	
992843	41	677.1	702.2	503.5	702.2	304.5	1.56	4.58	0	1,364	77	1.12	5.5	22.0	0.4	0.0	13.76	66	1.2758	2.1031	670	671.24	983.28	
993495	40	677.2	704.2	504.1	703.8	304.5	2.12	4.58	0	1,344	77	1.12	5.5	22.0	0.4	0.0	13.92	66	1.2758	2.1125	670	671.33	969.84	
994132	40	677.2	704.8	504.6	704.8	304.5	1.06	4.58	0	1,351	76	0.81	5.5	22.0	0.4	0.0	17.20	66	1.2758	2.1039	670	671.33	968.52	
994823	40	677.3	705.8	505.3	705.8	304.8	1.25	4.58	0	1,337	76	0.81	5.5	22.0	0.4	0.0	17.32	66	1.2758	2.1039	670	671.43	975.31	
995437	41	677.4	705.8	505.3	705.8	304.8	1.25	4.58	0	1,326	75	1.12	5.5	22.0	0.4	0.0	17.34	66	1.2758	2.1039	670	671.43	975.70	
996080	41	677.4	705.8	505.5	705.5	305.2	1.25	4.58	0	1,317	75	1.12	5.5	22.0	0.4	0.0	17.53	66	1.2758	2.1039	670	671.55	976.09	
996719	41	677.5	704.8	504.5	704.5	304.8	1.25	4.58	0	1,309	74	0.81	5.5	22.0	0.4	0.0	17.37	66	1.2758	2.1039	670	671.64	976.09	
997387	41	677.6	703.5	504.1	703.5	304.5	1.25	4.58	0	1,297	74	0.81	5.5	22.0	0.4	0.0	17.67	66	1.2758	2.1039	670	671.73	975.70	
998061	41	677.8	702.2	503.6	702.2	304.8	1.25	4.58	0	1,288	73	0.81	5.5	22.0	0.4	0.0	17.48	66	1.2758	2.1039	670	671.85	975.16	
998754	42	677.9	700.5	503.0	700.2	304.8	1.25	4.58	0	1,273	73	0.81	5.5	22.0	0.4	0.0	17.53	66	1.2758	2.1039	670	671.85	975.31	
999469	42	678.0	698.5	502.0	698.5	304.8	1.25	4.58	0	1,271	72	0.81	5.5	22.0	0.4	0.0	19.03	66	1.2758	2.1039	670	671.94	975.94	
1000103	42	678.0	697.2	501.3	697.2	305.5	1.44	4.58	0	1,289	72	1.38	5.5	22.0	0.4	0.0	43.12	66	1.2758	2.1039	670	672.04	966.25	
1000910	42	677.9	694.8	500.0	694.8	304.8	4.38	4.58	0	1,563	72	8.12	5.5	22.0	0.4	0.0	70.10	66	1.2758	2.1039	670	672.04	1,083.36	
1001538	42	677.4	693.5	499.5	693.2	305.5	4.88	4.58	0	1,551	74	11.62	5.5	22.0	0.4	0.0	94.97	66	1.2758	2.1039	670	672.04	1,203.83	
1002213	42	676.9	692.5	499.0	692.5	305.2	8.00	4.58	0	1,676	75	21.62	5.5	22.0	0.4	0.0	103.52	66	1.2758	2.1039	670	672.04	1,328.59	
1002861	42	676.7	692.5	498.7	692.8	305.2	8.00	4.58	0	1,610	76	22.19	5.5	21.6	0.4	0.0	102.52	66	1.2758	2.0945	670	671.85	1,365.55	
1003537	42	676.9	693.5	499.2	693.5	305.5	8.69	4.58	0	1,648	78	23.50	5.5	21.6	0.4	0.0	106.71	66	1.2758	2.0945	670	671.73	1,393.12	
1004208	41	677.6	695.2	500.1	695.5	305.5	9.56	4.58	0	1,731	80	24.56	5.5	22.0	0.4	0.0	109.22	66	1.2758	2.0852	670	671.55	1,419.14	
1004920	41	678.9	697.8	501.8	698.5	305.2	10.44	4.58	0	1,735	82	26.50	5.5	21.6	0.4	0.0	101.98	66	1.2758	2.0938	670	671.43	1,290.94	
1005577	41	680.1	701.5	503.3	701.8	305.8	9.06	4.58	0	1,825	83	20.81	5.5	22.0	0.4	0.0	90.82	66	1.2758	2.1023	670	671.43	1,196.64	
1006235	40	681.1	705.5	505.7	705.8	305.5	8.38	4.58	0	1,800	84	19.19	5.5	22.0	0.4	0.0	89.25	66	1.2758	2.1023	670	671.43	1,143.12	
1006888	40	681.8	709.2	507.6	709.8	306.5	3.00	4.58	0	1,770	85	3.25	5.5	22.0	0.4	0.0	19.90	66	1.2758	2.0938	670	671.43	1,029.92	
1007550	40	682.2	713.5	509.6	713.8	306.5	1.94	4.58	0	1,770	84	1.38	5.5	21.6	0.4	0.0	12.05	66	1.2758	2.0938	670	671.43	980.00	
1008218	39	682.5	717.2	511.6	717.5	306.8	1.44	4.58	0	1,753	84	1.12	5.5	21.6	0.4	0.0	17.16	66	1.2758	2.0938	670	671.55	972.27	
1008924	40	682.9	720.8	513.6	721.2	306.8	0.69	4.58	0	1,587	83	2.19	5.5	22.0	0.4	0.0	21.63	66	1.2758	2.1023	670	671.55	967.42	
1009589	40	683.3	722.8	514.8	722.8	306.8	3.50	4.58	0	1,587	83	6.25	5.5	22.0	0.4	0.0	64.38	66	1.2758	2.1023	670	671.64	1,025.39	
1010235	41	683.5	724.5	515.7	724.8	307.2	4.38	4.58	0	1,500	84	10.56	5.5	22.0	0.4	0.0	93.87	66	1.2758	2.1023	670	671.73	1,188.20	
1011031	41	683.7	725.5	516.3	725.2	306.8	9.75	4.58	0	1,788	85	24.31	5.5	22.0	0.4	0.0	116.62	66	1.2758	2.1023	670	671.94	1,458.52	
1011698	41	684.5	726.5	517.0	726.5	307.5	11.62	4.58	0	1,857	87	30.00	5.5	22.0	0.4	0.0	86.62	66	1.2758	2.1023	670	672.25	1,190.47	
1012361	41	685.6	728.8	517.8	728.8	307.5	3.12	4.58	0	1,860	87	3.25	5.5	22.0	0.4	0.0	21.59	66	1.2758	2.1023	670	672.44	1,026.56	
1012994	40	686.3	731.2	519.5	731.2	307.5	1.75	4.58	0	1,833	87	1.12	5.5	21.6	0.4	0.0	12.91	66	1.2758	2.0938	670	672.74	982.73	
1013649	40	686.7	733.5	520.3	733.5	307.8	1.44	4.58	0	1,824	87	1.12	5.5	21.6	0.4	0.0	17.25	66	1.2758	2.0938	670	672.93	974.22	
1014317	40	687.1	735.2	521.3	735.2	307.8	1.06	4.58	0	1,687	86	1.38	5.5	21.6	0.4	0.0	17.02	66	1.2758	2.0938	670	673.14	979.45	
1015041	40	687.5	735.5	522.0	735.8	308.5	2.81	4.58	0	1,762	86	3.50	5.5	21.6	0.4	0.0	52.97	66	1.2758	2.0938	670	673.44	983.83	
1015696	41	687.8	735.8	522.2	736.2	307.8	8.50	4.58	0	1,888	86	16.25	5.5	21.6	0.4	0.0	96.82	66	1.2758	2.0938	670	673.75	1,276.72	
1016398	41	688.1	736.2	522.0	735.8	308.5	11.62	4.58	0	1,861	88	29.75	5.5	21.6	0.4	0.0	118.73	66	1.2758	2.0852	670	674.15	1,467.19	
1017103	41	688.9	736.5	522.6	736.8	308.5	11.50	4.58	0	1,903	90	28.94	5.5	21.6	0.4	0.0	113.81	66	1.2758	2.0938	670	674.55	1,568.98	
1017786	41	690.3	738.2	523.6	738.2	308.5	12.50	4.58	0	1,932	92	31.31	5.5	22.0	0.4	0.0	109.27	66	1.2758	2.1023	675	675.04	1,454.84	
1018444	41	691.9	739.8	524.3	739.8	309.2	12.50	4.58	0	1,965	94	34.06	5.5	21.6	0.4	0.0	76.83	66	1.2758	2.0930	675	675.74	1,174.22	
1019097	41	693.7	742.2	525.7	742.5	309.2	3.12	4.58	0	1,961	94	2.44	5.5	22.0	0.4	0.0	19.05	66	1.2758	2.1016	675	676.35	997.66	
1019720	40	694.9	745.2	527.1	745.5	309.8	1.94	4.58	0	1,968	94	1.38	5.5	21.6	0.4	0.0	12.98	66	1.2758	2.0930	675	676.75	969.06	
1020378	39	695.8	747.5	528.6	747.5	309.8	3.31	4.58	0	1,952	93	0.00	5.5	21.6	0.4	0.0	17.34	66	1.2758	2.0930	675	677.15	968.83	
1021040	40	696.6	749.5	529.7	749.5	309.8	1.25	4.58	0	1,771	92	1.12	5.5	22.0	0.4	0.0	17.41	66	1.2758	2.1016	675	677.55	978.12	
1021816	40	697.3	750.5	530.3	750.5	310.5	0.88	4.58	0	1,620	92	1.38	5.5	22.0	0.4	0.0	17.20	66	1.2758	2.1016	675	677.94	979.22	
1022420	41	698.1	750.8	530.6	751.2	310.2	0.88	4.58	0	1,603	91	1.38	5.5	21.6	0.4	0.0	17.51	66	1.2758	2.0922	675	678.34	979.92	
1023114	41	698.8	750.2	530.3	750.2	310.5	0.69	4.58	0	1,592	90	1.38	5.5	21.6	0.4	0.0	17.37	66	1.2758	2.0922	675	678.65	980.08	
1023762	41	699.5	748.8	529.8	749.2	310.8	0.69	4.58	0	1,579	90	1.38	5.5	21.6	0.4	0.0	17.39	66	1.2758	2.0922	675	678.93	980.16	
1024417	41	700.1	747.8	529.0	747.5	310.5	0.88	4.58	0	1,572	89	1.38	5.5	21.6	0.4	0.0	17.67	66	1.2758	2.0922	675	679.23	980.39	
1025059	42	700.6	746.2	528.3	746.2	310.5	2.25	4.58	0	1,579	89	1.38	5.5	21.6	0.4	0.0	38.53	66	1.2758	2.0922	675	679.54	967.42	
1025710	42	701.1	743.8	527.3	743.8	310.5	4.38	4.58	0	1,675	89	8.38	5.5	21.6	0.4	0.0	64.34	66	1.2758	2.0836	680	680.03	1,065.86	
1026400	42	701.4	742.2	526.5	741.8	311.2	5.25	4.58	0	1,655	90	11.38	5.5	22.0	0.4	0.0	79.64	66	1.2758	2.1016	680	680.43	1,166.17	
1027121	42	701.5	740.5	526.0	740.2	310.8	2.25	4.58	0	1,586	91	3.50	5.5	21.6	0.4	0.0	20.37	66	1.2758	2.0930	680	680.94	1,021.17	
1027842	41	701.5	739.5	525.5	739.8	311.2	1.06	4.58	0	1,592	91	1.12	5.5	21.6	0.4	0.0	12.09	66	1.2758	2.0844	680	681.34	978.52	
1028474	41	701.4	739.2	525.3	738.8	311.2	2.62	4.58	0	1,627	90	2.19	5.5	21.6	0.4	0.0	48.23	66	1.2758	2.0938	680	681.65	979.61	
1029194	41	701.1	738.2	524.7	738.2	311.5	4.88	4.58	0	1,660	91	9.75	5.5	21.6	0.4	0.0	74.16	66	1.2758	2.0938	680	682.23	1,125.62	
1029883	42	700.5	738.2	524.7	738.5	311.5	6.94	4.58	0	1,653	92	18.94	5.5	21.6	0.4	0.0	98.86	66	1.2758	2.0852	680	682.75	1,220.39	
1030580	41	700.3	738.2	524.8	738.2	311.5	6.25	4.58	0	1,622	93	17.31	5.5	21.6	0.4	0.0	47.37	66	1.2758	2.0852	680	683.24	1,107.42	
1031244	41	700.1	738.2	525.0	738.5	311.8	1.44	4.58	0	1,694	93	1.38	5.5	21.6	0.4	0.0	14.51	66	1.2758	2.0852	680	683.64	999.77	
1031916	40	700.0	739.5	525.6	739.2	311.8	2.12	4.58	0	1,633	93	1.62	5.5	21.6	0.4	0.0	35.95	66	1.2758	2.0766	680	683.94	974.77	
1032477	40	699.7	740.2	525.6	740.2	311.8	3.69	4.58	0	1,704	93	5.69	5.5	21.6	0.4	0.0	28.41	66	1.2758	2.0945	680	684.25	1,001.72	
1033116	41	699.4	740.5	526.0	740.5	311.8	1.75	4.58	0	1,639	93	1.38	5.5	21.6	0.4	0.0	13.69	66	1.2758	2.0859	680	684.65	976.09	
1033740	40	699.0	740.8	526.1	740.8	311.8	2.12	4.58	0	1,620	92	1.12	5.5	21.6	0.4	0.0	12.66	66	1.2758	2.0859	685	684.93	964.45	
1034437	41	698.6	741.2	526.3	740.5	312.5	2.81	4.58	0	1,699	92	2.75	5.5	21.6	0.4	0.0	46.20	66	1.2758	2.0859	685	685.23	973.67	
1035095	41	698.1	740.2	526.0	739.8	312.2	4.38	4.58	0	1,659	93	8.38	5.5	21.6	0.4	0.0	66.66	66	1.2758	2.0859	685	685.75	1,087.19	
1035740	41	697.3	740.5	526.2	740.5	312.2	5.38	4.58	0	1,654	93	11.62	5.5	21.6	0.4	0.0	79.48	66	1.2758	2.0859	685	686.03	1,196.25	
1036399	41	696.5	740.2	526.3	740.2	312.2	6.25	4.58	0	1,708	94	13.81	5.5	21.6	0.4	0.0	83.16	66	1.2758	2.0859	685	686.24	1,250.16	
1037062	41	696.3	740.5	526.3	740.8	312.2	2.62	4.58	0	1,663	95	4.62	5.5	21.6	0.4	0.0	23.72	66	1.2758	2.0859	685	686.43	1,042.73	
1037720	40	696.0	741.5	527.0	741.5	312.2	1.06	4.58	0	1,687	94	1.62	5.5	21.6	0.4	0.0	34.48	66	1.2758	2.0773	685	686.64	987.42	
1038368	40	695.6	742.5	527.5	742.8	312.5	4.00	4.58	0	1,673	94	7.56	5.5	21.6	0.4	0.0	70.95	66	1.2758	2.0953	685	686.85	1,073.67	
1039015	41	694.9	743.8	528.0	743.8	312.2	5.06	4.58	0	1,667	95	10.56	5.5	21.6	0.4	0.0	39.70	66	1.2758	2.0867	685	686.94	1,065.23	
1039637	40	694.3	744.8	528.6	745.2	312.5	1.94	4.58	0	1,731	95	1.62	5.5	21.6	0.4	0.0	16.10	66	1.2758	2.0867	685	687.04	991.33	
1040317	40	693.7	745.8	529.0	745.8	312.2	1.75	4.58	0	1,638	94	0.81	5.5	21.6	0.4	0.0	10.50	66	1.2758	2.0867	685	687.13	972.42	
1040990	40	693.1	746.2	529.3	746.5	312.2	0.88	4.58	0	1,656	94	1.12	5.5	21.6	0.4	0.0	17.48	66	1.2758	2.0867	685	687.25	970.62	
1041676	40	692.7	746.5	529.6	746.5	312.5	0.69	4.58	0	1,641	93	1.38	5.5	21.6	0.4	0.0	20.98	66	1.2758	2.0867	685	687.34	976.80	
1042521	41	692.3	746.5	529.5	745.8	312.8	3.00	4.58	0	1,743	93	4.31	5.5	21.6	0.4	0.0	55.03	66	1.2758	2.0867	685	687.53	1,030.55	
1043203	41	691.7	745.2	528.8	744.8	312.5	4.88	4.58	0	1,651	93	7.31	5.5	21.6	0.4	0.0	33.09	66	1.2758	2.0867	685	687.53	1,037.11	
1043816	41	690.8	744.5	528.3	744.2	312.8	1.56	4.58	0	1,656	93	1.38	5.5	21.6	0.4	0.0	14.11	66	1.2758	2.0867	685	687.53	985.23	
1044418	41	690.3	743.2	528.0	743.5	312.2	-0.62	4.58	0	1,613	92	1.38	5.5	21.6	0.4	0.0	10.43	66	1.2758	2.0867	685	687.53	971.41	
1045078	41	689.7	743.5	527.8	743.2	312.5	0.69	4.58	0	1,617	92	1.38	5.5	21.6	0.4	0.0	17.62	66	1.2758	2.0867	685	687.65	970.00	
1045761	41	689.3	742.8	527.6	742.5	312.5	0.69	4.58	0	1,602	91	1.12	5.5	21.6	0.4	0.0	17.74	66	1.2758	2.0867	685	687.74	978.05	
1046370	41	689.0	741.5	527.3	741.5	312.5	0.69	4.58	0	1,583	90	1.38	5.5	21.6	0.4	0.0	17.79	66	1.2758	2.0867	685	687.74	979.45	
1046998	42	688.8	740.5	526.6	740.2	312.5	0.69	4.58	0	1,571	89	1.38	5.5	21.6	0.4	0.0	17.88	66	1.2758	2.0867	685	687.83	979.69	
1047648	42	688.6	738.5	525.6	738.2	312.5	0.69	4.58	0	1,557	88	1.38	5.5	21.6	0.4	0.0	17.79	66	1.2758	2.0867	685	687.93	980.08	
1048316	42	688.5	736.8	524.5	736.5	312.2	0.69	4.58	0	1,544	88	1.38	5.5	21.6	0.4	0.0	17.91	66	1.2758	2.0867	685	688.05	979.77	
1048988	42	688.4	734.5	523.5	734.5	312.2	0.69	4.58	0	1,527	87	1.38	5.5	21.6	0.4	0.0	18.21	66	1.2758	2.0867	685	688.05	979.69	
1049660	42	688.4	732.5	522.3	732.5	312.2	0.69	4.58	0	1,511	86	1.38	5.5	21.6	0.4	0.0	18.14	66	1.2758	2.0867	685	688.14	979.92	
1050295	43	688.3	730.5	521.3	730.2	312.5	0.88	4.58	0	1,503	85	1.38	5.5	21.6	0.4	0.0	18.26	66	1.2758	2.0867	685	688.14	979.69	
1050919	43	688.3	728.2	520.3	727.8	311.8	0.88	4.58	0	1,489	84	1.38	5.5	21.6	0.4	0.0	18.45	66	1.2758	2.0867	685	688.23	979.77	
1051587	43	688.3	725.8	519.3	725.8	312.2	0.69	4.58	0	1,466	84	1.38	5.5	21.6	0.4	0.0	18.56	66	1.2758	2.0867	685	688.23	979.06	
1052255	43	688.3	723.5	517.6	723.5	312.2	0.88	4.58	0	1,459	83	1.38	5.5	21.6	0.4	0.0	20.58	66	1.2758	2.0867	685	688.23	980.62	
1053017	43	688.3	721.5	516.6	721.2	311.8	2.62	4.58	0	1,470	82	2.75	5.5	21.6	0.4	0.0	50.06	66	1.2758	2.0867	685	688.35	991.72	
1053629	44	688.0	719.2	515.6	718.8	311.8	4.38	4.58	0	1,546	82	9.19	5.5	21.6	0.4	0.0	45.61	66	1.2758	2.0867	685	688.23	1,039.84	
1054277	43	687.3	716.5	514.0	716.5	311.8	1.75	4.58	0	1,471	82	1.62	5.5	21.6	0.4	0.0	17.91	66	1.2758	2.0867	685	688.14	986.17	
1054941	43	686.7	715.2	513.6	715.5	311.8	-0.25	4.58	0	1,400	82	0.56	5.5	21.6	0.4	0.0	11.18	66	1.2758	2.0867	685	688.14	970.31	
1055597	43	686.1	714.5	513.0	714.5	311.5	0.88	4.58	0	1,426	81	1.12	5.5	21.6	0.4	0.0	18.33	66	1.2758	2.0867	685	688.05	969.06	
1056274	43	685.7	713.5	512.6	713.2	311.5	0.88	4.58	0	1,411	80	1.12	5.5	21.6	0.4	0.0	18.49	66	1.2758	2.0867	685	688.05	976.09	
1056963	43	685.3	712.2	511.8	711.8	311.5	1.06	4.58	0	1,389	79	1.38	5.5	21.6	0.4	0.0	18.54	66	1.2758	2.0867	685	687.93	977.03	
1057598	43	685.0	710.8	510.8	710.8	311.2	1.06	4.58	0	1,377	78	1.12	5.5	21.6	0.4	0.0	18.33	66	1.2758	2.0867	685	687.93	977.58	
1058232	43	684.8	708.8	510.2	708.8	311.5	1.06	4.58	0	1,369	78	1.12	5.5	21.6	0.4	0.0	18.40	66	1.2758	2.0867	685	687.83	977.19	
1058903	43	684.6	706.5	509.2	706.8	310.8	1.06	4.58	0	1,351	76	1.12	5.5	21.6	0.4	0.0	18.77	66	1.2758	2.0867	685	687.83	977.19	
1059624	43	684.5	704.8	508.2	704.8	311.2	1.25	4.58	0	1,304	74	1.12	5.5	21.6	0.4	0.0	18.49	66	1.2758	2.0867	685	687.74	976.95	
1060284	43	684.3	702.8	506.8	702.8	311.2	1.25	4.58	0	1,253	69	0.81	5.5	21.6	0.4	0.0	19.10	66	1.2758	2.0867	685	687.74	975.70	
1060920	43	684.2	700.8	506.0	700.5	311.2	1.06	4.58	0	1,408	66	0.00	5.5	21.6	0.4	0.0	16.92	66	1.2758	2.0867	685	687.65	972.97	
1061565	44	684.1	699.2	505.0	698.8	311.2	1.25	4.58	0	1,340	64	1.12	5.5	21.6	0.4	0.0	18.75	66	1.2758	2.0867	685	687.53	975.16	
1062219	44	684.0	696.8	503.6	696.8	311.2	1.06	4.58	0	1,323	63	1.12	5.5	21.6	0.4	0.0	18.91	66	1.2758	2.0867	685	687.44	975.62	
1062874	44	683.9	694.8	502.6	694.5	310.2	1.25	4.58	0	1,308	62	1.12	5.5	21.6	0.4	0.0	18.70	66	1.2758	2.0867	685	687.34	975.55	
1063637	44	683.9	692.5	501.8	692.5	310.5	1.25	4.58	0	1,290	62	1.12	5.5	21.6	0.4	0.0	18.61	66	1.2758	2.0867	685	687.13	975.78	
1064279	44	683.8	690.5	500.3	689.8	310.2	1.25	4.58	0	1,277	61	0.81	5.5	21.6	0.4	0.0	19.03	66	1.2758	2.0867	685	687.04	975.23	
1064900	44	683.7	688.5	499.5	687.8	310.5	1.25	4.58	0	1,266	60	0.81	5.5	21.6	0.4	0.0	18.82	66	1.2758	2.0867	685	686.85	975.23	
1065537	44	683.7	686.2	498.3	686.2	310.2	1.44	4.58	0	1,253	60	0.81	5.5	21.6	0.4	0.0	18.98	66	1.2758	2.0867	685	686.64	974.53	
1066190	44	683.6	684.5	497.5	684.5	310.2	1.44	4.58	0	1,238	59	0.81	5.5	21.6	0.4	0.0	19.05	66	1.2758	2.0867	685	686.55	974.45	
1066729	44	683.5	682.5	496.7	682.8	310.2	1.44	4.58	0	1,227	58	0.81	5.5	21.6	0.4	0.0	19.08	66	1.2758	2.0867	685	686.33	974.38	
1067366	44	683.4	681.2	495.7	680.8	309.8	1.44	4.58	0	1,213	58	0.81	5.5	21.6	0.4	0.0	19.10	66	1.2758	2.0867	685	686.24	973.67	
1067954	44	683.3	679.5	494.8	679.2	310.2	1.44	4.58	0	1,200	57	0.81	5.5	21.6	0.4	0.0	19.43	66	1.2758	2.0867	685	686.03	973.59	
1068659	44	683.2	676.8	493.8	677.2	310.2	1.56	4.58	0	1,145	54	0.56	5.5	21.6	0.4	0.0	18.87	66	1.2758	2.0867	685	685.84	972.42	
1069329	44	683.1	675.2	492.7	675.2	310.2	1.75	4.58	0	1,078	50	0.31	5.5	21.6	0.4	0.0	13.48	66	1.2758	2.0867	685	685.63	970.94	
1069963	44	682.9	673.5	491.8	673.5	310.2	1.94	4.58	0	1,191	46	0.56	5.5	21.6	0.4	0.0	12.16	66	1.2758	2.0867	685	685.44	967.19	
1070616	44	682.7	671.8	491.2	671.5	310.5	1.56	4.58	0	1,123	43	0.31	5.5	21.6	0.4	0.0	12.40	66	1.2758	2.0867	685	685.23	964.30	
1071222	44	682.5	670.2	490.3	670.2	310.5	2.44	4.58	0	1,112	41	0.56	5.5	21.6	0.4	0.0	16.52	66	1.2758	2.0867	685	685.05	962.81	
1071864	44	682.2	668.5	489.2	668.2	310.5	3.00	4.58	0	1,351	40	0.31	5.5	21.6	0.4	0.0	16.48	66	1.2758	2.0867	680	684.83	965.23	
1072429	44	681.9	666.8	488.6	666.8	309.8	1.25	4.58	0	1,320	39	1.12	5.5	21.6	0.4	0.0	19.38	66	1.2758	2.0867	680	684.65	969.77	
1073179	44	681.8	665.5	487.8	665.2	310.2	1.25	4.58	0	1,323	38	0.81	5.5	21.6	0.4	0.0	19.76	66	1.2758	2.0867	680	684.44	973.12	
1073937	44	681.8	663.8	487.1	663.5	310.5	1.56	4.58	0	1,173	33	0.56	5.5	21.6	0.4	0.0	19.52	66	1.2758	2.0867	680	684.25	972.58	
1074596	44	681.8	661.8	486.1	661.8	310.2	1.94	4.58	0	1,110	28	0.31	5.5	21.6	0.4	0.0	12.16	66	1.2758	2.0867	680	684.04	967.81	
1075215	44	681.8	660.5	485.5	659.8	310.2	1.94	4.58	0	1,166	27	0.31	5.5	21.6	0.4	0.0	12.63	66	1.2758	2.0867	680	683.85	964.53	
1075883	44	681.7	658.8	484.6	658.5	310.5	1.75	4.58	0	1,236	26	0.56	5.5	21.6	0.4	0.0	12.38	66	1.2758	2.0867	680	683.64	963.28	
1076605	44	681.5	657.5	484.2	657.5	310.5	1.56	4.58	0	1,252	25	0.81	5.5	21.6	0.4	0.0	19.10	66	1.2758	2.0867	680	683.43	967.66	
1077248	45	681.5	655.8	483.5	655.8	310.8	1.44	4.58	0	1,215	24	0.81	5.5	21.6	0.4	0.0	13.43	66	1.2758	2.0867	680	683.33	968.05	
1077898	45	681.5	655.2	482.8	654.5	310.8	3.00	4.58	0	1,369	24	3.50	5.5	21.6	0.4	0.0	61.55	66	1.2758	2.0867	680	683.03	972.11	
1078536	45	681.1	653.2	482.1	653.2	310.8	3.69	4.58	0	1,356	27	7.88	5.5	21.6	0.4	0.0	75.49	66	1.2758	2.0867	680	682.84	1,069.22	
1079181	45	680.1	652.5	482.0	652.5	311.2	4.38	4.58	0	1,456	29	10.56	5.5	21.2	0.4	0.0	77.77	66	1.2758	2.0781	680	682.63	1,107.03	
1079807	44	679.0	652.5	482.1	652.5	311.5	5.06	4.58	0	1,619	32	11.88	5.5	21.2	0.4	0.0	71.55	66	1.2758	2.0781	680	682.23	1,097.81	
1080361	44	677.9	652.8	482.1	653.2	312.2	5.94	4.58	0	1,746	34	12.44	5.5	21.2	0.4	0.0	73.38	66	1.2758	2.0781	680	681.93	1,114.38	
1080982	43	676.2	654.2	482.8	654.2	311.8	6.81	4.58	0	1,831	37	13.50	5.5	21.2	0.4	0.0	69.63	66	1.2758	2.0781	680	681.44	1,083.52	
1081638	43	673.8	656.2	484.1	656.5	312.2	5.06	4.58	0	1,598	39	13.00	5.5	21.6	0.4	0.0	76.08	66	1.2758	2.0867	680	680.85	1,165.00	
1082255	43	671.4	658.8	485.6	659.2	312.8	5.06	4.58	0	1,516	41	13.00	5.5	21.6	0.4	0.0	87.23	66	1.2758	2.0867	680	680.15	1,241.95	
1082888	43	669.5	661.8	487.3	661.8	312.8	6.25	4.58	0	1,461	43	19.19	5.5	21.2	0.4	0.0	111.14	66	1.2758	2.0781	675	679.23	1,429.14	
1083680	43	668.3	665.2	489.0	665.5	313.2	10.81	4.58	0	1,647	46	30.25	5.5	21.6	0.4	0.0	130.31	66	1.2758	2.0687	675	678.13	1,666.56	
1084346	43	668.0	669.2	491.1	669.5	313.5	12.19	4.58	0	1,709	50	32.69	5.5	21.2	0.4	0.0	121.17	66	1.2758	2.0773	675	676.94	1,653.28	
1084998	43	669.0	674.8	494.0	674.8	313.8	14.44	4.58	0	1,805	53	36.75	5.5	21.6	0.4	0.0	122.98	66	1.2758	2.0859	675	675.93	1,639.14	
1085627	43	670.9	679.5	496.3	679.8	314.2	14.44	4.58	0	1,904	56	29.75	5.5	21.2	0.4	0.0	78.28	66	1.2758	2.0766	675	675.25	1,238.98	
1086299	42	673.4	684.8	499.5	685.2	314.8	3.50	4.58	0	1,937	58	4.06	5.5	21.6	0.4	0.0	21.02	66	1.2758	2.0852	670	674.64	1,037.89	
1086983	41	675.0	690.5	502.3	690.8	314.5	1.56	4.58	0	1,434	57	0.56	5.5	21.6	0.4	0.0	21.19	66	1.2758	2.0945	670	674.33	974.14	
1087619	41	676.4	695.8	504.6	695.8	315.2	3.12	4.58	0	1,610	58	4.06	5.5	21.2	0.4	0.0	58.69	66	1.2758	2.0766	670	674.03	1,006.09	
1088271	42	677.9	699.5	507.2	699.8	315.2	2.25	4.58	0	1,485	58	3.50	5.5	21.6	0.4	0.0	25.17	66	1.2758	2.0852	670	673.84	1,003.83	
1088893	42	679.0	703.2	509.1	703.2	315.5	2.12	4.58	0	1,270	58	1.12	5.5	21.6	0.4	0.0	44.16	66	1.2758	2.0938	670	673.63	979.69	
1089530	42	679.9	706.5	510.6	706.5	315.5	3.69	4.58	0	1,342	59	7.56	5.5	21.6	0.4	0.0	70.31	66	1.2758	2.0938	670	673.54	1,042.97	
1090159	42	680.8	708.8	512.3	709.2	316.2	1.94	4.58	0	1,240	59	2.75	5.5	21.6	0.4	0.0	24.28	66	1.2758	2.0938	670	673.54	1,003.36	
1090797	42	681.4	711.2	513.7	711.2	316.2	1.75	4.58	0	1,228	59	0.81	5.5	21.6	0.4	0.0	13.90	66	1.2758	2.0938	670	673.54	974.84	
1091433	42	681.8	713.2	514.5	713.2	316.2	2.44	4.58	0	1,235	59	0.56	5.5	22.0	0.4	0.0	13.78	66	1.2758	2.1023	670	673.54	967.11	
1092083	42	682.2	714.5	515.2	714.2	316.5	1.44	4.58	0	1,217	58	0.56	5.5	22.0	0.4	0.0	16.80	66	1.2758	2.1023	670	673.54	971.41	
1092722	42	682.6	714.5	515.5	714.5	316.5	1.44	4.58	0	1,219	58	0.56	5.5	22.0	0.4	0.0	17.06	66	1.2758	2.1023	670	673.63	972.34	
1093384	42	683.0	714.2	515.6	714.8	316.8	1.44	4.58	0	1,197	57	0.56	5.5	22.0	0.4	0.0	17.18	66	1.2758	2.1023	670	673.63	972.50	
1094224	42	683.4	713.8	515.3	713.8	316.8	1.44	4.58	0	1,188	57	0.56	5.5	21.6	0.4	0.0	17.13	66	1.2758	2.0938	670	673.75	972.58	
1094884	43	683.7	712.5	514.6	712.5	316.8	1.56	4.58	0	1,177	56	1.12	5.5	21.6	0.4	0.0	23.48	66	1.2758	2.0938	670	673.84	958.36	
1095538	43	684.2	710.8	514.2	710.8	317.2	3.50	4.58	0	1,305	56	5.12	5.5	21.6	0.4	0.0	65.84	66	1.2758	2.0852	670	674.03	1,008.20	
1096215	43	684.4	709.5	513.3	709.2	317.5	3.81	4.58	0	1,278	58	7.56	5.5	21.6	0.4	0.0	83.77	66	1.2758	2.0945	670	674.15	1,103.05	
1096900	43	684.4	707.8	512.5	707.5	317.5	4.88	4.58	0	1,289	59	12.69	5.5	21.6	0.4	0.0	100.45	66	1.2758	2.0945	670	674.33	1,251.33	
1097582	43	684.7	706.8	512.3	706.8	317.8	5.56	4.58	0	1,336	60	15.94	5.5	21.6	0.4	0.0	106.55	66	1.2758	2.0945	670	674.43	1,274.69	
1098246	43	685.4	706.5	512.3	706.5	317.5	4.56	4.58	0	1,320	62	15.44	5.5	21.6	0.4	0.0	62.46	66	1.2758	2.0945	670	674.64	1,102.66	
1098909	43	686.1	706.8	512.5	707.2	317.5	1.56	4.58	0	1,355	62	1.94	5.5	21.6	0.4	0.0	20.27	66	1.2758	2.0945	670	674.85	1,003.20	
1099549	42	686.6	707.2	512.6	707.8	318.2	1.94	4.58	0	1,312	62	0.56	5.5	21.6	0.4	0.0	12.47	66	1.2758	2.0859	675	674.94	974.61	
1100194	42	686.8	707.8	513.2	708.5	317.8	2.12	4.58	0	1,293	62	0.56	5.5	21.2	0.4	0.0	16.57	66	1.2758	2.0773	675	675.13	969.22	
1100849	42	687.1	708.2	513.3	708.2	318.2	1.44	4.58	0	1,279	61	0.81	5.5	21.2	0.4	0.0	17.23	66	1.2758	2.0773	675	675.34	974.38	
1101508	42	687.4	708.2	513.1	708.2	318.5	1.44	4.58	0	1,275	61	0.56	5.5	21.2	0.4	0.0	17.18	66	1.2758	2.0773	675	675.53	974.84	
1102164	43	687.6	707.5	512.8	707.2	318.5	1.44	4.58	0	1,258	60	0.81	5.5	21.2	0.4	0.0	17.18	66	1.2758	2.0773	675	675.74	974.84	
1102837	43	687.8	705.5	512.1	705.5	318.5	1.44	4.58	0	1,249	60	0.81	5.5	21.2	0.4	0.0	17.32	66	1.2758	2.0773	675	675.93	974.84	
1103484	43	688.1	704.5	511.6	704.2	318.5	1.44	4.58	0	1,238	59	0.56	5.5	21.2	0.4	0.0	17.32	66	1.2758	2.0773	675	676.14	974.69	
1104707	43	688.3	702.5	510.6	702.5	318.8	1.44	4.58	0	1,226	59	0.56	5.5	21.2	0.4	0.0	17.46	66	1.2758	2.0773	675	676.54	974.77	
1105202	43	688.6	699.5	509.0	699.2	318.8	1.44	4.58	0	1,205	58	0.56	5.5	21.2	0.4	0.0	17.55	66	1.2758	2.0773	675	676.75	974.53	
1105683	43	688.7	697.5	508.3	697.5	318.5	1.44	4.58	0	1,197	57	0.56	5.5	21.2	0.4	0.0	17.84	66	1.2758	2.0773	675	676.84	973.67	
1106166	43	688.8	696.2	507.6	696.2	318.8	1.44	4.58	0	1,190	57	0.56	5.5	21.2	0.4	0.0	13.83	66	1.2758	2.0773	675	676.94	970.86	
1106609	44	688.9	694.8	507.0	694.5	318.8	2.81	4.58	0	1,210	57	1.62	5.5	21.2	0.4	0.0	54.98	66	1.2758	2.0773	675	677.15	966.25	
1107055	44	688.9	693.2	506.0	692.8	318.8	3.69	4.58	0	1,310	57	6.50	5.5	21.2	0.4	0.0	72.59	66	1.2758	2.0773	675	677.24	1,016.02	
1107537	44	688.7	691.8	505.3	691.5	319.2	4.38	4.58	0	1,311	58	10.56	5.5	21.2	0.4	0.0	94.78	66	1.2758	2.0773	675	677.43	1,149.53	
1108053	44	688.4	690.2	505.0	690.2	319.2	5.38	4.58	0	1,274	58	14.62	5.5	21.2	0.4	0.0	102.16	66	1.2758	2.0773	675	677.55	1,285.86	
1108564	44	688.2	689.5	504.1	689.2	319.2	8.00	4.58	0	1,560	59	22.19	5.5	21.2	0.4	0.0	118.27	66	1.2758	2.0773	675	677.64	1,467.27	
1109008	44	688.1	688.8	503.6	688.8	319.2	9.38	4.58	0	1,560	61	27.31	5.5	21.2	0.4	0.0	118.22	66	1.2758	2.0773	675	677.85	1,456.88	
1109549	44	688.2	688.2	504.0	688.2	319.5	9.25	4.58	0	1,633	62	25.12	5.5	21.2	0.4	0.0	107.55	66	1.2758	2.0680	675	677.85	1,489.06	
1110072	44	688.5	688.8	504.0	689.2	319.2	10.81	4.58	0	1,745	64	27.56	5.5	21.2	0.4	0.0	123.26	66	1.2758	2.0766	675	677.94	1,511.33	
1110593	43	689.1	689.8	504.5	689.2	319.8	10.06	4.58	0	1,681	65	27.56	5.5	21.6	0.4	0.0	111.98	66	1.2758	2.0852	675	678.13	1,383.28	
1111142	43	689.8	690.5	505.1	691.2	319.5	6.81	4.58	0	1,711	66	17.00	5.5	21.2	0.4	0.0	75.63	66	1.2758	2.0758	675	678.34	1,175.55	
1111683	43	690.5	692.5	506.0	692.8	319.5	5.75	4.58	0	1,731	67	12.19	5.5	21.2	0.4	0.0	68.53	66	1.2758	2.0758	675	678.44	1,095.78	
1112206	42	690.8	694.5	507.1	694.8	320.2	6.12	4.58	0	1,782	67	12.19	5.5	21.2	0.4	0.0	66.91	66	1.2758	2.0758	675	678.65	1,043.44	
1112868	42	691.0	696.8	508.5	696.8	320.2	7.69	4.58	0	1,902	68	14.88	5.5	21.6	0.4	0.0	90.56	66	1.2758	2.0852	675	678.83	1,183.91	
1113417	42	691.1	699.5	509.7	699.2	320.2	3.12	4.58	0	1,439	68	5.94	5.5	21.6	0.4	0.0	36.40	66	1.2758	2.0766	675	679.05	1,057.97	
1113938	42	691.2	701.5	510.8	701.8	320.5	1.75	4.58	0	1,424	68	1.38	5.5	21.2	0.4	0.0	16.95	66	1.2758	2.0766	675	679.23	995.78	
1114480	41	691.1	703.5	511.8	703.8	320.5	2.12	4.58	0	1,381	67	0.31	5.5	21.2	0.4	0.0	12.05	66	1.2758	2.0766	675	679.35	974.84	
1115034	41	691.1	706.2	513.0	706.2	320.8	1.56	4.58	0	1,385	66	1.12	5.5	21.2	0.4	0.0	16.83	66	1.2758	2.0852	675	679.54	969.77	
1115589	42	691.1	707.2	513.6	707.2	321.2	1.44	4.58	0	1,170	65	0.56	5.5	21.6	0.4	0.0	16.88	66	1.2758	2.0852	675	679.63	973.44	
1116133	42	691.1	708.2	514.3	707.8	320.8	1.56	4.58	0	1,131	64	0.31	5.5	21.2	0.4	0.0	16.64	66	1.2758	2.0672	675	679.84	972.19	
1116724	42	691.1	708.5	514.3	708.2	320.8	1.56	4.58	0	1,106	62	0.56	5.5	21.2	0.4	0.0	17.02	66	1.2758	2.0758	680	679.94	971.41	
1117335	42	691.2	708.2	514.5	708.2	321.2	1.75	4.58	0	1,092	62	0.56	5.5	21.2	0.4	0.0	16.92	66	1.2758	2.0758	680	680.15	971.33	
1117938	42	691.2	707.8	514.3	707.5	320.8	1.25	4.58	0	1,256	60	0.56	5.5	21.2	0.4	0.0	16.64	66	1.2758	2.0758	680	680.24	970.55	
1118543	42	691.3	706.2	513.8	706.2	321.2	1.44	4.58	0	1,243	59	0.81	5.5	21.2	0.4	0.0	17.25	66	1.2758	2.0758	680	680.43	972.19	
1119182	43	691.4	705.2	513.3	705.2	321.2	1.44	4.58	0	1,223	58	0.81	5.5	21.2	0.4	0.0	17.23	66	1.2758	2.0672	680	680.64	972.81	
1119740	43	691.5	703.5	512.8	703.5	321.2	1.44	4.58	0	1,201	57	0.81	5.5	21.2	0.4	0.0	17.25	66	1.2758	2.0672	680	680.73	972.66	
1120326	43	691.6	702.5	511.8	702.2	321.5	1.56	4.58	0	1,179	56	0.56	5.5	21.2	0.4	0.0	17.30	66	1.2758	2.0672	680	680.94	972.89	
1120921	43	691.7	700.8	511.0	700.5	321.5	2.81	4.58	0	1,214	56	0.81	5.5	21.2	0.4	0.0	29.72	66	1.2758	2.0766	680	681.13	958.05	
1121490	43	691.7	699.2	510.6	698.8	321.5	3.31	4.58	0	1,324	56	5.12	5.5	21.2	0.4	0.0	67.20	66	1.2758	2.0766	680	681.44	1,001.80	
1122183	44	691.6	697.8	509.5	697.5	321.2	4.19	4.58	0	1,262	56	9.19	5.5	21.2	0.4	0.0	94.03	66	1.2758	2.0680	680	681.65	1,150.47	
1122826	44	691.3	696.5	509.0	695.8	321.5	4.88	4.58	0	1,223	58	13.00	5.5	21.2	0.4	0.0	105.52	66	1.2758	2.0594	680	681.83	1,277.58	
1123416	43	691.3	695.2	508.3	694.8	321.5	5.75	4.58	0	1,246	59	15.44	5.5	21.2	0.4	0.0	110.74	66	1.2758	2.0594	680	681.93	1,365.86	
1123983	43	691.5	694.8	508.5	694.8	322.2	6.81	4.58	0	1,320	60	20.25	5.5	21.2	0.4	0.0	111.94	66	1.2758	2.0680	680	682.05	1,407.50	
1124548	43	691.9	695.5	508.5	695.5	322.2	6.94	4.58	0	1,359	62	21.38	5.5	21.2	0.4	0.0	110.09	66	1.2758	2.0680	680	682.14	1,384.84	
1125134	43	692.5	696.5	509.0	696.5	322.2	6.94	4.58	0	1,403	63	21.88	5.5	20.8	0.4	0.0	107.74	66	1.2758	2.0586	680	682.35	1,313.20	
1125709	42	693.5	697.2	509.8	697.5	322.2	5.75	4.58	0	1,340	64	18.94	5.5	20.8	0.4	0.0	50.74	66	1.2758	2.0586	680	682.44	1,108.98	
1126307	42	694.4	699.5	510.8	699.5	322.5	1.56	4.58	0	1,356	64	1.94	5.5	20.8	0.4	0.0	19.38	66	1.2758	2.0586	680	682.63	1,008.91	
1126923	41	695.0	701.5	512.0	701.8	322.5	1.25	4.58	0	1,344	64	0.81	5.5	21.2	0.4	0.0	12.30	66	1.2758	2.0680	680	682.84	976.56	
1127556	41	695.5	703.5	513.0	703.5	322.8	0.69	4.58	0	1,332	63	0.81	5.5	21.2	0.4	0.0	16.66	66	1.2758	2.0680	680	682.94	969.06	
1128193	41	695.9	705.5	513.6	705.5	322.5	1.06	4.58	0	1,314	63	0.81	5.5	21.2	0.4	0.0	17.86	66	1.2758	2.0680	680	683.15	973.12	
1128778	41	696.3	706.2	514.5	706.2	322.5	1.25	4.58	0	1,305	62	0.81	5.5	21.2	0.4	0.0	17.09	66	1.2758	2.0680	680	683.33	974.77	
1129363	42	696.6	706.5	514.6	706.5	322.8	1.25	4.58	0	1,290	62	0.81	5.5	21.2	0.4	0.0	16.97	66	1.2758	2.0680	680	683.43	974.84	
1129831	42	696.9	706.2	514.6	706.5	322.8	1.25	4.58	0	1,285	61	0.81	5.5	21.2	0.4	0.0	17.32	66	1.2758	2.0680	680	683.64	974.69	
1130458	42	697.2	706.2	514.5	706.2	322.8	1.25	4.58	0	1,268	61	0.81	5.5	21.2	0.4	0.0	17.20	66	1.2758	2.0680	680	683.85	975.00	
1131167	42	697.5	705.2	514.1	704.8	322.8	1.44	4.58	0	1,261	60	0.81	5.5	21.2	0.4	0.0	17.32	66	1.2758	2.0680	680	684.04	974.84	
1131743	43	697.8	704.2	513.8	704.2	322.8	1.44	4.58	0	1,249	60	0.81	5.5	21.2	0.4	0.0	17.39	66	1.2758	2.0594	680	684.25	974.61	
1132355	43	698.1	703.2	512.8	703.2	322.8	1.44	4.58	0	1,232	59	0.81	5.5	21.2	0.4	0.0	17.55	66	1.2758	2.0594	680	684.44	974.14	
1132940	43	698.4	701.8	512.1	701.5	322.8	1.44	4.58	0	1,218	58	0.56	5.5	20.8	0.4	0.0	17.51	66	1.2758	2.0508	680	684.65	973.91	
1133541	43	698.6	700.2	511.6	700.2	322.8	1.44	4.58	0	1,208	58	0.56	5.5	20.8	0.4	0.0	17.67	66	1.2758	2.0508	680	684.83	973.12	
1134107	43	698.8	698.8	510.6	698.8	322.5	1.44	4.58	0	1,196	57	0.56	5.5	21.2	0.4	0.0	19.10	66	1.2758	2.0602	685	685.05	972.73	
1134737	43	698.9	697.2	510.0	697.2	322.5	3.00	4.58	0	1,290	57	1.94	5.5	21.2	0.4	0.0	53.84	66	1.2758	2.0602	685	685.23	967.19	
1135304	44	699.0	695.8	509.0	695.5	322.8	3.69	4.58	0	1,305	57	6.75	5.5	20.8	0.4	0.0	72.89	66	1.2758	2.0516	685	685.44	1,042.03	
1135942	44	698.7	694.2	508.3	694.2	322.8	3.81	4.58	0	1,295	58	8.69	5.5	20.8	0.4	0.0	80.06	66	1.2758	2.0516	685	685.63	1,123.20	
1136574	44	698.3	693.5	508.0	693.5	322.5	4.56	4.58	0	1,280	59	11.88	5.5	20.8	0.4	0.0	98.02	66	1.2758	2.0516	685	685.84	1,236.41	
1137247	43	698.1	692.2	507.5	692.5	322.8	5.38	4.58	0	1,309	61	16.25	5.5	20.8	0.4	0.0	104.95	66	1.2758	2.0516	685	686.15	1,268.67	
1137871	43	698.0	692.8	507.8	692.8	322.5	2.25	4.58	0	1,291	61	5.94	5.5	20.8	0.4	0.0	36.59	66	1.2758	2.0516	685	686.24	1,051.56	
1138467	42	697.7	693.8	508.3	693.8	322.8	1.56	4.58	0	1,283	61	1.12	5.5	20.8	0.4	0.0	15.94	66	1.2758	2.0516	685	686.33	988.67	
1139043	42	697.5	695.2	508.6	694.8	322.5	2.12	4.58	0	1,269	61	0.31	5.5	20.8	0.4	0.0	11.25	66	1.2758	2.0430	685	686.55	971.33	
1139634	42	697.2	695.5	509.1	695.8	322.8	1.44	4.58	0	1,265	60	0.81	5.5	21.2	0.4	0.0	17.04	66	1.2758	2.0602	685	686.73	968.20	
1140212	42	697.1	696.5	509.5	696.5	322.5	1.25	4.58	0	1,254	60	0.81	5.5	20.8	0.4	0.0	17.41	66	1.2758	2.0516	685	686.85	973.83	
1140898	42	696.9	696.5	509.5	696.5	322.5	1.44	4.58	0	1,238	59	0.81	5.5	20.8	0.4	0.0	17.32	66	1.2758	2.0516	685	687.04	973.59	
1141542	42	696.8	696.8	509.5	696.8	322.5	1.44	4.58	0	1,225	58	0.56	5.5	20.8	0.4	0.0	17.34	66	1.2758	2.0516	685	687.25	973.28	
1142138	43	696.7	696.2	509.1	696.2	322.5	1.44	4.58	0	1,215	58	0.81	5.5	20.8	0.4	0.0	17.62	66	1.2758	2.0516	685	687.34	973.12	
1142706	43	696.7	695.5	509.0	695.2	322.5	1.44	4.58	0	1,204	58	0.56	5.5	20.8	0.4	0.0	17.32	66	1.2758	2.0516	685	687.53	972.97	
1143326	43	696.6	694.2	508.3	693.8	322.2	1.44	4.58	0	1,194	57	0.56	5.5	20.8	0.4	0.0	17.34	66	1.2758	2.0516	685	687.65	972.50	
1143904	43	696.6	693.2	507.7	692.8	322.5	1.44	4.58	0	1,187	57	0.56	5.5	20.8	0.4	0.0	17.48	66	1.2758	2.0516	685	687.74	972.66	
1144501	43	696.6	691.8	507.0	691.5	322.2	1.44	4.58	0	1,173	56	0.56	5.5	20.8	0.4	0.0	17.60	66	1.2758	2.0516	685	687.93	972.50	
1145128	43	696.6	690.5	506.3	690.2	322.2	1.44	4.58	0	1,171	56	0.56	5.5	20.8	0.4	0.0	17.32	66	1.2758	2.0516	685	688.05	971.88	
1145691	43	696.6	689.2	505.5	688.5	322.2	1.56	4.58	0	1,161	55	0.56	5.5	20.8	0.4	0.0	17.74	66	1.2758	2.0516	685	688.14	972.11	
1146272	44	696.5	687.5	505.0	687.2	322.2	1.44	4.58	0	1,160	55	0.56	5.5	20.8	0.4	0.0	17.60	66	1.2758	2.0516	685	688.23	971.88	
1146910	44	696.5	685.8	504.0	685.5	321.8	1.56	4.58	0	1,146	55	0.56	5.5	20.8	0.4	0.0	17.46	66	1.2758	2.0516	685	688.35	971.72	
1147490	44	696.5	684.2	503.1	684.2	321.8	1.56	4.58	0	1,143	55	0.56	5.5	20.8	0.4	0.0	17.55	66	1.2758	2.0516	685	688.35	971.56	
1148069	44	696.4	682.8	502.5	682.5	321.5	1.56	4.58	0	1,136	54	0.56	5.5	20.8	0.4	0.0	17.70	66	1.2758	2.0516	685	688.44	971.48	
1148634	44	696.4	681.2	501.1	681.2	321.5	2.25	4.58	0	1,190	54	0.81	5.5	20.8	0.4	0.0	49.08	66	1.2758	2.0516	685	688.54	962.03	
1149213	44	696.2	679.2	500.5	679.5	321.5	3.50	4.58	0	1,299	55	6.25	5.5	20.8	0.4	0.0	72.82	66	1.2758	2.0516	685	688.54	1,018.67	
1149831	44	695.6	677.8	499.5	677.8	321.2	4.38	4.58	0	1,250	56	10.56	5.5	20.8	0.4	0.0	66.68	66	1.2758	2.0516	685	688.63	1,079.38	
1150530	44	694.9	676.5	499.1	676.5	321.2	1.94	4.58	0	1,186	57	2.44	5.5	20.8	0.4	0.0	19.73	66	1.2758	2.0516	685	688.63	1,004.06	
1151112	43	694.2	676.2	498.6	676.2	321.5	1.75	4.58	0	1,204	57	0.56	5.5	20.8	0.4	0.0	12.42	66	1.2758	2.0430	685	688.75	975.70	
1151683	43	693.5	676.5	498.8	676.5	320.8	1.44	4.58	0	1,175	56	0.31	5.5	20.8	0.4	0.0	17.02	66	1.2758	2.0430	685	688.75	968.52	
1152271	43	692.9	676.2	498.6	676.2	320.8	1.44	4.58	0	1,176	56	0.56	5.5	20.8	0.4	0.0	17.02	66	1.2758	2.0523	685	688.75	971.88	
1152858	43	692.5	675.8	498.5	675.5	320.8	1.44	4.58	0	1,173	56	0.56	5.5	20.8	0.4	0.0	17.77	66	1.2758	2.0438	685	688.75	971.88	
1153494	43	692.0	674.8	498.0	675.2	320.8	1.56	4.58	0	1,168	56	0.56	5.5	20.8	0.4	0.0	17.84	66	1.2758	2.0438	685	688.84	972.27	
1154120	44	691.7	674.2	497.5	674.2	320.2	2.12	4.58	0	1,217	56	1.12	5.5	20.8	0.4	0.0	51.02	66	1.2758	2.0438	685	688.84	960.00	
1154701	44	691.1	673.5	497.0	673.5	320.5	4.19	4.58	0	1,532	57	9.19	5.5	20.8	0.4	0.0	84.87	66	1.2758	2.0438	685	688.75	1,076.25	
1155298	44	690.0	672.8	496.5	672.5	320.5	6.25	4.58	0	1,497	58	17.00	5.5	20.8	0.4	0.0	105.82	66	1.2758	2.0438	685	688.63	1,310.00	
1155964	44	688.7	671.8	496.3	672.2	320.5	9.06	4.58	0	1,610	60	25.69	5.5	20.8	0.4	0.0	120.73	66	1.2758	2.0523	685	688.44	1,486.09	
1156559	44	687.7	673.2	496.5	672.8	320.2	9.25	4.58	0	1,622	63	25.69	5.5	20.4	0.4	0.0	110.06	66	1.2758	2.0344	685	688.05	1,465.86	
1157121	43	687.0	674.2	497.1	673.8	320.2	4.38	4.58	0	1,680	64	13.50	5.5	20.8	0.4	0.0	44.51	66	1.2758	2.0430	685	687.65	1,086.41	
1157678	42	686.4	676.2	498.0	676.2	320.2	1.94	4.58	0	1,692	64	2.19	5.5	20.8	0.4	0.0	17.53	66	1.2758	2.0516	685	687.34	1,006.25	
1158244	41	685.9	678.2	499.3	678.2	320.5	1.44	4.58	0	1,655	64	1.12	5.5	20.8	0.4	0.0	12.49	66	1.2758	2.0430	685	687.13	978.12	
1158819	41	685.4	680.8	500.2	680.8	320.5	1.44	4.58	0	1,525	64	1.12	5.5	20.8	0.4	0.0	17.41	66	1.2758	2.0430	685	686.94	971.56	
1159582	42	685.0	683.2	501.6	683.5	320.2	0.88	4.58	0	1,427	63	1.12	5.5	20.8	0.4	0.0	17.84	66	1.2758	2.0430	685	686.73	976.56	
1160164	42	684.7	685.2	502.5	685.5	320.5	1.25	4.58	0	1,303	61	1.12	5.5	20.8	0.4	0.0	17.34	66	1.2758	2.0430	685	686.55	975.86	
1160731	42	684.4	686.2	503.0	686.5	320.2	1.44	4.58	0	1,243	59	0.81	5.5	20.8	0.4	0.0	17.20	66	1.2758	2.0430	685	686.43	975.55	
1161299	43	684.2	687.2	503.5	687.2	319.8	1.44	4.58	0	1,176	56	0.81	5.5	20.8	0.4	0.0	17.09	66	1.2758	2.0430	685	686.33	974.06	
1161887	43	684.0	687.2	503.5	687.2	319.8	1.56	4.58	0	1,121	53	0.56	5.5	20.4	0.4	0.0	17.02	66	1.2758	2.0344	685	686.24	973.05	
1162478	43	683.9	687.5	503.5	687.2	319.8	1.56	4.58	0	1,270	52	0.81	5.5	20.4	0.4	0.0	11.30	66	1.2758	2.0344	685	686.15	970.31	
1163018	43	683.8	686.8	503.1	686.8	319.5	1.06	4.58	0	1,298	51	0.81	5.5	20.4	0.4	0.0	17.25	66	1.2758	2.0344	685	686.03	972.11	
1163611	43	683.7	686.5	503.1	686.2	319.8	1.25	4.58	0	1,292	50	1.12	5.5	20.8	0.4	0.0	17.91	66	1.2758	2.0523	685	685.94	973.98	
1164174	43	683.6	685.5	502.6	685.5	319.5	1.44	4.58	0	1,228	48	0.81	5.5	20.8	0.4	0.0	17.93	66	1.2758	2.0438	685	685.94	974.69	
1164786	44	683.6	684.5	502.1	684.5	319.5	1.44	4.58	0	1,178	45	0.81	5.5	20.8	0.4	0.0	17.77	66	1.2758	2.0438	685	685.84	973.75	
1165370	44	683.5	683.5	501.6	683.5	319.5	1.56	4.58	0	1,124	43	0.56	5.5	20.4	0.4	0.0	17.46	66	1.2758	2.0344	685	685.75	973.44	
1165963	44	683.5	682.5	500.8	682.2	319.5	1.94	4.58	0	1,357	42	1.12	5.5	20.4	0.4	0.0	11.98	66	1.2758	2.0523	685	685.75	969.92	
1166521	44	683.5	680.8	500.1	680.8	319.2	1.06	4.58	0	1,391	42	1.12	5.5	20.8	0.4	0.0	19.62	66	1.2758	2.0438	685	685.63	972.58	
1167146	44	683.5	680.2	499.7	679.8	319.2	1.94	4.58	0	1,463	42	1.62	5.5	20.8	0.4	0.0	36.19	66	1.2758	2.0438	685	685.54	964.53	
1167737	44	683.3	678.5	499.0	678.5	319.2	3.50	4.58	0	1,550	42	5.94	5.5	20.8	0.4	0.0	58.20	66	1.2758	2.0438	685	685.44	1,017.19	
1168364	44	682.9	677.2	498.2	677.2	318.8	1.94	4.58	0	1,464	43	2.19	5.5	20.8	0.4	0.0	22.34	66	1.2758	2.0438	685	685.35	991.64	
1169091	44	682.4	676.8	498.0	676.8	319.2	1.44	4.58	0	1,464	43	1.12	5.5	20.8	0.4	0.0	12.30	66	1.2758	2.0438	685	685.14	970.62	
1169672	44	682.0	676.2	497.8	676.2	319.2	-0.94	4.58	0	1,427	42	1.12	5.5	20.8	0.4	0.0	17.74	66	1.2758	2.0438	685	685.14	967.73	
1170290	44	681.6	676.2	497.5	676.2	319.2	0.88	4.58	0	1,419	42	1.12	5.5	20.8	0.4	0.0	18.68	66	1.2758	2.0438	685	685.05	974.92	
1170887	44	681.5	675.5	497.3	675.5	318.8	1.06	4.58	0	1,383	41	1.38	5.5	20.8	0.4	0.0	18.19	66	1.2758	2.0438	685	684.93	975.78	
1171491	44	681.4	675.2	497.0	675.2	318.8	1.25	4.58	0	1,318	39	1.12	5.5	20.8	0.4	0.0	18.61	66	1.2758	2.0438	680	684.83	976.80	
1172085	44	681.4	674.2	496.6	673.5	318.5	1.44	4.58	0	1,273	37	0.81	5.5	20.8	0.4	0.0	18.19	66	1.2758	2.0438	680	684.83	976.41	
1172693	44	681.4	673.2	496.3	672.8	318.8	1.56	4.58	0	1,180	35	0.81	5.5	20.8	0.4	0.0	18.45	66	1.2758	2.0438	680	684.74	974.92	
1173290	45	681.5	672.2	495.8	672.5	318.8	1.56	4.58	0	1,169	32	0.81	5.5	20.8	0.4	0.0	18.33	66	1.2758	2.0438	680	684.65	974.92	
1173894	45	681.7	671.2	495.1	671.2	318.8	1.25	4.58	0	1,367	31	1.38	5.5	20.8	0.4	0.0	18.40	66	1.2758	2.0438	680	684.53	975.08	
1174474	45	681.8	670.2	494.6	670.2	318.8	0.88	4.58	0	1,460	30	1.38	5.5	20.8	0.4	0.0	18.59	66	1.2758	2.0438	680	684.53	977.50	
1175058	45	682.0	669.2	494.2	669.2	319.2	1.06	4.58	0	1,445	28	1.38	5.5	20.8	0.4	0.0	19.22	66	1.2758	2.0438	680	684.44	977.81	
1175666	45	682.2	667.8	493.3	667.8	318.8	1.44	4.58	0	1,288	25	0.81	5.5	20.8	0.4	0.0	18.66	66	1.2758	2.0438	680	684.34	976.80	
1176259	45	682.4	666.5	492.8	666.5	318.8	1.56	4.58	0	1,149	23	0.56	5.5	20.8	0.4	0.0	18.54	66	1.2758	2.0438	680	684.25	974.92	
1176848	45	682.6	665.5	492.3	665.5	318.8	2.12	4.58	0	991	21	0.56	5.5	20.8	0.4	0.0	12.59	66	1.2758	2.0438	680	684.13	970.16	
1177434	45	682.8	664.5	492.0	664.2	318.8	1.94	4.58	0	978	21	0.56	5.5	20.8	0.4	0.0	15.52	66	1.2758	2.0438	680	684.04	966.48	
1178024	45	682.9	663.5	491.5	663.2	319.2	1.75	4.58	0	984	18	0.31	5.5	20.8	0.4	0.0	15.21	66	1.2758	2.0438	680	683.94	963.67	
1178685	45	682.9	662.2	490.8	662.2	319.2	1.94	4.58	0	970	15	0.56	5.5	20.8	0.4	0.0	17.23	66	1.2758	2.0438	680	683.85	962.03	
1179253	45	682.9	661.2	490.2	660.8	318.8	1.94	4.58	0	978	12	0.56	5.5	20.8	0.4	0.0	17.16	66	1.2758	2.0438	680	683.73	961.25	
1179859	45	682.9	659.5	489.5	659.2	318.8	2.12	4.58	0	937	12	0.31	5.5	20.8	0.4	0.0	18.68	66	1.2758	2.0438	680	683.64	960.70	
1180447	45	682.8	658.2	488.8	657.8	319.2	2.12	4.58	0	922	10	0.31	5.5	20.8	0.4	0.0	19.97	66	1.2758	2.0438	680	683.43	960.00	
1181058	45	682.6	657.2	488.2	657.2	319.5	2.25	4.58	0	927	9	0.56	5.5	20.8	0.4	0.0	24.09	66	1.2758	2.0438	680	683.33	960.55	
1181629	45	682.4	655.5	487.6	655.8	319.2	1.94	4.58	0	1,049	10	0.56	5.5	20.8	0.4	0.0	18.16	66	1.2758	2.0438	680	683.24	961.25	
1182234	45	682.2	654.8	487.3	654.8	319.5	2.12	4.58	0	997	10	0.56	5.5	20.8	0.4	0.0	36.54	66	1.2758	2.0438	680	683.15	955.08	
1182834	45	681.8	653.8	486.8	653.5	319.8	2.81	4.58	0	1,377	11	3.25	5.5	20.8	0.4	0.0	43.55	66	1.2758	2.0438	680	682.94	975.55	
1183441	46	681.2	652.8	486.3	652.5	319.8	-0.06	4.58	0	1,323	13	1.12	5.5	20.8	0.4	0.0	30.16	66	1.2758	2.0438	680	682.84	974.38	
1184019	45	680.6	652.8	486.5	652.5	319.8	0.19	4.58	0	1,014	13	0.31	5.5	20.8	0.4	0.0	19.85	66	1.2758	2.0438	680	682.75	969.06	
1184603	45	680.0	652.5	486.2	652.5	320.5	2.62	4.58	0	1,062	13	1.12	5.5	20.8	0.4	0.0	48.80	66	1.2758	2.0438	680	682.63	962.58	
1185215	45	679.1	652.2	486.3	652.2	320.2	4.38	4.58	0	1,619	15	7.56	5.5	20.8	0.4	0.0	60.87	66	1.2758	2.0438	680	682.44	1,037.58	
1185776	45	677.9	652.5	486.6	652.5	320.8	4.69	4.58	0	1,597	19	9.50	5.5	20.8	0.4	0.0	73.97	66	1.2758	2.0438	680	682.35	1,121.72	
1186350	45	676.1	653.2	486.8	653.2	320.8	6.12	4.58	0	1,776	23	13.00	5.5	20.8	0.4	0.0	76.90	66	1.2758	2.0438	680	682.05	1,220.47	
1186912	45	674.5	654.5	487.7	654.5	321.2	10.25	4.58	0	2,110	26	25.38	5.5	20.8	0.4	0.0	111.16	66	1.2758	2.0438	680	681.65	1,619.45	
1187645	44	672.7	656.8	489.0	656.8	321.2	17.88	4.58	0	2,510	33	56.19	5.5	20.4	0.4	0.0	110.60	66	1.2758	2.0438	680	680.73	1,401.80	
1188215	44	670.6	659.2	490.0	659.5	321.8	16.31	4.58	0	2,816	38	48.62	5.5	20.8	0.4	0.0	91.03	66	1.2758	2.0516	675	679.63	1,307.89	
1188834	44	668.1	664.5	492.8	664.8	321.8	12.50	4.58	0	2,249	42	36.19	5.5	20.8	0.4	0.0	92.95	66	1.2758	2.0602	675	678.44	1,251.48	
1189404	44	667.7	669.5	495.7	669.5	322.5	9.75	4.58	0	2,243	46	26.75	5.5	20.8	0.4	0.0	86.37	66	1.2758	2.0508	675	677.33	1,210.23	
1189995	43	668.5	674.8	497.6	675.2	322.5	10.44	4.58	0	2,389	48	30.50	5.5	21.2	0.4	0.0	59.18	66	1.2758	2.0594	675	676.35	1,106.02	
1190678	43	669.5	680.8	502.0	681.5	322.8	2.25	4.58	0	1,668	49	2.44	5.5	21.2	0.4	0.0	18.14	66	1.2758	2.0594	675	675.74	994.84	
1191275	42	670.3	687.5	504.6	687.8	322.8	1.44	4.58	0	1,652	49	1.38	5.5	21.2	0.4	0.0	12.12	66	1.2758	2.0594	675	675.25	974.84	
1191853	42	671.0	692.5	507.6	693.2	323.5	1.06	4.58	0	1,559	48	1.38	5.5	21.2	0.4	0.0	17.88	66	1.2758	2.0680	670	674.85	970.94	
1192421	43	671.5	696.8	510.1	697.2	323.8	1.25	4.58	0	1,285	48	0.81	5.5	21.2	0.4	0.0	17.20	66	1.2758	2.0766	670	674.43	974.84	
1193000	43	672.1	700.2	511.5	700.2	323.5	1.44	4.58	0	1,221	47	0.56	5.5	21.2	0.4	0.0	16.52	66	1.2758	2.0672	670	674.03	974.53	
1193607	43	672.7	702.5	513.0	702.8	323.8	1.56	4.58	0	1,210	47	0.81	5.5	21.2	0.4	0.0	16.73	66	1.2758	2.0758	670	673.75	973.83	
1194188	43	673.2	704.2	514.0	704.2	324.2	1.56	4.58	0	1,188	46	0.81	5.5	20.8	0.4	0.0	17.13	66	1.2758	2.0672	670	673.44	974.06	
1194787	44	673.7	705.2	514.5	705.5	323.8	1.56	4.58	0	1,178	45	0.56	5.5	21.2	0.4	0.0	16.97	66	1.2758	2.0672	670	673.23	973.28	
1195344	44	674.2	705.5	514.8	705.5	323.8	1.44	4.58	0	1,153	45	0.56	5.5	21.2	0.4	0.0	17.02	66	1.2758	2.0750	670	673.05	973.52	
1195957	44	674.7	705.5	514.7	705.5	324.5	1.44	4.58	0	1,108	43	0.81	5.5	21.2	0.4	0.0	17.18	66	1.2758	2.0750	670	672.83	972.42	
1196513	44	675.1	705.2	515.0	705.2	324.5	1.75	4.58	0	1,149	41	1.12	5.5	21.2	0.4	0.0	15.07	66	1.2758	2.0750	670	672.65	970.86	
1197213	44	675.5	704.5	514.6	704.5	324.2	1.44	4.58	0	1,292	38	0.56	5.5	21.2	0.4	0.0	16.64	66	1.2758	2.0750	670	672.44	971.41	
1197774	44	675.9	703.8	514.1	703.5	324.5	1.56	4.58	0	1,200	34	0.81	5.5	21.2	0.4	0.0	17.60	66	1.2758	2.0672	670	672.34	972.42	
1198343	44	676.4	702.5	513.8	702.5	324.8	1.75	4.58	0	1,105	31	0.56	5.5	21.2	0.4	0.0	17.16	66	1.2758	2.0672	670	672.34	971.88	
1198951	44	676.8	701.2	513.1	701.2	324.5	1.56	4.58	0	1,145	26	0.56	5.5	21.6	0.4	0.0	17.51	66	1.2758	2.0844	670	672.25	971.88	
1199565	45	677.2	699.5	512.3	699.5	324.5	1.94	4.58	0	871	22	0.31	5.5	21.2	0.4	0.0	19.29	66	1.2758	2.0758	670	672.13	966.80	
1200135	45	677.5	698.5	511.5	698.2	324.8	1.94	4.58	0	1,067	20	0.56	5.5	21.2	0.4	0.0	15.91	66	1.2758	2.0758	670	672.13	965.94	
1200725	45	677.8	696.5	510.6	696.5	324.5	1.75	4.58	0	1,004	18	0.31	5.5	21.2	0.4	0.0	16.22	66	1.2758	2.0672	670	672.13	963.52	
1201327	45	678.1	694.8	510.0	694.5	324.8	1.94	4.58	0	1,021	17	0.31	5.5	21.2	0.4	0.0	16.59	66	1.2758	2.0672	670	672.13	962.34	
1201891	45	678.3	693.5	509.6	693.5	325.5	1.94	4.58	0	975	17	0.56	5.5	21.2	0.4	0.0	16.62	66	1.2758	2.0672	670	672.04	961.25	
1202502	45	678.5	691.8	508.8	691.8	325.2	1.94	4.58	0	980	16	0.31	5.5	21.2	0.4	0.0	18.56	66	1.2758	2.0672	670	672.04	961.17	
1203081	45	678.7	689.8	508.0	690.2	325.5	1.94	4.58	0	995	17	0.56	5.5	21.2	0.4	0.0	25.59	66	1.2758	2.0672	670	672.13	951.02	
1203658	45	678.8	688.5	507.1	688.2	325.5	3.50	4.58	0	1,472	18	4.62	5.5	21.2	0.4	0.0	50.58	66	1.2758	2.0672	670	672.13	981.72	
1204245	45	678.8	686.8	506.6	686.8	325.5	4.00	4.58	0	1,638	20	7.06	5.5	21.2	0.4	0.0	58.50	66	1.2758	2.0672	670	672.13	1,049.30	
1204783	45	678.6	686.2	506.1	686.2	326.5	4.69	4.58	0	1,780	23	7.88	5.5	21.6	0.4	0.0	59.84	66	1.2758	2.0852	670	672.13	1,094.61	
1205391	45	678.2	685.8	506.0	685.5	326.2	6.25	4.58	0	2,030	27	10.56	5.5	21.2	0.4	0.0	66.12	66	1.2758	2.0672	670	672.25	1,113.44	
1205968	45	677.5	685.8	506.0	685.5	326.5	6.81	4.58	0	1,828	29	15.44	5.5	21.2	0.4	0.0	79.52	66	1.2758	2.0672	670	672.25	1,189.45	
1206686	45	676.5	686.5	506.5	686.5	326.8	6.12	4.58	0	1,682	32	14.88	5.5	21.2	0.4	0.0	76.80	66	1.2758	2.0672	670	672.13	1,154.22	
1207260	44	675.7	687.8	507.7	688.5	327.2	6.62	4.58	0	1,764	36	13.25	5.5	21.2	0.4	0.0	75.49	66	1.2758	2.0672	670	672.13	1,181.95	
1207881	44	675.1	690.2	508.8	690.5	327.5	8.19	4.58	0	1,857	39	15.94	5.5	21.2	0.4	0.0	76.83	66	1.2758	2.0672	670	672.04	1,183.44	
1208466	44	674.4	693.2	510.0	693.2	327.8	6.81	4.58	0	1,983	41	16.25	5.5	21.2	0.4	0.0	77.79	66	1.2758	2.0672	670	671.85	1,132.66	
1209120	44	673.7	695.8	511.6	695.8	328.5	2.12	4.58	0	1,431	42	2.75	5.5	21.2	0.4	0.0	21.66	66	1.2758	2.0672	670	671.73	1,016.88	
1209698	43	673.2	698.5	513.0	698.8	328.5	1.75	4.58	0	1,435	42	1.38	5.5	20.8	0.4	0.0	14.65	66	1.2758	2.0586	670	671.64	981.95	
1210308	43	672.8	701.2	514.8	701.5	328.5	2.25	4.58	0	1,372	42	0.81	5.5	20.8	0.4	0.0	14.53	66	1.2758	2.0586	670	671.64	970.62	
1210894	43	672.5	703.2	516.0	703.5	328.8	1.44	4.58	0	1,219	42	0.56	5.5	20.8	0.4	0.0	16.99	66	1.2758	2.0586	670	671.64	974.53	
1211467	43	672.2	704.8	516.8	705.2	329.2	1.75	4.58	0	1,058	41	0.56	5.5	20.8	0.4	0.0	16.34	66	1.2758	2.0586	670	671.64	971.64	
1212069	43	672.0	705.8	517.5	705.8	329.2	1.75	4.58	0	1,055	40	0.56	5.5	20.8	0.4	0.0	16.78	66	1.2758	2.0586	670	671.64	971.02	
1212653	43	671.9	705.8	517.5	706.2	329.2	1.75	4.58	0	1,036	40	0.00	5.5	20.8	0.4	0.0	16.71	66	1.2758	2.0586	670	671.64	970.23	
1213245	44	671.8	706.2	517.7	705.8	329.2	1.75	4.58	0	1,022	40	0.56	5.5	20.8	0.4	0.0	16.45	66	1.2758	2.0586	670	671.64	969.53	
1213813	44	671.7	705.5	517.5	705.5	329.5	1.75	4.58	0	1,009	39	-0.19	5.5	20.8	0.4	0.0	16.83	66	1.2758	2.0586	670	671.73	969.30	
1214390	44	671.7	704.8	517.1	704.5	329.5	1.94	4.58	0	1,004	38	-0.19	5.5	20.8	0.4	0.0	16.83	66	1.2758	2.0586	670	671.73	968.44	
1214965	44	671.6	703.5	516.6	703.2	329.8	1.94	4.58	0	985	38	0.56	5.5	20.8	0.4	0.0	16.66	66	1.2758	2.0586	670	671.73	968.12	
1215665	44	671.6	702.2	516.1	702.2	330.2	1.94	4.58	0	968	38	0.31	5.5	20.8	0.4	0.0	16.76	66	1.2758	2.0586	670	671.85	967.42	
1216231	44	671.7	700.5	515.5	700.5	330.2	1.94	4.58	0	959	37	0.31	5.5	20.8	0.4	0.0	16.95	66	1.2758	2.0586	670	671.85	966.09	
1216821	44	671.7	698.5	514.5	698.5	330.2	1.44	4.58	0	1,245	36	0.31	5.5	20.8	0.4	0.0	13.15	66	1.2758	2.0508	670	671.85	966.95	
1217389	44	671.7	697.2	513.8	696.8	330.2	1.56	4.58	0	1,177	36	0.56	5.5	21.2	0.4	0.0	17.25	66	1.2758	2.0680	670	671.94	969.30	
1217953	45	671.7	695.5	513.1	695.2	330.5	1.44	4.58	0	1,195	35	0.56	5.5	21.2	0.4	0.0	17.91	66	1.2758	2.0594	670	671.94	970.94	
1218562	45	671.8	693.5	512.0	693.2	330.5	1.56	4.58	0	1,165	34	0.56	5.5	21.2	0.4	0.0	17.77	66	1.2758	2.0594	670	671.94	972.27	
1219174	45	671.9	691.5	511.1	691.5	330.5	1.56	4.58	0	1,141	34	0.56	5.5	21.2	0.4	0.0	17.60	66	1.2758	2.0594	670	671.94	972.42	
1219732	45	672.0	689.8	510.0	689.5	331.2	1.56	4.58	0	1,124	33	0.56	5.5	21.2	0.4	0.0	19.03	66	1.2758	2.0594	670	671.94	972.03	
1220406	45	672.1	687.2	509.0	687.2	330.8	2.62	4.58	0	1,195	33	1.62	5.5	21.2	0.4	0.0	52.73	66	1.2758	2.0594	670	672.04	967.58	
1220974	45	672.1	685.8	508.3	685.8	330.8	3.50	4.58	0	1,255	34	5.94	5.5	21.2	0.4	0.0	72.09	66	1.2758	2.0594	670	672.04	1,026.09	
1221577	46	671.9	684.2	507.8	683.5	330.8	3.69	4.58	0	1,247	36	7.56	5.5	21.2	0.4	0.0	77.51	66	1.2758	2.0594	670	671.94	1,098.05	
1222220	45	671.3	682.5	506.8	682.2	331.2	4.00	4.58	0	1,296	38	9.19	5.5	21.2	0.4	0.0	78.70	66	1.2758	2.0594	670	671.94	1,124.22	
1222832	45	670.9	681.8	506.5	681.8	331.2	4.38	4.58	0	1,418	40	11.38	5.5	20.8	0.4	0.0	77.72	66	1.2758	2.0508	670	671.85	1,112.11	
1223455	45	670.7	681.5	506.5	681.8	331.2	4.19	4.58	0	1,411	41	11.06	5.5	20.8	0.4	0.0	69.73	66	1.2758	2.0508	670	671.73	1,086.72	
1224027	44	670.6	682.5	507.0	682.2	331.8	3.31	4.58	0	1,467	43	7.31	5.5	20.8	0.4	0.0	34.80	66	1.2758	2.0508	670	671.64	1,035.47	
1224588	44	670.3	683.2	507.3	683.2	331.5	1.75	4.58	0	1,286	43	1.38	5.5	20.8	0.4	0.0	20.44	66	1.2758	2.0508	670	671.55	990.86	
1225277	44	670.0	684.2	507.8	684.2	331.5	1.75	4.58	0	1,094	43	0.56	5.5	20.8	0.4	0.0	13.10	66	1.2758	2.0602	670	671.43	970.31	
1225827	44	669.7	685.2	508.1	684.8	331.8	1.06	4.58	0	1,080	42	0.31	5.5	21.2	0.4	0.0	16.10	66	1.2758	2.0602	670	671.43	966.72	
1226416	44	669.4	685.5	509.0	685.8	331.8	1.56	4.58	0	1,071	42	0.56	5.5	20.8	0.4	0.0	18.07	66	1.2758	2.0516	670	671.43	967.97	
1226999	44	669.2	686.2	509.3	686.2	331.8	3.00	4.58	0	1,186	42	2.19	5.5	20.8	0.4	0.0	55.22	66	1.2758	2.0516	670	671.33	968.05	
1227600	44	668.8	685.8	509.0	685.8	332.2	3.31	4.58	0	1,170	43	5.44	5.5	20.8	0.4	0.0	74.04	66	1.2758	2.0516	670	671.24	1,029.38	
1228253	45	668.2	685.8	509.0	685.8	332.2	4.19	4.58	0	1,157	44	7.88	5.5	20.8	0.4	0.0	87.63	66	1.2758	2.0516	670	671.15	1,122.27	
1228884	45	667.8	685.5	509.0	685.5	332.2	4.69	4.58	0	1,224	45	11.62	5.5	20.8	0.4	0.0	96.80	66	1.2758	2.0516	670	671.03	1,178.59	
1229443	44	667.6	686.2	508.8	685.8	332.2	3.50	4.58	0	1,214	47	10.56	5.5	20.8	0.4	0.0	73.29	66	1.2758	2.0516	670	670.84	1,085.31	
1230024	44	667.5	686.5	509.5	686.8	332.2	3.31	4.58	0	1,331	48	8.38	5.5	20.8	0.4	0.0	65.32	66	1.2758	2.0516	670	670.63	1,020.55	
1230595	44	667.2	687.8	510.3	687.8	332.5	3.12	4.58	0	1,270	49	5.94	5.5	20.8	0.4	0.0	50.27	66	1.2758	2.0516	670	670.44	1,029.53	
1231210	44	666.8	689.2	510.6	688.8	332.5	1.44	4.58	0	1,265	49	1.38	5.5	20.8	0.4	0.0	20.30	66	1.2758	2.0516	670	670.35	991.64	
1231803	43	666.3	689.8	511.3	690.2	332.5	1.94	4.58	0	1,010	48	0.56	5.5	20.8	0.4	0.0	13.01	66	1.2758	2.0516	670	670.23	972.42	
1232378	43	666.0	691.2	511.6	691.2	332.5	2.25	4.58	0	1,012	48	0.31	5.5	20.8	0.4	0.0	12.42	66	1.2758	2.0516	670	670.14	964.84	
1232847	43	665.7	691.8	512.1	691.8	332.5	1.75	4.58	0	1,005	48	0.31	5.5	20.8	0.4	0.0	12.45	66	1.2758	2.0516	670	670.14	962.03	
1233498	44	665.3	692.2	512.2	692.2	332.5	2.44	4.58	0	960	47	0.31	5.5	20.8	0.4	0.0	11.98	66	1.2758	2.0516	670	670.05	962.73	
1234061	44	664.9	692.5	512.5	692.5	332.5	1.94	4.58	0	977	46	0.31	5.5	20.8	0.4	0.0	12.68	66	1.2758	2.0516	670	670.05	961.72	
1234764	44	664.6	692.2	512.5	691.8	332.2	1.75	4.58	0	972	46	0.31	5.5	20.8	0.4	0.0	12.68	66	1.2758	2.0516	670	670.05	961.25	
1235338	44	664.3	691.5	512.1	691.5	332.8	1.94	4.58	0	1,154	45	0.31	5.5	20.8	0.4	0.0	14.20	66	1.2758	2.0516	670	670.05	962.03	
1236006	44	663.9	690.5	511.6	690.5	332.5	1.56	4.58	0	1,125	44	0.56	5.5	20.8	0.4	0.0	17.04	66	1.2758	2.0516	670	670.05	966.02	
1236628	44	663.7	689.2	510.8	689.2	332.5	1.56	4.58	0	1,110	43	0.31	5.5	20.8	0.4	0.0	17.09	66	1.2758	2.0516	670	669.93	968.20	
1237222	44	663.5	687.8	510.1	687.8	332.2	1.56	4.58	0	1,091	42	0.31	5.5	20.8	0.4	0.0	17.11	66	1.2758	2.0516	670	669.93	969.30	
1237806	45	663.3	686.2	509.5	685.8	332.5	1.75	4.58	0	1,063	41	0.56	5.5	20.8	0.4	0.0	16.76	66	1.2758	2.0516	670	669.93	969.45	
1238392	45	663.2	684.8	508.8	684.8	332.2	1.94	4.58	0	1,045	40	0.31	5.5	20.8	0.4	0.0	17.37	66	1.2758	2.0516	670	669.93	969.14	
1238961	45	663.1	682.8	507.8	682.5	332.5	1.94	4.58	0	1,017	39	0.31	5.5	20.8	0.4	0.0	16.76	66	1.2758	2.0516	665	669.83	969.14	
1239576	45	663.0	681.5	506.8	681.2	332.5	1.94	4.58	0	995	39	0.56	5.5	20.8	0.4	0.0	17.13	66	1.2758	2.0516	665	669.83	968.36	
1240190	45	662.9	679.5	505.8	679.5	332.5	1.94	4.58	0	978	38	-0.19	5.5	20.8	0.4	0.0	17.13	66	1.2758	2.0516	665	669.83	967.89	
1240794	45	662.9	677.5	505.0	677.5	332.5	1.94	4.58	0	962	37	0.31	5.5	20.8	0.4	0.0	16.80	66	1.2758	2.0516	665	669.74	967.66	
1241449	45	662.8	675.5	504.3	675.5	332.2	2.12	4.58	0	945	36	0.56	5.5	20.8	0.4	0.0	13.41	66	1.2758	2.0516	665	669.74	966.88	
1242017	45	662.7	674.2	503.3	673.8	332.5	1.44	4.58	0	1,164	35	0.31	5.5	20.8	0.4	0.0	16.03	66	1.2758	2.0516	665	669.65	967.73	
1242629	45	662.7	672.2	502.2	672.2	332.5	1.75	4.58	0	1,120	33	0.56	5.5	20.8	0.4	0.0	17.79	66	1.2758	2.0516	665	669.65	969.45	
1243229	46	662.6	670.5	501.3	670.5	332.5	1.75	4.58	0	1,108	31	0.56	5.5	20.8	0.4	0.0	17.70	66	1.2758	2.0516	665	669.53	970.70	
1243923	46	662.6	668.8	500.7	668.5	332.2	1.44	4.58	0	1,244	29	0.81	5.5	20.8	0.4	0.0	18.30	66	1.2758	2.0516	665	669.44	973.44	
1244499	46	662.6	667.5	500.0	667.2	332.5	1.25	4.58	0	1,343	28	1.12	5.5	20.8	0.4	0.0	18.70	66	1.2758	2.0516	665	669.34	975.39	
1245066	46	662.6	665.2	498.6	665.5	332.5	1.25	4.58	0	1,321	26	0.81	5.5	20.8	0.4	0.0	18.73	66	1.2758	2.0516	665	669.25	976.41	
1245658	46	662.7	664.2	498.0	663.5	332.2	1.44	4.58	0	1,273	25	0.81	5.5	20.8	0.4	0.0	18.73	66	1.2758	2.0516	665	669.13	976.25	
1246214	46	662.7	662.5	497.5	662.2	332.2	3.12	4.58	0	1,232	25	1.12	5.5	20.8	0.4	0.0	15.75	66	1.2758	2.0516	665	669.04	972.19	
1246795	46	662.6	660.8	496.6	660.8	331.8	3.00	4.58	0	1,373	25	3.00	5.5	20.8	0.4	0.0	57.14	66	1.2758	2.0516	665	668.94	972.73	
1247375	46	662.3	659.5	496.3	659.5	332.2	3.81	4.58	0	1,389	27	7.56	5.5	20.8	0.4	0.0	72.14	66	1.2758	2.0516	665	668.85	1,054.84	
1247993	46	661.5	658.5	495.3	658.5	332.2	4.38	4.58	0	1,463	30	10.56	5.5	20.8	0.4	0.0	74.32	66	1.2758	2.0516	665	668.64	1,100.70	
1248578	46	660.5	658.2	495.2	658.2	331.8	5.06	4.58	0	1,650	32	11.62	5.5	20.8	0.4	0.0	68.65	66	1.2758	2.0516	665	668.33	1,087.11	
1249150	46	659.3	658.2	495.0	658.2	332.2	5.94	4.58	0	1,734	35	11.88	5.5	20.8	0.4	0.0	70.12	66	1.2758	2.0516	665	668.03	1,091.41	
1249717	46	657.8	658.5	495.3	658.8	332.2	6.94	4.58	0	1,848	37	12.44	5.5	20.8	0.4	0.0	70.20	66	1.2758	2.0336	665	667.54	1,096.95	
1250308	45	655.8	659.8	495.6	660.2	331.8	7.31	4.58	0	2,085	39	13.81	5.5	20.4	0.4	0.0	75.94	66	1.2758	2.0336	665	667.05	1,212.34	
1250933	45	653.3	662.2	497.0	662.2	332.2	5.38	4.58	0	1,573	41	14.88	5.5	20.4	0.4	0.0	80.91	66	1.2758	2.0336	665	666.34	1,177.81	
1251496	45	651.4	664.2	498.0	664.5	332.5	4.00	4.58	0	1,455	43	13.50	5.5	20.4	0.4	0.0	67.62	66	1.2758	2.0336	665	665.64	1,092.03	
1252081	45	649.8	666.8	499.3	666.8	332.5	3.31	4.58	0	1,498	44	8.94	5.5	20.4	0.4	0.0	58.83	66	1.2758	2.0336	665	665.03	1,023.05	
1252702	44	648.2	669.5	500.8	669.8	332.2	3.69	4.58	0	1,610	45	7.31	5.5	20.8	0.4	0.0	47.88	66	1.2758	2.0516	660	664.23	1,060.16	
1253459	44	646.7	672.5	502.3	672.8	332.5	1.94	4.58	0	1,218	46	1.62	5.5	20.8	0.4	0.0	22.05	66	1.2758	2.0430	660	663.53	989.38	
1254083	44	645.7	675.5	503.8	675.8	332.5	1.75	4.58	0	1,177	46	0.56	5.5	20.8	0.4	0.0	12.35	66	1.2758	2.0344	660	663.13	970.86	
1254650	44	644.7	678.2	505.0	678.5	332.5	1.75	4.58	0	1,168	45	0.31	5.5	20.4	0.4	0.0	16.64	66	1.2758	2.0344	660	662.73	967.58	
1255237	44	644.1	679.8	506.1	680.2	332.5	1.56	4.58	0	1,152	45	0.56	5.5	20.4	0.4	0.0	16.85	66	1.2758	2.0344	660	662.33	970.94	
1255841	44	643.5	681.2	506.8	681.2	332.5	1.56	4.58	0	1,150	44	0.56	5.5	20.4	0.4	0.0	16.80	66	1.2758	2.0344	660	662.03	971.56	
1256397	44	643.1	682.2	507.0	682.2	332.5	1.56	4.58	0	1,137	44	0.31	5.5	20.4	0.4	0.0	16.90	66	1.2758	2.0344	660	661.63	971.95	
1256965	44	642.8	682.2	507.5	682.2	332.5	1.56	4.58	0	1,124	44	0.56	5.5	20.4	0.4	0.0	17.18	66	1.2758	2.0344	660	661.44	971.88	
1257551	45	642.5	681.8	507.1	681.2	332.5	1.56	4.58	0	1,110	43	0.56	5.5	20.4	0.4	0.0	17.06	66	1.2758	2.0344	660	661.14	971.64	
1258116	45	642.3	681.5	507.0	681.5	332.5	1.56	4.58	0	1,097	43	0.31	5.5	20.4	0.4	0.0	16.99	66	1.2758	2.0258	660	660.93	971.41	
1258716	45	642.1	680.8	506.3	680.5	332.5	1.56	4.58	0	1,087	42	0.56	5.5	20.4	0.4	0.0	17.20	66	1.2758	2.0258	660	660.65	971.56	
1259279	45	642.0	679.8	506.3	679.8	332.5	1.56	4.58	0	1,066	41	0.31	5.5	20.4	0.4	0.0	17.18	66	1.2758	2.0344	660	660.44	970.86	
1259855	45	641.9	678.8	505.7	679.2	332.8	1.56	4.58	0	1,089	39	0.81	5.5	20.4	0.4	0.0	11.86	66	1.2758	2.0344	660	660.25	969.14	
1260450	45	641.8	677.8	505.1	677.5	332.5	1.56	4.58	0	1,198	36	0.56	5.5	20.4	0.4	0.0	17.04	66	1.2758	2.0258	660	659.94	970.62	
1261004	45	641.7	676.8	504.5	676.5	332.5	1.44	4.58	0	1,199	35	0.81	5.5	20.4	0.4	0.0	18.05	66	1.2758	2.0258	655	659.73	971.41	
1261554	45	641.7	675.5	504.0	675.5	332.5	1.56	4.58	0	1,207	34	0.81	5.5	20.4	0.4	0.0	17.88	66	1.2758	2.0344	655	659.55	972.50	
1262121	46	641.7	674.2	503.5	674.2	332.5	1.25	4.58	0	1,393	33	1.12	5.5	20.4	0.4	0.0	18.12	66	1.2758	2.0344	655	659.33	975.08	
1262713	46	641.7	673.2	503.0	673.2	332.5	1.06	4.58	0	1,478	32	1.12	5.5	20.4	0.4	0.0	18.30	66	1.2758	2.0344	655	659.24	977.42	
1263305	46	641.8	671.8	502.3	671.5	332.5	0.88	4.58	0	1,535	31	1.38	5.5	20.4	0.4	0.0	18.63	66	1.2758	2.0344	655	659.03	978.91	
1263842	46	641.9	670.2	501.2	669.8	332.2	3.00	4.58	0	1,494	30	1.38	5.5	20.4	0.4	0.0	19.24	66	1.2758	2.0344	655	658.84	974.69	
1264413	46	641.9	668.8	500.6	668.8	332.5	3.12	4.58	0	1,605	30	3.50	5.5	20.4	0.4	0.0	53.44	66	1.2758	2.0344	655	658.54	981.64	
1265004	47	641.8	667.5	500.0	667.5	332.5	3.81	4.58	0	1,620	32	8.12	5.5	20.4	0.4	0.0	59.84	66	1.2758	2.0344	655	658.23	995.62	
1265559	47	641.4	666.8	499.3	666.8	332.5	4.00	4.58	0	1,683	33	7.88	5.5	20.4	0.4	0.0	53.41	66	1.2758	2.0344	655	657.93	1,023.67	
1266126	46	640.7	665.8	499.2	665.8	332.5	4.19	4.58	0	1,783	35	6.25	5.5	20.4	0.4	0.0	51.98	66	1.2758	2.0344	655	657.53	1,065.23	
1266717	46	639.9	665.8	499.3	666.2	332.5	4.56	4.58	0	1,856	36	6.25	5.5	20.4	0.4	0.0	50.30	66	1.2758	2.0344	655	657.04	1,099.69	
1267330	46	638.8	666.5	499.6	666.8	332.8	3.12	4.58	0	1,430	37	6.25	5.5	20.4	0.4	0.0	55.69	66	1.2758	2.0258	655	656.55	1,097.50	
1267922	46	637.7	667.5	500.3	667.8	332.8	3.12	4.58	0	1,390	38	6.50	5.5	20.4	0.4	0.0	63.07	66	1.2758	2.0258	655	656.03	1,077.97	
1268502	46	636.5	668.8	500.8	669.2	332.5	3.81	4.58	0	1,400	39	8.38	5.5	20.0	0.4	0.0	70.69	66	1.2758	2.0172	655	655.54	1,080.94	
1269100	46	635.2	670.2	501.3	670.5	333.2	3.69	4.58	0	1,399	41	9.75	5.5	20.0	0.4	0.0	69.07	66	1.2758	2.0172	655	654.83	1,056.95	
1269686	46	633.9	672.2	502.3	672.2	332.8	3.81	4.58	0	1,446	42	10.00	5.5	20.0	0.4	0.0	66.84	66	1.2758	2.0172	650	654.34	1,056.25	
1270314	45	632.5	673.8	503.5	674.2	333.2	4.00	4.58	0	1,497	44	9.50	5.5	20.0	0.4	0.0	65.48	66	1.2758	2.0086	650	653.55	1,062.89	
1270877	45	631.3	675.8	504.1	676.2	333.2	4.38	4.58	0	1,576	45	10.56	5.5	20.4	0.4	0.0	69.84	66	1.2758	2.0258	650	652.84	1,093.67	
1271546	45	630.1	677.8	505.3	678.2	333.5	4.88	4.58	0	1,593	46	11.62	5.5	20.4	0.4	0.0	70.85	66	1.2758	2.0258	650	652.05	1,106.95	
1272114	45	628.9	679.2	506.2	679.8	333.2	4.88	4.58	0	1,630	48	11.62	5.5	20.0	0.4	0.0	70.76	66	1.2758	2.0172	650	650.94	1,106.95	
1272663	45	627.6	682.8	507.7	682.8	333.5	5.38	4.58	0	1,685	50	12.19	5.5	20.0	0.4	0.0	69.59	66	1.2758	2.0172	650	650.15	1,104.38	
1273268	45	626.5	684.2	508.8	684.5	333.5	4.38	4.58	0	1,490	51	11.62	5.5	20.0	0.4	0.0	75.28	66	1.2758	2.0172	645	649.14	1,135.47	
1273859	45	625.6	687.2	510.0	687.2	333.8	4.38	4.58	0	1,434	52	10.81	5.5	20.4	0.4	0.0	80.98	66	1.2758	2.0266	645	648.13	1,176.17	
1274443	45	625.3	689.5	511.3	689.5	333.8	4.88	4.58	0	1,423	53	11.88	5.5	20.4	0.4	0.0	86.77	66	1.2758	2.0266	645	647.15	1,221.56	
1274985	45	625.6	691.5	512.5	691.8	333.8	4.88	4.58	0	1,419	54	12.69	5.5	20.0	0.4	0.0	87.77	66	1.2758	2.0172	645	646.14	1,241.41	
1275578	45	626.3	693.5	513.6	693.8	333.8	4.88	4.58	0	1,454	56	13.00	5.5	20.0	0.4	0.0	83.95	66	1.2758	2.0172	645	645.34	1,206.09	
1276145	45	627.0	695.8	514.8	696.2	333.8	2.25	4.58	0	1,439	56	4.06	5.5	20.0	0.4	0.0	23.93	66	1.2758	2.0172	640	644.55	1,032.03	
1276710	44	627.6	698.5	515.8	698.5	333.5	-0.44	4.58	0	1,148	56	0.31	5.5	20.0	0.4	0.0	16.08	66	1.2758	2.0172	640	643.94	987.81	
1277271	44	628.0	700.2	516.8	700.2	334.5	1.56	4.58	0	1,151	56	0.56	5.5	20.0	0.4	0.0	12.07	66	1.2758	2.0086	640	643.54	971.25	
1277868	44	628.5	701.8	517.7	702.2	333.8	1.75	4.58	0	1,164	55	0.56	5.5	20.0	0.4	0.0	12.19	66	1.2758	2.0086	640	643.05	964.92	
1278451	44	628.8	702.5	518.1	702.8	333.8	1.56	4.58	0	1,137	55	0.31	5.5	20.0	0.4	0.0	12.30	66	1.2758	2.0172	640	642.65	965.16	
1278999	44	629.1	703.2	518.5	702.8	333.5	1.75	4.58	0	1,134	54	0.31	5.5	20.0	0.4	0.0	12.40	66	1.2758	2.0172	640	642.25	963.75	
1279560	44	629.4	703.2	518.5	702.8	333.8	1.94	4.58	0	1,114	54	0.56	5.5	20.0	0.4	0.0	12.42	66	1.2758	2.0172	640	641.94	962.81	
1280117	44	629.6	702.8	518.1	702.8	333.5	1.75	4.58	0	1,117	53	0.31	5.5	20.0	0.4	0.0	12.33	66	1.2758	2.0086	640	641.55	962.11	
1280798	45	629.8	702.2	517.8	702.5	333.5	2.25	4.58	0	1,106	53	0.00	5.5	20.0	0.4	0.0	14.65	66	1.2758	2.0086	640	641.24	963.44	
1281377	45	630.0	701.5	517.5	701.2	333.5	1.56	4.58	0	1,094	52	0.56	5.5	20.0	0.4	0.0	16.80	66	1.2758	2.0086	640	641.03	966.25	
1281941	45	630.3	700.2	516.7	699.8	333.5	1.44	4.58	0	1,082	51	0.56	5.5	20.0	0.4	0.0	16.95	66	1.2758	2.0086	640	640.84	967.66	
1282528	45	630.5	698.5	516.0	698.5	333.2	1.75	4.58	0	1,063	51	0.31	5.5	19.6	0.4	0.0	16.71	66	1.2758	2.0000	640	640.63	968.36	
1283145	45	630.8	696.8	515.0	696.5	333.2	1.75	4.58	0	1,049	50	0.00	5.5	19.6	0.4	0.0	16.80	66	1.2758	2.0000	640	640.44	968.59	
1283792	45	631.1	694.8	514.3	694.5	333.2	1.75	4.58	0	1,034	49	0.56	5.5	19.6	0.4	0.0	16.76	66	1.2758	2.0000	640	640.23	968.75	
1284409	45	631.4	692.8	512.8	692.8	333.2	1.75	4.58	0	1,019	49	0.56	5.5	19.6	0.4	0.0	17.06	66	1.2758	2.0000	640	640.05	968.75	
1284960	46	631.6	690.8	511.8	690.8	332.8	1.75	4.58	0	1,007	48	0.31	5.5	19.6	0.4	0.0	16.97	66	1.2758	2.0000	640	639.93	968.91	
1285551	46	631.9	689.2	511.0	688.8	332.8	1.94	4.58	0	994	47	0.56	5.5	19.6	0.4	0.0	16.99	66	1.2758	2.0000	635	639.83	968.36	
1286146	46	632.1	686.8	509.6	686.5	332.5	1.94	4.58	0	981	47	0.00	5.5	19.6	0.4	0.0	16.78	66	1.2758	2.0000	635	639.74	967.73	
1286705	46	632.4	684.5	508.6	684.5	332.8	1.94	4.58	0	970	46	0.00	5.5	19.6	0.4	0.0	17.18	66	1.2758	2.0000	635	639.53	967.66	
1287260	46	632.6	682.8	507.8	682.8	332.2	1.94	4.58	0	972	46	0.31	5.5	19.6	0.4	0.0	17.16	66	1.2758	2.0000	635	639.53	967.34	
1287855	46	632.8	680.5	506.6	680.2	332.2	2.25	4.58	0	1,102	45	0.56	5.5	19.6	0.4	0.0	16.66	66	1.2758	2.0000	635	639.44	960.47	
1288451	46	633.0	678.8	505.3	678.5	332.2	3.00	4.58	0	1,270	45	3.50	5.5	19.6	0.4	0.0	60.26	67	1.2758	2.0000	635	639.25	974.22	
1289076	47	633.1	676.5	504.3	676.5	332.2	3.69	4.58	0	1,262	46	6.75	5.5	19.6	0.4	0.0	75.07	67	1.2758	2.0000	635	639.13	1,060.94	
1289707	46	633.0	674.8	503.7	674.8	331.8	3.69	4.58	0	1,232	47	8.12	5.5	19.6	0.4	0.0	79.03	67	1.2758	2.0000	635	638.94	1,085.62	
1290450	46	632.7	673.5	502.5	673.5	331.8	2.12	4.58	0	1,231	48	2.75	5.5	19.6	0.4	0.0	23.30	67	1.2758	2.0000	635	638.73	1,005.86	
1291000	46	632.4	672.5	502.1	672.8	331.2	1.56	4.58	0	1,211	47	0.81	5.5	19.6	0.4	0.0	14.25	67	1.2758	1.9906	635	638.64	978.12	
1291614	45	632.0	672.2	501.8	671.8	331.5	2.25	4.58	0	1,183	46	0.56	5.5	20.0	0.4	0.0	14.37	67	1.2758	2.0086	635	638.55	968.67	
1292246	45	631.8	671.5	501.6	671.5	331.5	1.44	4.58	0	1,137	43	0.56	5.5	19.6	0.4	0.0	17.23	67	1.2758	2.0000	635	638.55	971.56	
1292808	45	631.6	670.8	501.3	670.5	331.5	2.62	4.58	0	1,085	40	0.81	5.5	19.6	0.4	0.0	14.72	67	1.2758	2.0000	635	638.43	970.16	
1293481	46	631.4	669.8	500.7	670.2	331.2	1.44	4.58	0	1,258	37	0.56	5.5	19.6	0.4	0.0	17.46	67	1.2758	2.0000	635	638.33	971.41	
1294115	46	631.3	669.2	500.2	668.8	330.8	1.44	4.58	0	1,194	35	0.56	5.5	19.6	0.4	0.0	18.02	67	1.2758	2.0000	635	638.33	972.42	
1294702	46	631.3	667.5	499.1	667.5	330.8	1.56	4.58	0	1,255	33	0.56	5.5	19.6	0.4	0.0	17.93	67	1.2758	2.0000	635	638.24	973.67	
1295329	46	631.4	666.5	498.5	666.5	330.8	1.06	4.58	0	1,354	31	1.12	5.5	19.6	0.4	0.0	18.09	67	1.2758	2.0000	635	638.24	975.70	
1296003	46	631.4	664.8	497.5	664.5	330.8	1.06	4.58	0	1,386	27	1.12	5.5	19.6	0.4	0.0	18.40	67	1.2758	2.0000	635	638.15	976.64	
1296575	46	631.6	663.2	497.0	663.5	330.2	1.25	4.58	0	1,275	25	0.81	5.5	19.6	0.4	0.0	18.14	67	1.2758	2.0000	635	638.15	976.64	
1297193	46	631.7	661.5	496.3	661.5	330.2	1.56	4.58	0	1,201	24	0.81	5.5	19.6	0.4	0.0	18.33	67	1.2758	2.0000	635	638.15	975.94	
1297764	46	631.8	660.5	495.3	660.5	330.2	1.56	4.58	0	1,154	23	0.56	5.5	19.6	0.4	0.0	18.30	67	1.2758	2.0000	635	638.03	974.61	
1298361	47	632.0	658.8	494.8	658.8	330.2	1.56	4.58	0	1,099	22	0.56	5.5	19.6	0.4	0.0	18.26	67	1.2758	2.0000	635	638.03	972.89	
1298929	47	632.1	657.5	493.8	657.2	330.2	1.94	4.58	0	999	21	1.12	5.5	19.6	0.4	0.0	13.66	67	1.2758	2.0000	635	637.94	970.55	
1299685	47	632.3	656.2	493.0	656.2	329.8	2.12	4.58	0	961	20	0.31	5.5	19.6	0.4	0.0	16.83	67	1.2758	2.0000	635	637.94	966.09	
1300286	47	632.3	654.5	492.3	654.5	329.8	1.94	4.58	0	982	19	0.56	5.5	19.6	0.4	0.0	15.70	67	1.2758	2.0000	635	637.84	963.59	
1300889	47	632.4	653.2	491.3	652.8	329.8	2.12	4.58	0	963	14	0.56	5.5	19.6	0.4	0.0	17.88	67	1.2758	2.0000	635	637.75	962.27	
1301486	47	632.3	651.5	490.8	651.2	329.5	1.94	4.58	0	958	8	0.31	5.5	19.6	0.4	0.0	19.15	67	1.2758	2.0000	635	637.75	961.80	
1302070	47	632.3	649.8	489.7	649.8	329.5	2.12	4.58	0	953	4	0.31	5.5	19.6	0.4	0.0	15.80	67	1.2758	2.0000	635	637.63	961.41	
1302664	47	632.2	648.5	488.8	648.5	329.8	2.12	4.58	0	755	3	0.31	5.5	19.6	0.4	0.0	47.65	67	1.2758	2.0000	635	637.54	961.02	
1303249	47	632.0	647.2	488.3	646.8	329.5	2.44	4.58	0	944	4	1.38	5.5	19.6	0.4	0.0	43.34	67	1.2758	2.0000	635	637.54	964.84	
1303875	47	631.6	645.8	487.6	645.5	329.5	3.00	4.58	0	1,393	6	3.81	5.5	19.6	0.4	0.0	57.12	67	1.2758	2.0000	635	637.44	992.03	
1304529	47	631.0	644.5	487.0	644.5	329.8	3.50	4.58	0	1,502	9	8.12	5.5	19.6	0.4	0.0	62.39	67	1.2758	2.0000	635	637.23	999.61	
1305179	47	629.9	643.8	486.6	643.8	329.8	3.81	4.58	0	1,581	13	9.50	5.5	19.6	0.4	0.0	61.66	67	1.2758	1.9906	635	637.14	1,010.23	
1305779	47	628.6	643.5	486.3	643.5	329.5	4.00	4.58	0	1,585	17	9.19	5.5	19.6	0.4	0.0	62.84	67	1.2758	1.9906	635	636.93	1,037.50	
1306370	46	627.2	643.8	486.6	643.8	329.8	4.00	4.58	0	1,581	20	9.19	5.5	19.6	0.4	0.0	60.84	67	1.2758	1.9906	635	636.65	1,035.31	
1307020	46	625.4	644.2	487.0	644.2	330.2	5.38	4.58	0	1,789	23	9.50	5.5	19.6	0.4	0.0	64.27	67	1.2758	1.9906	635	636.34	1,092.11	
1307636	46	623.5	645.5	487.3	645.5	329.8	7.12	4.58	0	2,022	26	14.62	5.5	19.6	0.4	0.0	78.00	67	1.2758	1.9906	635	635.94	1,168.05	
1308231	46	621.7	646.8	488.8	647.2	330.5	4.69	4.58	0	1,576	29	13.81	5.5	19.6	0.4	0.0	76.12	67	1.2758	1.9906	635	635.43	1,137.50	
1308724	45	620.3	648.2	489.1	648.2	330.5	4.69	4.58	0	1,625	31	12.44	5.5	19.6	0.4	0.0	71.86	67	1.2758	1.9906	635	634.94	1,124.38	
1309490	45	618.5	650.5	490.0	650.2	330.5	6.44	4.58	0	1,766	34	12.19	5.5	19.6	0.4	0.0	72.45	67	1.2758	1.9906	630	634.05	1,140.08	
1310052	45	617.2	652.2	491.3	652.5	330.2	6.81	4.58	0	1,821	37	13.25	5.5	19.6	0.4	0.0	71.95	67	1.2758	1.9906	630	633.44	1,134.06	
1310634	45	615.9	654.8	492.5	655.2	330.5	4.69	4.58	0	1,565	39	14.06	5.5	20.0	0.4	0.0	76.78	67	1.2758	2.0000	630	632.73	1,141.09	
1311216	45	615.1	656.8	493.8	657.2	330.5	4.38	4.58	0	1,450	41	10.81	5.5	19.6	0.4	0.0	78.30	67	1.2758	2.0000	630	631.94	1,153.98	
1311815	44	614.9	659.5	495.0	659.5	330.8	4.88	4.58	0	1,462	42	11.62	5.5	19.6	0.4	0.0	81.61	67	1.2758	2.0000	630	631.23	1,203.20	
1312427	44	615.5	661.8	496.3	661.8	330.8	5.06	4.58	0	1,506	44	12.69	5.5	19.6	0.4	0.0	80.32	67	1.2758	1.9906	630	630.53	1,197.50	
1313006	44	616.9	664.2	497.1	664.8	331.2	5.25	4.58	0	1,597	46	13.00	5.5	19.6	0.4	0.0	75.94	67	1.2758	1.9906	630	629.94	1,160.31	
1313629	44	618.8	666.8	499.0	667.2	331.2	5.56	4.58	0	1,648	48	12.44	5.5	19.6	0.4	0.0	72.94	67	1.2758	2.0000	625	629.33	1,137.27	
1314204	44	621.3	669.2	500.0	669.5	331.2	5.94	4.58	0	1,705	50	12.44	5.5	19.6	0.4	0.0	66.73	67	1.2758	2.0000	625	629.03	1,115.94	
1314860	44	623.7	671.8	501.5	671.8	331.2	1.94	4.58	0	1,386	51	2.44	5.5	19.6	0.4	0.0	20.91	67	1.2758	2.0000	625	628.75	1,015.94	
1315457	44	625.2	674.2	502.5	674.2	331.5	1.56	4.58	0	1,312	50	1.12	5.5	19.6	0.4	0.0	16.01	67	1.2758	2.0000	625	628.63	980.78	
1316091	44	626.5	675.8	503.5	676.2	331.5	0.38	4.58	0	1,298	50	0.56	5.5	19.6	0.4	0.0	19.22	67	1.2758	1.9813	625	628.44	965.62	
1316665	44	627.7	677.5	504.5	677.8	331.2	2.62	4.58	0	1,377	50	3.00	5.5	19.6	0.4	0.0	53.58	67	1.2758	1.9906	625	628.44	978.91	
1317241	44	629.0	678.5	504.6	678.8	331.2	3.81	4.58	0	1,442	51	7.56	5.5	19.6	0.4	0.0	74.58	67	1.2758	1.9813	625	628.35	1,076.17	
1317864	45	630.1	679.5	505.3	679.8	331.5	3.69	4.58	0	1,116	52	6.50	5.5	19.6	0.4	0.0	87.52	67	1.2758	2.0000	625	628.35	1,082.11	
1318449	45	631.5	680.2	506.0	680.5	331.5	2.62	4.58	0	1,157	52	4.62	5.5	19.6	0.4	0.0	29.37	67	1.2758	2.0000	625	628.44	1,036.09	
1319203	44	632.5	681.2	506.3	681.2	331.2	1.56	4.58	0	1,345	52	1.12	5.5	19.6	0.4	0.0	13.20	67	1.2758	1.9906	625	628.54	979.77	
1319833	44	633.3	681.5	506.5	681.8	331.5	2.25	4.58	0	1,283	52	0.31	5.5	19.6	0.4	0.0	16.29	67	1.2758	1.9906	625	628.63	970.00	
1320427	44	634.1	682.5	507.0	682.5	330.8	1.56	4.58	0	1,075	51	0.56	5.5	19.6	0.4	0.0	15.87	67	1.2758	1.9906	625	628.75	971.80	
1321009	44	634.7	682.2	506.8	682.2	331.5	1.56	4.58	0	1,068	50	0.31	5.5	19.6	0.4	0.0	16.78	67	1.2758	1.9906	625	628.84	971.41	
1321570	45	635.2	682.2	506.5	681.5	331.2	1.75	4.58	0	1,052	50	0.00	5.5	19.6	0.4	0.0	16.90	67	1.2758	1.9906	625	628.94	970.39	
1322170	45	635.8	681.5	506.3	681.2	330.8	1.56	4.58	0	1,032	49	0.00	5.5	19.6	0.4	0.0	16.78	67	1.2758	1.9906	625	629.03	969.53	
1322771	45	636.3	679.8	505.7	679.8	330.8	1.94	4.58	0	1,022	49	0.00	5.5	19.6	0.4	0.0	16.85	67	1.2758	1.9906	625	629.15	969.61	
1323368	45	636.8	678.8	505.0	678.8	330.8	1.94	4.58	0	1,009	48	0.56	5.5	19.6	0.4	0.0	16.57	67	1.2758	1.9906	625	629.24	968.98	
1323947	45	637.3	677.5	504.3	677.5	330.5	1.75	4.58	0	1,000	48	0.56	5.5	19.6	0.4	0.0	16.88	67	1.2758	1.9906	625	629.43	968.36	
1324522	45	637.7	675.8	503.1	675.5	330.5	1.75	4.58	0	992	47	0.00	5.5	19.6	0.4	0.0	16.78	67	1.2758	1.9906	625	629.55	968.52	
1325075	45	638.1	674.5	502.8	674.5	330.8	1.75	4.58	0	983	47	0.31	5.5	19.6	0.4	0.0	16.80	67	1.2758	1.9906	625	629.64	967.81	
1325636	46	638.4	673.2	501.5	672.8	330.5	1.75	4.58	0	975	46	0.31	5.5	19.6	0.4	0.0	16.99	67	1.2758	1.9906	625	629.73	967.58	
1326225	46	638.8	671.5	500.8	671.2	330.5	1.94	4.58	0	967	46	0.31	5.5	19.6	0.4	0.0	22.69	67	1.2758	1.9906	630	629.94	955.47	
1326831	46	639.1	669.5	499.8	669.2	330.2	3.12	4.58	0	1,203	46	4.06	5.5	19.6	0.4	0.0	68.27	67	1.2758	1.9906	630	630.04	989.06	
1327424	46	639.5	667.8	499.2	667.5	330.2	3.69	4.58	0	1,219	47	6.25	5.5	19.6	0.4	0.0	81.80	67	1.2758	1.9906	630	630.25	1,067.50	
1328168	46	639.8	666.5	498.3	666.5	330.2	4.56	4.58	0	1,280	48	10.81	5.5	19.6	0.4	0.0	96.33	67	1.2758	1.9906	630	630.44	1,221.88	
1328713	46	640.3	665.5	497.6	665.2	330.2	4.88	4.58	0	1,293	50	14.31	5.5	19.6	0.4	0.0	98.84	67	1.2758	1.9906	630	630.74	1,232.03	
1329408	46	641.1	664.8	497.3	664.8	329.5	4.88	4.58	0	1,351	52	15.12	5.5	19.6	0.4	0.0	92.39	67	1.2758	1.9906	630	631.14	1,175.00	
1330015	45	642.4	664.8	497.5	664.8	330.2	4.00	4.58	0	1,390	54	13.81	5.5	19.6	0.4	0.0	71.34	67	1.2758	2.0000	630	631.54	1,122.81	
1330591	45	643.4	665.5	497.6	665.2	330.2	2.12	4.58	0	1,423	54	3.50	5.5	19.6	0.4	0.0	22.36	67	1.2758	2.0000	630	631.94	1,017.73	
1331172	44	644.0	666.5	497.8	666.5	329.8	1.94	4.58	0	1,224	54	0.31	5.5	19.6	0.4	0.0	15.66	67	1.2758	1.9906	630	632.15	981.33	
1331772	44	644.4	667.2	498.1	667.5	329.5	1.75	4.58	0	1,087	53	0.31	5.5	19.6	0.4	0.0	12.35	67	1.2758	1.9906	630	632.43	968.52	
1332344	44	644.8	667.5	498.6	668.2	329.8	1.75	4.58	0	1,122	53	0.31	5.5	19.6	0.4	0.0	13.05	67	1.2758	1.9906	630	632.73	963.52	
1332926	44	645.1	668.5	498.8	668.5	329.8	2.12	4.58	0	1,106	53	0.31	5.5	19.6	0.4	0.0	12.56	67	1.2758	1.9813	630	633.04	964.53	
1333514	45	645.3	668.2	499.0	668.5	329.8	1.56	4.58	0	1,101	52	0.56	5.5	19.6	0.4	0.0	12.68	67	1.2758	1.9813	630	633.34	962.81	
1334144	45	645.5	668.2	498.7	668.2	329.2	1.75	4.58	0	1,087	52	0.31	5.5	19.6	0.4	0.0	12.77	67	1.2758	1.9813	630	633.53	962.11	
1334728	45	645.6	668.2	498.6	667.8	329.2	1.75	4.58	0	1,097	52	0.56	5.5	19.6	0.4	0.0	12.77	67	1.2758	1.9813	630	633.83	961.33	
1335306	45	645.7	667.2	498.2	667.2	329.2	1.56	4.58	0	1,075	51	0.31	5.5	19.6	0.4	0.0	12.84	67	1.2758	1.9813	630	634.14	961.17	
1335875	45	645.8	666.5	497.3	666.2	328.8	1.94	4.58	0	1,078	51	0.31	5.5	19.6	0.4	0.0	13.08	67	1.2758	1.9813	630	634.35	960.78	
1336486	45	645.8	665.2	496.8	664.8	328.5	1.56	4.58	0	1,064	51	0.31	5.5	19.6	0.4	0.0	13.27	67	1.2758	1.9813	630	634.63	960.47	
1337101	45	645.8	663.8	496.3	663.8	328.8	1.75	4.58	0	1,058	51	0.31	5.5	19.6	0.4	0.0	13.27	67	1.2758	1.9813	635	634.94	960.47	
1337775	45	645.8	662.5	495.5	662.5	328.2	1.75	4.58	0	1,052	50	0.31	5.5	19.6	0.4	0.0	13.45	67	1.2758	1.9813	635	635.15	960.47	
1338403	46	645.7	661.5	494.5	660.8	328.2	1.75	4.58	0	1,053	50	0.31	5.5	19.6	0.4	0.0	13.48	67	1.2758	1.9813	635	635.43	960.31	
1338982	46	645.6	659.5	493.8	659.5	327.8	1.94	4.58	0	1,039	50	0.31	5.5	19.6	0.4	0.0	13.55	67	1.2758	1.9813	635	635.64	960.16	
1339563	46	645.5	658.5	493.1	658.2	327.5	1.94	4.58	0	1,033	49	0.31	5.5	19.6	0.4	0.0	13.76	67	1.2758	1.9813	635	635.85	959.84	
1340135	46	645.4	657.2	492.5	656.8	327.5	1.75	4.58	0	1,026	49	0.56	5.5	19.6	0.4	0.0	14.46	67	1.2758	1.9813	635	636.04	960.31	
1340727	46	645.2	655.5	491.5	655.5	327.5	2.12	4.58	0	955	47	0.31	5.5	19.6	0.4	0.0	13.55	67	1.2758	1.9813	635	636.25	960.31	
1341309	46	645.1	653.8	490.5	653.8	327.5	1.25	4.58	0	975	44	0.00	5.5	19.6	0.4	0.0	18.00	67	1.2758	1.9813	635	636.44	960.55	
1341879	46	644.9	652.5	489.8	652.5	326.8	1.25	4.58	0	1,100	42	0.31	5.5	19.6	0.4	0.0	13.76	67	1.2758	1.9813	635	636.65	961.09	
1342491	46	644.7	650.8	488.8	650.8	327.2	1.94	4.58	0	1,066	41	0.31	5.5	19.6	0.4	0.0	12.73	67	1.2758	1.9813	635	636.83	960.55	
1343136	46	644.5	648.8	487.8	648.8	326.5	1.94	4.58	0	1,244	39	0.81	5.5	19.6	0.4	0.0	15.80	67	1.2758	1.9813	635	637.05	961.17	
1343737	46	644.3	647.5	486.8	647.5	326.8	1.56	4.58	0	1,265	37	0.56	5.5	19.6	0.4	0.0	17.20	67	1.2758	1.9813	635	637.23	964.92	
1344328	46	644.1	645.8	486.5	645.8	326.2	1.44	4.58	0	1,212	36	0.56	5.5	19.6	0.4	0.0	17.88	67	1.2758	1.9813	635	637.35	968.36	
1344910	47	644.0	644.5	485.3	644.5	326.5	1.44	4.58	0	1,223	35	0.56	5.5	19.6	0.4	0.0	18.02	67	1.2758	1.9813	635	637.44	971.64	
1345503	47	643.9	643.5	485.0	643.2	326.2	1.06	4.58	0	1,398	33	1.12	5.5	19.6	0.4	0.0	18.23	67	1.2758	1.9813	635	637.63	974.92	
1346099	47	643.9	641.8	483.8	641.5	325.8	0.88	4.58	0	1,459	31	1.12	5.5	19.6	0.4	0.0	18.33	67	1.2758	1.9813	635	637.75	976.95	
1346722	47	643.9	639.5	483.0	639.8	325.5	0.88	4.58	0	1,490	30	1.38	5.5	19.6	0.4	0.0	18.73	67	1.2758	1.9813	635	637.84	978.91	
1347362	47	643.8	638.5	482.1	638.2	325.5	0.88	4.58	0	1,461	29	1.38	5.5	19.6	0.4	0.0	20.44	67	1.2758	1.9813	635	637.94	981.02	
1347899	47	643.8	637.2	481.5	637.2	325.5	1.25	4.58	0	1,456	29	1.38	5.5	19.6	0.4	0.0	34.22	67	1.2758	1.9813	635	637.94	966.48	
1348485	47	643.7	636.2	480.6	635.8	325.5	3.31	4.58	0	1,575	30	4.62	5.5	19.6	0.4	0.0	46.92	67	1.2758	1.9813	635	638.03	994.30	
1349025	47	643.3	635.2	480.3	634.8	325.5	1.94	4.58	0	1,518	31	1.94	5.5	19.6	0.4	0.0	20.16	67	1.2758	1.9813	635	638.15	982.50	
1349546	47	642.9	633.8	479.6	633.8	325.5	1.44	4.58	0	1,507	30	1.38	5.5	19.6	0.4	0.0	13.90	67	1.2758	1.9813	635	638.24	972.27	
1350076	47	642.5	633.8	479.3	633.2	325.5	1.75	4.58	0	1,452	29	1.12	5.5	19.6	0.4	0.0	14.44	67	1.2758	1.9813	635	638.33	967.73	
1350627	47	642.2	633.2	479.2	632.8	325.5	1.06	4.58	0	1,355	27	1.12	5.5	19.6	0.4	0.0	18.56	67	1.2758	1.9813	635	638.33	968.52	
1351191	47	642.0	632.5	479.1	632.2	325.2	1.06	4.58	0	1,304	26	0.81	5.5	19.6	0.4	0.0	18.52	67	1.2758	1.9813	635	638.43	974.14	
1351791	47	641.9	631.8	478.5	631.5	325.2	1.25	4.58	0	1,258	25	0.81	5.5	19.6	0.4	0.0	18.56	67	1.2758	1.9813	635	638.55	975.08	
1352319	47	641.9	630.8	478.3	631.2	325.2	1.44	4.58	0	1,214	24	0.81	5.5	19.6	0.4	0.0	18.35	67	1.2758	1.9813	635	638.55	975.00	
1352866	47	641.9	630.5	477.8	630.5	324.8	1.56	4.58	0	1,182	24	0.81	5.5	19.6	0.4	0.0	18.38	67	1.2758	1.9813	635	638.64	974.92	
1353474	47	642.1	629.5	477.3	629.5	325.2	1.56	4.58	0	1,128	22	0.81	5.5	19.6	0.4	0.0	18.21	67	1.2758	1.9813	635	638.73	974.06	
1354026	47	642.2	629.2	477.0	628.8	324.8	1.75	4.58	0	937	19	0.56	5.5	19.6	0.4	0.0	14.93	67	1.2758	1.9813	635	638.73	969.69	
1354586	47	642.3	627.8	476.5	627.8	324.5	2.12	4.58	0	944	16	0.56	5.5	19.6	0.4	0.0	18.61	67	1.2758	1.9813	635	638.85	966.33	
1355124	47	642.4	627.2	476.0	627.2	325.2	1.94	4.58	0	992	12	0.31	5.5	19.6	0.4	0.0	16.64	67	1.2758	1.9813	635	638.85	964.30	
1355782	47	642.4	626.2	475.6	626.2	324.5	2.12	4.58	0	952	11	0.56	5.5	19.6	0.4	0.0	19.99	67	1.2758	1.9813	635	638.94	962.58	
1356338	47	642.3	625.5	475.0	625.5	324.8	2.12	4.58	0	979	11	0.31	5.5	19.6	0.4	0.0	19.29	67	1.2758	1.9813	635	638.94	962.03	
1356924	47	642.2	623.8	474.3	624.2	324.5	1.94	4.58	0	966	11	0.56	5.5	19.6	0.4	0.0	19.57	67	1.2758	1.9813	635	638.94	961.56	
1357506	47	642.0	623.5	474.3	623.5	325.2	2.25	4.58	0	1,024	10	0.81	5.5	19.6	0.4	0.0	44.65	67	1.2758	1.9813	635	639.04	959.06	
1358046	48	641.7	622.8	473.6	622.5	324.8	3.00	4.58	0	1,399	11	3.50	5.5	19.6	0.4	0.0	45.56	67	1.2758	1.9813	635	639.04	984.14	
1358601	48	641.1	621.8	473.1	621.8	324.8	2.25	4.58	0	1,379	13	3.00	5.5	19.6	0.4	0.0	26.62	67	1.2758	1.9813	635	639.04	985.94	
1359151	47	640.5	621.5	473.3	621.5	324.8	1.94	4.58	0	1,143	13	0.81	5.5	19.6	0.4	0.0	18.40	67	1.2758	1.9813	635	639.04	972.42	
1359683	47	640.0	620.5	473.1	620.8	325.2	1.94	4.58	0	1,069	12	0.56	5.5	19.6	0.4	0.0	17.41	67	1.2758	1.9813	635	639.04	965.23	
1360267	47	639.4	620.8	472.6	620.8	325.2	1.94	4.58	0	963	11	0.31	5.5	19.6	0.4	0.0	20.13	67	1.2758	1.9813	635	639.13	961.95	
1360823	47	638.9	620.5	473.0	620.8	325.2	2.12	4.58	0	953	10	0.31	5.5	19.6	0.4	0.0	20.48	67	1.2758	1.9813	635	639.04	962.11	
1361381	47	638.3	620.2	472.8	620.5	325.2	2.12	4.58	0	938	8	0.31	5.5	19.6	0.4	0.0	21.12	67	1.2758	1.9813	635	639.04	962.27	
1361912	47	637.7	620.2	472.8	620.2	325.5	2.12	4.58	0	937	7	0.56	5.5	19.6	0.4	0.0	21.61	67	1.2758	1.9813	635	639.04	961.95	
1362455	47	637.2	620.5	473.0	619.8	325.5	2.12	4.58	0	933	5	0.56	5.5	19.6	0.4	0.0	22.48	67	1.2758	1.9813	635	639.04	962.03	
1363012	47	636.6	619.5	472.5	619.5	325.8	1.94	4.58	0	880	3	0.56	5.5	19.6	0.4	0.0	38.74	67	1.2758	1.9813	635	639.04	959.77	
1363540	47	635.9	619.5	472.6	619.2	325.8	2.25	4.58	0	952	2	1.38	5.5	19.6	0.4	0.0	46.08	67	1.2758	1.9813	635	638.94	962.03	
1364022	48	635.2	618.8	472.7	618.8	325.8	2.62	4.58	0	1,249	1	2.75	5.5	19.6	0.4	0.0	42.70	67	1.2758	1.9813	635	638.94	978.36	
1364617	48	634.4	618.8	472.5	618.8	325.8	2.62	4.58	0	1,179	2	2.19	5.5	19.6	0.4	0.0	42.16	67	1.2758	1.9813	635	638.94	987.03	
1365115	48	633.4	618.8	472.5	618.8	326.2	2.44	4.58	0	1,231	3	2.44	5.5	19.6	0.4	0.0	40.08	67	1.2758	1.9813	635	638.85	991.17	
1365664	47	632.2	618.8	472.5	618.8	326.2	2.44	4.58	0	1,237	4	2.19	5.5	19.6	0.4	0.0	42.89	67	1.2758	1.9813	635	638.85	991.41	
1366191	47	631.0	618.8	472.6	618.8	326.2	2.62	4.58	0	1,260	5	2.75	5.5	19.6	0.4	0.0	42.26	67	1.2758	1.9813	635	638.73	996.41	
1366693	47	629.8	619.5	473.1	619.5	326.8	2.62	4.58	0	1,299	6	3.00	5.5	19.6	0.4	0.0	36.91	67	1.2758	1.9813	635	638.73	1,005.94	
1367200	47	628.7	619.8	473.1	620.2	326.8	2.12	4.58	0	1,111	7	1.12	5.5	19.6	0.4	0.0	35.51	67	1.2758	1.9813	635	638.64	989.06	
1367740	47	627.5	620.8	473.8	620.8	326.8	2.25	4.58	0	1,219	7	1.62	5.5	19.6	0.4	0.0	36.63	67	1.2758	1.9813	635	638.55	980.78	
1368294	47	626.2	621.5	474.3	621.8	327.2	2.44	4.58	0	1,329	8	2.44	5.5	19.6	0.4	0.0	24.61	67	1.2758	1.9813	635	638.43	977.97	
1368803	47	625.1	622.5	474.5	622.5	327.2	2.12	4.58	0	1,009	8	1.12	5.5	19.6	0.4	0.0	38.58	67	1.2758	1.9813	635	638.33	973.83	
1369311	47	623.9	623.2	475.2	623.2	327.2	2.62	4.58	0	1,259	9	2.44	5.5	19.6	0.4	0.0	34.15	67	1.2758	1.9813	635	638.24	979.06	
1369844	47	622.7	623.8	475.5	623.8	327.5	2.62	4.58	0	1,310	10	2.44	5.5	19.6	0.4	0.0	40.45	67	1.2758	1.9813	635	638.03	982.97	
1370369	47	621.2	624.8	476.0	624.8	327.8	3.00	4.58	0	1,506	12	3.25	5.5	19.6	0.4	0.0	41.77	67	1.2758	1.9813	635	637.94	995.78	
1370848	47	620.0	625.5	476.5	625.8	327.8	3.50	4.58	0	1,693	14	4.31	5.5	19.6	0.4	0.0	46.83	67	1.2758	1.9813	635	637.75	1,015.86	
1371358	47	618.5	626.5	477.1	626.5	327.8	4.19	4.58	0	1,882	16	6.25	5.5	19.6	0.4	0.0	55.15	67	1.2758	1.9813	635	637.44	1,080.23	
1371863	47	616.8	627.5	477.8	627.5	328.2	3.50	4.58	0	1,571	18	7.56	5.5	19.6	0.4	0.0	58.50	67	1.2758	1.9813	635	637.14	1,118.12	
1372367	47	615.1	628.5	478.5	629.2	328.5	3.69	4.58	0	1,626	20	7.06	5.5	19.6	0.4	0.0	55.95	67	1.2758	1.9813	635	636.74	1,117.97	
1372999	47	613.2	630.2	479.3	629.8	328.2	4.00	4.58	0	1,741	23	6.25	5.5	19.6	0.4	0.0	53.48	67	1.2758	1.9813	635	636.04	1,106.72	
1373474	46	611.5	631.8	480.3	632.2	328.8	4.88	4.58	0	1,856	24	8.12	5.5	19.6	0.4	0.0	58.83	67	1.2758	1.9813	635	635.55	1,141.95	
1374009	46	609.5	633.8	481.5	634.2	328.8	3.31	4.58	0	1,438	25	7.31	5.5	19.6	0.4	0.0	46.62	67	1.2758	1.9813	630	634.84	1,075.16	
1374510	46	608.0	635.5	482.0	635.5	328.8	1.75	4.58	0	1,272	26	1.94	5.5	19.6	0.4	0.0	22.22	67	1.2758	1.9813	630	634.35	1,006.25	
1375047	46	606.8	637.5	483.0	637.2	328.8	1.94	4.58	0	1,255	25	1.12	5.5	19.6	0.4	0.0	16.73	67	1.2758	1.9813	630	633.93	978.52	
1375551	46	605.9	638.8	484.0	639.2	329.2	1.75	4.58	0	1,247	25	0.56	5.5	19.6	0.4	0.0	16.62	67	1.2758	1.9813	630	633.53	968.12	
1376061	46	605.0	640.5	484.7	640.5	329.2	2.12	4.58	0	1,275	25	1.12	5.5	19.6	0.4	0.0	33.87	67	1.2758	1.9813	630	633.13	966.09	
1376611	46	604.0	641.8	485.5	641.8	328.8	2.44	4.58	0	1,287	25	2.44	5.5	19.6	0.4	0.0	30.21	67	1.2758	1.9813	630	632.55	972.73	
1377174	46	603.1	643.2	486.0	643.2	329.5	1.75	4.58	0	1,314	25	1.12	5.5	19.6	0.4	0.0	18.00	67	1.2758	1.9813	630	632.15	968.75	
1377736	46	602.3	643.8	486.6	644.5	329.5	1.56	4.58	0	1,202	25	0.81	5.5	19.6	0.4	0.0	11.67	67	1.2758	1.9813	630	631.75	964.22	
1378283	46	601.7	644.5	487.1	644.5	329.8	1.56	4.58	0	1,219	24	0.56	5.5	19.6	0.4	0.0	16.85	67	1.2758	1.9813	630	631.44	965.16	
1378795	46	601.2	645.2	487.6	645.2	329.5	1.56	4.58	0	1,170	23	0.56	5.5	19.6	0.4	0.0	17.25	67	1.2758	1.9813	630	631.05	965.62	
1379262	46	600.8	645.5	487.5	645.5	329.8	1.56	4.58	0	1,124	22	0.31	5.5	19.6	0.4	0.0	16.85	67	1.2758	1.9813	630	630.83	969.45	
1379794	46	600.5	645.8	487.6	645.5	329.5	2.81	4.58	0	830	19	0.56	5.5	19.6	0.4	0.0	14.55	67	1.2758	1.9813	630	630.44	964.38	
1380303	46	600.2	645.2	487.3	645.2	329.8	2.25	4.58	0	956	17	0.56	5.5	19.6	0.4	0.0	22.71	67	1.2758	1.9813	630	630.13	965.23	
1380926	47	599.8	644.8	487.3	644.8	329.8	1.94	4.58	0	1,067	14	0.56	5.5	19.6	0.4	0.0	14.58	67	1.2758	1.9813	630	629.94	964.22	
1381456	47	599.5	644.5	487.1	644.5	330.2	1.94	4.58	0	974	11	0.31	5.5	19.6	0.4	0.0	19.38	67	1.2758	1.9813	625	629.55	962.58	
1382013	47	599.2	643.8	487.0	643.5	329.8	1.94	4.58	0	987	10	0.56	5.5	19.6	0.4	0.0	18.94	67	1.2758	1.9813	625	629.24	962.27	
1382520	47	598.8	642.8	486.8	642.8	330.2	1.94	4.58	0	971	10	0.31	5.5	19.6	0.4	0.0	19.22	67	1.2758	1.9813	625	628.94	961.41	
1383025	47	598.5	642.5	486.5	642.5	330.2	1.94	4.58	0	964	10	0.56	5.5	19.6	0.4	0.0	19.66	67	1.2758	1.9813	625	628.75	961.17	
1383531	47	598.2	641.8	486.0	641.8	330.5	1.94	4.58	0	966	10	0.56	5.5	19.6	0.4	0.0	19.45	67	1.2758	1.9813	625	628.44	960.86	
1384097	47	597.9	640.8	485.8	641.2	330.8	1.94	4.58	0	987	10	0.31	5.5	19.6	0.4	0.0	19.22	67	1.2758	1.9813	625	628.14	956.48	
1384617	47	597.6	639.8	485.5	640.2	330.8	2.62	4.58	0	1,151	10	1.94	5.5	19.6	0.4	0.0	40.73	67	1.2758	1.9813	625	627.83	962.42	
1385136	47	597.2	639.5	485.1	639.5	330.8	2.81	4.58	0	1,399	11	3.25	5.5	19.6	0.4	0.0	44.60	67	1.2758	1.9813	625	627.44	984.06	
1385677	47	596.7	639.2	485.0	638.8	330.8	2.81	4.58	0	1,371	13	3.25	5.5	19.6	0.4	0.0	44.60	67	1.2758	1.9813	625	627.04	997.34	
1386194	47	596.1	638.5	484.8	638.5	331.5	2.62	4.58	0	1,407	14	3.50	5.5	19.6	0.4	0.0	44.16	67	1.2758	1.9813	625	626.55	1,005.08	
1386714	47	595.4	638.5	485.0	638.5	331.5	2.62	4.58	0	1,419	15	3.25	5.5	19.6	0.4	0.0	39.45	67	1.2758	1.9813	625	626.15	1,009.22	
1387238	47	594.7	638.2	485.0	638.5	331.8	1.94	4.58	0	1,398	17	2.44	5.5	19.6	0.4	0.0	26.48	67	1.2758	1.9813	625	625.75	991.09	
1387744	47	594.1	638.8	485.1	638.8	331.8	1.25	4.58	0	1,344	16	0.81	5.5	19.6	0.4	0.0	15.91	67	1.2758	1.9813	625	625.44	974.14	
1388295	47	593.6	639.8	485.8	639.8	332.2	1.75	4.58	0	1,251	16	0.81	5.5	19.6	0.4	0.0	14.11	67	1.2758	1.9813	625	625.05	967.50	
1388808	47	593.1	639.8	486.0	639.8	332.5	1.56	4.58	0	1,311	17	0.81	5.5	19.6	0.4	0.0	11.93	67	1.2758	1.9813	620	624.74	964.45	
1389411	47	592.6	640.2	486.5	640.2	332.5	1.06	4.58	0	1,388	18	0.00	5.5	19.6	0.4	0.0	15.87	67	1.2758	1.9813	620	624.34	964.38	
1389884	47	592.2	640.2	486.5	640.5	332.5	0.69	4.58	0	1,493	19	1.12	5.5	19.6	0.4	0.0	17.86	67	1.2758	1.9813	620	624.04	972.27	
1390391	47	591.8	640.5	486.5	640.5	332.5	0.69	4.58	0	1,539	20	1.12	5.5	19.6	0.4	0.0	18.05	67	1.2758	1.9813	620	623.73	975.70	
1390876	47	591.5	640.5	486.6	640.2	332.5	0.88	4.58	0	1,612	21	1.38	5.5	19.6	0.4	0.0	18.68	67	1.2758	1.9813	620	623.55	978.36	
1391383	47	591.3	639.8	486.3	639.8	332.5	0.88	4.58	0	1,634	21	1.38	5.5	19.6	0.4	0.0	18.70	67	1.2758	1.9813	620	623.24	980.16	
1391890	47	591.2	639.8	486.1	639.8	332.8	1.06	4.58	0	1,617	20	1.38	5.5	19.6	0.4	0.0	18.91	67	1.2758	1.9813	620	623.03	980.94	
1392399	47	591.1	638.8	486.2	638.8	333.5	0.88	4.58	0	1,541	19	1.38	5.5	19.6	0.4	0.0	18.80	67	1.2758	1.9813	620	622.75	980.62	
1392899	48	591.0	638.5	486.0	638.5	333.2	0.88	4.58	0	1,424	18	1.38	5.5	19.6	0.4	0.0	18.63	67	1.2758	1.9813	620	622.44	980.62	
1393392	48	590.9	638.2	485.8	637.8	333.2	1.06	4.58	0	1,333	17	1.12	5.5	19.6	0.4	0.0	18.80	67	1.2758	1.9813	620	622.23	979.06	
1393910	48	590.9	637.5	485.3	637.5	333.2	1.25	4.58	0	1,276	16	1.12	5.5	19.6	0.4	0.0	18.23	67	1.2758	1.9813	620	622.05	978.36	
1394445	48	590.8	637.2	485.2	636.8	333.5	2.12	4.58	0	1,224	15	0.81	5.5	19.6	0.4	0.0	11.62	67	1.2758	1.9813	620	621.74	973.98	
1394953	48	590.8	636.2	485.0	636.2	333.5	1.56	4.58	0	1,095	15	0.31	5.5	19.6	0.4	0.0	12.12	67	1.2758	1.9813	620	621.53	969.22	
1395454	48	590.7	635.5	484.5	635.5	333.8	1.94	4.58	0	970	13	0.00	5.5	19.6	0.4	0.0	13.01	67	1.2758	1.9813	620	621.34	965.55	
1395992	48	590.6	634.8	484.3	634.5	333.8	1.94	4.58	0	992	14	0.31	5.5	19.6	0.4	0.0	12.52	67	1.2758	1.9813	620	621.04	963.44	
1396531	48	590.4	633.8	484.0	633.8	333.8	1.75	4.58	0	1,100	14	0.31	5.5	19.6	0.4	0.0	12.52	67	1.2758	1.9813	620	620.85	962.73	
1397048	48	590.3	633.5	483.8	633.5	333.8	1.94	4.58	0	1,066	13	0.31	5.5	19.6	0.4	0.0	12.87	67	1.2758	1.9813	620	620.55	962.03	
1397656	48	590.1	632.8	483.1	632.5	333.8	2.25	4.58	0	1,020	12	0.31	5.5	19.6	0.4	0.0	14.67	67	1.2758	1.9813	620	620.24	961.25	
1398207	48	590.0	631.5	482.6	631.5	334.2	1.94	4.58	0	970	12	0.31	5.5	19.6	0.4	0.0	15.42	67	1.2758	1.9813	620	620.03	961.02	
1398752	48	589.7	630.8	482.5	630.5	334.2	1.75	4.58	0	931	12	0.31	5.5	19.6	0.4	0.0	15.94	67	1.2758	1.9813	615	619.75	960.62	
1399290	48	589.5	629.5	482.0	629.2	334.5	1.94	4.58	0	952	12	0.31	5.5	19.6	0.4	0.0	24.84	67	1.2758	1.9813	615	619.44	959.06	
1399802	48	589.3	629.2	481.6	628.8	334.2	2.25	4.58	0	1,069	12	0.81	5.5	19.6	0.4	0.0	29.67	67	1.2758	1.9813	615	619.23	959.84	
1400324	48	588.9	627.8	481.3	627.8	334.5	2.25	4.58	0	1,245	13	1.38	5.5	19.6	0.4	0.0	29.86	67	1.2758	1.9813	615	618.93	965.23	
1400882	48	588.5	626.8	480.8	627.2	334.5	1.94	4.58	0	1,213	13	1.12	5.5	19.6	0.4	0.0	17.88	67	1.2758	1.9813	615	618.65	963.59	
1402318	48	588.2	626.5	480.6	625.8	335.5	1.94	4.58	0	908	12	0.31	5.5	19.6	0.4	0.0	17.53	67	1.2758	1.9813	615	617.85	959.77	
1402817	48	587.1	625.5	480.3	625.5	335.5	1.94	4.58	0	940	12	0.56	5.5	19.6	0.4	0.0	20.51	67	1.2758	1.9813	615	617.64	961.17	
1403335	48	586.7	624.8	480.6	625.2	335.5	2.12	4.58	0	976	11	0.56	5.5	19.6	0.4	0.0	19.83	67	1.2758	1.9813	615	617.33	961.09	
1403842	48	586.3	624.8	480.0	624.8	335.8	2.12	4.58	0	1,036	11	0.81	5.5	19.6	0.4	0.0	28.73	67	1.2758	1.9813	615	617.03	960.39	
1404347	48	585.8	624.5	480.0	624.2	335.8	2.25	4.58	0	1,251	12	1.38	5.5	19.6	0.4	0.0	27.19	67	1.2758	1.9813	615	616.75	962.81	
1404854	48	585.3	623.8	480.2	623.8	336.2	2.12	4.58	0	1,199	13	1.12	5.5	19.6	0.4	0.0	30.61	67	1.2758	1.9813	615	616.44	965.86	
1405322	49	584.8	623.8	479.8	623.5	336.5	2.25	4.58	0	1,227	13	1.38	5.5	19.6	0.4	0.0	25.80	67	1.2758	1.9813	615	616.14	969.22	
1405870	48	584.2	623.5	480.1	623.8	336.2	1.75	4.58	0	1,151	13	0.81	5.5	19.6	0.4	0.0	21.35	67	1.2758	1.9813	615	615.83	970.00	
1406524	48	583.6	623.5	480.1	623.5	336.2	1.94	4.58	0	1,102	13	0.56	5.5	19.6	0.4	0.0	17.74	67	1.2758	1.9813	615	615.53	966.95	
1407082	48	583.0	623.8	480.1	623.8	336.8	1.94	4.58	0	1,009	13	0.56	5.5	19.6	0.4	0.0	14.91	67	1.2758	1.9813	615	615.25	964.38	
1407680	48	582.4	624.2	480.5	623.5	337.2	1.94	4.58	0	983	12	0.56	5.5	19.6	0.4	0.0	17.84	67	1.2758	1.9813	615	614.94	962.42	
1408311	48	581.7	623.5	480.5	623.8	337.2	2.12	4.58	0	936	12	0.56	5.5	19.6	0.4	0.0	21.77	67	1.2758	1.9813	610	614.55	962.73	
1408932	48	581.0	623.8	480.5	623.5	337.2	1.94	4.58	0	947	12	0.31	5.5	19.6	0.4	0.0	19.90	67	1.2758	1.9813	610	614.24	962.03	
1409538	48	580.4	623.8	480.5	623.8	337.8	1.94	4.58	0	947	12	0.31	5.5	19.6	0.4	0.0	19.90	67	1.2758	1.9813	610	613.94	961.41	
1410108	48	579.8	623.5	480.5	623.5	337.8	1.94	4.58	0	920	11	0.31	5.5	19.6	0.4	0.0	20.34	67	1.2758	1.9813	610	613.63	961.17	
1410705	48	579.2	623.2	480.5	623.2	337.8	1.94	4.58	0	966	11	0.56	5.5	19.6	0.4	0.0	33.40	67	1.2758	1.9813	610	613.35	955.39	
1411252	49	578.5	623.2	480.5	623.2	338.2	2.62	4.58	0	1,294	12	2.44	5.5	19.6	0.4	0.0	40.12	67	1.2758	1.9813	610	612.93	969.61	
1411898	49	577.7	622.8	480.8	622.8	338.2	2.44	4.58	0	1,334	14	2.44	5.5	19.6	0.4	0.0	41.25	67	1.2758	1.9813	610	612.53	982.97	
1412534	49	576.6	622.8	480.3	622.8	338.5	2.44	4.58	0	1,313	16	2.44	5.5	19.6	0.4	0.0	38.60	67	1.2758	1.9813	610	612.04	987.42	
1413120	49	575.5	623.2	481.0	623.5	338.8	2.25	4.58	0	1,355	17	1.94	5.5	19.6	0.4	0.0	28.41	67	1.2758	1.9813	610	611.64	986.02	
1413675	48	574.6	624.2	481.3	624.2	338.8	2.12	4.58	0	1,427	18	1.62	5.5	19.6	0.4	0.0	17.93	67	1.2758	1.9813	610	611.24	972.97	
1414270	48	573.7	624.8	481.8	624.8	338.8	1.44	4.58	0	1,407	18	1.38	5.5	19.6	0.4	0.0	15.75	67	1.2758	1.9813	610	610.84	967.34	
1414856	48	572.8	625.5	482.3	625.5	338.8	1.44	4.58	0	1,382	18	1.38	5.5	19.6	0.4	0.0	13.20	67	1.2758	1.9813	610	610.44	964.69	
1415432	48	572.0	626.2	483.0	626.2	339.5	1.25	4.58	0	1,291	17	0.81	5.5	19.6	0.4	0.0	17.32	67	1.2758	1.9813	610	610.14	966.02	
1416114	48	571.4	626.8	483.1	626.8	339.5	1.25	4.58	0	1,233	16	0.81	5.5	19.6	0.4	0.0	18.07	67	1.2758	1.9813	605	609.74	972.27	
1416796	48	570.8	627.2	483.3	627.5	339.5	1.56	4.58	0	1,135	14	1.12	5.5	19.6	0.4	0.0	11.67	67	1.2758	1.9813	605	609.34	970.47	
1417398	48	570.2	627.8	483.5	627.5	339.5	1.75	4.58	0	1,096	14	0.56	5.5	19.6	0.4	0.0	14.53	67	1.2758	1.9813	605	608.94	966.88	
1418000	48	569.7	627.5	483.6	627.5	339.5	1.94	4.58	0	1,061	13	0.31	5.5	19.6	0.4	0.0	14.04	67	1.2758	1.9813	605	608.64	964.69	
1418616	48	569.1	627.2	483.7	626.8	340.2	1.75	4.58	0	1,028	13	0.56	5.5	19.6	0.4	0.0	14.67	67	1.2758	1.9813	605	608.24	963.05	
1419208	48	568.7	626.5	483.1	626.5	340.2	1.94	4.58	0	1,009	13	0.31	5.5	19.6	0.4	0.0	15.84	67	1.2758	1.9813	605	607.94	962.03	
1419780	48	568.2	626.2	483.2	626.2	339.8	1.94	4.58	0	986	12	0.31	5.5	19.6	0.4	0.0	16.78	67	1.2758	1.9813	605	607.63	961.41	
1420344	48	567.7	625.5	483.0	625.5	340.5	1.94	4.58	0	926	11	0.31	5.5	19.6	0.4	0.0	16.71	67	1.2758	1.9813	605	607.23	961.25	
1420964	48	567.3	625.2	482.8	624.8	340.8	1.94	4.58	0	761	9	0.31	5.5	19.6	0.4	0.0	23.55	67	1.2758	1.9813	605	606.93	958.91	
1421561	49	566.8	624.5	482.5	624.5	340.8	2.25	4.58	0	878	9	1.12	5.5	19.6	0.4	0.0	30.61	67	1.2758	1.9813	605	606.53	961.33	
1422177	49	566.3	623.8	482.1	624.2	340.8	2.12	4.58	0	1,003	8	0.31	5.5	19.6	0.4	0.0	21.77	67	1.2758	1.9813	605	606.13	962.81	
1422836	49	565.6	623.2	482.0	622.8	340.8	2.25	4.58	0	973	8	0.56	5.5	19.6	0.4	0.0	25.22	67	1.2758	1.9813	605	605.73	962.97	
1423496	49	565.0	622.8	482.0	622.5	341.2	1.94	4.58	0	1,011	8	0.56	5.5	19.6	0.4	0.0	21.49	67	1.2758	1.9813	605	605.24	963.52	
1424184	49	564.3	622.2	481.7	621.8	341.5	2.12	4.58	0	958	6	0.56	5.5	19.6	0.4	0.0	21.16	67	1.2758	1.9813	600	604.84	963.20	
1424800	49	563.7	621.5	481.8	621.5	341.5	1.75	4.58	0	824	4	0.31	5.5	19.6	0.4	0.0	33.45	67	1.2758	1.9813	600	604.35	960.70	
1425380	49	563.1	621.5	481.5	621.5	341.8	2.25	4.58	0	954	4	0.81	5.5	19.6	0.4	0.0	27.54	67	1.2758	1.9813	600	604.05	963.59	
1426134	49	562.4	620.8	481.5	621.2	341.8	2.12	4.58	0	992	2	0.81	5.5	19.6	0.4	0.0	20.93	67	1.2758	1.9813	600	603.44	963.59	
1427208	49	561.8	620.8	481.1	620.8	342.2	2.62	4.58	0	961	3	1.12	5.5	19.6	0.4	0.0	37.52	67	1.2758	1.9813	600	602.64	967.19	
1427750	49	560.3	620.5	481.5	620.5	342.8	2.25	4.58	0	1,230	4	1.62	5.5	19.6	0.4	0.0	36.16	67	1.2758	1.9813	600	602.24	972.58	
1428330	49	559.5	620.5	481.5	620.8	342.5	2.25	4.58	0	1,207	6	1.38	5.5	19.6	0.4	0.0	32.60	67	1.2758	1.9813	600	601.75	974.84	
1428891	49	558.5	620.2	481.6	620.5	343.2	2.12	4.58	0	1,195	8	1.38	5.5	19.6	0.4	0.0	28.71	67	1.2758	1.9813	600	601.23	974.53	
1429494	49	557.7	621.2	482.0	621.2	342.8	1.94	4.58	0	1,125	9	1.12	5.5	19.6	0.4	0.0	27.68	67	1.2758	1.9813	600	600.74	975.62	
1430089	49	556.8	621.2	482.3	621.2	343.2	1.94	4.58	0	1,071	9	0.56	5.5	19.6	0.4	0.0	19.01	67	1.2758	1.9813	600	600.34	970.70	
1430667	49	556.0	621.8	482.5	621.5	343.5	1.94	4.58	0	958	9	0.31	5.5	19.6	0.4	0.0	22.38	67	1.2758	1.9813	600	599.94	966.72	
1431252	49	555.3	622.5	483.0	622.5	343.8	2.12	4.58	0	944	9	0.56	5.5	19.6	0.4	0.0	22.76	67	1.2758	1.9813	595	599.43	964.38	
1431835	49	554.5	622.5	483.1	622.5	344.5	2.12	4.58	0	984	9	0.56	5.5	19.6	0.4	0.0	21.49	67	1.2758	1.9813	595	599.03	963.59	
1432448	49	553.7	622.8	483.3	623.2	344.2	1.94	4.58	0	986	8	0.56	5.5	19.6	0.4	0.0	20.72	67	1.2758	1.9813	595	598.63	963.12	
1433065	49	553.1	623.2	483.7	623.2	344.2	2.12	4.58	0	978	8	0.56	5.5	19.6	0.4	0.0	20.65	67	1.2758	1.9813	595	598.14	962.66	
1433757	49	552.3	623.2	483.8	623.2	344.8	2.12	4.58	0	972	8	0.31	5.5	19.6	0.4	0.0	20.95	67	1.2758	1.9813	595	597.65	962.27	
1434209	49	551.7	622.5	484.0	623.2	344.5	2.12	4.58	0	962	8	0.56	5.5	19.6	0.4	0.0	21.12	67	1.2758	1.9813	595	597.34	962.03	
1434819	49	551.1	623.2	484.0	623.2	344.8	2.12	4.58	0	967	8	0.31	5.5	19.6	0.4	0.0	21.00	67	1.2758	1.9813	595	596.94	961.88	
1435387	49	550.5	622.8	483.6	622.8	345.2	2.12	4.58	0	958	8	0.56	5.5	19.6	0.4	0.0	20.93	67	1.2758	1.9813	595	596.55	961.80	
1436085	49	549.9	622.8	483.8	622.5	345.2	2.12	4.58	0	955	8	0.56	5.5	19.6	0.4	0.0	21.40	67	1.2758	1.9813	595	596.03	961.88	
1436718	49	549.2	622.5	484.1	621.8	345.5	2.12	4.58	0	924	7	0.31	5.5	19.6	0.4	0.0	22.05	67	1.2758	1.9813	595	595.63	961.25	
1437351	49	548.4	622.5	483.8	622.2	345.8	2.12	4.58	0	936	7	0.56	5.5	19.6	0.4	0.0	23.27	67	1.2758	1.9813	595	595.23	961.80	
1437975	49	547.8	621.8	484.0	621.2	346.2	2.12	4.58	0	973	6	0.56	5.5	19.6	0.4	0.0	22.55	67	1.2758	1.9813	590	594.83	961.95	
1438637	49	547.1	621.5	483.8	621.2	346.5	2.12	4.58	0	965	6	0.56	5.5	19.6	0.4	0.0	22.41	67	1.2758	1.9813	590	594.34	962.11	
1439303	49	546.4	621.2	483.7	621.2	346.2	2.12	4.58	0	985	4	0.56	5.5	19.6	0.4	0.0	15.91	67	1.2758	1.9813	590	593.85	962.73	
1439957	49	545.9	620.8	483.6	620.8	346.5	2.12	4.58	0	838	1	0.31	5.5	19.6	0.4	0.0	20.25	67	1.2758	1.9813	590	593.43	961.17	
1440639	49	545.2	620.5	483.8	620.5	346.8	1.94	4.58	0	868	0	0.56	5.5	19.6	0.4	0.0	24.91	67	1.2758	1.9813	590	593.03	958.05	
1441276	49	544.6	619.8	483.6	619.8	347.2	2.25	4.58	0	947	0	1.12	5.5	19.6	0.4	0.0	36.38	67	1.2758	1.9813	590	592.54	963.52	
1441923	49	543.9	619.5	483.3	619.5	347.5	2.44	4.58	0	972	1	1.38	5.5	19.6	0.4	0.0	38.77	67	1.2758	1.9813	590	592.05	971.25	
1442578	49	543.0	619.5	483.1	619.2	347.5	2.25	4.58	0	984	3	1.62	5.5	19.6	0.4	0.0	35.53	67	1.2758	1.9813	590	591.53	976.80	
1443224	49	542.3	618.8	483.3	618.5	348.2	2.25	4.58	0	945	3	1.12	5.5	19.6	0.4	0.0	32.58	67	1.2758	1.9813	590	591.04	976.80	
1443970	49	541.4	618.5	483.3	618.5	348.2	2.12	4.58	0	944	3	0.81	5.5	19.6	0.4	0.0	29.65	67	1.2758	1.9813	590	590.55	973.44	
1444596	49	540.5	618.5	483.5	618.5	348.5	2.12	4.58	0	978	3	0.81	5.5	19.6	0.4	0.0	27.28	67	1.2758	1.9813	590	589.84	970.62	
1445232	49	539.8	617.8	483.7	618.2	348.5	2.12	4.58	0	973	3	0.81	5.5	19.6	0.4	0.0	25.97	67	1.2758	1.9813	585	589.44	968.59	
1445960	49	539.1	618.2	483.6	618.5	348.8	2.12	4.58	0	969	3	0.56	5.5	19.6	0.4	0.0	25.27	67	1.2758	1.9813	585	588.83	966.64	
1446627	49	538.3	618.2	483.5	618.2	349.2	2.12	4.58	0	940	2	0.56	5.5	19.6	0.4	0.0	24.63	67	1.2758	1.9813	585	588.25	965.55	
1447304	49	537.5	618.2	483.8	618.5	349.5	2.12	4.58	0	941	2	0.56	5.5	19.6	0.4	0.0	25.10	67	1.2758	1.9813	585	587.73	964.53	
1447892	49	536.8	618.2	484.0	618.2	349.8	2.12	4.58	0	944	1	0.56	5.5	19.6	0.4	0.0	25.45	67	1.2758	1.9813	585	587.24	964.22	
1448509	49	536.1	617.8	484.2	618.2	350.2	2.12	4.58	0	953	1	0.56	5.5	19.6	0.4	0.0	25.59	67	1.2758	1.9813	585	586.75	964.22	
1449097	49	535.5	617.8	484.1	617.8	350.2	2.12	4.58	0	938	1	0.56	5.5	19.6	0.4	0.0	25.66	67	1.2758	1.9813	585	586.35	963.67	
1449735	49	534.9	618.2	484.3	617.8	350.5	2.25	4.58	0	1,000	1	1.12	5.5	19.6	0.4	0.0	31.80	67	1.2758	1.9813	585	585.83	965.39	
1450350	49	534.2	617.5	484.0	617.5	351.2	2.12	4.58	0	952	1	1.12	5.5	19.6	0.4	0.0	33.94	67	1.2758	1.9813	585	585.34	967.66	
1450971	49	533.6	617.5	484.3	617.5	351.2	2.25	4.58	0	989	1	1.38	5.5	19.6	0.4	0.0	31.57	67	1.2758	1.9813	580	584.73	971.33	
1451572	49	532.8	617.8	484.3	617.8	351.2	2.25	4.58	0	931	0	1.12	5.5	19.6	0.4	0.0	30.89	67	1.2758	1.9813	580	584.24	972.03	
1452214	49	532.2	617.5	484.6	617.8	351.5	2.25	4.58	0	986	0	1.12	5.5	19.6	0.4	0.0	29.91	67	1.2758	1.9813	580	583.63	971.02	
1452834	49	531.4	617.5	484.6	617.5	351.5	2.12	4.58	0	972	0	1.12	5.5	19.6	0.4	0.0	29.04	67	1.2758	1.9813	580	583.14	970.31	
1453471	49	530.7	617.5	485.0	617.8	352.2	2.44	4.58	0	983	0	1.12	5.5	19.6	0.4	0.0	33.45	67	1.2758	1.9813	580	582.65	969.77	
1454054	49	530.1	617.8	484.8	617.5	352.5	2.25	4.58	0	974	1	1.38	5.5	19.6	0.4	0.0	36.07	67	1.2758	1.9813	580	582.04	974.22	
1454682	50	529.4	617.5	485.0	617.5	352.5	2.25	4.58	0	974	1	1.12	5.5	19.6	0.4	0.0	31.78	67	1.2758	1.9813	580	581.55	975.39	
1455271	49	528.7	617.2	485.1	617.2	352.8	2.25	4.58	0	913	1	1.12	5.5	19.6	0.4	0.0	32.41	67	1.2758	1.9813	580	580.94	973.44	
1455963	49	528.1	617.2	485.3	617.5	353.2	2.25	4.58	0	989	1	0.56	5.5	19.6	0.4	0.0	31.78	67	1.2758	1.9813	580	580.35	972.81	
1456567	49	527.4	617.5	485.3	617.5	353.5	2.25	4.58	0	986	1	0.81	5.5	19.6	0.4	0.0	30.54	67	1.2758	1.9813	575	579.74	972.66	
1457098	49	526.7	617.5	485.6	617.5	353.8	2.12	4.58	0	923	1	0.81	5.5	19.6	0.4	0.0	26.86	67	1.2758	1.9813	575	579.13	972.03	
1457787	49	526.1	617.2	485.8	617.5	353.8	2.12	4.58	0	858	0	0.81	5.5	19.6	0.4	0.0	34.29	67	1.2758	1.9813	575	578.55	968.05	
1458346	49	525.4	617.5	485.8	617.5	354.2	2.12	4.58	0	1,000	1	1.12	5.5	19.6	0.4	0.0	28.34	67	1.2758	1.9813	575	578.03	969.61	
1458951	49	524.9	617.2	486.1	617.2	354.8	2.12	4.58	0	996	0	0.81	5.5	19.6	0.4	0.0	24.33	67	1.2758	1.9813	575	577.54	970.00	
1459622	49	524.3	617.5	485.8	617.5	354.8	2.12	4.58	0	929	0	0.56	5.5	19.6	0.4	0.0	33.05	67	1.2758	1.9813	575	576.93	965.16	
1460277	50	523.7	617.2	486.1	617.2	354.8	2.25	4.58	0	999	1	1.12	5.5	19.6	0.4	0.0	27.23	67	1.2758	1.9813	575	576.34	968.67	
1460959	50	523.0	617.2	486.5	617.2	355.2	2.25	4.58	0	1,004	1	0.81	5.5	19.6	0.4	0.0	27.59	67	1.2758	1.9813	575	575.73	967.66	
1461653	50	522.4	617.5	486.5	616.8	355.5	2.12	4.58	0	984	1	0.56	5.5	19.6	0.4	0.0	25.34	67	1.2758	1.9813	575	575.15	966.33	
1462305	50	521.8	616.8	486.7	617.2	355.5	2.12	4.58	0	1,012	0	0.81	5.5	19.6	0.4	0.0	17.84	67	1.2758	1.9813	570	574.54	965.94	
1462950	49	521.3	617.2	486.5	616.8	355.8	1.94	4.58	0	818	0	0.31	5.5	19.6	0.4	0.0	29.46	67	1.2758	1.9813	570	574.05	962.50	
1463566	50	520.8	616.5	486.6	616.2	356.5	2.12	4.58	0	825	0	1.12	5.5	19.6	0.4	0.0	30.23	67	1.2758	1.9813	570	573.53	961.33	
1464204	50	520.4	616.8	486.6	616.5	356.5	2.44	4.58	0	984	0	1.38	5.5	19.6	0.4	0.0	38.79	67	1.2758	1.9813	570	572.94	969.30	
1464833	50	519.8	616.2	486.6	616.5	356.8	2.25	4.58	0	932	0	1.38	5.5	19.6	0.4	0.0	34.55	67	1.2758	1.9813	570	572.33	975.47	
1465449	50	519.3	616.2	486.7	616.2	357.2	2.25	4.58	0	966	0	0.81	5.5	19.6	0.4	0.0	33.96	67	1.2758	1.9813	570	571.84	974.69	
1466211	50	518.7	615.8	486.5	615.8	357.5	2.12	4.58	0	964	0	1.12	5.5	19.6	0.4	0.0	30.84	67	1.2758	1.9813	570	571.05	973.75	
1466842	50	518.2	615.8	486.6	615.5	357.8	2.25	4.58	0	980	0	0.81	5.5	19.6	0.4	0.0	29.04	67	1.2758	1.9813	570	570.53	970.78	
1467451	50	517.6	615.5	486.7	615.5	358.2	2.12	4.58	0	1,007	0	0.81	5.5	19.6	0.4	0.0	27.80	67	1.2758	1.9813	570	570.04	970.08	
1468111	50	517.1	615.2	486.8	615.5	358.5	2.12	4.58	0	980	0	0.81	5.5	19.6	0.4	0.0	29.18	67	1.2758	1.9813	565	569.33	968.36	
1468644	50	516.6	615.2	486.8	615.2	358.2	2.25	4.58	0	959	0	0.81	5.5	19.6	0.4	0.0	26.09	67	1.2758	1.9813	565	568.94	970.47	
1469216	50	516.2	614.8	486.6	615.2	358.5	1.44	4.58	0	924	0	0.31	5.5	19.6	0.4	0.0	18.12	67	1.2758	1.9813	565	568.44	966.95	
1469737	50	515.8	614.5	486.8	614.5	359.2	2.12	4.58	0	848	0	0.31	5.5	19.6	0.4	0.0	31.85	67	1.2758	1.9813	565	568.05	962.73	
1470327	50	515.4	614.8	486.8	614.5	359.5	2.44	4.58	0	953	0	0.81	5.5	19.6	0.4	0.0	23.79	67	1.2758	1.9813	565	567.53	966.88	
1470868	50	515.0	614.5	487.1	614.5	359.5	1.94	4.58	0	1,009	0	0.81	5.5	19.6	0.4	0.0	19.43	67	1.2758	1.9813	565	567.13	966.25	
1471405	50	514.7	614.2	486.8	614.2	359.5	1.94	4.58	0	979	0	0.56	5.5	19.6	0.4	0.0	17.48	67	1.2758	1.9813	565	566.64	964.38	
1471950	50	514.4	613.8	486.8	613.8	359.8	1.75	4.58	0	852	0	0.31	5.5	19.6	0.4	0.0	18.21	67	1.2758	1.9813	565	566.33	961.88	
1472478	50	514.0	613.5	487.0	613.5	360.2	1.94	4.58	0	841	0	0.31	5.5	19.6	0.4	0.0	21.16	67	1.2758	1.9813	565	565.94	961.95	
1473071	50	513.7	613.2	487.0	613.2	360.5	1.94	4.58	0	869	0	0.31	5.5	19.6	0.4	0.0	19.24	67	1.2758	1.9813	565	565.54	961.72	
1473630	50	513.4	612.8	487.0	612.5	360.8	1.94	4.58	0	844	0	0.31	5.5	19.6	0.4	0.0	20.46	67	1.2758	1.9813	565	565.05	961.02	
1474175	50	513.1	612.5	486.6	612.5	360.8	1.94	4.58	0	842	0	0.31	5.5	19.6	0.4	0.0	20.13	67	1.2758	1.9813	560	564.74	961.09	
1474829	50	512.8	611.8	486.5	611.8	361.2	1.75	4.58	0	752	0	0.00	5.5	19.6	0.4	0.0	10.66	67	1.2758	1.9813	560	564.34	960.39	
1475377	50	512.6	611.5	486.5	611.2	361.2	1.56	4.58	0	436	0	0.31	5.5	19.6	0.4	0.0	9.63	67	1.2758	1.9813	560	564.04	959.61	
1475916	50	512.4	610.5	486.5	610.5	361.8	1.75	4.58	0	0	0	0.00	5.5	19.6	0.4	0.0	65.04	67	1.2758	1.9813	560	563.73	959.22	
1476486	51	512.2	609.8	486.5	609.8	361.8	1.94	4.58	0	0	0	0.31	5.5	19.6	0.4	0.0	65.20	67	1.2758	1.9813	560	563.55	958.83	
1477037	51	512.0	609.2	486.5	609.2	362.2	1.75	4.58	0	0	0	0.00	5.5	19.6	0.4	0.0	65.18	67	1.2758	1.9813	560	563.24	958.75	
1477435	51	511.9	607.8	486.5	607.8	362.2	1.75	4.58	0	0	0	0.00	5.5	19.6	0.4	0.0	65.20	67	1.2758	1.9813	560	563.15	957.97	
1477904	51	511.8	607.5	486.5	607.2	362.8	1.94	4.58	0	0	0	0.00	5.5	19.6	0.4	0.0	65.20	67	1.2758	1.9813	560	562.94	957.89	
1478382	51	511.7	606.2	486.5	605.8	362.5	1.94	4.58	0	0	0	0.00	5.5	19.6	0.4	0.0	65.18	67	1.2758	1.9813	560	562.75	957.73	
1478888	51	511.6	604.5	486.5	604.5	363.2	1.94	4.58	0	0	0	0.00	5.5	19.6	0.4	0.0	65.18	67	1.2758	1.9813	560	562.54	957.89	
1479364	51	511.5	603.2	486.5	602.8	363.2	1.94	4.58	0	0	0	0.00	5.5	19.6	0.4	0.0	65.20	67	1.2758	1.9813	560	562.44	957.89	
1479803	51	511.4	602.2	486.5	601.5	363.2	1.94	4.58	0	0	0	0.00	5.5	19.6	0.4	0.0	65.09	67	1.2758	1.9813	560	562.23	957.50	
1480298	51	511.3	600.2	486.5	600.5	363.5	1.94	4.58	0	0	0	0.00	5.5	19.6	0.4	0.0	65.18	67	1.2758	1.9813	560	562.14	957.66	
1480678	51	511.3	598.8	486.5	598.5	363.5	1.94	4.58	0	0	0	0.31	5.5	19.6	0.4	0.0	65.18	67	1.2758	1.9813	560	562.05	957.81	
1481159	51	511.2	597.5	486.5	597.2	363.8	1.94	4.58	0	0	0	0.00	5.5	19.6	0.4	0.0	65.20	67	1.2758	1.9813	560	561.93	957.73	
1481581	51	511.2	595.8	486.5	595.8	364.2	1.75	4.58	0	0	0	0.00	5.5	19.6	0.4	0.0	65.18	67	1.2758	1.9813	560	561.83	957.66	
1482040	51	511.1	594.5	486.5	594.5	364.2	1.94	4.58	0	0	0	0.00	5.5	19.6	0.4	0.0	65.18	67	1.2758	1.9813	560	561.74	957.81	
1482632	51	511.1	592.8	486.5	593.2	364.5	1.94	4.58	0	0	0	0.00	5.5	19.6	0.4	0.0	65.18	67	1.2758	1.9813	560	561.53	957.81	
1483200	51	511.0	590.8	486.5	590.8	364.8	1.75	4.58	0	0	0	0.00	5.5	19.6	0.4	0.0	65.18	67	1.2758	1.9813	560	561.44	957.89	
1483699	51	511.0	588.8	486.5	588.5	364.8	1.75	4.58	0	0	0	0.00	5.5	19.6	0.4	0.0	65.18	67	1.2758	1.9813	560	561.34	957.66	
1484131	51	510.9	587.5	486.5	587.2	364.8	1.94	4.58	0	0	0	0.00	5.5	19.6	0.4	0.0	65.18	67	1.2758	1.9813	560	561.25	957.66	
1484599	51	510.9	585.8	486.5	585.2	365.2	1.75	4.58	0	0	0	0.00	5.5	19.6	0.4	0.0	65.20	67	1.2758	1.9813	560	561.13	957.73	
1485134	51	510.9	583.5	486.5	583.2	365.5	1.75	4.58	0	0	0	0.31	5.5	19.6	0.4	0.0	65.23	67	1.2758	1.9813	560	561.04	957.58	
