#2026-07-23 20:38:50 ---
#Time	01/进气温度/---	01/废气温度1，气缸列1/---	01/微粒过滤器之前的废气温度/---	01/颗粒过滤器中的废气温度，计算所得/---	01/气缸列1颗粒过滤器入口，温度传感器1，原始值/---	01/气缸列1颗粒过滤器出口，温度传感器1，原始值/---	01/颗粒过滤器，颗粒过滤器上游的相对压力/---	01/颗粒过滤器，油灰质量（克）/---	01/颗粒过滤器，负荷级/---	01/发动机转速/---	01/车速/---	01/微粒过滤器，压差/---	01/颗粒过滤器，测得的机油灰分负荷/---	01/颗粒过滤器，测得的积碳负荷/---	01/颗粒过滤器，计算出的积碳负荷/---	01/颗粒过滤器，水分负荷/---	01/相对负荷值/---	01/微粒过滤器，计算的碳微粒质量/---	01/颗粒过滤器，积灰量比例/---	01/颗粒过滤器，炭灰量比例/---	01/催化转化器温度，模型/---	01/催化转换器后的气缸列 1 氧传感器，计算所得废气温度/---	01/增压压力，实际值/---	
#Time	01----	01----	01----	01----	01----	01----	01----	01----	01----	01----	01----	01----	01----	01----	01----	01----	01----	01----	01----	01----	01----	01----	01----	
#ms	℃	℃	℃	℃	℃	℃	hPa	g	-	rpm	km/h	hPa	%	%	%	%	%	mg	-	-	℃	℃	hPa	
114	48	31.9	33.5	33.0	33.5	33.2	1.56	4.57	0	0	0	0.00	5.5	20.4	0.0	0.0	80.27	57	1.2758	2.0273	30	31.94	952.34	
547	48	31.9	33.8	33.0	33.8	32.8	1.56	4.57	0	0	0	0.00	5.5	20.4	0.0	0.0	80.30	57	1.2758	2.0273	30	31.94	952.27	
1131	48	31.9	33.5	32.8	33.5	32.5	1.56	4.57	0	0	0	0.00	5.5	20.4	0.0	0.0	80.30	57	1.2758	2.0273	30	31.94	952.27	
1691	48	31.9	33.2	32.8	33.5	32.8	1.56	4.57	0	0	0	0.00	5.5	20.4	0.0	0.0	80.27	57	1.2758	2.0273	30	31.94	952.42	
2235	48	31.9	33.5	33.0	33.5	32.5	1.56	4.57	0	0	0	0.31	5.5	20.4	0.0	0.0	80.27	57	1.2758	2.0273	30	31.94	952.11	
2825	48	31.9	33.5	33.0	33.8	32.8	1.56	4.57	0	0	0	0.00	5.5	20.4	0.0	0.0	80.32	57	1.2758	2.0273	30	31.94	951.95	
3346	48	31.9	33.5	33.3	33.5	32.5	1.56	4.57	0	0	0	0.00	5.5	20.4	0.0	0.0	80.30	57	1.2758	2.0273	30	31.94	951.95	
3956	48	31.9	33.8	33.0	33.2	33.2	1.56	4.57	0	0	0	0.00	5.5	20.4	0.0	0.0	80.30	57	1.2758	2.0273	30	31.94	951.88	
4512	48	31.9	33.5	33.0	33.8	32.2	1.56	4.57	0	0	0	0.31	5.5	20.4	0.0	0.0	80.30	57	1.2758	2.0273	30	31.94	952.11	
5063	48	31.9	33.5	33.1	33.5	33.2	1.56	4.57	0	0	0	0.00	5.5	20.4	0.0	0.0	80.27	57	1.2758	2.0273	30	31.94	951.88	
5632	48	31.9	33.8	33.3	33.5	32.8	1.56	4.57	0	0	0	0.00	5.5	20.4	0.0	0.0	80.27	57	1.2758	2.0273	30	31.94	952.34	
6154	48	31.9	34.2	33.5	33.5	32.5	1.56	4.57	0	0	0	0.00	5.5	20.4	0.0	0.0	80.32	57	1.2758	2.0273	30	31.94	951.56	
6755	48	31.9	33.2	33.0	33.2	32.8	3.00	4.57	0	209	0	0.31	5.5	20.4	0.0	0.0	77.60	57	1.2758	2.0273	30	31.94	950.23	
7265	48	31.9	33.5	33.0	33.5	32.5	1.25	4.57	0	1,246	0	3.25	5.5	20.4	0.0	0.0	18.47	57	1.2758	2.0273	30	31.94	960.16	
7847	48	31.9	33.8	33.3	33.8	32.8	1.25	4.57	0	1,025	0	0.56	5.5	20.4	0.0	0.0	17.53	57	1.2758	2.0273	30	31.94	956.95	
8489	47	31.9	33.8	33.5	33.8	32.8	1.75	4.57	0	974	0	0.31	5.5	20.4	0.0	0.0	19.90	57	1.2758	2.0273	30	31.94	954.14	
9017	47	31.9	33.5	33.0	33.8	32.5	1.94	4.57	0	881	0	0.00	5.5	20.4	0.0	0.0	26.58	57	1.2758	2.0273	30	31.94	953.75	
9554	47	31.9	33.5	33.1	33.5	32.5	1.94	4.57	0	924	0	0.00	5.5	20.4	0.0	0.0	26.70	57	1.2758	2.0273	30	31.94	955.39	
10131	47	31.9	33.5	33.0	33.5	32.5	2.12	4.57	0	894	0	0.00	5.5	20.4	0.0	0.0	29.67	57	1.2758	2.0273	30	31.94	955.55	
10741	47	31.9	33.5	33.1	33.8	33.2	1.56	4.57	0	1,005	0	0.56	5.5	20.4	0.0	0.0	26.46	57	1.2758	2.0273	30	31.94	955.94	
11291	47	31.9	33.8	33.0	33.8	32.5	1.56	4.57	0	984	0	0.31	5.5	20.4	0.0	0.0	29.93	57	1.2758	2.0273	30	31.94	956.09	
11855	47	31.9	34.2	33.3	33.8	32.5	1.75	4.57	0	974	0	0.31	5.5	20.4	0.0	0.4	33.19	57	1.2758	2.0273	30	31.94	957.42	
12398	47	31.9	34.2	33.3	34.2	32.5	1.75	4.57	0	983	0	0.00	5.5	20.4	0.0	0.4	32.93	57	1.2758	2.0273	30	31.94	960.23	
12940	47	31.9	33.8	33.3	34.2	32.5	1.75	4.57	0	959	0	0.31	5.5	20.4	0.0	0.4	33.23	57	1.2758	2.0273	30	31.94	961.33	
13490	47	31.9	34.2	33.3	34.5	32.5	1.75	4.57	0	933	0	0.31	5.5	20.4	0.0	0.4	32.06	57	1.2758	2.0273	30	31.94	961.17	
14027	47	31.9	34.2	33.6	34.5	32.5	1.75	4.57	0	912	0	0.00	5.5	20.4	0.0	0.4	32.53	57	1.2758	2.0273	30	31.94	960.86	
14610	47	31.9	34.5	33.8	34.5	32.8	1.94	4.57	0	888	0	0.00	5.5	20.4	0.0	0.4	31.38	57	1.2758	2.0273	30	31.94	960.16	
15186	47	31.9	34.8	33.8	34.8	32.8	2.12	4.57	0	851	0	0.00	5.5	20.4	0.0	0.4	30.45	57	1.2758	2.0273	30	31.94	959.30	
15711	46	31.9	34.8	33.6	34.8	32.5	1.94	4.57	0	795	0	0.31	5.5	20.4	0.0	0.4	29.88	57	1.2758	2.0273	30	31.94	957.58	
16356	46	31.9	34.8	33.8	34.8	32.8	1.75	4.57	0	763	0	0.31	5.5	20.4	0.0	0.4	30.70	57	1.2758	2.0273	30	31.94	956.33	
17039	46	31.9	35.2	33.6	35.2	32.8	1.75	4.57	0	736	0	0.31	5.5	20.4	0.0	0.4	29.72	57	1.2758	2.0273	30	31.94	955.47	
17560	46	31.9	35.2	33.8	35.2	32.5	1.75	4.57	0	751	0	0.31	5.5	20.4	0.0	0.4	29.60	57	1.2758	2.0273	30	31.94	955.23	
18164	46	32.0	35.5	34.1	35.5	32.8	1.75	4.57	0	781	0	0.31	5.5	20.4	0.0	0.4	29.79	58	1.2758	2.0273	30	31.94	954.30	
18699	46	32.0	35.2	34.1	35.5	32.8	1.94	4.57	0	867	0	0.31	5.5	20.4	0.0	0.4	27.98	58	1.2758	2.0273	30	31.94	954.06	
19270	46	32.0	35.5	34.1	35.5	32.5	1.94	4.57	0	898	0	0.00	5.5	20.4	0.0	0.4	31.29	58	1.2758	2.0273	30	31.94	954.84	
19812	46	32.1	35.5	34.0	35.5	32.5	1.94	4.57	0	933	0	0.31	5.5	20.4	0.0	0.4	29.98	58	1.2758	2.0273	30	31.94	957.11	
20343	46	32.2	35.8	34.1	35.8	32.5	1.94	4.57	0	892	0	0.00	5.5	20.4	0.0	0.4	31.24	58	1.2758	2.0273	30	31.94	957.19	
20929	46	32.3	36.5	34.8	36.5	32.8	1.94	4.57	0	907	0	0.31	5.5	20.4	0.0	0.4	29.55	58	1.2758	2.0273	30	31.94	957.89	
21465	46	32.4	37.2	34.8	36.8	32.8	1.94	4.57	0	854	0	0.31	5.5	20.4	0.0	0.4	31.29	58	1.2758	2.0273	30	31.94	957.58	
22009	46	32.5	37.5	35.3	37.5	32.8	1.94	4.57	0	865	0	0.31	5.5	20.4	0.0	0.8	27.89	58	1.2758	2.0273	30	31.94	957.73	
22590	46	32.6	37.8	35.1	38.2	32.8	1.75	4.57	0	826	0	0.31	5.5	20.4	0.0	0.8	27.73	58	1.2758	2.0273	30	31.94	956.33	
23131	46	32.8	38.5	35.6	38.8	32.8	1.75	4.57	0	812	0	0.31	5.5	20.4	0.0	0.8	26.20	58	1.2758	2.0273	30	31.94	954.92	
23731	46	32.9	39.5	36.1	39.5	32.8	1.75	4.57	0	783	0	0.31	5.5	20.4	0.0	0.8	25.64	58	1.2758	2.0273	30	31.94	954.14	
24192	46	33.1	39.5	36.3	39.5	33.2	1.75	4.57	0	749	0	0.31	5.5	20.4	0.0	0.8	27.87	58	1.2758	2.0273	30	31.94	953.67	
24785	46	33.3	40.5	36.6	40.5	32.5	1.75	4.57	0	775	0	0.31	5.5	20.4	0.0	0.8	29.77	58	1.2758	2.0273	30	31.94	953.83	
25333	46	33.5	40.8	36.8	41.2	32.8	1.75	4.57	0	702	0	0.31	5.5	20.4	0.0	0.8	34.03	58	1.2758	2.0273	30	31.94	953.75	
25972	46	33.7	41.5	37.0	41.5	32.5	1.75	4.57	0	708	0	0.31	5.5	20.4	0.0	0.8	35.04	58	1.2758	2.0273	30	31.94	954.14	
26496	46	33.9	42.2	37.5	42.5	32.5	1.75	4.57	0	753	0	0.31	5.5	20.4	0.0	0.8	35.41	58	1.2758	2.0273	30	31.94	954.84	
27070	46	34.2	43.2	37.5	43.5	32.8	1.94	4.57	0	797	0	0.56	5.5	20.4	0.0	0.8	34.57	58	1.2758	2.0273	30	32.03	955.62	
27597	46	34.5	43.2	38.0	43.5	32.8	1.94	4.57	0	855	0	0.31	5.5	20.4	0.0	0.8	36.19	58	1.2758	2.0273	30	32.03	956.56	
28132	46	34.9	43.5	38.1	43.8	32.8	1.94	4.57	0	888	0	0.31	5.5	20.4	0.0	0.8	38.04	58	1.2758	2.0273	30	32.03	959.61	
28738	46	35.2	44.5	38.5	44.2	32.5	1.94	4.57	0	883	0	0.31	5.5	20.4	0.0	0.8	40.01	58	1.2758	2.0273	30	32.15	963.98	
29307	46	35.6	45.2	39.0	45.2	32.8	2.12	4.57	0	867	0	0.31	5.5	20.4	0.0	0.8	40.01	58	1.2758	2.0273	30	32.15	966.95	
29935	46	36.2	45.5	39.1	46.2	32.8	2.12	4.57	0	845	0	0.31	5.5	20.4	0.0	0.8	39.52	58	1.2758	2.0273	30	32.15	967.66	
30505	46	36.7	46.2	39.5	45.8	32.8	2.12	4.57	0	825	0	0.56	5.5	20.4	0.0	0.8	38.46	58	1.2758	2.0273	30	32.24	967.58	
31046	46	37.2	46.5	39.3	46.5	32.8	2.12	4.57	0	831	0	0.31	5.5	20.4	0.0	1.2	36.56	58	1.2758	2.0273	30	32.33	965.39	
31589	46	37.7	46.8	40.3	47.2	33.2	1.94	4.57	0	815	0	0.31	5.5	20.4	0.0	1.2	36.35	58	1.2758	2.0273	30	32.33	963.44	
32159	45	38.3	47.8	40.1	47.5	32.8	1.94	4.57	0	812	0	0.56	5.5	20.4	0.0	1.2	34.88	58	1.2758	2.0273	30	32.43	962.19	
32725	45	38.9	48.2	40.3	48.5	32.8	1.94	4.57	0	761	0	0.31	5.5	20.4	0.0	1.2	35.23	58	1.2758	2.0273	30	32.55	960.31	
33373	45	39.6	48.8	40.6	48.5	32.8	1.75	4.57	0	784	0	0.56	5.5	20.4	0.0	1.2	34.71	58	1.2758	2.0273	30	32.64	959.14	
33984	45	40.3	49.2	41.0	49.8	33.2	1.75	4.57	0	787	0	0.56	5.5	20.4	0.0	1.2	34.20	58	1.2758	2.0273	30	32.73	958.20	
34536	45	41.0	49.5	41.0	49.8	33.2	1.75	4.57	0	785	0	0.56	5.5	20.4	0.0	1.2	34.55	58	1.2758	2.0273	30	32.85	957.81	
35150	45	41.7	50.2	41.3	50.2	32.8	1.94	4.57	0	821	0	0.31	5.5	20.4	0.0	1.2	33.89	58	1.2758	2.0273	30	32.94	957.97	
35661	45	42.3	50.5	41.6	50.8	32.8	1.94	4.57	0	840	0	0.31	5.5	20.4	0.0	1.2	35.81	58	1.2758	2.0273	30	33.04	958.75	
36190	45	43.1	50.8	42.0	51.2	32.8	2.12	4.57	0	870	0	0.31	5.5	20.4	0.0	1.2	37.57	58	1.2758	2.0273	30	33.13	960.47	
36721	45	43.9	51.5	42.0	51.5	32.8	1.94	4.57	0	917	0	0.31	5.5	20.4	0.0	1.2	39.23	58	1.2758	2.0273	30	33.25	963.98	
37341	45	44.8	51.5	42.1	51.5	32.8	1.75	4.57	0	955	0	0.56	5.5	20.4	0.0	1.2	39.28	58	1.2758	2.0273	30	33.44	969.22	
37922	45	45.8	51.5	42.5	51.8	32.8	1.94	4.57	0	908	0	0.31	5.5	20.4	0.0	1.2	40.15	58	1.2758	2.0273	30	33.53	971.09	
38452	45	46.7	52.5	42.6	52.5	32.8	1.94	4.57	0	907	0	0.31	5.5	20.4	0.0	1.2	40.88	58	1.2758	2.0273	30	33.74	972.81	
39009	45	47.7	53.2	43.0	52.8	33.2	1.94	4.57	0	909	0	0.31	5.5	20.4	0.0	1.2	40.57	58	1.2758	2.0273	30	33.93	974.30	
39533	45	48.8	52.8	43.2	52.8	32.8	2.12	4.57	0	867	0	0.31	5.5	20.4	0.0	1.6	41.18	58	1.2758	2.0273	30	34.14	975.08	
40052	45	49.7	53.5	43.1	53.5	33.2	2.12	4.57	0	863	0	0.31	5.5	20.4	0.0	1.6	40.69	58	1.2758	2.0273	30	34.23	975.39	
40594	45	50.8	53.8	43.5	53.8	32.8	2.12	4.57	0	879	0	0.31	5.5	20.4	0.0	1.6	40.45	58	1.2758	2.0273	30	34.54	974.22	
41181	45	52.0	54.2	43.8	54.5	33.2	2.12	4.57	0	880	0	0.31	5.5	20.4	0.0	1.6	41.39	58	1.2758	2.0273	30	34.75	975.16	
41731	45	53.2	54.5	43.8	54.5	33.2	2.12	4.57	0	895	0	0.31	5.5	20.4	0.0	1.6	41.79	58	1.2758	2.0273	35	35.03	977.42	
42311	45	54.6	54.8	43.6	54.8	33.2	2.12	4.57	0	890	0	0.31	5.5	20.4	0.0	1.6	41.81	58	1.2758	2.0273	35	35.33	979.06	
42882	45	55.9	55.2	44.2	54.8	32.8	2.12	4.57	0	899	0	0.31	5.5	20.4	0.0	1.6	42.12	58	1.2758	2.0273	35	35.55	980.31	
43600	45	57.4	55.5	44.3	55.5	33.2	2.12	4.57	0	888	0	0.31	5.5	20.4	0.0	1.6	41.98	58	1.2758	2.0273	35	36.04	981.48	
44210	45	58.8	55.8	44.7	56.2	33.5	2.12	4.57	0	904	0	0.31	5.5	20.4	0.0	1.6	41.88	58	1.2758	2.0273	35	36.34	981.02	
44765	45	60.8	56.2	45.0	56.2	33.2	2.12	4.57	0	890	0	0.31	5.5	20.4	0.0	1.6	41.06	58	1.2758	2.0273	35	36.74	980.00	
45285	45	62.3	57.2	45.0	57.2	33.8	2.12	4.57	0	886	0	0.31	5.5	20.4	0.0	1.6	41.25	58	1.2758	2.0273	35	37.05	979.53	
45806	45	63.8	57.2	45.3	56.8	33.5	2.12	4.57	0	901	0	0.31	5.5	20.4	0.0	1.6	41.74	58	1.2758	2.0273	35	37.44	980.23	
46372	45	65.4	56.8	45.2	57.2	33.8	2.12	4.57	0	891	0	0.31	5.5	20.4	0.0	1.6	41.53	58	1.2758	2.0273	35	37.84	980.62	
46895	45	67.0	57.2	45.3	57.5	33.2	2.12	4.57	0	880	0	0.56	5.5	20.4	0.0	2.0	41.46	58	1.2758	2.0273	35	38.24	980.00	
47430	45	68.7	57.5	45.5	57.5	33.5	2.12	4.57	0	892	0	0.31	5.5	20.4	0.0	2.0	40.64	58	1.2758	2.0273	35	38.64	979.22	
48079	45	70.4	57.8	45.8	57.8	33.5	2.12	4.57	0	887	0	0.31	5.5	20.4	0.0	2.0	41.34	58	1.2758	2.0273	35	39.13	978.59	
48602	45	72.3	58.5	46.0	58.5	33.8	2.12	4.57	0	909	0	0.31	5.5	20.4	0.0	2.0	41.23	58	1.2758	2.0273	35	39.65	979.53	
49211	45	74.3	58.5	46.0	58.5	33.5	2.12	4.57	0	863	0	0.56	5.5	20.4	0.0	2.0	42.66	58	1.2758	2.0273	40	40.14	978.12	
49806	45	76.3	58.8	46.3	58.5	34.2	1.56	4.57	0	976	0	1.12	5.5	20.4	0.0	2.0	48.91	58	1.2758	2.0273	40	40.84	983.28	
50397	45	78.2	59.2	46.1	59.5	33.5	2.12	4.57	0	908	0	0.56	5.5	20.4	0.0	2.0	57.84	58	1.2758	2.0273	40	41.55	997.66	
51015	45	80.6	59.5	46.3	59.2	33.8	2.12	4.57	0	963	2	1.62	5.5	20.4	0.0	2.0	61.59	58	1.2758	2.0273	40	42.25	1,031.09	
51554	45	83.6	59.5	46.5	59.2	33.5	1.75	4.57	0	986	3	1.62	5.5	20.4	0.0	2.0	56.06	58	1.2758	2.0273	40	42.93	1,045.55	
52087	45	86.2	59.8	46.5	59.8	33.8	1.94	4.57	0	950	4	1.38	5.5	20.4	0.0	2.0	52.80	58	1.2758	2.0273	40	43.63	1,038.28	
52768	45	88.8	60.2	47.0	59.8	34.5	1.75	4.57	0	981	4	1.62	5.5	20.4	0.0	2.4	51.68	58	1.2758	2.0273	40	44.73	1,035.16	
53338	45	91.7	60.5	47.1	59.8	34.2	1.75	4.57	0	985	5	1.94	5.5	20.4	0.0	2.4	49.20	58	1.2758	2.0273	45	45.65	1,034.84	
53861	45	94.8	60.5	47.3	60.5	34.2	1.75	4.58	0	1,002	5	1.12	5.5	20.4	0.0	2.4	46.59	58	1.2758	2.0273	45	46.44	1,026.56	
54383	44	97.6	61.2	47.6	61.2	34.5	1.56	4.58	0	975	5	1.12	5.5	20.4	0.0	2.4	44.67	58	1.2758	2.0273	45	47.33	1,013.75	
54913	44	100.1	61.5	48.0	61.2	34.5	1.75	4.58	0	937	5	0.56	5.5	20.4	0.0	2.4	43.85	58	1.2758	2.0273	45	48.34	1,003.12	
55441	44	102.9	61.2	47.8	60.8	34.5	1.94	4.58	0	931	6	0.56	5.5	20.4	0.0	2.4	44.06	58	1.2758	2.0273	45	49.23	995.94	
55976	44	105.4	61.8	48.0	62.2	34.5	1.94	4.58	0	946	6	0.56	5.5	20.4	0.0	2.4	44.46	58	1.2758	2.0273	50	50.03	994.84	
56536	44	108.5	61.8	48.1	61.8	34.5	1.94	4.58	0	917	5	0.56	5.5	20.4	0.0	2.4	41.11	58	1.2758	2.0273	50	51.13	994.69	
57142	44	111.2	62.5	48.5	62.2	34.5	1.94	4.58	0	903	3	0.31	5.5	20.4	0.0	2.4	39.09	58	1.2758	2.0273	50	52.23	984.84	
57681	44	113.9	62.2	48.8	62.2	34.8	2.12	4.58	0	873	1	0.56	5.5	20.4	0.0	2.4	40.41	58	1.2758	2.0273	50	53.15	979.45	
58303	44	116.9	62.5	48.1	62.5	35.2	2.12	4.58	0	1,001	0	0.56	5.5	20.4	0.0	2.4	49.55	58	1.2758	2.0273	50	54.53	984.61	
58907	44	120.4	62.5	48.8	62.5	35.2	1.56	4.58	0	1,023	0	1.94	5.5	20.4	0.0	2.7	50.93	58	1.2758	2.0273	55	55.75	1,008.12	
59433	45	123.5	62.8	49.0	63.2	35.2	1.56	4.58	0	1,033	0	1.94	5.5	20.4	0.0	2.7	53.84	58	1.2758	2.0273	55	56.94	1,019.69	
59987	45	126.8	62.8	49.0	62.5	35.5	1.56	4.58	0	1,006	1	2.19	5.5	20.4	0.0	2.7	60.07	58	1.2758	2.0273	55	58.35	1,033.52	
60514	45	130.1	63.2	49.3	63.2	35.5	1.56	4.58	0	1,014	2	2.75	5.5	20.4	0.0	2.7	60.61	58	1.2758	2.0273	55	59.64	1,049.14	
61050	45	133.8	63.5	49.3	63.8	35.2	1.75	4.58	0	986	3	2.19	5.5	20.4	0.0	2.7	56.48	58	1.2758	2.0273	60	61.05	1,054.30	
61743	45	137.9	63.8	49.3	63.8	35.5	2.12	4.58	0	922	3	0.81	5.5	20.4	0.0	2.7	51.12	58	1.2758	2.0273	60	62.85	1,037.42	
62271	45	141.2	63.8	49.6	63.5	35.2	1.75	4.58	0	969	3	1.62	5.5	20.4	0.0	2.7	51.42	58	1.2758	2.0273	60	64.23	1,030.39	
62809	44	145.6	64.2	49.7	64.2	35.5	1.56	4.58	0	1,008	3	1.94	5.5	20.4	0.0	2.7	51.28	58	1.2758	2.0273	65	65.94	1,038.12	
63330	44	149.1	64.2	50.1	64.5	35.5	1.56	4.58	0	989	2	1.94	5.5	20.4	0.0	3.1	47.23	58	1.2758	2.0273	65	67.44	1,032.81	
63882	44	152.9	64.2	50.0	64.5	35.5	1.94	4.58	0	917	1	0.56	5.5	20.4	0.0	3.1	45.89	58	1.2758	2.0273	65	68.85	1,015.23	
64389	44	156.5	64.5	50.1	64.8	35.5	1.94	4.58	0	1,007	0	1.38	5.5	20.4	0.0	3.1	46.38	58	1.2758	2.0273	70	70.63	1,010.86	
64889	44	160.0	64.8	50.1	64.5	35.5	1.75	4.58	0	989	0	1.62	5.5	20.4	0.0	3.1	51.91	58	1.2758	2.0273	70	72.25	1,011.48	
65429	44	163.6	65.2	50.6	65.2	35.5	2.25	4.58	0	996	1	3.00	5.5	20.4	0.0	3.1	70.03	58	1.2758	2.0273	70	73.94	1,048.67	
65969	45	168.1	64.8	50.7	65.2	35.5	1.25	4.58	0	1,024	3	3.50	5.5	20.4	0.0	3.1	63.82	58	1.2758	2.0273	75	75.83	1,060.47	
66512	45	172.7	65.2	50.7	65.5	36.2	1.44	4.58	0	1,047	4	3.00	5.5	20.4	0.0	3.1	52.17	58	1.2758	2.0273	75	78.13	1,038.12	
67036	45	177.2	65.5	50.7	65.2	36.2	1.75	4.58	0	1,010	5	0.81	5.5	20.4	0.0	3.1	48.87	58	1.2758	2.0273	80	79.94	1,012.19	
67545	45	181.2	65.8	50.8	65.5	36.5	2.12	4.58	0	1,091	6	2.75	5.5	20.4	0.0	3.1	62.60	58	1.2758	2.0273	80	81.93	1,019.61	
68061	45	185.7	65.8	51.1	66.2	36.2	2.25	4.58	0	1,461	7	4.06	5.5	20.4	0.0	3.5	60.26	58	1.2758	2.0273	80	84.13	1,020.70	
68582	45	191.1	65.8	50.8	65.8	36.5	1.94	4.58	0	1,300	9	5.44	5.5	20.4	0.0	3.5	57.89	58	1.2758	2.0273	85	86.43	1,008.83	
69129	45	196.1	66.2	51.3	66.2	36.2	1.75	4.58	0	1,332	10	5.12	5.5	20.4	0.0	3.5	55.38	58	1.2758	2.0273	85	89.33	1,003.98	
69803	45	202.3	66.5	51.1	66.5	36.5	1.75	4.58	0	1,296	11	5.44	5.5	20.4	0.0	3.5	57.98	58	1.2758	2.0273	90	92.94	1,019.61	
70316	45	207.6	66.8	51.6	66.5	36.8	2.25	4.58	0	1,375	12	4.62	5.5	20.4	0.0	3.5	58.69	58	1.2758	2.0273	95	95.64	1,033.98	
70882	45	214.8	66.8	51.8	66.8	36.8	2.12	4.58	0	1,361	14	5.12	5.5	20.4	0.0	3.5	58.17	58	1.2758	2.0273	95	98.43	1,033.98	
71400	45	221.2	67.5	52.0	67.5	36.5	2.12	4.58	0	1,394	15	4.88	5.5	20.4	0.0	3.9	57.45	58	1.2758	2.0273	100	101.94	1,033.67	
71932	45	227.6	67.5	52.5	67.5	37.2	2.12	4.58	0	1,428	16	4.31	5.5	20.4	0.0	3.9	57.35	58	1.2758	2.0273	105	105.04	1,038.75	
72467	45	233.7	68.2	52.5	68.2	37.5	1.56	4.58	0	1,405	17	4.06	5.5	20.4	0.0	3.9	40.88	58	1.2758	2.0273	105	108.04	1,020.16	
72995	45	239.6	68.2	52.6	68.2	37.2	1.44	4.58	0	1,313	17	2.19	5.5	20.4	0.0	3.9	33.80	58	1.2758	2.0273	110	111.44	983.59	
73524	44	244.6	68.8	52.8	68.8	37.2	1.44	4.58	0	1,259	16	2.19	5.5	20.4	0.0	3.9	30.77	58	1.2758	2.0273	110	114.04	972.03	
74045	44	249.7	69.5	53.3	69.2	37.2	1.44	4.58	0	1,251	16	1.62	5.5	20.4	0.0	3.9	25.12	58	1.2758	2.0273	115	116.64	967.42	
74572	44	254.0	69.5	53.6	69.8	37.8	1.25	4.58	0	1,158	15	0.81	5.5	20.4	0.0	3.9	25.05	58	1.2758	2.0273	115	119.15	960.47	
75150	44	258.8	70.2	53.6	70.5	37.5	1.44	4.58	0	1,118	14	0.81	5.5	20.4	0.0	3.9	25.55	58	1.2758	2.0273	120	121.94	962.81	
75714	44	262.9	70.5	54.0	70.5	37.8	1.25	4.58	0	1,070	14	0.81	5.5	20.4	0.0	3.9	27.56	58	1.2758	2.0273	120	124.75	961.88	
76301	44	267.2	71.2	54.3	71.2	37.8	1.56	4.58	0	1,031	13	0.81	5.5	20.4	0.0	3.9	31.43	58	1.2758	2.0273	125	127.54	962.42	
76882	45	271.1	71.8	54.8	71.5	37.8	1.56	4.58	0	1,010	13	0.31	5.5	20.4	0.0	3.9	34.80	58	1.2758	2.0273	125	129.83	965.55	
77430	45	274.8	72.5	55.0	71.8	38.2	1.56	4.58	0	994	13	0.81	5.5	20.4	0.0	4.3	36.35	58	1.2758	2.0273	130	132.53	968.44	
77961	45	278.4	72.5	55.1	72.5	38.2	1.75	4.58	0	983	12	0.81	5.5	20.4	0.0	4.3	40.95	58	1.2758	2.0273	130	134.85	974.38	
78606	45	282.0	73.2	55.7	72.8	38.2	2.12	4.58	0	909	10	0.56	5.5	20.4	0.0	4.3	43.92	58	1.2758	2.0273	135	138.13	978.20	
79146	45	285.6	73.5	55.8	73.2	38.5	1.75	4.58	0	1,033	8	1.38	5.5	20.4	0.0	4.3	44.48	58	1.2758	2.0273	140	140.55	993.83	
79659	45	289.6	73.5	56.0	73.8	38.2	1.56	4.58	0	1,010	7	1.38	5.5	20.4	0.0	4.3	43.38	58	1.2758	2.0273	140	142.94	995.23	
80225	45	293.1	73.8	56.1	74.2	38.8	1.56	4.58	0	1,013	7	0.81	5.5	20.4	0.0	4.3	44.88	58	1.2758	2.0273	145	145.84	1,001.17	
80754	45	296.7	74.5	56.5	74.5	38.8	1.56	4.58	0	992	7	1.12	5.5	20.4	0.0	4.3	42.52	58	1.2758	2.0273	145	148.35	998.28	
81287	45	300.1	74.8	56.6	74.5	39.2	1.75	4.58	0	964	7	0.81	5.5	20.4	0.0	4.3	42.45	58	1.2758	2.0273	150	150.74	992.27	
81842	45	303.4	75.5	57.1	75.5	38.8	1.56	4.58	0	1,054	7	1.62	5.5	20.4	0.0	4.3	43.41	58	1.2758	2.0273	150	153.65	999.22	
82376	45	306.5	75.8	57.5	75.8	39.2	1.25	4.58	0	1,124	7	2.19	5.5	20.4	0.0	4.3	39.49	58	1.2758	2.0273	155	156.13	999.92	
82911	45	309.9	76.5	57.8	76.8	38.8	1.56	4.58	0	1,105	7	1.62	5.5	20.4	0.0	4.3	46.73	58	1.2758	2.0273	155	159.13	995.23	
83446	45	313.4	76.8	58.0	77.2	39.5	1.94	4.58	0	1,263	7	4.31	5.5	20.4	0.0	4.7	60.47	58	1.2758	2.0273	160	161.94	1,023.28	
83971	45	317.0	77.2	58.3	77.2	39.2	1.75	4.58	0	1,285	8	5.69	5.5	20.4	0.0	4.7	52.73	58	1.2758	2.0273	165	164.94	1,012.73	
84491	45	320.9	78.2	58.6	78.2	39.5	1.25	4.58	0	1,126	8	3.25	5.5	20.4	0.0	4.7	49.41	58	1.2758	2.0273	165	167.85	996.17	
84997	45	324.3	78.5	59.0	78.5	39.5	1.75	4.58	0	1,263	8	4.88	5.5	20.4	0.0	4.7	57.45	58	1.2758	2.0273	170	171.53	1,016.25	
85524	45	328.2	79.2	59.3	79.2	39.5	2.62	4.58	0	1,410	9	4.88	5.5	20.4	0.0	4.7	62.65	58	1.2758	2.0273	175	174.93	1,046.02	
86087	45	333.1	79.8	59.6	79.5	39.8	2.12	4.58	0	1,390	10	5.69	5.5	20.4	0.0	4.7	58.22	58	1.2758	2.0273	175	179.03	1,015.78	
86603	45	337.1	80.8	60.3	80.8	39.8	1.25	4.58	0	1,257	11	2.44	5.5	20.4	0.0	4.7	35.44	58	1.2758	2.0273	180	182.15	991.48	
87271	45	341.1	81.5	60.5	81.5	39.5	1.94	4.58	0	894	11	0.56	5.5	20.4	0.0	5.1	33.38	58	1.2758	2.0273	185	185.55	970.08	
87822	45	344.2	82.2	61.0	82.2	40.2	1.75	4.58	0	949	11	0.56	5.5	20.4	0.0	5.1	30.42	58	1.2758	2.0273	185	188.85	961.33	
88349	45	347.9	83.5	61.6	83.2	40.5	1.56	4.58	0	1,004	11	0.31	5.5	20.4	0.0	5.1	28.08	58	1.2758	2.0273	190	191.55	957.73	
88974	45	351.2	84.2	62.3	84.5	40.5	1.56	4.58	0	993	11	0.31	5.5	20.4	0.0	5.1	27.80	58	1.2758	2.0273	190	194.73	959.53	
89506	45	354.0	84.8	62.8	85.2	40.5	1.56	4.58	0	987	11	0.56	5.5	20.4	0.0	5.1	27.91	58	1.2758	2.0273	195	197.85	958.75	
90086	45	356.9	85.8	63.1	85.8	40.5	1.56	4.58	0	986	11	0.56	5.5	20.4	0.0	5.1	27.68	58	1.2758	2.0273	200	200.85	957.89	
90676	45	359.4	86.5	63.5	86.5	40.8	1.56	4.58	0	984	11	0.31	5.5	20.4	0.0	5.1	27.61	58	1.2758	2.0273	200	203.24	957.34	
91220	45	361.8	87.5	64.1	87.8	40.5	1.56	4.58	0	974	11	0.56	5.5	20.4	0.0	5.1	27.96	58	1.2758	2.0273	205	206.15	957.19	
91798	45	364.2	88.5	64.8	88.2	40.8	1.56	4.58	0	963	11	0.31	5.5	20.4	0.0	5.1	26.81	58	1.2758	2.0273	205	209.03	956.25	
92367	45	366.4	89.2	65.0	89.2	41.2	1.56	4.58	0	1,020	11	0.81	5.5	20.4	0.0	5.1	28.76	58	1.2758	2.0273	210	211.35	956.33	
92994	45	368.7	89.8	65.6	90.2	41.2	1.44	4.58	0	1,098	11	0.81	5.5	20.4	0.0	5.1	25.15	58	1.2758	2.0273	210	214.54	956.02	
93517	45	370.7	90.8	66.1	91.2	41.5	1.56	4.58	0	1,095	11	0.81	5.5	20.4	0.0	5.1	28.36	58	1.2758	2.0273	215	216.83	956.09	
94034	45	372.6	91.5	66.5	91.5	41.5	1.44	4.58	0	1,167	11	0.81	5.5	20.4	0.0	5.1	26.23	58	1.2758	2.0273	215	219.13	956.09	
94581	45	374.5	92.2	66.8	92.2	41.5	1.44	4.58	0	1,164	12	0.81	5.5	20.4	0.0	5.1	28.38	58	1.2758	2.0273	220	221.33	955.94	
95096	45	376.2	92.8	67.3	93.2	41.5	1.56	4.58	0	1,227	12	1.12	5.5	20.4	0.0	5.1	30.07	58	1.2758	2.0273	220	224.15	951.64	
95699	45	377.9	93.5	67.8	93.5	41.8	1.25	4.58	0	1,221	12	1.94	5.5	20.4	0.0	5.1	33.54	58	1.2758	2.0273	225	226.94	960.47	
96215	45	379.7	94.5	68.3	94.5	42.2	1.75	4.58	0	1,335	13	1.38	5.5	20.4	0.0	5.5	37.31	58	1.2758	2.0273	225	229.44	963.12	
96762	45	382.0	95.5	68.7	95.2	42.2	1.94	4.58	0	1,383	13	1.94	5.5	20.4	0.0	5.5	45.19	58	1.2758	2.0273	230	232.05	971.02	
97189	45	383.7	95.8	69.0	95.8	42.2	2.25	4.58	0	1,438	14	2.75	5.5	20.4	0.0	5.5	54.38	58	1.2758	2.0273	230	234.34	989.92	
97709	45	385.7	96.8	69.6	96.8	42.8	2.62	4.58	0	1,398	14	3.50	5.5	20.4	0.0	5.5	53.91	58	1.2758	2.0273	235	237.93	1,029.77	
98260	45	388.0	97.8	70.0	97.8	42.5	3.69	4.58	0	1,522	15	3.25	5.5	20.4	0.0	5.5	62.86	58	1.2758	2.0273	240	241.14	1,046.41	
98814	45	390.5	98.2	70.5	98.5	42.5	4.38	4.58	0	1,612	15	3.25	5.5	20.4	0.0	5.5	63.14	58	1.2758	2.0273	245	245.24	1,041.88	
99325	45	392.9	99.5	71.1	99.5	43.2	4.56	4.58	0	1,684	15	3.00	5.5	20.4	0.0	5.9	63.80	58	1.2758	2.0273	245	248.94	1,050.62	
99852	45	395.7	100.8	71.8	100.8	43.2	4.69	4.58	0	1,681	16	3.00	5.5	20.4	0.0	5.9	63.38	58	1.2758	2.0273	250	252.65	1,057.81	
100414	45	398.6	101.5	72.1	101.8	43.2	4.88	4.58	0	1,657	16	3.50	5.5	20.4	0.0	5.9	64.36	58	1.2758	2.0273	255	257.24	1,076.95	
100976	45	401.5	103.5	73.0	103.8	43.2	4.88	4.58	0	1,638	17	3.50	5.5	20.4	0.0	5.9	66.19	58	1.2758	2.0273	260	261.25	1,090.39	
101506	45	404.6	104.8	74.1	104.8	43.5	5.56	4.58	0	1,666	18	4.06	5.5	20.4	0.0	5.9	68.93	58	1.2758	2.0273	265	266.03	1,076.88	
102018	45	407.6	106.5	74.8	106.5	43.8	4.69	4.58	0	1,601	19	4.06	5.5	20.4	0.0	6.3	67.64	58	1.2758	2.0273	270	270.13	1,055.94	
102605	45	411.1	108.2	75.8	108.2	43.5	4.38	4.58	0	1,550	20	4.31	5.5	20.4	0.0	6.3	66.30	58	1.2758	2.0273	275	274.94	1,053.83	
103139	45	414.1	109.5	76.8	110.2	43.8	4.19	4.58	0	1,574	20	3.81	5.5	20.4	0.0	6.3	59.34	58	1.2758	2.0273	275	278.85	1,010.31	
103726	45	417.7	112.5	78.2	112.5	44.2	3.31	4.58	0	1,576	20	2.44	5.5	20.4	0.0	6.3	47.06	58	1.2758	2.0273	280	283.35	1,049.53	
104346	45	420.7	114.2	79.0	114.5	44.2	2.12	4.58	0	1,561	20	1.38	5.5	20.4	0.0	6.3	34.29	58	1.2758	2.0273	285	287.55	1,018.52	
104923	45	423.3	116.2	80.3	116.5	44.2	1.56	4.58	0	1,415	18	1.12	5.5	20.4	0.0	6.7	17.32	58	1.2758	2.0273	290	291.04	973.20	
105433	44	425.9	119.5	81.6	119.5	44.2	1.25	4.58	0	1,305	17	0.81	5.5	20.4	0.0	6.7	15.54	58	1.2758	2.0273	290	293.73	961.33	
105998	44	427.8	121.5	82.6	121.8	44.2	1.44	4.58	0	1,284	16	0.81	5.5	20.4	0.0	6.7	13.10	58	1.2758	2.0273	295	296.73	956.64	
106506	44	429.3	123.5	84.1	123.5	44.8	1.25	4.58	0	1,189	15	0.31	5.5	20.4	0.0	6.7	15.05	58	1.2758	2.0273	295	299.03	954.92	
107020	44	430.8	125.8	85.1	125.8	44.5	1.25	4.58	0	1,064	13	0.31	5.5	20.4	0.0	6.7	16.03	58	1.2758	2.0273	300	301.35	955.08	
107541	45	432.2	127.5	86.5	127.8	45.5	1.75	4.58	0	924	12	0.31	5.5	20.4	0.0	6.7	23.11	58	1.2758	2.0273	300	303.65	953.44	
108063	45	433.5	129.2	87.0	129.5	45.2	1.56	4.58	0	919	11	0.31	5.5	20.4	0.0	6.7	29.16	58	1.2758	2.0273	305	305.94	952.97	
108626	45	434.8	131.2	88.2	131.2	45.5	1.75	4.58	0	936	11	0.31	5.5	20.4	0.0	6.7	28.50	58	1.2758	2.0273	305	308.64	954.84	
109188	45	436.2	132.8	89.0	132.8	45.5	1.56	4.58	0	947	9	0.31	5.5	20.4	0.0	6.7	26.34	58	1.2758	2.0273	310	310.75	955.39	
109713	45	437.3	134.5	90.0	134.5	45.8	1.56	4.58	0	942	7	0.31	5.5	20.4	0.0	6.7	27.26	58	1.2758	2.0273	310	313.23	954.14	
110245	45	438.4	135.8	90.6	136.2	45.8	1.94	4.58	0	907	7	0.56	5.5	20.4	0.0	6.7	30.73	58	1.2758	2.0273	315	315.34	955.55	
110799	45	439.5	137.5	91.5	137.5	45.8	1.56	4.58	0	990	7	0.31	5.5	20.4	0.0	6.7	32.27	58	1.2758	2.0273	315	317.73	950.00	
111329	45	440.5	138.5	92.5	138.8	46.2	1.75	4.58	0	1,309	8	2.19	5.5	20.4	0.0	6.7	50.98	58	1.2758	2.0273	320	320.03	960.00	
111846	45	441.7	140.5	93.3	140.5	45.8	2.44	4.58	0	1,425	10	3.50	5.5	20.4	0.0	6.7	59.60	58	1.2758	2.0273	320	322.54	998.67	
112379	45	442.9	141.8	94.0	142.2	46.5	3.12	4.58	0	1,468	12	3.81	5.5	20.4	0.0	7.1	61.62	58	1.2758	2.0273	325	325.14	1,043.59	
112994	46	444.2	143.5	94.8	143.5	46.5	3.50	4.58	0	1,533	15	3.81	5.5	20.4	0.0	7.1	59.58	58	1.2758	2.0273	325	328.84	1,069.14	
113538	45	445.5	145.2	95.8	145.5	46.8	3.69	4.58	0	1,596	18	3.25	5.5	20.4	0.0	7.1	58.43	58	1.2758	2.0273	330	331.44	1,082.73	
114103	45	447.1	147.5	97.1	147.5	46.8	3.50	4.58	0	1,641	21	3.00	5.5	20.4	0.0	7.1	53.30	58	1.2758	2.0273	330	334.63	1,078.52	
114607	45	448.2	149.5	98.1	149.5	46.8	3.69	4.58	0	1,717	23	2.19	5.5	20.4	0.0	7.1	46.05	58	1.2758	2.0273	335	337.23	1,073.98	
115120	45	449.4	151.5	99.0	151.5	47.2	-1.31	4.58	0	1,503	23	0.31	5.5	20.4	0.0	7.1	21.14	58	1.2758	2.0273	335	339.44	1,001.56	
115656	45	450.3	154.2	100.3	154.2	47.5	1.25	4.58	0	1,394	23	0.81	5.5	20.4	0.0	7.1	17.44	58	1.2758	2.0273	340	341.43	969.45	
116183	45	451.1	156.2	101.3	156.5	47.5	1.25	4.58	0	1,239	23	0.81	5.5	20.4	0.0	7.1	17.30	58	1.2758	2.0273	340	343.23	961.02	
116703	45	451.9	158.5	103.0	158.5	47.5	1.25	4.58	0	1,108	22	0.56	5.5	20.4	0.0	7.5	14.67	58	1.2758	2.0273	345	345.34	957.03	
117277	45	452.6	161.2	104.1	161.5	47.8	0.38	4.58	0	927	20	0.00	5.5	20.4	0.0	7.5	28.20	58	1.2758	2.0273	345	346.94	955.55	
117831	45	453.3	163.2	105.6	163.2	47.8	1.75	4.58	0	938	19	0.56	5.5	20.4	0.0	7.5	24.75	58	1.2758	2.0273	345	349.05	956.72	
118392	45	454.0	165.5	106.3	165.5	48.2	1.44	4.58	0	995	17	0.56	5.5	20.4	0.0	7.5	21.63	58	1.2758	2.0273	350	350.94	955.55	
118923	45	454.5	166.8	107.5	166.8	48.2	1.56	4.58	0	972	15	0.31	5.5	20.4	0.0	7.5	23.34	58	1.2758	2.0273	350	352.54	955.08	
119475	45	455.0	168.8	108.3	169.2	48.2	1.56	4.58	0	976	13	0.56	5.5	20.4	0.0	7.5	22.99	58	1.2758	2.0273	350	354.04	955.39	
120058	45	455.6	170.5	109.6	170.8	48.5	1.56	4.58	0	926	10	0.31	5.5	20.4	0.0	7.5	25.83	58	1.2758	2.0273	355	355.75	953.91	
120567	45	456.0	172.2	110.1	172.5	48.5	1.75	4.58	0	981	8	0.31	5.5	20.4	0.0	7.5	23.62	58	1.2758	2.0273	355	357.25	955.08	
121169	45	456.4	173.8	111.3	174.2	48.8	1.56	4.58	0	959	6	0.31	5.5	20.4	0.0	7.5	24.42	58	1.2758	2.0273	355	358.63	954.06	
121708	45	456.8	175.5	112.2	175.5	49.2	1.56	4.58	0	943	4	0.31	5.5	20.4	0.0	7.5	26.32	58	1.2758	2.0273	360	360.53	953.83	
122217	45	457.2	176.8	113.0	176.8	49.2	1.75	4.58	0	944	3	0.56	5.5	20.4	0.0	7.5	27.68	58	1.2758	2.0273	360	361.94	954.61	
122754	45	457.5	178.5	114.0	178.5	49.5	1.56	4.58	0	1,018	1	0.31	5.5	20.4	0.0	7.5	25.31	58	1.2758	2.0273	360	363.34	955.62	
123280	45	457.8	179.8	114.6	179.8	49.5	1.56	4.58	0	1,012	0	0.81	5.5	20.4	0.0	7.5	24.66	58	1.2758	2.0273	360	364.63	956.09	
123842	45	458.1	181.2	115.5	181.5	49.8	1.56	4.58	0	893	0	0.31	5.5	20.4	0.0	7.5	29.04	58	1.2758	2.0273	365	366.13	954.30	
124376	45	458.3	182.5	115.8	182.5	49.5	1.75	4.58	0	937	0	0.56	5.5	20.4	0.0	7.5	28.41	58	1.2758	2.0273	365	367.35	954.84	
124953	45	458.5	184.5	117.2	184.2	49.8	1.75	4.58	0	929	0	0.56	5.5	20.4	0.0	7.5	32.30	58	1.2758	2.0273	365	368.85	956.09	
125487	46	458.7	185.5	117.8	185.5	49.5	1.94	4.58	0	908	0	0.56	5.5	20.4	0.0	7.5	33.05	58	1.2758	2.0273	370	369.93	957.89	
126016	46	458.9	186.8	118.5	187.2	50.5	1.75	4.58	0	929	0	0.56	5.5	20.4	0.0	7.5	31.59	58	1.2758	2.0273	370	371.33	959.06	
126532	46	459.0	188.5	119.3	188.5	50.2	1.75	4.58	0	915	0	0.56	5.5	20.4	0.0	7.5	31.88	58	1.2758	2.0273	370	372.44	959.30	
127096	46	459.2	189.2	120.0	189.5	50.8	1.75	4.58	0	926	0	0.56	5.5	20.4	0.0	7.8	30.33	58	1.2758	2.0273	370	373.75	959.06	
127632	46	459.3	190.5	120.5	190.8	50.8	1.75	4.58	0	981	0	0.81	5.5	20.4	0.0	7.8	35.27	58	1.2758	2.0273	370	374.73	956.80	
128158	46	459.3	192.5	121.3	192.5	50.8	1.44	4.58	0	1,002	1	0.56	5.5	20.4	0.0	7.8	35.27	58	1.2758	2.0273	375	375.83	958.05	
128684	46	459.4	193.5	122.3	193.5	51.5	1.75	4.58	0	989	3	0.81	5.5	20.4	0.0	7.8	35.46	58	1.2758	2.0273	375	376.94	962.50	
129203	46	459.4	194.8	122.8	194.8	51.5	1.56	4.58	0	974	4	0.56	5.5	20.4	0.0	7.8	30.61	58	1.2758	2.0273	375	378.13	962.11	
129832	46	459.4	196.2	123.8	196.2	52.2	1.75	4.58	0	916	3	0.31	5.5	20.4	0.0	7.8	29.79	58	1.2758	2.0273	375	379.23	960.16	
130374	45	459.4	197.5	124.3	197.8	51.8	1.75	4.58	0	909	2	0.31	5.5	20.4	0.0	7.8	28.76	58	1.2758	2.0273	380	380.15	958.36	
130938	45	459.4	198.8	125.5	199.2	51.8	1.75	4.58	0	938	1	0.56	5.5	20.4	0.0	7.8	27.94	58	1.2758	2.0273	380	381.25	957.66	
131462	45	459.3	200.2	125.8	200.5	51.8	1.56	4.58	0	947	0	0.56	5.5	20.4	0.0	7.8	26.25	58	1.2758	2.0273	380	382.14	956.80	
132019	45	459.3	201.8	127.0	201.5	52.2	1.56	4.58	0	944	0	0.31	5.5	20.4	0.0	7.8	25.95	58	1.2758	2.0273	380	383.03	956.09	
132553	45	459.2	202.8	127.8	203.2	52.5	1.56	4.58	0	933	0	0.31	5.5	20.4	0.0	7.8	28.78	58	1.2758	2.0273	380	383.85	954.77	
133066	45	459.1	203.8	128.1	204.8	52.5	1.75	4.58	0	914	0	0.31	5.5	20.4	0.0	7.8	32.06	58	1.2758	2.0273	380	384.65	956.17	
133649	46	459.0	205.5	129.0	205.5	52.5	1.75	4.58	0	914	0	0.56	5.5	20.4	0.0	7.8	32.58	58	1.2758	2.0273	385	385.54	957.73	
134173	46	458.9	207.2	129.6	207.2	52.8	1.94	4.58	0	908	0	0.31	5.5	20.4	0.0	7.8	32.34	58	1.2758	2.0273	385	386.33	958.91	
134724	46	458.8	208.5	130.7	208.2	52.8	1.75	4.58	0	910	0	0.56	5.5	20.4	0.0	7.8	31.76	58	1.2758	2.0273	385	387.25	959.61	
135266	46	458.6	209.2	131.0	209.5	53.2	1.75	4.58	0	901	0	0.31	5.5	20.4	0.0	7.8	30.47	58	1.2758	2.0273	385	387.93	959.22	
135790	46	458.5	210.5	131.7	210.8	53.2	1.75	4.58	0	902	0	0.31	5.5	20.4	0.0	7.8	29.34	59	1.2758	2.0273	385	388.63	958.44	
136372	46	458.3	211.8	132.6	211.8	53.5	1.75	4.58	0	917	0	0.56	5.5	20.4	0.0	8.2	26.74	59	1.2758	2.0273	385	389.43	957.19	
136890	46	458.1	213.2	133.5	213.5	53.5	1.75	4.58	0	901	0	0.31	5.5	20.4	0.0	8.2	26.93	59	1.2758	2.0273	390	390.13	956.09	
137447	46	458.0	214.2	134.3	214.2	54.2	1.56	4.58	0	902	0	0.31	5.5	20.4	0.0	8.2	26.84	59	1.2758	2.0273	390	390.83	955.39	
137966	46	457.8	215.5	134.5	215.5	54.2	1.75	4.58	0	900	0	0.31	5.5	20.4	0.0	8.2	26.77	59	1.2758	2.0273	390	391.44	954.69	
138582	46	457.6	216.8	135.2	216.8	54.2	1.75	4.58	0	898	0	0.31	5.5	20.4	0.0	8.2	26.46	59	1.2758	2.0273	390	392.15	954.61	
139095	46	457.4	217.5	135.8	217.8	54.5	1.56	4.58	0	891	0	0.31	5.5	20.4	0.0	8.2	26.74	59	1.2758	2.0273	390	392.73	954.38	
139655	46	457.2	219.2	136.8	218.8	54.5	1.56	4.58	0	888	0	0.31	5.5	20.4	0.0	8.2	26.86	59	1.2758	2.0273	390	393.34	954.38	
140167	46	457.0	219.8	137.3	220.2	54.8	1.75	4.58	0	885	0	0.31	5.5	20.4	0.0	8.2	26.86	59	1.2758	2.0273	390	393.83	954.14	
140678	46	456.8	220.8	138.2	220.8	55.2	1.56	4.58	0	885	0	0.31	5.5	20.4	0.0	8.2	26.79	59	1.2758	2.0273	390	394.35	954.22	
141183	46	456.6	221.8	138.5	222.2	55.2	1.75	4.58	0	874	0	0.31	5.5	20.4	0.0	8.2	27.16	59	1.2758	2.0273	390	394.84	954.14	
141702	46	456.3	222.8	139.0	223.2	55.5	1.75	4.58	0	873	0	0.31	5.5	20.4	0.0	8.2	27.07	59	1.2758	2.0273	395	395.43	953.83	
142240	46	456.1	223.8	139.6	224.2	55.2	1.75	4.58	0	873	0	0.31	5.5	20.4	0.0	8.2	27.16	59	1.2758	2.0273	395	395.85	953.91	
142815	46	455.9	225.2	140.3	225.2	55.5	1.75	4.58	0	869	0	0.31	5.5	20.4	0.0	8.2	27.05	59	1.2758	2.0273	395	396.44	953.83	
143344	46	455.6	225.8	140.6	225.8	55.8	1.75	4.58	0	879	0	0.31	5.5	20.4	0.0	8.2	27.16	59	1.2758	2.0273	395	396.83	953.83	
143921	46	455.3	226.8	141.3	226.8	55.5	1.75	4.58	0	882	0	0.31	5.5	20.4	0.0	8.2	26.93	59	1.2758	2.0273	395	397.35	954.06	
144465	46	455.1	227.8	141.8	228.2	56.2	1.56	4.58	0	877	0	0.31	5.5	20.4	0.0	8.2	27.16	59	1.2758	2.0273	395	397.75	953.91	
145021	46	454.8	229.2	142.5	229.2	55.8	1.75	4.58	0	878	0	0.56	5.5	20.4	0.0	8.2	27.00	59	1.2758	2.0273	395	398.24	954.06	
145554	46	454.5	230.2	143.0	230.5	56.5	1.75	4.58	0	881	0	0.31	5.5	20.4	0.0	8.2	27.14	59	1.2758	2.0273	395	398.64	954.22	
146132	46	454.2	231.2	143.5	231.2	56.2	1.56	4.58	0	876	0	0.31	5.5	20.4	0.0	8.2	27.02	59	1.2758	2.0273	395	399.13	954.14	
146813	46	453.9	232.2	144.3	231.8	56.8	1.56	4.58	0	875	0	0.31	5.5	20.4	0.0	8.2	27.21	59	1.2758	2.0273	395	399.53	953.91	
147414	46	453.6	232.8	145.0	233.2	56.8	1.75	4.58	0	885	0	0.31	5.5	20.4	0.0	8.2	36.91	59	1.2758	2.0273	400	400.05	952.89	
147950	46	453.1	234.2	145.7	234.2	57.2	1.75	4.58	0	1,001	1	1.12	5.5	20.4	0.0	8.2	33.75	59	1.2758	2.0273	400	400.44	955.31	
148485	46	452.8	234.8	146.0	235.2	57.5	1.75	4.58	0	981	3	0.56	5.5	20.4	0.0	8.2	35.06	59	1.2758	2.0273	400	400.84	959.06	
149073	46	452.4	236.2	146.6	236.2	57.5	1.75	4.58	0	970	4	0.81	5.5	20.4	0.0	8.2	31.57	59	1.2758	2.0273	400	401.33	960.86	
149585	46	452.0	237.2	147.0	237.2	57.8	1.75	4.58	0	917	4	0.56	5.5	20.4	0.0	8.2	29.60	59	1.2758	2.0273	400	401.64	959.06	
150124	46	451.6	238.2	147.8	238.2	57.8	1.75	4.58	0	923	4	0.56	5.5	20.4	0.0	8.2	29.30	59	1.2758	2.0273	400	402.13	957.19	
150688	46	451.2	239.2	148.3	239.5	57.5	1.75	4.58	0	951	4	0.31	5.5	20.4	0.0	8.2	29.39	59	1.2758	2.0273	400	402.53	956.95	
151199	46	450.8	240.5	149.1	240.5	57.8	1.56	4.58	0	921	3	0.56	5.5	20.4	0.0	8.2	29.39	59	1.2758	2.0273	400	402.93	956.95	
151791	46	450.4	241.5	149.7	241.8	58.8	1.75	4.58	0	942	3	0.56	5.5	20.4	0.0	8.2	33.16	59	1.2758	2.0273	400	403.23	956.33	
152316	46	450.0	242.2	150.5	242.2	58.8	1.56	4.58	0	991	3	0.56	5.5	20.4	0.0	8.2	28.88	59	1.2758	2.0273	400	403.75	957.73	
152859	46	449.6	243.5	151.0	243.8	58.8	1.75	4.58	0	968	2	0.31	5.5	20.4	0.0	8.2	28.99	59	1.2758	2.0273	400	404.03	957.66	
153368	46	449.2	244.8	151.5	244.8	58.5	1.56	4.58	0	938	1	0.56	5.5	20.4	0.0	8.2	28.55	59	1.2758	2.0273	400	404.33	957.03	
153937	46	448.7	245.8	152.3	246.2	58.8	1.75	4.58	0	985	1	0.81	5.5	20.4	0.0	8.2	29.95	59	1.2758	2.0273	400	404.73	956.95	
154490	46	448.3	246.5	152.6	246.8	59.2	1.44	4.58	0	1,013	1	1.12	5.5	20.4	0.0	8.2	33.33	59	1.2758	2.0273	405	405.13	957.19	
155019	46	447.9	248.2	153.5	248.2	59.5	1.75	4.58	0	988	2	0.81	5.5	20.4	0.0	8.2	36.38	59	1.2758	2.0273	405	405.44	960.86	
155629	46	447.4	249.2	154.3	249.2	59.5	1.75	4.58	0	927	3	0.81	5.5	20.4	0.0	7.8	37.12	59	1.2758	2.0273	405	405.83	963.67	
156180	46	446.9	250.2	155.0	250.5	59.5	1.94	4.58	0	931	3	0.81	5.5	20.4	0.0	7.8	35.44	59	1.2758	2.0273	405	406.23	964.06	
156692	46	446.4	251.5	155.5	251.5	59.8	1.75	4.58	0	925	2	0.81	5.5	20.4	0.0	7.8	35.11	59	1.2758	2.0273	405	406.63	963.91	
157258	46	445.9	252.5	156.3	252.5	59.8	1.75	4.58	0	940	2	0.56	5.5	20.4	0.0	7.8	33.26	59	1.2758	2.0273	405	406.94	963.44	
157787	46	445.5	253.5	156.8	253.8	60.5	1.75	4.58	0	935	2	0.56	5.5	20.4	0.0	7.8	31.50	59	1.2758	2.0273	405	407.24	961.80	
158347	46	444.9	254.8	157.5	254.8	60.5	1.94	4.58	0	1,012	3	0.81	5.5	20.4	0.0	7.5	35.20	59	1.2758	2.0273	405	407.64	961.95	
158873	46	444.5	256.2	158.1	256.2	60.8	1.75	4.58	0	990	3	0.56	5.5	20.4	0.0	7.5	36.70	59	1.2758	2.0273	405	407.94	965.55	
159397	46	444.0	257.2	158.6	257.2	60.8	1.94	4.58	0	930	3	0.81	5.5	20.4	0.0	7.5	36.16	59	1.2758	2.0273	405	408.25	966.80	
159918	46	443.6	258.2	159.7	258.2	61.2	1.75	4.58	0	963	3	0.81	5.5	20.4	0.0	7.5	35.04	59	1.2758	2.0273	405	408.53	967.19	
160431	46	443.1	259.5	160.2	259.5	60.8	1.56	4.58	0	965	4	0.81	5.5	20.4	0.0	7.1	33.33	59	1.2758	2.0273	405	408.83	966.72	
161000	46	442.6	260.8	160.7	260.8	61.5	1.75	4.58	0	929	4	0.56	5.5	20.4	0.0	7.1	32.70	59	1.2758	2.0273	405	409.23	965.23	
161584	46	442.2	261.8	161.3	261.8	61.8	1.94	4.58	0	958	5	0.56	5.5	20.4	0.0	7.1	34.17	59	1.2758	2.0273	405	409.44	963.98	
162142	46	441.7	262.5	162.1	262.5	61.8	1.75	4.58	0	937	5	0.56	5.5	20.4	0.0	6.7	34.55	59	1.2758	2.0273	405	409.84	964.84	
162670	46	441.3	263.8	162.8	264.2	62.2	1.75	4.58	0	947	6	0.56	5.5	20.4	0.0	6.7	33.42	59	1.2758	2.0273	410	410.03	965.62	
163224	46	440.9	264.8	163.5	264.5	62.2	1.75	4.58	0	969	7	0.81	5.5	20.4	0.0	6.3	31.36	59	1.2758	2.0273	410	410.33	965.86	
163750	46	440.5	266.2	164.1	265.8	62.2	1.75	4.58	0	943	6	0.81	5.5	20.4	0.0	6.3	30.66	59	1.2758	2.0273	410	410.64	964.14	
164363	46	440.1	267.2	164.6	266.8	62.5	1.94	4.58	0	972	7	0.56	5.5	20.4	0.0	5.9	27.89	59	1.2758	2.0273	410	410.85	964.14	
164892	46	439.7	267.8	165.1	268.2	62.8	1.75	4.58	0	1,028	8	0.56	5.5	20.4	0.0	5.5	22.66	59	1.2758	2.0273	410	411.13	963.28	
165392	46	439.3	269.2	166.0	268.8	63.2	1.44	4.58	0	1,015	8	0.31	5.5	20.4	0.0	5.5	21.87	59	1.2758	2.0273	410	411.34	959.84	
165914	46	439.0	270.2	166.7	269.8	63.2	1.44	4.58	0	1,044	9	0.56	5.5	20.4	0.0	5.5	18.61	59	1.2758	2.0273	410	411.53	958.05	
166425	46	438.7	270.8	167.0	271.2	63.5	1.44	4.58	0	1,054	9	0.56	5.5	20.4	0.0	5.1	16.57	59	1.2758	2.0273	410	411.74	957.11	
166937	46	438.4	271.8	167.8	271.8	63.5	1.44	4.58	0	1,065	9	0.56	5.5	20.4	0.0	5.1	14.88	59	1.2758	2.0273	410	411.93	955.62	
167487	46	438.1	272.8	168.0	272.5	63.5	1.56	4.58	0	1,009	8	0.31	5.5	20.4	0.0	5.1	15.40	59	1.2758	2.0273	410	412.14	955.31	
168016	46	437.9	273.2	168.3	273.5	63.8	1.75	4.58	0	937	7	0.31	5.5	20.4	0.0	4.7	20.91	59	1.2758	2.0273	410	412.35	953.91	
168540	46	437.6	274.5	169.0	274.5	63.8	1.56	4.58	0	860	5	0.31	5.5	20.4	0.0	4.7	28.17	59	1.2758	2.0273	410	412.44	952.89	
169096	46	437.3	274.8	169.5	274.8	64.5	1.94	4.58	0	950	5	0.56	5.5	20.4	0.0	4.3	29.13	59	1.2758	2.0273	410	412.63	954.92	
169614	46	437.1	275.8	170.1	275.5	64.5	1.56	4.58	0	929	4	0.31	5.5	20.4	0.0	3.9	26.79	59	1.2758	2.0273	410	412.75	955.39	
170143	46	436.8	276.5	170.5	276.2	65.2	1.75	4.58	0	936	2	0.31	5.5	20.4	0.0	3.5	31.01	59	1.2758	2.0273	410	412.94	955.08	
170722	46	436.5	276.8	170.8	276.8	64.5	1.56	4.58	0	1,005	4	0.56	5.5	20.4	0.0	2.7	29.30	59	1.2758	2.0273	410	413.03	956.64	
171276	46	436.2	277.8	171.6	277.8	65.2	1.56	4.58	0	962	5	0.56	5.5	20.4	0.0	2.0	33.73	59	1.2758	2.0273	410	413.24	960.00	
171852	46	435.9	278.5	172.0	278.5	65.5	1.75	4.58	0	940	6	0.81	5.5	20.4	0.0	1.2	31.80	59	1.2758	2.0273	410	413.33	962.03	
172490	46	435.6	278.8	172.3	279.2	65.2	1.75	4.58	0	932	7	0.56	5.5	20.4	0.0	0.0	31.34	59	1.2758	2.0273	410	413.55	962.58	
173071	46	435.3	280.2	173.0	280.2	65.8	1.56	4.58	0	933	7	0.56	5.5	20.4	0.0	0.0	30.42	59	1.2758	2.0273	410	413.64	962.73	
173586	46	435.0	280.5	173.1	280.8	66.5	1.75	4.58	0	975	7	0.31	5.5	20.4	0.0	0.0	28.08	59	1.2758	2.0273	410	413.73	962.11	
174123	46	434.6	281.5	173.8	281.5	66.2	1.56	4.58	0	1,001	8	0.31	5.5	20.4	0.0	0.0	25.03	59	1.2758	2.0273	410	413.94	961.17	
174645	46	434.3	282.2	174.0	281.8	66.2	1.56	4.58	0	1,002	8	0.31	5.5	20.4	0.0	0.0	22.80	59	1.2758	2.0273	410	413.94	959.69	
175196	46	434.0	283.2	174.6	282.8	66.5	1.44	4.58	0	1,004	8	0.31	5.5	20.4	0.0	0.0	21.66	59	1.2758	2.0273	410	414.13	957.89	
175757	46	433.7	283.8	175.0	283.5	66.5	1.56	4.58	0	985	7	0.56	5.5	20.4	0.0	0.0	22.59	59	1.2758	2.0273	410	414.13	956.02	
176300	46	433.5	284.2	175.5	284.2	67.5	1.56	4.58	0	1,021	7	0.56	5.5	20.4	0.0	0.0	25.76	59	1.2758	2.0273	410	414.25	956.33	
176834	46	433.2	285.2	176.2	285.2	67.5	1.44	4.58	0	1,131	7	0.81	5.5	20.4	0.0	0.0	22.52	59	1.2758	2.0273	410	414.34	956.17	
177423	46	432.9	285.8	176.6	286.5	67.5	1.56	4.58	0	1,098	7	0.81	5.5	20.4	0.0	0.0	26.23	59	1.2758	2.0273	410	414.44	954.69	
177973	46	432.6	286.5	177.1	286.5	67.8	1.94	4.58	0	1,281	8	1.62	5.5	20.4	0.0	0.0	39.52	59	1.2758	2.0273	410	414.44	958.20	
178563	46	432.2	287.5	177.5	287.5	68.2	1.75	4.58	0	1,374	10	2.19	5.5	20.4	0.0	0.0	40.15	59	1.2758	2.0273	410	414.53	970.94	
179102	46	431.8	288.5	178.3	288.2	68.2	1.94	4.58	0	1,445	11	1.94	5.5	20.4	0.0	0.0	33.30	59	1.2758	2.0273	410	414.74	982.58	
179626	46	431.4	289.5	179.0	289.2	68.8	1.44	4.58	0	1,352	12	1.12	5.5	20.4	0.0	0.0	23.77	59	1.2758	2.0273	410	414.74	966.95	
180134	46	431.1	290.5	179.5	290.5	68.8	1.25	4.58	0	1,066	12	0.81	5.5	20.4	0.0	0.0	21.35	59	1.2758	2.0273	410	414.83	959.84	
180672	46	430.8	292.2	180.3	291.8	69.2	1.44	4.58	0	968	12	0.56	5.5	20.4	0.0	0.0	21.82	59	1.2758	2.0273	415	414.93	956.33	
181308	46	430.5	292.8	180.8	292.8	69.2	1.56	4.58	0	957	12	0.31	5.5	20.4	0.0	0.0	25.78	59	1.2758	2.0273	415	415.05	954.38	
181837	46	430.2	293.8	181.5	294.2	69.2	1.44	4.58	0	997	12	0.56	5.5	20.4	0.0	0.0	23.25	59	1.2758	2.0273	415	415.05	956.33	
182391	46	429.8	295.2	182.2	295.5	69.5	1.56	4.58	0	1,077	12	0.81	5.5	20.4	0.0	0.0	31.17	59	1.2758	2.0273	415	415.14	954.84	
182915	46	429.5	296.2	183.0	296.2	69.8	1.56	4.58	0	1,258	12	1.38	5.5	20.4	0.0	0.0	33.00	59	1.2758	2.0273	415	415.14	958.05	
183445	46	429.2	296.8	183.3	297.2	70.2	1.56	4.58	0	1,261	13	1.12	5.5	20.4	0.0	0.0	31.78	59	1.2758	2.0273	415	415.23	962.50	
183974	46	428.9	298.2	184.0	298.5	70.5	1.25	4.58	0	1,169	13	1.12	5.5	20.4	0.0	0.0	25.57	59	1.2758	2.0273	415	415.23	960.47	
184501	46	428.6	299.2	184.6	299.2	70.5	1.25	4.58	0	1,039	13	0.56	5.5	20.4	0.0	0.0	20.60	59	1.2758	2.0273	415	415.35	957.50	
185046	46	428.3	300.2	185.2	300.2	70.5	1.56	4.58	0	1,011	13	0.56	5.5	20.4	0.0	0.0	21.61	59	1.2758	2.0273	415	415.35	955.55	
185575	46	428.0	301.2	186.2	301.8	70.8	1.44	4.58	0	999	13	0.31	5.5	20.4	0.0	0.0	21.42	59	1.2758	2.0273	415	415.35	954.30	
186117	46	427.8	302.2	186.7	302.2	71.5	1.56	4.58	0	973	12	0.56	5.5	20.4	0.0	0.0	22.36	59	1.2758	2.0273	415	415.35	955.62	
186633	46	427.5	303.2	187.0	303.2	71.5	1.56	4.58	0	934	11	0.31	5.5	20.4	0.0	0.0	25.03	59	1.2758	2.0273	415	415.44	955.23	
187219	46	427.3	304.2	188.0	304.2	71.5	1.56	4.58	0	907	9	0.56	5.5	20.4	0.0	0.0	25.52	59	1.2758	2.0273	415	415.44	955.47	
187747	46	427.0	304.5	188.1	304.5	71.5	1.56	4.58	0	877	8	0.56	5.5	20.4	0.0	0.0	28.08	59	1.2758	2.0273	415	415.44	954.22	
188270	46	426.8	305.5	189.0	305.5	72.5	1.94	4.58	0	896	8	0.81	5.5	20.4	0.0	0.0	30.07	59	1.2758	2.0273	415	415.35	956.48	
188848	46	426.5	306.5	189.3	306.5	72.2	1.56	4.58	0	969	8	0.56	5.5	20.4	0.0	0.0	26.65	59	1.2758	2.0273	415	415.35	957.11	
189380	46	426.3	306.8	189.8	307.2	72.5	1.56	4.58	0	997	8	0.81	5.5	20.4	0.0	0.0	25.38	59	1.2758	2.0273	415	415.35	957.34	
190001	46	426.0	307.5	190.1	307.5	72.8	1.56	4.58	0	986	8	0.56	5.5	20.4	0.0	0.0	25.24	59	1.2758	2.0273	415	415.35	957.19	
190584	46	425.8	307.8	190.5	308.2	72.8	1.56	4.58	0	979	8	0.56	5.5	20.4	0.0	0.0	25.48	59	1.2758	2.0273	415	415.35	957.19	
191093	46	425.5	309.2	191.1	309.2	73.5	1.56	4.58	0	983	8	0.81	5.5	20.4	0.0	0.0	25.20	59	1.2758	2.0273	415	415.35	956.95	
191627	46	425.3	309.8	191.6	309.8	73.5	1.56	4.58	0	977	8	0.56	5.5	20.4	0.0	0.0	25.10	59	1.2758	2.0273	415	415.23	957.03	
192144	46	425.0	309.8	191.8	309.8	73.8	1.56	4.58	0	971	8	0.56	5.5	20.4	0.0	0.0	24.84	59	1.2758	2.0273	415	415.23	956.95	
192664	46	424.8	310.5	192.1	310.5	73.8	1.56	4.58	0	962	8	0.31	5.5	20.4	0.0	0.0	25.15	59	1.2758	2.0273	415	415.23	956.64	
193221	46	424.6	311.5	192.5	311.2	74.2	1.56	4.58	0	970	8	0.56	5.5	20.4	0.0	0.0	25.03	59	1.2758	2.0273	415	415.14	956.80	
193767	46	424.3	311.8	193.0	311.8	74.5	1.56	4.58	0	961	7	0.56	5.5	20.4	0.0	0.0	24.94	59	1.2758	2.0273	415	415.14	956.72	
194335	46	424.1	312.2	193.3	312.5	74.5	1.56	4.58	0	955	7	0.56	5.5	20.4	0.0	0.0	25.22	59	1.2758	2.0273	415	415.14	956.56	
194863	46	423.9	312.5	193.5	312.8	74.5	1.56	4.58	0	943	7	0.31	5.5	20.4	0.0	0.0	25.41	59	1.2758	2.0273	415	415.05	956.48	
195405	46	423.6	312.5	194.0	312.8	75.5	1.56	4.58	0	942	6	0.31	5.5	20.4	0.0	0.0	25.83	59	1.2758	2.0273	415	415.05	956.33	
195987	46	423.4	313.5	194.3	313.5	75.5	1.56	4.58	0	920	4	0.31	5.5	20.4	0.0	0.0	26.13	59	1.2758	2.0273	415	414.93	956.25	
196508	46	423.1	313.8	194.8	314.2	75.8	1.75	4.58	0	944	2	0.31	5.5	20.4	0.0	0.0	26.06	59	1.2758	2.0273	415	414.93	956.48	
197067	46	422.9	314.5	195.1	314.5	75.8	1.75	4.58	0	934	0	0.31	5.5	20.4	0.0	0.0	25.95	59	1.2758	2.0273	410	414.83	956.33	
197618	46	422.7	314.8	195.7	315.2	76.2	1.56	4.58	0	898	0	0.31	5.5	20.4	0.0	0.0	27.94	59	1.2758	2.0273	410	414.83	955.70	
198294	46	422.4	315.5	195.8	315.2	76.2	1.75	4.58	0	934	0	0.56	5.5	20.4	0.0	0.0	26.51	59	1.2758	2.0273	410	414.74	956.95	
198879	46	422.2	315.8	196.0	316.2	76.5	1.75	4.58	0	924	0	0.31	5.5	20.4	0.0	0.0	26.13	59	1.2758	2.0273	410	414.65	956.72	
199402	46	421.9	316.2	196.3	316.5	77.2	1.75	4.58	0	928	0	0.31	5.5	20.4	0.0	0.0	25.64	59	1.2758	2.0273	410	414.65	956.64	
199936	46	421.7	315.8	196.5	316.2	77.2	1.56	4.58	0	919	0	0.56	5.5	20.4	0.0	0.0	25.62	59	1.2758	2.0273	410	414.53	956.33	
200463	46	421.4	316.8	197.1	316.8	77.5	1.75	4.58	0	915	0	0.56	5.5	20.4	0.0	0.0	25.55	59	1.2758	2.0273	410	414.53	956.17	
201025	46	421.2	317.2	197.7	317.2	77.8	1.75	4.58	0	911	0	0.56	5.5	20.4	0.0	0.0	25.78	59	1.2758	2.0273	410	414.44	956.33	
201559	46	420.9	317.8	197.8	317.5	78.2	1.75	4.58	0	900	0	0.31	5.5	20.4	0.0	0.0	29.06	59	1.2758	2.0273	410	414.34	955.16	
202085	47	420.7	318.2	198.2	317.8	78.5	1.75	4.58	0	881	0	0.56	5.5	20.4	0.0	0.0	31.34	59	1.2758	2.0273	410	414.34	956.95	
202610	47	420.5	318.5	198.3	318.5	79.2	1.94	4.58	0	874	0	0.56	5.5	20.4	0.0	0.0	31.76	59	1.2758	2.0273	410	414.25	958.75	
203185	47	420.2	318.5	198.5	318.5	78.8	1.94	4.58	0	884	0	0.56	5.5	20.4	0.0	0.0	31.78	59	1.2758	2.0273	410	414.25	959.92	
203711	47	419.9	319.2	198.8	319.2	79.2	1.94	4.58	0	891	0	0.56	5.5	20.4	0.0	0.0	30.49	59	1.2758	2.0273	410	414.13	960.70	
204246	47	419.7	319.2	199.0	318.8	79.5	1.94	4.58	0	882	0	0.56	5.5	20.4	0.0	0.0	30.56	59	1.2758	2.0273	410	414.04	960.70	
204794	47	419.4	319.5	199.6	319.5	79.8	1.75	4.58	0	897	0	0.56	5.5	20.4	0.0	0.0	28.05	59	1.2758	2.0273	410	414.04	960.31	
205451	47	419.1	319.2	199.8	319.5	79.8	1.56	4.58	0	895	0	0.56	5.5	20.4	0.0	0.0	26.39	59	1.2758	2.0273	410	413.94	958.52	
206139	46	418.8	320.2	200.3	319.8	80.2	1.75	4.58	0	896	0	0.31	5.5	20.4	0.0	0.0	25.88	59	1.2758	2.0273	410	413.85	957.27	
206739	47	418.5	320.5	200.5	320.2	80.8	1.56	4.58	0	889	0	0.31	5.5	20.4	0.0	0.0	25.73	59	1.2758	2.0273	410	413.73	956.56	
207355	47	418.3	320.5	200.6	320.5	80.8	1.75	4.58	0	880	0	0.31	5.5	20.4	0.0	0.0	26.18	59	1.2758	2.0273	410	413.73	955.70	
207929	47	418.1	320.8	200.8	320.8	81.2	1.56	4.58	0	889	0	0.31	5.5	20.4	0.0	0.0	26.16	59	1.2758	2.0273	410	413.64	955.62	
208483	47	417.8	321.2	201.3	321.2	81.5	1.56	4.58	0	883	0	0.31	5.5	20.4	0.0	0.0	26.20	59	1.2758	2.0273	410	413.55	955.55	
209049	47	417.5	321.5	201.3	321.5	81.8	1.56	4.58	0	881	0	0.31	5.5	20.4	0.0	0.0	26.06	59	1.2758	2.0273	410	413.43	955.62	
209582	47	417.3	321.5	201.8	321.5	81.5	1.56	4.58	0	881	0	0.31	5.5	20.4	0.0	0.0	26.09	59	1.2758	2.0273	410	413.43	955.47	
210151	47	417.1	321.8	201.6	321.5	81.8	1.56	4.58	0	882	0	0.56	5.5	20.4	0.0	0.0	26.18	59	1.2758	2.0273	410	413.33	955.08	
210674	47	416.8	321.8	202.0	321.8	82.8	1.56	4.58	0	876	0	0.31	5.5	20.4	0.0	0.0	25.92	59	1.2758	2.0273	410	413.24	954.92	
211207	47	416.6	321.8	202.5	321.8	82.8	1.75	4.58	0	880	0	0.31	5.5	20.4	0.0	0.0	26.13	59	1.2758	2.0273	410	413.15	955.23	
211741	47	416.4	322.2	202.5	322.2	83.2	1.75	4.58	0	883	0	0.31	5.5	20.4	0.0	0.0	26.04	59	1.2758	2.0273	410	413.03	955.08	
212269	47	416.2	322.5	202.8	322.8	83.2	1.75	4.58	0	875	0	0.31	5.5	20.4	0.0	0.0	25.90	59	1.2758	2.0273	410	413.03	954.77	
212842	47	416.0	322.5	202.8	322.2	83.5	1.56	4.58	0	878	0	0.31	5.5	20.4	0.0	0.0	26.27	59	1.2758	2.0273	410	412.94	954.92	
213429	47	415.7	322.5	203.3	322.5	83.5	1.75	4.58	0	876	0	0.31	5.5	20.4	0.0	0.0	26.34	59	1.2758	2.0273	410	412.84	954.92	
213958	47	415.5	322.5	203.5	322.2	84.2	1.75	4.58	0	872	0	0.31	5.5	20.4	0.0	0.0	26.30	59	1.2758	2.0273	410	412.75	954.92	
214529	47	415.3	322.8	203.5	322.8	84.2	1.75	4.58	0	872	0	0.56	5.5	20.4	0.0	0.0	26.32	59	1.2758	2.0273	410	412.63	955.16	
215067	47	415.0	322.8	203.6	322.8	84.5	1.75	4.58	0	874	0	0.56	5.5	20.4	0.0	0.0	26.32	59	1.2758	2.0273	410	412.54	955.08	
215626	47	414.8	323.2	204.0	323.2	84.5	1.56	4.58	0	880	0	0.56	5.5	20.4	0.0	0.0	26.44	59	1.2758	2.0273	410	412.44	955.16	
216309	47	414.6	323.5	204.2	323.2	85.2	1.75	4.58	0	871	0	0.31	5.5	20.4	0.0	0.0	25.92	59	1.2758	2.0273	410	412.35	955.08	
216861	47	414.4	323.5	204.2	323.5	85.5	1.75	4.58	0	843	0	0.31	5.5	20.4	0.0	0.0	26.58	59	1.2758	2.0273	410	412.23	954.84	
217404	47	414.1	323.5	204.5	323.5	86.2	1.56	4.58	0	812	0	0.31	5.5	20.4	0.0	0.0	26.88	59	1.2758	2.0273	410	412.14	954.69	
217934	47	413.9	323.5	204.6	323.5	86.2	1.56	4.58	0	803	0	0.31	5.5	20.4	0.0	0.0	27.56	59	1.2758	2.0273	410	412.05	954.84	
218504	47	413.7	323.5	205.1	323.8	86.2	1.75	4.58	0	806	0	0.31	5.5	20.4	0.0	0.0	27.52	59	1.2758	2.0273	410	411.93	954.77	
219111	47	413.4	323.5	204.8	323.5	86.8	1.75	4.58	0	803	0	0.56	5.5	20.4	0.0	0.0	27.49	59	1.2758	2.0273	410	411.83	954.77	
219634	47	413.2	323.5	205.1	323.8	86.5	1.56	4.58	0	801	0	0.31	5.5	20.4	0.0	0.0	27.56	59	1.2758	2.0273	410	411.83	955.00	
220164	47	413.0	323.5	205.1	323.8	86.8	1.56	4.58	0	790	0	0.31	5.5	20.4	0.0	0.0	27.33	59	1.2758	2.0273	410	411.74	954.77	
220705	47	412.8	323.5	205.5	323.8	86.8	1.56	4.58	0	794	0	0.31	5.5	20.4	0.0	0.0	27.30	59	1.2758	2.0273	410	411.65	954.84	
221248	47	412.6	323.8	205.6	323.8	87.5	1.56	4.58	0	802	0	0.31	5.5	20.4	0.0	0.0	27.38	59	1.2758	2.0273	410	411.53	954.77	
221800	47	412.4	323.8	205.6	323.8	87.5	1.75	4.58	0	810	0	0.31	5.5	20.4	0.0	0.0	27.30	59	1.2758	2.0273	410	411.44	954.69	
222336	47	412.2	323.8	205.6	323.5	87.8	1.56	4.58	0	805	0	0.56	5.5	20.4	0.0	0.0	27.07	59	1.2758	2.0273	410	411.34	954.92	
222877	47	411.9	324.2	206.3	323.8	88.5	1.56	4.58	0	799	0	0.31	5.5	20.4	0.0	0.0	27.38	59	1.2758	2.0273	410	411.25	954.69	
223421	47	411.7	323.8	206.0	323.8	88.5	1.56	4.58	0	802	0	0.31	5.5	20.4	0.0	0.0	27.30	59	1.2758	2.0273	410	411.13	954.77	
223981	47	411.5	324.2	206.3	324.2	88.8	1.75	4.58	0	806	0	0.31	5.5	20.4	0.0	0.0	27.12	59	1.2758	2.0273	410	411.04	954.84	
224580	47	411.3	323.8	206.3	323.5	88.8	1.75	4.58	0	799	0	0.31	5.5	20.4	0.0	0.0	27.16	59	1.2758	2.0273	410	410.94	954.92	
225132	47	411.1	324.2	206.5	324.2	89.2	1.56	4.58	0	793	0	0.31	5.5	20.4	0.0	0.0	27.21	59	1.2758	2.0273	410	410.85	954.84	
225638	47	410.9	324.2	206.6	324.5	89.8	1.56	4.58	0	790	0	0.31	5.5	20.4	0.0	0.0	27.26	59	1.2758	2.0273	410	410.73	954.69	
226235	47	410.6	323.8	206.6	323.5	89.8	1.56	4.58	0	808	0	0.31	5.5	20.4	0.0	0.0	27.45	59	1.2758	2.0273	410	410.64	954.77	
226757	47	410.4	324.2	206.8	323.8	89.8	1.75	4.58	0	809	0	0.31	5.5	20.4	0.0	0.0	27.28	59	1.2758	2.0273	410	410.55	954.84	
227305	47	410.2	324.2	207.0	324.2	89.8	1.75	4.58	0	796	0	0.31	5.5	20.4	0.0	0.0	27.38	59	1.2758	2.0273	410	410.43	954.69	
227827	47	410.0	324.2	207.1	323.8	90.5	1.75	4.58	0	790	0	0.31	5.5	20.4	0.0	0.0	27.56	59	1.2758	2.0273	410	410.33	954.77	
228408	47	409.7	323.8	207.3	324.5	90.5	1.56	4.58	0	822	0	0.31	5.5	20.4	0.0	0.0	25.34	59	1.2758	2.0273	410	410.24	955.55	
228999	47	409.5	324.2	207.3	323.8	90.5	1.56	4.58	0	771	0	0.31	5.5	20.4	0.0	0.0	24.73	59	1.2758	2.0273	410	410.15	954.53	
229512	47	409.3	324.2	207.5	324.5	91.2	1.75	4.58	0	782	0	0.31	5.5	20.4	0.0	0.0	25.57	59	1.2758	2.0273	410	410.03	954.38	
230077	47	409.1	324.2	207.8	324.2	91.2	1.75	4.58	0	819	0	0.31	5.5	20.4	0.0	0.0	23.91	59	1.2758	2.0273	410	409.94	954.53	
230631	47	408.9	323.8	207.8	323.8	91.5	1.56	4.58	0	824	0	0.31	5.5	20.4	0.0	0.0	23.41	59	1.2758	2.0273	405	409.84	954.45	
231165	47	408.7	323.8	207.8	323.8	91.8	1.56	4.58	0	817	0	0.31	5.5	20.4	0.0	0.0	23.67	59	1.2758	2.0273	405	409.75	954.22	
231697	47	408.5	323.8	208.0	323.8	92.2	1.75	4.58	0	821	0	0.31	5.5	20.4	0.0	0.0	23.30	59	1.2758	2.0273	405	409.63	954.38	
232211	47	408.3	323.8	208.0	323.8	92.2	1.56	4.58	0	815	0	0.31	5.5	20.4	0.0	0.0	23.39	59	1.2758	2.0273	405	409.54	954.38	
232737	47	408.1	323.5	208.0	324.2	92.5	1.56	4.58	0	810	0	0.31	5.5	20.4	0.0	0.0	23.58	59	1.2758	2.0273	405	409.44	954.22	
233357	47	407.9	323.8	208.1	323.8	92.5	1.56	4.58	0	810	0	0.31	5.5	20.4	0.0	0.0	23.30	59	1.2758	2.0273	405	409.35	954.14	
233960	47	407.7	323.5	208.3	323.5	93.2	1.56	4.58	0	817	0	0.31	5.5	20.4	0.0	0.0	23.46	59	1.2758	2.0273	405	409.23	954.14	
234466	47	407.5	323.5	208.5	323.5	93.2	1.56	4.58	0	816	0	0.31	5.5	20.4	0.0	0.0	23.39	59	1.2758	2.0273	405	409.14	953.98	
235025	47	407.3	323.5	208.6	323.8	93.5	1.56	4.58	0	819	0	0.31	5.5	20.4	0.0	0.0	23.32	59	1.2758	2.0273	405	409.05	953.98	
235540	47	407.1	323.5	208.5	323.5	93.8	1.56	4.58	0	818	0	0.31	5.5	20.4	0.0	0.0	23.41	59	1.2758	2.0273	405	408.93	953.98	
236062	47	406.9	323.8	208.6	323.5	93.8	1.56	4.58	0	813	0	0.31	5.5	20.4	0.0	0.0	23.39	59	1.2758	2.0273	405	408.83	953.98	
236591	47	406.7	323.2	208.8	323.2	94.2	1.56	4.58	0	805	0	0.31	5.5	20.4	0.0	0.0	23.48	59	1.2758	2.0273	405	408.74	953.67	
237167	47	406.5	323.2	209.0	323.5	94.5	1.56	4.58	0	807	0	0.31	5.5	20.4	0.0	0.0	23.55	59	1.2758	2.0273	405	408.65	953.67	
237713	47	406.3	323.2	208.8	323.2	94.5	1.56	4.58	0	816	0	0.31	5.5	20.4	0.0	0.0	23.51	59	1.2758	2.0273	405	408.53	953.83	
238238	47	406.1	323.5	209.0	323.2	95.2	1.56	4.58	0	817	0	0.31	5.5	20.4	0.0	0.0	23.39	59	1.2758	2.0273	405	408.44	953.75	
238829	47	405.9	323.2	209.3	323.5	95.2	1.56	4.58	0	809	0	0.31	5.5	20.4	0.0	0.0	23.02	59	1.2758	2.0273	405	408.34	953.91	
239349	47	405.7	323.2	209.3	323.2	95.5	1.56	4.58	0	795	0	0.00	5.5	20.4	0.0	0.0	23.37	59	1.2758	2.0273	405	408.25	953.83	
239902	47	405.5	323.2	209.3	323.2	95.5	1.56	4.58	0	798	0	0.31	5.5	20.4	0.0	0.0	23.41	59	1.2758	2.0273	405	408.13	953.83	
240504	47	405.3	323.2	209.3	323.2	95.8	1.56	4.58	0	801	0	0.31	5.5	20.4	0.0	0.0	23.46	59	1.2758	2.0273	405	408.04	953.67	
241022	47	405.1	322.8	209.7	323.2	95.8	1.56	4.58	0	798	0	0.31	5.5	20.4	0.0	0.0	23.53	59	1.2758	2.0273	405	407.94	953.67	
241614	47	404.9	322.8	209.5	322.8	96.2	1.56	4.58	0	801	0	0.31	5.5	20.4	0.0	0.0	23.53	59	1.2758	2.0273	405	407.73	953.83	
242266	47	404.7	322.8	209.6	322.5	96.5	1.56	4.58	0	797	0	0.31	5.5	20.4	0.0	0.0	23.58	59	1.2758	2.0273	405	407.64	953.75	
242785	47	404.5	322.5	209.8	322.8	96.8	1.56	4.58	0	802	0	0.31	5.5	20.4	0.0	0.0	23.46	59	1.2758	2.0273	405	407.55	953.83	
243365	47	404.3	322.8	210.0	322.5	96.8	1.56	4.58	0	800	0	0.31	5.5	20.4	0.0	0.0	23.70	59	1.2758	2.0273	405	407.43	953.91	
243906	47	404.1	322.5	210.0	322.5	97.5	1.56	4.58	0	800	0	0.31	5.5	20.4	0.0	0.0	23.77	59	1.2758	2.0273	405	407.33	953.83	
244459	47	403.9	322.5	210.0	322.5	97.8	1.56	4.58	0	802	0	0.31	5.5	20.4	0.0	0.0	23.70	59	1.2758	2.0273	405	407.24	953.67	
245002	47	403.7	322.8	210.1	322.5	97.5	1.56	4.58	0	795	0	0.31	5.5	20.4	0.0	0.0	23.65	59	1.2758	2.0273	405	407.15	953.67	
245534	47	403.5	322.2	210.0	322.5	97.5	1.56	4.58	0	797	0	0.31	5.5	20.4	0.0	0.0	23.48	59	1.2758	2.0273	405	407.03	953.67	
246124	47	403.3	322.2	210.3	322.2	98.5	1.56	4.58	0	798	0	0.31	5.5	20.4	0.0	0.0	23.67	59	1.2758	2.0273	405	406.94	953.75	
246656	47	403.1	322.5	210.2	322.5	98.5	1.56	4.58	0	801	0	0.31	5.5	20.4	0.0	0.0	23.67	59	1.2758	2.0273	405	406.84	953.44	
247227	47	402.9	321.8	210.5	322.2	98.8	1.44	4.58	0	800	0	0.31	5.5	20.4	0.0	0.0	23.55	59	1.2758	2.0273	405	406.63	953.75	
247779	47	402.7	322.2	210.1	322.2	98.5	1.56	4.58	0	799	0	0.31	5.5	20.4	0.0	0.0	23.34	59	1.2758	2.0273	405	406.54	953.67	
248319	47	402.5	321.8	210.3	322.2	98.8	1.56	4.58	0	797	0	0.31	5.5	20.4	0.0	0.0	23.46	59	1.2758	2.0273	405	406.44	953.75	
248862	47	402.3	322.2	210.5	322.2	99.2	1.56	4.58	0	800	0	0.31	5.5	20.4	0.0	0.0	23.41	59	1.2758	2.0273	405	406.35	953.67	
249396	47	402.1	321.8	210.5	321.8	99.5	1.56	4.58	0	799	0	0.31	5.5	20.4	0.0	0.0	23.37	59	1.2758	2.0273	405	406.23	953.59	
249951	47	401.9	322.2	210.6	321.8	99.5	1.56	4.58	0	806	0	0.31	5.5	20.4	0.0	0.0	27.21	59	1.2758	2.0273	405	406.14	952.58	
250653	47	401.7	321.5	211.2	321.5	99.8	1.75	4.58	0	890	0	0.31	5.5	20.4	0.0	0.0	23.53	59	1.2758	2.0273	405	406.05	954.69	
251160	47	401.5	321.8	210.8	321.8	100.5	1.56	4.58	0	850	0	0.31	5.5	20.4	0.0	0.0	31.12	59	1.2758	2.0273	405	405.93	954.38	
251685	47	401.3	321.5	211.0	321.5	100.5	1.75	4.58	0	837	0	0.31	5.5	20.4	0.0	0.0	32.74	59	1.2758	2.0273	405	405.83	956.25	
252190	47	401.0	321.5	211.1	321.5	101.2	1.75	4.58	0	948	0	0.56	5.5	20.4	0.0	0.0	39.47	59	1.2758	2.0273	405	405.74	954.92	
252732	47	400.8	321.5	211.1	321.5	100.5	1.75	4.58	0	1,186	1	1.38	5.5	20.4	0.0	0.0	39.75	59	1.2758	2.0273	405	405.53	961.25	
253260	47	400.5	321.5	211.3	321.8	101.2	1.94	4.58	0	1,077	3	1.38	5.5	20.4	0.0	0.0	43.22	59	1.2758	2.0273	405	405.44	968.05	
253832	47	400.2	321.8	211.5	321.8	101.2	1.75	4.58	0	1,146	6	1.38	5.5	20.4	0.0	0.0	40.36	59	1.2758	2.0273	405	405.34	973.44	
254360	47	399.9	321.8	211.8	322.2	101.5	1.75	4.58	0	1,221	8	1.62	5.5	20.4	0.0	0.0	37.90	59	1.2758	2.0273	405	405.25	975.00	
254941	47	399.5	322.2	212.0	322.2	101.5	1.75	4.58	0	1,300	9	1.38	5.5	20.4	0.0	0.0	36.42	59	1.2758	2.0273	405	405.13	975.23	
255515	47	399.2	322.5	212.1	322.8	101.8	1.94	4.58	0	1,364	11	1.62	5.5	20.4	0.0	0.0	38.04	59	1.2758	2.0273	405	404.94	976.80	
256044	47	398.9	323.8	212.8	323.8	102.2	1.75	4.58	0	1,293	12	1.62	5.5	20.4	0.0	0.0	41.60	59	1.2758	2.0273	400	404.85	978.20	
256581	47	398.6	323.8	213.1	323.8	102.5	1.75	4.58	0	1,293	14	2.44	5.5	20.4	0.0	0.0	43.73	59	1.2758	2.0273	400	404.73	985.47	
257121	47	398.3	324.5	213.5	324.5	102.5	1.94	4.58	0	1,330	15	2.44	5.5	20.4	0.0	0.0	42.28	59	1.2758	2.0273	400	404.55	992.27	
257686	47	398.0	325.2	214.0	325.5	102.5	1.44	4.58	0	1,233	16	1.12	5.5	20.4	0.0	0.0	24.66	59	1.2758	2.0273	400	404.43	978.91	
258220	47	397.8	325.8	214.3	326.2	102.5	1.06	4.58	0	1,216	15	0.56	5.5	20.4	0.0	0.0	17.93	59	1.2758	2.0273	400	404.33	962.66	
258733	46	397.6	326.5	215.1	326.8	103.5	1.44	4.58	0	1,258	15	0.81	5.5	20.4	0.0	0.0	26.02	59	1.2758	2.0273	400	404.24	957.34	
259376	47	397.5	327.8	215.6	327.8	103.2	1.56	4.58	0	1,226	16	0.81	5.5	20.4	0.0	0.0	25.80	59	1.2758	2.0273	400	404.15	960.62	
259885	47	397.3	328.2	215.8	328.5	103.5	1.56	4.58	0	1,260	16	1.12	5.5	20.4	0.0	0.0	26.13	59	1.2758	2.0273	400	404.03	960.00	
260443	47	397.2	329.2	216.5	329.2	103.5	1.56	4.58	0	1,305	16	1.12	5.5	20.4	0.0	0.0	30.91	59	1.2758	2.0273	400	403.94	959.45	
261025	47	397.1	329.5	216.6	329.5	104.2	1.94	4.58	0	1,412	17	1.38	5.5	20.4	0.0	0.0	35.51	59	1.2758	2.0273	400	403.84	963.59	
261563	47	397.0	330.5	217.0	330.8	103.8	1.94	4.58	0	1,460	18	1.38	5.5	20.4	0.0	0.0	28.27	59	1.2758	2.0273	400	403.75	968.75	
262099	47	397.0	331.2	217.5	331.2	104.5	1.06	4.58	0	1,421	18	0.81	5.5	20.4	0.0	0.0	17.20	59	1.2758	2.0273	400	403.63	959.69	
262628	46	397.0	331.5	218.3	331.8	104.5	1.56	4.58	0	1,445	18	1.12	5.5	20.4	0.0	0.0	20.11	59	1.2758	2.0273	400	403.54	957.58	
263152	47	397.0	332.5	218.5	332.5	104.5	1.44	4.58	0	1,397	18	0.81	5.5	20.4	0.0	0.0	18.52	59	1.2758	2.0273	400	403.54	956.95	
263714	47	397.0	332.8	219.1	332.8	105.2	1.06	4.58	0	1,342	17	0.81	5.5	20.4	0.0	0.0	14.41	59	1.2758	2.0273	400	403.44	955.47	
264209	46	397.0	333.5	219.1	333.8	105.2	1.06	4.58	0	1,340	17	0.81	5.5	20.4	0.0	0.0	13.15	59	1.2758	2.0273	400	403.44	957.89	
264728	46	397.0	334.2	219.7	334.2	105.5	0.38	4.58	0	1,300	16	0.56	5.5	20.4	0.0	0.0	17.84	59	1.2758	2.0273	400	403.35	956.09	
265248	47	397.0	334.5	220.0	334.5	105.8	1.75	4.58	0	1,308	16	1.12	5.5	20.4	0.0	0.0	34.10	59	1.2758	2.0273	400	403.35	951.95	
265753	47	397.0	334.8	220.0	334.5	105.5	2.12	4.58	0	1,334	17	3.50	5.5	20.4	0.0	0.0	55.36	59	1.2758	2.0273	400	403.23	972.81	
266270	47	397.1	334.5	220.1	335.2	106.2	3.50	4.58	0	1,543	19	4.88	5.5	20.4	0.0	0.0	60.02	59	1.2758	2.0273	400	403.23	998.52	
266873	47	397.2	335.2	220.7	335.2	106.5	4.19	4.58	0	1,685	22	3.81	5.5	20.4	0.0	0.0	50.88	59	1.2758	2.0273	400	403.14	1,062.11	
267430	47	397.4	335.5	221.0	335.8	106.5	3.00	4.58	0	1,820	24	2.19	5.5	20.4	0.0	0.0	36.73	59	1.2758	2.0273	400	402.93	1,059.61	
268046	47	397.6	336.2	221.3	336.2	106.5	3.50	4.58	0	1,372	24	1.12	5.5	20.4	0.0	0.0	18.56	59	1.2758	2.0273	400	402.83	983.05	
268558	47	397.8	337.2	222.0	336.8	106.8	1.75	4.58	0	1,198	24	0.81	5.5	20.4	0.0	0.0	18.80	59	1.2758	2.0273	400	402.83	966.25	
269125	46	398.1	337.2	222.1	337.8	106.8	1.25	4.58	0	1,180	24	0.81	5.5	20.4	0.0	0.0	17.23	59	1.2758	2.0273	400	402.74	959.53	
269639	46	398.3	338.2	223.0	338.5	107.2	1.25	4.58	0	1,173	24	0.56	5.5	20.4	0.0	0.0	12.89	59	1.2758	2.0273	400	402.74	957.03	
270169	46	398.5	338.8	223.1	339.2	107.5	1.25	4.58	0	1,112	23	0.31	5.5	20.4	0.0	0.0	17.02	59	1.2758	2.0273	400	402.74	960.55	
270679	46	398.7	339.5	223.5	339.5	107.5	0.88	4.58	0	1,081	22	0.56	5.5	20.4	0.0	0.0	17.39	59	1.2758	2.0273	400	402.65	962.11	
271189	47	398.9	339.8	223.6	339.8	107.8	1.56	4.58	0	849	21	0.56	5.5	20.4	0.0	0.0	14.95	59	1.2758	2.0273	400	402.65	957.73	
271704	47	399.2	340.2	224.0	340.2	107.8	1.94	4.58	0	937	21	0.56	5.5	20.4	0.0	0.0	26.41	59	1.2758	2.0273	400	402.65	958.75	
272265	47	399.4	340.2	224.3	340.2	108.2	1.44	4.58	0	1,048	21	0.31	5.5	20.4	0.0	0.0	16.88	59	1.2758	2.0273	400	402.65	958.05	
272782	47	399.6	340.5	224.3	340.5	108.5	1.56	4.58	0	1,007	20	0.31	5.5	20.4	0.0	0.0	18.87	59	1.2758	2.0273	400	402.65	956.48	
273298	47	399.8	340.2	224.5	340.2	108.8	1.56	4.58	0	996	18	0.56	5.5	20.4	0.0	0.0	19.69	59	1.2758	2.0273	400	402.53	956.09	
273844	47	400.0	340.2	224.5	339.8	108.5	1.44	4.58	0	977	16	0.31	5.5	20.4	0.0	0.0	20.53	59	1.2758	2.0273	400	402.53	955.39	
274357	47	400.2	339.8	224.1	339.8	109.2	1.56	4.58	0	962	14	0.31	5.5	20.4	0.0	0.0	21.21	59	1.2758	2.0273	400	402.53	954.84	
274934	47	400.5	339.5	224.3	339.5	109.2	1.56	4.58	0	946	13	0.31	5.5	20.4	0.0	0.0	21.49	59	1.2758	2.0273	400	402.53	955.00	
275444	47	400.6	339.5	224.5	339.5	109.5	1.56	4.58	0	933	12	0.31	5.5	20.4	0.0	0.0	21.98	59	1.2758	2.0273	400	402.44	954.84	
275970	47	400.8	339.2	224.5	339.5	110.2	1.56	4.58	0	940	12	0.31	5.5	20.4	0.0	0.0	22.17	59	1.2758	2.0273	400	402.44	954.77	
276597	47	401.0	339.2	225.0	339.2	109.8	1.56	4.58	0	944	12	0.31	5.5	20.4	0.0	0.0	20.30	59	1.2758	2.0273	400	402.34	954.22	
277111	47	401.1	339.2	224.3	338.8	110.2	1.75	4.58	0	997	12	0.56	5.5	20.4	0.0	0.0	30.66	59	1.2758	2.0273	400	402.34	953.44	
277624	47	401.3	338.8	224.6	338.8	110.5	1.56	4.58	0	1,167	12	0.81	5.5	20.4	0.0	0.0	31.66	59	1.2758	2.0273	400	402.34	955.39	
278151	47	401.5	338.8	225.0	338.5	110.5	1.56	4.58	0	1,226	13	1.12	5.5	20.4	0.0	0.0	33.16	59	1.2758	2.0273	400	402.25	959.30	
278680	48	401.7	338.8	224.5	338.8	111.2	1.75	4.58	0	1,220	14	1.12	5.5	20.4	0.0	0.0	32.74	59	1.2758	2.0273	400	402.25	962.97	
279251	47	401.8	338.2	224.7	338.5	111.2	1.44	4.58	0	1,245	15	1.38	5.5	20.4	0.0	0.0	37.45	59	1.2758	2.0273	400	402.25	964.92	
279758	47	402.0	338.5	224.8	338.5	111.5	1.94	4.58	0	1,286	16	1.94	5.5	20.4	0.0	0.0	44.27	59	1.2758	2.0273	400	402.25	972.27	
280285	47	402.2	338.5	225.0	338.5	111.5	2.12	4.58	0	1,392	18	2.75	5.5	20.4	0.0	0.0	44.70	59	1.2758	2.0273	400	402.25	988.12	
280837	47	402.4	338.5	225.3	338.8	111.5	2.25	4.58	0	1,466	19	2.75	5.5	20.4	0.0	0.0	44.11	59	1.2758	2.0273	400	402.34	999.30	
281392	47	402.7	339.2	225.3	338.8	111.8	2.44	4.58	0	1,577	20	2.19	5.5	20.4	0.0	0.0	42.30	59	1.2758	2.0273	400	402.34	1,004.30	
281935	47	402.9	339.5	225.5	339.5	111.8	3.12	4.58	0	1,717	22	2.44	5.5	20.4	0.0	0.0	45.26	59	1.2758	2.0273	400	402.34	1,019.92	
282527	47	403.3	339.8	226.0	340.2	111.8	3.81	4.58	0	1,849	24	3.25	5.5	20.4	0.0	0.0	51.56	59	1.2758	2.0273	400	402.44	1,054.92	
283134	47	403.8	340.5	226.3	340.2	112.5	4.00	4.58	0	1,995	26	4.31	5.5	20.4	0.0	0.0	51.52	59	1.2758	2.0273	400	402.44	1,063.83	
283647	47	404.4	341.5	227.0	341.5	112.5	4.19	4.58	0	2,081	27	5.12	5.5	20.4	0.0	0.0	46.38	59	1.2758	2.0273	400	402.53	989.69	
284187	47	405.1	342.5	227.6	342.2	112.8	3.69	4.58	0	1,612	28	3.81	5.5	20.4	0.0	0.0	54.07	59	1.2758	2.0273	400	402.53	1,023.12	
284832	47	406.0	343.5	227.8	343.5	113.2	3.50	4.58	0	1,573	29	4.31	5.5	20.4	0.0	0.0	58.92	59	1.2758	2.0273	400	402.65	1,074.77	
285410	47	407.1	344.2	229.0	344.2	113.5	4.38	4.58	0	1,638	31	4.88	5.5	20.4	0.0	0.0	64.95	59	1.2758	2.0273	400	402.74	1,092.34	
285948	47	408.7	345.5	230.0	345.8	113.8	5.94	4.58	0	1,747	34	6.25	5.5	20.4	0.0	0.0	74.46	59	1.2758	2.0273	400	402.83	1,183.28	
286516	47	410.6	347.2	230.3	347.2	113.8	6.81	4.58	0	1,838	36	7.56	5.5	20.4	0.0	0.0	79.43	59	1.2758	2.0273	400	403.05	1,272.89	
287088	47	413.5	348.5	231.2	348.5	113.8	7.31	4.58	0	1,957	39	10.81	5.5	20.4	0.0	0.0	85.57	59	1.2758	2.0273	400	403.23	1,362.11	
287609	47	417.0	349.8	231.8	350.2	114.2	7.81	4.58	0	2,081	41	13.25	5.5	20.4	0.0	0.0	85.73	59	1.2758	2.0273	400	403.63	1,292.11	
288181	47	422.0	351.2	232.6	351.5	114.2	6.62	4.58	0	2,178	44	12.44	5.5	20.4	0.0	0.0	73.55	59	1.2758	2.0273	400	404.15	1,174.77	
288700	46	427.6	353.2	233.6	352.8	114.8	6.81	4.58	0	1,718	45	7.88	5.5	20.4	0.0	0.0	77.70	59	1.2758	2.0273	405	405.13	1,158.75	
289250	46	433.1	355.2	234.8	355.2	115.5	6.25	4.58	0	1,687	46	7.31	5.5	20.4	0.0	0.0	73.69	59	1.2758	2.0273	405	406.05	1,119.69	
289779	46	438.2	356.8	235.7	356.8	115.2	5.25	4.58	0	1,646	48	5.94	5.5	20.4	0.0	0.0	48.09	59	1.2758	2.0273	405	407.03	1,073.20	
290323	46	443.0	358.2	236.5	358.5	115.5	2.44	4.58	0	1,722	48	1.94	5.5	20.4	0.0	0.0	54.16	59	1.2758	2.0273	405	408.25	1,040.39	
290880	46	448.2	359.8	237.8	360.5	115.8	4.56	4.58	0	1,649	49	5.44	5.5	20.4	0.0	0.0	72.09	59	1.2758	2.0273	405	409.44	1,113.20	
291475	46	453.5	362.2	239.0	362.2	116.2	5.06	4.58	0	1,702	50	5.44	5.5	20.4	0.0	0.0	41.81	59	1.2758	2.0273	410	411.04	1,080.31	
292043	46	458.4	363.8	240.3	363.8	116.5	1.56	4.58	0	1,699	50	0.81	5.5	20.4	0.0	0.0	18.49	59	1.2758	2.0273	410	412.35	994.45	
292566	45	461.6	365.8	240.8	365.5	116.8	1.25	4.58	0	1,442	50	0.81	5.5	20.4	0.0	0.0	36.77	59	1.2758	2.0273	410	413.43	967.27	
293096	45	465.3	366.8	241.8	367.5	116.8	2.25	4.58	0	1,374	50	4.88	5.5	20.4	0.0	0.0	68.18	59	1.2758	2.0273	410	414.74	1,012.27	
293757	46	469.4	368.5	242.5	368.5	117.2	2.62	4.58	0	1,340	51	6.50	5.5	20.4	0.0	0.0	47.65	59	1.2758	2.0273	415	416.73	1,037.19	
294261	46	472.8	369.5	243.3	369.8	117.5	1.06	4.58	0	1,316	51	1.62	5.5	20.4	0.0	0.0	20.32	59	1.2758	2.0273	415	417.93	991.56	
294756	46	476.0	371.2	244.1	371.2	117.5	1.25	4.58	0	1,287	51	0.56	5.5	20.4	0.0	0.0	13.10	59	1.2758	2.0273	415	419.03	969.77	
295286	45	478.2	371.8	244.8	372.2	117.5	0.56	4.58	0	1,267	50	0.56	5.5	20.4	0.0	0.0	14.02	59	1.2758	2.0273	420	420.04	962.19	
295805	46	480.5	372.8	245.1	372.8	118.2	0.69	4.58	0	1,200	49	0.56	5.5	20.4	0.0	0.0	17.04	59	1.2758	2.0273	420	421.14	961.33	
296340	46	482.3	373.5	245.8	373.5	118.5	0.88	4.58	0	1,097	49	0.31	5.5	20.4	0.0	0.0	16.48	59	1.2758	2.0273	420	422.03	965.08	
296872	46	484.3	374.5	246.3	374.2	118.5	1.06	4.58	0	1,026	48	0.56	5.5	20.4	0.0	0.0	15.77	59	1.2758	2.0273	420	422.94	963.83	
297471	46	486.2	374.5	246.6	374.5	119.2	1.25	4.58	0	996	47	0.31	5.5	20.4	0.0	0.0	16.17	59	1.2758	2.0273	420	423.93	962.81	
297988	46	487.7	374.5	246.6	374.5	118.8	1.44	4.58	0	979	47	-0.19	5.5	20.4	0.0	0.0	16.31	59	1.2758	2.0273	420	424.84	962.03	
298538	46	489.2	374.5	247.0	374.2	119.5	1.44	4.58	0	979	46	0.00	5.5	20.4	0.0	0.0	16.45	59	1.2758	2.0273	425	425.85	961.95	
299051	46	490.7	374.2	246.8	374.2	119.5	1.56	4.58	0	936	45	0.00	5.5	20.4	0.0	0.0	15.07	59	1.2758	2.0273	425	426.65	961.09	
299646	46	492.2	373.8	246.8	373.5	119.5	1.06	4.58	0	1,162	45	0.31	5.5	20.4	0.0	0.0	11.30	59	1.2758	2.0273	425	427.54	958.75	
300172	46	493.3	373.2	246.6	373.2	120.2	1.06	4.58	0	1,152	44	0.56	5.5	20.4	0.0	0.0	12.45	59	1.2758	2.0273	425	428.33	957.58	
300732	46	494.5	372.5	246.3	372.5	120.2	1.44	4.58	0	1,113	44	0.31	5.5	20.4	0.0	0.0	12.54	59	1.2758	2.0273	425	429.34	956.25	
301264	46	495.6	371.8	246.3	372.2	120.5	1.25	4.58	0	1,120	43	0.31	5.5	20.4	0.0	0.0	12.66	59	1.2758	2.0273	430	430.05	955.55	
301781	47	496.5	371.2	246.3	371.2	120.5	1.25	4.58	0	1,093	43	0.31	5.5	20.4	0.0	0.0	12.40	59	1.2758	2.0273	430	430.75	954.92	
302392	47	497.4	370.5	245.6	370.5	120.8	1.25	4.58	0	1,088	42	0.31	5.5	20.4	0.0	0.0	12.54	59	1.2758	2.0273	430	431.64	954.69	
302946	47	498.3	369.8	245.3	369.8	120.8	1.56	4.58	0	1,071	42	0.31	5.5	20.4	0.0	0.0	12.33	59	1.2758	2.0273	430	432.44	954.22	
303475	47	499.2	369.2	245.5	369.5	121.8	1.25	4.58	0	1,059	41	0.31	5.5	20.4	0.0	0.0	12.19	59	1.2758	2.0273	430	433.14	954.14	
303931	47	499.8	368.5	245.0	368.5	121.5	1.44	4.58	0	1,041	41	0.31	5.5	20.4	0.0	0.0	12.28	59	1.2758	2.0273	430	433.75	953.83	
304512	47	500.6	367.8	244.8	367.8	121.8	1.56	4.58	0	1,029	40	0.00	5.5	20.4	0.0	0.0	12.49	59	1.2758	2.0273	430	434.55	953.98	
305073	47	501.3	366.8	244.7	366.8	122.2	1.25	4.58	0	1,023	40	0.00	5.5	20.4	0.0	0.0	12.26	59	1.2758	2.0273	435	435.13	953.67	
305603	47	501.9	366.5	244.3	366.5	122.5	1.56	4.58	0	1,019	39	0.31	5.5	20.4	0.0	0.0	12.54	59	1.2758	2.0273	435	435.83	953.67	
306165	47	502.5	365.8	244.3	365.5	122.2	1.44	4.58	0	998	39	0.31	5.5	20.4	0.0	0.0	12.47	59	1.2758	2.0273	435	436.35	953.36	
306717	47	503.0	364.8	243.8	364.8	122.8	1.44	4.58	0	1,000	38	0.31	5.5	20.4	0.0	0.0	12.68	59	1.2758	2.0273	435	437.03	953.44	
307234	47	503.5	364.2	243.7	364.2	122.8	1.44	4.58	0	989	38	0.00	5.5	20.4	0.0	0.0	12.23	59	1.2758	2.0273	435	437.64	953.36	
307766	47	503.9	363.5	243.3	363.2	123.2	1.44	4.58	0	970	38	0.31	5.5	20.4	0.0	0.0	12.84	59	1.2758	2.0273	435	438.13	953.20	
308363	47	504.4	362.5	243.1	362.2	123.5	1.25	4.58	0	942	37	0.00	5.5	20.4	0.0	0.0	12.61	59	1.2758	2.0273	435	438.74	953.20	
308896	47	504.9	361.8	242.8	361.8	123.8	1.56	4.58	0	947	36	0.00	5.5	20.4	0.0	0.0	12.40	59	1.2758	2.0273	435	439.23	952.27	
309453	47	505.3	360.8	242.5	361.2	124.2	1.44	4.58	0	1,106	36	0.56	5.5	20.4	0.0	0.0	12.91	59	1.2758	2.0273	435	439.84	953.83	
309990	47	505.7	360.5	242.1	360.2	123.8	0.69	4.58	0	1,194	35	0.56	5.5	20.4	0.0	0.0	17.55	59	1.2758	2.0273	440	440.33	957.03	
310642	47	506.1	359.8	242.0	359.8	124.2	0.69	4.58	0	1,166	34	0.56	5.5	20.4	0.0	0.0	18.07	59	1.2758	2.0273	440	440.94	960.86	
311198	47	506.6	359.2	241.8	358.8	124.5	1.25	4.58	0	1,137	34	0.56	5.5	20.4	0.0	0.0	31.48	59	1.2758	2.0273	440	441.53	951.02	
311716	48	507.3	358.5	241.5	358.2	124.8	2.12	4.58	0	1,261	34	2.19	5.5	20.4	0.0	0.0	52.15	59	1.2758	2.0273	440	442.14	965.86	
312236	48	507.9	357.8	241.3	357.8	124.8	2.12	4.58	0	1,259	35	4.06	5.5	20.4	0.0	0.0	60.40	59	1.2758	2.0273	440	442.94	1,003.75	
312760	48	508.5	356.8	241.2	357.2	124.8	1.94	4.58	0	1,256	36	4.31	5.5	20.4	0.0	0.0	60.23	59	1.2758	2.0273	440	443.85	1,029.53	
313282	48	509.2	356.8	240.8	356.5	125.5	2.12	4.58	0	1,281	37	4.31	5.5	20.4	0.0	0.0	54.73	59	1.2758	2.0273	440	444.74	1,042.27	
313793	48	509.8	356.2	241.0	356.2	125.5	1.25	4.58	0	1,251	37	3.25	5.5	20.4	0.0	0.0	27.98	59	1.2758	2.0273	445	445.94	1,013.59	
314363	47	510.3	356.2	240.8	356.5	125.5	1.25	4.58	0	1,272	37	1.12	5.5	20.4	0.0	0.0	17.67	59	1.2758	2.0273	445	446.73	975.55	
314906	47	510.7	356.5	241.0	356.2	125.8	1.06	4.58	0	1,273	37	0.81	5.5	20.4	0.0	0.0	14.09	59	1.2758	2.0273	445	447.74	963.75	
315451	47	511.1	356.5	241.0	356.5	125.5	0.56	4.58	0	1,219	37	0.00	5.5	20.4	0.0	0.0	17.30	59	1.2758	2.0273	445	448.44	960.47	
316006	47	511.5	356.5	241.3	356.8	125.8	0.56	4.58	0	1,210	35	0.56	5.5	20.4	0.0	0.0	18.14	59	1.2758	2.0273	445	449.33	960.31	
316573	47	511.9	357.2	241.3	356.8	126.5	0.69	4.58	0	1,166	34	0.56	5.5	20.4	0.0	0.0	17.65	59	1.2758	2.0273	450	450.04	964.69	
317155	47	512.4	357.2	242.0	357.2	126.5	0.69	4.58	0	1,241	33	0.56	5.5	20.4	0.0	0.0	17.95	59	1.2758	2.0273	450	450.74	966.02	
317686	47	512.8	357.5	242.0	357.5	126.5	0.56	4.58	0	1,332	32	0.81	5.5	20.4	0.0	0.0	17.98	59	1.2758	2.0273	450	451.44	967.19	
318208	47	513.2	357.2	242.1	357.2	126.8	0.69	4.58	0	1,426	31	1.38	5.5	20.4	0.0	0.0	12.00	59	1.2758	2.0273	450	452.15	967.03	
318725	47	513.6	357.2	241.8	357.2	126.8	1.25	4.58	0	1,508	30	0.81	5.5	20.4	0.0	0.0	18.61	59	1.2758	2.0273	450	452.73	962.34	
319351	47	514.0	356.5	242.0	356.8	126.8	1.44	4.58	0	1,472	30	1.12	5.5	20.4	0.0	0.0	13.50	59	1.2758	2.0273	450	453.53	962.11	
319876	47	514.3	356.5	241.8	356.5	126.8	-0.06	4.58	0	1,461	29	0.31	5.5	20.4	0.0	0.0	16.15	59	1.2758	2.0273	450	454.14	961.95	
320418	47	514.7	356.5	241.7	356.2	127.5	0.69	4.58	0	1,431	29	0.81	5.5	20.4	0.0	0.0	19.05	59	1.2758	2.0273	450	454.75	965.08	
320924	47	515.1	355.8	241.8	355.5	127.5	0.69	4.58	0	1,378	28	0.81	5.5	20.4	0.0	0.0	19.03	59	1.2758	2.0273	455	455.33	966.80	
321446	47	515.6	355.5	241.8	355.8	127.5	3.50	4.58	0	1,335	27	1.38	5.5	20.4	0.0	0.0	13.17	59	1.2758	2.0273	455	455.85	964.69	
322032	47	516.1	355.5	241.8	355.5	128.2	0.88	4.58	0	1,267	26	1.38	5.5	20.4	0.0	0.0	37.34	59	1.2758	2.0273	455	456.53	956.48	
322542	48	516.6	355.5	241.7	355.2	128.2	2.44	4.58	0	1,461	27	4.31	5.5	20.4	0.0	0.0	62.51	59	1.2758	2.0273	455	457.35	987.81	
323093	48	517.0	354.8	241.6	354.8	128.2	3.31	4.58	0	1,484	29	5.94	5.5	20.4	0.0	0.0	65.18	59	1.2758	2.0273	455	458.24	1,047.03	
323612	48	517.2	354.8	241.5	354.8	128.5	3.00	4.58	0	1,511	31	5.69	5.5	20.4	0.0	0.0	40.41	59	1.2758	2.0273	455	459.34	1,027.03	
324118	48	517.3	355.2	242.0	355.2	128.8	1.25	4.58	0	1,561	31	1.38	5.5	20.4	0.0	0.0	18.59	59	1.2758	2.0273	460	460.14	985.39	
324695	47	517.4	355.5	242.0	355.5	128.2	1.25	4.58	0	1,528	31	0.81	5.5	20.4	0.0	0.0	13.50	59	1.2758	2.0273	460	460.94	966.88	
325231	47	517.4	355.8	242.3	356.2	128.8	1.56	4.58	0	1,485	30	0.81	5.5	20.4	0.0	0.0	11.53	59	1.2758	2.0273	460	461.73	960.62	
325763	47	517.4	356.5	242.8	356.5	129.2	1.25	4.58	0	1,477	30	0.56	5.5	20.4	0.0	0.0	18.28	59	1.2758	2.0273	460	462.44	962.73	
326279	47	517.5	357.2	243.1	357.2	128.8	0.69	4.58	0	1,442	29	0.81	5.5	20.4	0.0	0.0	18.52	59	1.2758	2.0273	460	463.05	967.73	
326854	47	517.7	357.8	243.5	357.8	128.8	0.69	4.58	0	1,389	28	0.81	5.5	20.4	0.0	0.0	15.12	59	1.2758	2.0273	460	463.84	968.75	
327379	47	517.9	358.2	243.7	357.8	129.2	1.25	4.58	0	1,368	27	0.81	5.5	20.4	0.0	0.0	24.73	59	1.2758	2.0273	460	464.43	961.41	
327993	47	518.0	358.5	243.8	358.8	129.5	1.94	4.58	0	1,461	28	1.62	5.5	20.4	0.0	0.0	36.35	59	1.2758	2.0273	465	465.34	962.81	
328494	48	518.1	359.2	244.1	358.8	129.8	2.12	4.58	0	1,468	28	1.94	5.5	20.4	0.0	0.0	28.80	59	1.2758	2.0273	465	466.23	969.38	
329042	48	518.1	359.5	244.5	359.2	130.2	1.44	4.58	0	1,440	28	1.12	5.5	20.4	0.0	0.0	17.13	59	1.2758	2.0273	465	466.94	964.14	
329560	47	518.0	359.8	244.8	359.5	130.2	1.06	4.58	0	1,400	28	1.12	5.5	20.4	0.0	0.0	13.92	59	1.2758	2.0273	465	467.55	959.77	
330117	47	518.0	360.2	245.0	360.2	130.2	2.25	4.58	0	1,288	28	0.31	5.5	20.4	0.0	0.0	15.63	59	1.2758	2.0273	465	468.25	957.81	
330630	47	518.0	360.5	245.5	360.2	130.5	0.56	4.58	0	1,334	26	0.81	5.5	20.4	0.0	0.0	18.19	59	1.2758	2.0273	465	468.74	959.14	
331190	47	518.1	360.8	245.6	360.8	130.2	0.56	4.58	0	1,208	24	0.56	5.5	20.4	0.0	0.0	17.77	59	1.2758	2.0273	465	469.23	963.83	
331706	47	518.2	361.5	246.0	361.5	130.5	1.06	4.58	0	1,025	20	0.00	5.5	20.4	0.0	0.0	15.26	59	1.2758	2.0273	465	469.94	963.52	
332215	47	518.4	361.5	246.0	361.8	130.8	1.44	4.58	0	846	16	0.00	5.5	20.4	0.0	0.0	21.05	59	1.2758	2.0273	470	470.43	958.98	
332767	48	518.5	361.5	246.3	361.5	130.8	1.56	4.58	0	1,010	12	0.00	5.5	20.4	0.0	0.0	16.59	59	1.2758	2.0273	470	470.85	957.97	
333301	48	518.6	361.5	246.3	361.8	130.8	1.44	4.58	0	941	12	0.31	5.5	20.4	0.0	0.0	17.20	59	1.2758	2.0273	470	471.44	956.09	
333837	48	518.7	361.5	246.3	361.8	131.2	1.56	4.58	0	918	11	0.31	5.5	20.4	0.0	0.0	18.35	59	1.2758	2.0273	470	471.83	954.84	
334396	48	518.7	361.8	246.5	361.8	131.2	1.56	4.58	0	938	11	0.31	5.5	20.4	0.0	0.0	29.86	59	1.2758	2.0273	470	472.23	952.50	
334933	48	518.7	361.5	246.6	361.5	131.5	1.75	4.58	0	1,166	12	0.81	5.5	20.4	0.0	0.0	31.17	59	1.2758	2.0273	470	472.75	955.08	
335457	48	518.6	361.8	246.6	361.8	131.8	1.75	4.58	0	1,185	13	0.81	5.5	20.4	0.0	0.0	32.11	59	1.2758	2.0273	470	473.24	957.81	
336069	48	518.5	361.8	246.8	362.2	132.2	1.75	4.58	0	1,267	13	1.12	5.5	20.4	0.0	0.0	33.05	59	1.2758	2.0273	470	473.85	961.02	
336596	48	518.2	362.2	247.0	362.5	131.5	1.94	4.58	0	1,352	15	1.94	5.5	20.4	0.0	0.0	37.83	59	1.2758	2.0273	470	474.44	969.14	
337147	48	517.9	362.5	247.5	362.8	132.2	1.75	4.58	0	1,345	16	1.94	5.5	20.4	0.0	0.0	38.34	59	1.2758	2.0273	475	475.05	975.08	
337655	48	517.5	363.2	247.3	363.2	132.5	1.75	4.58	0	1,340	18	1.94	5.5	20.4	0.0	0.0	37.85	59	1.2758	2.0273	475	475.63	981.02	
338188	48	517.0	363.5	248.0	363.8	132.5	1.94	4.58	0	1,380	18	1.94	5.5	20.4	0.0	0.0	18.66	59	1.2758	2.0273	475	476.15	971.09	
338718	47	516.6	364.8	248.5	364.5	132.5	1.06	4.58	0	1,385	18	0.81	5.5	20.4	0.0	0.0	14.44	59	1.2758	2.0273	475	476.73	961.88	
339263	47	516.2	365.5	249.1	365.2	132.8	0.88	4.58	0	1,387	18	0.81	5.5	20.4	0.0	0.0	12.42	59	1.2758	2.0273	475	477.13	957.81	
339788	47	515.8	366.5	249.6	366.5	132.8	1.06	4.58	0	1,364	17	1.12	5.5	20.4	0.0	0.0	24.77	59	1.2758	2.0273	475	477.65	953.28	
340390	47	515.4	367.2	250.1	367.2	133.2	1.94	4.58	0	1,412	18	1.62	5.5	20.4	0.0	0.0	38.67	59	1.2758	2.0273	475	478.23	959.06	
340957	48	514.8	367.8	250.3	368.2	133.2	2.62	4.58	0	1,559	19	3.00	5.5	20.4	0.0	0.0	49.45	59	1.2758	2.0273	475	478.94	991.80	
341544	48	514.0	369.2	251.0	369.2	133.5	3.12	4.58	0	1,692	22	3.50	5.5	20.4	0.0	0.0	51.98	59	1.2758	2.0273	475	479.64	1,032.34	
342073	48	513.2	369.8	251.5	369.2	133.8	3.81	4.58	0	1,792	24	4.06	5.5	20.4	0.0	0.0	54.07	59	1.2758	2.0273	480	480.25	1,071.25	
342654	48	512.2	370.8	252.3	370.8	133.5	3.50	4.58	0	1,975	26	4.88	5.5	20.4	0.0	0.0	63.66	59	1.2758	2.0273	480	481.05	1,110.78	
343204	47	511.2	372.5	252.8	372.2	133.8	2.81	4.58	0	1,456	27	6.50	5.5	20.4	0.0	0.0	66.68	59	1.2758	2.0273	480	481.63	1,069.53	
343791	47	510.2	374.2	254.0	374.5	134.2	4.00	4.58	0	1,547	29	8.12	5.5	20.4	0.0	0.0	72.59	59	1.2758	2.0273	480	482.24	1,113.44	
344328	47	509.3	375.8	255.0	375.8	134.5	4.88	4.58	0	1,641	32	8.12	5.5	20.4	0.0	0.0	72.63	59	1.2758	2.0273	480	482.94	1,138.83	
344963	47	508.5	377.8	256.2	378.2	134.5	5.56	4.58	0	1,733	34	7.88	5.5	20.4	0.0	0.0	75.87	59	1.2758	2.0273	480	483.44	1,231.17	
345532	47	508.0	380.5	257.3	380.5	134.5	6.44	4.58	0	1,921	37	10.25	5.5	20.4	0.0	0.0	82.83	59	1.2758	2.0273	480	484.05	1,307.66	
346046	47	508.0	382.8	258.6	383.2	134.8	6.81	4.58	0	1,970	40	11.88	5.5	20.4	0.0	0.0	83.30	59	1.2758	2.0273	480	484.44	1,326.88	
346587	47	508.9	385.8	260.3	386.2	134.8	7.12	4.58	0	2,109	42	14.31	5.5	20.4	0.0	0.0	83.51	59	1.2758	2.0273	485	484.94	1,286.33	
347154	47	511.1	388.8	262.0	389.5	135.2	7.12	4.58	0	2,220	45	16.25	5.5	20.4	0.0	0.0	44.93	59	1.2758	2.0273	485	485.55	1,081.09	
347710	47	513.2	392.5	264.0	393.2	135.5	1.44	4.58	0	1,612	45	1.12	5.5	20.4	0.0	0.0	18.49	59	1.2758	2.0273	485	486.04	994.53	
348287	46	514.7	396.8	265.6	397.2	136.2	1.06	4.58	0	1,504	45	0.81	5.5	20.4	0.0	0.0	12.02	59	1.2758	2.0273	485	486.44	969.30	
348833	46	516.1	400.5	268.0	400.8	135.8	0.69	4.58	0	1,434	44	0.31	5.5	20.4	0.0	0.0	18.87	59	1.2758	2.0273	485	486.93	964.45	
349399	46	517.3	403.5	269.7	404.2	135.8	1.56	4.58	0	1,260	44	1.12	5.5	20.4	0.0	0.0	42.40	59	1.2758	2.0273	485	487.44	959.61	
349922	46	518.5	406.8	271.3	406.8	136.2	2.12	4.58	0	1,222	44	4.62	5.5	20.4	0.0	0.0	70.05	59	1.2758	2.0273	485	488.03	1,007.11	
350449	47	520.1	409.2	272.8	409.5	136.5	2.25	4.58	0	1,169	45	5.12	5.5	20.4	0.0	0.0	73.36	59	1.2758	2.0273	485	488.55	1,059.84	
350996	47	521.9	411.8	274.1	412.2	136.8	2.62	4.58	0	1,194	46	8.38	5.5	20.4	0.0	0.0	79.29	59	1.2758	2.0273	485	489.34	1,085.62	
351574	47	524.1	414.5	275.7	414.5	136.8	1.56	4.58	0	1,210	46	5.44	5.5	20.4	0.0	0.0	59.18	59	1.2758	2.0273	490	489.93	1,028.67	
352110	47	526.0	416.5	276.7	417.2	137.5	2.25	4.58	0	1,243	47	5.44	5.5	20.4	0.0	0.0	84.52	59	1.2758	2.0273	490	490.84	1,080.00	
352634	47	527.8	419.2	278.3	419.5	137.5	3.12	4.58	0	1,293	47	9.75	5.5	20.4	0.0	0.0	94.69	59	1.2758	2.0273	490	491.64	1,189.84	
353177	47	530.3	421.5	279.3	421.5	137.5	3.81	4.58	0	1,296	49	12.19	5.5	20.4	0.0	0.0	103.52	59	1.2758	2.0273	490	492.53	1,287.34	
353860	47	533.5	424.2	281.0	424.2	137.8	4.88	4.58	0	1,336	50	15.44	5.5	20.4	0.0	0.0	112.45	59	1.2758	2.0273	490	494.03	1,411.33	
354350	47	536.8	426.5	282.3	427.2	138.2	5.75	4.58	0	1,397	52	17.81	5.5	20.4	0.0	0.0	118.10	59	1.2758	2.0273	495	495.34	1,498.44	
354916	47	541.9	430.2	284.1	430.5	138.5	6.12	4.58	0	1,393	53	18.94	5.5	20.4	0.0	0.0	117.77	59	1.2758	2.0273	495	497.03	1,518.36	
355432	47	546.6	432.5	285.5	433.2	139.2	6.81	4.58	0	1,453	55	20.56	5.5	20.4	0.0	0.0	115.69	59	1.2758	2.0273	495	498.65	1,481.64	
355956	47	552.3	436.2	287.0	436.2	138.8	7.12	4.58	0	1,504	57	20.25	5.5	20.4	0.0	0.0	113.13	59	1.2758	2.0273	500	500.55	1,413.75	
356482	47	557.9	439.5	289.1	439.8	139.2	6.94	4.58	0	1,522	58	18.12	5.5	20.4	0.0	0.0	109.03	59	1.2758	2.0273	500	502.54	1,385.39	
357001	47	564.4	442.8	290.8	443.2	139.8	6.81	4.58	0	1,548	59	17.56	5.5	20.4	0.0	0.0	103.01	59	1.2758	2.0273	500	505.23	1,333.12	
357568	47	571.3	446.5	293.0	447.2	140.2	6.94	4.58	0	1,602	61	16.25	5.5	20.4	0.0	0.0	99.26	59	1.2758	2.0273	505	507.74	1,266.95	
358108	47	578.3	450.2	295.5	450.8	140.5	6.62	4.58	0	1,644	62	14.62	5.5	20.4	0.0	0.0	93.42	59	1.2758	2.0273	510	510.93	1,255.00	
358628	46	584.7	453.5	297.3	454.2	140.8	7.31	4.58	0	1,690	63	14.62	5.5	20.4	0.0	0.0	98.41	59	1.2758	2.0273	510	513.83	1,295.16	
359142	47	591.8	457.5	299.3	457.8	141.5	7.50	4.58	0	1,691	65	15.12	5.5	20.4	0.0	0.0	97.76	59	1.2758	2.0273	515	516.83	1,326.17	
359668	46	598.3	461.5	300.8	461.5	141.5	8.19	4.58	0	1,749	66	15.69	5.5	20.4	0.0	0.0	103.34	59	1.2758	2.0273	520	520.14	1,369.06	
360191	47	604.9	465.2	303.0	465.2	141.8	8.88	4.58	0	1,755	67	16.50	5.5	20.4	0.0	0.0	102.68	59	1.2758	2.0273	520	523.63	1,406.41	
360758	47	612.9	469.2	305.5	469.5	142.2	9.25	4.58	0	1,780	69	17.81	5.5	20.4	0.0	0.0	107.44	59	1.2758	2.0273	525	528.04	1,420.00	
361334	47	620.2	473.2	307.6	473.5	142.8	9.94	4.58	0	1,864	70	18.38	5.5	20.4	0.0	0.0	104.60	59	1.2758	2.0273	530	532.75	1,429.69	
361968	46	628.1	476.8	309.5	476.8	142.8	10.25	4.58	0	1,843	72	19.44	5.5	20.4	0.0	0.0	107.77	59	1.2758	2.0273	535	537.83	1,443.67	
362483	47	634.7	480.5	311.6	480.8	143.5	10.25	4.58	0	1,893	74	21.06	5.5	20.4	0.0	0.0	109.08	59	1.2758	2.0273	540	542.24	1,461.17	
362985	46	642.4	484.8	314.0	484.8	143.8	10.44	4.58	0	1,933	75	21.88	5.5	20.4	0.0	0.0	110.18	59	1.2758	2.0273	545	546.83	1,423.44	
363483	46	648.7	488.2	315.6	488.5	143.8	9.94	4.58	0	1,953	76	21.06	5.5	20.4	0.0	0.0	101.20	59	1.2758	2.0273	550	551.55	1,378.83	
364009	46	654.8	492.2	318.5	492.5	144.5	9.38	4.58	0	2,018	77	20.00	5.5	20.4	0.0	0.0	96.89	59	1.2758	2.0273	555	557.33	1,285.47	
364570	46	661.1	495.8	320.2	496.2	144.8	3.50	4.58	0	2,005	78	3.00	5.5	20.4	0.0	0.0	26.32	59	1.2758	2.0273	560	561.53	1,017.42	
365088	46	665.5	500.2	322.2	500.2	145.5	1.56	4.58	0	2,001	77	-0.19	5.5	20.4	0.0	0.0	35.98	59	1.2758	2.0273	560	564.74	962.42	
365630	45	669.2	503.5	324.3	503.5	145.5	4.88	4.58	0	1,744	77	6.75	5.5	20.4	0.0	0.0	71.51	59	1.2758	2.0273	565	569.55	1,001.25	
366154	46	673.3	506.5	326.5	507.2	146.2	5.38	4.58	0	1,666	77	10.25	5.5	20.4	0.0	0.0	89.04	59	1.2758	2.0273	570	573.65	1,191.80	
366725	46	677.3	510.2	328.3	510.2	146.8	6.62	4.58	0	1,667	78	14.88	5.5	20.8	0.0	0.0	100.34	59	1.2758	2.0469	575	578.55	1,325.39	
367287	46	681.4	513.2	330.0	513.5	147.2	7.81	4.58	0	1,678	79	17.31	5.5	20.8	0.0	0.0	102.33	59	1.2758	2.0469	580	582.65	1,372.58	
367817	46	685.7	516.5	331.8	516.5	147.8	8.88	4.58	0	1,743	80	18.94	5.5	20.4	0.0	0.0	113.95	59	1.2758	2.0375	585	587.64	1,518.59	
368388	46	690.3	519.5	333.3	519.5	148.2	9.56	4.58	0	1,694	81	21.06	5.5	20.4	0.0	0.0	111.05	59	1.2758	2.0375	590	591.83	1,498.59	
368908	46	694.1	522.2	334.8	522.5	148.5	9.94	4.58	0	1,801	82	21.38	5.5	20.4	0.0	0.0	114.40	59	1.2758	2.0281	595	597.04	1,555.94	
369434	46	697.9	525.2	337.0	525.2	149.2	10.25	4.58	0	1,756	83	23.00	5.5	20.4	0.0	0.0	115.69	59	1.2758	2.0281	600	601.35	1,536.09	
369994	46	702.0	528.5	338.8	529.2	149.5	10.44	4.58	0	1,804	84	22.44	5.5	20.4	0.0	0.0	113.55	59	1.2758	2.0281	605	605.64	1,483.36	
370610	46	706.0	531.8	340.5	532.2	150.2	9.94	4.58	0	1,810	85	20.81	5.5	20.4	0.0	0.0	106.12	59	1.2758	2.0281	610	611.55	1,411.88	
371127	46	709.6	535.5	342.8	535.5	150.8	9.56	4.58	0	1,826	86	19.19	5.5	20.4	0.0	0.0	101.11	59	1.2758	2.0281	615	615.74	1,217.42	
371639	46	713.9	539.5	345.0	539.8	151.2	3.00	4.58	0	1,796	86	4.31	5.5	20.4	0.0	0.0	28.43	59	1.2758	2.0281	615	619.23	1,070.00	
372218	45	716.4	543.8	347.6	543.8	151.5	1.06	4.58	0	1,772	85	0.56	5.5	20.4	0.0	0.0	12.35	59	1.2758	2.0375	620	622.35	987.11	
372749	44	718.2	547.2	349.7	547.5	152.2	0.38	4.58	0	1,505	84	0.56	5.5	20.4	0.0	0.0	16.66	59	1.2758	2.0375	620	624.65	970.55	
373291	45	719.8	550.5	351.1	550.5	152.5	0.56	4.58	0	1,488	84	0.81	5.5	20.4	0.0	0.0	16.34	59	1.2758	2.0375	625	626.73	964.92	
373828	45	721.0	553.2	353.0	553.2	153.5	0.56	4.58	0	1,464	83	1.12	5.5	20.8	0.0	0.0	16.78	59	1.2758	2.0469	625	629.15	962.81	
374408	45	722.4	555.5	354.1	555.5	153.5	0.56	4.58	0	1,443	82	1.12	5.5	20.8	0.0	0.0	16.36	59	1.2758	2.0469	630	631.44	969.06	
374953	45	723.5	556.8	355.3	557.2	154.2	0.56	4.58	0	1,419	81	0.81	5.5	20.4	0.0	0.0	16.90	59	1.2758	2.0367	630	633.13	969.30	
375481	46	724.4	558.2	356.3	558.2	154.8	0.56	4.58	0	1,415	80	0.81	5.5	20.4	0.0	0.0	17.13	59	1.2758	2.0367	630	634.75	969.30	
376016	46	725.4	558.5	356.6	558.5	154.8	0.56	4.58	0	1,399	79	1.12	5.5	20.4	0.0	0.0	17.13	59	1.2758	2.0367	635	636.53	969.22	
376561	46	726.2	558.2	357.0	558.5	155.8	0.38	4.58	0	1,387	79	0.81	5.5	20.4	0.0	0.0	17.18	59	1.2758	2.0367	635	638.03	969.22	
377134	46	726.9	558.2	357.0	558.5	156.2	0.56	4.58	0	1,367	78	1.12	5.5	20.4	0.0	0.0	17.34	59	1.2758	2.0367	635	639.65	968.98	
377694	46	727.6	558.2	357.0	557.5	156.5	0.56	4.58	0	1,352	77	0.81	5.5	20.4	0.0	0.0	17.23	59	1.2758	2.0367	640	640.84	969.06	
378265	46	728.1	557.2	357.0	557.2	156.8	0.38	4.58	0	1,341	76	0.81	5.5	20.4	0.0	0.0	17.44	59	1.2758	2.0367	640	642.34	968.67	
378774	47	728.5	556.2	356.8	556.2	157.5	0.56	4.58	0	1,328	75	0.81	5.5	20.4	0.0	0.0	17.53	59	1.2758	2.0367	640	643.44	968.98	
379379	47	729.0	554.8	356.2	554.8	157.5	0.56	4.58	0	1,313	75	0.81	5.5	20.4	0.0	0.0	17.41	59	1.2758	2.0469	640	644.73	968.52	
379913	47	729.3	553.5	355.8	553.5	157.8	0.56	4.58	0	1,304	74	0.81	5.5	20.8	0.0	0.0	17.77	59	1.2758	2.0469	645	646.05	968.52	
380467	47	729.7	551.5	355.1	551.8	158.5	0.56	4.58	0	1,289	73	0.81	5.5	20.4	0.0	0.0	17.93	59	1.2758	2.0375	645	647.03	968.28	
380996	47	729.9	550.5	354.5	550.5	158.5	0.69	4.58	0	1,276	73	0.81	5.5	20.4	0.0	0.0	17.79	59	1.2758	2.0375	645	647.94	967.89	
381526	47	730.1	549.2	354.2	549.2	159.5	0.56	4.58	0	1,265	72	0.81	5.5	20.4	0.0	0.0	17.67	59	1.2758	2.0375	645	649.05	967.81	
382072	47	730.3	547.5	353.5	547.2	159.5	0.56	4.58	0	1,256	71	0.81	5.5	20.4	0.0	0.0	17.98	59	1.2758	2.0375	650	650.03	967.50	
382643	47	730.5	546.2	353.0	545.8	159.8	0.69	4.58	0	1,245	70	0.81	5.5	20.4	0.0	0.0	18.14	59	1.2758	2.0375	650	651.13	967.19	
383167	47	730.5	543.8	352.2	543.5	160.2	0.69	4.58	0	1,224	69	0.56	5.5	20.4	0.0	0.0	18.49	59	1.2758	2.0375	650	652.05	967.19	
383698	47	730.6	541.8	351.2	541.5	160.8	0.56	4.58	0	1,417	67	0.81	5.5	20.4	0.0	0.0	11.25	59	1.2758	2.0375	650	653.15	963.52	
384243	47	730.7	540.2	350.6	540.2	161.2	0.69	4.58	0	1,351	65	0.81	5.5	20.4	0.0	0.0	18.05	59	1.2758	2.0375	650	654.04	965.55	
384786	48	730.7	538.5	350.0	538.2	160.8	0.56	4.58	0	1,303	62	0.81	5.5	20.4	0.0	0.0	18.38	59	1.2758	2.0375	650	654.83	966.48	
385332	48	730.7	536.5	349.3	536.2	161.5	0.69	4.58	0	1,231	58	0.56	5.5	20.4	0.0	0.0	18.45	59	1.2758	2.0375	655	655.94	967.03	
385893	48	730.7	534.8	348.5	534.5	161.5	0.88	4.58	0	1,178	55	0.56	5.5	20.4	0.0	0.0	18.35	59	1.2758	2.0375	655	656.73	966.33	
386475	48	730.7	532.5	347.3	532.8	161.8	1.06	4.58	0	1,114	52	0.31	5.5	20.4	0.0	0.0	18.42	59	1.2758	2.0375	655	657.74	964.92	
387028	48	730.7	530.8	346.7	530.8	162.2	1.06	4.58	0	1,241	49	0.56	5.5	20.4	0.0	0.0	11.41	59	1.2758	2.0375	655	658.63	961.72	
387651	48	730.7	529.2	345.6	529.2	162.5	1.06	4.58	0	1,222	48	0.56	5.5	20.4	0.0	0.0	18.09	59	1.2758	2.0375	655	659.55	963.67	
388192	48	730.6	527.2	345.1	527.2	162.8	0.69	4.58	0	1,220	48	0.56	5.5	20.4	0.0	0.0	18.87	59	1.2758	2.0375	660	660.25	964.61	
388730	48	730.6	525.2	343.8	525.2	162.5	0.88	4.58	0	1,217	47	0.56	5.5	20.4	0.0	0.0	18.96	59	1.2758	2.0375	660	661.05	965.55	
389311	48	730.5	523.2	343.2	523.2	163.8	0.88	4.58	0	1,208	47	0.56	5.5	20.4	0.0	0.0	18.75	59	1.2758	2.0375	660	661.84	966.02	
389832	48	730.4	521.5	342.6	521.2	163.8	0.88	4.58	0	1,191	46	0.56	5.5	20.4	0.0	0.0	18.59	59	1.2758	2.0375	660	662.43	965.78	
390389	48	730.4	519.8	342.0	519.8	164.2	0.88	4.58	0	1,192	46	0.56	5.5	20.4	0.0	0.0	18.89	59	1.2758	2.0375	660	663.04	966.09	
390930	48	730.3	517.8	341.1	517.8	164.2	0.88	4.58	0	1,180	46	0.56	5.5	20.4	0.0	0.0	18.91	59	1.2758	2.0375	660	663.74	965.70	
391443	48	730.2	516.5	340.3	516.5	164.5	0.88	4.58	0	1,177	46	0.56	5.5	20.4	0.0	0.0	19.12	59	1.2758	2.0375	660	664.23	965.47	
392001	48	730.1	514.5	339.7	514.8	164.5	0.88	4.58	0	1,171	46	0.56	5.5	20.4	0.0	0.0	18.94	59	1.2758	2.0375	660	664.84	965.23	
392539	48	730.0	513.5	339.3	513.2	164.8	0.88	4.58	0	1,171	45	0.56	5.5	20.4	0.0	0.0	19.05	59	1.2758	2.0375	665	665.33	965.31	
393068	48	729.9	511.8	338.3	511.8	165.2	0.88	4.58	0	1,162	45	0.56	5.5	20.4	0.0	0.0	19.10	59	1.2758	2.0375	665	665.85	965.62	
393630	48	729.7	510.2	337.8	509.8	165.2	0.88	4.58	0	1,159	45	0.56	5.5	20.4	0.0	0.0	19.41	59	1.2758	2.0375	665	666.44	965.78	
394217	48	729.6	508.5	337.1	508.2	165.5	0.88	4.58	0	1,161	45	0.56	5.5	20.4	0.0	0.0	19.17	59	1.2758	2.0375	665	666.83	965.31	
394739	48	729.4	507.2	336.6	506.8	165.8	0.88	4.58	0	1,155	45	0.56	5.5	20.4	0.0	0.0	19.36	59	1.2758	2.0375	665	667.23	965.62	
395167	48	729.3	506.2	335.8	506.2	165.8	0.88	4.58	0	1,162	45	0.56	5.5	20.4	0.0	0.0	19.22	59	1.2758	2.0375	665	667.54	965.39	
395752	48	729.1	504.5	335.5	504.5	166.2	0.88	4.58	0	1,164	45	0.56	5.5	20.4	0.0	0.0	18.94	59	1.2758	2.0375	665	667.94	965.86	
396358	48	728.9	503.2	334.6	503.2	166.5	0.88	4.58	0	1,167	46	0.56	5.5	20.4	0.0	0.0	19.01	59	1.2758	2.0375	665	668.24	965.70	
396891	48	728.7	502.2	334.3	501.8	166.5	0.88	4.58	0	1,170	46	0.56	5.5	20.4	0.0	0.0	19.36	59	1.2758	2.0375	665	668.43	965.39	
397440	48	728.4	500.5	333.6	500.2	166.5	0.88	4.58	0	1,177	46	0.56	5.5	20.4	0.0	0.0	19.38	59	1.2758	2.0375	665	668.73	965.62	
397963	49	728.2	499.5	333.1	499.5	166.5	0.88	4.58	0	1,180	46	0.56	5.5	20.4	0.0	0.0	19.55	59	1.2758	2.0375	665	668.94	965.78	
398573	49	727.9	497.5	332.7	497.5	167.5	0.69	4.58	0	1,183	46	0.56	5.5	20.4	0.0	0.0	19.48	59	1.2758	2.0375	665	669.13	965.39	
399095	49	727.6	496.2	332.0	496.2	167.2	0.69	4.58	0	1,182	46	0.56	5.5	20.4	0.0	0.0	19.57	59	1.2758	2.0375	665	669.25	965.94	
399682	49	727.3	495.2	331.2	494.8	167.5	0.88	4.58	0	1,186	46	0.56	5.5	20.4	0.0	0.0	19.59	59	1.2758	2.0375	665	669.44	966.17	
400214	49	727.0	494.2	330.8	493.8	167.5	0.69	4.58	0	1,185	46	0.56	5.5	20.4	0.0	0.0	19.31	59	1.2758	2.0375	665	669.53	966.09	
400737	49	726.7	493.2	330.1	493.2	167.5	0.69	4.58	0	1,181	46	0.56	5.5	20.4	0.0	0.0	19.45	59	1.2758	2.0375	665	669.65	966.02	
401315	49	726.3	491.8	329.8	491.8	167.8	0.88	4.58	0	1,180	46	0.56	5.5	20.4	0.0	0.0	19.52	59	1.2758	2.0375	665	669.74	965.62	
401848	49	726.0	490.8	329.3	490.8	167.8	0.88	4.58	0	1,174	46	0.56	5.5	20.4	0.0	0.0	19.50	59	1.2758	2.0375	665	669.74	966.25	
402407	49	725.6	489.8	329.0	489.5	168.5	0.69	4.58	0	1,164	45	0.56	5.5	20.4	0.0	0.0	19.29	59	1.2758	2.0375	665	669.83	966.33	
402967	49	725.2	488.5	328.5	488.5	168.2	0.88	4.58	0	1,153	45	0.56	5.5	20.4	0.0	0.0	19.59	59	1.2758	2.0375	665	669.83	966.09	
403489	49	724.9	487.5	328.1	487.5	168.5	0.88	4.58	0	1,147	45	0.31	5.5	20.4	0.0	0.0	19.31	59	1.2758	2.0375	665	669.83	965.94	
404028	49	724.5	486.8	327.6	486.8	168.5	0.88	4.58	0	1,135	44	0.56	5.5	20.4	0.0	0.0	19.57	59	1.2758	2.0375	665	669.83	965.78	
404595	49	724.0	485.8	327.1	485.5	168.5	1.06	4.58	0	1,119	43	0.31	5.5	20.4	0.0	0.0	19.48	59	1.2758	2.0375	665	669.83	965.78	
405226	49	723.6	484.8	326.5	484.5	168.8	1.25	4.58	0	1,240	41	0.81	5.5	20.4	0.0	0.0	11.06	59	1.2758	2.0375	665	669.83	962.73	
405766	49	723.2	483.8	326.0	483.8	168.8	1.06	4.58	0	1,312	39	0.81	5.5	20.4	0.0	0.0	18.54	59	1.2758	2.0375	665	669.83	964.22	
406304	49	722.6	482.8	325.6	482.8	168.8	0.69	4.58	0	1,207	35	0.81	5.5	20.4	0.0	0.0	19.41	59	1.2758	2.0375	665	669.83	965.23	
406816	49	722.3	481.8	325.3	482.2	168.8	1.25	4.58	0	1,092	32	0.31	5.5	20.4	0.0	0.0	19.78	59	1.2758	2.0375	665	669.74	964.84	
407342	49	721.9	481.2	325.1	481.2	168.8	1.06	4.58	0	1,129	30	0.31	5.5	20.4	0.0	0.0	19.66	59	1.2758	2.0375	665	669.74	964.84	
407900	49	721.5	480.5	325.0	480.5	169.2	3.12	4.58	0	1,405	29	1.12	5.5	20.4	0.0	0.0	44.46	59	1.2758	2.0375	665	669.65	951.95	
408421	49	720.8	479.5	324.5	479.5	169.2	3.50	4.58	0	1,532	30	6.25	5.5	20.4	0.0	0.0	61.73	59	1.2758	2.0375	665	669.74	1,014.84	
408935	49	719.5	478.5	323.8	478.8	169.2	3.69	4.58	0	1,598	32	7.88	5.5	20.4	0.0	0.0	72.82	59	1.2758	2.0375	670	669.93	1,102.81	
409521	49	717.1	478.8	324.0	478.8	169.2	5.06	4.58	0	1,708	34	9.75	5.5	20.4	0.0	0.0	78.52	59	1.2758	2.0375	670	670.23	1,194.30	
410071	48	714.4	478.8	324.0	479.2	169.5	6.12	4.58	0	1,833	37	11.62	5.5	20.4	0.0	0.0	80.44	59	1.2758	2.0375	670	670.44	1,280.31	
410598	48	711.4	480.2	324.8	480.5	169.5	6.94	4.58	0	1,937	40	14.62	5.5	20.4	0.0	0.0	83.60	59	1.2758	2.0375	670	670.63	1,369.77	
411182	48	708.3	481.8	325.8	482.2	170.2	7.69	4.58	0	2,133	43	20.00	5.5	20.4	0.0	0.0	91.22	59	1.2758	2.0375	670	670.63	1,508.91	
411738	47	704.9	484.8	327.2	485.2	170.2	9.56	4.58	0	2,301	46	27.00	5.5	20.4	0.0	0.0	99.77	59	1.2758	2.0469	670	670.44	1,629.84	
412325	47	700.8	488.5	329.2	488.8	170.2	11.12	4.58	0	2,475	50	32.69	5.5	20.4	0.0	0.0	100.01	59	1.2758	2.0367	670	669.93	1,663.05	
412882	47	696.7	492.5	331.1	492.5	170.5	12.50	4.58	0	2,617	54	37.00	5.5	20.8	0.0	0.0	100.69	59	1.2758	2.0461	665	669.44	1,709.45	
413543	47	692.0	497.8	334.0	498.5	170.8	14.62	4.58	0	2,790	58	44.81	5.5	20.4	0.0	0.0	105.49	59	1.2758	2.0367	665	668.33	1,856.64	
414074	47	688.2	503.2	336.8	503.8	170.8	17.88	4.58	0	2,997	61	54.81	5.5	20.8	0.0	0.0	106.59	59	1.2758	2.0641	665	667.35	1,795.55	
414634	47	683.8	511.2	341.0	512.2	171.5	24.88	4.58	0	3,183	65	66.44	5.5	21.2	0.0	0.0	99.56	59	1.2758	2.0641	665	666.04	1,434.14	
415151	46	681.4	517.8	344.5	518.5	171.5	18.06	4.58	0	3,377	68	53.50	5.5	21.6	0.0	0.0	95.84	59	1.2758	2.0914	665	664.94	1,395.55	
415690	46	680.4	525.2	347.8	525.8	172.2	18.62	4.58	0	3,486	72	54.56	5.5	21.6	0.0	0.0	93.40	59	1.2758	2.0906	660	663.93	1,371.72	
416204	46	680.4	533.2	351.7	533.2	172.8	19.44	4.58	0	3,659	74	54.81	5.5	22.0	0.0	0.0	91.17	59	1.2758	2.1086	660	662.94	1,348.98	
416739	46	681.0	540.2	356.3	540.8	173.2	19.12	4.58	0	3,774	77	54.56	5.5	22.0	0.0	0.0	97.27	59	1.2758	2.0984	660	662.24	1,399.61	
417279	46	682.3	548.8	360.2	549.2	173.2	13.75	4.58	0	2,734	79	39.69	5.5	22.0	0.0	0.0	95.18	59	1.2758	2.1078	660	661.75	1,300.86	
417805	47	684.0	556.8	365.2	557.2	174.2	12.00	4.58	0	2,734	81	35.12	5.5	22.0	0.0	0.0	93.89	59	1.2758	2.1078	660	661.35	1,304.45	
418335	47	685.8	563.8	368.8	564.5	174.2	12.38	4.58	0	2,814	83	35.94	5.5	22.0	0.0	0.0	91.59	59	1.2758	2.1078	660	661.23	1,285.39	
418867	47	688.1	571.5	372.5	572.2	175.2	18.06	4.58	0	2,834	85	51.06	5.5	22.4	0.0	0.0	94.73	59	1.2758	2.1180	660	661.35	1,367.19	
419422	47	690.5	578.8	377.0	578.8	175.5	16.69	4.58	0	2,884	87	48.38	5.5	22.4	0.0	0.0	92.93	59	1.2758	2.1180	660	661.63	1,236.88	
419951	47	693.5	585.2	380.3	586.2	176.2	11.31	4.58	0	2,982	88	30.25	5.5	22.0	0.0	0.0	86.70	59	1.2758	2.1086	660	662.03	1,402.66	
420477	47	696.5	592.2	383.8	592.8	176.5	18.94	4.58	0	3,077	90	58.31	5.5	22.0	0.0	0.0	116.02	59	1.2758	2.1086	660	662.73	1,697.34	
420996	47	700.4	598.2	387.2	598.8	177.2	25.19	4.58	0	3,140	93	78.88	5.5	22.0	0.0	0.0	124.43	59	1.2758	2.1086	660	663.74	1,704.53	
421559	47	705.0	604.5	391.2	605.5	177.8	25.19	4.58	0	3,243	96	79.38	5.5	22.4	0.0	0.0	120.75	59	1.2758	2.1180	665	665.33	1,692.19	
422189	48	710.0	610.8	394.3	611.5	178.5	25.19	4.58	0	3,299	98	73.44	5.5	22.4	0.0	0.0	94.22	59	1.2758	2.1359	665	667.35	1,376.17	
422719	47	714.6	616.8	398.0	617.5	179.5	5.25	4.58	0	3,320	99	5.44	5.5	22.7	0.0	0.0	15.84	59	1.2758	2.1453	665	669.13	1,023.05	
423274	46	718.7	624.5	402.0	625.2	180.2	0.69	4.58	0	3,300	99	2.19	5.5	22.7	0.0	0.0	18.98	59	1.2758	2.1453	670	670.35	982.58	
423819	46	721.4	630.2	405.7	630.5	181.5	1.25	4.58	0	2,445	98	1.94	5.5	22.7	0.0	0.0	17.18	59	1.2758	2.1437	670	671.64	978.20	
424338	47	723.5	635.2	408.1	635.8	181.5	1.44	4.58	0	2,473	97	1.94	5.5	22.7	0.0	0.0	15.33	59	1.2758	2.1516	670	672.65	966.02	
424853	47	726.0	639.8	410.8	639.5	181.8	7.69	4.58	0	2,557	97	17.31	5.5	23.1	0.0	0.0	90.05	59	1.2758	2.1500	670	673.94	1,236.41	
425406	48	728.9	643.2	412.6	643.8	183.2	12.38	4.58	0	2,164	98	38.62	5.5	23.1	0.0	0.0	118.57	59	1.2758	2.1680	675	675.83	1,483.44	
426012	48	732.0	646.8	414.8	647.2	183.8	10.25	4.58	0	2,088	99	32.69	5.5	23.5	0.0	0.0	110.84	59	1.2758	2.1766	675	677.94	1,585.00	
426543	48	734.7	650.2	417.1	650.5	184.5	17.88	4.58	0	2,615	101	56.44	5.5	23.5	0.0	0.0	119.58	59	1.2758	2.1680	675	679.84	1,589.77	
427083	48	737.3	653.5	419.2	653.8	185.2	17.06	4.58	0	2,645	103	54.31	5.5	23.1	0.0	0.0	116.30	59	1.2758	2.1680	680	681.83	1,554.38	
427617	47	739.5	657.8	421.8	657.8	186.2	16.31	4.58	0	2,691	104	51.31	5.5	23.5	0.0	0.0	109.43	59	1.2758	2.1766	680	684.44	1,529.45	
428180	47	741.4	661.8	424.1	662.2	186.8	17.19	4.58	0	2,739	106	54.81	5.5	23.5	0.0	0.0	113.86	59	1.2758	2.1852	685	686.55	1,554.22	
428760	47	743.4	667.5	427.1	667.5	187.5	17.75	4.58	0	2,784	108	55.62	5.5	23.5	0.0	0.0	110.37	59	1.2758	2.1945	685	689.03	1,337.03	
429304	47	745.0	672.5	430.0	673.2	188.5	1.56	4.58	0	2,774	108	4.06	5.5	23.5	0.0	0.0	15.12	59	1.2758	2.1945	690	690.74	1,024.38	
429863	46	746.1	678.8	433.2	678.8	189.5	-0.62	4.58	0	2,752	107	2.75	5.5	23.5	0.0	0.0	14.25	59	1.2758	2.1945	690	692.24	973.36	
430388	45	746.9	683.2	436.1	683.8	190.2	1.06	4.58	0	2,698	106	2.19	5.5	23.9	0.0	0.0	17.62	59	1.2758	2.2031	690	693.44	975.78	
431050	45	747.8	687.8	439.1	688.2	191.2	1.25	4.58	0	2,680	105	2.44	5.5	23.9	0.0	0.0	17.74	59	1.2758	2.2016	695	694.94	976.09	
431548	46	748.5	691.5	441.5	692.2	192.2	1.25	4.58	0	2,404	104	2.19	5.5	23.9	0.0	0.0	17.27	59	1.2758	2.2000	695	695.85	989.30	
432072	46	749.3	694.8	443.5	694.8	192.5	1.25	4.58	0	2,335	103	1.94	5.5	24.3	0.0	0.0	17.44	59	1.2758	2.2172	695	696.74	990.86	
432624	46	749.9	696.8	445.0	696.8	193.5	1.44	4.58	0	2,203	102	1.94	5.5	23.9	0.0	0.0	17.91	59	1.2758	2.2148	695	697.75	989.69	
433190	47	750.6	698.2	446.0	698.2	193.8	1.56	4.58	0	2,116	101	1.94	5.5	24.3	0.0	0.0	18.00	59	1.2758	2.2234	695	698.55	975.86	
433715	47	751.1	698.8	447.0	698.8	194.8	3.81	4.58	0	2,124	100	7.31	5.5	23.9	0.0	0.0	56.98	59	1.2758	2.2133	695	699.74	974.77	
434282	47	751.6	699.2	447.3	699.5	195.5	4.88	4.58	0	2,115	101	11.38	5.5	24.3	0.0	0.0	67.12	59	1.2758	2.2219	700	700.75	1,155.08	
434846	47	751.8	699.8	447.6	699.5	195.8	7.50	4.58	0	2,013	101	18.12	5.5	24.3	0.0	0.0	76.45	60	1.2758	2.2406	700	701.94	1,230.08	
435369	47	751.6	700.5	448.5	700.5	196.8	6.94	4.58	0	2,138	102	18.12	5.5	24.7	0.0	0.0	77.70	60	1.2758	2.2320	700	702.93	1,295.31	
435925	47	750.9	701.2	449.5	701.5	197.8	7.69	4.58	0	2,167	102	21.62	5.5	24.3	0.0	0.0	106.10	60	1.2758	2.2320	700	704.03	1,553.98	
436467	47	750.1	702.8	450.3	702.8	198.5	14.44	4.58	0	2,208	104	46.19	5.5	24.3	0.0	0.0	119.58	60	1.2758	2.2320	705	705.04	1,635.31	
436982	46	749.0	704.5	451.5	704.5	198.8	20.00	4.58	0	2,698	105	65.06	5.5	24.3	0.0	0.0	124.36	60	1.2758	2.2219	705	705.93	1,643.20	
437488	46	747.7	706.5	452.8	706.8	199.5	19.12	4.58	0	2,743	106	62.12	5.5	24.7	0.0	0.0	118.31	60	1.2758	2.2391	705	706.63	1,619.84	
438041	46	746.2	710.2	455.3	710.2	200.8	20.19	4.58	0	2,789	108	65.38	5.5	24.7	0.0	0.0	121.38	60	1.2758	2.2453	705	707.43	1,638.28	
438604	46	745.1	714.2	457.3	713.8	201.5	20.88	4.58	0	2,837	110	66.69	5.5	24.7	0.0	0.0	119.27	60	1.2758	2.2516	705	708.04	1,633.28	
439234	45	744.5	718.2	459.6	718.2	202.5	21.38	4.58	0	2,886	112	66.19	5.5	24.7	0.0	0.0	98.37	60	1.2758	2.2578	705	708.65	1,345.78	
439745	45	744.5	722.8	462.6	723.5	202.8	8.88	4.58	0	2,892	113	24.56	5.5	25.5	0.0	0.0	66.12	60	1.2758	2.2750	705	709.05	1,150.31	
440297	45	744.8	728.8	465.8	729.2	204.2	-7.06	4.58	0	2,449	113	3.25	5.5	25.5	0.0	0.0	14.74	60	1.2758	2.2750	705	709.35	993.83	
440814	44	745.0	733.8	469.1	733.8	205.2	1.25	4.58	0	2,321	112	-0.19	5.5	25.5	0.0	0.0	17.09	60	1.2758	2.2750	705	709.63	970.00	
441390	44	745.3	738.5	471.6	738.5	205.5	1.25	4.58	0	2,331	111	1.62	5.5	25.1	0.0	0.0	16.66	60	1.2758	2.2641	705	709.84	968.20	
441937	45	745.5	741.8	474.1	742.2	206.5	5.38	4.58	0	2,367	111	8.12	5.5	25.5	0.0	0.0	62.18	60	1.2758	2.2805	710	710.15	1,042.19	
442450	45	745.9	744.5	475.7	744.5	207.2	10.94	4.58	0	2,363	111	32.44	5.5	25.1	0.0	0.0	113.20	60	1.2758	2.2781	710	710.43	1,463.83	
442966	46	746.2	746.8	477.0	746.8	208.2	10.94	4.58	0	1,977	112	29.44	5.5	25.9	0.0	0.0	101.88	60	1.2758	2.2969	710	710.85	1,345.23	
443498	46	747.0	748.8	478.6	748.8	208.8	9.38	4.58	0	2,005	112	25.94	5.5	25.9	0.0	0.0	90.26	60	1.2758	2.2969	710	711.13	1,131.72	
444021	45	748.2	750.8	480.1	751.2	209.8	3.50	4.58	0	1,960	112	4.62	5.5	25.9	0.0	0.0	17.81	60	1.2758	2.2969	710	711.53	1,003.98	
444617	44	749.0	753.5	481.3	753.5	210.5	1.44	4.58	0	1,950	112	0.31	5.5	25.9	0.0	0.0	9.68	60	1.2758	2.2969	710	711.83	967.03	
445217	44	749.7	754.5	483.0	755.2	211.5	1.25	4.58	0	1,959	111	1.12	5.5	25.9	0.0	0.0	17.30	60	1.2758	2.3055	710	712.23	965.62	
445805	44	750.2	756.8	484.3	756.8	212.5	1.56	4.58	0	1,938	110	0.81	5.5	25.9	0.0	0.0	17.30	60	1.2758	2.2945	710	712.44	965.94	
446375	45	750.7	756.8	485.0	756.8	213.2	1.44	4.58	0	1,902	108	0.81	5.5	25.9	0.0	0.0	17.27	60	1.2758	2.3031	710	712.63	975.78	
446902	45	751.1	756.5	485.3	756.5	213.8	1.06	4.58	0	1,843	105	0.56	5.5	25.9	0.0	0.0	17.25	60	1.2758	2.3109	710	712.84	976.41	
447471	45	751.5	755.8	485.3	755.8	214.5	1.06	4.58	0	1,802	102	1.12	5.5	25.5	0.0	0.0	17.27	60	1.2758	2.3008	710	713.03	976.41	
448156	46	751.9	754.5	484.8	754.2	215.5	0.88	4.58	0	1,789	102	0.81	5.5	25.9	0.0	0.0	17.60	60	1.2758	2.3008	710	713.24	975.70	
448660	46	752.2	752.5	484.5	752.2	215.8	5.56	4.58	0	1,785	101	0.81	5.5	25.9	0.0	0.0	24.07	60	1.2758	2.3008	710	713.33	958.28	
449228	46	752.5	750.5	483.5	750.2	216.5	4.56	4.58	0	1,907	101	7.56	5.5	25.9	0.0	0.0	60.89	60	1.2758	2.3008	710	713.55	1,059.69	
449787	47	752.5	747.8	482.7	747.8	217.2	8.88	4.58	0	2,110	101	23.00	5.5	25.9	0.0	0.0	104.77	60	1.2758	2.3008	710	713.85	1,319.53	
450317	47	752.2	746.2	482.1	745.8	217.8	10.06	4.58	0	2,144	102	30.25	5.5	25.5	0.0	0.0	102.91	60	1.2758	2.2922	710	714.13	1,328.59	
450840	46	752.0	744.8	481.6	744.8	218.5	9.75	4.58	0	2,165	103	29.19	5.5	25.9	0.0	0.0	96.75	60	1.2758	2.3008	710	714.53	1,322.27	
451356	46	751.8	744.2	481.7	744.2	219.2	10.25	4.58	0	2,192	104	30.81	5.5	25.9	0.0	0.0	102.16	60	1.2758	2.3008	710	714.83	1,391.88	
451875	46	751.7	744.2	481.8	744.2	220.2	11.31	4.58	0	2,208	105	34.31	5.5	25.5	0.0	0.0	105.56	60	1.2758	2.2898	715	715.23	1,410.55	
452396	46	751.7	744.5	482.5	744.5	220.8	11.31	4.58	0	2,235	106	35.12	5.5	25.9	0.0	0.0	104.58	60	1.2758	2.2977	715	715.54	1,399.22	
452973	45	751.6	745.8	483.3	745.8	221.5	1.94	4.58	0	2,224	106	5.12	5.5	25.9	0.0	0.0	17.98	60	1.2758	2.3063	715	715.94	1,027.81	
453502	44	751.4	747.2	484.1	747.5	222.2	1.94	4.58	0	2,213	106	0.81	5.5	25.9	0.0	0.0	12.80	60	1.2758	2.3063	715	716.24	972.73	
454034	44	751.2	748.8	485.5	748.5	222.5	0.88	4.58	0	2,169	105	1.38	5.5	25.9	0.0	0.0	17.32	60	1.2758	2.2977	715	716.43	969.92	
454552	44	751.1	749.2	486.2	749.8	223.5	1.25	4.58	0	2,194	104	0.56	5.5	25.9	0.0	0.0	17.65	60	1.2758	2.3063	715	716.64	970.23	
455085	45	751.0	749.8	486.8	749.8	223.8	1.44	4.58	0	2,170	104	0.81	5.5	25.9	0.0	0.0	17.70	60	1.2758	2.3063	715	716.85	979.92	
455633	45	750.9	750.5	487.3	750.5	224.2	1.56	4.58	0	2,141	102	1.62	5.5	25.9	0.0	0.0	17.88	60	1.2758	2.2875	715	716.94	983.36	
456152	45	750.9	750.2	487.3	750.2	224.8	1.56	4.58	0	2,110	101	1.62	5.5	25.9	0.0	0.0	18.05	60	1.2758	2.2953	715	717.13	983.67	
456760	46	750.9	749.2	487.5	748.8	225.5	1.44	4.58	0	2,103	100	0.31	5.5	25.9	0.0	0.0	18.05	60	1.2758	2.2953	715	717.25	984.69	
457360	46	750.8	747.8	487.0	747.5	226.5	1.56	4.58	0	2,078	99	1.38	5.5	25.9	0.0	0.0	18.16	60	1.2758	2.2953	715	717.34	984.77	
457921	46	750.8	746.5	486.6	746.2	226.5	1.56	4.58	0	2,047	98	1.38	5.5	25.9	0.0	0.0	18.33	60	1.2758	2.2953	715	717.44	983.98	
458478	46	750.8	744.2	485.8	744.2	227.2	1.75	4.58	0	2,023	96	-0.44	5.5	25.9	0.0	0.0	18.30	60	1.2758	2.2953	715	717.53	983.52	
459010	47	750.8	742.5	485.0	742.5	227.8	1.75	4.58	0	1,985	94	0.00	5.5	25.9	0.0	0.0	18.49	60	1.2758	2.2953	715	717.65	982.27	
459529	47	750.8	740.2	484.1	740.2	227.8	1.75	4.58	0	1,940	93	0.00	5.5	25.9	0.0	0.0	18.45	60	1.2758	2.2953	715	717.74	981.41	
460091	47	750.7	737.8	483.6	737.8	228.5	1.56	4.58	0	1,907	91	0.56	5.5	25.5	0.0	0.0	18.40	60	1.2758	2.2875	715	717.83	979.77	
460610	47	750.7	735.8	482.7	735.8	229.2	1.56	4.58	0	1,856	89	0.56	5.5	25.9	0.0	0.0	18.40	60	1.2758	2.3063	715	717.93	979.06	
461143	47	750.7	733.5	481.5	733.2	229.5	1.44	4.58	0	1,838	88	0.81	5.5	25.9	0.0	0.0	18.68	60	1.2758	2.2977	715	718.05	978.05	
461691	48	750.6	730.5	480.5	730.5	229.5	1.44	4.58	0	1,827	87	1.12	5.5	25.9	0.0	0.0	18.94	60	1.2758	2.2977	715	718.14	977.34	
462210	48	750.6	728.5	479.1	728.5	230.2	1.25	4.58	0	1,815	86	0.81	5.5	25.5	0.0	0.0	18.77	60	1.2758	2.2898	715	718.23	977.50	
462791	48	750.5	725.2	478.1	725.2	230.5	1.25	4.58	0	1,799	86	0.81	5.5	25.9	0.0	0.0	19.01	60	1.2758	2.3008	715	718.35	977.11	
463310	48	750.4	722.5	477.0	722.5	230.5	1.06	4.58	0	1,786	85	1.12	5.5	25.9	0.0	0.0	18.96	60	1.2758	2.3008	715	718.54	977.03	
463857	48	750.3	720.5	476.0	719.8	231.5	1.06	4.58	0	1,781	85	1.12	5.5	25.9	0.0	0.0	19.24	60	1.2758	2.3008	715	718.75	976.25	
464394	48	750.1	717.2	474.6	717.2	231.8	0.00	4.58	0	1,781	85	1.12	5.5	25.9	0.0	0.0	22.62	60	1.2758	2.3008	715	718.94	957.66	
465018	48	749.9	714.5	473.3	714.5	232.2	4.38	4.58	0	1,789	85	6.25	5.5	25.9	0.0	0.0	62.11	60	1.2758	2.3008	715	719.24	1,047.50	
465584	49	749.2	711.8	472.5	711.5	232.5	5.06	4.58	0	1,793	85	10.56	5.5	25.9	0.0	0.0	73.69	60	1.2758	2.3008	715	719.55	1,163.44	
466098	48	747.8	709.5	471.3	709.5	232.5	6.25	4.58	0	1,815	86	13.00	5.5	25.9	0.0	0.0	80.98	60	1.2758	2.3008	715	719.64	1,246.09	
466612	48	746.1	707.8	470.7	707.8	233.2	7.12	4.58	0	1,857	87	15.44	5.5	25.9	0.0	0.0	95.11	60	1.2758	2.3008	715	719.55	1,333.44	
467131	48	744.3	707.5	470.3	707.5	233.5	10.94	4.58	0	1,919	88	28.94	5.5	25.5	0.0	0.0	114.23	60	1.2758	2.2820	715	719.33	1,444.22	
467659	47	742.4	707.5	470.3	707.2	234.2	10.44	4.58	0	1,887	90	26.50	5.5	25.5	0.0	0.0	101.11	60	1.2758	2.2820	715	719.15	1,351.56	
468206	47	741.0	707.8	471.0	707.8	234.8	9.94	4.58	0	1,943	91	25.12	5.5	25.5	0.0	0.0	95.84	60	1.2758	2.2898	715	718.84	1,164.06	
468776	46	739.6	709.2	471.8	709.2	235.2	5.06	4.58	0	1,982	92	10.81	5.5	25.5	0.0	0.0	56.53	60	1.2758	2.2797	715	718.44	1,003.83	
469308	46	738.3	710.8	473.0	710.8	235.5	5.94	4.58	0	1,976	93	9.50	5.5	25.5	0.0	0.0	72.35	60	1.2758	2.2797	715	718.05	1,045.62	
469841	46	736.9	712.8	474.0	713.2	235.8	7.31	4.58	0	1,957	93	18.12	5.5	25.1	0.0	0.0	96.94	60	1.2758	2.2898	715	717.65	1,330.31	
470382	46	735.1	714.8	475.0	715.2	236.2	8.69	4.58	0	2,045	94	21.62	5.5	25.5	0.0	0.0	84.33	60	1.2758	2.2898	715	717.13	1,320.94	
470995	46	733.2	717.8	477.0	717.8	237.2	7.31	4.58	0	2,004	95	17.56	5.5	25.5	0.0	0.0	84.30	60	1.2758	2.2898	715	716.43	1,363.52	
471567	45	731.9	720.2	478.7	720.5	237.2	8.50	4.58	0	2,101	96	23.50	5.5	25.5	0.0	0.0	92.86	60	1.2758	2.2820	715	715.84	1,376.41	
472076	45	731.0	723.5	480.1	723.8	237.8	8.00	4.58	0	2,038	97	21.06	5.5	25.5	0.0	0.0	56.09	60	1.2758	2.2820	715	715.23	1,078.36	
472606	45	730.3	726.2	482.0	726.8	238.2	4.56	4.58	0	2,055	98	8.12	5.5	25.5	0.0	0.0	62.60	60	1.2758	2.2820	710	714.65	1,058.98	
473120	44	729.5	728.8	483.6	729.5	238.8	5.75	4.58	0	2,076	98	13.81	5.5	25.1	0.0	0.0	74.25	60	1.2758	2.2734	710	714.04	1,231.95	
473757	45	728.4	731.8	485.0	732.5	238.5	7.69	4.58	0	2,088	99	20.00	5.5	25.5	0.0	0.0	85.43	60	1.2758	2.2844	710	713.33	1,360.31	
474257	45	727.5	734.8	487.0	735.2	239.5	8.38	4.58	0	2,092	100	22.19	5.5	25.5	0.0	0.0	83.98	60	1.2758	2.2758	710	712.75	1,325.62	
474783	45	726.5	738.2	488.6	738.2	240.2	7.69	4.58	0	2,131	101	21.62	5.5	25.5	0.0	0.0	81.30	60	1.2758	2.2758	710	712.14	1,286.80	
475346	44	725.5	741.5	490.8	741.5	240.5	7.50	4.58	0	2,157	102	19.75	5.5	25.5	0.0	0.0	83.51	60	1.2758	2.2758	710	711.34	1,414.84	
475934	44	724.4	744.8	492.3	744.5	240.8	9.75	4.58	0	2,167	103	28.38	5.5	25.5	0.0	0.0	96.35	60	1.2758	2.2758	710	710.33	1,567.81	
476500	45	722.9	747.8	494.3	748.2	242.2	14.75	4.58	0	2,197	104	47.25	5.5	25.5	0.0	0.0	126.02	60	1.2758	2.2758	705	709.54	1,607.58	
477065	45	721.4	751.2	496.5	751.5	242.2	13.38	4.58	0	2,201	105	40.50	5.5	25.5	0.0	0.0	52.15	60	1.2758	2.2844	705	708.53	1,135.23	
477636	44	720.2	754.2	498.3	755.2	243.2	0.88	4.58	0	2,197	105	1.38	5.5	25.5	0.0	0.0	13.31	60	1.2758	2.2844	705	707.73	989.77	
478153	43	719.5	757.5	500.3	757.8	243.5	3.12	4.58	0	2,135	104	0.56	5.5	25.5	0.0	0.0	15.96	60	1.2758	2.2844	705	707.24	968.59	
478718	43	718.9	760.5	502.2	760.8	243.8	1.44	4.58	0	2,169	103	0.56	5.5	25.5	0.0	0.0	17.39	60	1.2758	2.2844	705	706.63	969.30	
479248	44	718.4	762.5	503.2	762.5	244.5	1.56	4.58	0	2,043	103	1.12	5.5	25.5	0.0	0.0	17.81	60	1.2758	2.2844	705	706.23	968.52	
479765	44	718.1	763.5	504.1	763.5	244.8	1.06	4.58	0	1,836	102	1.38	5.5	25.1	0.0	0.0	14.81	60	1.2758	2.2734	705	705.74	972.89	
480341	44	717.7	764.2	505.0	764.5	245.5	3.81	4.58	0	1,888	101	5.94	5.5	25.5	0.0	0.0	61.48	60	1.2758	2.2820	705	705.13	1,014.14	
480856	45	717.3	763.8	505.0	763.8	245.8	8.50	4.58	0	2,123	102	23.75	5.5	25.5	0.0	0.0	105.75	60	1.2758	2.2820	700	704.55	1,409.69	
481375	45	717.0	763.8	505.2	764.2	246.5	11.62	4.58	0	2,156	103	35.12	5.5	25.5	0.0	0.0	107.72	60	1.2758	2.2734	700	703.94	1,411.48	
481944	45	717.1	764.2	505.5	764.2	246.8	11.50	4.58	0	2,193	104	34.56	5.5	25.1	0.0	0.0	105.28	60	1.2758	2.2734	700	703.23	1,389.38	
482573	45	717.6	764.2	505.7	763.8	247.5	11.31	4.58	0	2,199	105	34.56	5.5	25.5	0.0	0.0	98.41	60	1.2758	2.2820	700	702.53	1,301.25	
483145	45	718.5	765.2	506.3	765.2	248.5	7.69	4.58	0	2,220	106	21.38	5.5	25.5	0.0	0.0	66.52	60	1.2758	2.2898	700	702.04	1,111.80	
483692	45	719.7	766.2	507.3	766.2	248.5	6.12	4.58	0	2,266	106	16.75	5.5	25.5	0.0	0.0	56.39	60	1.2758	2.2898	700	701.73	1,017.34	
484268	44	720.4	767.5	508.3	767.8	248.8	1.06	4.58	0	2,210	105	0.81	5.5	25.5	0.0	0.0	13.41	60	1.2758	2.2820	700	701.43	975.23	
484788	44	720.8	769.2	509.0	769.2	249.5	-2.50	4.58	0	2,146	105	0.81	5.5	25.5	0.0	0.0	15.02	60	1.2758	2.2820	700	701.24	962.73	
485307	44	721.2	770.5	510.2	770.5	250.5	1.56	4.58	0	2,182	104	1.62	5.5	25.5	0.0	0.0	17.53	60	1.2758	2.2820	700	701.03	966.64	
485868	44	721.5	770.8	510.6	771.2	250.5	1.25	4.58	0	2,160	103	1.62	5.5	25.5	0.0	0.0	17.93	60	1.2758	2.2820	700	700.94	968.28	
486472	45	721.9	770.8	510.8	770.8	250.8	1.25	4.58	0	1,869	102	0.81	5.5	25.1	0.0	0.0	17.04	60	1.2758	2.2719	700	700.75	977.19	
487063	45	722.3	770.5	511.1	770.2	251.5	0.88	4.58	0	1,780	101	1.12	5.5	25.1	0.0	0.0	17.48	60	1.2758	2.2719	700	700.54	976.48	
487584	45	722.6	769.5	510.8	769.5	251.8	0.69	4.58	0	1,771	100	1.12	5.5	25.5	0.0	0.0	17.46	60	1.2758	2.2797	700	700.44	976.02	
488107	45	723.0	767.8	510.3	767.8	252.5	0.88	4.58	0	1,740	99	1.12	5.5	25.5	0.0	0.0	17.48	60	1.2758	2.2797	700	700.23	975.39	
488685	46	723.3	766.2	509.6	766.2	252.8	0.56	4.58	0	1,740	99	1.12	5.5	25.5	0.0	0.0	17.55	60	1.2758	2.2797	700	700.14	974.84	
489221	46	723.6	764.5	508.8	764.5	253.2	0.69	4.58	0	1,719	98	1.12	5.5	25.5	0.0	0.0	15.63	60	1.2758	2.2797	700	700.05	974.92	
489734	46	723.8	762.2	508.1	762.5	253.5	2.25	4.58	0	1,769	97	2.75	5.5	25.5	0.0	0.0	47.70	60	1.2758	2.2797	700	699.93	965.00	
490293	47	724.1	759.8	507.0	759.5	254.2	5.56	4.58	0	2,084	97	13.50	5.5	25.1	0.0	0.0	88.43	60	1.2758	2.2719	695	699.83	1,203.12	
490899	47	724.1	757.5	505.8	757.5	254.5	10.62	4.58	0	2,051	98	29.75	5.5	25.1	0.0	0.0	104.37	60	1.2758	2.2719	695	699.74	1,322.11	
491458	47	724.3	755.8	505.3	755.8	254.5	10.06	4.58	0	2,089	99	28.12	5.5	25.1	0.0	0.0	96.47	60	1.2758	2.2719	695	699.65	1,307.19	
492013	46	724.8	754.5	504.8	754.2	255.5	9.94	4.58	0	2,114	100	28.62	5.5	25.1	0.0	0.0	97.66	60	1.2758	2.2617	695	699.74	1,325.08	
492540	46	725.5	753.8	504.6	753.8	255.8	10.25	4.58	0	2,132	101	30.81	5.5	25.1	0.0	0.0	70.41	60	1.2758	2.2695	695	699.83	1,144.77	
493055	46	726.1	754.2	505.1	754.2	255.8	1.44	4.58	0	2,114	101	1.62	5.5	25.1	0.0	0.0	14.48	60	1.2758	2.2695	700	699.93	1,000.47	
493565	45	726.5	754.8	505.5	754.2	256.8	3.12	4.58	0	2,066	100	0.56	5.5	25.1	0.0	0.0	13.95	60	1.2758	2.2695	700	700.05	970.39	
494103	45	726.7	754.8	506.0	755.2	256.8	1.75	4.58	0	2,093	99	1.12	5.5	25.1	0.0	0.0	18.00	60	1.2758	2.2617	700	700.14	961.95	
494624	45	727.0	755.2	506.2	755.2	257.2	4.56	4.58	0	2,106	99	8.12	5.5	25.1	0.0	0.0	66.59	60	1.2758	2.2617	700	700.23	1,045.70	
495166	45	727.1	755.5	506.8	755.5	257.2	10.06	4.58	0	2,101	100	28.38	5.5	25.1	0.0	0.0	111.84	60	1.2758	2.2719	700	700.35	1,389.53	
495695	46	727.2	755.5	506.8	755.5	258.2	10.94	4.58	0	2,115	101	32.69	5.5	25.1	0.0	0.0	104.13	60	1.2758	2.2719	700	700.54	1,358.44	
496211	46	727.5	755.8	507.1	755.8	258.5	10.62	4.58	0	2,152	102	31.31	5.5	24.7	0.0	0.0	100.31	60	1.2758	2.2539	700	700.75	1,352.42	
496733	45	728.0	756.2	507.5	756.5	258.8	10.94	4.58	0	2,170	103	32.12	5.5	25.1	0.0	0.0	101.39	60	1.2758	2.2617	700	701.03	1,367.66	
497305	45	728.9	757.2	508.3	757.2	259.5	11.31	4.58	0	2,193	104	33.50	5.5	25.1	0.0	0.0	101.88	60	1.2758	2.2617	700	701.33	1,355.78	
497856	45	730.0	758.8	509.3	758.5	260.2	6.62	4.58	0	2,197	105	18.38	5.5	25.1	0.0	0.0	35.48	60	1.2758	2.2695	700	701.73	1,064.45	
498368	44	730.9	760.2	510.0	760.2	260.5	1.06	4.58	0	2,180	104	1.38	5.5	25.1	0.0	0.0	13.03	60	1.2758	2.2617	700	701.94	982.81	
498950	44	731.5	761.5	511.1	761.8	261.2	1.94	4.58	0	2,133	103	0.56	5.5	25.1	0.0	0.0	16.97	60	1.2758	2.2617	700	702.25	970.00	
499575	44	732.0	763.2	512.3	763.2	261.5	1.25	4.58	0	2,157	102	1.62	5.5	25.1	0.0	0.0	17.65	60	1.2758	2.2617	700	702.44	970.70	
500092	44	732.6	763.8	512.8	763.8	262.2	7.50	4.58	0	2,133	102	1.38	5.5	25.1	0.0	0.0	39.28	60	1.2758	2.2695	700	702.65	955.39	
500632	45	733.2	764.5	513.3	764.5	262.5	5.56	4.58	0	2,165	102	12.69	5.5	25.1	0.0	0.0	67.50	60	1.2758	2.2695	700	703.05	1,150.23	
501170	45	733.5	764.2	513.5	763.8	262.5	7.31	4.58	0	2,163	102	18.12	5.5	25.1	0.0	0.0	82.01	60	1.2758	2.2695	700	703.35	1,341.25	
501690	45	733.5	764.2	513.7	764.2	263.5	9.06	4.58	0	2,173	103	24.31	5.5	25.1	0.0	0.0	88.03	60	1.2758	2.2617	700	703.63	1,416.17	
502268	45	733.8	764.5	514.0	764.5	263.8	9.25	4.58	0	2,190	104	25.94	5.5	25.1	0.0	0.0	83.06	60	1.2758	2.2617	700	704.03	1,195.70	
502838	45	734.2	764.8	514.3	764.8	264.2	1.75	4.58	0	2,169	104	1.62	5.5	24.7	0.0	0.0	14.48	60	1.2758	2.2539	700	704.33	1,003.05	
503351	44	734.3	765.8	515.0	765.5	264.5	1.06	4.58	0	2,155	103	0.81	5.5	25.1	0.0	0.0	13.52	60	1.2758	2.2719	700	704.55	970.47	
503916	44	734.5	766.5	515.7	766.2	264.8	1.44	4.58	0	2,146	102	0.81	5.5	25.1	0.0	0.0	17.65	60	1.2758	2.2719	700	704.85	970.08	
504479	44	734.6	766.8	516.0	766.8	265.5	1.44	4.58	0	2,132	101	0.81	5.5	25.1	0.0	0.0	17.72	60	1.2758	2.2719	705	705.04	970.70	
505030	45	734.7	766.5	516.0	766.5	265.8	1.56	4.58	0	2,114	101	0.31	5.5	24.7	0.0	0.0	17.62	60	1.2758	2.2539	705	705.25	983.05	
505596	45	734.9	766.2	516.2	765.8	265.8	1.56	4.58	0	2,094	100	0.81	5.5	24.7	0.0	0.0	17.88	60	1.2758	2.2539	705	705.34	984.30	
506150	45	735.0	765.2	516.0	764.8	266.5	1.56	4.58	0	2,074	99	0.00	5.5	24.7	0.0	0.0	18.00	60	1.2758	2.2539	705	705.53	985.70	
506683	45	735.1	764.2	515.3	763.8	266.5	1.56	4.58	0	2,056	98	0.00	5.5	24.7	0.0	0.0	14.13	60	1.2758	2.2539	705	705.65	982.19	
507251	46	735.1	762.2	514.7	762.2	267.2	4.38	4.58	0	2,099	98	7.56	5.5	24.7	0.0	0.0	60.30	60	1.2758	2.2539	705	705.93	1,049.38	
507766	46	734.9	760.8	514.0	760.8	267.5	5.75	4.58	0	2,069	98	12.44	5.5	25.1	0.0	0.0	73.36	60	1.2758	2.2633	705	706.14	1,206.25	
508429	46	734.3	759.2	513.5	759.5	267.5	7.81	4.58	0	2,085	99	20.25	5.5	25.1	0.0	0.0	84.30	60	1.2758	2.2555	705	706.35	1,311.64	
509009	46	733.4	758.5	513.1	758.2	268.5	8.19	4.58	0	2,130	100	21.88	5.5	25.1	0.0	0.0	83.02	60	1.2758	2.2555	705	706.54	1,323.36	
509556	46	732.9	757.5	513.1	757.5	268.8	8.50	4.58	0	2,132	101	22.69	5.5	24.7	0.0	0.0	83.53	60	1.2758	2.2453	705	706.63	1,339.45	
510085	46	732.7	757.8	513.1	757.5	269.2	8.50	4.58	0	2,144	102	23.00	5.5	24.7	0.0	0.0	84.59	60	1.2758	2.2453	705	706.84	1,347.66	
510648	45	732.8	758.2	513.3	758.5	268.8	8.50	4.58	0	2,168	103	23.75	5.5	24.7	0.0	0.0	84.00	60	1.2758	2.2453	705	707.03	1,353.59	
511184	45	733.0	758.8	514.1	759.2	269.5	8.88	4.58	0	2,181	104	25.12	5.5	24.7	0.0	0.0	84.56	60	1.2758	2.2539	705	707.24	1,317.89	
511696	45	733.1	760.2	515.0	760.2	270.2	8.19	4.58	0	2,200	104	22.44	5.5	24.7	0.0	0.0	55.20	60	1.2758	2.2539	705	707.33	1,108.05	
512258	44	732.8	761.8	516.0	762.2	270.5	0.69	4.58	0	2,180	104	1.38	5.5	24.7	0.0	0.0	14.16	60	1.2758	2.2453	705	707.55	990.39	
512754	44	732.5	763.5	517.0	763.8	270.8	0.56	4.58	0	2,142	103	-0.19	5.5	24.7	0.0	0.0	15.63	60	1.2758	2.2453	705	707.55	969.14	
513348	44	732.1	764.5	518.0	764.8	270.8	1.44	4.58	0	2,145	102	1.12	5.5	24.7	0.0	0.0	17.86	60	1.2758	2.2453	705	707.64	970.31	
513936	44	731.9	766.2	518.8	766.2	271.5	5.38	4.58	0	2,157	102	1.38	5.5	24.7	0.0	0.0	40.52	60	1.2758	2.2453	705	707.73	957.19	
514455	44	731.4	766.2	519.0	766.5	271.5	5.75	4.58	0	2,168	102	12.44	5.5	24.7	0.0	0.0	67.95	60	1.2758	2.2453	705	707.73	1,158.59	
514974	45	730.6	766.2	519.2	766.5	272.2	7.50	4.58	0	2,172	103	18.62	5.5	24.7	0.0	0.0	83.02	60	1.2758	2.2453	705	707.73	1,347.89	
515519	45	729.3	766.5	519.5	766.5	272.5	9.56	4.58	0	2,186	103	25.38	5.5	24.7	0.0	0.0	91.99	60	1.2758	2.2375	705	707.73	1,459.38	
516047	45	728.1	766.8	519.6	766.8	273.2	9.75	4.58	0	2,192	104	27.00	5.5	24.7	0.0	0.0	91.01	60	1.2758	2.2375	705	707.64	1,466.17	
516667	45	727.3	767.5	520.3	767.5	273.5	9.94	4.58	0	2,216	105	28.12	5.5	24.7	0.0	0.0	90.61	60	1.2758	2.2375	705	707.55	1,462.66	
517177	45	726.8	768.5	520.8	768.5	273.5	10.25	4.58	0	2,242	106	28.94	5.5	24.7	0.0	0.0	91.99	60	1.2758	2.2375	705	707.33	1,443.20	
517695	45	726.0	769.8	521.6	770.2	274.2	9.94	4.58	0	2,258	107	27.56	5.5	24.7	0.0	0.0	87.66	60	1.2758	2.2375	705	707.15	1,375.70	
518281	44	724.6	772.2	522.8	771.8	274.8	8.38	4.58	0	2,264	108	24.06	5.5	24.7	0.0	0.0	76.78	60	1.2758	2.2453	705	706.84	1,194.69	
518810	44	723.3	773.5	524.0	773.8	275.2	7.31	4.58	0	2,294	109	18.38	5.5	24.7	0.0	0.0	77.09	60	1.2758	2.2453	705	706.44	1,330.16	
519322	44	721.9	775.5	525.5	775.8	275.2	9.38	4.58	0	2,316	110	26.50	5.5	24.7	0.0	0.0	91.43	60	1.2758	2.2375	705	706.05	1,516.09	
519843	44	720.2	777.5	526.6	777.8	275.8	12.00	4.58	0	2,322	110	34.06	5.5	24.7	0.0	0.0	90.00	60	1.2758	2.2375	705	705.53	1,361.72	
520418	44	718.4	780.2	527.8	780.2	276.5	9.25	4.58	0	2,343	111	25.69	5.5	24.7	0.0	0.0	75.09	60	1.2758	2.2375	705	704.85	1,180.16	
520974	44	716.5	782.8	529.3	782.8	276.8	3.69	4.58	0	2,336	112	9.19	5.5	25.1	0.0	0.0	24.91	60	1.2758	2.2555	700	704.15	1,016.41	
521551	43	715.0	785.5	531.0	785.5	277.5	2.12	4.58	0	2,321	111	0.81	5.5	24.7	0.0	0.0	18.07	60	1.2758	2.2477	700	703.63	960.00	
522142	43	713.6	787.5	532.6	787.8	278.2	4.19	4.58	0	2,372	111	7.06	5.5	24.7	0.0	0.0	55.12	60	1.2758	2.2555	700	702.93	959.61	
522710	43	711.9	789.5	534.0	789.8	278.5	6.81	4.58	0	2,364	111	16.75	5.5	25.1	0.0	0.0	70.20	60	1.2758	2.2555	700	702.25	1,145.78	
523229	44	710.3	791.2	534.6	790.8	278.5	7.69	4.58	0	2,363	112	20.25	5.5	25.1	0.0	0.0	71.34	60	1.2758	2.2555	700	701.55	1,141.64	
523785	44	708.5	792.2	535.5	792.5	279.2	4.56	4.58	0	2,353	113	9.75	5.5	24.7	0.0	0.0	22.80	60	1.2758	2.2477	700	700.94	1,015.31	
524337	43	707.2	793.8	536.6	793.5	279.5	1.56	4.58	0	2,325	112	1.38	5.5	24.7	0.0	0.0	12.28	60	1.2758	2.2477	700	700.35	968.44	
524885	43	706.1	794.8	537.1	794.8	279.8	2.12	4.58	0	2,301	112	1.62	5.5	24.7	0.0	0.0	17.37	60	1.2758	2.2477	700	699.93	966.48	
525557	43	705.1	795.5	537.8	795.5	279.8	1.06	4.58	0	2,329	111	1.62	5.5	24.7	0.0	0.0	17.86	60	1.2758	2.2555	695	699.34	970.62	
526117	44	704.4	795.8	538.1	795.8	280.5	1.25	4.58	0	2,035	110	0.31	5.5	24.7	0.0	0.0	17.84	60	1.2758	2.2375	695	698.85	979.77	
526700	44	703.7	795.2	538.1	795.2	280.8	1.25	4.58	0	1,981	109	0.31	5.5	24.7	0.0	0.0	18.00	60	1.2758	2.2375	695	698.55	980.16	
527204	44	703.2	794.5	537.6	794.5	281.2	1.25	4.58	0	1,925	109	1.12	5.5	24.7	0.0	0.0	17.86	60	1.2758	2.2375	695	698.03	979.84	
527775	45	702.9	793.2	537.8	793.2	281.5	1.25	4.58	0	1,903	108	0.81	5.5	24.7	0.0	0.0	18.00	60	1.2758	2.2375	695	697.75	979.06	
528289	45	702.6	791.2	537.2	791.5	281.8	1.06	4.58	0	1,891	107	1.12	5.5	24.7	0.0	0.0	18.02	60	1.2758	2.2375	695	697.35	978.12	
528833	45	702.3	789.5	536.0	789.5	282.2	-1.50	4.58	0	1,905	107	1.62	5.5	24.7	0.0	0.0	20.37	60	1.2758	2.2375	695	696.93	966.88	
529390	46	701.9	787.5	535.1	787.2	282.2	3.31	4.58	0	1,939	107	4.06	5.5	24.7	0.0	0.0	42.09	60	1.2758	2.2375	695	696.65	947.11	
529932	46	701.5	785.2	534.0	784.5	282.5	4.38	4.58	0	1,896	107	6.50	5.5	24.3	0.0	0.0	49.99	60	1.2758	2.2297	695	696.13	939.45	
530487	46	700.8	782.5	533.1	782.5	282.8	5.25	4.58	0	1,909	107	9.19	5.5	24.7	0.0	0.0	58.31	60	1.2758	2.2398	695	695.64	963.52	
531025	46	699.9	780.8	532.0	780.5	282.8	5.06	4.58	0	1,911	107	10.00	5.5	24.7	0.0	0.0	64.05	60	1.2758	2.2398	695	695.15	1,056.56	
531547	46	698.8	779.2	531.5	779.2	283.2	5.75	4.58	0	1,922	108	12.44	5.5	24.3	0.0	0.0	69.07	60	1.2758	2.2313	690	694.54	1,098.28	
532082	46	697.6	778.5	531.1	778.5	283.5	6.12	4.58	0	1,917	108	13.25	5.5	24.3	0.0	0.0	74.11	60	1.2758	2.2313	690	694.05	1,221.88	
532629	45	696.1	777.8	530.6	777.8	284.2	7.50	4.58	0	1,933	109	16.75	5.5	24.3	0.0	0.0	82.20	60	1.2758	2.2313	690	693.25	1,327.42	
533144	45	694.7	777.8	530.8	777.5	284.2	8.00	4.58	0	1,951	110	19.75	5.5	24.3	0.0	0.0	99.70	60	1.2758	2.2313	690	692.55	1,394.77	
533697	45	693.9	778.2	531.0	778.2	284.2	13.19	4.58	0	1,959	110	35.94	5.5	24.3	0.0	0.0	114.35	60	1.2758	2.2141	690	691.84	1,577.34	
534339	45	693.5	778.8	531.6	778.8	284.5	20.19	4.58	0	2,416	111	59.69	5.5	24.3	0.0	0.0	131.88	60	1.2758	2.2297	690	690.65	1,740.08	
534874	45	693.0	779.8	532.3	780.2	284.8	20.00	4.58	0	2,364	113	62.38	5.5	24.3	0.0	0.0	130.80	60	1.2758	2.2281	685	689.64	1,735.23	
535392	45	692.9	781.8	533.3	781.8	285.2	20.69	4.58	0	2,412	114	63.19	5.5	24.3	0.0	0.0	130.69	60	1.2758	2.2344	685	688.75	1,730.55	
535901	45	693.5	783.8	534.3	784.2	285.8	20.69	4.58	0	2,447	116	64.56	5.5	24.7	0.0	0.0	130.90	60	1.2758	2.2500	685	687.83	1,715.78	
536465	44	695.0	786.5	536.0	786.5	286.2	20.00	4.58	0	2,466	117	61.56	5.5	25.1	0.0	0.0	120.21	60	1.2758	2.2555	685	686.94	1,520.47	
536996	44	697.1	789.2	537.5	789.5	286.5	3.31	4.58	0	2,418	118	9.75	5.5	24.7	0.0	0.0	19.12	60	1.2758	2.2531	685	686.43	1,049.53	
537542	43	699.1	791.8	539.1	792.2	286.8	0.69	4.58	0	2,442	117	1.38	5.5	24.7	0.0	0.0	11.16	60	1.2758	2.2531	685	686.15	975.47	
538167	43	700.7	795.2	541.1	795.8	287.5	0.88	4.58	0	2,439	116	1.62	5.5	24.7	0.0	0.0	17.55	60	1.2758	2.2531	685	685.84	973.28	
538742	43	702.3	797.5	542.7	797.8	288.2	8.69	4.58	0	2,427	115	1.94	5.5	25.1	0.0	0.0	17.27	60	1.2758	2.2687	685	685.54	957.73	
539282	43	703.7	798.8	543.3	798.8	288.2	4.88	4.58	0	2,417	115	12.69	5.5	25.1	0.0	0.0	55.71	60	1.2758	2.2594	685	685.23	956.17	
539842	44	705.7	799.5	543.8	799.2	288.8	5.06	4.58	0	2,089	115	12.44	5.5	25.1	0.0	0.0	64.90	60	1.2758	2.2742	685	685.05	1,030.00	
540403	44	707.5	799.5	544.1	799.5	288.5	5.75	4.58	0	2,034	115	12.69	5.5	25.1	0.0	0.0	62.51	60	1.2758	2.2742	685	685.05	1,022.81	
540937	44	709.2	799.8	544.6	800.2	289.2	4.00	4.58	0	1,996	115	4.31	5.5	25.5	0.0	0.0	21.26	60	1.2758	2.2820	685	685.05	985.94	
541456	44	710.2	799.8	544.6	799.8	289.5	1.25	4.58	0	2,007	114	1.12	5.5	25.5	0.0	0.0	12.52	60	1.2758	2.2898	685	685.05	963.05	
542026	43	711.2	799.5	544.8	799.5	290.2	1.75	4.58	0	1,938	113	0.81	5.5	25.1	0.0	0.0	17.02	60	1.2758	2.2727	685	685.14	961.72	
542644	44	712.1	799.2	544.8	799.2	290.2	1.25	4.58	0	1,979	112	0.56	5.5	25.5	0.0	0.0	17.65	60	1.2758	2.2797	685	685.14	964.22	
543142	44	712.9	798.5	544.5	798.8	290.5	1.25	4.58	0	1,964	111	0.56	5.5	25.5	0.0	0.0	17.84	60	1.2758	2.2875	685	685.23	972.66	
543716	44	713.7	796.8	543.8	796.8	291.2	1.06	4.58	0	1,935	110	0.56	5.5	25.5	0.0	0.0	17.48	60	1.2758	2.2875	685	685.35	976.41	
544276	45	714.6	795.2	543.0	794.8	290.5	1.25	4.58	0	1,929	110	1.38	5.5	25.1	0.0	0.0	17.70	60	1.2758	2.2703	685	685.35	978.05	
544789	45	715.3	792.8	542.5	792.8	291.5	1.25	4.58	0	1,913	109	0.81	5.5	25.1	0.0	0.0	17.88	60	1.2758	2.2703	685	685.35	978.75	
545353	45	716.0	790.8	541.2	790.8	291.5	1.06	4.58	0	1,895	108	1.12	5.5	25.1	0.0	0.0	18.00	60	1.2758	2.2703	685	685.44	978.20	
545950	46	716.6	788.2	539.8	787.8	291.2	1.25	4.58	0	1,878	107	1.12	5.5	25.1	0.0	0.0	18.19	60	1.2758	2.2703	685	685.54	977.81	
546491	46	717.2	785.2	538.6	785.2	291.5	0.88	4.58	0	1,869	106	1.12	5.5	25.5	0.0	0.0	18.09	60	1.2758	2.2875	685	685.63	977.11	
547036	46	717.8	782.5	537.5	781.8	291.8	0.88	4.58	0	1,851	105	0.81	5.5	25.5	0.0	0.0	18.07	60	1.2758	2.2797	685	685.75	977.03	
547592	46	718.3	779.2	536.3	779.2	291.8	0.88	4.58	0	1,837	104	0.81	5.5	25.5	0.0	0.0	18.40	60	1.2758	2.2797	685	685.84	977.11	
548126	47	718.8	776.5	534.5	776.5	292.2	0.88	4.58	0	1,817	103	1.38	5.5	25.1	0.0	0.0	18.35	60	1.2758	2.2727	685	685.94	976.17	
548675	47	719.3	773.5	533.2	773.5	292.2	0.88	4.58	0	1,809	103	1.12	5.5	25.1	0.0	0.0	18.56	60	1.2758	2.2648	685	686.03	975.78	
549203	47	719.7	770.8	531.7	770.5	292.2	0.69	4.58	0	1,794	102	1.12	5.5	25.5	0.0	0.0	20.88	60	1.2758	2.2820	685	686.15	977.58	
549736	47	720.1	767.8	530.3	767.2	292.5	2.44	4.58	0	1,818	101	1.94	5.5	25.1	0.0	0.0	38.72	60	1.2758	2.2742	685	686.33	961.88	
550301	47	720.5	764.5	528.8	764.2	292.8	4.00	4.58	0	1,802	101	7.56	5.5	25.1	0.0	0.0	58.17	60	1.2758	2.2664	685	686.55	1,009.06	
550842	47	720.7	761.5	527.3	761.5	292.8	4.56	4.58	0	1,799	102	10.00	5.5	25.1	0.0	0.0	59.16	60	1.2758	2.2664	685	686.94	1,012.03	
551499	47	720.7	759.5	526.0	759.2	292.5	4.69	4.58	0	1,841	102	8.94	5.5	25.1	0.0	0.0	64.66	60	1.2758	2.2664	685	687.25	1,127.73	
552027	47	720.4	757.2	525.0	757.2	292.5	7.12	4.58	0	2,164	102	18.12	5.5	25.1	0.0	0.0	78.66	60	1.2758	2.2594	685	687.74	1,312.11	
552544	46	719.8	755.5	524.5	755.5	293.2	8.00	4.58	0	2,157	103	20.56	5.5	25.1	0.0	0.0	60.40	60	1.2758	2.2664	685	688.05	1,127.42	
553081	46	719.1	754.5	524.0	754.8	293.5	5.06	4.58	0	2,186	103	11.62	5.5	25.1	0.0	0.0	55.29	60	1.2758	2.2664	685	688.44	1,009.61	
553659	45	718.2	754.5	524.0	754.5	293.5	5.94	4.58	0	2,181	103	13.25	5.5	25.1	0.0	0.0	65.55	60	1.2758	2.2664	685	688.94	1,055.94	
554271	45	717.1	754.5	524.0	754.2	293.5	6.62	4.58	0	2,190	104	15.94	5.5	25.1	0.0	0.0	60.14	60	1.2758	2.2594	685	689.33	1,029.38	
554786	45	716.0	755.2	524.5	754.8	293.8	1.44	4.58	0	2,178	104	1.94	5.5	25.1	0.0	0.0	14.53	60	1.2758	2.2594	685	689.55	978.12	
555357	44	715.1	755.2	524.5	755.2	293.8	-1.12	4.58	0	2,128	103	1.38	5.5	24.7	0.0	0.0	15.28	60	1.2758	2.2516	685	689.73	962.11	
555914	44	714.4	756.2	525.0	755.8	294.2	1.25	4.58	0	2,146	102	0.56	5.5	24.7	0.0	0.0	18.40	60	1.2758	2.2516	690	690.04	966.02	
556429	45	713.9	755.8	525.0	755.8	294.2	1.56	4.58	0	2,132	101	0.81	5.5	25.1	0.0	0.0	18.38	60	1.2758	2.2609	690	690.13	967.66	
556956	45	713.4	755.8	525.0	755.5	294.2	1.25	4.58	0	2,159	101	2.19	5.5	25.1	0.0	0.0	45.75	60	1.2758	2.2609	690	690.34	966.64	
557469	45	712.8	755.2	525.0	755.2	294.8	5.56	4.58	0	2,130	101	13.00	5.5	25.1	0.0	0.0	67.99	60	1.2758	2.2609	690	690.53	1,114.38	
558123	46	711.8	754.8	524.5	754.8	294.5	7.50	4.58	0	2,144	102	17.81	5.5	24.7	0.0	0.0	77.98	60	1.2758	2.2531	690	690.83	1,234.84	
558704	45	710.3	754.2	524.7	754.2	294.8	8.69	4.58	0	2,187	103	21.88	5.5	24.7	0.0	0.0	86.91	60	1.2758	2.2461	690	690.93	1,395.00	
559317	45	709.2	754.2	524.7	754.2	295.2	9.56	4.58	0	2,192	104	26.50	5.5	24.7	0.0	0.0	88.41	60	1.2758	2.2461	690	690.93	1,465.62	
559855	45	708.8	754.8	525.0	754.8	295.5	10.81	4.58	0	2,218	105	29.75	5.5	24.7	0.0	0.0	98.09	60	1.2758	2.2531	690	690.93	1,597.58	
560479	45	708.7	755.2	525.5	755.5	295.2	17.06	4.58	0	2,262	106	51.31	5.5	24.7	0.0	0.0	116.46	60	1.2758	2.2438	690	690.93	1,501.80	
560972	45	708.8	756.5	526.1	756.5	295.8	14.62	4.58	0	2,240	107	42.94	5.5	24.7	0.0	0.0	105.52	60	1.2758	2.2516	690	690.93	1,368.52	
561556	44	709.0	759.2	527.1	759.2	295.8	5.38	4.58	0	2,274	107	12.44	5.5	25.1	0.0	0.0	33.35	60	1.2758	2.2594	690	690.93	1,027.97	
562148	43	709.2	760.8	528.3	761.5	296.2	1.56	4.58	0	2,211	107	1.62	5.5	25.1	0.0	0.0	11.98	60	1.2758	2.2594	690	690.83	970.94	
562653	43	709.3	763.2	529.8	763.2	296.5	2.25	4.58	0	2,236	106	2.75	5.5	25.1	0.0	0.0	46.03	60	1.2758	2.2594	690	690.83	926.88	
563175	43	709.4	764.8	530.5	764.8	296.8	5.56	4.58	0	2,238	106	12.44	5.5	25.1	0.0	0.0	63.70	60	1.2758	2.2594	690	690.93	1,108.20	
563700	44	709.5	766.5	531.6	766.5	296.5	7.50	4.58	0	2,252	107	19.19	5.5	25.1	0.0	0.0	80.44	60	1.2758	2.2516	690	690.93	1,289.38	
564223	44	709.5	768.2	532.5	768.2	296.8	8.88	4.58	0	2,258	107	23.50	5.5	25.1	0.0	0.0	82.50	60	1.2758	2.2687	690	690.93	1,300.39	
564742	44	709.5	769.5	533.3	769.5	297.2	8.88	4.58	0	2,283	108	24.06	5.5	25.1	0.0	0.0	81.89	60	1.2758	2.2609	690	691.05	1,299.69	
565314	44	709.5	770.8	533.8	770.8	297.5	9.06	4.58	0	2,291	109	23.75	5.5	25.1	0.0	0.0	84.21	60	1.2758	2.2531	690	691.05	1,423.75	
565862	44	709.3	772.8	535.1	772.8	297.5	10.81	4.58	0	2,331	110	29.75	5.5	24.7	0.0	0.0	96.14	60	1.2758	2.2531	690	691.05	1,601.56	
566397	44	709.0	774.5	536.6	775.2	297.8	13.94	4.58	0	2,368	111	40.50	5.5	24.7	0.0	0.0	105.54	60	1.2758	2.2531	690	690.93	1,671.33	
566942	44	708.8	777.2	537.6	776.8	298.5	13.94	4.58	0	2,350	112	40.50	5.5	24.7	0.0	0.0	101.88	60	1.2758	2.2609	690	690.83	1,640.55	
567498	44	708.6	779.8	538.8	780.2	298.5	13.19	4.58	0	2,374	113	36.50	5.5	25.1	0.0	0.0	79.08	60	1.2758	2.2609	690	690.65	1,312.19	
568013	43	708.3	781.8	540.1	781.8	298.8	3.81	4.58	0	2,357	113	9.75	5.5	25.1	0.0	0.0	21.87	60	1.2758	2.2609	690	690.44	1,033.52	
568686	42	708.0	785.2	541.8	785.5	299.2	1.25	4.58	0	2,332	112	1.38	5.5	25.1	0.0	0.0	12.40	60	1.2758	2.2609	690	690.34	970.47	
569234	42	707.7	787.5	543.3	787.5	299.5	1.44	4.58	0	2,335	112	1.94	5.5	25.1	0.0	0.0	17.55	60	1.2758	2.2609	690	690.25	969.38	
569733	42	707.5	789.2	544.5	789.5	299.8	1.06	4.58	0	2,319	110	1.38	5.5	25.1	0.0	0.0	17.67	60	1.2758	2.2687	690	690.13	970.62	
570234	43	707.5	790.5	545.3	790.2	299.8	1.25	4.58	0	2,165	109	1.62	5.5	24.7	0.0	0.0	17.98	60	1.2758	2.2516	690	690.04	980.08	
570805	43	707.5	790.8	545.5	791.2	300.5	1.06	4.58	0	1,950	109	0.81	5.5	25.1	0.0	0.0	17.44	60	1.2758	2.2594	690	689.94	979.77	
571337	44	707.6	790.5	545.5	791.2	300.5	1.06	4.58	0	1,908	108	1.38	5.5	24.7	0.0	0.0	17.79	60	1.2758	2.2500	685	689.85	978.44	
571864	44	707.7	790.2	545.5	790.2	300.8	2.25	4.58	0	1,894	107	2.75	5.5	24.7	0.0	0.0	22.71	58	1.2758	2.2500	685	689.73	954.84	
572377	44	707.8	788.8	545.0	789.2	300.8	5.06	4.58	0	1,941	107	8.69	5.5	25.1	0.0	0.0	64.90	58	1.2758	2.2570	685	689.64	1,035.39	
572938	45	707.9	787.8	544.3	787.8	301.2	9.06	4.58	0	1,905	107	22.19	5.5	25.1	0.0	0.0	105.26	58	1.2758	2.2570	685	689.55	1,323.52	
573477	45	708.2	786.8	544.1	786.8	301.2	10.62	4.58	0	1,917	108	25.94	5.5	24.7	0.0	0.0	100.95	58	1.2758	2.2500	685	689.55	1,358.28	
574029	45	708.9	785.8	543.6	785.5	301.5	11.62	4.58	0	2,012	109	31.06	5.5	24.7	0.0	0.0	110.62	58	1.2758	2.2500	685	689.55	1,391.88	
574562	45	710.0	785.8	543.5	785.5	301.5	10.62	4.58	0	1,944	110	27.31	5.5	24.7	0.0	0.0	98.65	58	1.2758	2.2500	685	689.64	1,353.12	
575089	44	711.3	785.8	543.6	785.8	302.5	10.81	4.58	0	1,963	110	27.81	5.5	24.7	0.0	0.0	99.49	58	1.2758	2.2500	685	689.85	1,303.20	
575681	44	713.2	786.5	544.3	786.5	302.5	9.94	4.58	0	1,973	111	23.75	5.5	25.1	0.0	0.0	87.75	58	1.2758	2.2570	690	690.13	1,189.92	
576205	44	715.0	787.5	544.7	787.5	302.5	8.69	4.58	0	1,972	112	18.94	5.5	25.1	0.0	0.0	69.87	58	1.2758	2.2570	690	690.53	1,058.98	
576755	43	716.6	788.8	545.5	788.5	302.5	2.62	4.58	0	2,005	111	2.19	5.5	25.1	0.0	0.0	14.84	58	1.2758	2.2500	690	690.83	985.86	
577418	43	717.6	790.2	546.3	789.8	303.2	-0.44	4.58	0	1,881	111	0.81	5.5	24.7	0.0	0.0	15.02	58	1.2758	2.2500	690	691.14	963.59	
577911	43	718.2	791.2	547.2	791.2	303.2	1.25	4.58	0	1,937	110	1.38	5.5	24.7	0.0	0.0	17.51	58	1.2758	2.2500	690	691.35	964.22	
578446	43	719.1	791.8	547.8	791.8	302.8	1.06	4.58	0	1,926	109	0.31	5.5	24.7	0.0	0.0	17.55	58	1.2758	2.2500	690	691.54	965.00	
578967	44	719.6	792.2	547.5	791.5	303.2	0.88	4.58	0	1,901	108	1.38	5.5	24.7	0.0	0.0	17.53	58	1.2758	2.2398	690	691.75	973.75	
579492	44	720.2	791.5	547.5	791.2	303.5	1.06	4.58	0	1,893	107	1.12	5.5	24.7	0.0	0.0	17.62	58	1.2758	2.2398	690	691.94	975.55	
580054	44	720.8	790.2	547.0	790.2	303.5	2.81	4.58	0	1,916	107	1.12	5.5	24.7	0.0	0.0	34.59	55	1.2758	2.2398	690	692.15	957.97	
580606	45	721.3	788.5	546.5	788.5	303.5	5.38	4.58	0	1,897	107	9.50	5.5	24.7	0.0	0.0	62.91	55	1.2758	2.2398	690	692.43	1,073.59	
581126	45	721.6	787.5	545.6	787.2	304.2	6.12	4.58	0	1,926	107	13.00	5.5	24.7	0.0	0.0	74.39	55	1.2758	2.2398	690	692.73	1,190.94	
581643	45	721.5	785.5	544.8	785.8	303.8	7.69	4.58	0	1,898	107	16.25	5.5	24.7	0.0	0.0	82.05	55	1.2758	2.2500	690	693.04	1,224.69	
582136	45	721.2	785.2	544.7	784.5	303.8	7.50	4.58	0	1,923	108	16.75	5.5	24.7	0.0	0.0	77.79	55	1.2758	2.2422	690	693.34	1,182.03	
582676	45	720.5	784.2	544.3	784.2	304.5	7.31	4.58	0	1,921	108	16.50	5.5	24.7	0.0	0.0	79.38	55	1.2758	2.2422	690	693.65	1,297.03	
583218	44	719.6	784.2	544.3	784.2	304.5	8.19	4.58	0	1,921	109	19.19	5.5	24.7	0.0	0.0	85.83	55	1.2758	2.2422	690	694.05	1,372.11	
583756	44	719.1	784.2	544.5	784.2	304.5	8.69	4.58	0	1,946	109	20.81	5.5	24.7	0.0	0.0	88.52	55	1.2758	2.2422	690	694.35	1,427.03	
584293	44	719.0	784.8	544.8	784.8	305.2	11.50	4.58	0	1,949	110	30.00	5.5	24.7	0.0	0.0	113.62	55	1.2758	2.2422	690	694.63	1,525.31	
584855	44	719.2	785.8	545.5	785.8	305.2	13.56	4.58	0	1,965	111	35.12	5.5	24.3	0.0	0.0	107.77	55	1.2758	2.2250	695	695.03	1,442.19	
585445	44	719.4	787.5	546.1	787.2	305.5	15.12	4.58	0	2,158	111	45.62	5.5	24.3	0.0	0.0	127.69	55	1.2758	2.2328	695	695.33	1,706.17	
586110	44	719.2	788.8	547.1	789.2	305.5	19.62	4.58	0	2,358	113	58.62	5.5	24.7	0.0	0.0	123.09	55	1.2758	2.2477	695	695.73	1,642.42	
586621	43	719.0	790.5	548.1	790.8	306.2	19.81	4.58	0	2,427	114	58.31	5.5	24.7	0.0	0.0	125.02	55	1.2758	2.2461	695	695.94	1,645.08	
587140	43	719.0	792.8	549.5	793.2	306.5	18.94	4.58	0	2,434	115	58.88	5.5	24.7	0.0	0.0	114.70	55	1.2758	2.2438	695	696.25	1,309.77	
587699	43	719.5	795.8	550.8	795.8	306.8	1.75	4.58	0	2,407	115	2.75	5.5	24.7	0.0	0.0	14.46	55	1.2758	2.2516	695	696.44	1,017.34	
588224	42	719.8	798.5	552.8	798.5	306.8	2.62	4.58	0	2,379	114	1.12	5.5	24.7	0.0	0.0	13.66	55	1.2758	2.2516	695	696.65	971.56	
588742	42	720.2	800.8	554.0	801.2	307.2	0.88	4.58	0	2,383	113	1.94	5.5	24.7	0.0	0.0	17.34	55	1.2758	2.2516	695	696.74	971.41	
589350	42	720.6	802.8	555.2	803.5	307.5	1.06	4.58	0	2,327	112	1.94	5.5	25.1	0.0	0.0	17.84	55	1.2758	2.2586	695	696.93	971.02	
589929	43	721.0	804.5	556.1	804.8	307.5	1.25	4.58	0	2,011	111	1.38	5.5	24.7	0.0	0.0	17.46	54	1.2758	2.2500	695	697.05	980.62	
590504	43	721.4	804.5	556.3	804.5	307.8	1.06	4.58	0	1,953	110	1.12	5.5	25.1	0.0	0.0	17.53	54	1.2758	2.2477	695	697.14	979.84	
591020	43	721.9	804.8	556.5	805.2	308.2	1.06	4.58	0	1,931	109	1.38	5.5	25.1	0.0	0.0	17.60	54	1.2758	2.2555	695	697.23	979.30	
591588	44	722.3	804.2	556.3	803.8	308.2	1.06	4.58	0	1,902	108	1.38	5.5	25.1	0.0	0.0	17.72	54	1.2758	2.2625	695	697.35	978.91	
592102	44	722.7	803.5	555.8	802.8	308.2	1.25	4.58	0	1,892	107	1.62	5.5	24.7	0.0	0.0	17.88	53	1.2758	2.2461	695	697.44	978.20	
592687	44	723.1	801.5	555.3	801.5	308.5	1.06	4.58	0	1,869	106	0.81	5.5	24.7	0.0	0.0	17.93	53	1.2758	2.2531	695	697.54	977.66	
593204	45	723.6	799.8	554.5	799.5	308.5	1.06	4.58	0	1,856	105	1.12	5.5	24.7	0.0	0.0	18.02	53	1.2758	2.2531	695	697.54	976.80	
593768	45	724.0	797.5	553.1	797.5	308.5	0.88	4.58	0	1,835	104	1.12	5.5	25.1	0.0	0.0	18.02	53	1.2758	2.2602	695	697.63	976.41	
594412	45	724.3	795.2	552.1	794.8	308.8	0.88	4.58	0	1,820	103	1.12	5.5	25.1	0.0	0.0	18.12	52	1.2758	2.2602	695	697.75	975.70	
594925	45	724.7	792.8	550.8	793.2	308.8	0.69	4.58	0	1,807	103	1.38	5.5	24.7	0.0	0.0	18.35	52	1.2758	2.2531	695	697.75	974.53	
595511	46	725.1	789.8	549.6	789.5	308.8	5.75	4.58	0	1,820	101	1.62	5.5	24.7	0.0	0.0	23.62	48	1.2758	2.2531	695	697.94	955.94	
596034	46	725.5	787.2	548.2	787.2	309.5	5.06	4.58	0	2,024	101	10.00	5.5	24.7	0.0	0.0	60.14	48	1.2758	2.2461	695	698.03	1,058.36	
596537	46	725.8	784.8	547.2	784.5	309.2	9.56	4.58	0	2,148	101	26.19	5.5	25.1	0.0	0.0	100.22	48	1.2758	2.2625	695	698.24	1,239.69	
597052	46	726.1	782.8	546.1	782.2	309.5	7.50	4.58	0	2,105	101	14.31	5.5	25.1	0.0	0.0	34.64	48	1.2758	2.2625	695	698.43	1,048.44	
597638	45	726.4	780.5	544.8	780.5	309.5	1.25	4.58	0	2,245	101	1.62	5.5	25.1	0.0	0.0	12.56	48	1.2758	2.2555	695	698.64	973.75	
598144	45	726.5	779.2	544.5	779.2	309.8	0.88	4.58	0	2,061	100	1.38	5.5	25.1	0.0	0.0	17.79	48	1.2758	2.2555	695	698.85	965.86	
598707	45	726.6	778.5	544.0	778.5	309.5	1.44	4.58	0	2,071	98	0.31	5.5	24.7	0.0	0.0	18.47	48	1.2758	2.2477	695	699.04	966.48	
599262	45	726.8	777.2	543.3	777.2	309.8	1.56	4.58	0	2,052	98	1.38	5.5	24.7	0.0	0.0	18.40	48	1.2758	2.2406	695	699.25	976.09	
599813	46	726.9	775.8	542.8	775.5	309.8	1.44	4.58	0	2,020	97	0.00	5.5	25.1	0.0	0.0	18.52	48	1.2758	2.2570	695	699.44	977.73	
600359	46	727.1	774.2	542.0	774.2	309.8	1.44	4.58	0	2,001	96	0.56	5.5	25.1	0.0	0.0	18.42	48	1.2758	2.2570	695	699.65	979.06	
600907	46	727.2	772.5	541.1	772.2	309.8	1.44	4.58	0	1,979	95	0.56	5.5	25.1	0.0	0.0	18.42	48	1.2758	2.2570	695	699.83	979.45	
601434	46	727.3	770.5	540.0	770.5	309.5	1.44	4.58	0	1,963	94	0.00	5.5	25.1	0.0	0.0	18.59	48	1.2758	2.2570	700	700.05	979.22	
601965	46	727.5	768.8	539.5	768.5	310.2	1.56	4.58	0	1,956	93	1.94	5.5	25.1	0.0	0.0	17.72	48	1.2758	2.2570	700	700.23	960.70	
602492	47	727.6	766.8	538.5	766.5	310.2	4.00	4.58	0	1,980	93	6.25	5.5	25.1	0.0	0.0	60.35	48	1.2758	2.2570	700	700.54	1,023.91	
603158	47	727.4	764.5	537.5	764.2	310.5	6.25	4.58	0	1,939	93	9.50	5.5	25.1	0.0	0.0	24.77	48	1.2758	2.2570	700	700.84	997.27	
603718	46	727.1	762.5	536.5	762.5	309.8	1.44	4.58	0	1,927	92	0.31	5.5	25.1	0.0	0.0	11.72	48	1.2758	2.2570	700	701.15	963.83	
604232	46	726.8	760.8	535.3	760.8	309.8	1.94	4.58	0	1,879	91	1.94	5.5	25.1	0.0	0.0	14.39	48	1.2758	2.2570	700	701.33	959.38	
604793	46	726.5	759.8	535.2	759.5	310.2	3.12	4.58	0	1,915	91	3.25	5.5	25.1	0.0	0.0	46.27	48	1.2758	2.2570	700	701.64	941.17	
605351	46	725.9	758.2	534.2	758.2	310.2	5.25	4.58	0	1,917	91	8.12	5.5	25.1	0.0	0.0	61.29	48	1.2758	2.2570	700	701.94	952.42	
605874	46	725.2	757.2	533.5	756.8	309.8	5.94	4.58	0	1,930	91	10.25	5.5	25.1	0.0	0.0	62.95	48	1.2758	2.2570	700	702.25	977.73	
606420	46	724.2	756.2	533.0	755.8	309.8	5.75	4.58	0	1,947	92	10.25	5.5	24.7	0.0	0.0	59.04	48	1.2758	2.2500	700	702.44	991.88	
606941	46	722.9	755.5	532.8	755.5	310.2	5.56	4.58	0	1,950	92	8.94	5.5	24.7	0.0	0.0	52.34	48	1.2758	2.2500	700	702.53	969.53	
607498	45	721.8	755.2	532.5	754.8	310.2	3.69	4.58	0	1,940	92	4.31	5.5	24.7	0.0	0.0	19.59	48	1.2758	2.2422	700	702.65	965.47	
608064	45	720.6	754.8	532.5	754.8	310.2	1.44	4.58	0	1,901	91	0.56	5.5	24.7	0.0	0.0	10.01	48	1.2758	2.2422	700	702.74	954.69	
608620	45	719.7	755.5	532.8	755.2	310.5	1.06	4.58	0	1,930	91	1.12	5.5	24.7	0.0	0.0	37.27	48	1.2758	2.2516	700	702.83	947.50	
609159	45	718.7	754.5	532.1	754.5	310.2	5.56	4.58	0	1,921	91	9.50	5.5	24.7	0.0	0.0	63.14	48	1.2758	2.2438	700	702.93	1,060.94	
609706	45	717.4	754.5	532.5	754.5	310.5	6.62	4.58	0	1,919	91	13.81	5.5	24.7	0.0	0.0	76.01	48	1.2758	2.2367	700	702.93	1,166.80	
610247	45	715.7	754.5	532.6	754.5	310.5	7.31	4.58	0	1,938	92	15.69	5.5	24.7	0.0	0.0	78.30	48	1.2758	2.2367	700	702.83	1,208.36	
610792	45	714.1	755.2	532.6	755.2	310.5	7.69	4.58	0	1,954	93	17.00	5.5	24.7	0.0	0.0	78.42	48	1.2758	2.2367	700	702.74	1,215.78	
611358	45	712.1	755.5	533.1	755.5	310.2	8.00	4.58	0	1,974	93	17.56	5.5	24.7	0.0	0.0	71.86	48	1.2758	2.2367	700	702.44	1,146.72	
612000	44	710.3	756.5	533.5	756.5	310.5	3.31	4.58	0	1,971	93	3.81	5.5	24.7	0.0	0.0	15.70	48	1.2758	2.2367	700	702.13	987.34	
612558	44	709.0	757.8	534.0	757.8	310.8	1.56	4.58	0	1,942	93	0.81	5.5	24.7	0.0	0.0	10.10	48	1.2758	2.2461	700	701.85	961.88	
613059	43	707.9	759.5	534.8	759.5	310.8	1.56	4.58	0	1,926	92	1.12	5.5	24.7	0.0	0.0	17.77	48	1.2758	2.2383	700	701.64	962.81	
613579	44	707.1	760.5	535.7	760.5	310.8	1.25	4.58	0	1,913	91	0.56	5.5	24.7	0.0	0.0	17.88	48	1.2758	2.2383	700	701.55	963.67	
614109	44	706.3	761.2	535.8	760.8	310.8	0.00	4.58	0	1,902	91	1.38	5.5	24.7	0.0	0.0	17.95	48	1.2758	2.2383	700	701.24	947.73	
614683	44	705.5	761.2	536.0	760.8	311.2	5.06	4.58	0	1,951	91	9.19	5.5	24.3	0.0	0.0	63.09	48	1.2758	2.2313	700	701.03	1,059.06	
615239	45	704.4	760.8	535.8	760.5	310.8	6.44	4.58	0	1,925	91	13.25	5.5	24.3	0.0	0.0	75.19	48	1.2758	2.2234	700	700.63	1,195.00	
615764	45	703.1	760.5	535.8	760.5	310.8	7.50	4.58	0	1,939	92	16.50	5.5	24.7	0.0	0.0	83.23	48	1.2758	2.2398	700	700.23	1,292.27	
616280	45	701.9	760.5	536.0	760.5	311.2	8.19	4.58	0	1,940	92	18.62	5.5	24.3	0.0	0.0	84.21	48	1.2758	2.2328	695	699.74	1,320.47	
616848	45	701.1	761.2	536.2	761.2	311.5	8.69	4.58	0	1,961	93	20.25	5.5	24.3	0.0	0.0	84.63	48	1.2758	2.2328	695	699.04	1,186.02	
617385	44	700.8	762.2	536.8	762.5	311.5	2.62	4.58	0	1,957	93	3.00	5.5	24.3	0.0	0.0	15.59	48	1.2758	2.2328	695	698.64	1,004.92	
617916	44	700.6	763.5	537.0	763.5	311.2	0.88	4.58	0	1,927	93	1.12	5.5	24.3	0.0	0.0	10.17	48	1.2758	2.2250	695	698.24	967.50	
618485	43	700.3	764.5	538.0	764.5	311.2	1.06	4.58	0	1,931	92	1.38	5.5	24.3	0.0	0.0	17.70	48	1.2758	2.2250	695	697.94	965.16	
619030	44	700.2	765.5	538.5	765.2	311.5	4.69	4.58	0	1,907	91	2.19	5.5	24.3	0.0	0.0	19.62	48	1.2758	2.2180	695	697.54	943.12	
619598	44	699.9	766.2	539.0	766.5	311.5	5.94	4.58	0	1,949	91	9.19	5.5	24.3	0.0	0.0	69.77	48	1.2758	2.2180	695	697.14	1,049.77	
620146	44	699.5	766.2	539.0	765.8	311.8	9.94	4.58	0	1,934	92	24.06	5.5	24.3	0.0	0.0	108.16	48	1.2758	2.2266	695	696.65	1,351.02	
620760	45	699.2	766.2	539.3	766.5	311.8	11.50	4.58	0	1,943	93	28.38	5.5	24.3	0.0	0.0	100.22	48	1.2758	2.2266	695	696.04	1,333.83	
621312	45	699.4	766.2	539.1	766.5	311.5	11.31	4.58	0	2,051	94	30.50	5.5	24.3	0.0	0.0	82.20	48	1.2758	2.2266	695	695.33	1,150.86	
621844	44	700.0	767.5	539.8	767.8	312.2	1.75	4.58	0	1,982	94	1.94	5.5	24.3	0.0	0.0	14.60	48	1.2758	2.2344	695	694.94	998.98	
622366	43	700.3	768.5	540.5	768.8	312.2	2.44	4.58	0	1,933	93	-0.44	5.5	24.3	0.0	0.0	15.14	48	1.2758	2.2266	690	694.63	968.59	
622880	43	700.5	769.8	540.8	769.8	312.5	1.44	4.58	0	1,943	92	0.56	5.5	24.3	0.0	0.0	17.51	48	1.2758	2.2195	690	694.44	966.64	
623423	44	700.8	770.5	541.3	770.5	312.2	1.44	4.58	0	1,921	91	1.12	5.5	24.3	0.0	0.0	17.65	48	1.2758	2.2195	690	694.14	965.08	
624017	44	701.1	771.2	541.8	770.8	312.5	1.44	4.58	0	1,899	91	0.81	5.5	24.3	0.0	0.0	17.77	48	1.2758	2.2195	690	693.83	972.34	
624545	44	701.4	771.2	541.8	770.8	312.5	1.06	4.58	0	1,882	90	0.56	5.5	24.3	0.0	0.0	17.77	48	1.2758	2.2195	690	693.65	974.69	
625083	45	701.7	770.5	541.6	770.2	312.8	1.06	4.58	0	1,863	89	1.38	5.5	24.3	0.0	0.0	17.72	48	1.2758	2.2195	690	693.44	975.55	
625616	45	701.9	769.8	541.1	769.8	312.5	1.06	4.58	0	1,849	88	1.12	5.5	24.3	0.0	0.0	17.86	48	1.2758	2.2195	690	693.25	975.86	
626165	45	702.2	768.2	540.6	768.5	312.8	0.88	4.58	0	1,830	87	1.38	5.5	24.3	0.0	0.0	17.67	48	1.2758	2.2195	690	693.13	975.70	
626706	45	702.4	767.2	540.0	766.8	312.8	1.06	4.58	0	1,809	87	1.12	5.5	23.9	0.0	0.0	17.84	48	1.2758	2.2117	690	692.94	975.39	
627240	46	702.7	765.2	539.0	765.2	312.8	0.88	4.58	0	1,800	86	1.12	5.5	23.9	0.0	0.0	17.93	48	1.2758	2.2117	690	692.85	975.16	
627843	46	702.9	763.2	538.1	763.2	313.2	0.88	4.58	0	1,780	85	1.12	5.5	23.9	0.0	0.0	18.12	48	1.2758	2.2039	690	692.85	975.00	
628356	46	703.1	761.5	537.0	761.2	313.2	0.88	4.58	0	1,764	84	1.38	5.5	23.9	0.0	0.0	18.23	48	1.2758	2.2039	690	692.73	974.30	
629048	46	703.3	759.5	536.1	759.2	312.8	2.12	4.58	0	1,772	84	1.38	5.5	23.9	0.0	0.0	43.38	48	1.2758	2.2133	690	692.73	960.16	
629627	47	703.4	757.2	535.2	757.2	313.2	5.06	4.58	0	1,807	84	9.19	5.5	23.9	0.0	0.0	82.88	48	1.2758	2.2055	690	692.64	1,115.55	
630150	47	703.3	754.8	534.0	754.8	312.8	9.06	4.58	0	1,782	85	21.62	5.5	23.9	0.0	0.0	98.95	48	1.2758	2.2055	690	692.55	1,237.58	
630662	47	703.4	753.5	533.3	753.2	312.8	9.06	4.58	0	1,793	85	22.69	5.5	23.9	0.0	0.0	60.70	48	1.2758	2.2055	690	692.33	1,088.20	
631220	46	703.6	752.5	532.8	752.5	313.2	7.50	4.58	0	1,974	86	16.25	5.5	23.9	0.0	0.0	89.30	48	1.2758	2.2055	690	692.15	1,178.75	
631733	46	703.6	752.5	532.7	752.2	313.5	8.69	4.58	0	1,830	87	19.44	5.5	23.9	0.0	0.0	92.95	48	1.2758	2.2055	690	691.94	1,264.30	
632270	46	703.9	752.2	533.0	752.2	313.5	9.56	4.58	0	1,842	88	23.00	5.5	23.5	0.0	0.0	88.78	48	1.2758	2.1891	690	691.84	1,173.59	
633245	45	704.4	752.8	533.1	753.2	313.5	2.62	4.58	0	1,834	88	3.00	5.5	23.9	0.0	0.0	17.74	48	1.2758	2.1891	690	691.63	982.66	
633762	44	704.9	754.5	534.1	754.8	313.5	1.25	4.58	0	1,798	87	0.81	5.5	23.9	0.0	0.0	17.25	48	1.2758	2.1984	690	691.54	969.92	
634319	44	705.1	755.5	534.5	755.5	313.8	0.88	4.58	0	1,806	86	0.81	5.5	23.9	0.0	0.0	17.67	48	1.2758	2.1984	690	691.54	965.31	
634840	45	705.3	756.2	535.2	755.8	313.8	0.88	4.58	0	1,788	85	1.38	5.5	23.9	0.0	0.0	17.67	48	1.2758	2.1984	690	691.44	963.59	
635350	45	705.6	755.8	535.2	755.8	313.8	0.69	4.58	0	1,767	84	1.38	5.5	23.9	0.0	0.0	17.58	48	1.2758	2.1984	690	691.44	971.88	
635877	45	705.8	755.8	535.0	756.2	313.8	0.88	4.58	0	1,754	84	1.12	5.5	23.5	0.0	0.0	18.00	48	1.2758	2.1906	690	691.44	972.58	
636445	45	706.0	754.8	534.7	754.8	314.2	0.56	4.58	0	1,614	83	1.38	5.5	23.5	0.0	0.0	18.68	48	1.2758	2.1906	690	691.44	972.34	
636975	46	706.2	754.5	534.1	754.2	314.2	1.94	4.58	0	1,538	82	1.38	5.5	23.5	0.0	0.0	36.47	48	1.2758	2.1906	690	691.54	959.69	
637542	46	706.3	753.2	533.8	753.2	314.5	3.00	4.58	0	1,463	82	5.69	5.5	23.5	0.0	0.0	61.59	48	1.2758	2.1828	690	691.54	1,001.88	
638221	46	706.3	751.5	533.1	751.5	314.5	3.81	4.58	0	1,492	83	8.12	5.5	23.5	0.0	0.0	75.33	48	1.2758	2.2000	690	691.63	1,098.98	
638844	46	706.0	750.5	532.2	750.2	314.8	4.38	4.58	0	1,482	83	11.38	5.5	23.5	0.0	0.0	82.55	48	1.2758	2.1922	690	691.63	1,174.14	
639433	46	705.9	749.2	532.0	749.2	314.8	5.06	4.58	0	1,559	84	12.69	5.5	23.5	0.0	0.0	85.43	48	1.2758	2.1844	690	691.63	1,220.78	
640058	46	706.1	749.2	531.6	748.8	314.5	5.25	4.58	0	1,525	84	14.06	5.5	23.5	0.0	0.0	87.14	48	1.2758	2.1844	690	691.63	1,248.75	
640656	45	706.5	748.8	532.0	749.2	314.5	5.56	4.58	0	1,532	85	14.62	5.5	23.5	0.0	0.0	86.23	48	1.2758	2.1844	690	691.63	1,255.23	
641239	45	707.1	749.2	531.8	749.5	314.8	5.56	4.58	0	1,554	86	14.88	5.5	23.5	0.0	0.0	87.33	48	1.2758	2.1766	690	691.75	1,260.47	
641855	45	708.0	750.2	532.5	750.2	314.8	5.56	4.58	0	1,566	87	14.88	5.5	23.5	0.0	0.0	86.72	48	1.2758	2.1766	690	691.84	1,262.89	
642495	44	709.0	750.8	532.5	750.8	315.2	5.56	4.58	0	1,555	87	15.12	5.5	23.5	0.0	0.0	83.58	48	1.2758	2.1766	690	691.94	1,205.16	
643155	44	709.7	752.2	533.7	752.5	315.5	1.94	4.58	0	1,583	88	4.31	5.5	23.5	0.0	0.0	21.87	48	1.2758	2.1688	690	692.03	1,034.06	
643758	43	710.0	753.8	534.3	753.8	315.2	0.56	4.58	0	1,516	87	1.12	5.5	23.5	0.0	0.0	12.40	48	1.2758	2.1859	690	692.15	976.80	
644385	43	710.2	754.8	535.1	754.8	315.2	0.19	4.58	0	1,528	87	0.81	5.5	23.5	0.0	0.0	16.69	48	1.2758	2.1781	690	692.24	964.84	
645005	43	710.4	755.8	535.6	755.5	315.5	0.38	4.58	0	1,511	86	1.12	5.5	23.5	0.0	0.0	17.32	48	1.2758	2.1781	690	692.33	962.66	
645596	44	710.6	755.8	535.6	755.5	315.5	0.38	4.58	0	1,500	85	1.12	5.5	23.5	0.0	0.0	17.06	48	1.2758	2.1781	690	692.43	969.30	
646176	44	710.7	755.5	535.5	755.2	315.2	0.38	4.58	0	1,486	85	1.38	5.5	23.1	0.0	0.0	17.39	48	1.2758	2.1609	690	692.55	969.92	
646766	44	710.9	754.2	535.0	754.5	315.5	0.38	4.58	0	1,476	84	1.12	5.5	23.1	0.0	0.0	17.39	48	1.2758	2.1531	690	692.64	970.55	
647440	45	711.1	753.2	534.3	752.5	315.5	0.38	4.58	0	1,465	83	2.19	5.5	23.1	0.0	0.0	16.76	48	1.2758	2.1703	690	692.85	964.84	
648197	45	711.2	750.8	533.3	750.8	315.2	2.44	4.58	0	1,559	83	3.00	5.5	23.1	0.0	0.0	52.62	48	1.2758	2.1703	690	693.04	981.95	
648834	46	711.1	749.2	532.1	748.5	315.5	3.50	4.58	0	1,535	83	7.56	5.5	23.1	0.0	0.0	62.58	48	1.2758	2.1625	690	693.25	1,028.83	
649448	46	710.6	747.2	531.3	746.8	315.5	3.50	4.58	0	1,502	84	8.38	5.5	22.7	0.0	0.0	64.90	48	1.2758	2.1547	690	693.44	1,066.02	
650115	45	709.7	745.8	530.8	745.8	315.5	4.00	4.58	0	1,531	85	10.81	5.5	23.1	0.0	0.0	68.53	48	1.2758	2.1641	690	693.65	1,061.25	
650693	45	708.5	744.8	530.1	745.2	316.2	3.31	4.58	0	1,520	85	9.75	5.5	23.1	0.0	0.0	58.22	48	1.2758	2.1641	690	693.65	1,047.11	
651297	45	707.4	744.5	530.0	744.5	315.8	2.44	4.58	0	1,531	86	4.62	5.5	23.1	0.0	0.0	43.20	48	1.2758	2.1641	690	693.74	1,043.20	
651926	45	706.0	744.5	530.0	744.5	315.5	3.69	4.58	0	1,602	86	7.06	5.5	23.1	0.0	0.0	60.91	48	1.2758	2.1641	690	693.74	1,020.78	
652553	45	704.6	744.5	530.1	744.5	315.5	1.56	4.58	0	1,518	86	3.00	5.5	23.1	0.0	0.0	20.77	48	1.2758	2.1641	690	693.74	994.69	
653170	44	703.5	744.8	530.3	744.8	315.8	1.06	4.58	0	1,504	86	0.81	5.5	23.1	0.0	0.0	12.07	48	1.2758	2.1641	690	693.83	967.19	
653796	44	702.5	745.5	530.7	745.2	315.8	1.44	4.58	0	1,518	86	0.81	5.5	23.1	0.0	0.0	17.23	48	1.2758	2.1641	690	693.83	962.03	
654400	45	701.7	744.8	530.1	744.5	315.8	0.19	4.58	0	1,503	85	1.12	5.5	23.1	0.0	0.0	17.67	48	1.2758	2.1641	690	693.93	961.72	
655016	45	700.9	744.2	530.2	744.2	316.2	0.56	4.58	0	1,488	84	1.12	5.5	23.1	0.0	0.0	17.77	48	1.2758	2.1641	690	694.05	968.52	
655640	45	700.3	742.8	529.5	743.2	315.8	0.56	4.58	0	1,481	84	1.12	5.5	23.1	0.0	0.0	17.93	48	1.2758	2.1641	690	694.14	969.30	
656285	45	699.8	741.8	528.6	741.5	315.5	0.38	4.58	0	1,470	84	1.38	5.5	23.1	0.0	0.0	17.88	48	1.2758	2.1641	690	694.23	970.08	
656920	46	699.3	740.2	528.0	739.8	315.8	0.56	4.58	0	1,465	83	1.12	5.5	23.1	0.0	0.0	17.86	48	1.2758	2.1641	690	694.35	970.16	
657684	46	698.9	737.8	527.0	737.8	315.8	0.56	4.58	0	1,452	83	1.12	5.5	23.1	0.0	0.0	17.95	48	1.2758	2.1641	690	694.44	970.16	
658278	46	698.6	736.2	526.0	735.8	316.2	0.56	4.58	0	1,439	82	1.12	5.5	23.1	0.0	0.0	18.09	48	1.2758	2.1641	690	694.54	970.62	
658859	46	698.3	733.5	524.6	733.5	315.8	0.56	4.58	0	1,437	81	1.12	5.5	23.1	0.0	0.0	18.23	48	1.2758	2.1641	690	694.63	970.47	
659445	46	698.0	731.5	523.8	731.5	315.8	0.56	4.58	0	1,426	81	1.12	5.5	23.1	0.0	0.0	18.28	48	1.2758	2.1641	690	694.63	970.78	
660070	47	697.8	729.2	522.3	728.5	315.5	0.56	4.58	0	1,419	80	1.12	5.5	23.1	0.0	0.0	18.45	48	1.2758	2.1641	690	694.75	970.62	
660736	47	697.5	726.8	521.1	726.5	315.5	0.56	4.58	0	1,408	80	1.12	5.5	23.1	0.0	0.0	18.21	48	1.2758	2.1641	690	694.75	970.62	
661374	47	697.3	724.2	520.0	724.2	315.5	0.56	4.58	0	1,398	80	1.12	5.5	23.1	0.0	0.0	18.45	48	1.2758	2.1641	690	694.84	969.92	
662002	47	697.1	721.8	518.6	721.8	315.5	0.56	4.58	0	1,389	79	1.12	5.5	23.1	0.0	0.0	18.63	48	1.2758	2.1641	690	694.84	969.92	
662718	47	696.9	719.2	517.5	718.8	315.2	1.06	4.58	0	1,412	79	1.38	5.5	23.1	0.0	0.0	40.85	48	1.2758	2.1641	690	694.84	962.11	
663323	47	696.4	716.5	516.1	716.2	315.5	3.12	4.58	0	1,477	79	7.06	5.5	23.1	0.0	0.0	64.24	48	1.2758	2.1641	690	694.84	1,026.33	
663940	47	695.6	714.2	515.0	713.8	315.2	4.00	4.58	0	1,411	80	9.19	5.5	23.1	0.0	0.0	77.25	48	1.2758	2.1641	690	694.75	1,112.42	
664521	47	694.5	712.8	514.1	712.5	315.5	2.62	4.58	0	1,409	80	6.75	5.5	23.1	0.0	0.0	35.09	48	1.2758	2.1641	690	694.54	1,043.12	
665127	46	693.5	711.2	513.2	711.5	315.5	1.06	4.58	0	1,418	80	1.12	5.5	22.7	0.0	0.0	14.46	48	1.2758	2.1562	690	694.35	981.56	
665673	46	692.6	710.8	513.3	710.5	315.2	1.56	4.58	0	1,353	80	1.12	5.5	22.7	0.0	0.0	14.09	48	1.2758	2.1484	690	694.23	966.41	
666289	46	691.9	710.5	512.8	710.2	314.8	0.56	4.58	0	1,404	79	1.12	5.5	22.7	0.0	0.0	18.23	48	1.2758	2.1648	690	694.14	962.73	
666907	46	691.3	709.5	512.6	709.5	315.2	0.56	4.58	0	1,384	78	1.12	5.5	23.1	0.0	0.0	17.72	48	1.2758	2.1570	690	693.93	968.20	
667662	46	690.7	708.8	512.1	708.8	315.2	0.69	4.58	0	1,348	76	1.12	5.5	23.1	0.0	0.0	18.45	48	1.2758	2.1570	690	693.83	969.38	
668273	46	690.2	707.5	511.5	707.5	315.2	0.69	4.58	0	1,302	74	0.81	5.5	23.1	0.0	0.0	18.07	48	1.2758	2.1570	690	693.74	968.44	
668900	47	689.7	706.2	510.3	706.2	315.2	0.88	4.58	0	1,290	73	0.81	5.5	23.1	0.0	0.0	18.21	48	1.2758	2.1570	690	693.65	967.89	
669537	47	689.3	704.5	509.8	704.5	314.8	1.75	4.58	0	1,312	73	0.81	5.5	23.1	0.0	0.0	43.29	48	1.2758	2.1570	690	693.44	956.41	
670126	47	688.7	702.5	509.1	702.5	315.2	3.31	4.58	0	1,534	73	6.50	5.5	23.1	0.0	0.0	62.09	48	1.2758	2.1570	690	693.25	1,017.58	
670696	47	687.8	701.5	508.1	701.2	315.2	4.00	4.58	0	1,551	74	8.94	5.5	23.1	0.0	0.0	72.54	48	1.2758	2.1570	690	693.04	1,100.55	
671266	47	686.5	700.2	507.6	700.2	314.8	4.38	4.58	0	1,571	74	11.88	5.5	22.7	0.0	0.0	75.16	48	1.2758	2.1492	690	692.55	1,101.02	
671869	47	685.2	699.8	507.7	699.8	315.2	4.88	4.58	0	1,619	75	11.62	5.5	22.7	0.0	0.0	70.85	48	1.2758	2.1492	690	692.03	1,098.91	
672466	46	683.8	699.8	507.3	699.8	315.2	3.12	4.58	0	1,582	76	5.94	5.5	22.7	0.0	0.0	27.94	48	1.2758	2.1492	690	691.44	1,033.91	
673073	45	682.5	700.2	507.5	700.5	314.8	1.06	4.58	0	1,584	76	1.12	5.5	22.7	0.0	0.0	12.75	48	1.2758	2.1414	690	690.93	978.05	
673696	45	681.6	701.2	508.1	701.2	314.8	0.00	4.58	0	1,325	74	0.31	5.5	23.1	0.0	0.0	16.76	48	1.2758	2.1508	690	690.53	964.92	
674264	45	680.7	702.2	508.7	702.5	315.5	0.88	4.58	0	1,277	72	0.56	5.5	22.7	0.0	0.0	17.58	48	1.2758	2.1508	690	690.13	961.80	
674849	45	680.0	702.5	508.6	702.5	314.8	1.06	4.58	0	1,216	68	0.56	5.5	22.7	0.0	0.0	17.79	48	1.2758	2.1422	685	689.85	964.92	
675409	45	679.3	702.5	509.0	702.5	315.2	1.06	4.58	0	1,315	64	0.56	5.5	22.7	0.0	0.0	13.66	48	1.2758	2.1422	685	689.55	962.03	
675952	46	678.8	702.2	508.7	702.5	314.5	0.88	4.58	0	1,305	63	0.81	5.5	22.7	0.0	0.0	17.81	48	1.2758	2.1422	685	689.24	964.38	
676572	46	678.2	701.8	508.3	701.5	314.8	0.88	4.58	0	1,306	62	0.81	5.5	22.7	0.0	0.0	17.91	48	1.2758	2.1422	685	688.94	965.39	
677297	46	677.8	700.8	507.8	700.5	314.8	0.88	4.58	0	1,287	61	0.81	5.5	22.7	0.0	0.0	14.48	48	1.2758	2.1422	685	688.63	965.39	
677904	46	677.4	699.5	507.1	699.5	314.8	2.25	4.58	0	1,305	61	1.62	5.5	22.7	0.0	0.0	44.13	48	1.2758	2.1422	685	688.35	961.72	
678515	47	676.8	698.5	506.6	698.5	315.2	3.00	4.58	0	1,389	62	5.44	5.5	22.7	0.0	0.0	63.87	48	1.2758	2.1422	685	687.83	997.58	
679097	47	675.8	697.2	505.8	697.2	315.2	3.50	4.58	0	1,360	62	8.38	5.5	22.7	0.0	0.0	75.21	48	1.2758	2.1422	685	687.44	1,056.56	
679702	47	674.5	695.8	505.6	696.2	315.2	3.50	4.58	0	1,352	63	9.50	5.5	22.7	0.0	0.0	74.34	48	1.2758	2.1422	685	686.85	1,078.67	
680281	46	672.9	695.8	505.3	695.5	314.8	3.50	4.58	0	1,356	64	9.75	5.5	22.7	0.0	0.0	72.66	48	1.2758	2.1422	685	686.15	1,077.81	
680833	46	671.3	695.8	505.5	695.8	315.2	3.69	4.58	0	1,423	65	10.56	5.5	22.7	0.0	0.0	72.26	48	1.2758	2.1422	685	685.35	1,074.45	
681403	46	669.6	696.8	505.7	696.5	315.2	3.69	4.58	0	1,416	66	10.25	5.5	22.4	0.0	0.0	71.53	48	1.2758	2.1344	680	684.65	1,081.33	
682035	46	667.7	697.2	505.8	697.2	315.2	3.81	4.58	0	1,425	66	10.56	5.5	22.4	0.0	0.0	73.59	48	1.2758	2.1344	680	683.64	1,099.14	
682614	45	665.8	697.8	507.0	698.2	315.2	4.19	4.58	0	1,467	67	10.81	5.5	22.4	0.0	0.0	77.39	48	1.2758	2.1344	680	682.54	1,131.64	
683268	45	664.0	700.2	507.8	699.8	315.5	2.44	4.58	0	1,405	68	4.88	5.5	22.7	0.0	0.0	26.62	48	1.2758	2.1437	680	681.65	1,019.06	
683831	45	662.6	701.5	508.3	701.8	315.8	1.25	4.58	0	1,417	68	0.81	5.5	22.7	0.0	0.0	12.87	48	1.2758	2.1359	680	680.85	976.09	
684445	44	661.7	703.2	509.5	703.2	315.8	-0.62	4.58	0	1,398	67	0.56	5.5	22.4	0.0	0.0	16.29	48	1.2758	2.1359	680	680.24	964.38	
685071	45	660.8	704.5	510.1	704.5	315.5	0.69	4.58	0	1,382	66	0.81	5.5	22.4	0.0	0.0	17.72	48	1.2758	2.1273	675	679.63	961.48	
685660	45	660.2	705.5	510.6	705.5	315.8	1.06	4.58	0	1,165	65	0.31	5.5	22.4	0.0	0.0	17.11	48	1.2758	2.1273	675	679.14	964.92	
686397	45	659.7	705.8	510.8	705.8	315.8	1.25	4.58	0	1,153	65	0.56	5.5	22.4	0.0	0.0	17.32	48	1.2758	2.1273	675	678.65	964.53	
687079	45	659.3	705.5	511.0	705.5	315.8	1.25	4.58	0	1,142	64	0.31	5.5	22.4	0.0	0.0	17.06	48	1.2758	2.1273	675	678.13	963.52	
687678	46	659.0	704.8	510.3	704.8	316.2	1.44	4.58	0	1,276	64	1.12	5.5	22.4	0.0	0.0	39.49	48	1.2758	2.1273	675	677.64	955.55	
688370	46	658.6	703.5	510.0	703.5	315.8	3.12	4.58	0	1,381	64	6.25	5.5	22.4	0.0	0.0	48.05	48	1.2758	2.1273	675	677.03	1,000.47	
688958	46	658.2	702.8	509.5	702.5	316.5	1.44	4.58	0	1,339	64	1.62	5.5	22.4	0.0	0.0	26.11	48	1.2758	2.1273	675	676.54	965.08	
689610	46	657.7	701.8	509.0	701.8	316.2	2.62	4.58	0	1,472	64	5.12	5.5	22.4	0.0	0.0	58.27	48	1.2758	2.1273	675	676.05	1,003.75	
690154	46	657.0	701.5	508.7	701.2	316.5	3.50	4.58	0	1,421	64	7.56	5.5	22.4	0.0	0.0	72.14	48	1.2758	2.1273	675	675.34	1,066.17	
690706	46	656.4	701.2	508.6	701.2	316.8	4.00	4.58	0	1,406	65	9.50	5.5	22.4	0.0	0.0	80.18	48	1.2758	2.1273	670	674.73	1,128.20	
691338	46	655.6	701.2	508.8	701.2	316.5	4.56	4.58	0	1,453	66	11.06	5.5	22.4	0.0	0.0	95.04	48	1.2758	2.1273	670	673.75	1,222.89	
691944	46	655.4	701.5	509.0	701.5	316.8	6.81	4.58	0	1,489	67	20.56	5.5	22.4	0.0	0.0	101.44	48	1.2758	2.1273	670	672.83	1,247.97	
692523	46	655.6	701.8	509.3	702.2	316.8	5.75	4.58	0	1,448	68	18.12	5.5	22.4	0.0	0.0	97.24	48	1.2758	2.1273	670	671.73	1,233.28	
693137	46	656.4	703.8	510.0	703.5	316.5	5.75	4.58	0	1,469	69	18.12	5.5	22.4	0.0	0.0	94.95	48	1.2758	2.1359	670	670.75	1,210.23	
693775	45	657.5	705.2	510.8	705.2	316.8	6.12	4.58	0	1,513	71	18.62	5.5	22.4	0.0	0.0	92.44	48	1.2758	2.1359	665	669.65	1,187.50	
694323	45	658.7	706.8	511.8	706.8	317.2	5.75	4.58	0	1,559	72	16.75	5.5	22.4	0.0	0.0	93.80	48	1.2758	2.1359	665	668.64	1,228.36	
694889	45	659.8	708.5	512.8	708.8	317.5	6.25	4.58	0	1,563	73	18.62	5.5	22.4	0.0	0.0	97.05	48	1.2758	2.1359	665	667.84	1,215.16	
695435	45	660.7	710.5	514.0	710.2	317.5	3.12	4.58	0	1,574	73	6.25	5.5	22.4	0.0	0.0	39.02	48	1.2758	2.1359	665	666.93	1,049.69	
696130	44	661.4	712.5	515.0	712.8	317.8	1.06	4.58	0	1,523	73	1.12	5.5	22.4	0.0	0.0	13.45	48	1.2758	2.1445	665	666.25	979.77	
696737	44	661.9	714.8	516.1	715.2	317.5	1.75	4.58	0	1,174	72	1.12	5.5	22.7	0.0	0.0	48.91	48	1.2758	2.1445	665	665.73	965.78	
697348	44	662.6	716.8	517.3	716.8	317.8	4.00	4.58	0	1,417	73	9.50	5.5	22.7	0.0	0.0	84.80	48	1.2758	2.1445	665	665.03	1,092.34	
698000	45	663.2	718.2	518.2	718.8	318.2	5.75	4.58	0	1,556	74	15.69	5.5	22.4	0.0	0.0	99.68	48	1.2758	2.1367	660	664.44	1,274.38	
698609	45	664.3	719.2	518.8	719.8	318.5	6.94	4.58	0	1,574	75	20.56	5.5	22.4	0.0	0.0	101.11	48	1.2758	2.1289	660	663.93	1,273.83	
699253	45	666.2	721.2	520.0	721.5	318.8	8.19	4.58	0	1,692	76	20.00	5.5	22.4	0.0	0.0	96.33	48	1.2758	2.1289	660	663.44	1,324.38	
699825	45	668.2	722.5	520.6	722.5	318.5	8.50	4.58	0	1,643	77	22.69	5.5	22.4	0.0	0.0	103.03	48	1.2758	2.1289	660	663.13	1,305.94	
700438	45	670.5	724.2	521.3	724.5	319.2	7.81	4.58	0	1,656	78	20.56	5.5	22.7	0.0	0.0	97.48	48	1.2758	2.1461	660	663.04	1,278.28	
701066	45	673.3	725.8	522.6	725.8	319.2	2.81	4.58	0	1,669	79	5.44	5.5	22.7	0.0	0.0	26.48	48	1.2758	2.1461	660	663.04	1,044.14	
701635	44	675.4	727.8	523.5	728.2	319.5	1.06	4.58	0	1,629	79	1.12	5.5	22.7	0.0	0.0	10.78	48	1.2758	2.1375	660	663.13	980.23	
702328	44	676.8	729.5	524.5	729.8	319.5	1.44	4.58	0	1,615	78	0.81	5.5	22.7	0.0	0.0	16.50	48	1.2758	2.1375	660	663.13	966.41	
702929	44	678.2	730.8	525.3	731.2	319.5	0.56	4.58	0	1,613	77	1.12	5.5	22.7	0.0	0.0	17.55	48	1.2758	2.1375	660	663.25	963.52	
703612	45	679.5	731.5	525.6	731.5	319.8	0.00	4.58	0	1,454	76	0.81	5.5	22.7	0.0	0.0	41.04	48	1.2758	2.1375	660	663.34	959.84	
704237	45	680.8	731.2	525.7	731.2	320.2	3.31	4.58	0	1,460	76	7.06	5.5	22.7	0.0	0.0	64.41	48	1.2758	2.1375	660	663.53	1,035.70	
704965	46	682.2	730.5	525.7	730.5	320.2	7.31	4.58	0	1,626	77	19.44	5.5	22.7	0.0	0.0	57.94	48	1.2758	2.1375	660	663.83	1,122.81	
706035	46	683.3	730.2	525.3	730.2	320.5	2.62	4.58	0	1,647	77	2.19	5.5	22.4	0.0	0.0	47.06	48	1.2758	2.1297	660	664.35	991.72	
706721	45	684.4	729.8	525.3	729.8	320.5	4.88	4.58	0	1,700	77	8.69	5.5	22.7	0.0	0.0	84.40	48	1.2758	2.1391	660	664.75	1,076.64	
707352	46	684.8	729.2	525.0	729.5	321.2	2.44	4.58	0	1,629	78	4.06	5.5	22.7	0.0	0.0	24.12	48	1.2758	2.1391	665	665.15	1,018.91	
707972	45	685.0	729.5	525.3	729.5	321.2	1.06	4.58	0	1,619	77	0.81	5.5	22.7	0.0	0.0	11.06	48	1.2758	2.1391	665	665.43	973.67	
708609	45	685.1	729.5	525.1	729.5	321.5	1.25	4.58	0	1,611	76	1.12	5.5	22.7	0.0	0.0	16.95	48	1.2758	2.1391	665	665.73	965.39	
709228	45	685.3	728.8	524.8	728.8	321.2	0.56	4.58	0	1,446	76	1.12	5.5	22.7	0.0	0.0	17.58	48	1.2758	2.1391	665	666.04	968.91	
709733	46	685.4	727.5	524.5	727.8	321.2	0.88	4.58	0	1,327	75	1.12	5.5	22.7	0.0	0.0	17.37	48	1.2758	2.1391	665	666.25	968.36	
710263	46	685.5	726.8	524.5	727.2	321.2	0.69	4.58	0	1,316	74	0.81	5.5	22.7	0.0	0.0	17.11	48	1.2758	2.1391	665	666.44	968.52	
710745	46	685.7	725.8	523.7	726.2	321.2	0.69	4.58	0	-	74	0.81	5.5	22.7	0.0	0.0	17.16	48	1.2758	2.1391	665	666.74	967.89	
711218	46	685.8	724.5	523.1	724.5	321.5	0.69	4.58	0	-	73	0.81	5.5	22.7	0.0	0.0	17.30	48	1.2758	2.1391	665	666.93	967.50	
711696	46	686.0	723.5	522.6	723.5	321.5	0.88	4.58	0	-	72	0.81	5.5	22.7	0.0	0.0	17.41	48	1.2758	2.1391	665	667.14	967.19	
712126	46	686.1	721.8	521.6	721.5	321.5	0.88	4.58	0	-	72	0.56	5.5	22.7	0.0	0.0	17.34	48	1.2758	2.1391	665	667.35	966.88	
712519	46	686.2	720.5	521.1	720.5	321.5	0.88	4.58	0	-	71	0.56	5.5	22.7	0.0	0.0	17.34	48	1.2758	2.1391	665	667.54	966.72	
712931	46	686.4	718.5	520.0	718.5	321.5	0.69	4.58	0	-	71	0.56	5.5	22.7	0.0	0.0	17.32	48	1.2758	2.1391	665	667.75	966.48	
713368	47	686.5	717.5	519.6	717.2	321.5	0.88	4.58	0	-	71	0.56	5.5	22.7	0.0	0.0	20.09	48	1.2758	2.1391	665	667.94	965.23	
713741	47	686.6	715.5	518.5	715.5	321.5	1.56	4.58	0	-	71	0.81	5.5	22.7	0.0	0.0	46.62	48	1.2758	2.1391	665	668.15	954.22	
714098	47	686.6	714.2	518.0	714.2	321.5	3.50	4.58	0	-	71	5.94	5.5	22.7	0.0	0.0	60.52	48	1.2758	2.1391	665	668.33	983.59	
714680	47	686.6	712.8	517.3	712.8	321.8	3.81	4.58	0	-	71	8.69	5.5	22.7	0.0	0.0	86.20	48	1.2758	2.1391	665	668.73	1,126.33	
715156	47	686.5	711.5	516.5	710.8	321.8	6.12	4.58	0	-	72	17.00	5.5	22.7	0.0	0.0	102.80	48	1.2758	2.1391	665	669.04	1,303.36	
715756	47	686.7	709.2	515.5	709.2	321.5	12.00	4.58	0	-	73	29.19	5.5	22.7	0.0	0.0	120.35	48	1.2758	2.1219	665	669.34	1,608.28	
716352	47	687.1	708.2	515.0	708.2	321.8	14.62	4.58	0	-	75	37.25	5.5	22.4	0.0	0.0	119.20	48	1.2758	2.1297	665	669.74	1,581.09	
716893	47	687.4	707.8	515.0	707.8	321.8	14.62	4.58	0	-	77	37.81	5.5	22.4	0.0	0.0	122.39	48	1.2758	2.1289	670	670.05	1,601.80	
717507	47	688.0	708.5	515.0	708.2	322.2	14.62	4.58	0	-	79	39.69	5.5	22.4	0.0	0.0	123.38	48	1.2758	2.1273	670	670.54	1,632.66	
718042	46	688.7	709.2	515.7	709.2	322.2	16.19	4.58	0	-	81	45.94	5.5	22.4	0.0	0.0	123.66	48	1.2758	2.1359	670	671.03	1,631.72	
718600	46	689.5	710.8	516.5	710.8	322.2	12.69	4.58	0	-	83	34.88	5.5	22.4	0.0	0.0	91.45	48	1.2758	2.1344	670	671.43	1,320.55	
719182	46	690.2	713.5	517.8	713.5	323.2	4.56	4.58	0	-	84	8.69	5.5	22.7	0.0	0.0	30.70	48	1.2758	2.1422	670	671.85	1,023.98	
719796	45	690.7	716.5	519.1	716.2	323.2	1.06	4.58	0	-	83	0.56	5.5	22.7	0.0	0.0	18.52	48	1.2758	2.1422	670	672.25	977.19	
720373	45	691.1	718.5	520.6	718.8	323.2	0.69	4.58	0	-	82	1.38	5.5	22.7	0.0	0.0	17.27	48	1.2758	2.1422	670	672.44	967.50	
720925	45	691.5	720.8	522.0	721.2	323.5	0.69	4.58	0	-	82	1.38	5.5	22.7	0.0	0.0	16.66	48	1.2758	2.1422	670	672.74	963.83	
721508	45	691.9	722.8	523.1	723.2	323.5	0.56	4.58	0	-	81	1.12	5.5	22.4	0.0	0.0	16.78	48	1.2758	2.1336	670	672.93	970.08	
722064	46	692.2	724.2	523.6	724.2	323.8	0.69	4.58	0	-	80	1.12	5.5	22.7	0.0	0.0	17.41	48	1.2758	2.1414	670	673.14	969.22	
722668	46	692.6	724.2	524.1	724.5	323.8	1.75	4.58	0	-	80	1.12	5.5	22.7	0.0	0.0	42.38	48	1.2758	2.1492	670	673.35	957.19	
723228	46	692.9	724.5	524.1	724.2	324.2	3.50	4.58	0	-	80	7.06	5.5	22.4	0.0	0.0	61.29	48	1.2758	2.1328	670	673.63	1,015.86	
723756	46	693.2	724.5	524.1	724.2	324.2	2.62	4.58	0	-	80	6.25	5.5	22.4	0.0	0.0	36.05	48	1.2758	2.1328	670	673.94	1,025.70	
724308	46	693.3	723.8	524.2	724.2	323.8	1.25	4.58	0	-	80	1.12	5.5	22.7	0.0	0.0	16.12	48	1.2758	2.1492	670	674.24	979.30	
724988	46	693.4	723.8	524.3	723.8	324.2	1.25	4.58	0	-	79	0.31	5.5	22.7	0.0	0.0	14.93	48	1.2758	2.1492	670	674.43	961.64	
725549	46	693.5	723.8	523.8	723.8	324.5	2.62	4.58	0	-	79	2.75	5.5	22.7	0.0	0.0	53.74	48	1.2758	2.1492	670	674.73	965.62	
726133	47	693.4	723.2	523.7	723.2	324.2	3.50	4.58	0	-	79	7.88	5.5	22.7	0.0	0.0	83.84	48	1.2758	2.1492	675	675.04	1,067.11	
726682	47	693.3	722.8	523.6	722.8	324.2	5.38	4.58	0	-	80	14.31	5.5	22.7	0.0	0.0	100.80	48	1.2758	2.1414	675	675.34	1,249.69	
727301	47	693.5	722.2	523.2	722.2	324.2	2.44	4.58	0	-	80	10.81	5.5	22.7	0.0	0.0	40.27	48	1.2758	2.1414	675	675.74	1,064.38	
727830	46	693.7	722.2	523.3	722.2	324.2	1.06	4.58	0	-	80	1.38	5.5	22.7	0.0	0.0	42.68	48	1.2758	2.1508	675	676.05	999.69	
728377	46	693.7	722.2	523.3	722.5	324.2	4.19	4.58	0	-	80	8.69	5.5	22.7	0.0	0.0	80.25	48	1.2758	2.1508	675	676.35	1,091.41	
728971	46	693.7	722.5	523.6	722.5	324.5	6.81	4.58	0	-	80	16.50	5.5	22.7	0.0	0.0	97.64	48	1.2758	2.1508	675	676.75	1,299.84	
729558	46	694.1	723.2	523.6	722.8	324.2	9.38	4.58	0	-	82	23.50	5.5	22.7	0.0	0.0	108.40	48	1.2758	2.1508	675	677.15	1,407.97	
730151	46	695.1	723.5	524.0	723.8	324.5	5.38	4.58	0	-	82	13.50	5.5	22.4	0.0	0.0	59.04	48	1.2758	2.1336	675	677.55	1,063.36	
730697	46	696.0	724.8	524.6	724.8	324.5	2.62	4.58	0	-	83	4.88	5.5	22.4	0.0	0.0	26.04	48	1.2758	2.1508	675	677.94	1,036.25	
731277	45	696.6	725.8	525.1	726.2	324.5	1.06	4.58	0	-	82	1.38	5.5	22.7	0.0	0.0	12.23	48	1.2758	2.1422	675	678.25	980.86	
731868	45	697.0	727.5	526.1	727.8	324.8	0.88	4.58	0	-	81	0.56	5.5	22.7	0.0	0.0	16.64	48	1.2758	2.1422	675	678.53	966.64	
732414	45	697.3	728.8	526.8	728.5	324.8	0.69	4.58	0	-	81	0.56	5.5	22.7	0.0	0.0	16.52	48	1.2758	2.1422	675	678.83	969.38	
732958	45	697.7	729.2	527.2	729.5	324.8	0.69	4.58	0	-	80	0.81	5.5	22.7	0.0	0.0	17.48	48	1.2758	2.1422	675	679.05	969.06	
733476	46	698.1	729.2	527.1	729.2	324.5	0.69	4.58	0	-	79	0.81	5.5	22.4	0.0	0.0	17.09	48	1.2758	2.1344	675	679.23	969.06	
734060	46	698.4	729.5	527.1	729.2	324.8	0.69	4.58	0	-	79	0.81	5.5	22.4	0.0	0.0	17.13	48	1.2758	2.1344	675	679.54	968.67	
734733	46	698.8	728.2	526.6	728.5	324.8	0.69	4.58	0	-	78	0.81	5.5	22.4	0.0	0.0	17.32	48	1.2758	2.1344	675	679.84	968.36	
735268	46	699.1	727.2	526.1	727.2	325.2	0.88	4.58	0	-	77	0.81	5.5	22.4	0.0	0.0	26.70	48	1.2758	2.1344	680	680.03	952.27	
735862	47	699.4	725.5	525.5	725.5	324.8	3.69	4.58	0	-	77	6.50	5.5	22.4	0.0	0.0	58.71	48	1.2758	2.1266	680	680.43	1,005.62	
736409	47	699.6	724.5	524.6	724.5	324.8	6.25	4.58	0	-	78	14.88	5.5	22.4	0.0	0.0	97.71	48	1.2758	2.1266	680	680.73	1,231.33	
736999	47	699.9	723.2	523.8	722.8	325.2	9.06	4.58	0	-	79	23.00	5.5	22.4	0.0	0.0	114.14	48	1.2758	2.1188	680	681.13	1,465.86	
737515	47	700.5	722.5	523.6	722.2	324.5	12.38	4.58	0	-	80	31.62	5.5	22.4	0.0	0.0	128.62	48	1.2758	2.1266	680	681.53	1,624.45	
738056	47	701.3	722.5	523.5	722.5	324.8	12.00	4.58	0	-	82	32.69	5.5	22.4	0.0	0.0	120.45	48	1.2758	2.1266	680	681.93	1,601.33	
738666	46	702.4	722.8	523.6	722.8	324.8	4.38	4.58	0	-	83	7.56	5.5	22.4	0.0	0.0	37.90	48	1.2758	2.1258	680	682.44	1,080.55	
739212	45	703.1	724.2	524.1	724.2	324.5	1.25	4.58	0	-	82	1.38	5.5	22.4	0.0	0.0	14.30	48	1.2758	2.1258	680	682.84	996.02	
739828	45	703.6	725.2	525.2	725.5	325.5	-0.25	4.58	0	-	82	1.38	5.5	22.4	0.0	0.0	13.45	48	1.2758	2.1344	680	683.15	969.77	
740344	45	704.0	726.5	525.8	726.8	325.2	0.69	4.58	0	-	81	1.12	5.5	22.4	0.0	0.0	17.74	48	1.2758	2.1344	680	683.43	965.08	
740897	45	704.4	727.8	526.1	727.8	324.8	0.56	4.58	0	-	80	1.12	5.5	22.4	0.0	0.0	17.41	48	1.2758	2.1344	680	683.73	970.62	
741480	45	704.8	728.2	526.5	728.2	325.2	0.69	4.58	0	-	79	1.12	5.5	22.4	0.0	0.0	17.37	48	1.2758	2.1344	680	684.04	969.30	
742035	46	705.2	728.5	526.7	728.2	325.2	0.69	4.58	0	-	79	1.12	5.5	22.4	0.0	0.0	17.37	48	1.2758	2.1344	680	684.34	969.30	
742613	46	705.5	727.8	526.5	727.8	325.2	0.69	4.58	0	-	77	1.12	5.5	22.4	0.0	0.0	17.16	48	1.2758	2.1180	680	684.65	968.91	
743184	46	705.8	727.2	526.5	726.8	325.2	0.69	4.58	0	-	76	0.81	5.5	22.0	0.0	0.0	17.55	48	1.2758	2.1102	685	684.93	968.44	
743757	46	706.2	725.8	525.6	726.2	325.2	0.88	4.58	0	-	75	0.81	5.5	22.4	0.0	0.0	17.65	48	1.2758	2.1266	685	685.23	967.89	
744455	46	706.4	725.2	525.3	724.8	325.2	0.69	4.58	0	-	74	0.81	5.5	22.4	0.0	0.0	17.46	48	1.2758	2.1266	685	685.54	967.11	
744989	46	706.7	723.5	524.6	723.5	325.2	0.88	4.58	0	-	73	0.56	5.5	22.4	0.0	0.0	17.53	48	1.2758	2.1266	685	685.84	966.64	
745534	47	706.9	721.8	523.5	721.5	324.8	0.69	4.58	0	-	73	0.81	5.5	22.4	0.0	0.0	17.62	48	1.2758	2.1188	685	686.15	966.72	
746079	47	707.2	720.2	522.8	720.2	325.2	0.88	4.58	0	-	72	0.56	5.5	22.4	0.0	0.0	17.84	48	1.2758	2.1188	685	686.43	966.64	
746692	47	707.4	717.5	521.5	717.5	324.8	2.12	4.58	0	-	72	1.38	5.5	22.0	0.0	0.0	16.83	48	1.2758	2.1109	685	686.73	958.83	
747234	47	707.6	715.8	520.7	715.5	324.8	2.44	4.58	0	-	71	2.44	5.5	22.4	0.0	0.0	47.11	48	1.2758	2.1273	685	687.04	964.69	
747743	47	707.7	714.2	519.5	714.2	325.2	3.00	4.58	0	-	72	5.12	5.5	22.4	0.0	0.0	66.40	48	1.2758	2.1195	685	687.44	1,005.16	
748323	48	707.5	712.5	518.6	711.8	324.8	3.50	4.58	0	-	72	7.56	5.5	22.0	0.0	0.0	75.33	48	1.2758	2.1117	685	687.83	1,074.92	
748876	47	707.2	710.8	517.6	710.8	324.8	3.69	4.58	0	-	73	8.38	5.5	22.0	0.0	0.0	78.12	48	1.2758	2.1117	685	688.14	1,117.27	
749472	47	706.6	710.2	517.5	710.2	324.8	4.69	4.58	0	-	73	11.62	5.5	22.0	0.0	0.0	79.66	48	1.2758	2.1039	685	688.54	1,177.81	
750007	47	706.3	709.5	517.3	709.5	324.5	5.06	4.58	0	-	74	13.00	5.5	22.0	0.0	0.0	81.07	48	1.2758	2.1039	685	688.75	1,200.86	
750579	47	706.1	709.5	517.0	709.8	324.5	5.56	4.58	0	-	75	13.25	5.5	22.0	0.0	0.0	81.45	48	1.2758	2.1039	685	689.03	1,212.58	
751065	46	706.2	709.5	517.3	709.8	324.8	5.56	4.58	0	-	76	13.81	5.5	22.0	0.0	0.0	80.48	48	1.2758	2.1039	685	689.24	1,214.84	
751647	46	706.4	710.5	517.6	710.8	325.2	5.56	4.58	0	-	76	13.50	5.5	22.0	0.0	0.0	81.87	48	1.2758	2.1039	685	689.43	1,236.17	
752182	46	706.8	711.8	518.1	711.8	324.8	6.12	4.58	0	-	77	14.62	5.5	22.0	0.0	0.0	83.65	48	1.2758	2.1039	685	689.73	1,266.33	
752758	45	707.2	713.2	519.0	713.5	325.2	5.94	4.58	0	-	78	14.88	5.5	22.0	0.0	0.0	85.45	48	1.2758	2.1039	690	689.94	1,282.66	
753295	45	707.4	715.2	519.8	715.5	324.8	6.62	4.58	0	-	79	14.88	5.5	22.0	0.0	0.0	86.58	48	1.2758	2.1039	690	690.13	1,293.36	
753889	45	707.4	717.2	520.8	716.8	325.2	6.94	4.58	0	-	80	17.00	5.5	21.6	0.0	0.0	50.46	48	1.2758	2.0953	690	690.34	1,145.47	
754571	45	707.1	719.2	522.0	719.2	324.8	1.44	4.58	0	-	80	1.94	5.5	21.6	0.0	0.0	15.30	48	1.2758	2.1125	690	690.53	995.94	
755102	44	706.9	721.8	523.0	721.8	325.2	2.25	4.58	0	-	79	1.94	5.5	22.0	0.0	0.0	34.43	48	1.2758	2.1047	690	690.65	974.14	
755674	44	706.5	723.8	524.3	724.2	324.8	3.69	4.58	0	-	79	5.69	5.5	22.0	0.0	0.0	59.23	48	1.2758	2.1047	690	690.74	1,015.31	
756226	45	705.8	725.8	525.3	725.8	325.2	5.06	4.58	0	-	80	10.25	5.5	22.0	0.0	0.0	73.41	48	1.2758	2.1047	690	690.93	1,132.81	
756759	45	705.0	727.5	526.2	727.8	325.2	5.94	4.58	0	-	81	12.44	5.5	22.0	0.0	0.0	79.15	48	1.2758	2.1047	690	691.05	1,213.75	
757283	45	704.3	728.8	526.8	728.8	325.2	6.44	4.58	0	-	82	13.81	5.5	22.0	0.0	0.0	95.02	48	1.2758	2.1047	690	691.14	1,254.92	
757822	45	704.0	730.5	528.0	731.2	325.2	9.75	4.58	0	-	82	24.06	5.5	22.0	0.0	0.0	111.80	48	1.2758	2.1047	690	691.23	1,482.11	
758447	45	704.0	732.2	528.7	732.5	325.5	10.81	4.58	0	-	84	27.00	5.5	22.0	0.0	0.0	102.42	48	1.2758	2.1047	690	691.35	1,383.44	
759028	45	704.0	734.5	529.8	735.2	325.8	10.44	4.58	0	-	85	24.56	5.5	22.0	0.0	0.0	104.70	48	1.2758	2.1047	690	691.35	1,431.25	
759621	45	704.0	737.2	531.1	737.2	325.5	11.12	4.58	0	-	86	28.38	5.5	22.0	0.0	0.0	106.59	48	1.2758	2.1047	690	691.35	1,363.83	
760162	45	703.9	739.5	532.3	739.5	325.5	10.62	4.58	0	-	87	25.38	5.5	22.0	0.0	0.0	97.80	48	1.2758	2.1125	690	691.35	1,330.47	
760660	44	703.9	741.8	533.5	742.5	325.5	10.62	4.58	0	-	88	25.12	5.5	22.0	0.0	0.0	100.34	48	1.2758	2.1125	690	691.23	1,440.86	
761237	44	703.8	744.8	535.1	744.8	325.8	12.38	4.58	0	-	90	31.06	5.5	22.0	0.0	0.0	123.94	48	1.2758	2.1125	690	691.14	1,665.78	
761765	45	703.7	747.5	536.3	747.5	325.8	19.44	4.58	0	-	91	58.06	5.5	22.0	0.0	0.0	138.07	48	1.2758	2.1039	690	691.05	1,861.80	
762348	45	703.1	750.5	538.2	750.8	326.5	22.94	4.58	0	-	93	67.00	5.5	22.0	0.0	0.0	133.66	48	1.2758	2.1195	690	690.93	1,765.31	
762886	45	702.6	753.5	539.6	753.5	326.2	22.75	4.58	0	-	95	65.62	5.5	22.0	0.0	0.0	131.44	48	1.2758	2.1188	690	690.74	1,767.66	
763419	45	702.6	756.5	540.8	756.8	326.5	24.00	4.58	0	-	97	71.00	5.5	22.4	0.0	0.0	133.36	48	1.2758	2.1344	690	690.74	1,676.88	
764058	45	703.5	759.8	543.3	759.8	326.8	6.25	4.58	0	-	98	18.38	5.5	22.4	0.0	0.0	39.05	48	1.2758	2.1414	690	690.74	1,035.55	
764652	44	704.5	763.8	545.5	764.2	327.5	1.25	4.58	0	-	98	1.62	5.5	22.7	0.0	0.0	12.63	48	1.2758	2.1414	690	690.83	970.31	
765161	43	705.5	768.2	547.2	768.2	327.5	2.62	4.58	0	-	97	3.00	5.5	22.7	0.0	0.0	45.38	48	1.2758	2.1414	690	690.93	923.59	
765698	44	706.5	770.5	549.3	770.5	327.8	7.50	4.58	0	-	98	20.00	5.5	22.7	0.0	0.0	86.79	48	1.2758	2.1492	690	691.05	1,236.64	
766222	44	707.9	773.5	550.5	773.5	328.2	13.94	4.58	0	-	99	35.69	5.5	23.1	0.0	0.0	55.57	48	1.2758	2.1570	690	691.35	1,088.83	
766747	44	709.4	774.8	551.7	775.5	328.2	1.25	4.58	0	-	99	2.75	5.5	23.1	0.0	0.0	17.18	48	1.2758	2.1570	690	691.54	990.78	
767290	44	710.4	777.2	552.7	777.5	328.5	1.25	4.58	0	-	98	1.12	5.5	22.7	0.0	0.0	17.27	48	1.2758	2.1484	690	691.75	974.30	
767911	44	711.4	779.2	553.5	779.5	328.5	1.44	4.58	0	-	97	1.38	5.5	22.7	0.0	0.0	17.25	48	1.2758	2.1641	690	692.03	967.11	
768449	45	712.2	780.2	554.1	780.2	328.5	1.25	4.58	0	-	96	1.62	5.5	22.7	0.0	0.0	17.25	48	1.2758	2.1547	690	692.15	974.61	
769017	45	713.2	780.2	554.6	780.5	329.2	1.56	4.58	0	-	95	1.38	5.5	23.1	0.0	0.0	17.81	47	1.2758	2.1625	690	692.33	976.95	
769570	46	714.0	780.5	554.7	780.2	329.2	0.69	4.58	0	-	95	1.38	5.5	22.7	0.0	0.0	17.13	47	1.2758	2.1531	690	692.43	974.77	
770182	46	714.8	779.8	554.3	779.5	329.5	0.56	4.58	0	-	94	1.38	5.5	23.1	0.0	0.0	17.32	47	1.2758	2.1609	690	692.64	973.12	
770750	46	715.6	778.2	553.8	777.8	329.2	0.56	4.58	0	-	93	1.38	5.5	23.1	0.0	0.0	17.13	47	1.2758	2.1688	690	692.73	971.88	
771274	46	716.2	776.5	553.2	776.8	329.2	0.56	4.58	0	-	91	1.12	5.5	22.7	0.0	0.0	17.39	46	1.2758	2.1523	690	692.85	971.56	
771808	47	716.8	775.2	552.3	774.8	329.2	0.38	4.58	0	-	88	1.38	5.5	23.1	0.0	0.0	17.25	46	1.2758	2.1602	690	693.04	971.41	
772406	47	717.5	773.2	551.3	772.8	329.5	0.38	4.58	0	-	87	1.12	5.5	23.1	0.0	0.0	17.55	46	1.2758	2.1602	690	693.13	970.86	
772926	47	718.0	771.2	550.3	770.8	329.5	0.38	4.58	0	-	86	1.12	5.5	23.1	0.0	0.0	17.58	46	1.2758	2.1602	690	693.25	970.23	
773605	47	718.6	768.5	549.1	768.2	329.2	0.56	4.58	0	-	86	1.38	5.5	22.7	0.0	0.0	17.65	46	1.2758	2.1523	690	693.34	970.39	
774157	47	719.2	766.2	548.0	765.8	329.2	0.38	4.58	0	-	85	1.12	5.5	23.1	0.0	0.0	17.55	46	1.2758	2.1688	690	693.44	970.16	
774664	48	719.6	763.5	546.5	763.5	329.5	0.56	4.58	0	-	84	1.12	5.5	23.1	0.0	0.0	18.09	46	1.2758	2.1609	690	693.53	970.16	
775156	48	720.1	760.8	545.5	761.2	329.5	0.56	4.58	0	-	83	1.12	5.5	23.1	0.0	0.0	18.02	46	1.2758	2.1609	690	693.74	970.16	
775688	48	720.5	758.5	544.3	758.5	329.5	0.69	4.58	0	-	82	1.12	5.5	22.7	0.0	0.0	18.23	46	1.2758	2.1531	690	693.83	970.16	
776205	48	720.9	755.8	542.8	755.8	329.2	0.69	4.58	0	-	80	1.12	5.5	22.7	0.0	0.0	18.23	46	1.2758	2.1703	690	693.93	970.00	
776743	48	721.3	753.5	541.6	753.5	329.5	0.69	4.58	0	-	78	1.12	5.5	23.1	0.0	0.0	18.28	46	1.2758	2.1625	690	694.05	969.38	
777263	48	721.7	750.5	540.3	750.5	329.2	0.69	4.58	0	-	75	0.81	5.5	23.1	0.0	0.0	18.42	46	1.2758	2.1625	690	694.23	968.75	
777792	48	722.0	748.2	539.0	747.8	329.2	0.88	4.58	0	-	73	0.56	5.5	23.1	0.0	0.0	18.40	46	1.2758	2.1625	690	694.35	968.05	
778247	48	722.2	746.2	537.8	745.8	329.2	0.88	4.58	0	-	72	0.81	5.5	23.1	0.0	0.0	18.23	46	1.2758	2.1625	690	694.54	967.03	
778871	48	722.6	742.8	536.3	742.5	329.5	1.06	4.58	0	-	71	0.56	5.5	23.1	0.0	0.0	18.42	46	1.2758	2.1625	690	694.75	965.94	
779467	48	722.9	739.5	534.8	739.5	329.2	1.06	4.58	0	-	71	0.56	5.5	23.1	0.0	0.0	18.23	46	1.2758	2.1625	695	694.94	965.55	
779992	48	723.2	737.2	533.3	736.8	329.5	0.88	4.58	0	-	70	0.56	5.5	23.1	0.0	0.0	18.42	46	1.2758	2.1625	695	695.15	965.47	
780545	49	723.4	734.8	532.0	734.2	329.2	1.06	4.58	0	-	69	0.56	5.5	23.1	0.0	0.0	18.75	46	1.2758	2.1625	695	695.43	964.92	
781095	49	723.6	731.5	530.8	731.5	329.2	1.06	4.58	0	-	69	0.56	5.5	23.1	0.0	0.0	18.68	46	1.2758	2.1625	695	695.64	964.38	
781666	49	723.8	728.8	529.2	728.8	329.2	1.06	4.58	0	-	68	0.56	5.5	23.1	0.0	0.0	18.47	46	1.2758	2.1625	695	695.85	964.38	
782202	49	724.0	725.8	528.3	726.2	328.8	1.06	4.58	0	-	67	0.56	5.5	23.1	0.0	0.0	18.77	46	1.2758	2.1625	695	696.04	963.98	
782732	49	724.2	723.5	526.5	723.5	329.2	1.25	4.58	0	-	67	0.56	5.5	23.1	0.0	0.0	18.19	46	1.2758	2.1625	695	696.25	963.83	
783415	49	724.3	721.2	525.5	720.8	329.2	1.25	4.58	0	-	66	0.31	5.5	23.1	0.0	0.0	18.59	46	1.2758	2.1625	695	696.53	963.59	
783945	49	724.4	718.2	523.8	718.2	329.5	1.25	4.58	0	-	65	0.56	5.5	23.1	0.0	0.0	19.29	46	1.2758	2.1625	695	696.65	963.28	
784455	49	724.6	715.2	522.6	715.2	329.2	1.06	4.58	0	-	64	0.56	5.5	23.1	0.0	0.0	13.95	46	1.2758	2.1625	695	696.83	961.17	
784981	49	724.7	712.8	521.3	712.8	329.2	0.88	4.58	0	-	63	0.81	5.5	23.1	0.0	0.0	18.73	46	1.2758	2.1625	695	697.05	963.36	
785532	49	724.8	710.2	519.8	710.2	328.8	0.88	4.58	0	-	62	0.81	5.5	23.1	0.0	0.0	19.34	46	1.2758	2.1625	695	697.23	964.92	
786095	49	724.9	707.8	518.8	707.8	329.2	0.88	4.58	0	-	61	0.81	5.5	23.1	0.0	0.0	19.29	46	1.2758	2.1625	695	697.44	965.55	
786626	49	725.1	705.5	517.3	705.5	328.8	1.06	4.58	0	-	60	0.56	5.5	23.1	0.0	0.0	19.36	46	1.2758	2.1625	695	697.54	965.62	
787135	49	725.2	703.2	516.3	703.2	329.2	1.06	4.58	0	-	60	0.56	5.5	23.1	0.0	0.0	19.24	46	1.2758	2.1625	695	697.75	965.00	
787769	49	725.3	701.5	515.1	701.5	329.2	1.06	4.58	0	-	59	0.56	5.5	23.1	0.0	0.0	19.24	46	1.2758	2.1625	695	697.94	965.62	
788384	49	725.4	698.5	513.6	698.5	328.8	1.06	4.58	0	-	59	0.56	5.5	23.1	0.0	0.0	29.27	46	1.2758	2.1625	695	698.15	955.39	
788954	50	725.5	696.5	512.6	696.5	328.8	2.62	4.58	0	-	59	3.25	5.5	23.1	0.0	0.0	54.63	46	1.2758	2.1625	695	698.33	974.61	
789528	50	725.5	694.5	511.6	694.2	328.5	3.31	4.58	0	-	59	5.69	5.5	23.1	0.0	0.0	68.44	46	1.2758	2.1625	695	698.64	1,024.38	
790094	50	725.3	692.5	510.8	692.5	328.5	3.69	4.58	0	-	60	8.12	5.5	23.1	0.0	0.0	75.47	46	1.2758	2.1547	695	698.94	1,070.08	
790671	49	724.7	690.8	510.2	690.8	328.8	3.81	4.58	0	-	61	9.19	5.5	22.7	0.0	0.0	75.14	46	1.2758	2.1547	695	699.25	1,087.73	
791188	49	724.0	690.5	509.5	690.5	328.8	3.50	4.58	0	-	62	8.94	5.5	22.7	0.0	0.0	74.32	46	1.2758	2.1547	695	699.53	1,094.22	
791766	48	722.9	689.8	509.7	689.5	329.2	3.81	4.58	0	-	62	10.00	5.5	22.7	0.0	0.0	75.40	46	1.2758	2.1547	700	699.93	1,116.64	
792369	48	721.7	690.2	509.1	690.2	328.8	4.19	4.58	0	-	63	10.00	5.5	22.7	0.0	0.0	91.31	46	1.2758	2.1469	700	700.23	1,172.27	
793067	48	720.6	690.5	509.8	690.5	328.8	5.75	4.58	0	-	64	15.94	5.5	22.7	0.0	0.0	104.39	46	1.2758	2.1469	700	700.63	1,342.66	
793618	47	719.9	690.8	510.2	691.5	329.2	6.62	4.58	0	-	65	21.62	5.5	22.7	0.0	0.0	111.30	46	1.2758	2.1469	700	700.94	1,452.50	
794175	47	719.5	692.8	510.8	693.2	329.2	10.62	4.58	0	-	67	27.31	5.5	22.7	0.0	0.0	110.81	46	1.2758	2.1469	700	701.03	1,447.11	
794696	47	719.3	694.2	511.5	694.5	329.2	10.25	4.58	0	-	68	25.12	5.5	22.7	0.0	0.0	108.75	46	1.2758	2.1547	700	701.24	1,450.39	
795218	47	719.1	696.5	512.5	696.5	329.5	11.12	4.58	0	-	69	27.56	5.5	22.7	0.0	0.0	78.66	46	1.2758	2.1461	700	701.24	1,180.16	
795788	46	718.7	698.5	513.8	698.8	329.5	2.62	4.58	0	-	70	3.25	5.5	22.7	0.0	0.0	22.90	46	1.2758	2.1461	700	701.33	1,026.48	
796307	45	718.3	701.5	515.1	701.5	329.5	1.25	4.58	0	-	69	0.81	5.5	22.7	0.0	0.0	10.78	46	1.2758	2.1547	700	701.43	978.67	
796842	45	718.0	703.5	516.3	703.8	329.8	-2.38	4.58	0	-	69	0.31	5.5	22.7	0.0	0.0	16.36	46	1.2758	2.1547	700	701.43	966.56	
797414	45	717.7	705.8	517.6	706.5	329.8	0.56	4.58	0	-	68	1.12	5.5	22.7	0.0	0.0	17.84	46	1.2758	2.1547	700	701.55	962.97	
798027	46	717.5	708.2	519.0	708.5	329.5	0.69	4.58	0	-	67	1.12	5.5	22.7	0.0	0.0	17.32	46	1.2758	2.1547	700	701.55	969.22	
798593	46	717.4	709.8	519.6	709.5	329.8	0.69	4.58	0	-	66	1.12	5.5	22.7	0.0	0.0	17.58	46	1.2758	2.1383	700	701.64	968.36	
799156	46	717.4	710.2	520.1	710.5	329.8	1.06	4.58	0	-	66	0.56	5.5	22.7	0.0	0.0	17.09	46	1.2758	2.1383	700	701.73	966.09	
799710	46	717.4	710.8	520.5	710.5	329.8	1.25	4.58	0	-	65	0.56	5.5	22.7	0.0	0.0	17.34	46	1.2758	2.1383	700	701.85	965.08	
800286	47	717.4	710.2	520.1	710.5	330.2	1.44	4.58	0	-	65	0.81	5.5	22.7	0.0	0.0	11.11	46	1.2758	2.1383	700	701.94	961.56	
800834	47	717.4	710.2	520.0	710.5	330.2	0.88	4.58	0	-	64	0.56	5.5	22.7	0.0	0.0	17.09	46	1.2758	2.1383	700	702.13	963.44	
801396	47	717.4	709.2	519.6	709.5	329.8	0.69	4.58	0	-	63	0.81	5.5	22.7	0.0	0.0	17.81	46	1.2758	2.1383	700	702.25	965.00	
801977	47	717.5	708.5	519.0	708.5	330.2	1.75	4.58	0	-	63	0.81	5.5	22.7	0.0	0.0	38.81	46	1.2758	2.1469	700	702.44	954.84	
802632	48	717.4	707.5	518.6	707.2	330.2	3.12	4.58	0	-	63	5.94	5.5	22.7	0.0	0.0	63.35	46	1.2758	2.1469	700	702.74	1,012.27	
803311	48	717.2	706.5	518.1	706.2	330.2	3.50	4.58	0	-	63	7.88	5.5	22.7	0.0	0.0	78.54	46	1.2758	2.1391	700	702.93	1,103.05	
803866	48	716.7	705.5	517.6	704.8	329.8	4.00	4.58	0	-	64	9.75	5.5	22.4	0.0	0.0	82.34	46	1.2758	2.1312	700	703.05	1,153.52	
804473	48	716.4	704.5	517.5	704.8	329.8	4.88	4.58	0	-	65	12.19	5.5	22.4	0.0	0.0	82.71	46	1.2758	2.1312	700	703.23	1,178.67	
805071	47	716.3	704.5	517.1	704.5	329.8	4.38	4.58	0	-	66	11.62	5.5	22.4	0.0	0.0	79.52	46	1.2758	2.1234	700	703.35	1,147.73	
805618	47	716.3	704.8	517.3	705.2	329.8	2.81	4.58	0	-	67	7.06	5.5	22.4	0.0	0.0	31.78	46	1.2758	2.1234	700	703.44	1,045.31	
806172	47	716.3	706.2	518.0	706.2	329.8	1.06	4.58	0	-	66	1.12	5.5	22.7	0.0	0.0	14.79	46	1.2758	2.1328	700	703.44	984.45	
806803	46	716.2	707.2	518.0	706.8	330.5	2.44	4.58	0	-	66	2.44	5.5	22.4	0.0	0.0	49.66	46	1.2758	2.1328	700	703.63	978.98	
807374	47	715.9	707.5	518.8	707.5	330.2	3.50	4.58	0	-	66	7.56	5.5	22.4	0.0	0.0	70.64	46	1.2758	2.1250	700	703.75	1,057.27	
807976	47	715.2	708.5	519.3	708.8	330.2	3.00	4.58	0	-	67	7.56	5.5	22.4	0.0	0.0	36.12	46	1.2758	2.1336	700	703.84	1,034.30	
808512	47	714.5	709.2	519.6	709.2	330.2	1.06	4.58	0	-	67	1.12	5.5	22.4	0.0	0.0	15.16	46	1.2758	2.1336	700	703.94	979.14	
809098	46	713.8	709.8	519.8	709.8	330.5	2.81	4.58	0	-	67	3.50	5.5	22.4	0.0	0.0	55.97	46	1.2758	2.1336	700	704.15	990.78	
809611	47	713.0	710.5	520.5	710.5	330.5	4.00	4.58	0	-	67	8.38	5.5	22.4	0.0	0.0	72.09	46	1.2758	2.1336	700	704.24	1,077.42	
810210	47	711.8	710.8	520.5	710.8	330.2	4.56	4.58	0	-	68	13.81	5.5	22.4	0.0	0.0	90.00	46	1.2758	2.1336	700	704.24	1,126.95	
810795	47	710.8	711.5	521.1	711.8	330.8	1.94	4.58	0	-	68	5.12	5.5	22.4	0.0	0.0	25.64	46	1.2758	2.1336	700	704.24	1,032.58	
811396	46	709.9	712.5	521.5	712.5	330.2	1.06	4.58	0	-	68	0.56	5.5	22.4	0.0	0.0	12.87	46	1.2758	2.1336	700	704.24	972.27	
812012	46	709.0	713.5	522.0	713.2	330.5	2.81	4.58	0	-	67	4.06	5.5	22.4	0.0	0.0	58.15	46	1.2758	2.1336	700	704.24	989.77	
812614	47	707.9	713.8	522.3	714.5	330.5	5.25	4.58	0	-	68	10.00	5.5	22.4	0.0	0.0	87.42	46	1.2758	2.1336	700	704.15	1,178.75	
813208	47	706.8	714.5	522.6	714.5	330.5	9.56	4.58	0	-	69	21.88	5.5	22.4	0.0	0.0	104.16	46	1.2758	2.1336	700	703.94	1,290.70	
813823	47	705.9	715.5	522.8	715.5	330.8	9.56	4.58	0	-	70	22.69	5.5	22.4	0.0	0.0	89.20	46	1.2758	2.1336	700	703.63	1,159.30	
814366	47	705.7	716.5	523.8	717.2	330.8	7.69	4.58	0	-	71	16.25	5.5	22.4	0.0	0.0	66.49	46	1.2758	2.1336	700	703.35	1,112.27	
814919	46	705.5	718.2	524.3	718.5	331.2	2.44	4.58	0	-	72	3.00	5.5	22.4	0.0	0.0	15.19	46	1.2758	2.1336	700	703.05	1,016.41	
815480	46	705.3	719.8	525.3	720.2	330.8	1.25	4.58	0	-	71	0.56	5.5	22.4	0.0	0.0	16.29	46	1.2758	2.1336	700	702.83	975.86	
816083	46	705.2	721.8	526.3	721.8	331.2	2.44	4.58	0	-	71	1.62	5.5	22.4	0.0	0.0	40.59	46	1.2758	2.1258	700	702.65	976.41	
816615	46	704.9	722.8	526.6	723.2	330.5	0.69	4.58	0	-	71	1.94	5.5	22.4	0.0	0.0	18.07	46	1.2758	2.1258	700	702.44	972.03	
817173	46	704.7	724.2	527.3	723.8	331.2	1.44	4.58	0	-	70	0.81	5.5	22.4	0.0	0.0	12.12	46	1.2758	2.1258	700	702.25	960.62	
817755	46	704.4	724.5	527.6	724.8	331.5	1.06	4.58	0	-	69	0.81	5.5	22.4	0.0	0.0	16.78	46	1.2758	2.1180	700	702.04	958.75	
818284	47	704.2	724.8	528.0	724.8	331.2	0.56	4.58	0	-	69	0.81	5.5	22.4	0.0	0.0	17.70	46	1.2758	2.1180	700	701.94	958.75	
818871	47	704.1	724.8	527.6	724.5	331.2	1.06	4.58	0	-	68	0.31	5.5	22.4	0.0	0.0	17.51	46	1.2758	2.1180	700	701.94	962.73	
819419	47	704.0	724.2	527.6	724.2	331.5	1.06	4.58	0	-	67	0.56	5.5	22.4	0.0	0.0	16.88	46	1.2758	2.1180	700	701.85	963.05	
819955	47	703.9	723.2	527.0	723.2	330.8	1.25	4.58	0	-	66	0.31	5.5	22.4	0.0	0.0	16.85	46	1.2758	2.1102	700	701.73	962.73	
820502	47	703.8	722.2	526.7	722.2	331.2	1.25	4.58	0	-	66	0.56	5.5	22.0	0.0	0.0	44.70	46	1.2758	2.1102	700	701.73	952.97	
821066	48	703.6	720.5	525.8	720.5	331.5	3.50	4.58	0	-	66	5.94	5.5	22.4	0.0	0.0	64.95	46	1.2758	2.1266	700	701.64	998.28	
821706	48	703.2	719.2	525.2	719.5	331.5	4.88	4.58	0	-	67	12.69	5.5	22.4	0.0	0.0	96.21	46	1.2758	2.1188	700	701.55	1,195.00	
822346	48	702.7	717.5	524.3	717.5	331.5	6.62	4.58	0	-	68	17.81	5.5	22.0	0.0	0.0	108.45	46	1.2758	2.1109	700	701.24	1,314.53	
823050	48	702.6	716.8	524.3	716.2	331.5	6.62	4.58	0	-	69	20.25	5.5	22.4	0.0	0.0	101.18	46	1.2758	2.1188	700	700.94	1,266.48	
823601	48	702.7	716.2	523.8	716.2	331.5	6.62	4.58	0	-	70	19.44	5.5	22.4	0.0	0.0	96.73	46	1.2758	2.1188	700	700.54	1,251.88	
824187	47	703.1	716.5	524.1	716.8	331.5	6.81	4.58	0	-	71	19.75	5.5	22.4	0.0	0.0	96.33	46	1.2758	2.1188	700	700.23	1,224.84	
824828	47	703.8	717.5	524.3	717.5	331.5	6.12	4.58	0	-	72	18.62	5.5	22.0	0.0	0.0	86.06	47	1.2758	2.1102	695	699.83	1,161.33	
825410	47	704.5	718.5	525.0	718.8	331.8	4.38	4.58	0	-	73	12.19	5.5	22.0	0.0	0.0	53.79	47	1.2758	2.1102	695	699.65	1,053.59	
825961	46	704.9	719.8	525.6	720.2	332.2	1.44	4.58	0	-	73	2.19	5.5	22.4	0.0	0.0	17.65	47	1.2758	2.1188	695	699.44	998.20	
826528	46	705.0	721.5	526.7	721.8	332.2	1.06	4.58	0	-	72	0.81	5.5	22.4	0.0	0.0	12.00	47	1.2758	2.1188	695	699.25	968.36	
827138	46	705.2	722.8	527.3	722.8	331.8	0.69	4.58	0	-	71	1.12	5.5	22.4	0.0	0.0	13.71	47	1.2758	2.1109	695	699.13	959.84	
827743	46	705.3	723.8	527.8	723.8	332.2	2.81	4.58	0	-	71	3.81	5.5	22.0	0.0	0.0	54.98	47	1.2758	2.1109	695	699.04	970.16	
828295	47	705.2	723.8	528.1	724.2	332.5	4.19	4.58	0	-	71	8.94	5.5	22.0	0.0	0.0	75.47	47	1.2758	2.1109	695	698.85	1,084.38	
828815	47	704.9	724.2	528.5	723.8	332.5	4.00	4.58	0	-	72	9.19	5.5	22.0	0.0	0.0	87.05	47	1.2758	2.1109	695	698.73	1,086.48	
829351	47	704.6	724.2	528.5	723.8	332.8	2.25	4.58	0	-	72	4.31	5.5	22.4	0.0	0.0	24.35	47	1.2758	2.1195	695	698.64	1,022.03	
829957	47	704.2	724.5	528.5	724.5	332.8	1.44	4.58	0	-	71	0.56	5.5	22.4	0.0	0.0	10.97	47	1.2758	2.1195	695	698.55	973.67	
830548	46	703.9	724.5	528.6	724.5	332.5	0.88	4.58	0	-	71	0.81	5.5	22.4	0.0	0.0	16.57	47	1.2758	2.1195	695	698.55	963.28	
831146	47	703.7	724.5	528.6	724.5	332.8	0.88	4.58	0	-	70	0.81	5.5	22.4	0.0	0.0	18.12	47	1.2758	2.1195	695	698.43	960.47	
831699	47	703.4	724.2	528.3	723.8	332.5	2.12	4.58	0	-	69	1.12	5.5	22.4	0.0	0.0	49.97	47	1.2758	2.1195	695	698.43	957.89	
832259	47	703.1	723.5	528.1	723.5	332.8	3.12	4.58	0	-	70	5.94	5.5	22.4	0.0	0.0	72.87	47	1.2758	2.1195	695	698.33	1,018.67	
832790	48	702.5	722.5	527.8	722.5	332.5	4.88	4.58	0	-	70	12.69	5.5	22.4	0.0	0.0	95.65	47	1.2758	2.1195	695	698.24	1,179.22	
833547	48	701.7	721.5	527.1	721.5	333.2	6.62	4.58	0	-	71	20.81	5.5	22.4	0.0	0.0	98.91	47	1.2758	2.1195	695	697.94	1,185.94	
834129	47	701.4	721.5	527.0	721.2	333.2	4.56	4.58	0	-	72	15.44	5.5	22.4	0.0	0.0	68.81	47	1.2758	2.1195	695	697.75	1,055.08	
834735	47	701.2	721.2	526.8	721.5	332.5	4.00	4.58	0	-	73	11.06	5.5	22.4	0.0	0.0	75.23	47	1.2758	2.1195	695	697.54	1,044.22	
835302	47	700.9	721.5	527.3	721.8	332.8	5.56	4.58	0	-	73	13.81	5.5	22.0	0.0	0.0	92.32	47	1.2758	2.1117	695	697.35	1,208.91	
835863	47	700.7	721.8	527.5	721.5	333.2	4.38	4.58	0	-	74	14.88	5.5	22.0	0.0	0.0	71.06	47	1.2758	2.1117	695	697.14	1,121.64	
836457	47	700.3	722.8	527.8	722.8	333.5	3.81	4.58	0	-	74	8.69	5.5	22.0	0.0	0.0	53.39	47	1.2758	2.1117	695	696.83	1,151.33	
837035	47	699.8	723.5	528.5	723.5	332.8	4.19	4.58	0	-	74	6.75	5.5	22.4	0.0	0.0	61.31	47	1.2758	2.1203	695	696.65	1,094.38	
837598	47	699.3	724.5	528.8	724.8	333.5	5.06	4.58	0	-	75	11.38	5.5	22.0	0.0	0.0	77.39	47	1.2758	2.1125	695	696.44	1,161.72	
838181	47	698.7	725.8	529.6	725.5	333.5	4.69	4.58	0	-	75	12.69	5.5	22.0	0.0	0.0	81.16	47	1.2758	2.1125	695	696.13	1,174.30	
838815	47	698.2	726.8	530.0	727.2	333.8	4.56	4.58	0	-	76	11.38	5.5	22.0	0.0	0.0	82.71	47	1.2758	2.1047	695	695.73	1,176.41	
839409	46	697.5	728.5	530.6	728.5	333.5	2.62	4.58	0	-	76	5.44	5.5	22.0	0.0	0.0	31.29	47	1.2758	2.1047	695	695.43	1,030.55	
839957	46	697.1	729.2	531.5	729.8	333.5	3.00	4.58	0	-	76	5.69	5.5	22.0	0.0	0.0	61.90	47	1.2758	2.1047	695	695.03	1,042.03	
840535	46	696.4	730.5	531.8	730.5	333.5	3.69	4.58	0	-	77	8.38	5.5	22.0	0.0	0.0	88.88	47	1.2758	2.1047	690	694.75	1,135.86	
841113	46	695.9	731.5	532.6	731.8	333.8	5.94	4.58	0	-	77	15.94	5.5	22.0	0.0	0.0	104.70	47	1.2758	2.1047	690	694.44	1,303.98	
841691	47	695.8	732.8	533.1	732.8	333.5	7.50	4.58	0	-	78	21.38	5.5	22.0	0.0	0.0	111.91	47	1.2758	2.1047	690	694.05	1,338.20	
842274	47	696.4	733.8	533.6	734.2	333.8	2.81	4.58	0	-	78	14.31	5.5	22.0	0.0	0.0	45.35	47	1.2758	2.1047	690	693.65	1,069.53	
842847	46	697.0	735.2	534.3	735.5	334.2	1.25	4.58	0	-	78	1.62	5.5	22.0	0.0	0.0	16.34	47	1.2758	2.1047	690	693.44	993.98	
843536	46	697.3	736.5	535.2	736.5	334.2	0.69	4.58	0	-	78	0.31	5.5	22.0	0.0	0.0	11.02	47	1.2758	2.1047	690	693.25	964.84	
844108	46	697.6	737.5	535.5	737.5	334.2	0.88	4.58	0	-	77	0.81	5.5	22.0	0.0	0.0	16.71	47	1.2758	2.1047	690	693.13	960.86	
844644	46	697.9	737.8	536.1	737.5	334.2	0.88	4.58	0	-	76	0.81	5.5	22.0	0.0	0.0	16.83	47	1.2758	2.1047	690	693.04	965.94	
845215	46	698.2	737.8	536.0	737.5	334.5	0.88	4.58	0	-	75	0.81	5.5	22.0	0.0	0.0	16.99	47	1.2758	2.1047	690	692.94	966.02	
845811	46	698.6	737.2	536.0	737.5	334.5	0.88	4.58	0	-	75	0.81	5.5	22.0	0.0	0.0	16.97	47	1.2758	2.1047	690	692.85	966.25	
846395	47	698.9	736.5	535.0	736.5	334.2	0.88	4.58	0	-	74	0.81	5.5	22.0	0.0	0.0	17.06	47	1.2758	2.1047	690	692.73	965.47	
846941	47	699.2	734.5	534.5	734.8	334.2	1.06	4.58	0	-	73	0.56	5.5	21.6	0.0	0.0	19.88	47	1.2758	2.0961	690	692.64	965.70	
847496	47	699.4	733.2	534.3	733.5	334.2	2.44	4.58	0	-	73	1.62	5.5	21.6	0.0	0.0	50.11	47	1.2758	2.0961	690	692.64	961.56	
848068	47	699.7	731.5	533.3	731.5	334.2	4.00	4.58	0	-	73	7.56	5.5	22.0	0.0	0.0	63.96	47	1.2758	2.1055	690	692.55	1,043.05	
848661	48	699.7	730.5	532.2	730.2	334.5	4.19	4.58	0	-	73	10.25	5.5	22.0	0.0	0.0	42.94	47	1.2758	2.1055	690	692.55	1,057.42	
849262	47	699.6	728.8	531.3	728.8	334.2	2.12	4.58	0	-	73	1.38	5.5	21.6	0.0	0.0	14.25	47	1.2758	2.0969	690	692.43	986.95	
849830	47	699.5	727.8	530.8	727.5	334.2	0.38	4.58	0	-	72	0.31	5.5	21.6	0.0	0.0	11.04	47	1.2758	2.0891	690	692.43	966.09	
850509	47	699.3	726.5	530.6	726.8	334.2	0.56	4.58	0	-	72	1.12	5.5	21.6	0.0	0.0	17.91	47	1.2758	2.0891	690	692.55	961.33	
851058	47	699.2	725.8	530.2	725.8	334.2	1.06	4.58	0	-	71	0.56	5.5	21.6	0.0	0.0	17.37	47	1.2758	2.0891	690	692.55	965.00	
851611	47	699.2	725.2	529.5	724.8	334.2	1.06	4.58	0	-	70	0.56	5.5	21.6	0.0	0.0	17.34	47	1.2758	2.0891	690	692.55	964.69	
852188	48	699.1	723.5	529.1	723.5	334.2	1.06	4.58	0	-	69	0.56	5.5	21.6	0.0	0.0	17.48	47	1.2758	2.0891	690	692.64	964.22	
852744	48	699.1	722.2	528.0	721.8	334.2	1.06	4.58	0	-	69	0.56	5.5	21.6	0.0	0.0	17.09	47	1.2758	2.0891	690	692.73	963.52	
853429	48	699.1	720.2	527.2	720.2	334.2	1.25	4.58	0	-	68	0.56	5.5	21.6	0.0	0.0	17.34	47	1.2758	2.0891	690	692.85	962.73	
853971	48	699.1	718.5	526.2	718.2	334.2	2.44	4.58	0	-	67	1.12	5.5	21.6	0.0	0.0	44.32	47	1.2758	2.0891	690	692.94	953.44	
854564	48	699.1	715.8	525.2	715.5	334.2	3.50	4.58	0	-	67	6.50	5.5	21.6	0.0	0.0	68.39	47	1.2758	2.0891	690	693.04	1,003.59	
855213	49	698.7	713.8	523.8	713.5	334.2	5.25	4.58	0	-	68	13.81	5.5	21.6	0.0	0.0	98.74	47	1.2758	2.0891	690	693.04	1,219.06	
855758	49	698.5	712.5	523.5	712.2	334.2	7.31	4.58	0	-	69	20.00	5.5	21.6	0.0	0.0	106.20	47	1.2758	2.0891	690	693.04	1,348.98	
856311	48	698.6	711.2	522.8	711.5	334.2	10.81	4.58	0	-	70	25.38	5.5	21.6	0.0	0.0	101.44	47	1.2758	2.0969	690	692.94	1,373.28	
856893	48	698.9	711.2	522.5	711.2	334.2	11.12	4.58	0	-	72	26.19	5.5	21.6	0.0	0.0	104.81	47	1.2758	2.0969	690	692.73	1,395.08	
857452	48	699.4	711.5	522.8	711.5	334.5	11.50	4.58	0	-	73	27.00	5.5	21.6	0.0	0.0	103.66	47	1.2758	2.0883	690	692.55	1,364.38	
858026	47	700.1	712.5	523.5	712.8	334.8	4.00	4.58	0	-	74	6.50	5.5	21.6	0.0	0.0	30.21	47	1.2758	2.0961	690	692.43	1,066.02	
858608	47	700.5	714.2	524.3	714.8	334.5	1.56	4.58	0	-	73	0.81	5.5	21.6	0.0	0.0	15.05	47	1.2758	2.0961	690	692.43	985.31	
859185	46	700.7	716.5	525.5	716.5	334.5	1.44	4.58	0	-	73	0.00	5.5	21.6	0.0	0.0	15.73	47	1.2758	2.0883	690	692.43	966.25	
859791	46	700.9	718.8	526.5	718.8	334.8	0.56	4.58	0	-	72	1.12	5.5	21.6	0.0	0.0	17.79	47	1.2758	2.0883	690	692.33	961.56	
860415	47	701.2	720.5	527.5	720.5	334.8	1.06	4.58	0	-	71	0.81	5.5	21.6	0.0	0.0	17.04	47	1.2758	2.0883	690	692.33	965.16	
860965	47	701.4	721.2	528.1	721.2	334.8	1.06	4.58	0	-	70	0.56	5.5	21.6	0.0	0.0	16.83	47	1.2758	2.0883	690	692.33	964.38	
861536	47	701.6	721.5	528.3	721.5	334.8	1.06	4.58	0	-	69	0.56	5.5	21.6	0.0	0.0	17.06	47	1.2758	2.0883	690	692.33	963.91	
862105	48	701.9	721.8	528.3	721.5	334.8	1.25	4.58	0	-	68	0.56	5.5	21.6	0.0	0.0	17.04	47	1.2758	2.0883	690	692.43	963.75	
862710	48	702.1	720.8	528.0	720.8	334.8	0.88	4.58	0	-	68	0.81	5.5	21.6	0.0	0.0	35.81	47	1.2758	2.0883	690	692.43	950.62	
863285	48	702.3	720.2	527.5	720.2	334.5	3.69	4.58	0	-	68	6.25	5.5	21.6	0.0	0.0	63.23	47	1.2758	2.0883	690	692.55	991.80	
863984	48	702.3	718.8	527.0	718.5	334.8	4.88	4.58	0	-	68	12.69	5.5	21.6	0.0	0.0	96.07	47	1.2758	2.0805	690	692.64	1,212.50	
864586	48	702.3	718.5	526.5	718.5	335.2	6.44	4.58	0	-	69	20.56	5.5	21.6	0.0	0.0	100.73	47	1.2758	2.0805	690	692.64	1,131.56	
865175	48	702.6	717.8	526.3	718.2	335.2	3.12	4.58	0	-	70	5.69	5.5	21.6	0.0	0.0	68.37	47	1.2758	2.0805	690	692.64	1,070.08	
865781	48	702.7	718.2	526.7	718.5	335.2	5.25	4.58	0	-	71	14.06	5.5	21.2	0.0	0.0	93.49	47	1.2758	2.0719	690	692.64	1,202.58	
866336	48	702.9	719.2	527.0	718.8	335.2	7.50	4.58	0	-	71	19.44	5.5	21.2	0.0	0.0	107.48	47	1.2758	2.0719	690	692.73	1,372.11	
866907	48	703.4	720.5	527.8	720.8	335.2	7.12	4.58	0	-	72	20.56	5.5	21.2	0.0	0.0	116.23	47	1.2758	2.0719	690	692.73	1,458.36	
867457	48	704.2	722.2	528.8	721.8	335.5	11.31	4.58	0	-	73	30.81	5.5	21.6	0.0	0.0	125.44	47	1.2758	2.0805	690	692.94	1,607.19	
868052	48	705.4	724.2	529.3	724.5	335.2	15.81	4.58	0	-	74	41.06	5.5	21.6	0.0	0.0	123.45	47	1.2758	2.0805	690	693.04	1,573.59	
868615	47	706.3	726.2	531.2	726.8	335.8	13.75	4.58	0	-	76	35.12	5.5	21.2	0.0	0.0	119.98	47	1.2758	2.0797	690	693.25	1,577.27	
869201	47	707.1	728.8	532.3	729.5	335.8	14.25	4.58	0	-	78	36.75	5.5	21.6	0.0	0.0	118.64	47	1.2758	2.0875	690	693.44	1,537.34	
869843	47	707.8	732.8	534.0	732.8	335.8	11.12	4.58	0	-	79	25.12	5.5	21.6	0.0	0.0	47.95	47	1.2758	2.0953	690	693.65	1,068.44	
870409	46	708.3	736.5	536.1	737.2	336.5	-0.94	4.58	0	-	79	0.56	5.5	21.6	0.0	0.0	20.34	47	1.2758	2.0953	690	693.74	986.64	
870981	46	708.7	740.2	538.3	740.5	336.5	0.56	4.58	0	-	78	1.12	5.5	21.6	0.0	0.0	17.11	47	1.2758	2.0953	690	693.83	969.22	
871566	46	709.0	743.5	540.0	743.8	336.8	0.56	4.58	0	-	77	1.12	5.5	21.6	0.0	0.0	15.75	47	1.2758	2.0953	690	693.93	963.12	
872114	46	709.4	745.8	541.0	746.2	337.2	0.56	4.58	0	-	77	1.12	5.5	21.6	0.0	0.0	17.44	47	1.2758	2.0867	690	694.05	967.81	
872660	47	709.7	747.5	542.1	747.5	337.2	0.69	4.58	0	-	76	1.12	5.5	21.6	0.0	0.0	17.06	47	1.2758	2.0867	690	694.14	966.95	
873197	47	710.1	748.2	542.8	748.5	337.2	0.88	4.58	0	-	75	0.81	5.5	21.6	0.0	0.0	17.23	47	1.2758	2.0781	690	694.23	966.41	
873840	47	710.4	748.5	543.0	748.8	337.2	0.88	4.58	0	-	75	0.81	5.5	21.6	0.0	0.0	16.95	47	1.2758	2.0859	690	694.35	966.25	
874400	47	710.8	748.8	543.2	748.8	337.2	0.88	4.58	0	-	74	0.81	5.5	21.6	0.0	0.0	17.11	47	1.2758	2.0859	690	694.44	965.31	
874942	48	711.2	748.2	542.7	748.2	337.5	0.88	4.58	0	-	73	0.81	5.5	21.6	0.0	0.0	17.20	47	1.2758	2.0859	690	694.54	965.08	
875531	48	711.6	747.2	542.3	747.2	337.5	0.88	4.58	0	-	72	0.81	5.5	21.6	0.0	0.0	17.34	47	1.2758	2.0938	690	694.63	964.84	
876042	48	711.9	745.8	541.7	745.8	337.5	0.88	4.58	0	-	72	0.81	5.5	21.6	0.0	0.0	17.41	47	1.2758	2.0938	690	694.75	964.69	
876591	48	712.2	744.5	541.0	744.8	337.5	0.88	4.58	0	-	71	0.56	5.5	21.6	0.0	0.0	17.25	47	1.2758	2.0859	690	694.84	963.67	
877103	48	712.5	743.2	540.3	743.2	337.5	0.88	4.58	0	-	70	0.56	5.5	21.6	0.0	0.0	17.34	47	1.2758	2.0859	695	694.94	963.67	
877640	48	712.8	741.2	539.3	740.8	337.2	1.06	4.58	0	-	70	0.56	5.5	21.6	0.0	0.0	17.41	47	1.2758	2.0859	695	695.03	963.67	
878189	48	713.1	739.2	538.6	738.8	337.5	2.44	4.58	0	-	69	0.81	5.5	21.6	0.0	0.0	16.36	47	1.2758	2.0781	695	695.24	957.58	
878735	49	713.4	737.5	537.3	737.2	337.2	2.25	4.58	0	-	69	2.19	5.5	21.2	0.0	0.0	47.51	47	1.2758	2.0781	695	695.43	958.91	
879331	49	713.6	735.2	536.5	735.2	337.2	3.12	4.58	0	-	69	5.69	5.5	21.6	0.0	0.0	66.12	47	1.2758	2.0867	695	695.64	990.62	
879922	49	713.8	733.2	535.3	732.8	337.2	3.31	4.58	0	-	70	7.31	5.5	21.6	0.0	0.0	71.11	47	1.2758	2.0867	695	695.85	1,023.91	
880466	49	713.7	731.5	534.6	731.5	337.5	2.44	4.58	0	-	70	4.62	5.5	21.6	0.0	0.0	29.93	47	1.2758	2.0789	695	696.04	1,006.80	
880983	49	713.5	730.5	534.0	730.5	337.5	1.25	4.58	0	-	70	0.81	5.5	21.6	0.0	0.0	15.98	47	1.2758	2.0789	695	696.25	974.14	
881508	48	713.3	729.8	533.6	729.5	337.5	1.06	4.58	0	-	70	0.31	5.5	21.6	0.0	0.0	13.66	47	1.2758	2.0789	695	696.44	959.06	
882095	48	713.1	728.8	533.1	728.8	337.5	1.44	4.58	0	-	69	0.81	5.5	21.6	0.0	0.0	27.02	47	1.2758	2.0789	695	696.65	951.25	
882662	49	712.9	727.8	532.3	727.5	337.5	1.75	4.58	0	-	69	1.12	5.5	21.6	0.0	0.0	31.62	47	1.2758	2.0789	695	696.93	956.64	
883214	49	712.6	726.5	532.2	726.5	336.8	2.44	4.58	0	-	69	2.44	5.5	21.6	0.0	0.0	49.52	47	1.2758	2.0789	695	697.23	966.56	
883886	49	712.2	725.5	531.7	725.5	337.5	2.62	4.58	0	-	70	3.81	5.5	21.6	0.0	0.0	51.33	47	1.2758	2.0789	695	697.63	1,002.42	
884463	49	711.6	724.8	531.2	724.8	337.5	2.12	4.58	0	-	70	3.00	5.5	21.6	0.0	0.0	53.95	47	1.2758	2.0789	695	697.94	1,004.30	
885017	49	710.7	724.2	530.8	724.2	337.5	2.62	4.58	0	-	71	4.31	5.5	21.6	0.0	0.0	59.98	47	1.2758	2.0789	695	698.15	1,023.05	
885551	49	709.9	724.2	530.8	723.8	337.5	2.81	4.58	0	-	71	4.88	5.5	21.6	0.0	0.0	60.09	47	1.2758	2.0789	695	698.43	1,037.27	
886117	49	708.9	723.8	530.8	723.8	337.8	2.62	4.58	0	-	71	4.62	5.5	21.6	0.0	0.0	50.32	47	1.2758	2.0789	695	698.64	1,049.92	
886642	49	708.0	724.2	530.5	723.8	337.2	1.44	4.58	0	-	71	1.62	5.5	21.6	0.0	0.0	18.89	47	1.2758	2.0789	695	698.85	987.66	
887228	48	707.1	723.8	530.6	724.2	337.5	1.75	4.58	0	-	71	0.31	5.5	21.6	0.0	0.0	11.81	47	1.2758	2.0789	695	699.04	964.06	
887779	48	706.4	724.5	531.0	724.5	337.5	1.25	4.58	0	-	70	0.56	5.5	21.6	0.0	0.0	17.18	47	1.2758	2.0789	695	699.13	958.91	
888327	48	705.8	724.5	530.7	724.8	337.2	0.88	4.58	0	-	70	0.56	5.5	21.6	0.0	0.0	17.72	47	1.2758	2.0789	695	699.34	957.11	
888945	48	705.3	723.8	530.6	723.8	337.2	1.06	4.58	0	-	68	0.56	5.5	21.6	0.0	0.0	17.74	47	1.2758	2.0789	695	699.44	962.03	
889519	48	704.7	723.2	530.2	722.8	337.5	2.12	4.58	0	-	66	1.12	5.5	21.6	0.0	0.0	13.29	47	1.2758	2.0789	695	699.65	961.17	
890081	49	704.3	722.2	530.0	722.5	337.5	1.06	4.58	0	-	64	0.56	5.5	21.6	0.0	0.0	17.46	47	1.2758	2.0789	695	699.74	961.17	
890651	49	703.9	720.8	529.5	721.2	337.2	0.88	4.58	0	-	64	0.81	5.5	21.6	0.0	0.0	17.93	47	1.2758	2.0789	695	699.83	962.73	
891199	49	703.6	719.2	528.1	719.2	337.2	0.69	4.58	0	-	63	1.12	5.5	21.6	0.0	0.0	18.40	47	1.2758	2.0789	700	699.93	964.14	
891750	49	703.3	717.5	527.6	717.5	337.2	0.88	4.58	0	-	63	0.81	5.5	21.6	0.0	0.0	18.02	47	1.2758	2.0789	700	700.14	964.77	
892320	49	703.0	715.8	526.7	715.8	337.2	1.56	4.58	0	-	62	0.81	5.5	21.6	0.0	0.0	34.20	47	1.2758	2.0789	700	700.23	954.06	
892928	50	702.6	714.2	525.3	714.2	337.2	1.94	4.58	0	-	63	2.44	5.5	21.6	0.0	0.0	25.99	47	1.2758	2.0789	700	700.35	964.14	
893617	50	702.1	712.5	524.8	712.2	337.2	1.25	4.58	0	-	63	0.81	5.5	21.6	0.0	0.0	12.77	47	1.2758	2.0789	700	700.35	956.25	
894185	49	701.7	711.5	524.3	711.5	337.5	-0.44	4.58	0	-	62	0.56	5.5	21.6	0.0	0.0	16.97	47	1.2758	2.0789	700	700.44	954.69	
894832	49	701.2	709.5	523.1	709.5	337.2	3.50	4.58	0	-	62	1.38	5.5	21.6	0.0	0.0	16.41	47	1.2758	2.0789	700	700.44	948.12	
895388	50	700.8	707.8	522.7	707.8	337.2	2.44	4.58	0	-	62	2.75	5.5	21.6	0.0	0.0	50.16	47	1.2758	2.0789	700	700.54	960.39	
895916	50	700.3	706.8	521.6	706.5	337.2	3.00	4.58	0	-	62	6.25	5.5	21.6	0.0	0.0	65.55	47	1.2758	2.0789	700	700.54	1,014.69	
896512	50	699.4	705.2	521.3	705.2	336.8	2.12	4.58	0	-	63	4.06	5.5	21.6	0.0	0.0	27.26	47	1.2758	2.0789	700	700.44	1,001.64	
897042	50	698.5	704.8	520.8	704.5	337.2	1.06	4.58	0	-	63	0.81	5.5	21.6	0.0	0.0	13.97	47	1.2758	2.0789	700	700.44	971.88	
897634	49	697.8	704.2	520.3	703.8	336.8	0.19	4.58	0	-	62	0.31	5.5	21.6	0.0	0.0	13.92	47	1.2758	2.0789	700	700.35	960.16	
898229	49	697.2	703.5	520.3	703.2	337.2	0.88	4.58	0	-	62	0.56	5.5	21.6	0.0	0.0	17.79	47	1.2758	2.0789	700	700.35	957.97	
898846	49	696.5	702.8	520.0	703.2	337.2	0.88	4.58	0	-	61	0.56	5.5	21.6	0.0	0.0	17.74	47	1.2758	2.0789	700	700.23	963.20	
899400	50	696.0	702.2	519.7	702.5	336.8	1.06	4.58	0	-	61	0.81	5.5	21.6	0.0	0.0	18.16	47	1.2758	2.0789	700	700.23	963.75	
899939	50	695.6	700.8	519.0	701.2	337.2	1.94	4.58	0	-	60	0.81	5.5	21.6	0.0	0.0	34.64	47	1.2758	2.0789	700	700.14	953.67	
900467	50	695.0	700.2	518.3	699.8	337.2	2.44	4.58	0	-	61	4.06	5.5	21.6	0.0	0.0	56.25	47	1.2758	2.0789	700	700.14	984.84	
901018	50	694.2	699.2	518.0	699.2	337.2	1.75	4.58	0	-	61	2.19	5.5	21.6	0.0	0.0	24.40	47	1.2758	2.0789	700	699.93	978.75	
901603	50	693.4	698.2	517.3	698.2	336.8	1.25	4.58	0	-	61	0.56	5.5	21.6	0.0	0.0	12.47	47	1.2758	2.0789	695	699.83	962.11	
902197	50	692.7	697.5	517.0	697.5	337.2	0.56	4.58	0	-	60	0.31	5.5	21.6	0.0	0.0	16.69	47	1.2758	2.0789	695	699.74	956.48	
902817	50	692.1	696.8	516.8	697.2	336.5	0.88	4.58	0	-	60	0.56	5.5	21.6	0.0	0.0	17.77	47	1.2758	2.0789	695	699.65	956.25	
903438	50	691.6	695.8	516.6	695.8	336.8	1.06	4.58	0	-	59	0.56	5.5	21.6	0.0	0.0	17.81	47	1.2758	2.0789	695	699.53	961.80	
903965	50	691.2	695.2	516.1	695.2	336.8	1.06	4.58	0	-	59	0.56	5.5	21.6	0.0	0.0	17.91	47	1.2758	2.0789	695	699.44	962.50	
904507	50	690.9	694.2	515.5	694.2	336.8	1.06	4.58	0	-	58	0.56	5.5	21.6	0.0	0.0	17.86	47	1.2758	2.0789	695	699.34	962.81	
905038	50	690.6	692.8	514.8	692.8	336.8	1.06	4.58	0	-	57	0.56	5.5	21.6	0.0	0.0	17.86	47	1.2758	2.0789	695	699.25	963.28	
905584	50	690.4	691.8	514.1	692.2	336.5	1.25	4.58	0	-	55	0.31	5.5	21.6	0.0	0.0	17.65	47	1.2758	2.0789	695	699.04	962.03	
906155	50	690.2	690.5	513.5	690.5	336.2	1.44	4.58	0	-	53	0.31	5.5	21.6	0.0	0.0	17.53	47	1.2758	2.0789	695	698.94	961.64	
906679	51	690.1	689.2	512.8	689.2	336.2	1.25	4.58	0	-	52	0.31	5.5	21.6	0.0	0.0	18.45	47	1.2758	2.0789	695	698.85	960.16	
907223	51	690.0	687.8	512.3	687.8	336.2	1.56	4.58	0	-	52	0.56	5.5	21.6	0.0	0.0	11.20	47	1.2758	2.0789	695	698.64	957.81	
907800	51	689.8	686.5	511.5	686.5	336.5	1.06	4.58	0	-	51	1.12	5.5	21.6	0.0	0.0	13.55	47	1.2758	2.0789	695	698.55	958.20	
908416	51	689.6	684.5	510.8	684.8	336.2	2.25	4.58	0	-	51	2.44	5.5	21.6	0.0	0.0	45.07	47	1.2758	2.0789	695	698.33	957.81	
909080	51	689.2	683.2	509.8	683.5	336.2	3.00	4.58	0	-	52	5.94	5.5	21.6	0.0	0.0	64.27	47	1.2758	2.0789	695	698.03	999.45	
909505	51	688.5	682.5	509.5	682.5	336.2	3.31	4.58	0	-	53	7.56	5.5	21.6	0.0	0.0	66.16	47	1.2758	2.0789	695	697.84	1,028.28	
909984	51	687.6	682.2	509.2	681.8	336.2	3.50	4.58	0	-	54	8.38	5.5	21.6	0.0	0.0	71.04	47	1.2758	2.0789	695	697.54	1,061.95	
910601	51	686.5	681.5	508.8	681.5	336.2	3.12	4.58	0	-	54	6.75	5.5	21.6	0.0	0.0	36.75	47	1.2758	2.0789	695	697.14	1,033.98	
911147	50	685.7	681.8	509.0	681.8	336.5	1.06	4.58	0	-	55	1.12	5.5	21.2	0.0	0.0	15.94	47	1.2758	2.0711	695	696.83	982.03	
911678	50	685.0	682.5	509.3	682.5	336.2	1.44	4.58	0	-	54	0.31	5.5	21.6	0.0	0.0	12.19	47	1.2758	2.0875	695	696.65	963.98	
912221	50	684.3	683.5	509.8	683.5	335.8	1.06	4.58	0	-	54	0.81	5.5	21.6	0.0	0.0	17.81	47	1.2758	2.0797	695	696.34	960.31	
912786	50	683.7	684.2	510.0	683.8	336.5	2.25	4.58	0	-	53	0.81	5.5	21.2	0.0	0.0	32.16	47	1.2758	2.0719	695	696.13	949.77	
913447	50	683.0	683.8	510.2	684.5	336.5	3.31	4.58	0	-	53	5.44	5.5	21.6	0.0	0.0	72.61	47	1.2758	2.0883	695	695.73	1,016.09	
913984	50	682.1	684.5	510.6	684.5	336.2	3.50	4.58	0	-	54	6.25	5.5	21.6	0.0	0.0	75.47	47	1.2758	2.0883	695	695.33	1,069.14	
914536	50	680.9	684.8	510.3	684.8	336.2	4.00	4.58	0	-	55	10.56	5.5	21.6	0.0	0.0	77.62	47	1.2758	2.0883	690	694.75	1,162.58	
915044	50	679.9	685.5	511.0	685.5	336.2	6.44	4.58	0	-	55	13.81	5.5	21.6	0.0	0.0	78.73	47	1.2758	2.0883	690	694.14	1,256.41	
915580	50	679.2	686.5	511.5	686.5	336.2	8.38	4.58	0	-	57	17.56	5.5	21.2	0.0	0.0	92.51	47	1.2758	2.0633	690	693.44	1,349.84	
916092	50	678.5	687.8	512.0	687.8	336.5	13.94	4.58	0	-	58	35.94	5.5	21.2	0.0	0.0	130.29	47	1.2758	2.0719	690	692.64	1,823.12	
916661	50	677.6	690.2	513.1	690.2	336.2	19.44	4.58	0	-	61	57.25	5.5	21.6	0.0	0.0	145.55	47	1.2758	2.0797	690	691.35	1,980.86	
917219	50	676.5	692.5	514.5	693.2	336.5	23.62	4.58	0	-	64	71.31	5.5	21.6	0.0	0.0	151.36	47	1.2758	2.0867	690	689.85	2,015.31	
917861	49	676.0	696.8	516.6	697.2	336.5	24.50	4.58	0	-	68	75.06	5.5	21.6	0.0	0.0	88.57	47	1.2758	2.1023	685	688.35	1,290.55	
918422	49	676.7	701.2	518.5	701.5	336.8	3.50	4.58	0	-	69	5.94	5.5	22.0	0.0	0.0	25.29	47	1.2758	2.1094	685	687.13	1,005.31	
918974	48	677.4	706.2	521.5	706.5	337.2	2.12	4.58	0	-	68	1.38	5.5	22.0	0.0	0.0	11.46	47	1.2758	2.1094	685	686.43	964.22	
919510	47	678.1	711.2	524.1	711.5	337.5	0.38	4.58	0	-	68	1.94	5.5	22.0	0.0	0.0	25.95	47	1.2758	2.1016	685	685.63	930.55	
920063	48	678.9	715.5	526.3	716.2	337.5	6.12	4.58	0	-	69	12.19	5.5	22.0	0.0	0.0	71.39	47	1.2758	2.1094	685	684.93	1,049.38	
920599	48	680.2	719.5	528.1	719.8	337.5	13.56	4.58	0	-	70	37.00	5.5	22.0	0.0	0.0	119.44	47	1.2758	2.1094	680	684.25	1,713.67	
921153	49	682.4	723.5	530.5	723.5	338.2	21.75	4.58	0	-	73	63.75	5.5	22.0	0.0	0.0	129.63	47	1.2758	2.1094	680	683.55	1,752.11	
921691	49	684.8	726.8	532.3	727.2	338.5	22.75	4.58	0	-	76	67.81	5.5	22.0	0.0	0.0	128.91	47	1.2758	2.1172	680	683.24	1,743.12	
922317	49	688.4	731.8	534.6	731.5	338.5	18.62	4.58	0	-	78	46.44	5.5	22.0	0.0	0.0	50.11	47	1.2758	2.1156	680	683.24	1,110.78	
922972	48	691.9	736.2	537.1	736.5	339.2	2.25	4.58	0	-	78	3.81	5.5	22.4	0.0	0.0	15.49	47	1.2758	2.1156	680	683.43	976.80	
923505	48	694.1	740.5	539.7	740.5	339.2	3.69	4.58	0	-	78	2.19	5.5	22.0	0.0	0.0	11.77	47	1.2758	2.1156	680	683.55	956.48	
924072	48	696.6	745.8	542.0	745.8	339.8	2.62	4.58	0	-	77	1.94	5.5	22.4	0.0	0.0	17.58	47	1.2758	2.1234	680	683.73	959.92	
924628	48	698.4	748.8	544.1	748.8	339.5	1.94	4.58	0	-	76	2.44	5.5	22.4	0.0	0.0	17.30	47	1.2758	2.1312	680	683.94	978.91	
925154	48	700.1	751.5	545.5	751.5	340.2	1.44	4.58	0	-	75	2.44	5.5	22.4	0.0	0.0	17.62	47	1.2758	2.1305	680	684.04	985.55	
925674	48	701.5	752.8	546.5	753.2	339.8	1.94	4.58	0	-	74	1.62	5.5	22.7	0.0	0.0	19.29	44	1.2758	2.1383	680	684.25	970.39	
926246	49	703.4	754.5	547.3	754.8	340.2	5.94	4.58	0	-	75	11.06	5.5	22.4	0.0	0.0	53.58	44	1.2758	2.1297	680	684.44	987.03	
926812	49	705.1	755.5	547.8	755.5	340.8	2.62	4.58	0	-	75	4.62	5.5	22.4	0.0	0.0	18.59	44	1.2758	2.1367	680	684.74	976.48	
927344	49	706.5	755.8	548.0	755.8	340.8	1.94	4.58	0	-	75	0.31	5.5	22.4	0.0	0.0	18.68	44	1.2758	2.1367	685	685.05	966.56	
927887	49	707.6	756.5	549.0	756.8	340.8	0.88	4.58	0	-	74	1.12	5.5	22.7	0.0	0.0	17.13	44	1.2758	2.1445	685	685.35	962.73	
928430	49	708.6	757.2	548.8	756.8	341.2	1.06	4.58	0	-	73	1.12	5.5	22.7	0.0	0.0	18.21	43	1.2758	2.1445	685	685.54	961.02	
929028	49	709.6	757.2	549.2	757.2	341.2	0.56	4.58	0	-	72	1.12	5.5	22.7	0.0	0.0	17.74	43	1.2758	2.1523	685	685.84	966.80	
929559	49	710.4	756.8	549.0	756.8	341.5	0.56	4.58	0	-	72	1.12	5.5	22.7	0.0	0.0	17.46	43	1.2758	2.1523	685	686.03	967.50	
930105	50	711.2	755.5	548.8	755.8	341.2	0.69	4.58	0	-	71	1.12	5.5	22.7	0.0	0.0	17.79	43	1.2758	2.1523	685	686.24	967.66	
930650	50	711.9	754.8	548.1	754.8	341.2	0.88	4.58	0	-	70	0.81	5.5	22.7	0.0	0.0	17.46	43	1.2758	2.1445	685	686.55	966.33	
931238	50	712.6	753.5	547.6	753.2	341.5	1.06	4.58	0	-	69	0.56	5.5	22.7	0.0	0.0	17.32	43	1.2758	2.1445	685	686.73	964.53	
931868	50	713.3	751.8	546.6	751.5	341.8	1.06	4.58	0	-	69	0.56	5.5	22.7	0.0	0.0	17.04	43	1.2758	2.1445	685	686.94	963.98	
932585	50	713.9	749.5	545.8	749.2	341.5	1.06	4.58	0	-	68	0.56	5.5	22.4	0.0	0.0	17.27	43	1.2758	2.1367	685	687.25	963.20	
933170	50	714.5	747.5	544.5	747.5	341.5	1.25	4.58	0	-	67	0.56	5.5	22.4	0.0	0.0	17.18	43	1.2758	2.1531	685	687.44	962.58	
933683	51	714.9	745.2	543.5	744.8	341.8	1.25	4.58	0	-	66	0.31	5.5	22.7	0.0	0.0	17.48	43	1.2758	2.1461	685	687.74	962.11	
934279	51	715.5	742.5	542.3	742.2	341.5	1.06	4.58	0	-	66	0.31	5.5	22.7	0.0	0.0	17.65	43	1.2758	2.1461	685	687.93	961.72	
934861	51	715.9	740.2	541.0	739.8	341.8	1.25	4.58	0	-	65	0.31	5.5	22.7	0.0	0.0	17.46	43	1.2758	2.1383	685	688.23	961.33	
935438	51	716.3	737.5	539.6	737.5	341.5	1.25	4.58	0	-	64	0.56	5.5	22.7	0.0	0.0	11.30	43	1.2758	2.1469	685	688.54	959.14	
935972	51	716.7	735.5	538.5	735.5	341.5	1.06	4.58	0	-	64	0.56	5.5	22.7	0.0	0.0	17.62	43	1.2758	2.1469	685	688.75	961.56	
936511	51	717.0	732.8	537.1	732.8	341.5	0.88	4.58	0	-	63	0.81	5.5	22.7	0.0	0.0	18.35	43	1.2758	2.1469	685	689.03	962.73	
937042	51	717.3	730.5	535.8	730.2	341.2	0.88	4.58	0	-	62	0.81	5.5	22.7	0.0	0.0	18.07	43	1.2758	2.1469	685	689.24	963.52	
937620	51	717.7	727.8	535.0	727.8	341.5	1.06	4.58	0	-	61	0.81	5.5	22.7	0.0	0.0	18.05	43	1.2758	2.1469	685	689.55	964.22	
938191	51	718.0	725.5	533.3	725.2	341.5	1.06	4.58	0	-	60	0.56	5.5	22.7	0.0	0.0	18.26	43	1.2758	2.1469	685	689.73	964.14	
938723	51	718.3	722.5	532.1	722.2	341.5	1.06	4.58	0	-	60	0.56	5.5	22.7	0.0	0.0	18.26	43	1.2758	2.1469	690	690.04	963.67	
939294	52	718.6	720.5	531.2	719.8	341.2	1.06	4.58	0	-	59	0.56	5.5	22.7	0.0	0.0	18.38	43	1.2758	2.1469	690	690.25	963.75	
939839	52	718.8	717.5	529.8	717.2	341.2	1.06	4.58	0	-	58	0.56	5.5	22.7	0.0	0.0	18.68	43	1.2758	2.1469	690	690.44	962.73	
940380	52	719.1	715.2	528.3	715.2	341.5	1.25	4.58	0	-	57	0.56	5.5	22.7	0.0	0.0	18.59	43	1.2758	2.1469	690	690.65	962.66	
940917	52	719.3	712.5	527.1	712.8	341.2	1.25	4.58	0	-	56	0.56	5.5	22.7	0.0	0.0	18.56	43	1.2758	2.1469	690	690.83	962.11	
941482	52	719.5	710.5	526.0	710.5	340.8	1.25	4.58	0	-	56	0.56	5.5	22.7	0.0	0.0	18.54	43	1.2758	2.1469	690	691.05	961.95	
941993	52	719.7	708.8	525.0	708.5	340.8	1.25	4.58	0	-	55	0.56	5.5	22.7	0.0	0.0	18.47	43	1.2758	2.1469	690	691.23	961.41	
942688	52	720.0	705.8	523.6	706.2	340.5	1.44	4.58	0	-	54	0.56	5.5	22.7	0.0	0.0	18.42	43	1.2758	2.1469	690	691.54	960.86	
943210	52	720.1	704.2	522.8	703.8	340.8	1.44	4.58	0	-	53	0.31	5.5	22.7	0.0	0.0	18.47	43	1.2758	2.1469	690	691.63	960.62	
943770	52	720.3	701.2	521.3	701.5	340.8	1.44	4.58	0	-	52	0.31	5.5	22.7	0.0	0.0	18.42	43	1.2758	2.1469	690	691.84	959.92	
944334	52	720.5	699.2	520.0	699.2	341.2	1.44	4.58	0	-	51	0.31	5.5	22.7	0.0	0.0	18.59	43	1.2758	2.1469	690	692.03	959.22	
944889	52	720.6	696.8	519.1	696.8	340.8	1.44	4.58	0	-	51	0.31	5.5	22.7	0.0	0.0	18.54	43	1.2758	2.1469	690	692.24	958.91	
945398	52	720.7	695.2	518.1	695.2	340.5	1.56	4.58	0	-	50	0.00	5.5	22.7	0.0	0.0	18.66	43	1.2758	2.1469	690	692.33	958.36	
945982	52	720.8	693.2	517.1	693.2	340.8	1.56	4.58	0	-	49	0.00	5.5	22.7	0.0	0.0	18.33	43	1.2758	2.1469	690	692.43	957.73	
946586	52	720.9	690.8	516.0	690.5	340.8	1.56	4.58	0	-	48	0.56	5.5	22.7	0.0	0.0	18.40	43	1.2758	2.1469	690	692.64	957.03	
947137	52	721.0	689.2	515.2	689.2	341.2	1.56	4.58	0	-	47	0.56	5.5	22.7	0.0	0.0	34.38	43	1.2758	2.1469	690	692.73	946.25	
947716	53	721.0	686.8	513.6	686.2	340.8	3.12	4.58	0	-	47	4.06	5.5	22.7	0.0	0.0	69.33	43	1.2758	2.1469	690	692.94	983.44	
948252	53	721.0	684.8	512.8	684.8	340.5	3.31	4.58	0	-	47	5.69	5.5	22.7	0.0	0.0	80.30	43	1.2758	2.1469	690	693.13	1,042.73	
948846	53	721.0	683.5	512.3	683.2	340.5	3.69	4.58	0	-	48	7.31	5.5	22.7	0.0	0.0	88.97	43	1.2758	2.1469	690	693.53	1,120.86	
949390	52	721.0	682.2	511.5	682.5	340.5	5.06	4.58	0	-	48	12.19	5.5	22.7	0.0	0.0	99.30	43	1.2758	2.1469	690	693.93	1,219.06	
949919	52	721.0	681.5	511.0	681.8	340.8	5.56	4.58	0	-	49	15.12	5.5	22.7	0.0	0.0	104.93	43	1.2758	2.1469	690	694.44	1,269.69	
950457	51	721.1	681.2	511.0	681.5	340.5	5.56	4.58	0	-	50	15.12	5.5	22.7	0.0	0.0	103.03	43	1.2758	2.1469	695	694.94	1,282.66	
950989	51	721.3	681.5	511.3	681.5	340.8	5.56	4.58	0	-	51	16.50	5.5	22.4	0.0	0.0	100.27	43	1.2758	2.1305	695	695.43	1,254.14	
951595	50	721.6	682.8	511.8	682.8	340.8	5.38	4.58	0	-	52	16.75	5.5	22.4	0.0	0.0	97.64	43	1.2758	2.1305	695	696.04	1,221.09	
952288	50	721.9	684.2	512.5	684.2	340.8	5.06	4.58	0	-	53	16.50	5.5	22.4	0.0	0.0	95.41	43	1.2758	2.1305	695	696.83	1,197.58	
952814	50	722.4	685.8	513.3	685.8	341.2	5.38	4.58	0	-	54	17.00	5.5	22.4	0.0	0.0	95.09	43	1.2758	2.1305	695	697.44	1,210.08	
953372	49	722.6	688.2	514.1	688.2	341.5	2.62	4.58	0	-	54	10.81	5.5	22.4	0.0	0.0	37.10	43	1.2758	2.1305	695	697.94	1,062.66	
953870	49	722.6	690.2	515.6	690.2	341.2	1.06	4.58	0	-	54	1.38	5.5	22.7	0.0	0.0	16.76	43	1.2758	2.1469	695	698.33	992.11	
954430	49	722.6	692.5	516.8	692.5	341.5	1.75	4.58	0	-	53	0.56	5.5	22.7	0.0	0.0	12.84	43	1.2758	2.1391	695	698.73	966.64	
954950	49	722.5	694.5	518.0	694.8	341.5	1.75	4.58	0	-	53	0.31	5.5	22.7	0.0	0.0	11.77	43	1.2758	2.1391	695	699.04	956.33	
955511	49	722.4	696.5	519.0	696.5	341.5	1.75	4.58	0	-	52	0.00	5.5	22.7	0.0	0.0	12.05	43	1.2758	2.1391	695	699.34	955.23	
956102	49	722.3	697.5	519.3	698.2	341.5	2.12	4.58	0	-	51	0.31	5.5	22.7	0.0	0.0	12.56	43	1.2758	2.1391	695	699.74	952.50	
956703	49	722.1	698.2	519.7	698.2	341.2	1.25	4.58	0	-	50	0.31	5.5	22.7	0.0	0.0	12.49	43	1.2758	2.1391	700	700.14	950.55	
957238	49	722.0	698.8	520.0	699.2	341.5	1.94	4.58	0	-	49	0.31	5.5	22.7	0.0	0.0	12.26	43	1.2758	2.1391	700	700.54	949.84	
957800	49	721.8	698.8	520.3	699.2	341.5	1.44	4.58	0	-	49	0.00	5.5	22.4	0.0	0.0	12.54	43	1.2758	2.1312	700	700.84	949.06	
958370	49	721.6	698.5	520.1	698.5	341.5	1.06	4.58	0	-	48	0.00	5.5	22.4	0.0	0.0	12.52	43	1.2758	2.1312	700	701.24	948.52	
958908	50	721.4	698.2	520.0	698.2	341.8	2.12	4.58	0	-	47	0.00	5.5	22.4	0.0	0.0	12.47	43	1.2758	2.1312	700	701.55	948.36	
959508	50	721.2	697.2	519.5	696.8	341.5	1.56	4.58	0	-	46	0.31	5.5	22.4	0.0	0.0	12.63	43	1.2758	2.1312	700	701.85	948.12	
960040	50	721.0	696.2	519.1	696.5	341.8	1.56	4.58	0	-	46	-0.19	5.5	22.4	0.0	0.0	13.69	43	1.2758	2.1312	700	702.13	948.20	
960591	50	720.8	695.5	518.6	695.2	341.8	0.56	4.58	0	-	45	0.31	5.5	22.4	0.0	0.0	14.06	43	1.2758	2.1312	700	702.44	949.06	
961119	50	720.6	694.2	518.0	694.2	341.8	1.44	4.58	0	-	44	0.31	5.5	22.4	0.0	0.0	16.69	43	1.2758	2.1234	700	702.74	952.03	
961694	50	720.4	692.5	517.1	692.5	341.8	1.44	4.58	0	-	43	0.31	5.5	22.7	0.0	0.0	17.09	43	1.2758	2.1328	700	702.93	954.45	
962323	51	720.3	691.2	516.6	690.8	341.8	1.44	4.58	0	-	42	0.31	5.5	22.4	0.0	0.0	17.16	43	1.2758	2.1328	700	703.23	955.86	
962885	51	720.1	689.5	516.0	689.5	341.8	1.56	4.58	0	-	41	0.31	5.5	22.4	0.0	0.0	16.92	43	1.2758	2.1250	700	703.44	956.33	
963470	51	720.0	687.5	514.8	687.5	341.8	1.56	4.58	0	-	40	0.31	5.5	22.4	0.0	0.0	16.88	43	1.2758	2.1250	700	703.75	956.25	
963998	51	719.9	685.8	514.3	685.8	341.8	1.56	4.58	0	-	39	0.00	5.5	22.4	0.0	0.0	16.92	43	1.2758	2.1250	700	703.94	956.09	
964581	51	719.7	684.2	513.3	684.2	341.8	1.56	4.58	0	-	38	0.00	5.5	22.4	0.0	0.0	16.92	43	1.2758	2.1250	700	704.15	955.55	
965137	51	719.6	682.8	512.7	682.2	342.5	1.75	4.58	0	-	37	0.31	5.5	22.4	0.0	0.0	16.78	43	1.2758	2.1250	700	704.24	955.08	
965742	51	719.5	681.2	511.6	681.2	341.8	2.81	4.58	0	-	36	0.56	5.5	22.4	0.0	0.0	12.84	43	1.2758	2.1250	700	704.43	953.75	
966303	51	719.4	679.5	511.0	679.5	341.8	1.94	4.58	0	-	35	0.81	5.5	22.4	0.0	0.0	39.47	43	1.2758	2.1250	700	704.55	945.16	
966876	52	719.1	677.8	510.0	677.8	341.8	3.00	4.58	0	-	35	4.31	5.5	22.4	0.0	0.0	62.16	43	1.2758	2.1250	700	704.73	973.67	
967395	52	718.6	676.5	509.3	676.5	342.2	3.12	4.58	0	-	36	6.25	5.5	22.4	0.0	0.0	72.33	43	1.2758	2.1250	705	704.94	1,040.86	
967952	52	718.1	675.5	508.6	675.8	341.8	3.81	4.58	0	-	36	8.12	5.5	22.4	0.0	0.0	75.96	43	1.2758	2.1250	705	705.13	1,090.94	
968467	52	717.6	674.8	508.6	675.2	342.2	3.50	4.58	0	-	37	8.12	5.5	22.4	0.0	0.0	76.64	43	1.2758	2.1250	705	705.34	1,114.61	
969023	52	717.1	674.8	508.5	675.2	341.8	3.81	4.58	0	-	38	9.75	5.5	22.4	0.0	0.0	76.66	43	1.2758	2.1250	705	705.44	1,123.36	
969624	51	716.5	675.5	508.6	675.5	342.5	3.50	4.58	0	-	38	9.19	5.5	22.0	0.0	0.0	76.05	43	1.2758	2.1172	705	705.65	1,133.20	
970122	51	716.0	676.2	509.2	676.2	342.2	4.38	4.58	0	-	39	10.56	5.5	22.0	0.0	0.0	79.97	43	1.2758	2.1172	705	705.74	1,176.33	
970682	51	715.4	677.5	509.8	677.2	342.5	4.19	4.58	0	-	40	11.38	5.5	22.0	0.0	0.0	84.45	43	1.2758	2.1172	705	705.74	1,210.00	
971229	51	714.9	678.5	510.5	678.8	342.5	4.88	4.58	0	-	41	13.00	5.5	22.0	0.0	0.0	85.80	43	1.2758	2.1172	705	705.83	1,231.17	
971920	51	714.3	680.8	511.5	680.5	342.5	4.69	4.58	0	-	42	13.25	5.5	22.0	0.0	0.0	83.04	43	1.2758	2.1094	705	705.83	1,102.34	
972437	50	713.9	682.8	512.6	682.5	342.8	2.44	4.58	0	-	42	3.81	5.5	22.4	0.0	0.0	26.13	43	1.2758	2.1258	705	705.83	1,021.56	
973005	50	713.3	685.8	514.0	685.8	342.5	1.25	4.58	0	-	41	0.81	5.5	22.4	0.0	0.0	14.04	43	1.2758	2.1180	705	705.83	971.33	
973579	49	712.8	687.8	515.5	687.8	342.8	2.25	4.58	0	-	40	2.19	5.5	22.4	0.0	0.0	44.74	43	1.2758	2.1180	705	705.83	970.16	
974142	50	712.1	690.2	516.6	690.5	342.8	3.12	4.58	0	-	40	5.94	5.5	22.0	0.0	0.0	65.02	43	1.2758	2.1102	705	705.93	1,013.75	
974691	50	711.3	691.8	517.3	692.2	342.8	3.69	4.58	0	-	40	8.12	5.5	22.0	0.0	0.0	74.09	43	1.2758	2.1102	705	705.93	1,091.80	
975205	50	710.5	693.5	518.1	693.8	342.8	4.19	4.58	0	-	41	10.56	5.5	22.0	0.0	0.0	79.27	43	1.2758	2.1102	705	705.83	1,133.28	
975794	50	709.8	696.2	519.2	696.2	343.5	4.38	4.58	0	-	42	11.62	5.5	22.0	0.0	0.0	78.84	43	1.2758	2.1102	705	705.74	1,147.89	
976336	50	709.3	697.5	520.5	697.5	343.2	4.19	4.58	0	-	43	12.44	5.5	22.0	0.0	0.0	58.73	43	1.2758	2.1102	705	705.65	1,071.80	
976866	50	708.8	699.5	520.8	699.5	343.2	2.25	4.58	0	-	43	3.81	5.5	22.0	0.0	0.0	45.33	43	1.2758	2.1102	705	705.53	1,024.84	
977456	50	708.1	702.2	522.3	702.5	343.5	3.69	4.58	0	-	43	7.88	5.5	22.0	0.0	0.0	69.12	43	1.2758	2.1102	705	705.44	1,069.61	
978033	50	707.4	704.5	523.1	704.2	343.5	4.19	4.58	0	-	43	10.00	5.5	22.0	0.0	0.0	44.23	43	1.2758	2.1102	705	705.25	1,054.14	
978568	50	706.6	706.5	524.7	706.5	343.5	1.44	4.58	0	-	43	1.94	5.5	22.0	0.0	0.0	17.72	43	1.2758	2.1102	705	705.13	988.05	
979144	50	706.0	708.8	526.3	709.5	343.8	0.69	4.58	0	-	42	0.81	5.5	22.0	0.0	0.0	11.95	43	1.2758	2.1102	705	705.04	963.67	
979705	50	705.5	711.2	527.5	711.2	343.8	1.44	4.58	0	-	41	0.81	5.5	22.0	0.0	0.0	16.64	43	1.2758	2.1102	705	705.04	958.75	
980269	50	705.0	712.5	528.1	712.8	343.8	0.88	4.58	0	-	40	0.81	5.5	22.4	0.0	0.0	17.11	43	1.2758	2.1266	705	704.94	962.11	
980819	50	704.6	713.8	528.8	713.8	343.5	1.06	4.58	0	-	38	0.81	5.5	22.4	0.0	0.0	17.39	43	1.2758	2.1188	705	704.94	963.12	
981517	50	704.2	714.2	529.1	714.2	343.8	1.06	4.58	0	-	37	0.81	5.5	22.4	0.0	0.0	17.23	43	1.2758	2.1188	705	704.94	962.73	
982055	51	703.9	714.2	529.1	714.5	343.8	1.06	4.58	0	-	36	0.56	5.5	22.4	0.0	0.0	17.30	43	1.2758	2.1188	705	704.94	961.88	
982615	51	703.6	714.2	529.2	714.2	344.2	1.25	4.58	0	-	35	0.56	5.5	22.0	0.0	0.0	17.39	43	1.2758	2.1109	705	704.94	961.33	
983257	51	703.3	713.5	528.6	713.5	343.8	1.44	4.58	0	-	33	0.56	5.5	22.0	0.0	0.0	17.18	43	1.2758	2.1109	705	704.94	960.47	
983789	51	703.1	712.5	528.3	712.5	343.8	1.44	4.58	0	-	32	0.31	5.5	22.0	0.0	0.0	17.39	43	1.2758	2.1031	705	704.94	959.38	
984373	51	702.9	711.5	528.0	711.2	344.5	1.56	4.58	0	-	30	0.00	5.5	22.0	0.0	0.0	17.48	43	1.2758	2.1031	705	704.94	957.81	
984938	51	702.8	710.2	527.5	710.2	344.5	1.56	4.58	0	-	26	-0.19	5.5	22.0	0.0	0.0	16.76	43	1.2758	2.1031	705	704.94	956.64	
985526	51	702.6	708.8	526.5	708.8	344.2	1.44	4.58	0	-	25	0.31	5.5	21.6	0.0	0.0	17.30	43	1.2758	2.0945	705	704.94	957.19	
986115	52	702.4	707.2	525.8	707.2	344.5	1.44	4.58	0	-	24	0.56	5.5	22.0	0.0	0.0	17.81	43	1.2758	2.1117	705	704.94	952.11	
986681	52	702.2	705.5	525.1	705.5	344.5	2.25	4.58	0	-	24	1.62	5.5	22.0	0.0	0.0	46.36	43	1.2758	2.1039	705	704.94	953.52	
987279	52	701.8	704.2	524.6	704.2	344.8	3.00	4.58	0	-	25	4.62	5.5	22.0	0.0	0.0	66.35	43	1.2758	2.1039	705	704.94	988.52	
987863	52	701.2	702.5	523.5	702.5	344.5	3.50	4.58	0	-	26	7.31	5.5	22.0	0.0	0.0	72.02	43	1.2758	2.1039	700	704.85	1,065.47	
988437	52	700.4	701.5	523.3	701.5	345.5	4.56	4.58	0	-	28	10.81	5.5	21.6	0.0	0.0	79.22	43	1.2758	2.0953	700	704.55	1,152.27	
989026	52	699.7	701.2	523.1	701.2	344.8	6.44	4.58	0	-	30	17.56	5.5	21.6	0.0	0.0	106.52	43	1.2758	2.0953	700	704.24	1,364.69	
989630	52	698.8	701.5	523.1	700.8	344.8	11.31	4.58	0	-	33	29.44	5.5	22.0	0.0	0.0	122.09	43	1.2758	2.1039	700	703.75	1,625.23	
990215	52	697.8	701.5	523.3	701.5	345.2	14.94	4.58	0	-	37	38.62	5.5	21.6	0.0	0.0	132.14	43	1.2758	2.0945	700	703.05	1,719.53	
990754	52	696.7	702.8	524.0	703.2	345.5	17.19	4.58	0	-	41	45.38	5.5	22.0	0.0	0.0	130.17	43	1.2758	2.1031	700	702.25	1,762.73	
991292	52	695.7	704.5	525.0	704.8	345.8	19.31	4.58	0	-	45	56.19	5.5	22.0	0.0	0.0	118.05	43	1.2758	2.1023	700	701.43	1,396.41	
991915	51	694.9	706.5	526.0	706.8	345.8	4.56	4.58	0	-	46	9.50	5.5	22.0	0.0	0.0	25.41	43	1.2758	2.1016	700	700.63	1,005.16	
992491	50	694.5	710.2	527.8	710.5	345.5	1.75	4.58	0	-	46	1.62	5.5	22.0	0.0	0.0	12.42	43	1.2758	2.1016	700	699.93	962.42	
993008	49	694.2	713.5	529.5	713.5	346.5	4.56	4.58	0	-	45	0.81	5.5	22.4	0.0	0.0	15.16	43	1.2758	2.1180	695	699.53	954.22	
993548	50	694.0	716.2	531.1	716.2	346.2	1.25	4.58	0	-	44	1.12	5.5	22.4	0.0	0.0	17.88	43	1.2758	2.1180	695	699.04	956.64	
994122	50	693.9	718.5	532.5	718.5	346.5	0.69	4.58	0	-	43	1.38	5.5	22.0	0.0	0.0	17.32	43	1.2758	2.1094	695	698.64	963.98	
994593	50	693.9	720.2	533.1	719.8	346.5	0.69	4.58	0	-	41	1.12	5.5	22.0	0.0	0.0	17.37	43	1.2758	2.1094	695	698.43	965.00	
995066	50	693.8	721.5	534.0	721.5	346.8	0.88	4.58	0	-	40	1.12	5.5	22.0	0.0	0.0	17.20	43	1.2758	2.1094	695	698.15	965.08	
995555	51	693.8	722.5	534.5	722.2	347.2	0.88	4.58	0	-	39	0.81	5.5	22.0	0.0	0.0	17.13	43	1.2758	2.1172	695	697.84	964.53	
996039	51	693.9	722.5	534.7	722.5	347.2	1.25	4.58	0	-	38	0.56	5.5	22.0	0.0	0.0	17.09	43	1.2758	2.1000	695	697.54	962.66	
996531	51	693.9	722.5	534.8	722.5	347.2	1.56	4.58	0	-	37	0.31	5.5	22.0	0.0	0.0	16.50	43	1.2758	2.1000	695	697.35	959.06	
997068	51	694.0	722.2	534.8	721.8	347.2	1.56	4.58	0	-	36	0.00	5.5	22.0	0.0	0.0	14.77	43	1.2758	2.1000	695	697.14	956.88	
997539	51	694.0	721.8	534.5	721.8	347.2	1.25	4.58	0	-	36	0.56	5.5	22.0	0.0	0.0	11.51	43	1.2758	2.1000	695	696.93	954.14	
998014	51	694.1	721.2	534.0	721.2	347.5	1.56	4.58	0	-	35	0.56	5.5	22.0	0.0	0.0	12.26	43	1.2758	2.1000	695	696.74	952.19	
998482	51	694.1	719.8	533.7	719.8	347.8	1.56	4.58	0	-	34	0.56	5.5	22.0	0.0	0.0	12.40	43	1.2758	2.1000	695	696.65	950.86	
998974	52	694.1	718.5	533.0	718.5	347.5	1.25	4.58	0	-	34	0.56	5.5	22.0	0.0	0.0	12.42	43	1.2758	2.1172	695	696.44	950.31	
999503	52	694.1	717.2	532.6	717.2	347.5	1.25	4.58	0	-	33	0.56	5.5	22.0	0.0	0.0	12.33	43	1.2758	2.1172	695	696.34	949.61	
1000030	52	694.1	715.8	532.0	715.8	347.8	1.44	4.58	0	-	32	0.31	5.5	22.0	0.0	0.0	12.42	43	1.2758	2.1094	695	696.25	948.83	
1000582	52	694.1	714.5	531.3	714.5	347.8	1.75	4.58	0	-	32	0.31	5.5	22.0	0.0	0.0	12.59	43	1.2758	2.1094	695	696.13	948.28	
1001101	52	694.1	713.5	530.8	713.2	348.2	1.44	4.58	0	-	31	0.31	5.5	22.0	0.0	0.0	12.49	43	1.2758	2.1016	695	696.13	948.12	
1001563	52	694.1	711.5	530.0	711.5	348.2	1.56	4.58	0	-	29	0.31	5.5	22.4	0.0	0.0	12.89	43	1.2758	2.1180	695	696.04	947.50	
1002022	52	694.1	709.5	529.1	709.8	348.2	1.56	4.58	0	-	27	0.31	5.5	22.4	0.0	0.0	12.63	43	1.2758	2.1180	695	695.94	947.03	
1002494	52	694.0	708.5	528.7	708.2	348.5	1.56	4.58	0	-	25	0.31	5.5	22.4	0.0	0.0	12.63	43	1.2758	2.1180	695	695.94	946.48	
1003011	52	694.0	706.8	527.7	706.5	348.5	1.75	4.58	0	-	24	0.31	5.5	22.4	0.0	0.0	17.18	43	1.2758	2.1180	695	695.94	946.41	
1003538	52	693.9	705.2	526.6	704.8	348.5	1.75	4.58	0	-	23	0.31	5.5	22.4	0.0	0.0	17.60	43	1.2758	2.1180	695	695.85	946.80	
1004000	53	693.9	703.2	526.0	703.2	348.5	1.75	4.58	0	-	22	0.56	5.5	22.4	0.0	0.0	16.22	43	1.2758	2.1180	695	695.85	946.88	
1004477	53	693.8	701.5	525.1	701.5	348.8	1.56	4.58	0	-	20	0.31	5.5	22.4	0.0	0.0	16.76	43	1.2758	2.1180	695	695.73	946.64	
1004987	53	693.7	699.8	524.5	699.5	348.5	1.75	4.58	0	-	17	0.00	5.5	22.4	0.0	0.0	17.18	43	1.2758	2.1180	695	695.73	946.95	
1005478	53	693.6	697.8	523.6	697.8	348.8	1.75	4.58	0	-	14	0.31	5.5	22.4	0.0	0.0	17.41	43	1.2758	2.1180	695	695.73	946.80	
1005991	53	693.5	696.5	522.8	696.2	349.2	1.75	4.58	0	-	11	0.31	5.5	22.4	0.0	0.0	17.74	43	1.2758	2.1180	695	695.73	946.48	
1006473	53	693.4	694.8	522.2	694.5	348.8	1.75	4.58	0	-	8	0.31	5.5	22.4	0.0	0.0	19.88	43	1.2758	2.1180	695	695.64	945.94	
1006952	53	693.3	692.8	521.2	692.8	349.2	1.94	4.58	0	-	8	0.56	5.5	22.4	0.0	0.0	29.62	43	1.2758	2.1180	695	695.64	947.58	
1007458	53	693.1	691.2	520.3	690.8	349.2	1.75	4.58	0	-	7	0.56	5.5	22.4	0.0	0.0	22.43	43	1.2758	2.1180	695	695.64	948.28	
1007964	53	692.9	689.5	519.3	689.5	349.5	1.75	4.58	0	-	7	0.31	5.5	22.4	0.0	0.0	22.43	43	1.2758	2.1180	695	695.64	948.20	
1008431	53	692.8	688.2	518.8	687.5	349.8	1.75	4.58	0	-	7	0.56	5.5	22.4	0.0	0.0	22.05	43	1.2758	2.1180	695	695.64	948.28	
1008901	53	692.6	686.5	518.1	686.5	349.5	1.75	4.58	0	-	6	0.56	5.5	22.4	0.0	0.0	22.71	43	1.2758	2.1180	695	695.64	948.05	
1009510	53	692.4	685.2	517.6	684.8	349.8	1.75	4.58	0	-	6	0.31	5.5	22.4	0.0	0.0	32.62	43	1.2758	2.1180	695	695.55	945.94	
1009971	53	692.1	683.5	516.8	683.8	350.2	2.25	4.58	0	-	6	1.62	5.5	22.4	0.0	0.0	35.18	43	1.2758	2.1180	695	695.55	950.94	
1010451	54	691.7	682.8	516.5	682.8	350.2	2.12	4.58	0	-	7	1.62	5.5	22.4	0.0	0.0	36.38	43	1.2758	2.1180	695	695.55	956.56	
1010902	54	691.4	681.5	516.0	681.5	350.5	2.25	4.58	0	-	8	2.44	5.5	22.4	0.0	0.0	41.55	43	1.2758	2.1180	695	695.55	964.30	
1011407	54	690.9	680.8	515.8	681.2	350.8	2.44	4.58	0	-	9	3.00	5.5	22.4	0.0	0.0	42.98	43	1.2758	2.1180	695	695.43	976.56	
1011881	53	690.3	680.5	515.6	680.2	351.2	2.44	4.58	0	-	10	3.25	5.5	22.4	0.0	0.0	39.30	43	1.2758	2.1180	695	695.43	986.02	
1012396	53	689.6	680.5	515.8	680.5	351.2	2.25	4.58	0	-	11	2.19	5.5	22.4	0.0	0.0	35.72	43	1.2758	2.1180	695	695.33	982.81	
1012895	53	688.8	680.2	515.8	680.2	351.5	1.75	4.58	0	-	12	1.62	5.5	22.4	0.0	0.0	20.02	43	1.2758	2.1180	695	695.24	968.20	
1013423	53	688.2	680.5	516.1	680.5	351.5	1.44	4.58	0	-	12	0.56	5.5	22.4	0.0	0.0	15.40	43	1.2758	2.1180	695	695.24	956.25	
1013888	52	687.6	680.5	516.1	680.5	351.8	1.75	4.58	0	-	12	0.31	5.5	22.4	0.0	0.0	19.88	43	1.2758	2.1180	695	695.15	949.61	
1014401	53	687.1	680.8	516.3	680.8	351.8	1.94	4.58	0	-	11	0.56	5.5	22.4	0.0	0.0	24.61	43	1.2758	2.1180	695	695.15	947.97	
1014856	53	686.5	680.8	516.6	680.8	352.2	1.75	4.58	0	-	11	0.56	5.5	22.4	0.0	0.0	25.08	43	1.2758	2.1180	695	695.03	947.34	
1015310	53	686.0	681.2	516.8	680.8	352.5	1.75	4.58	0	-	11	0.81	5.5	22.4	0.0	0.0	24.94	43	1.2758	2.1180	695	695.03	951.25	
1015748	53	685.4	680.8	516.8	681.2	352.5	2.25	4.58	0	-	11	1.12	5.5	22.4	0.0	0.0	20.62	43	1.2758	2.1180	695	694.94	950.47	
1016256	53	684.8	680.5	516.6	680.8	352.5	1.56	4.58	0	-	11	0.31	5.5	22.4	0.0	0.0	18.30	43	1.2758	2.1180	690	694.84	948.28	
1016786	53	684.2	681.2	517.0	680.8	353.2	1.56	4.58	0	-	11	0.31	5.5	22.4	0.0	0.0	19.95	43	1.2758	2.1180	690	694.84	946.64	
1017244	53	683.7	680.2	516.8	680.2	353.2	1.75	4.58	0	-	10	0.31	5.5	22.4	0.0	0.0	20.95	43	1.2758	2.1180	690	694.75	946.25	
1017858	53	683.2	680.2	516.8	680.2	353.8	1.75	4.58	0	-	10	0.31	5.5	22.4	0.0	0.0	21.09	43	1.2758	2.1180	690	694.75	947.73	
1018405	53	682.6	679.8	516.6	679.8	353.8	1.75	4.58	0	-	10	0.56	5.5	22.4	0.0	0.0	21.54	43	1.2758	2.1180	690	694.63	947.58	
1018878	53	681.9	679.2	516.8	679.2	354.2	1.75	4.58	0	-	9	0.31	5.5	22.4	0.0	0.0	21.40	43	1.2758	2.1180	690	694.54	947.89	
1019358	53	681.4	678.8	516.6	678.5	354.2	1.75	4.58	0	-	8	0.31	5.5	22.4	0.0	0.0	22.15	43	1.2758	2.1180	690	694.44	948.20	
1019863	53	680.8	678.2	516.3	677.8	354.5	1.75	4.58	0	-	7	0.31	5.5	22.4	0.0	0.0	23.16	43	1.2758	2.1180	690	694.44	948.28	
1020311	53	680.4	677.8	516.0	677.8	354.8	1.75	4.58	0	-	6	0.56	5.5	22.4	0.0	0.0	20.91	43	1.2758	2.1180	690	694.35	948.28	
1020779	53	679.9	677.2	515.8	677.2	354.8	1.56	4.58	0	-	5	0.31	5.5	22.4	0.0	0.0	32.11	43	1.2758	2.1180	690	694.23	946.80	
1021238	53	679.4	676.5	515.8	676.5	355.5	1.94	4.58	0	-	5	0.81	5.5	22.4	0.0	0.0	28.48	43	1.2758	2.1180	690	694.14	949.14	
1021740	53	678.8	675.5	515.8	675.8	355.5	1.75	4.58	0	-	5	0.56	5.5	22.4	0.0	0.0	24.26	43	1.2758	2.1180	690	694.05	949.77	
1022195	53	678.3	675.5	515.5	675.5	355.5	1.75	4.58	0	-	5	0.81	5.5	22.4	0.0	0.0	23.34	43	1.2758	2.1180	690	693.93	949.77	
1022652	53	677.7	674.5	515.5	674.5	355.8	1.75	4.58	0	-	5	0.31	5.5	22.4	0.0	0.0	23.86	43	1.2758	2.1180	690	693.83	949.69	
1023096	53	677.2	674.5	515.3	674.5	356.2	1.75	4.58	0	-	5	0.56	5.5	22.4	0.0	0.0	24.54	43	1.2758	2.1180	690	693.74	949.77	
1023599	54	676.6	673.8	515.3	674.2	356.5	1.94	4.58	0	-	4	0.56	5.5	22.4	0.0	0.0	25.43	43	1.2758	2.1180	690	693.65	950.08	
1024067	54	676.0	673.5	515.0	673.2	356.5	1.75	4.58	0	-	4	0.81	5.5	22.4	0.0	0.0	24.38	43	1.2758	2.1180	690	693.44	950.62	
1024586	54	675.3	672.8	515.0	672.8	356.8	1.75	4.58	0	-	2	0.56	5.5	22.4	0.0	0.0	23.60	43	1.2758	2.1180	690	693.34	950.62	
1025038	54	674.8	672.2	514.8	671.8	356.8	1.75	4.58	0	-	2	0.31	5.5	22.4	0.0	0.0	39.49	43	1.2758	2.1180	690	693.13	947.73	
1025479	54	674.2	671.5	514.5	671.5	357.5	2.12	4.58	0	-	2	1.62	5.5	22.4	0.0	0.0	40.85	43	1.2758	2.1180	690	693.04	954.38	
1026073	54	673.5	671.2	514.5	671.2	357.8	1.94	4.58	0	-	2	1.62	5.5	22.4	0.0	0.0	43.01	43	1.2758	2.1180	690	692.85	958.59	
1026547	54	672.7	670.8	514.1	670.8	357.8	1.94	4.58	0	-	3	1.62	5.5	22.4	0.0	0.0	44.39	43	1.2758	2.1180	690	692.64	964.22	
1026971	54	671.9	670.5	514.1	670.5	358.2	2.12	4.58	0	-	4	1.94	5.5	22.4	0.0	0.0	40.83	43	1.2758	2.1180	690	692.55	971.64	
1027412	54	671.1	670.2	514.2	669.8	358.2	2.12	4.58	0	-	4	1.38	5.5	22.4	0.0	0.0	37.17	43	1.2758	2.1180	690	692.33	974.38	
1027912	54	670.2	669.8	514.1	669.8	358.5	1.94	4.58	0	-	4	1.62	5.5	22.4	0.0	0.0	30.68	43	1.2758	2.1180	690	692.15	971.02	
1028413	54	669.3	669.5	514.3	669.5	359.2	1.94	4.58	0	-	4	1.38	5.5	22.4	0.0	0.0	28.95	43	1.2758	2.1180	690	691.94	967.73	
1028937	54	668.4	669.2	514.0	669.2	359.5	1.94	4.58	0	-	4	0.81	5.5	22.4	0.0	0.0	23.34	43	1.2758	2.1180	690	691.75	962.42	
1029408	54	667.6	669.2	514.2	669.5	359.5	1.75	4.58	0	-	3	0.31	5.5	22.4	0.0	0.0	23.34	43	1.2758	2.1180	690	691.54	957.34	
1029867	54	666.8	669.5	514.3	669.2	359.8	1.75	4.58	0	-	2	0.56	5.5	22.4	0.0	0.0	24.33	43	1.2758	2.1180	690	691.35	954.84	
1030338	54	666.1	668.8	514.5	669.2	360.2	1.75	4.58	0	-	2	0.56	5.5	22.4	0.0	0.0	25.80	44	1.2758	2.1180	690	691.14	953.05	
1030809	54	665.3	668.5	514.3	668.8	360.2	1.75	4.58	0	-	2	0.56	5.5	22.4	0.0	0.0	28.83	44	1.2758	2.1180	690	690.93	952.97	
1031336	54	664.4	668.5	514.5	668.8	360.2	1.94	4.58	0	-	2	1.12	5.5	22.4	0.0	0.0	29.18	44	1.2758	2.1180	690	690.65	954.38	
1031765	54	663.6	668.2	514.3	668.5	360.8	1.94	4.58	0	-	3	1.12	5.5	22.4	0.0	0.0	30.73	44	1.2758	2.1180	690	690.44	954.92	
1032327	54	662.7	668.5	514.5	668.2	361.2	1.94	4.58	0	-	3	1.12	5.5	22.4	0.0	0.0	31.08	44	1.2758	2.1180	690	690.13	957.11	
1032802	54	661.9	668.2	514.8	668.2	361.2	1.94	4.58	0	-	4	0.81	5.5	22.4	0.0	0.0	30.77	44	1.2758	2.1180	690	689.94	957.81	
1033311	54	661.0	667.8	514.5	667.8	361.5	1.94	4.58	0	-	4	1.12	5.5	22.4	0.0	0.0	29.93	44	1.2758	2.1180	685	689.64	959.14	
1033837	54	660.0	667.8	514.6	667.5	361.8	1.75	4.58	0	-	4	0.81	5.5	22.4	0.0	0.0	28.45	44	1.2758	2.1180	685	689.33	957.03	
1034360	54	659.2	667.5	515.0	667.5	361.8	1.75	4.58	0	-	3	0.56	5.5	22.4	0.0	0.0	24.91	44	1.2758	2.1180	685	689.03	954.61	
1034901	54	658.4	667.2	514.7	667.5	362.2	1.75	4.58	0	-	3	0.56	5.5	22.4	0.0	0.0	28.59	44	1.2758	2.1180	685	688.84	953.67	
1035330	54	657.6	667.5	514.8	667.2	362.8	1.94	4.58	0	-	3	0.81	5.5	22.4	0.0	0.0	29.88	44	1.2758	2.1180	685	688.54	955.00	
1035845	54	656.6	666.8	514.8	666.8	362.8	1.94	4.58	0	-	4	1.12	5.5	22.4	0.0	0.0	35.77	44	1.2758	2.1180	685	688.23	950.94	
1036288	54	655.8	666.5	514.8	666.5	363.2	2.44	4.58	0	-	4	2.19	5.5	22.4	0.0	0.0	39.26	44	1.2758	2.1180	685	687.93	959.14	
1036735	54	654.8	666.5	515.0	666.5	363.5	2.25	4.58	0	-	6	2.75	5.5	22.4	0.0	0.0	41.70	44	1.2758	2.1180	685	687.53	968.83	
1037274	54	653.7	666.5	515.1	666.5	363.5	2.12	4.58	0	-	8	2.75	5.5	22.4	0.0	0.0	37.78	44	1.2758	2.1180	685	687.13	976.17	
1037772	54	652.5	666.5	515.1	666.8	364.2	1.75	4.58	0	-	9	1.62	5.5	22.4	0.0	0.0	24.26	44	1.2758	2.1180	685	686.73	964.69	
1038247	54	651.5	666.5	515.5	666.8	364.2	1.94	4.58	0	-	9	0.81	5.5	22.4	0.0	0.0	17.55	44	1.2758	2.1180	685	686.33	957.19	
1038776	54	650.5	667.2	515.8	667.2	364.5	1.56	4.58	0	-	9	0.31	5.5	22.4	0.0	0.0	20.25	44	1.2758	2.1180	685	686.03	950.86	
1039278	54	649.5	667.5	516.3	667.2	364.5	1.75	4.58	0	-	8	0.31	5.5	22.4	0.0	0.0	22.85	44	1.2758	2.1180	685	685.63	948.36	
1039743	54	648.8	667.5	516.3	667.5	364.8	1.75	4.58	0	-	8	0.56	5.5	22.4	0.0	0.0	22.08	44	1.2758	2.1180	685	685.35	947.42	
1040266	54	647.9	667.8	516.5	667.8	365.5	1.75	4.58	0	-	8	0.31	5.5	22.4	0.0	0.0	21.73	44	1.2758	2.1180	685	684.93	949.06	
1040732	54	647.1	667.5	516.3	667.5	365.5	1.75	4.58	0	-	7	0.31	5.5	22.4	0.0	0.0	21.87	44	1.2758	2.1180	680	684.65	948.91	
1041187	54	646.4	667.5	517.0	667.8	366.2	1.75	4.58	0	-	7	0.56	5.5	22.4	0.0	0.0	21.84	44	1.2758	2.1180	680	684.34	948.67	
1041704	54	645.6	667.5	516.7	667.2	366.2	1.75	4.58	0	-	7	0.56	5.5	22.4	0.0	0.0	21.91	44	1.2758	2.1180	680	683.94	948.67	
1042257	54	644.7	667.2	517.0	666.8	366.2	1.75	4.58	0	-	7	0.31	5.5	22.4	0.0	0.0	24.98	44	1.2758	2.1180	680	683.55	947.19	
1042811	54	643.9	666.5	516.6	666.5	366.5	1.94	4.58	0	-	7	0.81	5.5	22.4	0.0	0.0	29.62	44	1.2758	2.1180	680	683.15	945.70	
1043415	54	643.1	666.5	516.6	666.5	367.2	2.12	4.58	0	-	7	1.62	5.5	22.4	0.0	0.0	37.64	44	1.2758	2.1180	680	682.63	952.58	
1043903	55	642.1	665.8	516.7	665.8	367.2	2.44	4.58	0	-	8	3.25	5.5	22.4	0.0	0.0	53.51	44	1.2758	2.1180	680	682.23	969.45	
1044393	55	640.7	665.8	516.6	665.5	367.8	3.12	4.58	0	-	10	5.69	5.5	22.4	0.0	0.0	57.00	44	1.2758	2.1180	680	681.65	1,012.42	
1044943	55	639.1	665.8	516.6	665.8	367.8	3.31	4.58	0	-	12	6.50	5.5	22.4	0.0	0.0	54.56	44	1.2758	2.1180	680	680.73	1,055.55	
1045495	54	637.5	665.8	517.0	666.2	367.8	1.75	4.58	0	-	14	2.19	5.5	22.4	0.0	0.0	22.85	44	1.2758	2.1180	680	680.15	1,002.42	
1046022	54	636.2	666.5	517.3	666.5	368.5	1.75	4.58	0	-	14	1.12	5.5	22.4	0.0	0.0	16.92	44	1.2758	2.1180	675	679.44	971.95	
1046522	54	635.1	667.2	517.8	667.5	368.8	1.56	4.58	0	-	14	0.31	5.5	22.4	0.0	0.0	14.88	44	1.2758	2.1180	675	678.83	957.19	
1047079	54	634.0	667.8	518.6	668.2	369.2	1.94	4.58	0	-	13	0.81	5.5	22.4	0.0	0.0	27.23	44	1.2758	2.1180	675	678.34	949.53	
1047643	54	632.8	668.5	519.0	668.2	369.2	1.75	4.58	0	-	13	1.12	5.5	22.4	0.0	0.0	22.45	44	1.2758	2.1180	675	677.64	951.72	
1048150	54	631.8	668.8	519.3	668.8	369.5	1.56	4.58	0	-	13	0.56	5.5	22.4	0.0	0.0	17.02	44	1.2758	2.1180	675	677.15	952.81	
1048724	54	630.8	669.2	519.3	669.2	369.5	1.56	4.58	0	-	12	0.31	5.5	22.4	0.0	0.0	14.67	44	1.2758	2.1180	675	676.54	950.78	
1049224	54	630.0	669.2	519.7	668.8	370.5	1.56	4.58	0	-	12	0.31	5.5	22.4	0.0	0.0	16.08	44	1.2758	2.1180	675	676.14	948.98	
1049795	54	629.2	669.2	519.7	668.8	370.2	1.56	4.58	0	-	11	0.31	5.5	22.4	0.0	0.0	17.77	44	1.2758	2.1180	675	675.65	947.97	
1050414	54	628.2	668.8	519.5	669.2	370.5	1.56	4.58	0	-	11	0.31	5.5	22.4	0.0	0.0	18.00	44	1.2758	2.1180	675	675.13	947.19	
1050990	54	627.5	668.5	519.6	668.5	370.5	1.75	4.58	0	-	11	0.31	5.5	22.4	0.0	0.0	22.27	44	1.2758	2.1180	670	674.64	946.64	
1051551	54	626.7	667.8	519.3	668.2	370.8	1.56	4.58	0	-	10	0.31	5.5	22.4	0.0	0.0	21.96	44	1.2758	2.1180	670	674.03	946.80	
1052105	54	625.9	667.5	519.3	667.5	371.2	1.75	4.58	0	-	10	0.31	5.5	22.4	0.0	0.0	21.75	44	1.2758	2.1180	670	673.63	947.34	
1052765	54	625.2	666.5	519.0	666.5	371.5	1.56	4.58	0	-	10	0.31	5.5	22.4	0.0	0.0	23.91	44	1.2758	2.1180	670	673.14	946.80	
1053252	55	624.6	665.8	519.0	666.2	371.5	1.94	4.58	0	-	10	0.56	5.5	22.4	0.0	0.0	25.62	44	1.2758	2.1180	670	672.53	947.89	
1053746	55	623.9	665.5	518.6	664.8	371.5	1.94	4.58	0	-	10	0.81	5.5	22.4	0.0	0.0	19.97	44	1.2758	2.1180	670	672.13	949.84	
1054258	55	623.1	664.8	518.3	664.8	371.8	1.56	4.58	0	-	11	0.31	5.5	22.4	0.0	0.0	20.06	44	1.2758	2.1180	670	671.73	949.06	
1054830	55	622.4	664.2	518.2	664.2	372.2	1.75	4.58	0	-	11	0.31	5.5	22.4	0.0	0.0	21.68	44	1.2758	2.1180	670	671.24	948.20	
1055343	55	621.8	663.5	518.0	663.5	372.5	1.56	4.58	0	-	11	0.31	5.5	22.4	0.0	0.0	22.15	44	1.2758	2.1180	670	670.75	947.97	
1055911	55	621.1	662.8	517.8	663.2	372.8	1.75	4.58	0	-	10	0.31	5.5	22.4	0.0	0.0	22.36	44	1.2758	2.1180	670	670.35	948.05	
1056460	55	620.4	662.5	517.5	662.5	372.8	1.75	4.58	0	-	10	0.31	5.5	22.4	0.0	0.0	22.99	44	1.2758	2.1180	665	669.83	948.05	
1056967	55	619.8	662.2	517.7	662.2	372.8	1.75	4.58	0	-	8	0.56	5.5	22.4	0.0	0.0	21.70	44	1.2758	2.1180	665	669.44	948.36	
1057481	55	619.3	661.2	517.3	661.2	373.5	1.75	4.58	0	-	7	0.31	5.5	22.4	0.0	0.0	21.52	44	1.2758	2.1180	665	669.04	948.05	
1058018	55	618.6	660.8	517.0	660.8	373.5	1.56	4.58	0	-	5	0.31	5.5	22.4	0.0	0.0	23.04	44	1.2758	2.1180	665	668.55	947.19	
1058589	55	618.0	660.2	516.8	660.5	373.5	1.75	4.58	0	-	4	0.31	5.5	22.4	0.0	0.0	34.88	44	1.2758	2.1180	665	668.15	942.42	
1059096	55	617.4	659.2	516.8	659.5	373.8	2.12	4.58	0	-	4	1.38	5.5	22.4	0.0	0.0	36.05	44	1.2758	2.1180	665	667.63	951.56	
1059560	55	616.8	658.8	516.5	658.8	374.2	1.94	4.58	0	-	5	1.12	5.5	22.4	0.0	0.0	32.02	44	1.2758	2.1180	665	667.23	953.91	
1060127	55	616.1	658.8	516.6	658.5	374.5	1.94	4.58	0	-	5	0.81	5.5	22.4	0.0	0.0	31.48	44	1.2758	2.1180	665	666.65	954.92	
1060654	55	615.3	658.5	516.3	658.2	374.5	1.94	4.58	0	-	5	1.12	5.5	22.4	0.0	0.0	30.52	44	1.2758	2.1180	665	666.25	955.47	
1061162	55	614.6	657.8	516.3	657.8	374.8	1.94	4.58	0	-	5	0.81	5.5	22.4	0.0	0.0	28.31	44	1.2758	2.1180	665	665.73	956.02	
1061662	55	613.9	657.5	516.3	657.5	374.8	1.94	4.58	0	-	5	0.81	5.5	22.4	0.0	0.0	27.47	44	1.2758	2.1180	665	665.24	955.47	
1062248	55	613.2	657.2	516.0	657.2	375.2	1.75	4.58	0	-	5	0.81	5.5	22.4	0.0	0.0	25.90	44	1.2758	2.1180	660	664.75	954.22	
1062740	55	612.5	656.8	516.1	657.2	375.5	1.94	4.58	0	-	5	0.56	5.5	22.4	0.0	0.0	24.54	44	1.2758	2.1180	660	664.23	953.28	
1063305	55	611.6	656.5	516.0	656.5	375.8	1.94	4.58	0	-	5	0.56	5.5	22.4	0.0	0.0	24.56	44	1.2758	2.1180	660	663.74	952.97	
1063869	55	610.9	656.2	516.3	656.5	375.8	1.94	4.58	0	-	5	0.56	5.5	22.4	0.0	0.0	28.95	44	1.2758	2.1180	660	663.25	950.86	
1064447	55	610.1	656.2	516.3	656.5	376.5	2.12	4.58	0	-	6	1.12	5.5	22.4	0.0	0.0	35.04	44	1.2758	2.1180	660	662.64	951.48	
1064969	55	609.2	656.5	516.1	656.5	376.5	2.25	4.58	0	-	7	1.62	5.5	22.4	0.0	0.0	37.17	44	1.2758	2.1180	660	662.03	957.66	
1065515	55	608.2	656.2	516.6	656.2	376.8	2.12	4.58	0	-	8	1.94	5.5	22.4	0.0	0.0	38.46	44	1.2758	2.1180	660	661.44	964.38	
1066008	55	607.3	656.5	517.0	656.5	377.2	2.25	4.58	0	-	9	2.19	5.5	22.4	0.0	0.0	37.15	44	1.2758	2.1180	660	660.83	970.70	
1066531	55	606.3	656.5	516.7	656.2	377.2	1.75	4.58	0	-	10	1.62	5.5	22.4	0.0	0.0	21.77	44	1.2758	2.1180	660	660.04	962.42	
1067076	55	605.3	656.5	517.0	656.8	377.5	1.44	4.58	0	-	10	0.56	5.5	22.4	0.0	0.0	18.73	44	1.2758	2.1180	655	659.55	954.06	
1067616	55	604.4	657.5	517.8	657.5	377.5	1.56	4.58	0	-	10	0.31	5.5	22.4	0.0	0.0	20.60	44	1.2758	2.1180	655	658.94	949.06	
1068122	55	603.7	657.8	517.8	657.8	378.2	1.75	4.58	0	-	10	0.31	5.5	22.4	0.0	0.0	22.01	44	1.2758	2.1180	655	658.35	947.58	
1068708	55	602.9	658.2	518.2	658.5	378.5	1.75	4.58	0	-	10	0.31	5.5	22.4	0.0	0.0	22.38	44	1.2758	2.1180	655	657.83	949.14	
1069220	55	602.1	658.5	518.5	658.5	378.5	1.75	4.58	0	-	9	0.56	5.5	22.4	0.0	0.0	23.16	44	1.2758	2.1180	655	657.13	948.75	
1069753	55	601.3	658.8	518.5	658.5	378.5	1.75	4.58	0	-	8	0.56	5.5	22.4	0.0	0.0	23.70	44	1.2758	2.1180	655	656.64	948.59	
1070287	55	600.6	658.5	519.0	658.8	378.8	1.75	4.58	0	-	8	0.56	5.5	22.4	0.0	0.0	24.89	44	1.2758	2.1180	655	656.15	948.05	
1070803	55	599.9	658.8	519.0	658.8	379.5	1.94	4.58	0	-	8	0.56	5.5	22.4	0.0	0.0	23.34	44	1.2758	2.1180	655	655.63	950.00	
1071467	55	599.1	658.5	519.1	658.8	379.5	1.75	4.58	0	-	8	0.31	5.5	22.4	0.0	0.0	22.31	44	1.2758	2.1180	655	654.93	949.14	
1072037	55	598.4	658.5	519.1	658.8	379.8	1.75	4.58	0	-	8	0.56	5.5	22.4	0.0	0.0	22.95	44	1.2758	2.1180	650	654.34	949.06	
1072618	55	597.5	658.5	519.1	658.2	379.8	1.75	4.58	0	-	8	0.56	5.5	22.4	0.0	0.0	22.83	44	1.2758	2.1180	650	653.73	949.06	
1073190	55	596.7	658.5	519.0	658.2	380.5	1.75	4.58	0	-	8	0.56	5.5	22.4	0.0	0.0	22.92	44	1.2758	2.1180	650	653.24	948.98	
1073714	55	596.1	657.8	519.1	657.8	380.5	1.56	4.58	0	-	8	0.56	5.5	22.4	0.0	0.0	23.84	44	1.2758	2.1180	650	652.75	948.52	
1074274	55	595.5	657.8	519.1	657.5	380.8	1.75	4.58	0	-	7	0.56	5.5	22.4	0.0	0.0	24.63	44	1.2758	2.1180	650	652.14	948.52	
1074848	55	594.7	657.5	519.1	657.5	381.2	1.75	4.58	0	-	6	0.56	5.5	22.4	0.0	0.0	22.92	44	1.2758	2.1180	650	651.53	949.06	
1075424	56	594.1	657.2	519.2	657.2	381.5	1.75	4.58	0	-	5	0.31	5.5	22.4	0.0	0.0	25.15	44	1.2758	2.1180	650	650.94	948.36	
1075988	56	593.4	657.2	519.2	657.2	381.5	1.75	4.58	0	-	4	0.56	5.5	22.4	0.0	0.0	26.86	44	1.2758	2.1180	650	650.55	947.34	
1076520	56	592.8	656.8	519.1	656.8	381.5	1.94	4.58	0	-	4	0.81	5.5	22.4	0.0	0.0	32.41	44	1.2758	2.1180	650	649.94	948.20	
1077083	56	592.1	656.5	519.1	656.5	381.8	1.94	4.58	0	-	4	0.56	5.5	22.4	0.0	0.0	30.75	44	1.2758	2.1180	645	649.44	950.94	
1077615	56	591.4	655.8	519.1	656.2	381.8	1.94	4.58	0	-	5	0.81	5.5	22.4	0.0	0.0	31.08	44	1.2758	2.1180	645	648.74	952.97	
1078157	56	590.7	655.8	519.0	655.8	382.2	1.94	4.58	0	-	5	0.81	5.5	22.4	0.0	0.0	30.07	44	1.2758	2.1180	645	648.25	954.69	
1078657	56	590.0	655.8	519.1	655.8	382.5	1.94	4.58	0	-	5	0.56	5.5	22.4	0.0	0.0	28.64	44	1.2758	2.1180	645	647.73	955.23	
1079186	56	589.4	655.5	519.1	655.2	382.8	1.94	4.58	0	-	5	0.56	5.5	22.4	0.0	0.0	27.54	44	1.2758	2.1180	645	647.24	955.62	
1079728	56	588.6	655.5	519.3	655.5	383.2	1.75	4.58	0	-	6	0.81	5.5	22.4	0.0	0.0	24.77	44	1.2758	2.1180	645	646.54	953.83	
1080305	56	587.8	655.2	519.5	655.5	383.2	1.94	4.58	0	-	6	0.81	5.5	22.4	0.0	0.0	29.51	44	1.2758	2.1180	645	646.05	952.19	
1080865	56	587.0	655.2	519.1	655.2	383.8	2.12	4.58	0	-	7	1.62	5.5	22.4	0.0	0.0	37.45	44	1.2758	2.1180	645	645.34	954.53	
1081518	56	586.1	654.8	519.3	654.8	384.2	2.25	4.58	0	-	8	2.19	5.5	22.4	0.0	0.0	40.01	44	1.2758	2.1180	640	644.43	965.08	
1082005	56	585.3	655.2	519.5	655.5	384.2	2.25	4.58	0	-	10	2.75	5.5	22.4	0.0	0.0	41.02	44	1.2758	2.1180	640	643.84	973.59	
1082510	56	584.1	655.5	519.6	655.5	384.5	2.44	4.58	0	-	11	2.75	5.5	22.4	0.0	0.0	39.23	44	1.2758	2.1180	640	643.05	979.30	
1083070	56	583.0	656.2	520.1	656.2	384.2	2.25	4.58	0	-	13	2.19	5.5	22.4	0.0	0.0	34.50	44	1.2758	2.1180	640	642.13	977.89	
1083595	56	582.0	656.5	520.5	656.5	384.8	2.12	4.58	0	-	14	1.62	5.5	22.4	0.0	0.0	36.94	44	1.2758	2.1180	640	641.43	971.88	
1084187	56	580.8	657.8	521.1	657.8	384.8	2.25	4.58	0	-	16	2.44	5.5	22.4	0.0	0.0	40.31	44	1.2758	2.1180	640	640.44	976.02	
1084710	56	579.6	658.5	521.8	658.8	385.2	2.25	4.58	0	-	17	2.75	5.5	22.4	0.0	0.0	39.49	44	1.2758	2.1180	635	639.34	981.56	
1085226	56	578.6	659.5	522.3	659.5	385.5	2.12	4.58	0	-	18	2.19	5.5	22.4	0.0	0.0	30.84	44	1.2758	2.1180	635	638.55	979.61	
1085802	56	577.4	660.8	523.0	660.8	385.5	2.12	4.58	0	-	19	1.62	5.5	22.4	0.0	0.0	24.91	44	1.2758	2.1180	635	637.63	966.72	
1086315	56	576.5	661.5	523.8	661.8	386.2	1.25	4.58	0	-	19	1.12	5.5	22.4	0.0	0.0	14.48	44	1.2758	2.1180	635	636.74	958.52	
1086876	55	575.6	662.8	524.1	662.5	386.2	1.75	4.58	0	-	19	1.38	5.5	22.4	0.0	0.0	27.49	44	1.2758	2.1180	635	636.04	948.28	
1087368	55	574.7	663.5	525.0	663.5	386.5	2.12	4.58	0	-	20	2.19	5.5	22.4	0.0	0.0	34.73	44	1.2758	2.1180	635	635.15	959.06	
1087929	56	573.7	664.2	525.6	664.5	386.5	2.62	4.58	0	-	21	3.00	5.5	22.4	0.0	0.0	39.23	44	1.2758	2.1180	630	634.05	976.17	
1088481	56	572.6	665.2	526.0	665.5	387.2	1.56	4.58	0	-	22	1.94	5.5	22.4	0.0	0.0	16.48	44	1.2758	2.1180	630	633.25	967.03	
1089019	55	571.8	666.2	526.3	666.2	386.8	1.06	4.58	0	-	21	1.12	5.5	22.4	0.0	0.0	11.84	44	1.2758	2.1180	630	632.43	957.81	
1089556	55	571.0	667.2	526.6	667.2	386.8	0.88	4.58	0	-	21	0.81	5.5	22.4	0.0	0.0	14.32	44	1.2758	2.1180	630	631.63	953.83	
1090034	55	570.4	667.5	527.2	667.5	387.2	0.56	4.58	0	-	19	1.12	5.5	22.4	0.0	0.0	17.88	44	1.2758	2.1180	630	630.93	954.30	
1090696	55	569.8	668.2	527.5	668.2	387.2	0.69	4.58	0	-	18	1.12	5.5	22.4	0.0	0.0	12.66	44	1.2758	2.1180	630	630.25	958.20	
1091197	55	569.3	668.2	527.5	668.2	387.8	1.44	4.58	0	-	17	1.12	5.5	22.4	0.0	0.0	20.34	44	1.2758	2.1180	625	629.55	953.91	
1091760	56	568.6	668.2	527.8	668.2	387.5	1.94	4.58	0	-	17	1.38	5.5	22.4	0.0	0.0	28.83	44	1.2758	2.1180	625	628.75	952.97	
1092244	56	568.1	667.8	527.6	667.8	387.5	2.12	4.58	0	-	18	1.62	5.5	22.4	0.0	0.0	25.76	44	1.2758	2.1180	625	628.05	958.36	
1092793	56	567.6	667.5	527.5	667.5	387.5	0.69	4.58	0	-	18	0.81	5.5	22.4	0.0	0.0	15.23	44	1.2758	2.1180	625	627.34	952.89	
1093344	56	567.0	667.2	527.5	667.2	387.8	1.25	4.58	0	-	17	0.81	5.5	22.4	0.0	0.0	13.50	44	1.2758	2.1180	625	626.55	951.33	
1093929	56	566.4	667.2	527.7	667.2	388.2	1.44	4.58	0	-	16	0.81	5.5	22.4	0.0	0.0	11.37	44	1.2758	2.1180	625	625.84	950.00	
1094446	56	566.0	666.5	527.1	666.5	388.2	1.25	4.58	0	-	15	0.31	5.5	22.4	0.0	0.0	18.52	44	1.2758	2.1180	625	625.35	951.33	
1094997	56	565.7	666.5	527.3	666.2	388.2	1.56	4.58	0	-	14	0.31	5.5	22.4	0.0	0.0	12.05	44	1.2758	2.1180	620	624.74	951.72	
1095610	56	565.2	665.5	527.1	665.8	388.8	1.94	4.58	0	-	13	0.56	5.5	22.4	0.0	0.0	29.93	44	1.2758	2.1180	620	624.04	944.77	
1096152	56	564.8	664.8	526.6	664.8	388.5	2.81	4.58	0	-	13	3.00	5.5	22.4	0.0	0.0	53.18	44	1.2758	2.1180	620	623.24	953.52	
1096658	57	564.2	664.2	526.8	664.2	388.8	3.81	4.58	0	-	15	7.06	5.5	22.4	0.0	0.0	60.56	44	1.2758	2.1180	620	622.35	1,023.59	
1097234	57	563.4	663.5	526.1	663.5	389.2	4.19	4.58	0	-	17	9.19	5.5	22.4	0.0	0.0	59.09	44	1.2758	2.1102	620	621.13	1,034.45	
1097787	57	562.3	663.2	526.2	663.2	389.5	3.31	4.58	0	-	20	8.94	5.5	22.0	0.0	0.0	53.48	44	1.2758	2.1102	620	620.15	1,030.94	
1098360	56	561.3	663.2	526.3	663.2	389.5	2.44	4.58	0	-	21	3.00	5.5	22.0	0.0	0.0	29.37	44	1.2758	2.1102	615	618.93	1,014.69	
1098893	56	560.3	663.5	526.3	663.2	389.5	2.25	4.58	0	-	21	2.19	5.5	22.0	0.0	0.0	23.65	44	1.2758	2.1023	615	617.94	982.27	
1099456	56	559.5	663.5	526.6	663.5	389.5	0.88	4.58	0	-	21	1.12	5.5	22.0	0.0	0.0	12.16	44	1.2758	2.1109	615	616.94	963.12	
1100047	56	558.9	663.8	527.0	664.2	389.8	1.44	4.58	0	-	20	1.38	5.5	22.0	0.0	0.0	11.60	44	1.2758	2.1109	615	616.05	956.17	
1100556	56	558.3	664.5	527.2	664.2	390.2	0.88	4.58	0	-	17	0.81	5.5	22.0	0.0	0.0	17.93	44	1.2758	2.1031	615	615.34	955.39	
1101126	56	557.8	664.2	527.3	664.2	390.2	1.56	4.58	0	-	13	0.56	5.5	22.0	0.0	0.0	14.06	44	1.2758	2.1031	610	614.55	951.56	
1101648	56	557.3	664.2	527.3	664.2	390.5	1.44	4.58	0	-	11	0.00	5.5	22.0	0.0	0.0	16.22	44	1.2758	2.1031	610	613.94	951.64	
1102191	56	556.9	663.8	527.1	663.5	390.5	1.75	4.58	0	-	10	0.31	5.5	22.0	0.0	0.0	27.21	44	1.2758	2.1031	610	613.35	949.45	
1102702	56	556.5	662.8	527.0	663.2	390.8	1.94	4.58	0	-	9	0.56	5.5	22.0	0.0	0.0	26.02	44	1.2758	2.1031	610	612.65	949.06	
1103211	56	556.1	662.5	526.6	662.5	390.5	2.62	4.58	0	-	9	1.38	5.5	22.0	0.0	0.0	47.65	44	1.2758	2.1031	610	611.94	948.98	
1103719	57	555.6	661.8	526.3	661.8	391.2	2.62	4.58	0	-	10	5.44	5.5	22.0	0.0	0.0	52.69	44	1.2758	2.1031	610	610.94	962.03	
1104227	57	555.0	661.5	526.3	661.2	391.2	2.62	4.58	0	-	11	4.62	5.5	22.0	0.0	0.0	45.26	44	1.2758	2.1031	610	610.05	983.98	
1104746	57	554.3	660.8	526.0	660.8	391.5	2.44	4.58	0	-	12	3.00	5.5	22.0	0.0	0.0	38.25	44	1.2758	2.1031	605	609.25	990.70	
1105267	57	553.7	660.5	525.8	660.5	391.5	2.25	4.58	0	-	13	2.44	5.5	22.0	0.0	0.0	49.12	44	1.2758	2.1031	605	608.33	987.11	
1105797	57	553.1	660.2	525.8	660.5	391.5	3.12	4.58	0	-	15	5.12	5.5	22.0	0.0	0.0	52.83	44	1.2758	2.1031	605	607.44	1,016.33	
1106319	57	552.3	660.2	525.8	659.8	392.2	3.12	4.58	0	-	17	5.44	5.5	22.0	0.0	0.0	52.34	44	1.2758	2.1031	605	606.25	1,038.28	
1106881	56	551.5	660.2	526.2	659.8	391.8	1.75	4.58	0	-	18	2.44	5.5	22.0	0.0	0.0	21.00	44	1.2758	2.1031	605	605.33	991.02	
1107385	56	550.9	659.8	526.0	660.2	392.2	1.06	4.58	0	-	17	0.56	5.5	22.0	0.0	0.0	13.08	44	1.2758	2.1031	600	604.63	965.86	
1107895	56	550.4	660.2	526.3	660.2	392.5	1.56	4.58	0	-	14	0.31	5.5	22.0	0.0	0.0	14.93	44	1.2758	2.1031	600	603.93	956.09	
1108451	56	550.0	660.5	526.5	660.2	392.5	1.56	4.58	0	-	12	0.00	5.5	22.0	0.0	0.0	17.53	44	1.2758	2.1031	600	603.13	949.77	
1109002	56	549.5	660.2	526.3	659.8	393.2	1.56	4.58	0	-	11	0.31	5.5	22.0	0.0	0.0	20.13	44	1.2758	2.1031	600	602.55	950.47	
1109636	56	549.1	659.5	526.5	659.5	393.2	1.75	4.58	0	-	10	0.31	5.5	22.0	0.0	0.0	20.91	44	1.2758	2.1031	600	601.63	948.36	
1110182	56	548.7	659.2	526.3	659.2	392.8	1.75	4.58	0	-	10	0.31	5.5	22.0	0.0	0.0	32.25	44	1.2758	2.1031	600	601.14	941.56	
1110676	56	548.4	658.2	525.6	658.5	393.5	2.81	4.58	0	-	10	2.44	5.5	22.0	0.0	0.0	45.07	44	1.2758	2.1031	600	600.44	952.73	
1111190	57	547.9	657.8	525.6	657.8	393.8	2.62	4.58	0	-	11	3.81	5.5	22.0	0.0	0.0	49.55	44	1.2758	2.1031	595	599.64	980.86	
1111749	57	547.4	657.2	525.5	657.2	393.8	3.00	4.58	0	-	12	4.88	5.5	22.0	0.0	0.0	57.05	44	1.2758	2.1031	595	598.75	1,009.61	
1112333	57	546.9	656.5	525.3	656.5	394.2	3.12	4.58	0	-	14	7.56	5.5	22.0	0.0	0.0	53.18	44	1.2758	2.1031	595	597.74	1,020.39	
1112911	57	546.3	655.8	525.3	656.2	394.5	1.94	4.58	0	-	16	2.75	5.5	22.0	0.0	0.0	25.66	44	1.2758	2.1031	595	596.94	992.50	
1113418	56	545.9	655.5	525.0	655.8	393.8	1.56	4.58	0	-	15	0.56	5.5	22.0	0.0	0.0	13.34	44	1.2758	2.1031	595	596.15	965.94	
1113929	56	545.6	655.5	525.0	655.5	394.5	1.75	4.58	0	-	15	0.31	5.5	22.0	0.0	0.0	14.11	44	1.2758	2.1031	595	595.54	955.47	
1114429	56	545.3	655.2	525.1	654.8	394.5	1.56	4.58	0	-	13	0.31	5.5	22.0	0.0	0.0	12.94	44	1.2758	2.1031	595	594.93	950.78	
1114987	56	545.0	655.2	525.0	655.2	394.8	1.44	4.58	0	-	12	0.31	5.5	22.0	0.0	0.0	17.18	44	1.2758	2.1031	590	594.44	945.23	
1115572	56	544.6	653.8	524.6	654.2	395.2	2.12	4.58	0	-	12	1.12	5.5	22.0	0.0	0.0	38.70	44	1.2758	2.1031	590	593.73	948.83	
1116086	57	544.3	653.5	524.3	653.5	395.2	2.25	4.58	0	-	13	1.94	5.5	22.0	0.0	0.0	38.95	44	1.2758	2.1031	590	593.15	957.19	
1116606	57	544.0	653.2	524.3	653.2	395.5	2.25	4.58	0	-	13	2.19	5.5	22.0	0.0	0.0	41.02	44	1.2758	2.1031	590	592.54	966.33	
1117180	57	543.7	652.5	524.0	652.8	395.5	2.44	4.58	0	-	15	3.00	5.5	22.0	0.0	0.0	47.77	44	1.2758	2.1031	590	591.74	979.61	
1117724	57	543.3	651.8	523.8	651.5	395.8	1.94	4.58	0	-	16	2.19	5.5	22.0	0.0	0.0	23.53	44	1.2758	2.1031	590	590.94	975.47	
1118241	57	543.0	651.5	523.6	651.5	395.8	1.44	4.58	0	-	15	0.56	5.5	22.0	0.0	0.0	16.69	44	1.2758	2.1031	590	590.43	960.31	
1118897	56	542.8	651.2	523.5	651.2	395.8	1.56	4.58	0	-	15	0.56	5.5	22.0	0.0	0.0	14.44	44	1.2758	2.1031	585	589.84	952.34	
1119411	56	542.5	650.5	523.3	650.8	395.8	1.75	4.58	0	-	13	0.56	5.5	22.0	0.0	0.0	34.29	44	1.2758	2.1031	585	589.35	948.20	
1119899	57	542.3	650.2	523.3	650.2	396.2	2.25	4.58	0	-	14	1.94	5.5	22.0	0.0	0.0	39.84	44	1.2758	2.1031	585	588.74	956.72	
1120417	57	542.0	649.5	523.1	649.5	396.5	2.25	4.58	0	-	15	2.75	5.5	22.0	0.0	0.0	44.23	44	1.2758	2.1031	585	588.04	969.38	
1120992	57	541.7	649.2	522.5	649.2	396.5	3.12	4.58	0	-	16	4.31	5.5	22.0	0.0	0.0	54.87	44	1.2758	2.1031	585	587.43	995.55	
1121561	57	541.3	648.5	522.5	648.2	396.8	2.25	4.58	0	-	18	4.31	5.5	22.0	0.0	0.0	30.40	44	1.2758	2.1031	585	586.63	995.31	
1122069	57	541.1	647.8	522.3	647.8	396.8	1.06	4.58	0	-	17	0.81	5.5	22.0	0.0	0.0	16.05	44	1.2758	2.1031	585	586.14	968.59	
1122577	57	540.8	647.5	522.1	647.5	396.8	1.44	4.58	0	-	17	0.56	5.5	22.0	0.0	0.0	14.30	44	1.2758	2.1031	585	585.65	957.34	
1123081	56	540.6	647.2	522.3	647.2	397.2	1.75	4.58	0	-	16	0.56	5.5	22.0	0.0	0.0	12.61	44	1.2758	2.1031	585	585.13	952.81	
1123641	57	540.4	646.8	522.0	646.8	397.5	1.75	4.58	0	-	15	0.00	5.5	22.0	0.0	0.0	12.75	44	1.2758	2.1031	580	584.64	953.75	
1124169	57	540.2	646.2	521.7	646.2	397.5	1.94	4.58	0	-	14	0.56	5.5	22.0	0.0	0.0	32.02	44	1.2758	2.1031	580	584.15	945.86	
1124734	57	540.1	645.5	521.5	645.2	397.5	2.62	4.58	0	-	14	2.44	5.5	22.0	0.0	0.0	52.27	44	1.2758	2.1031	580	583.54	958.20	
1125234	57	539.8	644.8	521.3	644.8	397.2	3.12	4.58	0	-	16	6.25	5.5	22.0	0.0	0.0	58.38	44	1.2758	2.1031	580	582.93	974.38	
1125775	57	539.5	644.2	521.0	644.2	397.5	3.50	4.58	0	-	18	6.25	5.5	22.0	0.0	0.0	37.97	44	1.2758	2.1031	580	582.34	1,001.17	
1126333	57	539.3	643.5	520.6	643.8	397.8	1.94	4.58	0	-	18	1.12	5.5	22.0	0.0	0.0	15.68	44	1.2758	2.1031	580	581.73	970.47	
1126888	57	539.1	643.5	520.7	642.8	397.8	1.56	4.58	0	-	16	0.81	5.5	22.0	0.0	0.0	12.40	44	1.2758	2.1031	580	581.24	957.03	
1127456	57	538.9	642.5	520.3	642.5	398.2	1.56	4.58	0	-	15	0.56	5.5	22.0	0.0	0.0	12.05	44	1.2758	2.1031	580	580.75	951.64	
1128062	57	538.7	641.8	519.8	642.2	398.2	1.56	4.58	0	-	14	0.31	5.5	22.0	0.0	0.0	15.73	44	1.2758	2.1031	580	580.35	947.19	
1128563	57	538.6	641.2	519.7	641.5	398.2	1.94	4.58	0	-	13	0.81	5.5	22.0	0.0	0.0	43.05	44	1.2758	2.1031	575	579.83	948.67	
1129059	57	538.4	640.5	519.5	640.5	398.5	3.00	4.58	0	-	14	3.81	5.5	22.0	0.0	0.0	53.91	44	1.2758	2.1031	575	579.25	975.08	
1129610	57	538.2	639.5	519.0	639.5	398.5	3.00	4.58	0	-	16	5.44	5.5	22.0	0.0	0.0	48.54	44	1.2758	2.1031	575	578.73	1,023.28	
1130175	57	537.9	639.2	518.8	639.2	398.8	1.75	4.58	0	-	17	1.62	5.5	22.0	0.0	0.0	24.23	44	1.2758	2.1031	575	578.15	1,000.78	
1130755	57	537.7	638.5	518.5	638.2	398.5	1.44	4.58	0	-	17	1.12	5.5	22.0	0.0	0.0	24.19	44	1.2758	2.1031	575	577.54	974.53	
1131318	57	537.5	637.8	518.7	637.8	398.8	2.25	4.58	0	-	17	1.62	5.5	22.0	0.0	0.0	44.48	44	1.2758	2.1031	575	576.93	967.73	
1131817	57	537.3	637.5	518.3	637.5	398.8	2.62	4.58	0	-	18	3.81	5.5	22.0	0.0	0.0	46.05	44	1.2758	2.1031	575	576.44	989.45	
1132324	57	537.1	637.5	518.0	637.2	398.5	2.44	4.58	0	-	19	3.25	5.5	22.0	0.0	0.0	38.88	44	1.2758	2.1031	575	575.94	994.92	
1132851	57	536.9	637.2	518.2	637.2	398.8	2.12	4.58	0	-	20	2.19	5.5	22.0	0.0	0.0	29.55	44	1.2758	2.1031	575	575.43	985.78	
1133427	57	536.7	636.8	518.0	636.8	399.2	2.25	4.58	0	-	21	1.94	5.5	22.0	0.0	0.0	36.96	44	1.2758	2.1031	575	574.84	975.55	
1133942	57	536.5	636.8	518.0	636.5	399.5	3.00	4.58	0	-	22	3.50	5.5	22.0	0.0	0.0	43.24	44	1.2758	2.1031	570	574.35	994.06	
1134468	57	536.3	636.5	517.8	636.2	399.2	3.12	4.58	0	-	23	3.81	5.5	22.0	0.0	0.0	42.59	44	1.2758	2.1031	570	573.74	1,006.95	
1135003	57	536.1	636.5	518.0	636.2	399.5	3.00	4.58	0	-	24	3.25	5.5	22.0	0.0	0.0	32.55	44	1.2758	2.1031	570	573.25	1,011.48	
1135519	57	535.9	636.2	517.8	636.5	399.5	2.44	4.58	0	-	24	2.19	5.5	22.0	0.0	0.0	28.85	44	1.2758	2.1031	570	572.64	998.91	
1136031	57	535.8	636.5	518.1	636.2	399.5	1.94	4.58	0	-	24	1.62	5.5	22.0	0.0	0.0	31.34	44	1.2758	2.1031	570	572.15	985.39	
1136609	57	535.7	636.8	518.3	636.8	399.5	2.44	4.58	0	-	24	2.75	5.5	22.0	0.0	0.0	41.98	44	1.2758	2.1031	570	571.63	987.34	
1137121	57	535.5	636.8	518.3	636.8	399.8	2.25	4.58	0	-	25	1.62	5.5	22.0	0.0	0.0	36.00	44	1.2758	2.1031	570	571.14	980.62	
1137781	57	535.5	636.8	518.3	636.8	399.5	1.94	4.58	0	-	25	1.62	5.5	22.0	0.0	0.0	20.04	44	1.2758	2.1031	570	570.65	962.27	
1138287	57	535.4	636.5	518.1	636.8	399.8	1.56	4.58	0	-	24	0.56	5.5	22.0	0.0	0.0	15.94	44	1.2758	2.1031	570	570.34	953.91	
1138808	56	535.3	637.2	518.0	636.8	399.5	1.56	4.58	0	-	23	0.56	5.5	22.0	0.0	0.0	23.23	44	1.2758	2.1031	570	569.94	945.70	
1139303	57	535.3	636.8	518.3	636.8	399.8	1.75	4.58	0	-	23	1.12	5.5	22.0	0.0	0.0	23.13	44	1.2758	2.1031	565	569.64	950.47	
1139878	57	535.2	636.5	518.1	636.5	399.8	1.75	4.58	0	-	22	0.56	5.5	22.0	0.0	0.0	17.58	44	1.2758	2.1031	565	569.24	948.75	
1140425	57	535.2	636.2	517.8	635.8	399.5	1.56	4.58	0	-	21	0.31	5.5	22.0	0.0	0.0	15.07	44	1.2758	2.1031	565	568.84	947.66	
1140984	57	535.1	636.2	517.6	635.8	399.8	2.62	4.58	0	-	21	1.38	5.5	22.0	0.0	0.0	45.63	44	1.2758	2.1031	565	568.54	943.83	
1141499	57	535.1	635.2	517.8	635.2	399.5	3.69	4.58	0	-	21	6.50	5.5	22.0	0.0	0.0	57.70	44	1.2758	2.1031	565	568.14	985.70	
1142086	57	535.0	634.5	517.1	634.5	399.5	4.69	4.58	0	-	22	7.88	5.5	22.0	0.0	0.0	63.94	44	1.2758	2.1031	565	567.65	1,079.84	
1142670	57	535.0	633.8	516.8	634.2	399.8	7.50	4.58	0	-	25	11.62	5.5	22.0	0.0	0.0	69.45	44	1.2758	2.0945	565	567.04	1,111.88	
1143186	57	535.4	633.8	516.6	633.8	399.8	7.81	4.58	0	-	27	12.69	5.5	21.6	0.0	0.0	67.31	44	1.2758	2.0945	565	566.55	1,121.88	
1143710	57	536.5	633.5	516.6	633.5	399.5	7.81	4.58	0	-	29	15.69	5.5	21.6	0.0	0.0	72.12	44	1.2758	2.0945	565	565.94	1,187.34	
1144229	57	538.0	633.8	516.8	633.8	399.8	6.62	4.58	0	-	30	14.31	5.5	21.6	0.0	0.0	74.72	44	1.2758	2.0945	565	565.35	1,153.59	
1144736	56	539.9	634.2	516.8	634.2	399.8	4.88	4.58	0	-	31	12.69	5.5	21.6	0.0	0.0	71.32	44	1.2758	2.0945	560	564.83	1,110.86	
1145257	56	542.2	634.8	517.5	634.8	400.2	3.69	4.58	0	-	33	8.38	5.5	21.6	0.0	0.0	50.62	44	1.2758	2.0945	560	564.53	1,086.33	
1145783	56	544.2	635.5	517.7	635.5	399.8	2.44	4.58	0	-	33	3.00	5.5	21.6	0.0	0.0	28.64	44	1.2758	2.0945	560	564.25	1,040.94	
1146282	56	545.8	636.2	517.8	635.5	400.2	2.62	4.58	0	-	33	4.06	5.5	21.6	0.0	0.0	58.88	44	1.2758	2.0867	560	563.94	1,030.78	
1146951	56	547.8	636.8	518.3	636.5	399.8	1.75	4.58	0	-	34	3.25	5.5	22.0	0.0	0.0	30.40	44	1.2758	2.0953	560	563.73	992.27	
1147441	56	549.0	637.2	518.5	637.2	400.2	1.44	4.58	0	-	33	0.56	5.5	21.6	0.0	0.0	17.30	44	1.2758	2.0953	560	563.64	966.64	
1147946	56	550.3	637.2	518.6	637.8	400.2	1.56	4.58	0	-	32	0.31	5.5	21.6	0.0	0.0	14.30	44	1.2758	2.0953	560	563.55	956.17	
1148501	56	551.3	638.2	519.0	637.8	399.8	1.56	4.58	0	-	31	0.00	5.5	21.6	0.0	0.0	16.36	44	1.2758	2.0953	560	563.43	951.95	
1149048	56	552.3	638.5	519.1	638.5	399.8	1.56	4.58	0	-	30	0.31	5.5	21.6	0.0	0.0	16.22	44	1.2758	2.0875	560	563.33	953.83	
1149636	56	553.2	637.8	518.8	637.8	399.8	1.56	4.58	0	-	29	0.00	5.5	21.6	0.0	0.0	16.66	44	1.2758	2.0875	560	563.24	953.28	
1150148	56	553.9	637.8	518.8	637.8	399.8	1.56	4.58	0	-	27	0.00	5.5	21.6	0.0	0.0	12.49	44	1.2758	2.0875	560	563.24	952.73	
1150708	56	554.8	637.2	518.5	637.2	399.5	1.44	4.58	0	-	26	0.31	5.5	21.6	0.0	0.0	12.21	44	1.2758	2.0875	560	563.15	949.92	
1151276	56	555.5	636.8	518.1	636.5	399.5	1.56	4.58	0	-	25	0.00	5.5	21.6	0.0	0.0	12.09	44	1.2758	2.0875	560	563.03	948.20	
1151880	56	556.2	635.5	517.6	635.8	399.5	1.75	4.58	0	-	22	0.00	5.5	21.6	0.0	0.0	13.05	44	1.2758	2.0875	560	563.03	946.64	
1152453	57	556.8	634.8	517.0	634.8	399.2	1.75	4.58	0	-	20	0.31	5.5	21.6	0.0	0.0	19.57	44	1.2758	2.0875	560	562.94	946.25	
1152960	57	557.3	634.2	516.5	634.2	399.2	1.56	4.58	0	-	18	0.31	5.5	21.6	0.0	0.0	17.79	44	1.2758	2.0797	560	562.94	946.09	
1153565	57	557.9	632.8	516.2	632.5	399.5	1.56	4.58	0	-	18	0.31	5.5	21.6	0.0	0.0	49.76	44	1.2758	2.0961	560	562.94	925.55	
1154128	57	558.5	631.5	515.6	631.5	399.5	4.56	4.58	0	-	19	7.31	5.5	21.6	0.0	0.0	63.47	44	1.2758	2.0883	560	562.94	1,028.28	
1154693	57	559.2	630.8	514.8	630.5	399.2	5.75	4.58	0	-	22	10.00	5.5	21.6	0.0	0.0	73.27	44	1.2758	2.0805	560	562.94	1,143.83	
1155219	57	560.3	629.8	514.6	629.8	399.2	7.69	4.58	0	-	25	13.25	5.5	21.6	0.0	0.0	77.23	44	1.2758	2.0805	560	563.15	1,251.25	
1155724	57	561.8	629.2	514.2	629.5	399.2	9.06	4.58	0	-	28	17.31	5.5	21.6	0.0	0.0	80.11	44	1.2758	2.0805	560	563.33	1,383.05	
1156295	57	563.9	629.2	514.3	629.2	399.5	10.44	4.58	0	-	31	22.69	5.5	21.6	0.0	0.0	111.00	44	1.2758	2.0883	560	563.64	1,515.16	
1156807	57	566.6	629.5	514.3	629.5	399.2	8.19	4.58	0	-	34	18.62	5.5	21.2	0.0	0.0	108.75	44	1.2758	2.0719	560	564.13	1,414.45	
1157349	57	569.2	630.5	514.8	630.5	398.8	10.81	4.58	0	-	36	23.25	5.5	21.6	0.0	0.0	106.85	44	1.2758	2.0797	560	564.83	1,462.50	
1157888	56	573.3	631.5	515.0	631.5	398.8	13.06	4.58	0	-	39	27.31	5.5	21.6	0.0	0.0	106.80	44	1.2758	2.0797	565	565.63	1,451.56	
1158394	56	577.3	632.5	515.7	632.5	399.2	13.94	4.58	0	-	42	28.94	5.5	21.2	0.0	0.0	105.94	44	1.2758	2.0711	565	566.64	1,462.89	
1158923	56	582.2	633.8	516.5	633.8	399.5	10.25	4.58	0	-	44	16.25	5.5	21.6	0.0	0.0	51.33	44	1.2758	2.0789	565	568.14	1,043.44	
1159485	55	586.9	635.5	517.3	635.5	399.2	6.62	4.58	0	-	45	10.56	5.5	21.6	0.0	0.0	60.12	44	1.2758	2.0789	565	569.43	1,009.06	
1160065	55	591.6	637.5	518.2	637.8	398.8	2.44	4.58	0	-	46	4.31	5.5	21.2	0.0	0.0	18.84	44	1.2758	2.0711	570	570.74	975.00	
1160623	54	594.5	640.2	519.5	640.5	399.2	1.06	4.58	0	-	46	0.81	5.5	21.2	0.0	0.0	12.00	44	1.2758	2.0711	570	571.84	959.30	
1161209	54	596.9	642.2	520.6	641.8	399.2	0.56	4.58	0	-	45	0.81	5.5	21.2	0.0	0.0	17.04	44	1.2758	2.0711	570	572.64	956.48	
1161733	55	599.3	643.5	521.3	643.8	399.2	1.25	4.58	0	-	44	0.56	5.5	21.2	0.0	0.0	16.90	44	1.2758	2.0711	570	573.65	953.98	
1162249	55	601.1	644.8	521.8	644.8	399.2	1.44	4.58	0	-	44	0.56	5.5	21.6	0.0	0.0	17.02	44	1.2758	2.0789	570	574.35	957.58	
1162756	55	602.8	645.5	522.1	645.5	398.5	1.44	4.58	0	-	43	0.31	5.5	21.6	0.0	0.0	16.45	44	1.2758	2.0789	575	575.03	956.95	
1163249	55	604.3	646.2	522.1	646.5	398.5	1.44	4.58	0	-	42	0.00	5.5	21.2	0.0	0.0	16.48	44	1.2758	2.0625	575	575.73	956.64	
1163819	56	605.9	646.5	522.6	646.5	398.5	1.56	4.58	0	-	42	0.31	5.5	21.2	0.0	0.0	16.50	44	1.2758	2.0625	575	576.44	956.17	
1164328	56	607.2	646.5	522.3	646.5	398.5	1.56	4.58	0	-	41	0.31	5.5	21.2	0.0	0.0	16.43	44	1.2758	2.0625	575	577.05	956.09	
1164835	56	608.4	646.5	522.2	646.5	397.8	1.56	4.58	0	-	40	0.00	5.5	21.2	0.0	0.0	16.69	44	1.2758	2.0625	575	577.63	955.23	
1165405	56	609.8	646.2	522.0	646.2	397.8	1.56	4.58	0	-	40	0.00	5.5	21.2	0.0	0.0	16.45	44	1.2758	2.0625	575	578.24	954.92	
1166075	56	610.9	645.5	521.8	645.2	397.5	1.56	4.58	0	-	39	0.31	5.5	21.2	0.0	0.0	51.70	44	1.2758	2.0625	575	579.04	944.69	
1166592	57	612.2	645.2	521.5	645.2	397.5	3.31	4.58	0	-	40	6.75	5.5	21.2	0.0	0.0	80.09	44	1.2758	2.0789	575	579.83	1,037.97	
1167136	57	614.2	644.5	520.6	644.2	397.5	4.88	4.58	0	-	41	12.44	5.5	21.2	0.0	0.0	97.45	44	1.2758	2.0711	580	581.03	1,220.86	
1167642	57	616.2	644.2	520.5	643.8	397.2	6.81	4.58	0	-	43	17.81	5.5	21.2	0.0	0.0	105.45	44	1.2758	2.0711	580	582.13	1,278.59	
1168169	57	618.5	643.8	520.3	643.5	396.8	6.25	4.58	0	-	44	18.94	5.5	21.2	0.0	0.0	95.46	44	1.2758	2.0711	580	583.44	1,238.28	
1168706	57	621.6	643.8	520.1	643.8	396.5	6.94	4.58	0	-	46	19.19	5.5	21.2	0.0	0.0	91.90	44	1.2758	2.0547	580	584.85	1,208.91	
1169288	56	624.8	644.8	520.5	644.5	396.2	4.69	4.58	0	-	48	13.00	5.5	20.8	0.0	0.0	58.01	44	1.2758	2.0547	585	586.75	1,064.45	
1169794	56	627.3	645.2	520.1	645.2	396.2	4.00	4.58	0	-	49	6.25	5.5	20.8	0.0	0.0	40.50	44	1.2758	2.0547	585	588.25	1,042.66	
1170368	55	629.6	646.2	521.0	646.2	396.2	1.56	4.58	0	-	49	0.81	5.5	21.2	0.0	0.0	19.20	44	1.2758	2.0711	585	589.63	972.42	
1170869	55	631.1	647.2	521.5	647.2	395.5	3.00	4.58	0	-	49	4.06	5.5	21.2	0.0	0.0	65.18	44	1.2758	2.0633	590	590.94	994.61	
1171445	56	633.0	648.5	521.8	648.5	395.2	4.00	4.58	0	-	49	8.94	5.5	21.2	0.0	0.0	89.74	44	1.2758	2.0555	590	592.75	1,131.88	
1172039	56	635.3	649.5	522.6	650.2	395.2	5.56	4.58	0	-	50	13.50	5.5	21.2	0.0	0.0	102.49	44	1.2758	2.0719	590	594.74	1,288.36	
1172600	56	638.0	650.5	522.8	650.8	394.5	6.94	4.58	0	-	52	17.81	5.5	21.2	0.0	0.0	111.12	44	1.2758	2.0719	595	596.43	1,400.47	
1173172	56	640.7	652.2	523.0	652.2	394.5	4.38	4.58	0	-	53	14.06	5.5	21.2	0.0	0.0	57.89	44	1.2758	2.0719	595	598.63	1,090.55	
1173700	55	643.2	653.5	523.8	653.5	394.2	1.25	4.58	0	-	53	1.94	5.5	21.2	0.0	0.0	19.20	44	1.2758	2.0719	600	600.04	1,002.89	
1174193	55	644.7	654.8	524.3	654.8	394.2	1.75	4.58	0	-	53	0.31	5.5	21.2	0.0	0.0	13.31	44	1.2758	2.0719	600	601.23	971.25	
1174703	55	646.1	656.2	524.8	655.8	394.2	1.56	4.58	0	-	52	0.31	5.5	21.2	0.0	0.0	12.28	44	1.2758	2.0719	600	602.33	956.56	
1175312	55	647.3	657.2	525.5	657.5	393.8	1.56	4.58	0	-	52	0.31	5.5	21.2	0.0	0.0	12.33	44	1.2758	2.0633	600	603.53	952.97	
1175885	55	648.4	658.2	526.0	658.5	393.2	1.56	4.58	0	-	52	0.00	5.5	21.2	0.0	0.0	12.14	44	1.2758	2.0633	600	604.63	951.02	
1176399	55	649.5	658.5	525.8	658.5	393.2	1.56	4.58	0	-	51	0.31	5.5	20.8	0.0	0.0	12.52	44	1.2758	2.0469	605	605.64	949.30	
1176891	55	650.4	659.2	525.8	658.8	392.8	1.44	4.58	0	-	51	0.00	5.5	20.8	0.0	0.0	12.49	44	1.2758	2.0469	605	606.44	948.20	
1177460	55	651.3	659.2	525.8	659.2	392.8	2.25	4.58	0	-	50	0.31	5.5	20.8	0.0	0.0	12.21	44	1.2758	2.0469	605	607.54	947.19	
1178049	55	652.0	658.5	525.6	658.5	392.2	1.94	4.58	0	-	50	0.00	5.5	21.2	0.0	0.0	12.54	44	1.2758	2.0633	605	608.43	946.80	
1178574	56	652.6	658.2	525.0	658.2	392.5	1.56	4.58	0	-	49	0.00	5.5	20.8	0.0	0.0	12.40	44	1.2758	2.0555	605	609.25	946.09	
1179106	56	653.2	657.8	524.8	657.5	391.5	1.56	4.58	0	-	49	0.31	5.5	20.8	0.0	0.0	12.30	44	1.2758	2.0555	610	610.05	945.86	
1179614	56	653.7	657.2	524.3	656.8	391.8	1.56	4.58	0	-	49	0.31	5.5	20.8	0.0	0.0	12.42	44	1.2758	2.0555	610	610.75	945.78	
1180179	56	654.1	655.8	523.8	655.8	391.5	1.44	4.58	0	-	48	0.00	5.5	20.8	0.0	0.0	12.54	44	1.2758	2.0477	610	611.64	945.62	
1180700	56	654.5	655.2	523.3	655.2	390.5	1.94	4.58	0	-	48	0.00	5.5	20.8	0.0	0.0	12.23	44	1.2758	2.0477	610	612.34	945.94	
1181284	56	654.9	654.2	522.3	654.5	390.5	2.25	4.58	0	-	48	1.12	5.5	20.8	0.0	0.0	50.62	44	1.2758	2.0563	610	613.14	938.28	
1181798	57	655.2	653.2	521.8	652.8	390.2	2.81	4.58	0	-	48	3.50	5.5	20.8	0.0	0.0	67.71	44	1.2758	2.0563	610	614.15	976.88	
1182358	57	655.7	651.8	521.0	651.8	389.8	2.62	4.58	0	-	48	3.50	5.5	20.8	0.0	0.0	37.08	44	1.2758	2.0477	615	615.13	994.22	
1182861	57	656.0	650.8	520.3	650.8	389.8	0.56	4.58	0	-	48	0.31	5.5	20.8	0.0	0.0	15.56	44	1.2758	2.0477	615	615.83	967.34	
1183417	56	656.2	650.5	519.8	650.2	388.8	2.62	4.58	0	-	47	0.31	5.5	20.8	0.0	0.0	12.05	44	1.2758	2.0477	615	616.54	954.69	
1183939	56	656.4	649.8	519.5	649.8	388.8	1.94	4.58	0	-	47	0.31	5.5	20.8	0.0	0.0	12.23	44	1.2758	2.0477	615	617.24	950.23	
1184504	57	656.6	649.2	519.0	648.8	388.5	1.56	4.58	0	-	46	0.31	5.5	20.8	0.0	0.0	12.61	44	1.2758	2.0477	615	617.85	949.77	
1185128	57	656.7	648.2	518.3	647.8	388.5	1.44	4.58	0	-	45	0.31	5.5	20.8	0.0	0.0	14.77	44	1.2758	2.0477	615	618.65	948.28	
1185689	57	656.9	647.2	517.8	647.2	387.8	0.88	4.58	0	-	43	0.31	5.5	20.8	0.0	0.0	12.40	44	1.2758	2.0477	615	619.23	948.36	
1186191	57	657.0	646.2	516.8	645.8	387.5	2.25	4.58	0	-	42	0.31	5.5	20.8	0.0	0.0	12.23	44	1.2758	2.0477	615	619.75	947.42	
1186740	57	657.0	644.8	516.3	644.8	387.5	1.75	4.58	0	-	40	0.00	5.5	20.8	0.0	0.0	13.59	44	1.2758	2.0477	620	620.33	946.48	
1187240	57	657.1	643.8	515.7	643.8	387.2	1.56	4.58	0	-	39	0.56	5.5	20.8	0.0	0.0	11.37	44	1.2758	2.0477	620	620.85	947.34	
1187762	57	657.1	642.8	515.2	643.2	386.8	0.88	4.58	0	-	38	0.56	5.5	20.8	0.0	0.0	17.34	44	1.2758	2.0477	620	621.34	951.25	
1188284	57	657.1	642.2	514.5	642.2	386.5	1.06	4.58	0	-	38	0.56	5.5	20.8	0.0	0.0	17.58	44	1.2758	2.0477	620	621.83	954.69	
1188808	57	657.2	640.8	513.8	640.5	386.2	1.06	4.58	0	-	37	0.56	5.5	20.8	0.0	0.0	17.58	44	1.2758	2.0477	620	622.35	956.56	
1189361	58	657.3	639.8	513.2	639.8	385.5	1.25	4.58	0	-	36	0.56	5.5	20.8	0.0	0.0	17.65	44	1.2758	2.0477	620	622.84	957.81	
1189941	58	657.4	638.5	512.1	638.5	385.5	1.25	4.58	0	-	35	0.56	5.5	20.8	0.0	0.0	14.34	44	1.2758	2.0477	620	623.33	957.19	
1190454	58	657.5	637.5	511.3	637.5	385.5	1.94	4.58	0	-	35	0.56	5.5	20.8	0.0	0.0	31.97	44	1.2758	2.0477	620	623.73	949.06	
1191020	58	657.6	636.5	510.8	636.5	385.2	2.44	4.58	0	-	36	2.19	5.5	20.8	0.0	0.0	43.59	44	1.2758	2.0477	620	624.34	960.47	
1191606	58	657.5	635.2	510.1	635.5	385.2	2.44	4.58	0	-	36	3.00	5.5	20.8	0.0	0.0	48.87	44	1.2758	2.0477	625	624.93	980.23	
1192114	58	657.3	634.5	510.0	634.8	384.5	2.62	4.58	0	-	37	3.25	5.5	20.8	0.0	0.0	48.45	44	1.2758	2.0477	625	625.44	994.30	
1192663	58	657.0	634.2	509.5	633.8	384.5	2.12	4.58	0	-	38	2.75	5.5	20.8	0.0	0.0	35.74	44	1.2758	2.0477	625	626.15	997.34	
1193260	58	656.6	633.8	509.2	634.2	384.2	-0.62	4.58	0	-	38	0.56	5.5	20.8	0.0	0.0	15.28	44	1.2758	2.0477	625	626.73	964.14	
1193752	58	656.2	634.2	509.2	634.2	383.8	1.44	4.58	0	-	38	0.56	5.5	20.8	0.0	0.0	14.04	44	1.2758	2.0477	625	627.13	953.44	
1194400	58	655.9	634.2	508.8	634.2	383.5	1.25	4.58	0	-	37	0.81	5.5	20.8	0.0	0.0	16.43	44	1.2758	2.0477	625	627.65	950.16	
1194943	58	655.5	634.5	509.0	634.2	383.5	1.44	4.58	0	-	37	0.56	5.5	20.8	0.0	0.0	12.87	44	1.2758	2.0477	625	628.14	948.98	
1195430	58	655.2	634.5	508.8	634.2	383.5	1.56	4.58	0	-	36	0.00	5.5	20.8	0.0	0.0	16.83	44	1.2758	2.0477	625	628.54	953.12	
1195980	58	654.9	634.2	508.5	634.2	382.8	1.25	4.58	0	-	35	0.56	5.5	20.8	0.0	0.0	18.14	44	1.2758	2.0477	625	628.84	955.39	
1196547	58	654.7	633.8	508.5	633.8	382.8	1.44	4.58	0	-	34	0.31	5.5	20.8	0.0	0.0	17.81	44	1.2758	2.0477	625	629.24	956.02	
1197051	58	654.6	633.5	507.8	633.5	382.5	1.44	4.58	0	-	32	0.31	5.5	20.8	0.0	0.0	17.44	44	1.2758	2.0477	625	629.55	956.48	
1197636	58	654.5	633.2	507.8	633.2	382.2	1.25	4.58	0	-	29	0.56	5.5	20.8	0.0	0.0	17.95	44	1.2758	2.0477	630	629.94	957.89	
1198152	58	654.5	632.8	507.3	633.2	381.8	1.06	4.58	0	-	27	0.56	5.5	20.8	0.0	0.0	18.12	44	1.2758	2.0477	630	630.25	958.59	
1198656	58	654.5	632.2	507.3	632.2	381.8	1.06	4.58	0	-	25	0.81	5.5	20.8	0.0	0.0	18.33	44	1.2758	2.0477	630	630.53	959.77	
1199217	58	654.6	631.5	506.8	631.5	381.5	1.25	4.58	0	-	24	0.56	5.5	20.8	0.0	0.0	18.02	44	1.2758	2.0477	630	630.83	959.69	
1199783	58	654.6	630.8	506.3	631.2	381.5	1.25	4.58	0	-	23	0.56	5.5	20.8	0.0	0.0	18.12	44	1.2758	2.0477	630	631.05	959.06	
1200338	58	654.7	630.5	505.8	630.5	380.8	1.44	4.58	0	-	22	0.31	5.5	20.8	0.0	0.0	17.72	44	1.2758	2.0477	630	631.35	957.42	
1200873	59	654.8	629.5	505.1	629.5	381.2	1.56	4.58	0	-	21	0.31	5.5	20.8	0.0	0.0	15.23	44	1.2758	2.0477	630	631.54	956.02	
1201473	59	654.9	628.8	504.6	628.8	380.8	1.75	4.58	0	-	20	0.31	5.5	20.8	0.0	0.0	17.93	44	1.2758	2.0477	630	631.84	951.56	
1201973	59	654.9	628.2	504.3	627.8	380.5	1.75	4.58	0	-	18	0.31	5.5	20.8	0.0	0.0	15.14	44	1.2758	2.0477	630	632.03	949.77	
1202544	59	654.9	627.2	503.8	627.5	380.5	1.75	4.58	0	-	17	0.31	5.5	20.8	0.0	0.0	16.48	44	1.2758	2.0477	630	632.24	947.89	
1203090	59	654.9	626.5	503.6	626.5	380.5	1.75	4.58	0	-	15	0.31	5.5	20.8	0.0	0.0	18.21	44	1.2758	2.0477	630	632.43	946.72	
1203681	59	654.8	625.5	503.2	625.8	379.8	1.56	4.58	0	-	15	0.31	5.5	20.8	0.0	0.0	18.07	44	1.2758	2.0477	630	632.64	946.56	
1204224	59	654.7	625.2	502.7	625.2	379.8	1.75	4.58	0	-	14	0.31	5.5	20.8	0.0	0.0	18.54	44	1.2758	2.0477	630	632.85	946.17	
1204764	59	654.6	623.8	502.0	623.8	379.8	1.56	4.58	0	-	13	0.31	5.5	20.8	0.0	0.0	18.68	44	1.2758	2.0477	630	633.04	945.94	
1205300	59	654.4	623.5	501.6	623.5	380.2	1.56	4.58	0	-	13	0.31	5.5	20.8	0.0	0.0	18.89	44	1.2758	2.0477	630	633.13	945.78	
1205854	59	654.2	622.8	501.3	622.8	379.8	1.56	4.58	0	-	12	0.31	5.5	20.8	0.0	0.0	19.17	44	1.2758	2.0477	630	633.34	945.78	
1206363	59	654.0	622.2	501.2	622.5	379.8	1.56	4.58	0	-	12	0.31	5.5	20.8	0.0	0.0	19.55	44	1.2758	2.0477	630	633.53	945.86	
1206919	59	653.7	621.5	500.8	621.2	379.8	1.56	4.58	0	-	11	0.31	5.5	20.8	0.0	0.0	20.25	44	1.2758	2.0477	630	633.65	945.70	
1207445	59	653.5	620.8	500.3	621.2	379.8	1.75	4.58	0	-	10	0.56	5.5	20.8	0.0	0.0	21.91	44	1.2758	2.0477	630	633.83	945.78	
1207996	59	653.2	620.2	500.0	620.2	379.5	1.75	4.58	0	-	9	0.56	5.5	20.8	0.0	0.0	26.32	44	1.2758	2.0477	630	633.93	946.41	
1208521	59	652.9	619.8	499.8	619.8	379.5	1.75	4.58	0	-	9	0.56	5.5	20.8	0.0	0.0	20.46	44	1.2758	2.0477	630	634.14	946.56	
1209036	59	652.5	619.5	499.6	619.5	379.5	1.75	4.58	0	-	9	0.56	5.5	20.8	0.0	0.0	32.27	44	1.2758	2.0477	630	634.35	945.08	
1209557	59	652.1	618.8	499.5	619.2	379.8	2.12	4.58	0	-	9	1.38	5.5	20.8	0.0	0.0	34.59	44	1.2758	2.0477	630	634.44	949.77	
1210119	59	651.5	618.8	499.1	618.8	379.8	2.12	4.58	0	-	10	1.62	5.5	20.8	0.0	0.0	33.54	44	1.2758	2.0477	630	634.75	956.25	
1210623	59	650.9	618.5	499.0	618.5	379.5	2.12	4.58	0	-	11	1.38	5.5	20.8	0.0	0.0	33.94	44	1.2758	2.0477	630	634.94	957.81	
1211182	59	650.2	618.8	499.0	618.8	379.8	2.25	4.58	0	-	12	1.94	5.5	20.8	0.0	0.0	40.45	44	1.2758	2.0477	635	635.15	961.17	
1211706	59	649.4	618.8	499.3	618.8	379.8	2.44	4.58	0	-	13	2.75	5.5	20.8	0.0	0.0	42.47	44	1.2758	2.0477	635	635.33	971.88	
1212279	59	648.3	619.5	499.3	619.5	379.8	2.44	4.58	0	-	16	3.00	5.5	20.8	0.0	0.0	42.40	44	1.2758	2.0477	635	635.64	980.47	
1212813	59	647.2	620.2	500.0	620.2	379.5	2.44	4.58	0	-	17	3.00	5.5	20.8	0.0	0.0	42.45	44	1.2758	2.0477	635	635.94	987.11	
1213415	59	646.1	621.5	500.5	621.5	379.8	2.44	4.58	0	-	19	3.00	5.5	20.8	0.0	0.0	40.31	44	1.2758	2.0477	635	636.25	990.62	
1213983	59	644.8	622.2	501.0	622.5	379.8	2.44	4.58	0	-	20	3.25	5.5	20.8	0.0	0.0	38.34	44	1.2758	2.0477	635	636.44	991.33	
1214507	59	643.2	623.5	501.5	624.2	380.2	3.12	4.58	0	-	22	4.06	5.5	20.8	0.0	0.0	44.23	44	1.2758	2.0477	635	636.65	1,002.50	
1215044	58	641.6	625.5	502.6	625.5	380.2	3.81	4.58	0	-	23	5.94	5.5	20.8	0.0	0.0	54.84	44	1.2758	2.0477	635	636.93	1,028.12	
1215596	58	640.0	626.8	503.3	627.2	379.8	5.38	4.58	0	-	25	8.38	5.5	20.8	0.0	0.0	61.95	44	1.2758	2.0477	635	637.05	1,072.50	
1216140	58	638.0	629.2	504.3	629.5	379.5	3.81	4.58	0	-	26	9.75	5.5	20.8	0.0	0.0	72.63	44	1.2758	2.0477	635	637.14	1,130.94	
1216637	58	636.5	630.8	505.0	631.5	379.8	4.56	4.58	0	-	28	11.06	5.5	20.8	0.0	0.0	78.26	44	1.2758	2.0477	635	637.14	1,179.30	
1217174	58	634.9	633.5	506.7	633.5	379.5	5.25	4.58	0	-	30	12.44	5.5	20.8	0.0	0.0	79.36	44	1.2758	2.0477	635	637.05	1,218.98	
1217673	58	633.9	635.8	507.5	636.2	379.5	5.75	4.58	0	-	32	13.00	5.5	20.8	0.0	0.0	80.09	44	1.2758	2.0477	635	636.93	1,244.69	
1218187	57	633.3	638.5	508.8	638.5	379.8	6.44	4.58	0	-	34	14.06	5.5	20.8	0.0	0.0	80.53	44	1.2758	2.0477	635	636.74	1,265.47	
1218699	57	633.1	641.5	510.3	641.8	379.8	6.81	4.58	0	-	35	14.88	5.5	20.8	0.0	0.0	81.59	44	1.2758	2.0398	635	636.53	1,279.77	
1219258	57	633.3	644.2	511.6	644.5	379.5	8.00	4.58	0	-	37	16.25	5.5	20.8	0.0	0.0	81.33	44	1.2758	2.0398	635	636.34	1,273.52	
1219797	57	634.0	648.2	513.6	648.5	379.8	8.38	4.58	0	-	39	15.94	5.5	20.8	0.0	0.0	71.25	44	1.2758	2.0398	635	636.13	1,152.81	
1220371	56	635.1	651.8	515.2	652.2	379.2	2.62	4.58	0	-	39	3.50	5.5	20.8	0.0	0.0	19.15	44	1.2758	2.0398	635	635.94	1,026.72	
1220913	56	635.7	656.2	517.1	656.2	379.5	1.75	4.58	0	-	39	0.81	5.5	20.8	0.0	0.0	15.28	44	1.2758	2.0484	635	635.85	973.05	
1221460	55	636.3	659.5	519.3	659.8	379.5	2.44	4.58	0	-	38	1.94	5.5	20.8	0.0	0.0	46.05	44	1.2758	2.0484	635	635.85	966.09	
1221958	56	636.8	662.5	520.8	662.8	379.5	3.50	4.58	0	-	38	6.25	5.5	20.8	0.0	0.0	67.01	44	1.2758	2.0484	635	635.73	1,014.30	
1222577	56	637.3	665.5	521.8	665.5	379.5	3.50	4.58	0	-	39	7.56	5.5	20.8	0.0	0.0	52.36	44	1.2758	2.0484	635	635.64	1,027.50	
1223091	56	637.8	668.2	523.3	668.2	379.2	1.56	4.58	0	-	39	1.38	5.5	20.8	0.0	0.0	21.96	44	1.2758	2.0484	635	635.64	969.77	
1223606	56	638.2	671.2	524.6	671.5	379.2	2.62	4.58	0	-	38	2.75	5.5	20.8	0.0	0.0	53.93	44	1.2758	2.0484	635	635.73	982.42	
1224141	56	638.5	673.2	525.6	673.5	378.5	3.50	4.58	0	-	38	7.56	5.5	20.8	0.0	0.0	56.88	44	1.2758	2.0484	635	635.73	1,005.86	
1224647	56	638.6	675.5	526.8	675.5	378.5	1.56	4.58	0	-	39	1.94	5.5	20.8	0.0	0.0	22.38	44	1.2758	2.0484	635	635.85	980.23	
1225226	56	638.7	677.8	528.0	677.5	378.5	1.25	4.58	0	-	38	0.56	5.5	20.8	0.0	0.0	14.30	44	1.2758	2.0484	635	635.85	959.45	
1225760	56	638.8	679.5	529.0	679.8	378.5	0.88	4.58	0	-	37	0.56	5.5	20.8	0.0	0.0	11.72	44	1.2758	2.0484	635	635.94	952.42	
1226303	56	638.8	681.5	529.5	681.2	378.2	1.06	4.58	0	-	35	0.56	5.5	20.8	0.0	0.0	16.71	44	1.2758	2.0484	635	636.04	951.56	
1226858	56	638.9	682.5	530.3	682.5	378.2	1.06	4.58	0	-	34	0.56	5.5	20.8	0.0	0.0	26.18	44	1.2758	2.0484	635	636.13	947.03	
1227416	57	638.9	683.2	530.5	683.2	377.8	2.81	4.58	0	-	34	2.75	5.5	20.8	0.0	0.0	56.39	44	1.2758	2.0484	635	636.25	957.42	
1227921	57	638.9	683.5	531.0	683.8	377.8	3.00	4.58	0	-	35	5.44	5.5	20.8	0.0	0.0	68.20	44	1.2758	2.0484	635	636.34	1,013.20	
1228451	57	638.9	683.8	530.5	683.8	377.8	2.62	4.58	0	-	35	4.62	5.5	20.8	0.0	0.0	36.45	44	1.2758	2.0484	635	636.44	1,006.25	
1228985	57	638.9	684.2	530.8	684.2	377.5	1.44	4.58	0	-	35	0.81	5.5	20.8	0.0	0.0	19.20	44	1.2758	2.0484	635	636.44	971.02	
1229493	57	638.9	685.2	531.0	685.5	377.5	1.56	4.58	0	-	34	0.56	5.5	20.8	0.0	0.0	14.58	44	1.2758	2.0484	635	636.53	956.48	
1230029	57	638.9	685.2	531.3	685.5	377.5	0.38	4.58	0	-	33	-0.19	5.5	20.8	0.0	0.0	15.05	44	1.2758	2.0484	635	636.65	951.88	
1230553	57	638.8	685.5	531.3	685.5	377.5	1.44	4.58	0	-	33	0.31	5.5	20.8	0.0	0.0	17.09	44	1.2758	2.0484	635	636.74	950.55	
1231057	57	638.8	685.8	531.5	685.5	377.2	1.44	4.58	0	-	31	0.00	5.5	20.8	0.0	0.0	16.99	44	1.2758	2.0484	635	636.83	953.52	
1231563	57	638.9	685.8	531.3	685.8	377.2	1.56	4.58	0	-	31	0.31	5.5	20.8	0.0	0.0	16.85	44	1.2758	2.0484	635	636.93	953.44	
1232175	57	638.9	685.5	531.2	685.2	377.2	1.56	4.58	0	-	30	0.31	5.5	20.8	0.0	0.0	16.55	44	1.2758	2.0484	635	637.05	952.66	
1232677	57	639.0	684.5	530.6	684.5	377.2	1.75	4.58	0	-	29	0.00	5.5	20.8	0.0	0.0	16.85	44	1.2758	2.0484	635	637.05	952.42	
1233192	58	639.1	683.5	530.5	683.2	376.8	1.56	4.58	0	-	28	0.00	5.5	20.8	0.0	0.0	16.71	44	1.2758	2.0484	635	637.14	951.80	
1233719	58	639.2	682.5	529.6	682.5	376.8	1.56	4.58	0	-	28	0.31	5.5	20.8	0.0	0.0	16.88	44	1.2758	2.0484	635	637.23	951.56	
1234314	58	639.3	681.5	528.8	681.2	376.5	1.75	4.58	0	-	27	0.31	5.5	20.8	0.0	0.0	12.70	44	1.2758	2.0484	635	637.35	949.06	
1234823	58	639.3	680.2	528.2	680.2	376.8	1.44	4.58	0	-	27	0.31	5.5	20.8	0.0	0.0	11.46	44	1.2758	2.0484	635	637.44	947.89	
1235379	58	639.3	678.5	527.5	678.5	376.2	1.44	4.58	0	-	26	0.56	5.5	20.8	0.0	0.0	12.23	44	1.2758	2.0484	635	637.44	947.42	
1235921	58	639.4	677.2	526.6	677.5	376.2	1.06	4.58	0	-	26	0.56	5.5	20.8	0.0	0.0	16.80	44	1.2758	2.0484	635	637.54	950.16	
1236478	58	639.4	675.5	526.1	675.8	376.5	1.06	4.58	0	-	26	0.56	5.5	20.8	0.0	0.0	17.60	44	1.2758	2.0484	635	637.63	953.52	
1236984	58	639.6	674.5	525.1	674.5	376.2	1.06	4.58	0	-	25	0.56	5.5	20.8	0.0	0.0	17.91	44	1.2758	2.0484	635	637.75	955.55	
1237483	58	639.7	673.2	524.8	673.2	376.2	1.06	4.58	0	-	25	0.56	5.5	20.8	0.0	0.0	17.95	44	1.2758	2.0484	635	637.75	956.80	
1238050	59	640.0	671.5	523.8	671.2	375.8	1.25	4.58	0	-	24	0.56	5.5	20.8	0.0	0.0	17.77	44	1.2758	2.0484	635	637.84	957.19	
1238586	59	640.2	670.2	523.0	670.2	375.8	1.25	4.58	0	-	24	0.56	5.5	20.8	0.0	0.0	17.74	44	1.2758	2.0484	635	637.94	957.19	
1239074	59	640.5	669.2	522.3	668.8	375.5	1.25	4.58	0	-	23	0.56	5.5	20.8	0.0	0.0	17.86	44	1.2758	2.0484	635	638.03	957.50	
1239595	59	640.8	667.2	521.8	666.8	375.8	1.44	4.58	0	-	23	0.56	5.5	20.8	0.0	0.0	17.62	44	1.2758	2.0484	635	638.15	956.95	
1240101	59	641.1	665.8	520.8	665.8	375.5	1.44	4.58	0	-	22	0.31	5.5	20.8	0.0	0.0	17.86	44	1.2758	2.0484	635	638.15	956.17	
1240608	59	641.4	664.5	520.1	664.5	375.5	2.62	4.58	0	-	21	0.56	5.5	20.8	0.0	0.0	13.71	44	1.2758	2.0484	635	638.24	953.20	
1241245	59	641.6	662.8	519.0	662.5	375.5	1.75	4.58	0	-	20	0.31	5.5	20.8	0.0	0.0	18.00	44	1.2758	2.0484	635	638.24	950.39	
1241767	59	641.8	661.5	518.5	661.8	375.5	1.56	4.58	0	-	17	0.31	5.5	20.8	0.0	0.0	15.05	44	1.2758	2.0484	635	638.33	948.12	
1242262	59	642.0	660.2	517.7	660.2	375.2	1.75	4.58	0	-	15	0.31	5.5	20.8	0.0	0.0	17.30	44	1.2758	2.0484	635	638.33	946.88	
1242762	59	642.1	659.2	517.2	658.8	375.2	1.56	4.58	0	-	12	0.31	5.5	20.8	0.0	0.0	18.54	44	1.2758	2.0484	635	638.33	945.94	
1243361	59	642.2	657.5	516.5	657.2	375.2	1.75	4.58	0	-	9	0.31	5.5	20.8	0.0	0.0	20.25	44	1.2758	2.0484	635	638.33	945.86	
1243920	59	642.2	656.5	515.3	656.2	375.2	1.56	4.58	0	-	7	0.31	5.5	20.8	0.0	0.0	17.51	44	1.2758	2.0484	635	638.43	945.94	
1244451	59	642.2	654.8	515.1	654.8	374.8	1.75	4.58	0	-	4	0.31	5.5	20.8	0.0	0.0	20.46	44	1.2758	2.0484	635	638.43	945.00	
1244960	59	642.1	653.8	514.3	653.8	375.2	1.75	4.58	0	-	2	0.31	5.5	20.8	0.0	0.0	21.56	44	1.2758	2.0484	635	638.43	945.16	
1245460	59	642.1	652.5	514.0	652.5	374.5	1.56	4.58	0	-	0	0.31	5.5	20.8	0.0	0.0	22.22	44	1.2758	2.0484	635	638.43	945.16	
1246036	59	642.0	651.5	513.0	651.8	374.8	1.56	4.58	0	-	0	0.31	5.5	20.8	0.0	0.0	24.52	44	1.2758	2.0484	635	638.43	945.00	
1246537	60	641.8	650.5	512.6	650.5	374.8	1.75	4.58	0	-	0	0.56	5.5	20.8	0.0	0.0	22.62	44	1.2758	2.0484	635	638.43	945.78	
1247084	60	641.6	649.5	512.0	649.5	374.5	1.56	4.58	0	-	0	0.56	5.5	20.8	0.0	0.0	22.50	44	1.2758	2.0484	635	638.43	944.84	
1247608	60	641.5	649.2	511.8	648.8	374.8	1.75	4.58	0	-	0	0.56	5.5	20.8	0.0	0.0	27.56	44	1.2758	2.0484	635	638.43	945.62	
1248163	60	641.2	648.2	511.8	648.2	374.8	1.75	4.58	0	-	0	0.81	5.5	20.8	0.0	0.0	26.44	44	1.2758	2.0484	635	638.43	946.80	
1248690	60	640.9	647.8	511.1	647.5	374.8	1.75	4.58	0	-	0	0.56	5.5	20.8	0.0	0.0	25.59	44	1.2758	2.0484	635	638.43	947.27	
1249260	60	640.6	646.8	510.8	646.8	374.8	1.75	4.58	0	-	0	0.56	5.5	20.8	0.0	0.0	25.71	44	1.2758	2.0484	635	638.43	947.58	
1249823	60	640.3	646.2	510.7	645.8	374.8	1.75	4.58	0	-	0	0.56	5.5	20.8	0.0	0.0	24.02	44	1.2758	2.0484	635	638.43	947.42	
1250469	60	639.9	645.5	510.3	645.8	374.8	1.56	4.58	0	-	0	0.56	5.5	20.8	0.0	0.0	23.06	44	1.2758	2.0484	635	638.43	946.80	
1250997	60	639.6	644.8	510.0	645.2	374.8	1.56	4.58	0	-	0	0.31	5.5	20.8	0.0	0.0	22.22	44	1.2758	2.0484	635	638.43	946.56	
1251507	60	639.2	644.5	509.6	644.5	375.2	1.56	4.58	0	-	0	0.31	5.5	20.8	0.0	0.0	21.91	44	1.2758	2.0484	635	638.43	945.94	
1252086	60	638.8	643.8	509.7	644.2	374.8	1.56	4.58	0	-	0	0.31	5.5	20.8	0.0	0.0	21.26	44	1.2758	2.0484	635	638.43	945.62	
1252602	60	638.4	643.5	509.3	643.5	375.2	1.56	4.58	0	-	0	0.31	5.5	20.8	0.0	0.0	21.87	44	1.2758	2.0484	635	638.43	945.39	
1253179	60	638.0	643.2	509.2	642.8	375.2	1.56	4.58	0	-	0	0.31	5.5	20.8	0.0	0.0	21.35	44	1.2758	2.0484	635	638.43	944.92	
1253730	60	637.6	642.8	508.8	642.8	375.5	1.56	4.58	0	-	0	0.31	5.5	20.8	0.0	0.0	21.66	44	1.2758	2.0484	635	638.43	945.00	
1254247	60	637.2	642.2	508.7	642.2	375.5	1.56	4.58	0	-	0	0.31	5.5	20.8	0.0	0.0	21.59	44	1.2758	2.0484	635	638.43	945.08	
1254746	60	636.8	642.2	508.8	641.8	375.5	1.75	4.58	0	-	0	0.31	5.5	20.8	0.0	0.0	21.54	44	1.2758	2.0484	635	638.43	944.92	
1255309	60	636.4	641.5	508.5	641.2	375.5	1.56	4.58	0	-	0	0.31	5.5	20.8	0.0	0.0	21.70	44	1.2758	2.0484	635	638.43	944.61	
1255827	60	636.0	640.8	508.3	641.2	375.8	1.56	4.58	0	-	0	0.31	5.5	20.8	0.0	0.0	22.08	44	1.2758	2.0484	635	638.43	944.77	
1256429	60	635.5	640.8	508.3	640.8	376.2	1.56	4.58	0	-	0	0.31	5.5	20.8	0.0	0.0	21.77	44	1.2758	2.0484	635	638.33	944.92	
1256976	60	635.0	640.2	508.0	640.2	375.8	1.56	4.58	0	-	0	0.31	5.5	20.8	0.0	0.0	22.34	44	1.2758	2.0484	635	638.33	944.77	
1257456	60	634.6	639.8	508.0	640.2	375.8	1.56	4.58	0	-	0	0.31	5.5	20.8	0.0	0.0	22.55	44	1.2758	2.0484	635	638.33	944.53	
1257958	60	634.2	639.8	507.8	639.5	376.5	1.56	4.58	0	-	0	0.31	5.5	20.8	0.0	0.0	22.78	44	1.2758	2.0484	635	638.33	944.53	
1258484	60	633.8	639.5	507.8	639.5	376.5	1.56	4.58	0	-	0	0.31	5.5	20.8	0.0	0.0	22.78	44	1.2758	2.0484	635	638.33	945.00	
1259017	60	633.3	639.2	508.0	638.8	376.5	1.75	4.58	0	-	0	0.31	5.5	20.8	0.0	0.0	22.85	44	1.2758	2.0484	635	638.24	944.61	
1259578	60	632.8	638.8	507.6	639.2	376.5	1.56	4.58	0	-	0	0.56	5.5	20.8	0.0	0.0	22.73	44	1.2758	2.0484	635	638.24	945.08	
1260186	60	632.3	638.5	507.5	638.5	376.5	1.56	4.58	0	-	0	0.31	5.5	20.8	0.0	0.0	22.76	44	1.2758	2.0484	635	638.24	944.77	
1260745	60	631.8	638.5	507.5	638.5	377.2	1.56	4.58	0	-	0	0.31	5.5	20.8	0.0	0.0	22.76	44	1.2758	2.0484	635	638.15	944.92	
1261261	60	631.2	637.8	507.3	638.2	376.8	1.56	4.58	0	-	0	0.31	5.5	20.8	0.0	0.0	22.95	44	1.2758	2.0484	635	638.15	944.77	
1261754	60	630.8	638.2	507.5	637.8	377.2	1.75	4.58	0	-	0	0.31	5.5	20.8	0.0	0.0	22.92	44	1.2758	2.0484	635	638.15	944.69	
1262345	60	630.3	637.5	507.3	637.2	377.5	1.56	4.58	0	-	0	0.31	5.5	20.8	0.0	0.0	22.99	44	1.2758	2.0484	635	638.03	944.92	
1262913	60	629.7	637.5	507.5	637.5	377.5	1.56	4.58	0	-	0	0.56	5.5	20.8	0.0	0.0	23.18	44	1.2758	2.0484	635	638.03	944.92	
1263445	60	629.2	637.2	507.3	637.2	377.5	1.75	4.58	0	-	0	0.31	5.5	20.8	0.0	0.0	23.06	44	1.2758	2.0484	635	637.94	944.92	
1263956	60	628.6	636.8	507.3	636.5	377.8	1.56	4.58	0	-	0	0.31	5.5	20.8	0.0	0.0	22.83	44	1.2758	2.0484	635	637.94	945.08	
1264495	60	628.1	636.5	507.1	636.5	377.5	1.75	4.58	0	-	0	0.31	5.5	20.8	0.0	0.0	22.95	44	1.2758	2.0484	635	637.84	944.61	
1265060	60	627.5	636.5	507.0	636.5	377.8	1.75	4.58	0	-	0	0.31	5.5	20.8	0.0	0.0	23.06	44	1.2758	2.0484	635	637.84	944.92	
1265560	60	627.0	636.2	507.1	635.8	378.2	1.56	4.58	0	-	0	0.31	5.5	20.8	0.0	0.0	23.27	44	1.2758	2.0484	635	637.75	945.00	
1266101	60	626.5	636.2	507.2	636.2	378.2	1.56	4.58	0	-	0	0.31	5.5	20.8	0.0	0.0	23.11	44	1.2758	2.0484	635	637.75	944.92	
1266601	60	626.0	636.2	506.8	635.5	378.2	1.56	4.58	0	-	0	0.56	5.5	20.8	0.0	0.0	23.06	44	1.2758	2.0484	635	637.63	944.92	
1267162	60	625.4	635.5	507.0	635.5	378.2	1.56	4.58	0	-	0	0.31	5.5	20.8	0.0	0.0	23.11	44	1.2758	2.0484	635	637.54	945.08	
1267780	60	624.7	635.2	507.0	635.2	378.5	1.94	4.58	0	-	0	0.81	5.5	20.8	0.0	0.0	42.61	44	1.2758	2.0484	635	637.44	945.39	
1268279	61	624.1	634.8	506.8	634.8	378.8	1.75	4.58	0	-	2	1.12	5.5	20.8	0.0	0.0	32.95	44	1.2758	2.0484	635	637.44	949.22	
1268795	61	623.4	635.2	506.8	635.2	378.8	1.94	4.58	0	-	4	0.81	5.5	20.8	0.0	0.0	35.48	44	1.2758	2.0484	635	637.35	950.70	
1269403	61	622.6	634.8	506.8	634.8	379.2	1.94	4.58	0	-	6	1.12	5.5	20.8	0.0	0.0	32.37	44	1.2758	2.0484	635	637.23	952.81	
1269959	61	621.8	634.8	506.8	634.8	378.8	1.94	4.58	0	-	8	1.12	5.5	20.8	0.0	0.0	29.98	44	1.2758	2.0484	635	637.14	952.66	
1270520	61	620.7	635.5	507.2	635.5	378.8	1.75	4.58	0	-	9	1.12	5.5	20.8	0.0	0.0	28.43	44	1.2758	2.0484	635	637.05	950.70	
1271015	61	619.8	635.8	507.3	635.5	379.2	2.25	4.58	0	-	11	1.94	5.5	20.8	0.0	0.0	35.70	44	1.2758	2.0484	635	636.83	956.09	
1271521	61	618.8	635.8	507.7	635.8	379.2	2.25	4.58	0	-	12	2.19	5.5	20.8	0.0	0.0	39.96	44	1.2758	2.0484	635	636.74	965.23	
1272088	61	617.6	636.5	508.0	636.5	379.5	2.12	4.58	0	-	14	2.44	5.5	20.8	0.0	0.0	41.37	44	1.2758	2.0484	635	636.53	973.83	
1272609	60	616.3	637.5	508.1	637.2	379.5	2.44	4.58	0	-	17	3.00	5.5	20.8	0.0	0.0	48.87	44	1.2758	2.0484	635	636.34	984.06	
1273162	60	614.8	638.5	508.8	638.5	379.5	2.12	4.58	0	-	19	3.00	5.5	20.8	0.0	0.0	37.97	44	1.2758	2.0484	635	636.04	991.88	
1273714	60	613.3	639.5	509.5	639.5	379.5	2.44	4.58	0	-	21	3.00	5.5	20.8	0.0	0.0	39.02	44	1.2758	2.0484	635	635.85	990.78	
1274213	60	611.8	640.5	509.8	640.5	379.8	2.81	4.58	0	-	22	3.25	5.5	20.8	0.0	0.0	39.30	44	1.2758	2.0484	635	635.55	996.41	
1274776	60	610.1	641.8	510.8	642.2	379.8	3.12	4.58	0	-	24	3.81	5.5	20.8	0.0	0.0	40.50	44	1.2758	2.0484	635	635.15	1,005.62	
1275340	60	608.3	643.2	511.6	643.5	379.8	2.81	4.58	0	-	25	5.44	5.5	20.8	0.0	0.0	50.79	44	1.2758	2.0484	630	634.63	1,041.09	
1275848	60	606.5	645.2	512.3	645.5	379.8	2.81	4.58	0	-	27	5.44	5.5	20.8	0.0	0.0	50.34	44	1.2758	2.0484	630	634.14	1,047.03	
1276352	60	604.9	646.5	513.3	646.5	379.8	2.81	4.58	0	-	29	4.88	5.5	20.8	0.0	0.0	48.05	44	1.2758	2.0484	630	633.65	1,037.97	
1276909	59	603.1	648.2	514.1	648.5	379.8	1.94	4.58	0	-	31	3.50	5.5	20.8	0.0	0.0	26.27	44	1.2758	2.0484	630	633.13	1,007.50	
1277431	59	601.8	649.8	515.0	650.2	379.8	2.12	4.58	0	-	31	0.81	5.5	20.8	0.0	0.0	17.51	44	1.2758	2.0484	630	632.64	971.88	
1277932	59	600.8	651.5	515.6	651.8	380.2	1.56	4.58	0	-	31	0.31	5.5	20.8	0.0	0.0	12.28	44	1.2758	2.0484	630	632.24	956.64	
1278580	59	599.6	653.2	516.3	653.2	380.2	1.56	4.58	0	-	31	0.31	5.5	20.8	0.0	0.0	12.30	44	1.2758	2.0484	630	631.94	950.00	
1279123	59	598.8	654.5	517.2	654.2	379.8	1.56	4.58	0	-	31	0.31	5.5	20.8	0.0	0.0	12.23	44	1.2758	2.0484	630	631.44	947.03	
1279620	59	598.0	655.2	517.5	655.2	379.8	1.56	4.58	0	-	30	0.31	5.5	20.8	0.0	0.0	12.26	44	1.2758	2.0484	630	631.14	947.89	
1280124	59	597.1	655.5	517.5	655.5	380.2	1.44	4.58	0	-	30	0.31	5.5	20.8	0.0	0.0	12.07	44	1.2758	2.0484	630	630.74	946.64	
1280692	59	596.4	655.5	517.6	656.2	380.2	1.94	4.58	0	-	30	0.31	5.5	20.8	0.0	0.0	12.23	44	1.2758	2.0484	630	630.44	946.09	
1281208	59	595.7	655.5	517.6	655.5	379.8	1.44	4.58	0	-	30	0.00	5.5	20.8	0.0	0.0	12.33	44	1.2758	2.0484	630	630.13	945.08	
1281712	59	595.1	655.5	517.5	655.5	379.8	2.12	4.58	0	-	30	0.56	5.5	20.8	0.0	0.0	39.05	44	1.2758	2.0484	625	629.85	938.36	
1282274	60	594.3	655.2	517.3	654.8	379.8	2.62	4.58	0	-	31	3.50	5.5	20.8	0.0	0.0	66.94	44	1.2758	2.0484	625	629.33	966.95	
1282823	60	593.5	654.8	517.0	654.5	379.8	3.00	4.58	0	-	33	5.12	5.5	20.8	0.0	0.0	71.34	44	1.2758	2.0484	625	628.75	1,025.08	
1283326	60	592.8	653.5	516.6	653.5	379.2	3.12	4.58	0	-	34	5.69	5.5	20.8	0.0	0.0	72.63	44	1.2758	2.0484	625	628.23	1,060.78	
1283828	59	592.3	653.5	516.5	653.8	379.8	3.00	4.58	0	-	35	7.06	5.5	20.8	0.0	0.0	63.38	44	1.2758	2.0484	625	627.53	1,053.91	
1284366	59	591.9	653.8	516.8	653.5	379.8	2.12	4.58	0	-	37	3.81	5.5	20.8	0.0	0.0	32.62	44	1.2758	2.0484	625	626.94	1,008.75	
1284925	59	591.6	654.2	516.8	653.8	379.5	1.44	4.58	0	-	37	0.81	5.5	20.8	0.0	0.0	18.30	44	1.2758	2.0484	625	626.33	969.45	
1285427	59	591.2	654.5	516.8	654.5	379.2	1.44	4.58	0	-	37	0.56	5.5	20.8	0.0	0.0	13.66	44	1.2758	2.0484	625	625.94	956.80	
1285999	59	590.9	654.5	517.0	654.5	379.2	1.75	4.58	0	-	37	0.31	5.5	20.8	0.0	0.0	16.12	44	1.2758	2.0484	625	625.54	953.20	
1286559	59	590.6	654.8	516.8	654.8	379.2	1.06	4.58	0	-	36	0.31	5.5	20.8	0.0	0.0	17.44	44	1.2758	2.0484	625	625.05	957.19	
1287071	59	590.4	654.5	517.0	654.8	379.2	1.06	4.58	0	-	35	0.56	5.5	20.8	0.0	0.0	17.41	44	1.2758	2.0484	620	624.65	957.81	
1287576	59	590.2	654.8	516.8	654.5	378.8	1.25	4.58	0	-	35	0.56	5.5	20.8	0.0	0.0	17.32	44	1.2758	2.0484	620	624.34	958.36	
1288178	59	590.1	654.5	516.6	654.5	378.8	1.25	4.58	0	-	34	0.56	5.5	20.8	0.0	0.0	17.23	44	1.2758	2.0484	620	623.85	957.73	
1288700	59	590.0	653.5	516.3	653.8	378.8	1.25	4.58	0	-	34	0.56	5.5	20.8	0.0	0.0	17.41	44	1.2758	2.0484	620	623.55	957.19	
1289199	59	589.9	652.8	515.8	652.8	378.5	1.25	4.58	0	-	33	0.31	5.5	20.8	0.0	0.0	17.13	44	1.2758	2.0484	620	623.24	957.34	
1289735	59	589.9	652.2	515.3	651.8	378.5	1.44	4.58	0	-	33	0.31	5.5	20.8	0.0	0.0	17.32	44	1.2758	2.0484	620	622.94	956.88	
1290292	60	589.8	650.8	515.0	651.2	378.2	1.44	4.58	0	-	31	0.31	5.5	20.8	0.0	0.0	17.58	44	1.2758	2.0484	620	622.63	956.33	
1290795	60	589.8	649.8	514.3	649.8	378.2	1.56	4.58	0	-	29	0.31	5.5	20.8	0.0	0.0	16.71	44	1.2758	2.0484	620	622.35	955.39	
1291287	60	589.8	649.2	513.3	649.2	377.8	1.56	4.58	0	-	26	0.31	5.5	20.8	0.0	0.0	17.30	44	1.2758	2.0484	620	622.05	955.39	
1291794	60	589.8	647.8	513.5	647.8	377.8	1.75	4.58	0	-	23	0.31	5.5	20.8	0.0	0.0	15.94	44	1.2758	2.0484	620	621.74	951.80	
1292351	60	589.8	646.8	512.3	646.8	377.8	1.75	4.58	0	-	21	0.56	5.5	20.8	0.0	0.0	20.67	44	1.2758	2.0484	620	621.44	951.33	
1292867	60	589.7	645.5	511.6	645.5	377.8	1.56	4.58	0	-	18	0.31	5.5	20.8	0.0	0.0	15.84	44	1.2758	2.0484	620	621.13	949.22	
1293362	60	589.6	644.5	511.3	644.5	377.8	1.56	4.58	0	-	15	0.31	5.5	20.8	0.0	0.0	18.05	44	1.2758	2.0484	620	620.85	947.58	
1293933	60	589.4	643.5	510.6	643.5	377.5	1.56	4.58	0	-	12	0.31	5.5	20.8	0.0	0.0	19.36	44	1.2758	2.0484	620	620.55	946.80	
1295337	60	589.2	642.5	510.0	640.5	377.2	1.75	4.58	0	-	8	0.31	5.5	20.8	0.0	0.0	20.88	44	1.2758	2.0484	615	619.75	946.72	
1295893	60	588.7	639.5	508.5	639.8	377.5	1.44	4.58	0	-	7	0.31	5.5	20.8	0.0	0.0	27.98	44	1.2758	2.0484	615	619.54	944.53	
1296457	60	588.3	638.5	508.1	638.5	377.5	1.75	4.58	0	-	7	0.81	5.5	20.8	0.0	0.0	26.93	44	1.2758	2.0484	615	619.14	947.19	
1296955	60	588.0	637.5	507.5	637.5	377.2	1.75	4.58	0	-	6	0.56	5.5	20.8	0.0	0.0	26.88	44	1.2758	2.0484	615	618.83	947.34	
1297535	60	587.7	637.2	507.0	636.8	377.2	1.75	4.58	0	-	4	0.56	5.5	20.8	0.0	0.0	23.95	44	1.2758	2.0484	615	618.53	948.44	
1298176	60	587.3	636.2	506.6	636.2	377.5	1.75	4.58	0	-	3	0.56	5.5	20.8	0.0	0.0	29.60	44	1.2758	2.0484	615	618.25	945.94	
1298696	61	586.9	635.2	506.3	635.2	377.5	2.12	4.58	0	-	3	1.12	5.5	20.8	0.0	0.0	32.48	44	1.2758	2.0484	615	617.94	943.12	
1299248	61	586.3	634.5	506.1	634.5	377.5	2.62	4.58	0	-	3	2.75	5.5	20.8	0.0	0.0	44.81	44	1.2758	2.0484	615	617.55	960.16	
1299831	61	585.5	633.5	505.5	633.8	377.5	2.62	4.58	0	-	4	3.50	5.5	20.8	0.0	0.0	48.75	44	1.2758	2.0484	615	617.03	983.44	
1300430	61	584.6	633.8	505.6	633.5	377.5	2.62	4.58	0	-	6	3.50	5.5	20.8	0.0	0.0	46.48	44	1.2758	2.0484	615	616.63	995.55	
1301013	61	583.5	633.2	505.5	633.5	377.5	2.44	4.58	0	-	7	3.25	5.5	20.8	0.0	0.0	44.41	44	1.2758	2.0484	615	616.14	998.05	
1301628	60	582.3	633.8	505.6	633.8	377.8	2.25	4.58	0	-	9	3.00	5.5	20.8	0.0	0.0	39.12	44	1.2758	2.0484	615	615.44	997.11	
1302270	60	581.1	634.2	506.1	634.2	378.2	2.12	4.58	0	-	10	1.94	5.5	20.8	0.0	0.0	27.38	44	1.2758	2.0484	615	614.94	977.27	
1302869	60	580.0	635.2	506.6	635.5	378.5	1.44	4.58	0	-	10	0.56	5.5	20.8	0.0	0.0	19.17	44	1.2758	2.0484	610	614.43	958.05	
1303447	60	579.1	635.8	506.8	635.8	378.5	1.56	4.58	0	-	10	0.31	5.5	20.8	0.0	0.0	19.97	44	1.2758	2.0484	610	614.03	950.86	
1304106	60	578.2	636.8	507.3	636.8	378.2	1.56	4.58	0	-	10	0.31	5.5	20.8	0.0	0.0	22.88	44	1.2758	2.0484	610	613.63	946.95	
1304720	60	577.4	637.2	507.8	637.2	378.5	1.75	4.58	0	-	9	0.56	5.5	20.8	0.0	0.0	22.64	44	1.2758	2.0484	610	613.23	948.20	
1305356	60	576.6	638.2	508.3	637.8	378.5	1.56	4.58	0	-	8	0.31	5.5	20.8	0.0	0.0	25.97	44	1.2758	2.0484	610	612.74	946.64	
1305971	60	575.8	638.2	508.1	638.2	378.5	1.75	4.58	0	-	6	0.81	5.5	20.8	0.0	0.0	27.09	44	1.2758	2.0484	610	612.34	947.50	
1306556	60	575.1	637.8	508.3	638.2	378.8	1.75	4.58	0	-	5	0.56	5.5	20.8	0.0	0.0	20.62	44	1.2758	2.0484	610	611.94	948.36	
1307072	60	574.5	638.2	508.3	638.2	378.5	1.56	4.58	0	-	3	0.31	5.5	20.8	0.0	0.0	19.20	44	1.2758	2.0484	610	611.64	947.19	
1307663	60	573.9	637.8	508.1	637.8	378.5	1.56	4.58	0	-	1	0.31	5.5	20.8	0.0	0.0	21.80	44	1.2758	2.0484	610	611.24	945.94	
1308241	60	573.3	637.5	508.3	637.8	378.8	1.75	4.58	0	-	1	0.31	5.5	20.8	0.0	0.0	25.27	44	1.2758	2.0484	610	610.94	945.78	
1309010	60	572.6	637.5	508.1	637.2	378.8	1.75	4.58	0	-	1	0.56	5.5	20.8	0.0	0.0	28.34	44	1.2758	2.0484	610	610.44	945.08	
1309650	60	572.0	637.2	508.0	637.2	379.2	1.75	4.58	0	-	2	0.81	5.5	20.8	0.0	0.0	25.31	44	1.2758	2.0484	610	610.05	946.80	
1310238	60	571.2	636.5	507.8	636.5	378.8	1.75	4.58	0	-	4	0.56	5.5	20.8	0.0	0.0	23.79	44	1.2758	2.0484	605	609.65	947.66	
1310898	60	570.6	636.2	507.8	636.2	378.8	1.75	4.58	0	-	7	0.56	5.5	20.8	0.0	0.0	23.51	44	1.2758	2.0484	605	609.25	948.44	
1311559	60	569.9	635.5	507.5	635.8	379.5	1.44	4.58	0	-	10	0.56	5.5	20.8	0.0	0.0	14.34	44	1.2758	2.0484	605	608.85	947.97	
1312164	60	569.3	635.2	507.5	635.2	379.5	1.75	4.58	0	-	12	0.31	5.5	20.8	0.0	0.0	19.55	44	1.2758	2.0484	605	608.55	947.03	
1312791	60	568.8	635.2	507.1	634.8	379.5	1.56	4.58	0	-	15	0.31	5.5	20.8	0.0	0.0	13.88	44	1.2758	2.0484	605	608.15	947.34	
1313454	60	568.2	634.5	507.1	634.2	379.2	1.44	4.58	0	-	17	0.31	5.5	20.8	0.0	0.0	11.98	44	1.2758	2.0484	605	607.84	946.48	
1314107	60	567.6	633.8	506.8	633.5	379.5	1.25	4.58	0	-	19	0.56	5.5	20.8	0.0	0.0	12.19	44	1.2758	2.0484	605	607.44	946.64	
1314659	60	567.2	633.5	506.5	633.2	379.5	1.44	4.58	0	-	20	1.12	5.5	20.8	0.0	0.0	12.75	44	1.2758	2.0484	605	607.14	948.05	
1315246	61	566.7	633.2	506.3	633.2	379.5	0.56	4.58	0	-	21	1.38	5.5	20.8	0.0	0.0	18.52	44	1.2758	2.0484	605	606.83	954.53	
1315894	61	566.3	631.8	505.6	631.8	379.5	0.56	4.58	0	-	20	1.12	5.5	20.8	0.0	0.0	18.94	44	1.2758	2.0484	605	606.53	959.22	
1316514	61	566.0	631.2	505.5	631.2	379.8	0.38	4.58	0	-	21	1.38	5.5	20.8	0.0	0.0	18.98	44	1.2758	2.0484	605	606.25	962.03	
1317090	61	565.8	630.2	504.8	630.2	379.5	0.69	4.58	0	-	22	1.12	5.5	20.8	0.0	0.0	19.27	44	1.2758	2.0484	605	605.94	964.38	
1317690	61	565.7	629.5	504.5	629.5	379.5	1.25	4.58	0	-	24	1.12	5.5	20.8	0.0	0.0	19.59	44	1.2758	2.0484	605	605.55	967.66	
1318279	61	565.5	628.8	504.2	628.5	379.5	1.06	4.58	0	-	22	1.12	5.5	20.8	0.0	0.0	19.43	44	1.2758	2.0484	605	605.24	968.36	
1318926	62	565.4	628.2	503.8	628.2	379.2	0.69	4.58	0	-	21	1.12	5.5	20.8	0.0	0.0	19.27	44	1.2758	2.0484	605	604.94	967.42	
1319638	62	565.3	627.2	503.1	627.2	378.8	0.56	4.58	0	-	19	1.38	5.5	20.8	0.0	0.0	19.17	44	1.2758	2.0484	600	604.54	966.48	
1320234	62	565.3	626.8	502.8	626.5	378.8	0.56	4.58	0	-	18	1.12	5.5	20.8	0.0	0.0	19.15	44	1.2758	2.0484	600	604.35	965.08	
1320818	62	565.2	625.8	502.5	625.5	378.8	0.88	4.58	0	-	16	0.81	5.5	20.8	0.0	0.0	18.84	44	1.2758	2.0484	600	604.05	963.67	
1321359	62	565.2	625.5	502.1	625.5	378.5	1.06	4.58	0	-	15	0.56	5.5	20.8	0.0	0.0	18.70	44	1.2758	2.0484	600	603.74	962.11	
1321925	62	565.1	624.5	501.8	624.5	378.5	0.88	4.58	0	-	14	0.56	5.5	20.8	0.0	0.0	12.38	44	1.2758	2.0484	600	603.44	957.73	
1322457	62	565.0	624.2	501.2	623.8	378.5	1.44	4.58	0	-	13	0.31	5.5	20.8	0.0	0.0	12.87	44	1.2758	2.0484	600	603.25	953.12	
1323046	62	564.9	623.2	500.7	623.2	378.5	1.56	4.58	0	-	12	0.31	5.5	20.8	0.0	0.0	12.96	44	1.2758	2.0484	600	602.94	949.45	
1323681	62	564.7	622.5	500.5	622.5	377.8	1.56	4.58	0	-	11	0.31	5.5	20.8	0.0	0.0	17.11	44	1.2758	2.0484	600	602.64	947.97	
1324237	62	564.5	621.5	499.6	621.5	378.2	1.56	4.58	0	-	11	0.31	5.5	20.8	0.0	0.0	20.18	44	1.2758	2.0484	600	602.43	946.64	
1324772	62	564.3	620.8	499.3	620.8	377.8	1.56	4.58	0	-	9	0.56	5.5	20.8	0.0	0.0	21.98	44	1.2758	2.0484	600	602.15	946.48	
1325355	62	564.1	619.8	499.1	619.8	377.8	1.75	4.58	0	-	9	0.31	5.5	20.8	0.0	0.0	24.56	44	1.2758	2.0484	600	601.84	945.08	
1325959	62	563.7	619.5	498.6	619.2	377.8	1.75	4.58	0	-	9	0.81	5.5	20.8	0.0	0.0	23.79	44	1.2758	2.0484	600	601.54	946.72	
1326579	62	563.3	618.5	498.1	618.2	377.5	1.56	4.58	0	-	9	0.31	5.5	20.8	0.0	0.0	30.02	44	1.2758	2.0484	600	601.14	945.39	
1327135	62	562.8	617.8	498.0	617.8	377.5	1.94	4.58	0	-	9	1.12	5.5	20.8	0.0	0.0	32.11	44	1.2758	2.0484	600	600.83	947.58	
1327765	62	562.3	617.2	497.3	616.8	377.5	1.94	4.58	0	-	10	1.38	5.5	20.8	0.0	0.0	34.43	44	1.2758	2.0484	600	600.44	952.42	
1328382	62	561.6	616.5	497.0	616.5	377.5	2.12	4.58	0	-	12	1.62	5.5	20.8	0.0	0.0	35.98	44	1.2758	2.0484	600	600.04	957.42	
1328958	62	560.7	616.5	497.0	616.5	377.2	2.25	4.58	0	-	13	1.94	5.5	20.8	0.0	0.0	37.10	44	1.2758	2.0484	595	599.55	963.28	
1329646	62	559.8	616.5	497.0	616.8	377.5	2.12	4.58	0	-	14	2.19	5.5	20.8	0.0	0.0	37.55	44	1.2758	2.0484	595	599.03	969.30	
1330223	62	558.7	617.5	497.1	617.5	377.5	2.12	4.58	0	-	16	2.19	5.5	20.8	0.0	0.0	36.89	44	1.2758	2.0484	595	598.44	971.72	
1330840	61	557.6	617.5	497.5	617.8	377.2	2.12	4.58	0	-	18	1.94	5.5	20.8	0.0	0.0	34.62	44	1.2758	2.0484	595	597.83	974.53	
1331376	61	556.3	618.5	497.8	618.5	377.5	1.94	4.58	0	-	19	1.62	5.5	20.8	0.0	0.0	26.23	44	1.2758	2.0484	595	597.34	967.19	
1331913	61	555.2	619.5	498.3	619.5	377.5	1.44	4.58	0	-	19	0.81	5.5	20.8	0.0	0.0	12.75	44	1.2758	2.0484	595	596.94	956.33	
1332488	60	554.3	620.2	498.8	620.5	377.2	0.88	4.58	0	-	19	1.12	5.5	20.8	0.0	0.0	12.26	44	1.2758	2.0484	595	596.43	952.27	
1333108	60	553.4	621.2	499.3	621.5	377.2	1.06	4.58	0	-	18	1.12	5.5	20.8	0.0	0.0	12.21	44	1.2758	2.0484	595	595.94	950.31	
1333665	60	552.5	622.5	499.7	622.2	376.8	1.25	4.58	0	-	17	0.56	5.5	20.8	0.0	0.0	17.46	44	1.2758	2.0484	595	595.54	955.23	
1334253	60	551.9	622.5	499.6	622.5	377.2	0.88	4.58	0	-	16	0.56	5.5	20.8	0.0	0.0	18.35	44	1.2758	2.0484	595	595.05	957.19	
1334853	61	551.3	622.8	500.0	622.8	377.2	1.06	4.58	0	-	14	0.56	5.5	20.8	0.0	0.0	19.34	44	1.2758	2.0484	590	594.65	958.05	
1335431	61	550.8	622.8	500.0	623.2	376.5	1.56	4.58	0	-	14	0.31	5.5	20.8	0.0	0.0	11.44	44	1.2758	2.0484	590	594.25	953.36	
1336003	61	550.3	622.2	499.8	622.5	376.8	1.56	4.58	0	-	13	0.00	5.5	20.8	0.0	0.0	12.52	44	1.2758	2.0484	590	593.94	950.70	
1336587	61	549.8	622.5	499.6	622.5	376.8	1.56	4.58	0	-	13	0.31	5.5	20.8	0.0	0.0	12.59	44	1.2758	2.0484	590	593.55	948.83	
1337112	61	549.4	622.5	499.5	622.5	376.8	1.56	4.58	0	-	12	0.31	5.5	20.8	0.0	0.0	12.56	44	1.2758	2.0484	590	593.24	947.73	
1337789	61	548.9	621.5	499.0	621.5	376.5	1.56	4.58	0	-	12	0.00	5.5	20.8	0.0	0.0	15.07	44	1.2758	2.0484	590	592.84	946.64	
1338367	61	548.5	621.2	498.8	620.8	376.5	1.56	4.58	0	-	11	0.31	5.5	20.8	0.0	0.0	16.88	44	1.2758	2.0484	590	592.44	945.78	
1338885	61	548.1	620.5	498.5	620.5	376.5	1.56	4.58	0	-	11	0.31	5.5	20.8	0.0	0.0	18.35	44	1.2758	2.0484	590	592.14	945.62	
1339417	61	547.7	619.5	498.0	619.8	376.5	1.56	4.58	0	-	11	0.31	5.5	20.8	0.0	0.0	19.73	44	1.2758	2.0484	590	591.83	945.23	
1340406	61	547.0	618.2	497.3	618.5	376.2	1.56	4.58	0	-	11	0.31	5.5	20.8	0.0	0.0	17.48	44	1.2758	2.0484	590	591.25	945.47	
1340867	61	546.6	618.2	497.3	617.8	376.5	1.56	4.58	0	-	11	0.31	5.5	20.8	0.0	0.0	19.38	44	1.2758	2.0484	590	590.94	945.08	
1341335	61	546.2	617.5	496.7	616.8	376.2	1.56	4.58	0	-	10	0.31	5.5	20.8	0.0	0.0	22.95	44	1.2758	2.0484	590	590.64	944.22	
1341842	61	545.8	616.2	496.2	616.2	376.2	1.94	4.58	0	-	11	0.56	5.5	20.8	0.0	0.0	29.11	44	1.2758	2.0484	590	590.24	943.98	
1342267	62	545.3	615.8	496.3	615.5	376.2	1.94	4.58	0	-	11	1.12	5.5	20.8	0.0	0.0	32.25	44	1.2758	2.0484	590	589.94	946.02	
1342694	62	544.9	615.5	495.6	615.2	376.5	1.94	4.58	0	-	12	1.38	5.5	20.8	0.0	0.0	34.45	44	1.2758	2.0484	585	589.63	950.78	
1343101	62	544.4	615.5	495.5	614.8	375.8	2.12	4.58	0	-	12	1.38	5.5	20.8	0.0	0.0	32.34	44	1.2758	2.0484	585	589.35	953.98	
1343565	62	543.7	614.8	494.8	614.8	376.2	2.12	4.58	0	-	13	1.38	5.5	20.8	0.0	0.0	42.40	44	1.2758	2.0484	585	588.93	960.62	
1343976	62	543.1	614.2	495.3	614.2	376.2	2.12	4.58	0	-	14	2.19	5.5	20.8	0.0	0.0	31.80	44	1.2758	2.0484	585	588.53	965.08	
1344416	61	542.5	614.2	495.0	614.5	376.2	2.25	4.58	0	-	15	1.94	5.5	20.8	0.0	0.0	36.42	44	1.2758	2.0484	585	588.13	967.27	
1344862	61	541.8	613.8	495.0	614.5	376.2	2.25	4.58	0	-	16	2.19	5.5	20.8	0.0	0.0	37.88	44	1.2758	2.0484	585	587.64	969.92	
1345288	61	541.0	614.2	495.2	614.2	375.8	2.25	4.58	0	-	18	2.19	5.5	20.8	0.0	0.0	38.88	44	1.2758	2.0484	585	587.24	972.66	
1345727	61	540.2	614.5	495.3	614.8	375.5	2.25	4.58	0	-	19	2.44	5.5	20.8	0.0	0.0	37.10	44	1.2758	2.0484	585	586.63	975.94	
1346210	61	539.3	614.8	495.5	615.2	375.8	2.25	4.58	0	-	20	2.75	5.5	20.8	0.0	0.0	35.91	44	1.2758	2.0484	585	586.23	980.16	
1346688	61	538.4	615.5	495.6	615.5	375.8	2.25	4.58	0	-	21	2.44	5.5	20.8	0.0	0.0	30.82	44	1.2758	2.0484	585	585.53	982.03	
1347134	60	537.5	615.8	496.0	616.2	375.8	2.25	4.58	0	-	22	1.94	5.5	20.8	0.0	0.0	28.62	44	1.2758	2.0484	585	584.94	978.52	
1347619	60	536.6	616.8	496.1	616.8	375.5	2.25	4.58	0	-	23	2.19	5.5	20.8	0.0	0.0	27.45	44	1.2758	2.0484	580	584.43	974.38	
1348141	60	535.7	617.8	496.6	617.8	375.5	1.25	4.58	0	-	23	0.81	5.5	20.8	0.0	0.0	12.38	44	1.2758	2.0484	580	583.84	959.77	
1348605	60	535.0	618.5	497.0	618.5	375.8	1.25	4.58	0	-	23	1.12	5.5	20.8	0.0	0.0	12.73	44	1.2758	2.0484	580	583.44	954.53	
1349136	60	534.2	619.8	497.5	619.8	375.5	0.88	4.58	0	-	22	0.31	5.5	20.8	0.0	0.0	16.76	44	1.2758	2.0484	580	582.83	952.58	
1349609	60	533.6	620.2	497.8	620.2	375.5	1.44	4.58	0	-	21	0.31	5.5	20.8	0.0	0.0	17.55	44	1.2758	2.0484	580	582.44	951.41	
1350083	60	533.1	620.8	498.1	620.8	375.5	1.56	4.58	0	-	20	0.00	5.5	20.8	0.0	0.0	12.63	44	1.2758	2.0484	580	582.04	952.42	
1350611	60	532.6	621.2	498.3	621.2	375.2	1.75	4.58	0	-	20	0.31	5.5	20.8	0.0	0.0	22.48	44	1.2758	2.0484	580	581.64	950.94	
1351082	60	532.2	620.8	498.2	621.2	375.5	1.56	4.58	0	-	20	0.56	5.5	20.8	0.0	0.0	13.17	44	1.2758	2.0484	580	581.15	950.00	
1351595	60	531.7	621.2	497.8	621.2	374.8	1.44	4.58	0	-	19	0.31	5.5	20.8	0.0	0.0	15.89	44	1.2758	2.0484	580	580.75	948.36	
1352120	60	531.2	620.5	497.6	620.8	375.2	1.56	4.58	0	-	18	0.31	5.5	20.8	0.0	0.0	16.66	44	1.2758	2.0484	580	580.23	947.50	
1352604	60	530.8	620.5	497.6	620.5	374.5	1.56	4.58	0	-	18	0.31	5.5	20.8	0.0	0.0	16.52	44	1.2758	2.0484	580	579.93	946.56	
1353120	60	530.4	620.5	497.6	620.2	374.5	1.56	4.58	0	-	18	0.31	5.5	20.8	0.0	0.0	17.41	44	1.2758	2.0484	575	579.44	946.02	
1353658	60	530.0	619.8	497.1	619.8	374.5	1.56	4.58	0	-	17	0.31	5.5	20.8	0.0	0.0	18.42	44	1.2758	2.0484	575	579.04	945.78	
1354173	60	529.6	619.5	496.8	619.2	374.8	1.56	4.58	0	-	16	0.31	5.5	20.8	0.0	0.0	18.33	44	1.2758	2.0484	575	578.64	945.78	
1354652	61	529.2	618.5	496.5	618.8	374.5	1.56	4.58	0	-	15	0.31	5.5	20.8	0.0	0.0	18.77	44	1.2758	2.0484	575	578.24	945.70	
1355113	61	528.9	618.5	496.0	618.2	374.2	1.56	4.58	0	-	14	0.31	5.5	20.8	0.0	0.0	20.13	44	1.2758	2.0484	575	577.94	945.70	
1355611	61	528.5	617.8	496.0	617.5	374.2	1.56	4.58	0	-	14	0.31	5.5	20.8	0.0	0.0	20.06	44	1.2758	2.0484	575	577.54	945.94	
1356109	61	528.2	617.2	495.3	616.8	374.2	1.75	4.58	0	-	13	0.31	5.5	20.8	0.0	0.0	19.36	44	1.2758	2.0484	575	577.23	946.02	
1356673	61	527.8	616.2	495.0	616.2	373.8	1.56	4.58	0	-	13	0.31	5.5	20.8	0.0	0.0	18.96	44	1.2758	2.0484	575	576.83	945.94	
1357144	61	527.5	615.5	494.6	615.5	374.2	1.56	4.58	0	-	13	0.31	5.5	20.8	0.0	0.0	19.12	44	1.2758	2.0484	575	576.44	946.33	
1357637	61	527.1	614.8	494.3	615.2	373.2	1.56	4.58	0	-	13	0.31	5.5	20.8	0.0	0.0	19.12	44	1.2758	2.0484	575	576.04	944.38	
1358072	61	526.7	613.8	494.1	614.2	373.5	1.94	4.58	0	-	13	0.56	5.5	20.8	0.0	0.0	28.29	44	1.2758	2.0484	575	575.73	945.16	
1358550	61	526.3	613.8	493.6	613.8	373.2	1.94	4.58	0	-	13	0.81	5.5	20.8	0.0	0.0	27.89	44	1.2758	2.0484	575	575.33	946.17	
1359064	61	525.9	613.2	493.1	612.8	373.5	1.94	4.58	0	-	14	1.12	5.5	20.8	0.0	0.0	32.13	44	1.2758	2.0484	570	574.84	949.22	
1359515	61	525.4	612.5	493.0	612.5	373.2	2.12	4.58	0	-	15	1.62	5.5	20.8	0.0	0.0	37.83	44	1.2758	2.0484	570	574.54	952.34	
1360002	61	524.8	611.8	492.7	611.8	373.2	2.44	4.58	0	-	16	3.25	5.5	20.8	0.0	0.0	45.19	44	1.2758	2.0484	570	573.93	969.61	
1360492	61	524.1	612.2	492.7	611.8	373.2	2.44	4.58	0	-	18	3.81	5.5	20.8	0.0	0.0	46.92	44	1.2758	2.0484	570	573.34	986.02	
1360930	61	523.4	611.8	492.5	611.5	373.2	2.44	4.58	0	-	19	3.81	5.5	20.8	0.0	0.0	43.71	44	1.2758	2.0484	570	572.73	996.41	
1361454	61	522.7	612.2	492.3	612.2	372.5	2.62	4.58	0	-	21	3.25	5.5	20.8	0.0	0.0	39.96	44	1.2758	2.0484	570	572.03	1,000.31	
1361930	60	521.8	611.8	492.5	612.2	372.8	2.81	4.58	0	-	23	3.25	5.5	20.8	0.0	0.0	37.12	44	1.2758	2.0484	570	571.35	1,002.42	
1362437	60	520.9	612.5	492.8	612.5	372.8	2.12	4.58	0	-	24	2.19	5.5	20.8	0.0	0.0	24.12	44	1.2758	2.0484	570	570.74	997.73	
1362949	60	520.1	613.2	492.8	613.5	372.5	2.25	4.58	0	-	24	3.00	5.5	20.8	0.0	0.0	37.64	44	1.2758	2.0484	570	570.04	997.66	
1363442	60	519.4	613.5	493.1	613.5	372.8	1.94	4.58	0	-	25	2.19	5.5	20.8	0.0	0.0	27.77	44	1.2758	2.0484	565	569.33	979.14	
1363900	60	518.7	614.2	493.3	614.2	372.5	1.56	4.58	0	-	25	1.12	5.5	20.8	0.0	0.0	17.70	44	1.2758	2.0484	565	568.84	963.75	
1364413	59	518.1	614.5	493.6	614.8	372.2	1.44	4.58	0	-	25	0.56	5.5	20.8	0.0	0.0	14.95	44	1.2758	2.0484	565	568.35	954.69	
1364876	59	517.6	615.5	493.8	615.5	372.2	1.44	4.58	0	-	24	0.56	5.5	20.8	0.0	0.0	13.83	44	1.2758	2.0484	565	567.74	951.25	
1365363	59	517.0	616.2	494.1	616.2	372.5	1.25	4.58	0	-	24	0.56	5.5	20.8	0.0	0.0	12.56	44	1.2758	2.0484	565	567.25	949.30	
1365876	59	516.6	616.2	494.5	616.2	371.8	1.56	4.58	0	-	23	0.31	5.5	20.8	0.0	0.0	16.52	44	1.2758	2.0484	565	566.85	952.11	
1366346	59	516.2	616.5	494.0	616.8	371.8	1.25	4.58	0	-	22	0.31	5.5	20.8	0.0	0.0	17.34	44	1.2758	2.0484	565	566.33	953.67	
1366858	59	515.9	616.5	494.1	616.5	371.8	1.44	4.58	0	-	21	0.31	5.5	20.8	0.0	0.0	14.41	44	1.2758	2.0484	565	565.94	954.45	
1367329	59	515.7	616.5	494.0	616.5	371.5	1.44	4.58	0	-	20	0.00	5.5	20.8	0.0	0.0	18.59	44	1.2758	2.0484	565	565.54	950.55	
1367809	60	515.4	615.8	493.8	615.8	371.2	1.75	4.58	0	-	19	0.31	5.5	20.8	0.0	0.0	17.04	44	1.2758	2.0484	565	565.14	950.00	
1368304	60	515.1	615.5	493.3	615.5	371.2	1.44	4.58	0	-	18	0.31	5.5	20.8	0.0	0.0	15.05	44	1.2758	2.0484	560	564.74	948.44	
1368784	60	514.9	615.2	493.3	614.8	371.2	1.44	4.58	0	-	16	0.31	5.5	20.8	0.0	0.0	16.88	44	1.2758	2.0484	560	564.34	947.58	
1369265	60	514.6	614.5	492.8	614.5	371.2	1.56	4.58	0	-	16	0.31	5.5	20.8	0.0	0.0	17.39	44	1.2758	2.0484	560	563.94	946.72	
1369725	60	514.4	613.8	492.5	613.8	370.8	1.56	4.58	0	-	15	0.31	5.5	20.8	0.0	0.0	18.02	44	1.2758	2.0484	560	563.55	946.33	
1370251	60	514.1	613.2	492.0	613.2	370.5	1.56	4.58	0	-	15	0.31	5.5	20.8	0.0	0.0	17.77	44	1.2758	2.0484	560	563.15	946.33	
1370738	60	513.9	612.5	491.5	612.8	370.5	1.56	4.58	0	-	15	0.31	5.5	20.8	0.0	0.0	17.81	44	1.2758	2.0484	560	562.75	945.94	
1371228	60	513.7	612.2	491.2	611.8	370.5	1.56	4.58	0	-	15	0.31	5.5	20.8	0.0	0.0	18.12	44	1.2758	2.0484	560	562.44	945.86	
1371699	60	513.5	611.5	490.6	611.5	370.2	1.56	4.58	0	-	15	0.31	5.5	20.8	0.0	0.0	18.14	44	1.2758	2.0484	560	562.14	946.02	
1372228	60	513.2	610.5	490.3	610.5	370.2	1.56	4.58	0	-	16	0.31	5.5	20.8	0.0	0.0	18.40	44	1.2758	2.0484	560	561.65	946.02	
1372689	60	513.0	609.5	489.8	609.8	370.2	1.56	4.58	0	-	14	0.31	5.5	20.8	0.0	0.0	18.45	44	1.2758	2.0484	560	561.34	945.78	
1373159	60	512.8	609.2	489.5	609.5	369.8	1.56	4.58	0	-	14	0.31	5.5	20.8	0.0	0.0	18.26	44	1.2758	2.0484	560	561.04	945.78	
1373702	60	512.6	608.5	489.0	608.5	369.8	1.56	4.58	0	-	14	0.31	5.5	20.8	0.0	0.0	18.54	44	1.2758	2.0484	560	560.64	945.78	
1374155	60	512.3	607.8	488.5	607.5	369.5	1.56	4.58	0	-	14	0.31	5.5	20.8	0.0	0.0	18.40	44	1.2758	2.0484	560	560.33	945.62	
1374644	61	512.1	606.8	488.1	606.8	369.5	1.56	4.58	0	-	14	0.31	5.5	20.8	0.0	0.0	18.21	44	1.2758	2.0484	560	560.03	945.55	
1375156	61	511.9	606.2	487.6	605.8	369.5	1.56	4.58	0	-	14	0.31	5.5	20.8	0.0	0.0	18.33	44	1.2758	2.0484	555	559.63	945.62	
1375687	61	511.6	605.2	487.5	605.2	369.5	1.56	4.58	0	-	14	0.31	5.5	20.8	0.0	0.0	18.38	44	1.2758	2.0484	555	559.35	945.70	
1376213	61	511.4	604.5	487.0	604.8	369.2	1.56	4.58	0	-	13	0.31	5.5	20.8	0.0	0.0	18.61	44	1.2758	2.0484	555	559.05	945.78	
1376745	61	511.1	603.8	486.3	603.5	369.5	1.56	4.58	0	-	13	0.31	5.5	20.8	0.0	0.0	19.24	44	1.2758	2.0484	555	558.65	945.47	
1377217	61	510.9	602.8	485.8	602.8	369.2	1.56	4.58	0	-	13	0.31	5.5	20.8	0.0	0.0	19.92	44	1.2758	2.0484	555	558.34	945.55	
1377733	61	510.7	602.5	485.8	602.5	369.5	1.56	4.58	0	-	12	0.31	5.5	20.8	0.0	0.0	19.62	44	1.2758	2.0484	555	558.04	945.78	
1378175	61	510.4	601.5	485.3	601.5	369.2	1.56	4.58	0	-	12	0.31	5.5	20.8	0.0	0.0	19.45	44	1.2758	2.0484	555	557.73	945.78	
1378667	61	510.2	600.8	484.8	600.8	368.8	1.56	4.58	0	-	12	0.31	5.5	20.8	0.0	0.0	19.12	44	1.2758	2.0484	555	557.43	945.94	
1379183	61	509.9	600.2	484.5	600.5	368.8	1.56	4.58	0	-	12	0.56	5.5	20.8	0.0	0.0	19.27	44	1.2758	2.0484	555	557.15	945.62	
1379701	61	509.7	599.8	484.3	599.5	368.8	1.56	4.58	0	-	12	0.31	5.5	20.8	0.0	0.0	19.76	44	1.2758	2.0484	555	556.84	945.94	
1380232	61	509.4	599.2	483.8	598.8	368.8	1.56	4.58	0	-	12	0.31	5.5	20.8	0.0	0.0	20.02	44	1.2758	2.0484	555	556.44	945.78	
1380756	61	509.2	598.2	483.8	598.2	368.8	1.56	4.58	0	-	11	0.56	5.5	20.8	0.0	0.0	19.85	44	1.2758	2.0484	555	556.23	946.02	
1381287	61	508.9	598.2	483.3	598.2	368.5	1.56	4.58	0	-	11	0.56	5.5	20.8	0.0	0.0	19.80	44	1.2758	2.0484	555	555.93	946.09	
1381818	61	508.6	597.5	483.0	597.5	368.5	1.56	4.58	0	-	11	0.31	5.5	20.8	0.0	0.0	19.83	44	1.2758	2.0484	555	555.65	946.09	
1382338	61	508.3	596.8	482.7	596.8	368.2	1.56	4.58	0	-	12	0.31	5.5	20.8	0.0	0.0	19.83	44	1.2758	2.0484	555	555.25	946.17	
1382882	61	508.1	596.5	482.3	596.2	368.2	1.56	4.58	0	-	12	0.31	5.5	20.8	0.0	0.0	19.83	44	1.2758	2.0484	555	554.94	946.33	
1383334	61	507.9	595.8	482.0	595.5	368.2	1.56	4.58	0	-	12	0.31	5.5	20.8	0.0	0.0	19.92	44	1.2758	2.0484	550	554.73	946.17	
1383806	61	507.6	595.8	482.2	595.5	368.2	1.56	4.58	0	-	11	0.31	5.5	20.8	0.0	0.0	19.88	44	1.2758	2.0484	550	554.43	946.09	
1384317	61	507.3	595.2	481.7	595.5	367.8	1.56	4.58	0	-	11	0.31	5.5	20.8	0.0	0.0	20.11	44	1.2758	2.0484	550	554.15	946.17	
1384806	61	507.0	594.8	481.1	594.5	367.5	1.56	4.58	0	-	11	0.31	5.5	20.8	0.0	0.0	19.92	44	1.2758	2.0484	550	553.94	946.41	
1385338	61	506.8	594.2	480.8	594.2	368.2	1.75	4.58	0	-	11	0.31	5.5	20.8	0.0	0.0	20.58	44	1.2758	2.0484	550	553.54	945.94	
1385821	61	506.5	593.5	480.8	593.8	367.5	1.56	4.58	0	-	11	0.31	5.5	20.8	0.0	0.0	20.70	44	1.2758	2.0484	550	553.35	946.17	
1386297	61	506.2	593.5	480.5	593.5	367.5	1.75	4.58	0	-	11	0.31	5.5	20.8	0.0	0.0	20.48	44	1.2758	2.0484	550	553.14	946.17	
1386747	61	506.0	593.2	480.5	593.2	367.8	1.56	4.58	0	-	11	0.31	5.5	20.8	0.0	0.0	20.55	44	1.2758	2.0484	550	552.83	946.41	
1387261	61	505.7	592.8	480.5	592.8	367.5	1.56	4.58	0	-	11	0.31	5.5	20.8	0.0	0.0	20.58	44	1.2758	2.0484	550	552.53	946.41	
1387715	61	505.4	592.5	480.0	592.5	367.8	1.56	4.58	0	-	11	0.31	5.5	20.8	0.0	0.0	20.62	44	1.2758	2.0484	550	552.25	946.48	
1388237	61	505.2	592.2	479.8	591.8	367.5	1.56	4.58	0	-	10	0.56	5.5	20.8	0.0	0.0	20.67	44	1.2758	2.0484	550	552.04	946.64	
1388744	61	504.9	591.8	479.8	591.8	367.5	1.75	4.58	0	-	8	0.31	5.5	20.8	0.0	0.0	17.02	44	1.2758	2.0484	550	551.73	947.58	
1389232	61	504.6	591.2	479.6	591.5	367.5	1.44	4.58	0	-	6	0.00	5.5	20.8	0.0	0.0	16.27	44	1.2758	2.0484	550	551.55	946.56	
1389745	61	504.3	591.2	479.2	590.8	367.2	1.75	4.58	0	-	4	0.31	5.5	20.8	0.0	0.0	19.20	44	1.2758	2.0484	550	551.24	945.94	
1390276	61	504.1	591.2	479.0	591.2	367.5	1.56	4.58	0	-	2	0.31	5.5	20.8	0.0	0.0	17.44	44	1.2758	2.0484	550	551.03	945.62	
1390755	61	503.8	590.5	478.8	590.5	367.2	1.75	4.58	0	-	0	0.00	5.5	20.8	0.0	0.0	21.42	44	1.2758	2.0484	550	550.75	945.23	
1391321	61	503.6	590.2	478.8	590.2	366.8	1.56	4.58	0	-	0	0.31	5.5	20.8	0.0	0.0	25.57	44	1.2758	2.0484	550	550.44	944.69	
1391807	61	503.3	589.5	478.5	589.5	367.5	1.75	4.58	0	-	0	0.56	5.5	20.8	0.0	0.0	30.61	44	1.2758	2.0484	550	550.23	945.94	
1392352	61	502.9	589.5	478.2	589.5	367.5	1.75	4.58	0	-	0	0.81	5.5	20.8	0.0	0.0	29.04	44	1.2758	2.0484	550	549.93	947.42	
1392851	61	502.6	588.5	478.0	588.8	367.2	1.94	4.58	0	-	0	0.81	5.5	20.8	0.0	0.0	35.23	44	1.2758	2.0484	545	549.65	948.28	
1393356	61	502.3	588.5	477.8	588.5	367.2	1.94	4.58	0	-	1	0.81	5.5	20.8	0.0	0.0	36.19	44	1.2758	2.0484	545	549.34	951.41	
1393859	61	502.0	588.5	477.7	588.2	367.2	2.12	4.58	0	-	2	1.12	5.5	20.8	0.0	0.0	37.29	44	1.2758	2.0484	545	549.04	954.77	
1394354	61	501.6	587.8	477.3	587.8	367.2	1.94	4.58	0	-	3	1.12	5.5	20.8	0.0	0.0	33.70	44	1.2758	2.0484	545	548.64	957.34	
1394937	61	501.2	587.5	477.3	587.5	367.2	1.94	4.58	0	-	4	0.81	5.5	20.8	0.0	0.0	29.60	44	1.2758	2.0484	545	548.24	957.27	
1395520	61	500.7	587.5	477.0	587.5	367.2	1.75	4.58	0	-	4	0.56	5.5	20.8	0.0	0.0	25.88	44	1.2758	2.0484	545	547.94	954.92	
1396029	61	500.3	587.8	477.3	587.5	367.2	1.75	4.58	0	-	4	0.56	5.5	20.8	0.0	0.0	25.20	44	1.2758	2.0484	545	547.54	952.81	
1396609	61	499.9	587.2	477.0	587.5	367.2	1.75	4.58	0	-	3	0.56	5.5	20.8	0.0	0.0	24.61	44	1.2758	2.0484	545	547.23	951.25	
1397165	61	499.5	587.2	477.2	587.2	367.2	1.75	4.58	0	-	2	0.56	5.5	20.8	0.0	0.0	24.28	44	1.2758	2.0484	545	546.93	950.47	
1397726	61	499.1	586.8	477.2	587.2	367.5	1.75	4.58	0	-	2	0.56	5.5	20.8	0.0	0.0	24.84	44	1.2758	2.0484	545	546.53	949.53	
1398236	61	498.8	587.5	477.1	587.2	366.8	1.75	4.58	0	-	2	0.56	5.5	20.8	0.0	0.0	25.45	44	1.2758	2.0484	545	546.25	949.14	
1398799	61	498.3	587.2	477.0	586.8	367.2	1.75	4.58	0	-	2	0.56	5.5	20.8	0.0	0.0	24.52	44	1.2758	2.0484	545	545.94	949.61	
1399293	61	498.0	586.8	477.3	586.8	367.5	1.75	4.58	0	-	2	0.56	5.5	20.8	0.0	0.0	24.68	44	1.2758	2.0484	545	545.55	949.30	
1399803	61	497.7	586.8	477.2	586.8	367.2	1.75	4.58	0	-	2	0.56	5.5	20.8	0.0	0.0	24.49	44	1.2758	2.0484	545	545.24	949.30	
1400426	61	497.3	586.8	477.3	586.8	367.5	1.75	4.58	0	-	2	0.56	5.5	20.8	0.0	0.0	24.82	44	1.2758	2.0484	545	544.84	948.83	
1400949	61	496.9	586.8	477.1	586.8	367.5	1.75	4.58	0	-	2	0.56	5.5	20.8	0.0	0.0	25.03	44	1.2758	2.0484	540	544.54	948.83	
1401496	61	496.5	586.8	477.1	586.5	367.5	1.75	4.58	0	-	2	0.56	5.5	20.8	0.0	0.0	25.24	44	1.2758	2.0484	540	544.14	947.73	
1402025	61	496.1	586.8	477.1	586.5	367.5	1.94	4.58	0	-	2	0.81	5.5	20.8	0.0	0.0	30.54	44	1.2758	2.0484	540	543.83	950.55	
1402528	61	495.8	586.5	477.0	586.5	367.5	1.75	4.58	0	-	2	0.81	5.5	20.8	0.0	0.0	31.80	44	1.2758	2.0484	540	543.44	952.50	
1403040	61	495.4	586.5	477.1	586.5	367.5	1.94	4.58	0	-	2	0.81	5.5	20.8	0.0	0.0	31.90	44	1.2758	2.0484	540	543.13	954.92	
1403550	61	495.0	586.5	477.5	586.5	367.8	1.94	4.58	0	-	1	0.81	5.5	20.8	0.0	0.0	31.24	44	1.2758	2.0484	540	542.73	956.33	
1404107	61	494.6	586.5	477.3	586.5	367.8	1.75	4.58	0	-	0	0.81	5.5	20.8	0.0	0.0	28.90	44	1.2758	2.0484	540	542.43	955.70	
1404691	61	494.2	586.8	477.3	586.5	368.2	1.94	4.58	0	-	0	0.81	5.5	20.8	0.0	0.0	28.08	44	1.2758	2.0484	540	542.03	955.23	
1405221	61	493.8	586.5	477.5	586.8	368.2	1.94	4.58	0	-	0	0.31	5.5	20.8	0.0	0.0	27.45	44	1.2758	2.0484	540	541.63	954.84	
1405730	61	493.4	586.8	477.3	586.8	368.5	1.75	4.58	0	-	0	0.56	5.5	20.8	0.0	0.0	24.59	44	1.2758	2.0484	540	541.23	954.69	
1406288	61	493.1	586.5	477.3	586.5	368.5	1.56	4.58	0	-	0	0.31	5.5	20.8	0.0	0.0	23.18	44	1.2758	2.0484	540	540.93	950.86	
1406855	60	492.7	586.5	477.2	586.8	368.5	1.75	4.58	0	-	0	0.56	5.5	20.8	0.0	0.0	32.79	44	1.2758	2.0484	540	540.53	950.86	
1407409	61	492.2	586.8	477.5	586.8	368.5	1.94	4.58	0	-	1	0.81	5.5	20.8	0.0	0.0	33.40	44	1.2758	2.0484	540	540.13	952.19	
1407904	61	491.9	586.5	477.5	586.5	368.5	1.94	4.58	0	-	2	1.12	5.5	20.8	0.0	0.0	34.24	44	1.2758	2.0484	535	539.85	956.33	
1408410	61	491.5	586.5	477.8	586.8	368.5	2.12	4.58	0	-	2	1.12	5.5	20.8	0.0	0.0	27.45	44	1.2758	2.0484	535	539.43	960.16	
1408935	61	491.2	586.8	477.8	586.8	368.8	1.75	4.58	0	-	0	0.56	5.5	20.8	0.0	0.0	26.11	44	1.2758	2.0484	535	539.03	955.55	
1409500	60	490.8	586.8	477.8	587.2	368.8	1.94	4.58	0	-	0	0.56	5.5	20.8	0.0	0.0	35.23	44	1.2758	2.0484	535	538.63	952.58	
1410182	61	490.4	586.8	477.5	586.8	368.5	2.12	4.58	0	-	1	1.12	5.5	20.8	0.0	0.0	34.31	44	1.2758	2.0484	535	538.14	957.34	
1410701	61	490.0	586.8	477.8	586.8	368.8	1.94	4.58	0	-	1	0.81	5.5	20.8	0.0	0.0	31.76	44	1.2758	2.0484	535	537.83	959.61	
1411244	61	489.6	586.5	477.8	586.8	369.2	1.75	4.58	0	-	0	0.81	5.5	20.8	0.0	0.0	30.59	44	1.2758	2.0484	535	537.34	958.67	
1411800	60	489.2	586.8	477.8	586.8	369.5	1.75	4.58	0	-	0	0.81	5.5	20.8	0.0	0.0	29.11	44	1.2758	2.0484	535	537.04	956.80	
1412301	60	488.9	586.8	478.1	587.2	369.5	1.56	4.58	0	-	0	0.56	5.5	20.8	0.0	0.0	23.74	44	1.2758	2.0484	535	536.64	955.62	
1412847	60	488.5	586.8	478.2	586.5	369.5	1.56	4.58	0	-	0	0.56	5.5	20.8	0.0	0.0	21.63	44	1.2758	2.0484	535	536.24	952.34	
1413370	60	488.3	586.8	478.0	586.8	369.5	1.56	4.58	0	-	0	0.31	5.5	20.8	0.0	0.0	21.16	44	1.2758	2.0484	535	535.94	950.08	
1413891	60	488.0	586.5	478.1	586.5	369.5	1.56	4.58	0	-	0	0.31	5.5	20.8	0.0	0.0	20.13	44	1.2758	2.0484	535	535.63	948.44	
1414445	60	487.7	586.5	478.0	586.5	370.2	1.56	4.58	0	-	0	0.31	5.5	20.8	0.0	0.0	18.84	44	1.2758	2.0484	535	535.23	947.34	
1414973	60	487.5	586.2	478.3	586.2	369.8	1.56	4.58	0	-	0	0.31	5.5	20.8	0.0	0.0	18.89	44	1.2758	2.0484	535	534.93	946.56	
1415523	60	487.2	585.8	478.0	585.5	370.5	1.56	4.58	0	-	0	0.31	5.5	20.8	0.0	0.0	20.79	44	1.2758	2.0484	530	534.65	945.39	
1416101	61	487.0	585.8	478.0	585.8	369.8	1.56	4.58	0	-	0	0.31	5.5	20.8	0.0	0.0	20.23	44	1.2758	2.0484	530	534.34	945.47	
1416695	61	486.7	585.5	477.7	585.5	370.5	1.56	4.58	0	-	0	0.31	5.5	20.8	0.0	0.0	18.70	44	1.2758	2.0484	530	534.04	945.39	
1417204	61	486.5	584.8	477.6	584.8	370.2	1.56	4.58	0	-	0	0.31	5.5	20.8	0.0	0.0	18.98	44	1.2758	2.0484	530	533.73	945.16	
1417703	61	486.3	584.5	477.3	584.2	370.5	1.56	4.58	0	-	0	0.31	5.5	20.8	0.0	0.0	19.01	44	1.2758	2.0484	530	533.43	945.08	
1418283	61	486.1	583.8	477.3	583.8	370.8	1.56	4.58	0	-	0	0.31	5.5	20.8	0.0	0.0	18.91	44	1.2758	2.0484	530	533.15	945.08	
1418797	61	485.9	583.5	477.3	583.5	370.5	1.56	4.58	0	-	0	0.31	5.5	20.8	0.0	0.0	18.98	44	1.2758	2.0484	530	532.94	944.92	
